timestamp_local,elapsed_s,phase,duty_pct,mq8_v
"2026-07-30 14:11:19.325 +07:00","0.652","HOT_BASELINE_100","100","0.098386243"
"2026-07-30 14:11:20.021 +07:00","1.378","HOT_BASELINE_100","100","0.098488145"
"2026-07-30 14:11:20.724 +07:00","2.066","HOT_BASELINE_100","100","0.100393571"
"2026-07-30 14:11:21.424 +07:00","2.779","HOT_BASELINE_100","100","0.102330402"
"2026-07-30 14:11:22.124 +07:00","3.475","HOT_BASELINE_100","100","0.105669618"
"2026-07-30 14:11:22.816 +07:00","4.167","HOT_BASELINE_100","100","0.108545028"
"2026-07-30 14:11:23.507 +07:00","4.864","HOT_BASELINE_100","100","0.11260774"
"2026-07-30 14:11:24.202 +07:00","5.557","HOT_BASELINE_100","100","0.116681196"
"2026-07-30 14:11:24.881 +07:00","6.238","HOT_BASELINE_100","100","0.121471249"
"2026-07-30 14:11:25.567 +07:00","6.924","HOT_BASELINE_100","100","0.125688031"
"2026-07-30 14:11:26.265 +07:00","7.62","HOT_BASELINE_100","100","0.130797327"
"2026-07-30 14:11:26.964 +07:00","8.318","HOT_BASELINE_100","100","0.13526316"
"2026-07-30 14:11:27.634 +07:00","8.991","HOT_BASELINE_100","100","0.138863951"
"2026-07-30 14:11:28.303 +07:00","9.66","HOT_BASELINE_100","100","0.141660303"
"2026-07-30 14:11:28.985 +07:00","10.342","HOT_BASELINE_100","100","0.143958852"
"2026-07-30 14:11:29.676 +07:00","11.024","HOT_BASELINE_100","100","0.145922571"
"2026-07-30 14:11:30.359 +07:00","11.707","HOT_BASELINE_100","100","0.147339597"
"2026-07-30 14:11:31.040 +07:00","12.398","HOT_BASELINE_100","100","0.148184448"
"2026-07-30 14:11:31.721 +07:00","13.077","HOT_BASELINE_100","100","0.149004266"
"2026-07-30 14:11:32.402 +07:00","13.76","HOT_BASELINE_100","100","0.149612069"
"2026-07-30 14:11:33.094 +07:00","14.452","HOT_BASELINE_100","100","0.150176182"
"2026-07-30 14:11:33.789 +07:00","15.146","HOT_BASELINE_100","100","0.150404319"
"2026-07-30 14:11:34.477 +07:00","15.834","HOT_BASELINE_100","100","0.150561884"
"2026-07-30 14:11:35.156 +07:00","16.514","HOT_BASELINE_100","100","0.150456011"
"2026-07-30 14:11:35.842 +07:00","17.197","HOT_BASELINE_100","100","0.150359035"
"2026-07-30 14:11:36.530 +07:00","17.885","HOT_BASELINE_100","100","0.149683714"
"2026-07-30 14:11:37.211 +07:00","18.569","HOT_BASELINE_100","100","0.149248451"
"2026-07-30 14:11:37.885 +07:00","19.242","HOT_BASELINE_100","100","0.148716211"
"2026-07-30 14:11:38.561 +07:00","19.918","HOT_BASELINE_100","100","0.148260579"
"2026-07-30 14:11:39.244 +07:00","20.6","HOT_BASELINE_100","100","0.14746578"
"2026-07-30 14:11:39.926 +07:00","21.281","HOT_BASELINE_100","100","0.146662667"
"2026-07-30 14:11:40.615 +07:00","21.972","HOT_BASELINE_100","100","0.145828649"
"2026-07-30 14:11:41.306 +07:00","22.664","HOT_BASELINE_100","100","0.144606531"
"2026-07-30 14:11:41.987 +07:00","23.345","HOT_BASELINE_100","100","0.143622458"
"2026-07-30 14:11:42.688 +07:00","24.035","HOT_BASELINE_100","100","0.142556325"
"2026-07-30 14:11:43.369 +07:00","24.718","HOT_BASELINE_100","100","0.141913503"
"2026-07-30 14:11:44.048 +07:00","25.406","HOT_BASELINE_100","100","0.141069382"
"2026-07-30 14:11:44.734 +07:00","26.092","HOT_BASELINE_100","100","0.140324265"
"2026-07-30 14:11:45.409 +07:00","26.766","HOT_BASELINE_100","100","0.139300242"
"2026-07-30 14:11:46.091 +07:00","27.448","HOT_BASELINE_100","100","0.138544828"
"2026-07-30 14:11:46.767 +07:00","28.116","HOT_BASELINE_100","100","0.137744352"
"2026-07-30 14:11:47.457 +07:00","28.814","HOT_BASELINE_100","100","0.136470795"
"2026-07-30 14:11:48.147 +07:00","29.501","HOT_BASELINE_100","100","0.135758907"
"2026-07-30 14:11:48.828 +07:00","30.178","HOT_BASELINE_100","100","0.134937972"
"2026-07-30 14:11:49.525 +07:00","30.874","HOT_BASELINE_100","100","0.134224325"
"2026-07-30 14:11:50.200 +07:00","31.558","HOT_BASELINE_100","100","0.133420855"
"2026-07-30 14:11:50.889 +07:00","32.244","HOT_BASELINE_100","100","0.132658437"
"2026-07-30 14:11:51.569 +07:00","32.927","HOT_BASELINE_100","100","0.13160488"
"2026-07-30 14:11:52.254 +07:00","33.61","HOT_BASELINE_100","100","0.130649805"
"2026-07-30 14:11:52.937 +07:00","34.293","HOT_BASELINE_100","100","0.129723236"
"2026-07-30 14:11:53.638 +07:00","34.994","HOT_BASELINE_100","100","0.128487378"
"2026-07-30 14:11:54.321 +07:00","35.677","HOT_BASELINE_100","100","0.128090099"
"2026-07-30 14:11:55.002 +07:00","36.354","HOT_BASELINE_100","100","0.127417952"
"2026-07-30 14:11:55.684 +07:00","37.042","HOT_BASELINE_100","100","0.126609161"
"2026-07-30 14:11:56.371 +07:00","37.726","HOT_BASELINE_100","100","0.125738889"
"2026-07-30 14:11:57.059 +07:00","38.417","HOT_BASELINE_100","100","0.1248997"
"2026-07-30 14:11:57.737 +07:00","39.092","HOT_BASELINE_100","100","0.124059871"
"2026-07-30 14:11:58.421 +07:00","39.778","HOT_BASELINE_100","100","0.12330462"
"2026-07-30 14:11:59.105 +07:00","40.462","HOT_BASELINE_100","100","0.122759782"
"2026-07-30 14:11:59.797 +07:00","41.154","HOT_BASELINE_100","100","0.12191987"
"2026-07-30 14:12:00.491 +07:00","41.848","HOT_BASELINE_100","100","0.121555187"
"2026-07-30 14:12:01.184 +07:00","42.539","HOT_BASELINE_100","100","0.120801643"
"2026-07-30 14:12:01.856 +07:00","43.214","HOT_BASELINE_100","100","0.11987187"
"2026-07-30 14:12:02.545 +07:00","43.893","HOT_BASELINE_100","100","0.119211517"
"2026-07-30 14:12:03.217 +07:00","44.574","HOT_BASELINE_100","100","0.118698336"
"2026-07-30 14:12:03.897 +07:00","45.255","HOT_BASELINE_100","100","0.118173197"
"2026-07-30 14:12:04.586 +07:00","45.942","HOT_BASELINE_100","100","0.117561221"
"2026-07-30 14:12:05.278 +07:00","46.634","HOT_BASELINE_100","100","0.116875134"
"2026-07-30 14:12:05.970 +07:00","47.324","HOT_BASELINE_100","100","0.116306677"
"2026-07-30 14:12:06.667 +07:00","48.024","HOT_BASELINE_100","100","0.115834512"
"2026-07-30 14:12:07.347 +07:00","48.704","HOT_BASELINE_100","100","0.114991404"
"2026-07-30 14:12:08.042 +07:00","49.396","HOT_BASELINE_100","100","0.114224173"
"2026-07-30 14:12:08.724 +07:00","50.081","HOT_BASELINE_100","100","0.1136721"
"2026-07-30 14:12:09.412 +07:00","50.768","HOT_BASELINE_100","100","0.113062456"
"2026-07-30 14:12:10.113 +07:00","51.457","HOT_BASELINE_100","100","0.112379827"
"2026-07-30 14:12:10.795 +07:00","52.153","HOT_BASELINE_100","100","0.111630104"
"2026-07-30 14:12:11.473 +07:00","52.829","HOT_BASELINE_100","100","0.111040153"
"2026-07-30 14:12:12.161 +07:00","53.511","HOT_BASELINE_100","100","0.110376462"
"2026-07-30 14:12:12.849 +07:00","54.202","HOT_BASELINE_100","100","0.109604836"
"2026-07-30 14:12:13.542 +07:00","54.898","HOT_BASELINE_100","100","0.1090516"
"2026-07-30 14:12:14.220 +07:00","55.576","HOT_BASELINE_100","100","0.108881757"
"2026-07-30 14:12:14.908 +07:00","56.263","HOT_BASELINE_100","100","0.108488701"
"2026-07-30 14:12:15.608 +07:00","56.965","HOT_BASELINE_100","100","0.108132362"
"2026-07-30 14:12:16.288 +07:00","57.644","HOT_BASELINE_100","100","0.10785047"
"2026-07-30 14:12:16.971 +07:00","58.328","HOT_BASELINE_100","100","0.107303642"
"2026-07-30 14:12:17.668 +07:00","59.023","HOT_BASELINE_100","100","0.107172057"
"2026-07-30 14:12:18.349 +07:00","59.706","HOT_BASELINE_100","100","0.106678233"
"2026-07-30 14:12:19.043 +07:00","60.394","HOT_BASELINE_100","100","0.106355272"
"2026-07-30 14:12:19.724 +07:00","61.08","HOT_BASELINE_100","100","0.106030226"
"2026-07-30 14:12:20.403 +07:00","61.761","HOT_BASELINE_100","100","0.105638184"
"2026-07-30 14:12:21.070 +07:00","62.427","HOT_BASELINE_100","100","0.105014846"
"2026-07-30 14:12:21.755 +07:00","63.097","HOT_BASELINE_100","100","0.104465447"
"2026-07-30 14:12:22.447 +07:00","63.791","HOT_BASELINE_100","100","0.103880346"
"2026-07-30 14:12:23.134 +07:00","64.49","HOT_BASELINE_100","100","0.103288487"
"2026-07-30 14:12:23.817 +07:00","65.173","HOT_BASELINE_100","100","0.102856241"
"2026-07-30 14:12:24.500 +07:00","65.857","HOT_BASELINE_100","100","0.102357291"
"2026-07-30 14:12:25.187 +07:00","66.539","HOT_BASELINE_100","100","0.101899467"
"2026-07-30 14:12:25.878 +07:00","67.233","HOT_BASELINE_100","100","0.101423219"
"2026-07-30 14:12:26.568 +07:00","67.924","HOT_BASELINE_100","100","0.100925587"
"2026-07-30 14:12:27.258 +07:00","68.61","HOT_BASELINE_100","100","0.100321829"
"2026-07-30 14:12:27.937 +07:00","69.293","HOT_BASELINE_100","100","0.099985026"
"2026-07-30 14:12:28.609 +07:00","69.966","HOT_BASELINE_100","100","0.099791899"
"2026-07-30 14:12:29.275 +07:00","70.633","HOT_BASELINE_100","100","0.099521011"
"2026-07-30 14:12:29.961 +07:00","71.319","HOT_BASELINE_100","100","0.099123269"
"2026-07-30 14:12:30.646 +07:00","72.001","HOT_BASELINE_100","100","0.098703668"
"2026-07-30 14:12:31.334 +07:00","72.691","HOT_BASELINE_100","100","0.098150849"
"2026-07-30 14:12:32.021 +07:00","73.374","HOT_BASELINE_100","100","0.097689159"
"2026-07-30 14:12:32.718 +07:00","74.072","HOT_BASELINE_100","100","0.097214386"
"2026-07-30 14:12:33.401 +07:00","74.757","HOT_BASELINE_100","100","0.096921653"
"2026-07-30 14:12:34.083 +07:00","75.439","HOT_BASELINE_100","100","0.096709952"
"2026-07-30 14:12:34.767 +07:00","76.124","HOT_BASELINE_100","100","0.096411176"
"2026-07-30 14:12:35.459 +07:00","76.817","HOT_BASELINE_100","100","0.095889874"
"2026-07-30 14:12:36.147 +07:00","77.502","HOT_BASELINE_100","100","0.095407024"
"2026-07-30 14:12:36.829 +07:00","78.187","HOT_BASELINE_100","100","0.094758727"
"2026-07-30 14:12:37.509 +07:00","78.857","HOT_BASELINE_100","100","0.094532743"
"2026-07-30 14:12:38.198 +07:00","79.552","HOT_BASELINE_100","100","0.094260648"
"2026-07-30 14:12:38.888 +07:00","80.237","HOT_BASELINE_100","100","0.093929216"
"2026-07-30 14:12:39.565 +07:00","80.921","HOT_BASELINE_100","100","0.093725123"
"2026-07-30 14:12:40.259 +07:00","81.617","HOT_BASELINE_100","100","0.093158856"
"2026-07-30 14:12:40.939 +07:00","82.297","HOT_BASELINE_100","100","0.092988983"
"2026-07-30 14:12:41.629 +07:00","82.982","HOT_BASELINE_100","100","0.092481777"
"2026-07-30 14:12:42.323 +07:00","83.679","HOT_BASELINE_100","100","0.092167035"
"2026-07-30 14:12:43.000 +07:00","84.357","HOT_BASELINE_100","100","0.091914907"
"2026-07-30 14:12:43.679 +07:00","85.037","HOT_BASELINE_100","100","0.091869995"
"2026-07-30 14:12:44.369 +07:00","85.718","HOT_BASELINE_100","100","0.091413602"
"2026-07-30 14:12:45.051 +07:00","86.409","HOT_BASELINE_100","100","0.090982534"
"2026-07-30 14:12:45.738 +07:00","87.093","HOT_BASELINE_100","100","0.090759352"
"2026-07-30 14:12:46.430 +07:00","87.787","HOT_BASELINE_100","100","0.090466022"
"2026-07-30 14:12:47.117 +07:00","88.471","HOT_BASELINE_100","100","0.090370908"
"2026-07-30 14:12:47.799 +07:00","89.157","HOT_BASELINE_100","100","0.089766502"
"2026-07-30 14:12:48.485 +07:00","89.843","HOT_BASELINE_100","100","0.089587048"
"2026-07-30 14:12:49.162 +07:00","90.518","HOT_BASELINE_100","100","0.089349471"
"2026-07-30 14:12:49.844 +07:00","91.2","HOT_BASELINE_100","100","0.089143783"
"2026-07-30 14:12:50.537 +07:00","91.893","HOT_BASELINE_100","100","0.088842079"
"2026-07-30 14:12:51.219 +07:00","92.577","HOT_BASELINE_100","100","0.088538542"
"2026-07-30 14:12:51.918 +07:00","93.274","HOT_BASELINE_100","100","0.088161044"
"2026-07-30 14:12:52.612 +07:00","93.954","HOT_BASELINE_100","100","0.087898947"
"2026-07-30 14:12:53.288 +07:00","94.645","HOT_BASELINE_100","100","0.08769013"
"2026-07-30 14:12:53.975 +07:00","95.33","HOT_BASELINE_100","100","0.087259501"
"2026-07-30 14:12:54.664 +07:00","96.005","HOT_BASELINE_100","100","0.087165721"
"2026-07-30 14:12:55.356 +07:00","96.712","HOT_BASELINE_100","100","0.086965658"
"2026-07-30 14:12:56.032 +07:00","97.389","HOT_BASELINE_100","100","0.086654551"
"2026-07-30 14:12:56.713 +07:00","98.07","HOT_BASELINE_100","100","0.086289153"
"2026-07-30 14:12:57.393 +07:00","98.751","HOT_BASELINE_100","100","0.085994303"
"2026-07-30 14:12:58.083 +07:00","99.44","HOT_BASELINE_100","100","0.085835315"
"2026-07-30 14:12:58.764 +07:00","100.121","HOT_BASELINE_100","100","0.085587949"
"2026-07-30 14:12:59.445 +07:00","100.802","HOT_BASELINE_100","100","0.085361995"
"2026-07-30 14:13:00.126 +07:00","101.483","HOT_BASELINE_100","100","0.084895179"
"2026-07-30 14:13:00.823 +07:00","102.17","HOT_BASELINE_100","100","0.084807739"
"2026-07-30 14:13:01.512 +07:00","102.868","HOT_BASELINE_100","100","0.084236301"
"2026-07-30 14:13:02.203 +07:00","103.561","HOT_BASELINE_100","100","0.083612636"
"2026-07-30 14:13:02.881 +07:00","104.239","HOT_BASELINE_100","100","0.083524182"
"2026-07-30 14:13:03.554 +07:00","104.911","HOT_BASELINE_100","100","0.083521016"
"2026-07-30 14:13:04.241 +07:00","105.599","HOT_BASELINE_100","100","0.083507486"
"2026-07-30 14:13:04.930 +07:00","106.288","HOT_BASELINE_100","100","0.08299733"
"2026-07-30 14:13:05.612 +07:00","106.968","HOT_BASELINE_100","100","0.082696699"
"2026-07-30 14:13:06.309 +07:00","107.665","HOT_BASELINE_100","100","0.08239533"
"2026-07-30 14:13:06.973 +07:00","108.33","HOT_BASELINE_100","100","0.08208359"
"2026-07-30 14:13:07.676 +07:00","109.034","HOT_BASELINE_100","100","0.0815266"
"2026-07-30 14:13:08.363 +07:00","109.719","HOT_BASELINE_100","100","0.081442751"
"2026-07-30 14:13:09.038 +07:00","110.396","HOT_BASELINE_100","100","0.081423953"
"2026-07-30 14:13:09.731 +07:00","111.072","HOT_BASELINE_100","100","0.081222549"
"2026-07-30 14:13:10.415 +07:00","111.77","HOT_BASELINE_100","100","0.080606662"
"2026-07-30 14:13:11.090 +07:00","112.448","HOT_BASELINE_100","100","0.080212325"
"2026-07-30 14:13:11.785 +07:00","113.143","HOT_BASELINE_100","100","0.080057368"
"2026-07-30 14:13:12.482 +07:00","113.837","HOT_BASELINE_100","100","0.079979084"
"2026-07-30 14:13:13.173 +07:00","114.53","HOT_BASELINE_100","100","0.07977064"
"2026-07-30 14:13:13.865 +07:00","115.207","HOT_BASELINE_100","100","0.079390258"
"2026-07-30 14:13:14.541 +07:00","115.898","HOT_BASELINE_100","100","0.079478994"
"2026-07-30 14:13:15.231 +07:00","116.589","HOT_BASELINE_100","100","0.079318181"
"2026-07-30 14:13:15.903 +07:00","117.26","HOT_BASELINE_100","100","0.079128578"
"2026-07-30 14:13:16.589 +07:00","117.946","HOT_BASELINE_100","100","0.078755185"
"2026-07-30 14:13:17.269 +07:00","118.627","HOT_BASELINE_100","100","0.078674331"
"2026-07-30 14:13:17.954 +07:00","119.31","HOT_BASELINE_100","100","0.078561589"
"2026-07-30 14:13:18.631 +07:00","119.988","HOT_BASELINE_100","100","0.078586273"
"2026-07-30 14:13:19.312 +07:00","120.67","HOT_BASELINE_100","100","0.078646317"
"2026-07-30 14:13:19.991 +07:00","121.334","HOT_BASELINE_100","100","0.078653835"
"2026-07-30 14:13:20.682 +07:00","122.024","HOT_BASELINE_100","100","0.079086885"
"2026-07-30 14:13:21.366 +07:00","122.723","HOT_BASELINE_100","100","0.078972451"
"2026-07-30 14:13:22.062 +07:00","123.409","HOT_BASELINE_100","100","0.078720398"
"2026-07-30 14:13:22.751 +07:00","124.108","HOT_BASELINE_100","100","0.07880497"
"2026-07-30 14:13:23.431 +07:00","124.788","HOT_BASELINE_100","100","0.078665271"
"2026-07-30 14:13:24.120 +07:00","125.478","HOT_BASELINE_100","100","0.078614585"
"2026-07-30 14:13:24.793 +07:00","126.15","HOT_BASELINE_100","100","0.0785923"
"2026-07-30 14:13:25.472 +07:00","126.828","HOT_BASELINE_100","100","0.078406528"
"2026-07-30 14:13:26.160 +07:00","127.506","HOT_BASELINE_100","100","0.078050405"
"2026-07-30 14:13:26.846 +07:00","128.204","HOT_BASELINE_100","100","0.077781446"
"2026-07-30 14:13:27.531 +07:00","128.889","HOT_BASELINE_100","100","0.077355251"
"2026-07-30 14:13:28.230 +07:00","129.587","HOT_BASELINE_100","100","0.076939866"
"2026-07-30 14:13:28.906 +07:00","130.263","HOT_BASELINE_100","100","0.076866411"
"2026-07-30 14:13:29.600 +07:00","130.956","HOT_BASELINE_100","100","0.076289654"
"2026-07-30 14:13:30.284 +07:00","131.642","HOT_BASELINE_100","100","0.076091655"
"2026-07-30 14:13:30.981 +07:00","132.339","HOT_BASELINE_100","100","0.075881213"
"2026-07-30 14:13:31.669 +07:00","133.011","HOT_BASELINE_100","100","0.075568929"
"2026-07-30 14:13:32.359 +07:00","133.712","HOT_BASELINE_100","100","0.075490013"
"2026-07-30 14:13:33.050 +07:00","134.391","HOT_BASELINE_100","100","0.075399116"
"2026-07-30 14:13:33.734 +07:00","135.09","HOT_BASELINE_100","100","0.075286284"
"2026-07-30 14:13:34.428 +07:00","135.769","HOT_BASELINE_100","100","0.075255498"
"2026-07-30 14:13:35.118 +07:00","136.46","HOT_BASELINE_100","100","0.075574547"
"2026-07-30 14:13:35.794 +07:00","137.152","HOT_BASELINE_100","100","0.075692534"
"2026-07-30 14:13:36.474 +07:00","137.831","HOT_BASELINE_100","100","0.075934768"
"2026-07-30 14:13:37.156 +07:00","138.513","HOT_BASELINE_100","100","0.075810894"
"2026-07-30 14:13:37.845 +07:00","139.203","HOT_BASELINE_100","100","0.07568337"
"2026-07-30 14:13:38.524 +07:00","139.881","HOT_BASELINE_100","100","0.07561899"
"2026-07-30 14:13:39.208 +07:00","140.566","HOT_BASELINE_100","100","0.075553969"
"2026-07-30 14:13:39.884 +07:00","141.242","HOT_BASELINE_100","100","0.075553402"
"2026-07-30 14:13:40.585 +07:00","141.933","HOT_BASELINE_100","100","0.075481817"
"2026-07-30 14:13:41.277 +07:00","142.633","HOT_BASELINE_100","100","0.075265177"
"2026-07-30 14:13:41.968 +07:00","143.325","HOT_BASELINE_100","100","0.074801847"
"2026-07-30 14:13:42.648 +07:00","144.004","HOT_BASELINE_100","100","0.074476138"
"2026-07-30 14:13:43.319 +07:00","144.677","HOT_BASELINE_100","100","0.074240968"
"2026-07-30 14:13:43.988 +07:00","145.346","HOT_BASELINE_100","100","0.074206918"
"2026-07-30 14:13:44.694 +07:00","146.05","HOT_BASELINE_100","100","0.074079871"
"2026-07-30 14:13:45.380 +07:00","146.729","HOT_BASELINE_100","100","0.073975027"
"2026-07-30 14:13:46.072 +07:00","147.429","HOT_BASELINE_100","100","0.073946528"
"2026-07-30 14:13:46.748 +07:00","148.106","HOT_BASELINE_100","100","0.073786154"
"2026-07-30 14:13:47.423 +07:00","148.781","HOT_BASELINE_100","100","0.073733509"
"2026-07-30 14:13:48.111 +07:00","149.464","HOT_BASELINE_100","100","0.073658928"
"2026-07-30 14:13:48.787 +07:00","150.144","HOT_BASELINE_100","100","0.073627517"
"2026-07-30 14:13:49.492 +07:00","150.834","HOT_BASELINE_100","100","0.073378101"
"2026-07-30 14:13:50.178 +07:00","151.534","HOT_BASELINE_100","100","0.073206306"
"2026-07-30 14:13:50.868 +07:00","152.223","HOT_BASELINE_100","100","0.073004887"
"2026-07-30 14:13:51.558 +07:00","152.908","HOT_BASELINE_100","100","0.072900295"
"2026-07-30 14:13:52.244 +07:00","153.598","HOT_BASELINE_100","100","0.072825372"
"2026-07-30 14:13:52.935 +07:00","154.289","HOT_BASELINE_100","100","0.072498359"
"2026-07-30 14:13:53.626 +07:00","154.983","HOT_BASELINE_100","100","0.072219655"
"2026-07-30 14:13:54.305 +07:00","155.662","HOT_BASELINE_100","100","0.071817197"
"2026-07-30 14:13:54.977 +07:00","156.335","HOT_BASELINE_100","100","0.072035864"
"2026-07-30 14:13:55.665 +07:00","157.012","HOT_BASELINE_100","100","0.072541609"
"2026-07-30 14:13:56.350 +07:00","157.707","HOT_BASELINE_100","100","0.073062614"
"2026-07-30 14:13:57.030 +07:00","158.388","HOT_BASELINE_100","100","0.073271416"
"2026-07-30 14:13:57.717 +07:00","159.072","HOT_BASELINE_100","100","0.073901221"
"2026-07-30 14:13:58.394 +07:00","159.75","HOT_BASELINE_100","100","0.07444308"
"2026-07-30 14:13:59.077 +07:00","160.434","HOT_BASELINE_100","100","0.074685141"
"2026-07-30 14:13:59.753 +07:00","161.11","HOT_BASELINE_100","100","0.075378738"
"2026-07-30 14:14:00.445 +07:00","161.797","HOT_BASELINE_100","100","0.075787179"
"2026-07-30 14:14:01.135 +07:00","162.493","HOT_BASELINE_100","100","0.077019669"
"2026-07-30 14:14:01.823 +07:00","163.176","HOT_BASELINE_100","100","0.076775543"
"2026-07-30 14:14:02.514 +07:00","163.856","HOT_BASELINE_100","100","0.076483384"
"2026-07-30 14:14:03.190 +07:00","164.547","HOT_BASELINE_100","100","0.076078668"
"2026-07-30 14:14:03.909 +07:00","165.259","HOT_BASELINE_100","100","0.076251909"
"2026-07-30 14:14:04.598 +07:00","165.955","HOT_BASELINE_100","100","0.07573346"
"2026-07-30 14:14:05.274 +07:00","166.632","HOT_BASELINE_100","100","0.075873591"
"2026-07-30 14:14:05.980 +07:00","167.338","HOT_BASELINE_100","100","0.076154605"
"2026-07-30 14:14:06.655 +07:00","168.013","HOT_BASELINE_100","100","0.075976357"
"2026-07-30 14:14:07.326 +07:00","168.684","HOT_BASELINE_100","100","0.076297164"
"2026-07-30 14:14:08.033 +07:00","169.374","HOT_BASELINE_100","100","0.075406827"
"2026-07-30 14:14:08.733 +07:00","170.088","HOT_BASELINE_100","100","0.075578034"
"2026-07-30 14:14:09.409 +07:00","170.767","HOT_BASELINE_100","100","0.075623788"
"2026-07-30 14:14:10.097 +07:00","171.455","HOT_BASELINE_100","100","0.07601925"
"2026-07-30 14:14:10.776 +07:00","172.134","HOT_BASELINE_100","100","0.076301143"
"2026-07-30 14:14:11.453 +07:00","172.81","HOT_BASELINE_100","100","0.076192699"
"2026-07-30 14:14:12.138 +07:00","173.489","HOT_BASELINE_100","100","0.075495057"
"2026-07-30 14:14:12.828 +07:00","174.186","HOT_BASELINE_100","100","0.075097524"
"2026-07-30 14:14:13.514 +07:00","174.867","HOT_BASELINE_100","100","0.075055577"
"2026-07-30 14:14:14.206 +07:00","175.548","HOT_BASELINE_100","100","0.074181899"
"2026-07-30 14:14:14.897 +07:00","176.241","HOT_BASELINE_100","100","0.073744878"
"2026-07-30 14:14:15.578 +07:00","176.936","HOT_BASELINE_100","100","0.073110431"
"2026-07-30 14:14:16.258 +07:00","177.614","HOT_BASELINE_100","100","0.0730955"
"2026-07-30 14:14:16.950 +07:00","178.305","HOT_BASELINE_100","100","0.073294617"
"2026-07-30 14:14:17.626 +07:00","178.983","HOT_BASELINE_100","100","0.072994247"
"2026-07-30 14:14:18.300 +07:00","179.657","HOT_BASELINE_100","100","0.073786631"
"2026-07-30 14:14:18.988 +07:00","180.329","HOT_BASELINE_100","100","0.074012339"
"2026-07-30 14:14:20.018 +07:00","181.363","HOT_SWEEP_95","95","0.073361218"
"2026-07-30 14:14:20.711 +07:00","182.068","HOT_SWEEP_95","95","0.074159972"
"2026-07-30 14:14:21.387 +07:00","182.745","HOT_SWEEP_95","95","0.073548749"
"2026-07-30 14:14:22.074 +07:00","183.429","HOT_SWEEP_95","95","0.073799022"
"2026-07-30 14:14:22.765 +07:00","184.12","HOT_SWEEP_95","95","0.072795525"
"2026-07-30 14:14:23.456 +07:00","184.814","HOT_SWEEP_95","95","0.07070706"
"2026-07-30 14:14:24.133 +07:00","185.49","HOT_SWEEP_95","95","0.06947577"
"2026-07-30 14:14:24.818 +07:00","186.173","HOT_SWEEP_95","95","0.067478068"
"2026-07-30 14:14:25.511 +07:00","186.865","HOT_SWEEP_95","95","0.065748744"
"2026-07-30 14:14:26.196 +07:00","187.546","HOT_SWEEP_95","95","0.064388409"
"2026-07-30 14:14:26.885 +07:00","188.227","HOT_SWEEP_95","95","0.063489109"
"2026-07-30 14:14:27.565 +07:00","188.923","HOT_SWEEP_95","95","0.061318893"
"2026-07-30 14:14:28.253 +07:00","189.611","HOT_SWEEP_95","95","0.060524106"
"2026-07-30 14:14:28.927 +07:00","190.285","HOT_SWEEP_95","95","0.059144247"
"2026-07-30 14:14:29.602 +07:00","190.959","HOT_SWEEP_95","95","0.058360737"
"2026-07-30 14:14:30.292 +07:00","191.647","HOT_SWEEP_95","95","0.057208933"
"2026-07-30 14:14:30.977 +07:00","192.325","HOT_SWEEP_95","95","0.056676261"
"2026-07-30 14:14:31.666 +07:00","193.008","HOT_SWEEP_95","95","0.05547452"
"2026-07-30 14:14:32.346 +07:00","193.7","HOT_SWEEP_95","95","0.055118702"
"2026-07-30 14:14:33.034 +07:00","194.391","HOT_SWEEP_95","95","0.05383379"
"2026-07-30 14:14:33.723 +07:00","195.064","HOT_SWEEP_95","95","0.053035803"
"2026-07-30 14:14:34.408 +07:00","195.765","HOT_SWEEP_95","95","0.051739324"
"2026-07-30 14:14:35.088 +07:00","196.445","HOT_SWEEP_95","95","0.050720714"
"2026-07-30 14:14:35.760 +07:00","197.118","HOT_SWEEP_95","95","0.049664877"
"2026-07-30 14:14:36.447 +07:00","197.789","HOT_SWEEP_95","95","0.048642032"
"2026-07-30 14:14:37.122 +07:00","198.48","HOT_SWEEP_95","95","0.049123615"
"2026-07-30 14:14:37.812 +07:00","199.17","HOT_SWEEP_95","95","0.047886144"
"2026-07-30 14:14:38.499 +07:00","199.855","HOT_SWEEP_95","95","0.048374824"
"2026-07-30 14:14:39.190 +07:00","200.543","HOT_SWEEP_95","95","0.047630005"
"2026-07-30 14:14:39.881 +07:00","201.238","HOT_SWEEP_95","95","0.048366353"
"2026-07-30 14:14:40.562 +07:00","201.92","HOT_SWEEP_95","95","0.048326652"
"2026-07-30 14:14:41.227 +07:00","202.584","HOT_SWEEP_95","95","0.048779521"
"2026-07-30 14:14:41.902 +07:00","203.259","HOT_SWEEP_95","95","0.050010335"
"2026-07-30 14:14:42.578 +07:00","203.935","HOT_SWEEP_95","95","0.050010074"
"2026-07-30 14:14:43.262 +07:00","204.614","HOT_SWEEP_95","95","0.049545713"
"2026-07-30 14:14:43.939 +07:00","205.296","HOT_SWEEP_95","95","0.049541704"
"2026-07-30 14:14:44.625 +07:00","205.982","HOT_SWEEP_95","95","0.050686944"
"2026-07-30 14:14:45.306 +07:00","206.663","HOT_SWEEP_95","95","0.049859755"
"2026-07-30 14:14:45.976 +07:00","207.334","HOT_SWEEP_95","95","0.050138872"
"2026-07-30 14:14:46.668 +07:00","208.026","HOT_SWEEP_95","95","0.049625799"
"2026-07-30 14:14:47.342 +07:00","208.699","HOT_SWEEP_95","95","0.049439885"
"2026-07-30 14:14:48.026 +07:00","209.383","HOT_SWEEP_95","95","0.049669009"
"2026-07-30 14:14:48.719 +07:00","210.075","HOT_SWEEP_95","95","0.048699982"
"2026-07-30 14:14:49.396 +07:00","210.754","HOT_SWEEP_95","95","0.049075443"
"2026-07-30 14:14:50.079 +07:00","211.428","HOT_SWEEP_95","95","0.050285894"
"2026-07-30 14:14:50.756 +07:00","212.114","HOT_SWEEP_95","95","0.051098228"
"2026-07-30 14:14:51.462 +07:00","212.816","HOT_SWEEP_95","95","0.050372016"
"2026-07-30 14:14:52.139 +07:00","213.496","HOT_SWEEP_95","95","0.050518084"
"2026-07-30 14:14:52.823 +07:00","214.179","HOT_SWEEP_95","95","0.051087022"
"2026-07-30 14:14:53.500 +07:00","214.842","HOT_SWEEP_95","95","0.051136337"
"2026-07-30 14:14:54.189 +07:00","215.547","HOT_SWEEP_95","95","0.051326744"
"2026-07-30 14:14:54.861 +07:00","216.219","HOT_SWEEP_95","95","0.051780008"
"2026-07-30 14:14:55.567 +07:00","216.922","HOT_SWEEP_95","95","0.052861273"
"2026-07-30 14:14:56.257 +07:00","217.612","HOT_SWEEP_95","95","0.053145386"
"2026-07-30 14:14:56.946 +07:00","218.302","HOT_SWEEP_95","95","0.054059286"
"2026-07-30 14:14:57.631 +07:00","218.988","HOT_SWEEP_95","95","0.053743117"
"2026-07-30 14:14:58.310 +07:00","219.667","HOT_SWEEP_95","95","0.053583361"
"2026-07-30 14:14:58.998 +07:00","220.344","HOT_SWEEP_95","95","0.055312932"
"2026-07-30 14:14:59.689 +07:00","221.045","HOT_SWEEP_95","95","0.055791117"
"2026-07-30 14:15:00.364 +07:00","221.721","HOT_SWEEP_95","95","0.056857549"
"2026-07-30 14:15:01.075 +07:00","222.433","HOT_SWEEP_95","95","0.057141595"
"2026-07-30 14:15:01.763 +07:00","223.117","HOT_SWEEP_95","95","0.056934319"
"2026-07-30 14:15:02.449 +07:00","223.806","HOT_SWEEP_95","95","0.056130338"
"2026-07-30 14:15:03.139 +07:00","224.484","HOT_SWEEP_95","95","0.056797035"
"2026-07-30 14:15:03.826 +07:00","225.179","HOT_SWEEP_95","95","0.056624126"
"2026-07-30 14:15:04.501 +07:00","225.858","HOT_SWEEP_95","95","0.05622552"
"2026-07-30 14:15:05.183 +07:00","226.54","HOT_SWEEP_95","95","0.056336701"
"2026-07-30 14:15:05.871 +07:00","227.224","HOT_SWEEP_95","95","0.055376537"
"2026-07-30 14:15:06.547 +07:00","227.904","HOT_SWEEP_95","95","0.055100013"
"2026-07-30 14:15:07.233 +07:00","228.59","HOT_SWEEP_95","95","0.054793358"
"2026-07-30 14:15:07.925 +07:00","229.282","HOT_SWEEP_95","95","0.055542957"
"2026-07-30 14:15:08.619 +07:00","229.975","HOT_SWEEP_95","95","0.056151547"
"2026-07-30 14:15:09.297 +07:00","230.655","HOT_SWEEP_95","95","0.056484539"
"2026-07-30 14:15:09.987 +07:00","231.345","HOT_SWEEP_95","95","0.057032656"
"2026-07-30 14:15:10.677 +07:00","232.022","HOT_SWEEP_95","95","0.056226589"
"2026-07-30 14:15:11.371 +07:00","232.727","HOT_SWEEP_95","95","0.056605477"
"2026-07-30 14:15:12.056 +07:00","233.411","HOT_SWEEP_95","95","0.057988066"
"2026-07-30 14:15:12.738 +07:00","234.096","HOT_SWEEP_95","95","0.058766522"
"2026-07-30 14:15:13.434 +07:00","234.789","HOT_SWEEP_95","95","0.059268586"
"2026-07-30 14:15:14.109 +07:00","235.451","HOT_SWEEP_95","95","0.059904419"
"2026-07-30 14:15:14.796 +07:00","236.154","HOT_SWEEP_95","95","0.058780771"
"2026-07-30 14:15:15.489 +07:00","236.844","HOT_SWEEP_95","95","0.058667921"
"2026-07-30 14:15:16.177 +07:00","237.519","HOT_SWEEP_95","95","0.059313722"
"2026-07-30 14:15:16.853 +07:00","238.21","HOT_SWEEP_95","95","0.059171863"
"2026-07-30 14:15:17.551 +07:00","238.907","HOT_SWEEP_95","95","0.059914082"
"2026-07-30 14:15:18.246 +07:00","239.587","HOT_SWEEP_95","95","0.059968669"
"2026-07-30 14:15:18.922 +07:00","240.28","HOT_SWEEP_95","95","0.05961182"
"2026-07-30 14:15:19.598 +07:00","240.955","HOT_SWEEP_95","95","0.060048301"
"2026-07-30 14:15:20.276 +07:00","241.634","HOT_SWEEP_95","95","0.060345642"
"2026-07-30 14:15:20.957 +07:00","242.315","HOT_SWEEP_95","95","0.060339965"
"2026-07-30 14:15:21.633 +07:00","242.991","HOT_SWEEP_95","95","0.060655784"
"2026-07-30 14:15:22.328 +07:00","243.685","HOT_SWEEP_95","95","0.060117029"
"2026-07-30 14:15:23.009 +07:00","244.367","HOT_SWEEP_95","95","0.06064897"
"2026-07-30 14:15:23.687 +07:00","245.045","HOT_SWEEP_95","95","0.060097773"
"2026-07-30 14:15:24.363 +07:00","245.72","HOT_SWEEP_95","95","0.060400672"
"2026-07-30 14:15:25.036 +07:00","246.394","HOT_SWEEP_95","95","0.061387539"
"2026-07-30 14:15:25.723 +07:00","247.065","HOT_SWEEP_95","95","0.061231613"
"2026-07-30 14:15:26.414 +07:00","247.771","HOT_SWEEP_95","95","0.060636498"
"2026-07-30 14:15:27.099 +07:00","248.455","HOT_SWEEP_95","95","0.060745012"
"2026-07-30 14:15:27.792 +07:00","249.146","HOT_SWEEP_95","95","0.060583614"
"2026-07-30 14:15:28.485 +07:00","249.84","HOT_SWEEP_95","95","0.060390782"
"2026-07-30 14:15:29.174 +07:00","250.53","HOT_SWEEP_95","95","0.061590396"
"2026-07-30 14:15:29.876 +07:00","251.234","HOT_SWEEP_95","95","0.061859448"
"2026-07-30 14:15:30.566 +07:00","251.924","HOT_SWEEP_95","95","0.062246162"
"2026-07-30 14:15:31.242 +07:00","252.6","HOT_SWEEP_95","95","0.06124755"
"2026-07-30 14:15:31.930 +07:00","253.282","HOT_SWEEP_95","95","0.060994077"
"2026-07-30 14:15:32.618 +07:00","253.96","HOT_SWEEP_95","95","0.0617975"
"2026-07-30 14:15:33.307 +07:00","254.653","HOT_SWEEP_95","95","0.061357297"
"2026-07-30 14:15:33.986 +07:00","255.344","HOT_SWEEP_95","95","0.061618436"
"2026-07-30 14:15:34.685 +07:00","256.034","HOT_SWEEP_95","95","0.061520867"
"2026-07-30 14:15:35.378 +07:00","256.734","HOT_SWEEP_95","95","0.062113244"
"2026-07-30 14:15:36.070 +07:00","257.428","HOT_SWEEP_95","95","0.06216681"
"2026-07-30 14:15:36.748 +07:00","258.106","HOT_SWEEP_95","95","0.061341148"
"2026-07-30 14:15:37.431 +07:00","258.773","HOT_SWEEP_95","95","0.06120671"
"2026-07-30 14:15:38.123 +07:00","259.479","HOT_SWEEP_95","95","0.062476169"
"2026-07-30 14:15:38.798 +07:00","260.155","HOT_SWEEP_95","95","0.062284924"
"2026-07-30 14:15:39.483 +07:00","260.84","HOT_SWEEP_95","95","0.062042106"
"2026-07-30 14:15:40.164 +07:00","261.522","HOT_SWEEP_95","95","0.062449209"
"2026-07-30 14:15:40.835 +07:00","262.192","HOT_SWEEP_95","95","0.061610006"
"2026-07-30 14:15:41.519 +07:00","262.87","HOT_SWEEP_95","95","0.061555319"
"2026-07-30 14:15:42.196 +07:00","263.554","HOT_SWEEP_95","95","0.061159801"
"2026-07-30 14:15:42.886 +07:00","264.241","HOT_SWEEP_95","95","0.06149001"
"2026-07-30 14:15:43.575 +07:00","264.921","HOT_SWEEP_95","95","0.061661135"
"2026-07-30 14:15:44.262 +07:00","265.619","HOT_SWEEP_95","95","0.061382286"
"2026-07-30 14:15:44.931 +07:00","266.288","HOT_SWEEP_95","95","0.061646797"
"2026-07-30 14:15:45.611 +07:00","266.968","HOT_SWEEP_95","95","0.062427443"
"2026-07-30 14:15:46.312 +07:00","267.666","HOT_SWEEP_95","95","0.062087815"
"2026-07-30 14:15:46.991 +07:00","268.346","HOT_SWEEP_95","95","0.062431086"
"2026-07-30 14:15:47.688 +07:00","269.044","HOT_SWEEP_95","95","0.062539473"
"2026-07-30 14:15:48.378 +07:00","269.734","HOT_SWEEP_95","95","0.063543119"
"2026-07-30 14:15:49.068 +07:00","270.423","HOT_SWEEP_95","95","0.064719856"
"2026-07-30 14:15:49.753 +07:00","271.11","HOT_SWEEP_95","95","0.065021269"
"2026-07-30 14:15:50.439 +07:00","271.797","HOT_SWEEP_95","95","0.064859293"
"2026-07-30 14:15:51.139 +07:00","272.495","HOT_SWEEP_95","95","0.065296046"
"2026-07-30 14:15:51.825 +07:00","273.183","HOT_SWEEP_95","95","0.065305375"
"2026-07-30 14:15:52.515 +07:00","273.871","HOT_SWEEP_95","95","0.065172754"
"2026-07-30 14:15:53.195 +07:00","274.55","HOT_SWEEP_95","95","0.065336861"
"2026-07-30 14:15:53.878 +07:00","275.234","HOT_SWEEP_95","95","0.065423392"
"2026-07-30 14:15:54.573 +07:00","275.923","HOT_SWEEP_95","95","0.066070877"
"2026-07-30 14:15:55.267 +07:00","276.623","HOT_SWEEP_95","95","0.065372117"
"2026-07-30 14:15:55.961 +07:00","277.317","HOT_SWEEP_95","95","0.064840414"
"2026-07-30 14:15:56.653 +07:00","278.01","HOT_SWEEP_95","95","0.063906439"
"2026-07-30 14:15:57.345 +07:00","278.701","HOT_SWEEP_95","95","0.064363584"
"2026-07-30 14:15:58.032 +07:00","279.388","HOT_SWEEP_95","95","0.064442977"
"2026-07-30 14:15:58.721 +07:00","280.073","HOT_SWEEP_95","95","0.063757762"
"2026-07-30 14:15:59.407 +07:00","280.764","HOT_SWEEP_95","95","0.06297873"
"2026-07-30 14:16:00.095 +07:00","281.451","HOT_SWEEP_95","95","0.063189067"
"2026-07-30 14:16:00.795 +07:00","282.146","HOT_SWEEP_95","95","0.063886672"
"2026-07-30 14:16:01.475 +07:00","282.831","HOT_SWEEP_95","95","0.063435003"
"2026-07-30 14:16:02.165 +07:00","283.513","HOT_SWEEP_95","95","0.063857213"
"2026-07-30 14:16:02.845 +07:00","284.201","HOT_SWEEP_95","95","0.063761637"
"2026-07-30 14:16:03.539 +07:00","284.895","HOT_SWEEP_95","95","0.06463898"
"2026-07-30 14:16:04.215 +07:00","285.573","HOT_SWEEP_95","95","0.064308554"
"2026-07-30 14:16:04.895 +07:00","286.253","HOT_SWEEP_95","95","0.065123014"
"2026-07-30 14:16:05.595 +07:00","286.951","HOT_SWEEP_95","95","0.065304346"
"2026-07-30 14:16:06.295 +07:00","287.645","HOT_SWEEP_95","95","0.066216446"
"2026-07-30 14:16:06.987 +07:00","288.343","HOT_SWEEP_95","95","0.066939369"
"2026-07-30 14:16:07.679 +07:00","289.033","HOT_SWEEP_95","95","0.06693171"
"2026-07-30 14:16:08.361 +07:00","289.716","HOT_SWEEP_95","95","0.067060389"
"2026-07-30 14:16:09.063 +07:00","290.414","HOT_SWEEP_95","95","0.06746269"
"2026-07-30 14:16:09.745 +07:00","291.101","HOT_SWEEP_95","95","0.06794139"
"2026-07-30 14:16:10.428 +07:00","291.783","HOT_SWEEP_95","95","0.067251116"
"2026-07-30 14:16:11.128 +07:00","292.483","HOT_SWEEP_95","95","0.068317473"
"2026-07-30 14:16:11.836 +07:00","293.188","HOT_SWEEP_95","95","0.068128847"
"2026-07-30 14:16:12.527 +07:00","293.883","HOT_SWEEP_95","95","0.068469599"
"2026-07-30 14:16:13.233 +07:00","294.585","HOT_SWEEP_95","95","0.06758143"
"2026-07-30 14:16:13.926 +07:00","295.282","HOT_SWEEP_95","95","0.067052253"
"2026-07-30 14:16:14.632 +07:00","295.985","HOT_SWEEP_95","95","0.066841587"
"2026-07-30 14:16:15.331 +07:00","296.684","HOT_SWEEP_95","95","0.067099825"
"2026-07-30 14:16:16.023 +07:00","297.378","HOT_SWEEP_95","95","0.067274228"
"2026-07-30 14:16:16.705 +07:00","298.062","HOT_SWEEP_95","95","0.066939682"
"2026-07-30 14:16:17.405 +07:00","298.758","HOT_SWEEP_95","95","0.066723794"
"2026-07-30 14:16:18.085 +07:00","299.443","HOT_SWEEP_95","95","0.066703543"
"2026-07-30 14:16:18.771 +07:00","300.112","HOT_SWEEP_95","95","0.066566944"
"2026-07-30 14:16:19.453 +07:00","300.81","HOT_SWEEP_95","95","0.066847682"
"2026-07-30 14:16:20.129 +07:00","301.486","HOT_SWEEP_95","95","0.066780403"
"2026-07-30 14:16:20.819 +07:00","302.177","HOT_SWEEP_95","95","0.066537417"
"2026-07-30 14:16:21.494 +07:00","302.852","HOT_SWEEP_95","95","0.065953568"
"2026-07-30 14:16:22.172 +07:00","303.528","HOT_SWEEP_95","95","0.066297099"
"2026-07-30 14:16:22.853 +07:00","304.209","HOT_SWEEP_95","95","0.066258416"
"2026-07-30 14:16:23.530 +07:00","304.887","HOT_SWEEP_95","95","0.066000126"
"2026-07-30 14:16:24.217 +07:00","305.574","HOT_SWEEP_95","95","0.065984942"
"2026-07-30 14:16:24.894 +07:00","306.251","HOT_SWEEP_95","95","0.065297946"
"2026-07-30 14:16:25.584 +07:00","306.942","HOT_SWEEP_95","95","0.065722711"
"2026-07-30 14:16:26.266 +07:00","307.622","HOT_SWEEP_95","95","0.065535188"
"2026-07-30 14:16:26.949 +07:00","308.304","HOT_SWEEP_95","95","0.066845775"
"2026-07-30 14:16:27.632 +07:00","308.987","HOT_SWEEP_95","95","0.067478135"
"2026-07-30 14:16:28.311 +07:00","309.669","HOT_SWEEP_95","95","0.067157537"
"2026-07-30 14:16:28.992 +07:00","310.35","HOT_SWEEP_95","95","0.066925138"
"2026-07-30 14:16:29.671 +07:00","311.029","HOT_SWEEP_95","95","0.066327393"
"2026-07-30 14:16:30.368 +07:00","311.72","HOT_SWEEP_95","95","0.066204816"
"2026-07-30 14:16:31.054 +07:00","312.412","HOT_SWEEP_95","95","0.067480348"
"2026-07-30 14:16:31.751 +07:00","313.103","HOT_SWEEP_95","95","0.067781948"
"2026-07-30 14:16:32.428 +07:00","313.786","HOT_SWEEP_95","95","0.067082249"
"2026-07-30 14:16:33.110 +07:00","314.468","HOT_SWEEP_95","95","0.067311183"
"2026-07-30 14:16:33.799 +07:00","315.154","HOT_SWEEP_95","95","0.066538572"
"2026-07-30 14:16:34.498 +07:00","315.854","HOT_SWEEP_95","95","0.066324688"
"2026-07-30 14:16:35.183 +07:00","316.539","HOT_SWEEP_95","95","0.067509502"
"2026-07-30 14:16:35.866 +07:00","317.222","HOT_SWEEP_95","95","0.067603678"
"2026-07-30 14:16:36.562 +07:00","317.919","HOT_SWEEP_95","95","0.067456268"
"2026-07-30 14:16:37.246 +07:00","318.602","HOT_SWEEP_95","95","0.067886874"
"2026-07-30 14:16:37.929 +07:00","319.285","HOT_SWEEP_95","95","0.06716051"
"2026-07-30 14:16:38.614 +07:00","319.969","HOT_SWEEP_95","95","0.06776882"
"2026-07-30 14:16:39.312 +07:00","320.668","HOT_SWEEP_95","95","0.067470618"
"2026-07-30 14:16:39.996 +07:00","321.352","HOT_SWEEP_95","95","0.067706339"
"2026-07-30 14:16:40.679 +07:00","322.034","HOT_SWEEP_95","95","0.067943767"
"2026-07-30 14:16:41.361 +07:00","322.716","HOT_SWEEP_95","95","0.06786292"
"2026-07-30 14:16:42.063 +07:00","323.417","HOT_SWEEP_95","95","0.068370894"
"2026-07-30 14:16:42.760 +07:00","324.116","HOT_SWEEP_95","95","0.068940029"
"2026-07-30 14:16:43.444 +07:00","324.799","HOT_SWEEP_95","95","0.068889155999999993"
"2026-07-30 14:16:44.125 +07:00","325.481","HOT_SWEEP_95","95","0.06936416"
"2026-07-30 14:16:44.827 +07:00","326.183","HOT_SWEEP_95","95","0.069774725"
"2026-07-30 14:16:45.509 +07:00","326.866","HOT_SWEEP_95","95","0.068746351"
"2026-07-30 14:16:46.191 +07:00","327.547","HOT_SWEEP_95","95","0.068894222"
"2026-07-30 14:16:46.877 +07:00","328.231","HOT_SWEEP_95","95","0.068678372"
"2026-07-30 14:16:47.575 +07:00","328.931","HOT_SWEEP_95","95","0.06906341"
"2026-07-30 14:16:48.256 +07:00","329.612","HOT_SWEEP_95","95","0.068815552"
"2026-07-30 14:16:48.942 +07:00","330.296","HOT_SWEEP_95","95","0.067745164"
"2026-07-30 14:16:49.640 +07:00","330.995","HOT_SWEEP_95","95","0.067355677"
"2026-07-30 14:16:50.323 +07:00","331.679","HOT_SWEEP_95","95","0.067545876"
"2026-07-30 14:16:51.005 +07:00","332.362","HOT_SWEEP_95","95","0.067551963"
"2026-07-30 14:16:51.688 +07:00","333.043","HOT_SWEEP_95","95","0.06789507"
"2026-07-30 14:16:52.388 +07:00","333.745","HOT_SWEEP_95","95","0.068696484"
"2026-07-30 14:16:53.069 +07:00","334.426","HOT_SWEEP_95","95","0.069485858"
"2026-07-30 14:16:53.757 +07:00","335.111","HOT_SWEEP_95","95","0.069649145"
"2026-07-30 14:16:54.437 +07:00","335.793","HOT_SWEEP_95","95","0.069103628"
"2026-07-30 14:16:55.120 +07:00","336.476","HOT_SWEEP_95","95","0.069378719"
"2026-07-30 14:16:55.804 +07:00","337.16","HOT_SWEEP_95","95","0.070105746"
"2026-07-30 14:16:56.487 +07:00","337.843","HOT_SWEEP_95","95","0.069684669"
"2026-07-30 14:16:57.187 +07:00","338.543","HOT_SWEEP_95","95","0.070381418"
"2026-07-30 14:16:57.869 +07:00","339.226","HOT_SWEEP_95","95","0.070767641"
"2026-07-30 14:16:58.553 +07:00","339.909","HOT_SWEEP_95","95","0.069714367"
"2026-07-30 14:16:59.234 +07:00","340.589","HOT_SWEEP_95","95","0.068821743"
"2026-07-30 14:16:59.919 +07:00","341.274","HOT_SWEEP_95","95","0.069060951"
"2026-07-30 14:17:00.598 +07:00","341.955","HOT_SWEEP_95","95","0.06847129"
"2026-07-30 14:17:01.284 +07:00","342.64","HOT_SWEEP_95","95","0.068149887"
"2026-07-30 14:17:01.985 +07:00","343.341","HOT_SWEEP_95","95","0.06801033"
"2026-07-30 14:17:02.683 +07:00","344.039","HOT_SWEEP_95","95","0.067454524"
"2026-07-30 14:17:03.366 +07:00","344.721","HOT_SWEEP_95","95","0.067853138"
"2026-07-30 14:17:04.052 +07:00","345.407","HOT_SWEEP_95","95","0.067671515"
"2026-07-30 14:17:04.748 +07:00","346.105","HOT_SWEEP_95","95","0.067152925"
"2026-07-30 14:17:05.434 +07:00","346.788","HOT_SWEEP_95","95","0.067831323"
"2026-07-30 14:17:06.114 +07:00","347.469","HOT_SWEEP_95","95","0.068791293"
"2026-07-30 14:17:06.799 +07:00","348.155","HOT_SWEEP_95","95","0.067789271"
"2026-07-30 14:17:07.497 +07:00","348.854","HOT_SWEEP_95","95","0.068280563"
"2026-07-30 14:17:08.180 +07:00","349.536","HOT_SWEEP_95","95","0.069478229"
"2026-07-30 14:17:08.865 +07:00","350.22","HOT_SWEEP_95","95","0.069648542"
"2026-07-30 14:17:09.547 +07:00","350.902","HOT_SWEEP_95","95","0.070015468"
"2026-07-30 14:17:10.230 +07:00","351.586","HOT_SWEEP_95","95","0.069208436"
"2026-07-30 14:17:10.913 +07:00","352.269","HOT_SWEEP_95","95","0.069292948"
"2026-07-30 14:17:11.596 +07:00","352.952","HOT_SWEEP_95","95","0.068965688"
"2026-07-30 14:17:12.297 +07:00","353.651","HOT_SWEEP_95","95","0.06810537"
"2026-07-30 14:17:12.980 +07:00","354.336","HOT_SWEEP_95","95","0.067534551"
"2026-07-30 14:17:13.660 +07:00","355.016","HOT_SWEEP_95","95","0.068300948"
"2026-07-30 14:17:14.345 +07:00","355.701","HOT_SWEEP_95","95","0.067816436"
"2026-07-30 14:17:15.044 +07:00","356.4","HOT_SWEEP_95","95","0.067778856"
"2026-07-30 14:17:15.726 +07:00","357.082","HOT_SWEEP_95","95","0.06848117"
"2026-07-30 14:17:16.408 +07:00","357.764","HOT_SWEEP_95","95","0.06869252"
"2026-07-30 14:17:17.110 +07:00","358.466","HOT_SWEEP_95","95","0.069500454"
"2026-07-30 14:17:17.809 +07:00","359.166","HOT_SWEEP_95","95","0.069048904"
"2026-07-30 14:17:18.491 +07:00","359.847","HOT_SWEEP_95","95","0.068904795"
"2026-07-30 14:17:19.175 +07:00","360.531","HOT_SWEEP_95","95","0.070188984"
"2026-07-30 14:17:19.873 +07:00","361.23","HOT_SWEEP_95","95","0.0703329"
"2026-07-30 14:17:20.559 +07:00","361.915","HOT_SWEEP_95","95","0.070484295"
"2026-07-30 14:17:21.241 +07:00","362.597","HOT_SWEEP_95","95","0.070173517"
"2026-07-30 14:17:21.926 +07:00","363.282","HOT_SWEEP_95","95","0.070188411"
"2026-07-30 14:17:22.623 +07:00","363.978","HOT_SWEEP_95","95","0.069393009"
"2026-07-30 14:17:23.305 +07:00","364.661","HOT_SWEEP_95","95","0.068687044"
"2026-07-30 14:17:23.995 +07:00","365.346","HOT_SWEEP_95","95","0.068919323"
"2026-07-30 14:17:24.690 +07:00","366.045","HOT_SWEEP_95","95","0.069397509"
"2026-07-30 14:17:25.391 +07:00","366.745","HOT_SWEEP_95","95","0.069767088"
"2026-07-30 14:17:26.088 +07:00","367.445","HOT_SWEEP_95","95","0.069217667"
"2026-07-30 14:17:26.772 +07:00","368.127","HOT_SWEEP_95","95","0.069326818"
"2026-07-30 14:17:27.455 +07:00","368.81","HOT_SWEEP_95","95","0.069273226"
"2026-07-30 14:17:28.154 +07:00","369.511","HOT_SWEEP_95","95","0.070180736"
"2026-07-30 14:17:28.840 +07:00","370.194","HOT_SWEEP_95","95","0.069701746"
"2026-07-30 14:17:29.520 +07:00","370.876","HOT_SWEEP_95","95","0.069472052"
"2026-07-30 14:17:30.203 +07:00","371.56","HOT_SWEEP_95","95","0.070129618"
"2026-07-30 14:17:30.903 +07:00","372.259","HOT_SWEEP_95","95","0.069962844"
"2026-07-30 14:17:31.587 +07:00","372.943","HOT_SWEEP_95","95","0.07031019"
"2026-07-30 14:17:32.270 +07:00","373.625","HOT_SWEEP_95","95","0.070085436"
"2026-07-30 14:17:32.968 +07:00","374.324","HOT_SWEEP_95","95","0.070328936"
"2026-07-30 14:17:33.655 +07:00","375.011","HOT_SWEEP_95","95","0.070290841"
"2026-07-30 14:17:34.334 +07:00","375.691","HOT_SWEEP_95","95","0.070205137"
"2026-07-30 14:17:35.017 +07:00","376.374","HOT_SWEEP_95","95","0.070298634"
"2026-07-30 14:17:35.717 +07:00","377.073","HOT_SWEEP_95","95","0.070458256"
"2026-07-30 14:17:36.398 +07:00","377.755","HOT_SWEEP_95","95","0.07058581"
"2026-07-30 14:17:37.083 +07:00","378.44","HOT_SWEEP_95","95","0.070974864"
"2026-07-30 14:17:37.767 +07:00","379.122","HOT_SWEEP_95","95","0.071095206"
"2026-07-30 14:17:38.467 +07:00","379.822","HOT_SWEEP_95","95","0.070025735"
"2026-07-30 14:17:39.149 +07:00","380.505","HOT_SWEEP_95","95","0.070843704"
"2026-07-30 14:17:39.833 +07:00","381.188","HOT_SWEEP_95","95","0.070438497"
"2026-07-30 14:17:40.533 +07:00","381.888","HOT_SWEEP_95","95","0.070268869"
"2026-07-30 14:17:41.230 +07:00","382.587","HOT_SWEEP_95","95","0.07040076"
"2026-07-30 14:17:41.914 +07:00","383.271","HOT_SWEEP_95","95","0.069784775"
"2026-07-30 14:17:42.597 +07:00","383.953","HOT_SWEEP_95","95","0.069576725"
"2026-07-30 14:17:43.298 +07:00","384.653","HOT_SWEEP_95","95","0.069488071"
"2026-07-30 14:17:43.994 +07:00","385.351","HOT_SWEEP_95","95","0.069453873"
"2026-07-30 14:17:44.682 +07:00","386.036","HOT_SWEEP_95","95","0.069073156"
"2026-07-30 14:17:45.362 +07:00","386.717","HOT_SWEEP_95","95","0.06986738"
"2026-07-30 14:17:46.062 +07:00","387.417","HOT_SWEEP_95","95","0.070020214"
"2026-07-30 14:17:46.745 +07:00","388.1","HOT_SWEEP_95","95","0.070454374"
"2026-07-30 14:17:47.428 +07:00","388.783","HOT_SWEEP_95","95","0.070763431"
"2026-07-30 14:17:48.110 +07:00","389.466","HOT_SWEEP_95","95","0.07045988"
"2026-07-30 14:17:48.812 +07:00","390.167","HOT_SWEEP_95","95","0.070628747"
"2026-07-30 14:17:49.493 +07:00","390.85","HOT_SWEEP_95","95","0.070886113"
"2026-07-30 14:17:50.179 +07:00","391.535","HOT_SWEEP_95","95","0.07156159"
"2026-07-30 14:17:50.859 +07:00","392.214","HOT_SWEEP_95","95","0.070777468"
"2026-07-30 14:17:51.543 +07:00","392.898","HOT_SWEEP_95","95","0.070409812"
"2026-07-30 14:17:52.227 +07:00","393.582","HOT_SWEEP_95","95","0.070495717"
"2026-07-30 14:17:52.911 +07:00","394.266","HOT_SWEEP_95","95","0.070359513"
"2026-07-30 14:17:53.609 +07:00","394.965","HOT_SWEEP_95","95","0.070241779"
"2026-07-30 14:17:54.290 +07:00","395.647","HOT_SWEEP_95","95","0.070163317"
"2026-07-30 14:17:54.975 +07:00","396.331","HOT_SWEEP_95","95","0.069832005"
"2026-07-30 14:17:55.658 +07:00","397.013","HOT_SWEEP_95","95","0.070262812"
"2026-07-30 14:17:56.358 +07:00","397.715","HOT_SWEEP_95","95","0.070080772"
"2026-07-30 14:17:57.042 +07:00","398.396","HOT_SWEEP_95","95","0.069881245"
"2026-07-30 14:17:57.721 +07:00","399.077","HOT_SWEEP_95","95","0.070258677"
"2026-07-30 14:17:58.406 +07:00","399.762","HOT_SWEEP_95","95","0.070915833"
"2026-07-30 14:17:59.091 +07:00","400.446","HOT_SWEEP_95","95","0.070286982"
"2026-07-30 14:17:59.773 +07:00","401.13","HOT_SWEEP_95","95","0.070317097"
"2026-07-30 14:18:00.455 +07:00","401.811","HOT_SWEEP_95","95","0.069743045"
"2026-07-30 14:18:01.154 +07:00","402.51","HOT_SWEEP_95","95","0.069641016"
"2026-07-30 14:18:01.837 +07:00","403.193","HOT_SWEEP_95","95","0.070266098"
"2026-07-30 14:18:02.520 +07:00","403.877","HOT_SWEEP_95","95","0.070291385"
"2026-07-30 14:18:03.205 +07:00","404.561","HOT_SWEEP_95","95","0.070075087"
"2026-07-30 14:18:03.903 +07:00","405.259","HOT_SWEEP_95","95","0.069841377"
"2026-07-30 14:18:04.603 +07:00","405.958","HOT_SWEEP_95","95","0.070057273"
"2026-07-30 14:18:05.286 +07:00","406.642","HOT_SWEEP_95","95","0.06989567"
"2026-07-30 14:18:05.985 +07:00","407.341","HOT_SWEEP_95","95","0.070591308"
"2026-07-30 14:18:06.685 +07:00","408.042","HOT_SWEEP_95","95","0.069770724"
"2026-07-30 14:18:07.368 +07:00","408.724","HOT_SWEEP_95","95","0.070082575"
"2026-07-30 14:18:08.050 +07:00","409.406","HOT_SWEEP_95","95","0.070084646"
"2026-07-30 14:18:08.737 +07:00","410.091","HOT_SWEEP_95","95","0.069457278"
"2026-07-30 14:18:09.434 +07:00","410.79","HOT_SWEEP_95","95","0.068488888"
"2026-07-30 14:18:10.116 +07:00","411.472","HOT_SWEEP_95","95","0.069064945"
"2026-07-30 14:18:10.799 +07:00","412.156","HOT_SWEEP_95","95","0.068818606"
"2026-07-30 14:18:11.499 +07:00","412.854","HOT_SWEEP_95","95","0.068798281"
"2026-07-30 14:18:12.183 +07:00","413.54","HOT_SWEEP_95","95","0.069254704"
"2026-07-30 14:18:12.870 +07:00","414.224","HOT_SWEEP_95","95","0.069110811"
"2026-07-30 14:18:13.549 +07:00","414.905","HOT_SWEEP_95","95","0.069923863"
"2026-07-30 14:18:14.248 +07:00","415.604","HOT_SWEEP_95","95","0.069991544"
"2026-07-30 14:18:14.931 +07:00","416.288","HOT_SWEEP_95","95","0.070703924"
"2026-07-30 14:18:15.615 +07:00","416.969","HOT_SWEEP_95","95","0.071034625"
"2026-07-30 14:18:16.296 +07:00","417.652","HOT_SWEEP_95","95","0.070968248"
"2026-07-30 14:18:16.978 +07:00","418.335","HOT_SWEEP_95","95","0.071231022"
"2026-07-30 14:18:17.664 +07:00","419.02","HOT_SWEEP_95","95","0.071391784"
"2026-07-30 14:18:18.345 +07:00","419.702","HOT_SWEEP_95","95","0.071221992"
"2026-07-30 14:18:19.045 +07:00","420.401","HOT_SWEEP_95","95","0.070633911"
"2026-07-30 14:18:19.728 +07:00","421.083","HOT_SWEEP_95","95","0.070285268"
"2026-07-30 14:18:20.413 +07:00","421.77","HOT_SWEEP_95","95","0.069262974"
"2026-07-30 14:18:21.095 +07:00","422.45","HOT_SWEEP_95","95","0.06953977"
"2026-07-30 14:18:21.794 +07:00","423.151","HOT_SWEEP_95","95","0.068869881"
"2026-07-30 14:18:22.475 +07:00","423.83","HOT_SWEEP_95","95","0.068347871"
"2026-07-30 14:18:23.159 +07:00","424.516","HOT_SWEEP_95","95","0.068946674"
"2026-07-30 14:18:23.844 +07:00","425.199","HOT_SWEEP_95","95","0.068881884"
"2026-07-30 14:18:24.543 +07:00","425.899","HOT_SWEEP_95","95","0.06899859"
"2026-07-30 14:18:25.229 +07:00","426.586","HOT_SWEEP_95","95","0.068411797"
"2026-07-30 14:18:25.911 +07:00","427.266","HOT_SWEEP_95","95","0.068932399"
"2026-07-30 14:18:26.606 +07:00","427.963","HOT_SWEEP_95","95","0.06884598"
"2026-07-30 14:18:27.293 +07:00","428.648","HOT_SWEEP_95","95","0.069148622"
"2026-07-30 14:18:27.977 +07:00","429.331","HOT_SWEEP_95","95","0.068767823"
"2026-07-30 14:18:28.656 +07:00","430.011","HOT_SWEEP_95","95","0.068508677"
"2026-07-30 14:18:29.340 +07:00","430.696","HOT_SWEEP_95","95","0.069607541"
"2026-07-30 14:18:30.022 +07:00","431.378","HOT_SWEEP_95","95","0.070252314"
"2026-07-30 14:18:30.706 +07:00","432.063","HOT_SWEEP_95","95","0.070077613"
"2026-07-30 14:18:31.405 +07:00","432.761","HOT_SWEEP_95","95","0.07002452"
"2026-07-30 14:18:32.107 +07:00","433.462","HOT_SWEEP_95","95","0.070414796"
"2026-07-30 14:18:32.789 +07:00","434.143","HOT_SWEEP_95","95","0.069688007"
"2026-07-30 14:18:33.472 +07:00","434.828","HOT_SWEEP_95","95","0.070083171"
"2026-07-30 14:18:34.172 +07:00","435.527","HOT_SWEEP_95","95","0.070327133"
"2026-07-30 14:18:34.871 +07:00","436.227","HOT_SWEEP_95","95","0.07113871"
"2026-07-30 14:18:35.553 +07:00","436.91","HOT_SWEEP_95","95","0.071123756"
"2026-07-30 14:18:36.235 +07:00","437.591","HOT_SWEEP_95","95","0.07061141"
"2026-07-30 14:18:36.938 +07:00","438.294","HOT_SWEEP_95","95","0.070443973"
"2026-07-30 14:18:37.638 +07:00","438.993","HOT_SWEEP_95","95","0.070293188"
"2026-07-30 14:18:38.319 +07:00","439.675","HOT_SWEEP_95","95","0.07086692"
"2026-07-30 14:18:39.004 +07:00","440.357","HOT_SWEEP_95","95","0.071199462"
"2026-07-30 14:18:39.702 +07:00","441.058","HOT_SWEEP_95","95","0.071243845"
"2026-07-30 14:18:40.386 +07:00","441.743","HOT_SWEEP_95","95","0.071267135"
"2026-07-30 14:18:41.069 +07:00","442.425","HOT_SWEEP_95","95","0.071626022"
"2026-07-30 14:18:41.752 +07:00","443.107","HOT_SWEEP_95","95","0.071517721"
"2026-07-30 14:18:42.452 +07:00","443.808","HOT_SWEEP_95","95","0.07157702"
"2026-07-30 14:18:43.134 +07:00","444.489","HOT_SWEEP_95","95","0.072237946"
"2026-07-30 14:18:43.819 +07:00","445.17","HOT_SWEEP_95","95","0.072099134"
"2026-07-30 14:18:44.512 +07:00","445.87","HOT_SWEEP_95","95","0.071990587"
"2026-07-30 14:18:45.190 +07:00","446.548","HOT_SWEEP_95","95","0.071993038"
"2026-07-30 14:18:45.876 +07:00","447.234","HOT_SWEEP_95","95","0.072251543"
"2026-07-30 14:18:46.575 +07:00","447.932","HOT_SWEEP_95","95","0.072254412"
"2026-07-30 14:18:47.254 +07:00","448.611","HOT_SWEEP_95","95","0.072161809"
"2026-07-30 14:18:47.941 +07:00","449.296","HOT_SWEEP_95","95","0.072535694"
"2026-07-30 14:18:48.618 +07:00","449.976","HOT_SWEEP_95","95","0.072371714"
"2026-07-30 14:18:49.294 +07:00","450.652","HOT_SWEEP_95","95","0.072509222"
"2026-07-30 14:18:49.977 +07:00","451.335","HOT_SWEEP_95","95","0.071624741"
"2026-07-30 14:18:50.656 +07:00","452.013","HOT_SWEEP_95","95","0.070981003"
"2026-07-30 14:18:51.350 +07:00","452.707","HOT_SWEEP_95","95","0.071225986"
"2026-07-30 14:18:52.042 +07:00","453.399","HOT_SWEEP_95","95","0.070833549"
"2026-07-30 14:18:52.725 +07:00","454.083","HOT_SWEEP_95","95","0.070062779"
"2026-07-30 14:18:53.414 +07:00","454.769","HOT_SWEEP_95","95","0.070756152"
"2026-07-30 14:18:54.089 +07:00","455.446","HOT_SWEEP_95","95","0.070666067"
"2026-07-30 14:18:54.782 +07:00","456.136","HOT_SWEEP_95","95","0.069944754"
"2026-07-30 14:18:55.483 +07:00","456.839","HOT_SWEEP_95","95","0.070128724"
"2026-07-30 14:18:56.175 +07:00","457.531","HOT_SWEEP_95","95","0.070501111"
"2026-07-30 14:18:56.869 +07:00","458.226","HOT_SWEEP_95","95","0.070447586"
"2026-07-30 14:18:57.551 +07:00","458.909","HOT_SWEEP_95","95","0.071294434"
"2026-07-30 14:18:58.247 +07:00","459.602","HOT_SWEEP_95","95","0.070683822"
"2026-07-30 14:18:58.924 +07:00","460.281","HOT_SWEEP_95","95","0.070825532"
"2026-07-30 14:18:59.628 +07:00","460.983","HOT_SWEEP_95","95","0.070611581"
"2026-07-30 14:19:00.325 +07:00","461.681","HOT_SWEEP_95","95","0.070634782"
"2026-07-30 14:19:01.010 +07:00","462.366","HOT_SWEEP_95","95","0.071246095"
"2026-07-30 14:19:01.692 +07:00","463.048","HOT_SWEEP_95","95","0.071106032"
"2026-07-30 14:19:02.393 +07:00","463.748","HOT_SWEEP_95","95","0.07045912"
"2026-07-30 14:19:03.092 +07:00","464.448","HOT_SWEEP_95","95","0.070591927"
"2026-07-30 14:19:03.773 +07:00","465.13","HOT_SWEEP_95","95","0.071263798"
"2026-07-30 14:19:04.457 +07:00","465.812","HOT_SWEEP_95","95","0.07140062"
"2026-07-30 14:19:05.156 +07:00","466.512","HOT_SWEEP_95","95","0.072877847"
"2026-07-30 14:19:05.840 +07:00","467.195","HOT_SWEEP_95","95","0.07449387"
"2026-07-30 14:19:06.521 +07:00","467.878","HOT_SWEEP_95","95","0.07678096"
"2026-07-30 14:19:07.206 +07:00","468.562","HOT_SWEEP_95","95","0.078554392"
"2026-07-30 14:19:07.904 +07:00","469.26","HOT_SWEEP_95","95","0.079355925"
"2026-07-30 14:19:08.587 +07:00","469.943","HOT_SWEEP_95","95","0.080086432"
"2026-07-30 14:19:09.273 +07:00","470.627","HOT_SWEEP_95","95","0.080257542"
"2026-07-30 14:19:09.956 +07:00","471.311","HOT_SWEEP_95","95","0.080907896"
"2026-07-30 14:19:10.653 +07:00","472.008","HOT_SWEEP_95","95","0.080742158"
"2026-07-30 14:19:11.337 +07:00","472.693","HOT_SWEEP_95","95","0.080356918"
"2026-07-30 14:19:12.018 +07:00","473.374","HOT_SWEEP_95","95","0.079622798"
"2026-07-30 14:19:12.719 +07:00","474.075","HOT_SWEEP_95","95","0.078612775"
"2026-07-30 14:19:13.419 +07:00","474.774","HOT_SWEEP_95","95","0.076843955"
"2026-07-30 14:19:14.103 +07:00","475.46","HOT_SWEEP_95","95","0.074912086"
"2026-07-30 14:19:14.786 +07:00","476.141","HOT_SWEEP_95","95","0.073958032"
"2026-07-30 14:19:15.470 +07:00","476.825","HOT_SWEEP_95","95","0.073356204"
"2026-07-30 14:19:16.169 +07:00","477.525","HOT_SWEEP_95","95","0.07382524"
"2026-07-30 14:19:16.850 +07:00","478.206","HOT_SWEEP_95","95","0.073544092"
"2026-07-30 14:19:17.535 +07:00","478.891","HOT_SWEEP_95","95","0.073193669"
"2026-07-30 14:19:18.235 +07:00","479.591","HOT_SWEEP_95","95","0.073057473"
"2026-07-30 14:19:18.936 +07:00","480.291","HOT_SWEEP_95","95","0.073076643"
"2026-07-30 14:19:19.617 +07:00","480.973","HOT_SWEEP_95","95","0.072198153"
"2026-07-30 14:19:20.644 +07:00","482.002","HOT_SWEEP_90","90","0.073156491"
"2026-07-30 14:19:21.330 +07:00","482.688","HOT_SWEEP_90","90","0.073194928"
"2026-07-30 14:19:22.019 +07:00","483.375","HOT_SWEEP_90","90","0.073194541"
"2026-07-30 14:19:22.715 +07:00","484.07","HOT_SWEEP_90","90","0.071700156"
"2026-07-30 14:19:23.401 +07:00","484.757","HOT_SWEEP_90","90","0.070534021"
"2026-07-30 14:19:24.073 +07:00","485.43","HOT_SWEEP_90","90","0.070196152"
"2026-07-30 14:19:24.764 +07:00","486.12","HOT_SWEEP_90","90","0.068869673"
"2026-07-30 14:19:25.437 +07:00","486.794","HOT_SWEEP_90","90","0.068054579"
"2026-07-30 14:19:26.130 +07:00","487.476","HOT_SWEEP_90","90","0.067332782"
"2026-07-30 14:19:26.826 +07:00","488.176","HOT_SWEEP_90","90","0.065173142"
"2026-07-30 14:19:27.499 +07:00","488.856","HOT_SWEEP_90","90","0.063897595"
"2026-07-30 14:19:28.177 +07:00","489.524","HOT_SWEEP_90","90","0.061248384"
"2026-07-30 14:19:28.866 +07:00","490.223","HOT_SWEEP_90","90","0.059175722"
"2026-07-30 14:19:29.548 +07:00","490.906","HOT_SWEEP_90","90","0.0591482"
"2026-07-30 14:19:30.230 +07:00","491.588","HOT_SWEEP_90","90","0.057568111"
"2026-07-30 14:19:30.911 +07:00","492.269","HOT_SWEEP_90","90","0.055977441"
"2026-07-30 14:19:31.593 +07:00","492.951","HOT_SWEEP_90","90","0.055764835"
"2026-07-30 14:19:32.276 +07:00","493.633","HOT_SWEEP_90","90","0.054964941"
"2026-07-30 14:19:32.966 +07:00","494.319","HOT_SWEEP_90","90","0.054293118"
"2026-07-30 14:19:33.643 +07:00","495","HOT_SWEEP_90","90","0.053283077"
"2026-07-30 14:19:34.355 +07:00","495.713","HOT_SWEEP_90","90","0.051654041"
"2026-07-30 14:19:35.042 +07:00","496.399","HOT_SWEEP_90","90","0.052224733"
"2026-07-30 14:19:35.713 +07:00","497.071","HOT_SWEEP_90","90","0.051701017"
"2026-07-30 14:19:36.392 +07:00","497.749","HOT_SWEEP_90","90","0.05180829"
"2026-07-30 14:19:37.066 +07:00","498.423","HOT_SWEEP_90","90","0.052094169"
"2026-07-30 14:19:37.758 +07:00","499.113","HOT_SWEEP_90","90","0.052205633"
"2026-07-30 14:19:38.431 +07:00","499.789","HOT_SWEEP_90","90","0.052013654"
"2026-07-30 14:19:39.118 +07:00","500.475","HOT_SWEEP_90","90","0.051159523"
"2026-07-30 14:19:39.797 +07:00","501.154","HOT_SWEEP_90","90","0.051048111"
"2026-07-30 14:19:40.473 +07:00","501.829","HOT_SWEEP_90","90","0.051721942"
"2026-07-30 14:19:41.158 +07:00","502.515","HOT_SWEEP_90","90","0.051949281"
"2026-07-30 14:19:41.845 +07:00","503.203","HOT_SWEEP_90","90","0.050907474"
"2026-07-30 14:19:42.540 +07:00","503.895","HOT_SWEEP_90","90","0.052856904"
"2026-07-30 14:19:43.223 +07:00","504.579","HOT_SWEEP_90","90","0.051715206"
"2026-07-30 14:19:43.916 +07:00","505.269","HOT_SWEEP_90","90","0.051321328"
"2026-07-30 14:19:44.605 +07:00","505.96","HOT_SWEEP_90","90","0.051766206"
"2026-07-30 14:19:45.289 +07:00","506.636","HOT_SWEEP_90","90","0.051839568"
"2026-07-30 14:19:45.968 +07:00","507.326","HOT_SWEEP_90","90","0.052457999"
"2026-07-30 14:19:46.670 +07:00","508.026","HOT_SWEEP_90","90","0.053546291"
"2026-07-30 14:19:47.363 +07:00","508.718","HOT_SWEEP_90","90","0.053677998"
"2026-07-30 14:19:48.050 +07:00","509.406","HOT_SWEEP_90","90","0.054292776"
"2026-07-30 14:19:48.728 +07:00","510.086","HOT_SWEEP_90","90","0.05459277"
"2026-07-30 14:19:49.418 +07:00","510.773","HOT_SWEEP_90","90","0.054724317"
"2026-07-30 14:19:50.100 +07:00","511.456","HOT_SWEEP_90","90","0.055053484"
"2026-07-30 14:19:50.778 +07:00","512.136","HOT_SWEEP_90","90","0.055926748"
"2026-07-30 14:19:51.461 +07:00","512.816","HOT_SWEEP_90","90","0.056235243"
"2026-07-30 14:19:52.149 +07:00","513.505","HOT_SWEEP_90","90","0.056420077"
"2026-07-30 14:19:52.837 +07:00","514.193","HOT_SWEEP_90","90","0.055480193"
"2026-07-30 14:19:53.530 +07:00","514.886","HOT_SWEEP_90","90","0.055971134"
"2026-07-30 14:19:54.214 +07:00","515.572","HOT_SWEEP_90","90","0.056840878"
"2026-07-30 14:19:54.898 +07:00","516.254","HOT_SWEEP_90","90","0.056815706"
"2026-07-30 14:19:55.587 +07:00","516.943","HOT_SWEEP_90","90","0.058181882"
"2026-07-30 14:19:56.258 +07:00","517.616","HOT_SWEEP_90","90","0.058326937"
"2026-07-30 14:19:56.952 +07:00","518.304","HOT_SWEEP_90","90","0.058251061"
"2026-07-30 14:19:57.660 +07:00","519.016","HOT_SWEEP_90","90","0.058614898"
"2026-07-30 14:19:58.356 +07:00","519.709","HOT_SWEEP_90","90","0.059388489"
"2026-07-30 14:19:59.046 +07:00","520.402","HOT_SWEEP_90","90","0.059740521"
"2026-07-30 14:19:59.723 +07:00","521.081","HOT_SWEEP_90","90","0.060423333"
"2026-07-30 14:20:00.404 +07:00","521.761","HOT_SWEEP_90","90","0.06021332"
"2026-07-30 14:20:01.097 +07:00","522.452","HOT_SWEEP_90","90","0.060799371"
"2026-07-30 14:20:01.792 +07:00","523.149","HOT_SWEEP_90","90","0.06148731"
"2026-07-30 14:20:02.481 +07:00","523.839","HOT_SWEEP_90","90","0.062186878"
"2026-07-30 14:20:03.159 +07:00","524.509","HOT_SWEEP_90","90","0.062094666"
"2026-07-30 14:20:03.857 +07:00","525.209","HOT_SWEEP_90","90","0.062980801"
"2026-07-30 14:20:04.552 +07:00","525.908","HOT_SWEEP_90","90","0.063152999"
"2026-07-30 14:20:05.243 +07:00","526.6","HOT_SWEEP_90","90","0.062647834"
"2026-07-30 14:20:05.932 +07:00","527.289","HOT_SWEEP_90","90","0.063008592"
"2026-07-30 14:20:06.615 +07:00","527.969","HOT_SWEEP_90","90","0.064564109"
"2026-07-30 14:20:07.302 +07:00","528.659","HOT_SWEEP_90","90","0.064131424"
"2026-07-30 14:20:07.984 +07:00","529.339","HOT_SWEEP_90","90","0.063159339"
"2026-07-30 14:20:08.672 +07:00","530.029","HOT_SWEEP_90","90","0.06362614"
"2026-07-30 14:20:09.359 +07:00","530.716","HOT_SWEEP_90","90","0.063629396"
"2026-07-30 14:20:10.052 +07:00","531.402","HOT_SWEEP_90","90","0.063604727"
"2026-07-30 14:20:10.741 +07:00","532.089","HOT_SWEEP_90","90","0.063963495"
"2026-07-30 14:20:11.423 +07:00","532.772","HOT_SWEEP_90","90","0.064197041"
"2026-07-30 14:20:12.113 +07:00","533.47","HOT_SWEEP_90","90","0.064844169"
"2026-07-30 14:20:12.794 +07:00","534.152","HOT_SWEEP_90","90","0.065183774"
"2026-07-30 14:20:13.485 +07:00","534.836","HOT_SWEEP_90","90","0.065659598"
"2026-07-30 14:20:14.172 +07:00","535.53","HOT_SWEEP_90","90","0.06651552"
"2026-07-30 14:20:14.840 +07:00","536.197","HOT_SWEEP_90","90","0.066521451"
"2026-07-30 14:20:15.507 +07:00","536.864","HOT_SWEEP_90","90","0.06746193"
"2026-07-30 14:20:16.196 +07:00","537.543","HOT_SWEEP_90","90","0.067729525"
"2026-07-30 14:20:16.881 +07:00","538.238","HOT_SWEEP_90","90","0.067432508"
"2026-07-30 14:20:17.568 +07:00","538.926","HOT_SWEEP_90","90","0.067618355"
"2026-07-30 14:20:18.259 +07:00","539.617","HOT_SWEEP_90","90","0.068530306"
"2026-07-30 14:20:18.935 +07:00","540.293","HOT_SWEEP_90","90","0.068555832"
"2026-07-30 14:20:19.613 +07:00","540.967","HOT_SWEEP_90","90","0.068857267"
"2026-07-30 14:20:20.288 +07:00","541.645","HOT_SWEEP_90","90","0.068714559"
"2026-07-30 14:20:20.969 +07:00","542.326","HOT_SWEEP_90","90","0.067879029"
"2026-07-30 14:20:21.657 +07:00","543.014","HOT_SWEEP_90","90","0.069342032"
"2026-07-30 14:20:22.359 +07:00","543.714","HOT_SWEEP_90","90","0.068776459"
"2026-07-30 14:20:23.048 +07:00","544.405","HOT_SWEEP_90","90","0.068298064"
"2026-07-30 14:20:23.726 +07:00","545.084","HOT_SWEEP_90","90","0.068624653"
"2026-07-30 14:20:24.419 +07:00","545.777","HOT_SWEEP_90","90","0.068837851"
"2026-07-30 14:20:25.101 +07:00","546.452","HOT_SWEEP_90","90","0.067921564"
"2026-07-30 14:20:25.775 +07:00","547.133","HOT_SWEEP_90","90","0.067998886"
"2026-07-30 14:20:26.457 +07:00","547.815","HOT_SWEEP_90","90","0.068086989"
"2026-07-30 14:20:27.150 +07:00","548.506","HOT_SWEEP_90","90","0.067549214"
"2026-07-30 14:20:27.835 +07:00","549.19","HOT_SWEEP_90","90","0.06784644"
"2026-07-30 14:20:28.516 +07:00","549.872","HOT_SWEEP_90","90","0.06763567"
"2026-07-30 14:20:29.216 +07:00","550.573","HOT_SWEEP_90","90","0.067861781"
"2026-07-30 14:20:29.896 +07:00","551.252","HOT_SWEEP_90","90","0.068555966"
"2026-07-30 14:20:30.581 +07:00","551.937","HOT_SWEEP_90","90","0.069179699"
"2026-07-30 14:20:31.279 +07:00","552.635","HOT_SWEEP_90","90","0.06939242"
"2026-07-30 14:20:31.966 +07:00","553.322","HOT_SWEEP_90","90","0.069699273"
"2026-07-30 14:20:32.648 +07:00","554.004","HOT_SWEEP_90","90","0.070538864"
"2026-07-30 14:20:33.329 +07:00","554.684","HOT_SWEEP_90","90","0.07048595"
"2026-07-30 14:20:34.028 +07:00","555.383","HOT_SWEEP_90","90","0.070551254"
"2026-07-30 14:20:34.712 +07:00","556.068","HOT_SWEEP_90","90","0.071504831"
"2026-07-30 14:20:35.394 +07:00","556.751","HOT_SWEEP_90","90","0.072169885"
"2026-07-30 14:20:36.080 +07:00","557.434","HOT_SWEEP_90","90","0.071516767"
"2026-07-30 14:20:36.779 +07:00","558.134","HOT_SWEEP_90","90","0.070840165"
"2026-07-30 14:20:37.461 +07:00","558.816","HOT_SWEEP_90","90","0.071356252"
"2026-07-30 14:20:38.144 +07:00","559.499","HOT_SWEEP_90","90","0.071813583"
"2026-07-30 14:20:38.845 +07:00","560.201","HOT_SWEEP_90","90","0.072233066"
"2026-07-30 14:20:39.543 +07:00","560.899","HOT_SWEEP_90","90","0.071593471"
"2026-07-30 14:20:40.226 +07:00","561.583","HOT_SWEEP_90","90","0.071918145"
"2026-07-30 14:20:40.909 +07:00","562.265","HOT_SWEEP_90","90","0.071632072"
"2026-07-30 14:20:41.607 +07:00","562.963","HOT_SWEEP_90","90","0.07123135"
"2026-07-30 14:20:42.292 +07:00","563.648","HOT_SWEEP_90","90","0.07127177"
"2026-07-30 14:20:42.974 +07:00","564.329","HOT_SWEEP_90","90","0.072139747"
"2026-07-30 14:20:43.659 +07:00","565.014","HOT_SWEEP_90","90","0.072879858"
"2026-07-30 14:20:44.358 +07:00","565.713","HOT_SWEEP_90","90","0.073105402"
"2026-07-30 14:20:45.042 +07:00","566.398","HOT_SWEEP_90","90","0.073143601"
"2026-07-30 14:20:45.726 +07:00","567.08","HOT_SWEEP_90","90","0.073144481"
"2026-07-30 14:20:46.399 +07:00","567.757","HOT_SWEEP_90","90","0.073606394"
"2026-07-30 14:20:47.081 +07:00","568.439","HOT_SWEEP_90","90","0.073461264"
"2026-07-30 14:20:47.772 +07:00","569.129","HOT_SWEEP_90","90","0.074343577"
"2026-07-30 14:20:48.460 +07:00","569.815","HOT_SWEEP_90","90","0.074450076"
"2026-07-30 14:20:49.140 +07:00","570.489","HOT_SWEEP_90","90","0.07443402"
"2026-07-30 14:20:49.834 +07:00","571.192","HOT_SWEEP_90","90","0.073569424"
"2026-07-30 14:20:50.519 +07:00","571.876","HOT_SWEEP_90","90","0.074034676"
"2026-07-30 14:20:51.203 +07:00","572.559","HOT_SWEEP_90","90","0.073985137"
"2026-07-30 14:20:51.875 +07:00","573.233","HOT_SWEEP_90","90","0.074002661"
"2026-07-30 14:20:52.556 +07:00","573.911","HOT_SWEEP_90","90","0.074187957"
"2026-07-30 14:20:53.237 +07:00","574.589","HOT_SWEEP_90","90","0.074437216"
"2026-07-30 14:20:53.926 +07:00","575.283","HOT_SWEEP_90","90","0.074296035"
"2026-07-30 14:20:54.615 +07:00","575.97","HOT_SWEEP_90","90","0.074414268"
"2026-07-30 14:20:55.287 +07:00","576.645","HOT_SWEEP_90","90","0.075061128"
"2026-07-30 14:20:55.974 +07:00","577.327","HOT_SWEEP_90","90","0.074206032"
"2026-07-30 14:20:56.648 +07:00","578.005","HOT_SWEEP_90","90","0.074988686"
"2026-07-30 14:20:57.335 +07:00","578.692","HOT_SWEEP_90","90","0.0745048"
"2026-07-30 14:20:58.018 +07:00","579.375","HOT_SWEEP_90","90","0.074217454"
"2026-07-30 14:20:58.712 +07:00","580.069","HOT_SWEEP_90","90","0.074083164"
"2026-07-30 14:20:59.406 +07:00","580.76","HOT_SWEEP_90","90","0.074228942"
"2026-07-30 14:21:00.094 +07:00","581.451","HOT_SWEEP_90","90","0.073415376"
"2026-07-30 14:21:00.783 +07:00","582.138","HOT_SWEEP_90","90","0.073851809"
"2026-07-30 14:21:01.456 +07:00","582.814","HOT_SWEEP_90","90","0.073833987"
"2026-07-30 14:21:02.139 +07:00","583.496","HOT_SWEEP_90","90","0.073918886"
"2026-07-30 14:21:02.824 +07:00","584.181","HOT_SWEEP_90","90","0.074655861"
"2026-07-30 14:21:03.501 +07:00","584.859","HOT_SWEEP_90","90","0.075503781"
"2026-07-30 14:21:04.199 +07:00","585.555","HOT_SWEEP_90","90","0.076022707"
"2026-07-30 14:21:04.886 +07:00","586.243","HOT_SWEEP_90","90","0.075712338"
"2026-07-30 14:21:05.577 +07:00","586.921","HOT_SWEEP_90","90","0.075929351"
"2026-07-30 14:21:06.250 +07:00","587.607","HOT_SWEEP_90","90","0.075788513"
"2026-07-30 14:21:06.932 +07:00","588.29","HOT_SWEEP_90","90","0.076276243"
"2026-07-30 14:21:07.625 +07:00","588.981","HOT_SWEEP_90","90","0.076567806"
"2026-07-30 14:21:08.312 +07:00","589.664","HOT_SWEEP_90","90","0.076361582"
"2026-07-30 14:21:08.995 +07:00","590.352","HOT_SWEEP_90","90","0.075817816"
"2026-07-30 14:21:09.673 +07:00","591.031","HOT_SWEEP_90","90","0.075657606"
"2026-07-30 14:21:10.369 +07:00","591.725","HOT_SWEEP_90","90","0.074809454"
"2026-07-30 14:21:11.050 +07:00","592.405","HOT_SWEEP_90","90","0.07476873"
"2026-07-30 14:21:11.736 +07:00","593.094","HOT_SWEEP_90","90","0.075495094"
"2026-07-30 14:21:12.434 +07:00","593.789","HOT_SWEEP_90","90","0.07604403"
"2026-07-30 14:21:13.125 +07:00","594.483","HOT_SWEEP_90","90","0.076418579"
"2026-07-30 14:21:13.825 +07:00","595.18","HOT_SWEEP_90","90","0.076285779"
"2026-07-30 14:21:14.497 +07:00","595.855","HOT_SWEEP_90","90","0.076734312"
"2026-07-30 14:21:15.175 +07:00","596.523","HOT_SWEEP_90","90","0.077331692"
"2026-07-30 14:21:15.873 +07:00","597.228","HOT_SWEEP_90","90","0.076966427"
"2026-07-30 14:21:16.554 +07:00","597.91","HOT_SWEEP_90","90","0.077724889"
"2026-07-30 14:21:17.238 +07:00","598.593","HOT_SWEEP_90","90","0.078201868"
"2026-07-30 14:21:17.927 +07:00","599.284","HOT_SWEEP_90","90","0.07780727"
"2026-07-30 14:21:18.606 +07:00","599.963","HOT_SWEEP_90","90","0.078365617"
"2026-07-30 14:21:19.274 +07:00","600.632","HOT_SWEEP_90","90","0.078377813"
"2026-07-30 14:21:19.958 +07:00","601.316","HOT_SWEEP_90","90","0.077752344"
"2026-07-30 14:21:20.641 +07:00","601.994","HOT_SWEEP_90","90","0.078140765"
"2026-07-30 14:21:21.328 +07:00","602.686","HOT_SWEEP_90","90","0.077299103"
"2026-07-30 14:21:22.019 +07:00","603.376","HOT_SWEEP_90","90","0.076545157"
"2026-07-30 14:21:22.699 +07:00","604.057","HOT_SWEEP_90","90","0.077153154"
"2026-07-30 14:21:23.380 +07:00","604.736","HOT_SWEEP_90","90","0.076446645"
"2026-07-30 14:21:24.071 +07:00","605.426","HOT_SWEEP_90","90","0.075655751"
"2026-07-30 14:21:24.747 +07:00","606.104","HOT_SWEEP_90","90","0.075527132"
"2026-07-30 14:21:25.412 +07:00","606.77","HOT_SWEEP_90","90","0.074853092"
"2026-07-30 14:21:26.098 +07:00","607.456","HOT_SWEEP_90","90","0.073896199"
"2026-07-30 14:21:26.788 +07:00","608.142","HOT_SWEEP_90","90","0.074004546"
"2026-07-30 14:21:27.459 +07:00","608.817","HOT_SWEEP_90","90","0.073626831"
"2026-07-30 14:21:28.156 +07:00","609.511","HOT_SWEEP_90","90","0.073589131"
"2026-07-30 14:21:28.852 +07:00","610.207","HOT_SWEEP_90","90","0.073559999"
"2026-07-30 14:21:29.521 +07:00","610.878","HOT_SWEEP_90","90","0.073713869"
"2026-07-30 14:21:30.224 +07:00","611.582","HOT_SWEEP_90","90","0.073544763"
"2026-07-30 14:21:30.910 +07:00","612.267","HOT_SWEEP_90","90","0.073493399"
"2026-07-30 14:21:31.603 +07:00","612.957","HOT_SWEEP_90","90","0.07388895"
"2026-07-30 14:21:32.282 +07:00","613.639","HOT_SWEEP_90","90","0.073517002"
"2026-07-30 14:21:32.964 +07:00","614.306","HOT_SWEEP_90","90","0.073457733"
"2026-07-30 14:21:33.645 +07:00","615.001","HOT_SWEEP_90","90","0.074037261"
"2026-07-30 14:21:34.338 +07:00","615.696","HOT_SWEEP_90","90","0.074043453"
"2026-07-30 14:21:35.021 +07:00","616.372","HOT_SWEEP_90","90","0.073915072"
"2026-07-30 14:21:35.716 +07:00","617.068","HOT_SWEEP_90","90","0.07454785"
"2026-07-30 14:21:36.405 +07:00","617.759","HOT_SWEEP_90","90","0.074344598"
"2026-07-30 14:21:37.083 +07:00","618.433","HOT_SWEEP_90","90","0.074250579"
"2026-07-30 14:21:37.757 +07:00","619.115","HOT_SWEEP_90","90","0.074859068"
"2026-07-30 14:21:38.454 +07:00","619.795","HOT_SWEEP_90","90","0.074839599"
"2026-07-30 14:21:39.149 +07:00","620.505","HOT_SWEEP_90","90","0.074819952"
"2026-07-30 14:21:39.838 +07:00","621.196","HOT_SWEEP_90","90","0.074671045"
"2026-07-30 14:21:40.517 +07:00","621.874","HOT_SWEEP_90","90","0.074625239"
"2026-07-30 14:21:41.204 +07:00","622.559","HOT_SWEEP_90","90","0.07452751"
"2026-07-30 14:21:41.893 +07:00","623.25","HOT_SWEEP_90","90","0.074545674"
"2026-07-30 14:21:42.581 +07:00","623.936","HOT_SWEEP_90","90","0.074675553"
"2026-07-30 14:21:43.267 +07:00","624.624","HOT_SWEEP_90","90","0.074684471"
"2026-07-30 14:21:43.946 +07:00","625.302","HOT_SWEEP_90","90","0.074649557"
"2026-07-30 14:21:44.628 +07:00","625.982","HOT_SWEEP_90","90","0.074718364"
"2026-07-30 14:21:45.330 +07:00","626.685","HOT_SWEEP_90","90","0.074652448"
"2026-07-30 14:21:46.009 +07:00","627.367","HOT_SWEEP_90","90","0.074636459"
"2026-07-30 14:21:46.687 +07:00","628.045","HOT_SWEEP_90","90","0.075109817"
"2026-07-30 14:21:47.369 +07:00","628.725","HOT_SWEEP_90","90","0.074932754"
"2026-07-30 14:21:48.056 +07:00","629.414","HOT_SWEEP_90","90","0.075048201"
"2026-07-30 14:21:48.743 +07:00","630.101","HOT_SWEEP_90","90","0.075223491"
"2026-07-30 14:21:49.427 +07:00","630.781","HOT_SWEEP_90","90","0.075165734"
"2026-07-30 14:21:50.102 +07:00","631.459","HOT_SWEEP_90","90","0.074909702"
"2026-07-30 14:21:50.790 +07:00","632.147","HOT_SWEEP_90","90","0.074987695"
"2026-07-30 14:21:51.474 +07:00","632.83","HOT_SWEEP_90","90","0.074960783"
"2026-07-30 14:21:52.158 +07:00","633.514","HOT_SWEEP_90","90","0.074741915"
"2026-07-30 14:21:52.857 +07:00","634.212","HOT_SWEEP_90","90","0.074737512"
"2026-07-30 14:21:53.541 +07:00","634.889","HOT_SWEEP_90","90","0.074995026"
"2026-07-30 14:21:54.210 +07:00","635.568","HOT_SWEEP_90","90","0.074961618"
"2026-07-30 14:21:54.906 +07:00","636.264","HOT_SWEEP_90","90","0.074751586"
"2026-07-30 14:21:55.595 +07:00","636.953","HOT_SWEEP_90","90","0.075107217"
"2026-07-30 14:21:56.286 +07:00","637.644","HOT_SWEEP_90","90","0.074882455"
"2026-07-30 14:21:56.959 +07:00","638.316","HOT_SWEEP_90","90","0.074955031"
"2026-07-30 14:21:57.672 +07:00","639.019","HOT_SWEEP_90","90","0.07546252"
"2026-07-30 14:21:58.363 +07:00","639.72","HOT_SWEEP_90","90","0.075424574"
"2026-07-30 14:21:59.054 +07:00","640.396","HOT_SWEEP_90","90","0.075447738"
"2026-07-30 14:21:59.736 +07:00","641.092","HOT_SWEEP_90","90","0.075910345"
"2026-07-30 14:22:00.426 +07:00","641.784","HOT_SWEEP_90","90","0.075916559"
"2026-07-30 14:22:01.117 +07:00","642.459","HOT_SWEEP_90","90","0.07593815"
"2026-07-30 14:22:01.807 +07:00","643.16","HOT_SWEEP_90","90","0.076219328"
"2026-07-30 14:22:02.479 +07:00","643.837","HOT_SWEEP_90","90","0.076209188"
"2026-07-30 14:22:03.165 +07:00","644.518","HOT_SWEEP_90","90","0.076061986"
"2026-07-30 14:22:03.847 +07:00","645.203","HOT_SWEEP_90","90","0.076208219"
"2026-07-30 14:22:04.542 +07:00","645.9","HOT_SWEEP_90","90","0.076076604"
"2026-07-30 14:22:05.232 +07:00","646.587","HOT_SWEEP_90","90","0.076151684"
"2026-07-30 14:22:05.906 +07:00","647.264","HOT_SWEEP_90","90","0.075995497"
"2026-07-30 14:22:06.609 +07:00","647.964","HOT_SWEEP_90","90","0.075997002"
"2026-07-30 14:22:07.291 +07:00","648.649","HOT_SWEEP_90","90","0.076057412"
"2026-07-30 14:22:07.973 +07:00","649.33","HOT_SWEEP_90","90","0.07589718"
"2026-07-30 14:22:08.667 +07:00","650.023","HOT_SWEEP_90","90","0.076274171"
"2026-07-30 14:22:09.341 +07:00","650.699","HOT_SWEEP_90","90","0.076277457"
"2026-07-30 14:22:10.047 +07:00","651.396","HOT_SWEEP_90","90","0.076269723"
"2026-07-30 14:22:10.731 +07:00","652.078","HOT_SWEEP_90","90","0.076624319"
"2026-07-30 14:22:11.406 +07:00","652.763","HOT_SWEEP_90","90","0.076738074"
"2026-07-30 14:22:12.089 +07:00","653.446","HOT_SWEEP_90","90","0.076338045"
"2026-07-30 14:22:12.757 +07:00","654.115","HOT_SWEEP_90","90","0.076819971"
"2026-07-30 14:22:13.437 +07:00","654.794","HOT_SWEEP_90","90","0.076865055"
"2026-07-30 14:22:14.113 +07:00","655.471","HOT_SWEEP_90","90","0.076581232"
"2026-07-30 14:22:14.798 +07:00","656.154","HOT_SWEEP_90","90","0.076735236"
"2026-07-30 14:22:15.483 +07:00","656.841","HOT_SWEEP_90","90","0.076829299"
"2026-07-30 14:22:16.156 +07:00","657.513","HOT_SWEEP_90","90","0.076600365"
"2026-07-30 14:22:16.844 +07:00","658.201","HOT_SWEEP_90","90","0.076804921"
"2026-07-30 14:22:17.526 +07:00","658.883","HOT_SWEEP_90","90","0.076798663"
"2026-07-30 14:22:18.205 +07:00","659.563","HOT_SWEEP_90","90","0.076751083"
"2026-07-30 14:22:18.896 +07:00","660.253","HOT_SWEEP_90","90","0.076916359"
"2026-07-30 14:22:19.583 +07:00","660.941","HOT_SWEEP_90","90","0.077366516"
"2026-07-30 14:22:20.277 +07:00","661.631","HOT_SWEEP_90","90","0.077054545"
"2026-07-30 14:22:20.954 +07:00","662.31","HOT_SWEEP_90","90","0.076968536"
"2026-07-30 14:22:21.647 +07:00","663.001","HOT_SWEEP_90","90","0.077378146"
"2026-07-30 14:22:22.343 +07:00","663.691","HOT_SWEEP_90","90","0.077206209"
"2026-07-30 14:22:23.023 +07:00","664.381","HOT_SWEEP_90","90","0.077077121"
"2026-07-30 14:22:23.703 +07:00","665.061","HOT_SWEEP_90","90","0.077405825"
"2026-07-30 14:22:24.392 +07:00","665.747","HOT_SWEEP_90","90","0.07741715"
"2026-07-30 14:22:25.075 +07:00","666.433","HOT_SWEEP_90","90","0.077212013"
"2026-07-30 14:22:25.754 +07:00","667.111","HOT_SWEEP_90","90","0.077413276"
"2026-07-30 14:22:26.440 +07:00","667.796","HOT_SWEEP_90","90","0.077135488"
"2026-07-30 14:22:27.140 +07:00","668.489","HOT_SWEEP_90","90","0.07712438"
"2026-07-30 14:22:27.817 +07:00","669.175","HOT_SWEEP_90","90","0.077252522"
"2026-07-30 14:22:28.500 +07:00","669.853","HOT_SWEEP_90","90","0.077255078"
"2026-07-30 14:22:29.196 +07:00","670.547","HOT_SWEEP_90","90","0.077319831"
"2026-07-30 14:22:29.884 +07:00","671.239","HOT_SWEEP_90","90","0.077397794"
"2026-07-30 14:22:30.567 +07:00","671.922","HOT_SWEEP_90","90","0.077315167"
"2026-07-30 14:22:31.248 +07:00","672.605","HOT_SWEEP_90","90","0.077356584"
"2026-07-30 14:22:31.940 +07:00","673.296","HOT_SWEEP_90","90","0.077203974"
"2026-07-30 14:22:32.639 +07:00","673.995","HOT_SWEEP_90","90","0.077444836"
"2026-07-30 14:22:33.319 +07:00","674.674","HOT_SWEEP_90","90","0.077356651"
"2026-07-30 14:22:34.004 +07:00","675.36","HOT_SWEEP_90","90","0.077492282"
"2026-07-30 14:22:34.693 +07:00","676.045","HOT_SWEEP_90","90","0.078313336"
"2026-07-30 14:22:35.378 +07:00","676.735","HOT_SWEEP_90","90","0.078144751"
"2026-07-30 14:22:36.078 +07:00","677.431","HOT_SWEEP_90","90","0.078085884"
"2026-07-30 14:22:36.770 +07:00","678.125","HOT_SWEEP_90","90","0.078539759"
"2026-07-30 14:22:37.464 +07:00","678.82","HOT_SWEEP_90","90","0.078517407"
"2026-07-30 14:22:38.148 +07:00","679.505","HOT_SWEEP_90","90","0.078195728"
"2026-07-30 14:22:38.833 +07:00","680.191","HOT_SWEEP_90","90","0.078427844"
"2026-07-30 14:22:39.518 +07:00","680.869","HOT_SWEEP_90","90","0.078387856"
"2026-07-30 14:22:40.198 +07:00","681.555","HOT_SWEEP_90","90","0.078475781"
"2026-07-30 14:22:40.879 +07:00","682.233","HOT_SWEEP_90","90","0.078556657"
"2026-07-30 14:22:41.568 +07:00","682.918","HOT_SWEEP_90","90","0.078208365"
"2026-07-30 14:22:42.262 +07:00","683.616","HOT_SWEEP_90","90","0.078257851"
"2026-07-30 14:22:42.948 +07:00","684.296","HOT_SWEEP_90","90","0.078324959"
"2026-07-30 14:22:43.634 +07:00","684.988","HOT_SWEEP_90","90","0.078377612"
"2026-07-30 14:22:44.316 +07:00","685.671","HOT_SWEEP_90","90","0.078446306"
"2026-07-30 14:22:45.013 +07:00","686.366","HOT_SWEEP_90","90","0.07836514"
"2026-07-30 14:22:45.706 +07:00","687.06","HOT_SWEEP_90","90","0.078848674999999993"
"2026-07-30 14:22:46.397 +07:00","687.754","HOT_SWEEP_90","90","0.078863643"
"2026-07-30 14:22:47.080 +07:00","688.437","HOT_SWEEP_90","90","0.078591727"
"2026-07-30 14:22:47.781 +07:00","689.137","HOT_SWEEP_90","90","0.078930557"
"2026-07-30 14:22:48.481 +07:00","689.837","HOT_SWEEP_90","90","0.078808255"
"2026-07-30 14:22:49.158 +07:00","690.515","HOT_SWEEP_90","90","0.078788519"
"2026-07-30 14:22:49.848 +07:00","691.198","HOT_SWEEP_90","90","0.07891091"
"2026-07-30 14:22:50.543 +07:00","691.901","HOT_SWEEP_90","90","0.079107791"
"2026-07-30 14:22:51.228 +07:00","692.578","HOT_SWEEP_90","90","0.079106219"
"2026-07-30 14:22:51.912 +07:00","693.266","HOT_SWEEP_90","90","0.079364076"
"2026-07-30 14:22:52.593 +07:00","693.951","HOT_SWEEP_90","90","0.079473943"
"2026-07-30 14:22:53.288 +07:00","694.646","HOT_SWEEP_90","90","0.079564288"
"2026-07-30 14:22:53.978 +07:00","695.326","HOT_SWEEP_90","90","0.07952258"
"2026-07-30 14:22:54.660 +07:00","696.015","HOT_SWEEP_90","90","0.079786614"
"2026-07-30 14:22:55.356 +07:00","696.706","HOT_SWEEP_90","90","0.079772592"
"2026-07-30 14:22:56.040 +07:00","697.398","HOT_SWEEP_90","90","0.079667233"
"2026-07-30 14:22:56.728 +07:00","698.075","HOT_SWEEP_90","90","0.08001782"
"2026-07-30 14:22:57.408 +07:00","698.766","HOT_SWEEP_90","90","0.079816967"
"2026-07-30 14:22:58.108 +07:00","699.464","HOT_SWEEP_90","90","0.079620682"
"2026-07-30 14:22:58.807 +07:00","700.162","HOT_SWEEP_90","90","0.079671115"
"2026-07-30 14:22:59.485 +07:00","700.84","HOT_SWEEP_90","90","0.07941135"
"2026-07-30 14:23:00.175 +07:00","701.526","HOT_SWEEP_90","90","0.07914611"
"2026-07-30 14:23:00.875 +07:00","702.231","HOT_SWEEP_90","90","0.079444945"
"2026-07-30 14:23:01.548 +07:00","702.905","HOT_SWEEP_90","90","0.079242036"
"2026-07-30 14:23:02.234 +07:00","703.591","HOT_SWEEP_90","90","0.07933633"
"2026-07-30 14:23:02.897 +07:00","704.255","HOT_SWEEP_90","90","0.079363473"
"2026-07-30 14:23:03.585 +07:00","704.943","HOT_SWEEP_90","90","0.079368688"
"2026-07-30 14:23:04.263 +07:00","705.621","HOT_SWEEP_90","90","0.079135351"
"2026-07-30 14:23:04.946 +07:00","706.304","HOT_SWEEP_90","90","0.079264387"
"2026-07-30 14:23:05.640 +07:00","706.996","HOT_SWEEP_90","90","0.079671338"
"2026-07-30 14:23:06.311 +07:00","707.669","HOT_SWEEP_90","90","0.079742029"
"2026-07-30 14:23:06.988 +07:00","708.338","HOT_SWEEP_90","90","0.079746522"
"2026-07-30 14:23:07.680 +07:00","709.038","HOT_SWEEP_90","90","0.080299951"
"2026-07-30 14:23:08.367 +07:00","709.722","HOT_SWEEP_90","90","0.080043808"
"2026-07-30 14:23:09.053 +07:00","710.41","HOT_SWEEP_90","90","0.07970579"
"2026-07-30 14:23:09.726 +07:00","711.083","HOT_SWEEP_90","90","0.08030428"
"2026-07-30 14:23:10.411 +07:00","711.768","HOT_SWEEP_90","90","0.080199137"
"2026-07-30 14:23:11.101 +07:00","712.457","HOT_SWEEP_90","90","0.080192283"
"2026-07-30 14:23:11.785 +07:00","713.141","HOT_SWEEP_90","90","0.080632575"
"2026-07-30 14:23:12.474 +07:00","713.832","HOT_SWEEP_90","90","0.080672786"
"2026-07-30 14:23:13.167 +07:00","714.524","HOT_SWEEP_90","90","0.080472827"
"2026-07-30 14:23:13.857 +07:00","715.215","HOT_SWEEP_90","90","0.080581397"
"2026-07-30 14:23:14.548 +07:00","715.905","HOT_SWEEP_90","90","0.080629125"
"2026-07-30 14:23:15.237 +07:00","716.59","HOT_SWEEP_90","90","0.080607861"
"2026-07-30 14:23:15.934 +07:00","717.291","HOT_SWEEP_90","90","0.080842227"
"2026-07-30 14:23:16.626 +07:00","717.98","HOT_SWEEP_90","90","0.080857776"
"2026-07-30 14:23:17.327 +07:00","718.682","HOT_SWEEP_90","90","0.080815569"
"2026-07-30 14:23:18.012 +07:00","719.364","HOT_SWEEP_90","90","0.0807942"
"2026-07-30 14:23:18.696 +07:00","720.053","HOT_SWEEP_90","90","0.080859825"
"2026-07-30 14:23:19.384 +07:00","720.741","HOT_SWEEP_90","90","0.080677822"
"2026-07-30 14:23:20.062 +07:00","721.42","HOT_SWEEP_90","90","0.080591127"
"2026-07-30 14:23:20.763 +07:00","722.118","HOT_SWEEP_90","90","0.081081845"
"2026-07-30 14:23:21.437 +07:00","722.794","HOT_SWEEP_90","90","0.080896743"
"2026-07-30 14:23:22.114 +07:00","723.47","HOT_SWEEP_90","90","0.080901496"
"2026-07-30 14:23:22.797 +07:00","724.154","HOT_SWEEP_90","90","0.081290051"
"2026-07-30 14:23:23.484 +07:00","724.842","HOT_SWEEP_90","90","0.081339322"
"2026-07-30 14:23:24.164 +07:00","725.518","HOT_SWEEP_90","90","0.081163064"
"2026-07-30 14:23:24.852 +07:00","726.21","HOT_SWEEP_90","90","0.081354573"
"2026-07-30 14:23:25.538 +07:00","726.894","HOT_SWEEP_90","90","0.081348129"
"2026-07-30 14:23:26.224 +07:00","727.58","HOT_SWEEP_90","90","0.081295617"
"2026-07-30 14:23:26.902 +07:00","728.26","HOT_SWEEP_90","90","0.081306353"
"2026-07-30 14:23:27.582 +07:00","728.94","HOT_SWEEP_90","90","0.081422761"
"2026-07-30 14:23:28.272 +07:00","729.626","HOT_SWEEP_90","90","0.081244208"
"2026-07-30 14:23:28.969 +07:00","730.325","HOT_SWEEP_90","90","0.081219159"
"2026-07-30 14:23:29.649 +07:00","731.007","HOT_SWEEP_90","90","0.081462435"
"2026-07-30 14:23:30.327 +07:00","731.685","HOT_SWEEP_90","90","0.081347838"
"2026-07-30 14:23:31.020 +07:00","732.371","HOT_SWEEP_90","90","0.081306942"
"2026-07-30 14:23:31.700 +07:00","733.057","HOT_SWEEP_90","90","0.082017228"
"2026-07-30 14:23:32.386 +07:00","733.741","HOT_SWEEP_90","90","0.08208438"
"2026-07-30 14:23:33.075 +07:00","734.431","HOT_SWEEP_90","90","0.081873842"
"2026-07-30 14:23:33.746 +07:00","735.103","HOT_SWEEP_90","90","0.082614355"
"2026-07-30 14:23:34.447 +07:00","735.804","HOT_SWEEP_90","90","0.082412206"
"2026-07-30 14:23:35.140 +07:00","736.482","HOT_SWEEP_90","90","0.082284085"
"2026-07-30 14:23:35.820 +07:00","737.174","HOT_SWEEP_90","90","0.082361594"
"2026-07-30 14:23:36.495 +07:00","737.853","HOT_SWEEP_90","90","0.082365222"
"2026-07-30 14:23:37.169 +07:00","738.527","HOT_SWEEP_90","90","0.081999347"
"2026-07-30 14:23:37.873 +07:00","739.225","HOT_SWEEP_90","90","0.0820373"
"2026-07-30 14:23:38.563 +07:00","739.919","HOT_SWEEP_90","90","0.081792936"
"2026-07-30 14:23:39.251 +07:00","740.607","HOT_SWEEP_90","90","0.081292823"
"2026-07-30 14:23:39.924 +07:00","741.282","HOT_SWEEP_90","90","0.081278011"
"2026-07-30 14:23:40.613 +07:00","741.969","HOT_SWEEP_90","90","0.081440881"
"2026-07-30 14:23:41.298 +07:00","742.653","HOT_SWEEP_90","90","0.081360079"
"2026-07-30 14:23:41.993 +07:00","743.349","HOT_SWEEP_90","90","0.081316814"
"2026-07-30 14:23:42.679 +07:00","744.036","HOT_SWEEP_90","90","0.081807122"
"2026-07-30 14:23:43.356 +07:00","744.713","HOT_SWEEP_90","90","0.081430867"
"2026-07-30 14:23:44.061 +07:00","745.411","HOT_SWEEP_90","90","0.081350975"
"2026-07-30 14:23:44.753 +07:00","746.095","HOT_SWEEP_90","90","0.082105592"
"2026-07-30 14:23:45.442 +07:00","746.798","HOT_SWEEP_90","90","0.082037807"
"2026-07-30 14:23:46.135 +07:00","747.49","HOT_SWEEP_90","90","0.082110383"
"2026-07-30 14:23:46.817 +07:00","748.172","HOT_SWEEP_90","90","0.082867272"
"2026-07-30 14:23:47.506 +07:00","748.863","HOT_SWEEP_90","90","0.082402304"
"2026-07-30 14:23:48.199 +07:00","749.555","HOT_SWEEP_90","90","0.082380116"
"2026-07-30 14:23:48.875 +07:00","750.233","HOT_SWEEP_90","90","0.082476571"
"2026-07-30 14:23:49.565 +07:00","750.923","HOT_SWEEP_90","90","0.082548156"
"2026-07-30 14:23:50.262 +07:00","751.607","HOT_SWEEP_90","90","0.082680084"
"2026-07-30 14:23:50.935 +07:00","752.292","HOT_SWEEP_90","90","0.082839295"
"2026-07-30 14:23:51.618 +07:00","752.972","HOT_SWEEP_90","90","0.082732052"
"2026-07-30 14:23:52.307 +07:00","753.663","HOT_SWEEP_90","90","0.082772925"
"2026-07-30 14:23:52.982 +07:00","754.339","HOT_SWEEP_90","90","0.082752697"
"2026-07-30 14:23:53.655 +07:00","755.012","HOT_SWEEP_90","90","0.082708418"
"2026-07-30 14:23:54.342 +07:00","755.697","HOT_SWEEP_90","90","0.082872815"
"2026-07-30 14:23:55.040 +07:00","756.396","HOT_SWEEP_90","90","0.082576476"
"2026-07-30 14:23:55.728 +07:00","757.086","HOT_SWEEP_90","90","0.08317323"
"2026-07-30 14:23:56.411 +07:00","757.766","HOT_SWEEP_90","90","0.082941607"
"2026-07-30 14:23:57.093 +07:00","758.451","HOT_SWEEP_90","90","0.082598262"
"2026-07-30 14:23:57.779 +07:00","759.134","HOT_SWEEP_90","90","0.083298773"
"2026-07-30 14:23:58.452 +07:00","759.809","HOT_SWEEP_90","90","0.083086804"
"2026-07-30 14:23:59.127 +07:00","760.484","HOT_SWEEP_90","90","0.082563564"
"2026-07-30 14:23:59.819 +07:00","761.176","HOT_SWEEP_90","90","0.083028488"
"2026-07-30 14:24:00.498 +07:00","761.856","HOT_SWEEP_90","90","0.083110772"
"2026-07-30 14:24:01.174 +07:00","762.532","HOT_SWEEP_90","90","0.082813464"
"2026-07-30 14:24:01.866 +07:00","763.224","HOT_SWEEP_90","90","0.083298676"
"2026-07-30 14:24:02.544 +07:00","763.902","HOT_SWEEP_90","90","0.083161317"
"2026-07-30 14:24:03.212 +07:00","764.57","HOT_SWEEP_90","90","0.083109841"
"2026-07-30 14:24:03.897 +07:00","765.254","HOT_SWEEP_90","90","0.083382614"
"2026-07-30 14:24:04.575 +07:00","765.933","HOT_SWEEP_90","90","0.083219498"
"2026-07-30 14:24:05.256 +07:00","766.598","HOT_SWEEP_90","90","0.083184972"
"2026-07-30 14:24:05.946 +07:00","767.304","HOT_SWEEP_90","90","0.083286181"
"2026-07-30 14:24:06.635 +07:00","767.986","HOT_SWEEP_90","90","0.083490208"
"2026-07-30 14:24:07.305 +07:00","768.663","HOT_SWEEP_90","90","0.083043642"
"2026-07-30 14:24:07.985 +07:00","769.343","HOT_SWEEP_90","90","0.08279328"
"2026-07-30 14:24:08.673 +07:00","770.03","HOT_SWEEP_90","90","0.083306916"
"2026-07-30 14:24:09.341 +07:00","770.699","HOT_SWEEP_90","90","0.083254665"
"2026-07-30 14:24:10.031 +07:00","771.389","HOT_SWEEP_90","90","0.083103523"
"2026-07-30 14:24:10.722 +07:00","772.079","HOT_SWEEP_90","90","0.083596066"
"2026-07-30 14:24:11.413 +07:00","772.77","HOT_SWEEP_90","90","0.083462678"
"2026-07-30 14:24:12.105 +07:00","773.446","HOT_SWEEP_90","90","0.082979932"
"2026-07-30 14:24:12.787 +07:00","774.142","HOT_SWEEP_90","90","0.083723828"
"2026-07-30 14:24:13.477 +07:00","774.834","HOT_SWEEP_90","90","0.08363317"
"2026-07-30 14:24:14.160 +07:00","775.512","HOT_SWEEP_90","90","0.083517805"
"2026-07-30 14:24:14.849 +07:00","776.201","HOT_SWEEP_90","90","0.084026508"
"2026-07-30 14:24:15.545 +07:00","776.898","HOT_SWEEP_90","90","0.083566807"
"2026-07-30 14:24:16.236 +07:00","777.578","HOT_SWEEP_90","90","0.083387971"
"2026-07-30 14:24:16.921 +07:00","778.279","HOT_SWEEP_90","90","0.083478607"
"2026-07-30 14:24:17.593 +07:00","778.95","HOT_SWEEP_90","90","0.083437301"
"2026-07-30 14:24:18.275 +07:00","779.633","HOT_SWEEP_90","90","0.08339268"
"2026-07-30 14:24:18.964 +07:00","780.321","HOT_SWEEP_90","90","0.083444133"
"2026-07-30 14:24:19.639 +07:00","780.996","HOT_SWEEP_90","90","0.083430842"
"2026-07-30 14:24:20.320 +07:00","781.678","HOT_SWEEP_90","90","0.083286025"
"2026-07-30 14:24:21.396 +07:00","782.752","HOT_SWEEP_85","85","0.083283246"
"2026-07-30 14:24:22.070 +07:00","783.428","HOT_SWEEP_85","85","0.083981395"
"2026-07-30 14:24:22.765 +07:00","784.121","HOT_SWEEP_85","85","0.084114194"
"2026-07-30 14:24:23.439 +07:00","784.797","HOT_SWEEP_85","85","0.083623663"
"2026-07-30 14:24:24.133 +07:00","785.49","HOT_SWEEP_85","85","0.082981318"
"2026-07-30 14:24:24.812 +07:00","786.164","HOT_SWEEP_85","85","0.082269542"
"2026-07-30 14:24:25.502 +07:00","786.859","HOT_SWEEP_85","85","0.081404284"
"2026-07-30 14:24:26.196 +07:00","787.545","HOT_SWEEP_85","85","0.080444537"
"2026-07-30 14:24:26.872 +07:00","788.229","HOT_SWEEP_85","85","0.080040947"
"2026-07-30 14:24:27.550 +07:00","788.907","HOT_SWEEP_85","85","0.078927718"
"2026-07-30 14:24:28.238 +07:00","789.595","HOT_SWEEP_85","85","0.078782715"
"2026-07-30 14:24:28.920 +07:00","790.276","HOT_SWEEP_85","85","0.077129886"
"2026-07-30 14:24:29.619 +07:00","790.977","HOT_SWEEP_85","85","0.075387731"
"2026-07-30 14:24:30.297 +07:00","791.654","HOT_SWEEP_85","85","0.074979536"
"2026-07-30 14:24:30.987 +07:00","792.336","HOT_SWEEP_85","85","0.074672677"
"2026-07-30 14:24:31.663 +07:00","793.02","HOT_SWEEP_85","85","0.073663995"
"2026-07-30 14:24:32.344 +07:00","793.701","HOT_SWEEP_85","85","0.073406219"
"2026-07-30 14:24:33.054 +07:00","794.408","HOT_SWEEP_85","85","0.072773457"
"2026-07-30 14:24:33.744 +07:00","795.099","HOT_SWEEP_85","85","0.071818165"
"2026-07-30 14:24:34.427 +07:00","795.785","HOT_SWEEP_85","85","0.07104329"
"2026-07-30 14:24:35.109 +07:00","796.466","HOT_SWEEP_85","85","0.070641503"
"2026-07-30 14:24:35.793 +07:00","797.149","HOT_SWEEP_85","85","0.06988474"
"2026-07-30 14:24:36.484 +07:00","797.842","HOT_SWEEP_85","85","0.06903284"
"2026-07-30 14:24:37.176 +07:00","798.531","HOT_SWEEP_85","85","0.069513842"
"2026-07-30 14:24:37.849 +07:00","799.207","HOT_SWEEP_85","85","0.068622902"
"2026-07-30 14:24:38.533 +07:00","799.89","HOT_SWEEP_85","85","0.068339691"
"2026-07-30 14:24:39.226 +07:00","800.576","HOT_SWEEP_85","85","0.068807915"
"2026-07-30 14:24:39.905 +07:00","801.263","HOT_SWEEP_85","85","0.068719976"
"2026-07-30 14:24:40.584 +07:00","801.939","HOT_SWEEP_85","85","0.067841008"
"2026-07-30 14:24:41.258 +07:00","802.616","HOT_SWEEP_85","85","0.068981461"
"2026-07-30 14:24:41.925 +07:00","803.282","HOT_SWEEP_85","85","0.068915419"
"2026-07-30 14:24:42.630 +07:00","803.987","HOT_SWEEP_85","85","0.069520719"
"2026-07-30 14:24:43.305 +07:00","804.662","HOT_SWEEP_85","85","0.07152991"
"2026-07-30 14:24:43.983 +07:00","805.341","HOT_SWEEP_85","85","0.071314164"
"2026-07-30 14:24:44.664 +07:00","806.021","HOT_SWEEP_85","85","0.071962431"
"2026-07-30 14:24:45.348 +07:00","806.698","HOT_SWEEP_85","85","0.072535321"
"2026-07-30 14:24:46.036 +07:00","807.392","HOT_SWEEP_85","85","0.07277362"
"2026-07-30 14:24:46.720 +07:00","808.078","HOT_SWEEP_85","85","0.073048159"
"2026-07-30 14:24:47.412 +07:00","808.77","HOT_SWEEP_85","85","0.074329264"
"2026-07-30 14:24:48.102 +07:00","809.459","HOT_SWEEP_85","85","0.075032972"
"2026-07-30 14:24:48.790 +07:00","810.146","HOT_SWEEP_85","85","0.074654497"
"2026-07-30 14:24:49.470 +07:00","810.826","HOT_SWEEP_85","85","0.074505463"
"2026-07-30 14:24:50.171 +07:00","811.527","HOT_SWEEP_85","85","0.074023478"
"2026-07-30 14:24:50.868 +07:00","812.224","HOT_SWEEP_85","85","0.073861711"
"2026-07-30 14:24:51.552 +07:00","812.908","HOT_SWEEP_85","85","0.073044352"
"2026-07-30 14:24:52.249 +07:00","813.604","HOT_SWEEP_85","85","0.073856615"
"2026-07-30 14:24:52.948 +07:00","814.298","HOT_SWEEP_85","85","0.074250184"
"2026-07-30 14:24:53.638 +07:00","814.992","HOT_SWEEP_85","85","0.07401178"
"2026-07-30 14:24:54.330 +07:00","815.681","HOT_SWEEP_85","85","0.073854066"
"2026-07-30 14:24:55.028 +07:00","816.384","HOT_SWEEP_85","85","0.073566154"
"2026-07-30 14:24:55.718 +07:00","817.071","HOT_SWEEP_85","85","0.074001506"
"2026-07-30 14:24:56.410 +07:00","817.768","HOT_SWEEP_85","85","0.073843889"
"2026-07-30 14:24:57.092 +07:00","818.45","HOT_SWEEP_85","85","0.074165642"
"2026-07-30 14:24:57.769 +07:00","819.126","HOT_SWEEP_85","85","0.074479997"
"2026-07-30 14:24:58.455 +07:00","819.813","HOT_SWEEP_85","85","0.075416945"
"2026-07-30 14:24:59.157 +07:00","820.511","HOT_SWEEP_85","85","0.07606326"
"2026-07-30 14:24:59.861 +07:00","821.217","HOT_SWEEP_85","85","0.075500436"
"2026-07-30 14:25:00.557 +07:00","821.91","HOT_SWEEP_85","85","0.075587258"
"2026-07-30 14:25:01.247 +07:00","822.601","HOT_SWEEP_85","85","0.076023482"
"2026-07-30 14:25:01.938 +07:00","823.296","HOT_SWEEP_85","85","0.076507017"
"2026-07-30 14:25:02.624 +07:00","823.979","HOT_SWEEP_85","85","0.076024219"
"2026-07-30 14:25:03.312 +07:00","824.654","HOT_SWEEP_85","85","0.076657161"
"2026-07-30 14:25:04.004 +07:00","825.359","HOT_SWEEP_85","85","0.076809078"
"2026-07-30 14:25:04.680 +07:00","826.037","HOT_SWEEP_85","85","0.076290146"
"2026-07-30 14:25:05.365 +07:00","826.718","HOT_SWEEP_85","85","0.076071188"
"2026-07-30 14:25:06.056 +07:00","827.409","HOT_SWEEP_85","85","0.076022223"
"2026-07-30 14:25:06.742 +07:00","828.1","HOT_SWEEP_85","85","0.075845644"
"2026-07-30 14:25:07.425 +07:00","828.781","HOT_SWEEP_85","85","0.075712375"
"2026-07-30 14:25:08.110 +07:00","829.463","HOT_SWEEP_85","85","0.07576327"
"2026-07-30 14:25:08.812 +07:00","830.167","HOT_SWEEP_85","85","0.075087175"
"2026-07-30 14:25:09.502 +07:00","830.843","HOT_SWEEP_85","85","0.074735969"
"2026-07-30 14:25:10.190 +07:00","831.547","HOT_SWEEP_85","85","0.0748678"
"2026-07-30 14:25:10.877 +07:00","832.235","HOT_SWEEP_85","85","0.07458277"
"2026-07-30 14:25:11.580 +07:00","832.937","HOT_SWEEP_85","85","0.07455802"
"2026-07-30 14:25:12.267 +07:00","833.625","HOT_SWEEP_85","85","0.07533671"
"2026-07-30 14:25:12.940 +07:00","834.298","HOT_SWEEP_85","85","0.074836299"
"2026-07-30 14:25:13.654 +07:00","835.009","HOT_SWEEP_85","85","0.075074211"
"2026-07-30 14:25:14.335 +07:00","835.683","HOT_SWEEP_85","85","0.075960688"
"2026-07-30 14:25:15.006 +07:00","836.363","HOT_SWEEP_85","85","0.076057531"
"2026-07-30 14:25:15.691 +07:00","837.049","HOT_SWEEP_85","85","0.076034665"
"2026-07-30 14:25:16.381 +07:00","837.738","HOT_SWEEP_85","85","0.076840915"
"2026-07-30 14:25:17.058 +07:00","838.415","HOT_SWEEP_85","85","0.076955788"
"2026-07-30 14:25:17.738 +07:00","839.096","HOT_SWEEP_85","85","0.077140555"
"2026-07-30 14:25:18.431 +07:00","839.778","HOT_SWEEP_85","85","0.0774239"
"2026-07-30 14:25:19.106 +07:00","840.464","HOT_SWEEP_85","85","0.077070422"
"2026-07-30 14:25:19.789 +07:00","841.14","HOT_SWEEP_85","85","0.07680317"
"2026-07-30 14:25:20.483 +07:00","841.838","HOT_SWEEP_85","85","0.076944508"
"2026-07-30 14:25:21.153 +07:00","842.51","HOT_SWEEP_85","85","0.077250876"
"2026-07-30 14:25:21.837 +07:00","843.192","HOT_SWEEP_85","85","0.077111386"
"2026-07-30 14:25:22.532 +07:00","843.885","HOT_SWEEP_85","85","0.077028096"
"2026-07-30 14:25:23.202 +07:00","844.56","HOT_SWEEP_85","85","0.077538043"
"2026-07-30 14:25:23.884 +07:00","845.228","HOT_SWEEP_85","85","0.077412784"
"2026-07-30 14:25:24.575 +07:00","845.933","HOT_SWEEP_85","85","0.077009358"
"2026-07-30 14:25:25.279 +07:00","846.628","HOT_SWEEP_85","85","0.078031108"
"2026-07-30 14:25:25.952 +07:00","847.31","HOT_SWEEP_85","85","0.078138418"
"2026-07-30 14:25:26.628 +07:00","847.984","HOT_SWEEP_85","85","0.07810165"
"2026-07-30 14:25:27.312 +07:00","848.669","HOT_SWEEP_85","85","0.079002254"
"2026-07-30 14:25:28.008 +07:00","849.364","HOT_SWEEP_85","85","0.078912571"
"2026-07-30 14:25:28.685 +07:00","850.043","HOT_SWEEP_85","85","0.079023257"
"2026-07-30 14:25:29.377 +07:00","850.724","HOT_SWEEP_85","85","0.079919286"
"2026-07-30 14:25:30.052 +07:00","851.409","HOT_SWEEP_85","85","0.07980302"
"2026-07-30 14:25:30.732 +07:00","852.09","HOT_SWEEP_85","85","0.079824813"
"2026-07-30 14:25:31.425 +07:00","852.78","HOT_SWEEP_85","85","0.080443479"
"2026-07-30 14:25:32.099 +07:00","853.456","HOT_SWEEP_85","85","0.080347255"
"2026-07-30 14:25:32.783 +07:00","854.139","HOT_SWEEP_85","85","0.080234662"
"2026-07-30 14:25:33.478 +07:00","854.834","HOT_SWEEP_85","85","0.080495924"
"2026-07-30 14:25:34.154 +07:00","855.512","HOT_SWEEP_85","85","0.080719389"
"2026-07-30 14:25:34.848 +07:00","856.191","HOT_SWEEP_85","85","0.080611847"
"2026-07-30 14:25:35.540 +07:00","856.895","HOT_SWEEP_85","85","0.08056853"
"2026-07-30 14:25:36.215 +07:00","857.573","HOT_SWEEP_85","85","0.081248969"
"2026-07-30 14:25:36.883 +07:00","858.24","HOT_SWEEP_85","85","0.081241116"
"2026-07-30 14:25:37.568 +07:00","858.926","HOT_SWEEP_85","85","0.081121482"
"2026-07-30 14:25:38.248 +07:00","859.605","HOT_SWEEP_85","85","0.082094118"
"2026-07-30 14:25:38.918 +07:00","860.275","HOT_SWEEP_85","85","0.082176283"
"2026-07-30 14:25:39.615 +07:00","860.973","HOT_SWEEP_85","85","0.082056008"
"2026-07-30 14:25:40.303 +07:00","861.65","HOT_SWEEP_85","85","0.083042517"
"2026-07-30 14:25:40.987 +07:00","862.342","HOT_SWEEP_85","85","0.082833394"
"2026-07-30 14:25:41.685 +07:00","863.042","HOT_SWEEP_85","85","0.082559347"
"2026-07-30 14:25:42.372 +07:00","863.726","HOT_SWEEP_85","85","0.08315967"
"2026-07-30 14:25:43.053 +07:00","864.411","HOT_SWEEP_85","85","0.082822658"
"2026-07-30 14:25:43.744 +07:00","865.101","HOT_SWEEP_85","85","0.082451008"
"2026-07-30 14:25:44.436 +07:00","865.793","HOT_SWEEP_85","85","0.082675077"
"2026-07-30 14:25:45.127 +07:00","866.484","HOT_SWEEP_85","85","0.082474351"
"2026-07-30 14:25:45.829 +07:00","867.185","HOT_SWEEP_85","85","0.082081616"
"2026-07-30 14:25:46.516 +07:00","867.874","HOT_SWEEP_85","85","0.082166277"
"2026-07-30 14:25:47.194 +07:00","868.552","HOT_SWEEP_85","85","0.082077235"
"2026-07-30 14:25:47.863 +07:00","869.22","HOT_SWEEP_85","85","0.08182811"
"2026-07-30 14:25:48.546 +07:00","869.904","HOT_SWEEP_85","85","0.081994966"
"2026-07-30 14:25:49.237 +07:00","870.583","HOT_SWEEP_85","85","0.082588367"
"2026-07-30 14:25:49.923 +07:00","871.281","HOT_SWEEP_85","85","0.082548812"
"2026-07-30 14:25:50.616 +07:00","871.971","HOT_SWEEP_85","85","0.082554571"
"2026-07-30 14:25:51.290 +07:00","872.648","HOT_SWEEP_85","85","0.083635628"
"2026-07-30 14:25:51.985 +07:00","873.343","HOT_SWEEP_85","85","0.083395436"
"2026-07-30 14:25:52.673 +07:00","874.03","HOT_SWEEP_85","85","0.083193876"
"2026-07-30 14:25:53.363 +07:00","874.713","HOT_SWEEP_85","85","0.084180102"
"2026-07-30 14:25:54.040 +07:00","875.397","HOT_SWEEP_85","85","0.084210381"
"2026-07-30 14:25:54.721 +07:00","876.076","HOT_SWEEP_85","85","0.084330119"
"2026-07-30 14:25:55.413 +07:00","876.754","HOT_SWEEP_85","85","0.084916286"
"2026-07-30 14:25:56.101 +07:00","877.457","HOT_SWEEP_85","85","0.084673226"
"2026-07-30 14:25:56.789 +07:00","878.139","HOT_SWEEP_85","85","0.084427878"
"2026-07-30 14:25:57.481 +07:00","878.837","HOT_SWEEP_85","85","0.084658198"
"2026-07-30 14:25:58.161 +07:00","879.509","HOT_SWEEP_85","85","0.084665127"
"2026-07-30 14:25:58.854 +07:00","880.207","HOT_SWEEP_85","85","0.084741794"
"2026-07-30 14:25:59.541 +07:00","880.898","HOT_SWEEP_85","85","0.084999584"
"2026-07-30 14:26:00.228 +07:00","881.58","HOT_SWEEP_85","85","0.085279591"
"2026-07-30 14:26:00.906 +07:00","882.263","HOT_SWEEP_85","85","0.085153505"
"2026-07-30 14:26:01.594 +07:00","882.944","HOT_SWEEP_85","85","0.084853657"
"2026-07-30 14:26:02.294 +07:00","883.65","HOT_SWEEP_85","85","0.085527427"
"2026-07-30 14:26:02.980 +07:00","884.338","HOT_SWEEP_85","85","0.085565403"
"2026-07-30 14:26:03.659 +07:00","885.008","HOT_SWEEP_85","85","0.085605308"
"2026-07-30 14:26:04.346 +07:00","885.702","HOT_SWEEP_85","85","0.086702153"
"2026-07-30 14:26:05.038 +07:00","886.395","HOT_SWEEP_85","85","0.086679593"
"2026-07-30 14:26:05.747 +07:00","887.105","HOT_SWEEP_85","85","0.086619601"
"2026-07-30 14:26:06.423 +07:00","887.78","HOT_SWEEP_85","85","0.087251022"
"2026-07-30 14:26:07.100 +07:00","888.457","HOT_SWEEP_85","85","0.087182947"
"2026-07-30 14:26:07.781 +07:00","889.138","HOT_SWEEP_85","85","0.08703734"
"2026-07-30 14:26:08.472 +07:00","889.827","HOT_SWEEP_85","85","0.087490387"
"2026-07-30 14:26:09.164 +07:00","890.522","HOT_SWEEP_85","85","0.087402098"
"2026-07-30 14:26:09.837 +07:00","891.194","HOT_SWEEP_85","85","0.087171778"
"2026-07-30 14:26:10.523 +07:00","891.879","HOT_SWEEP_85","85","0.08721704"
"2026-07-30 14:26:11.200 +07:00","892.558","HOT_SWEEP_85","85","0.087212145"
"2026-07-30 14:26:11.879 +07:00","893.232","HOT_SWEEP_85","85","0.087033622"
"2026-07-30 14:26:12.574 +07:00","893.925","HOT_SWEEP_85","85","0.086893737"
"2026-07-30 14:26:13.243 +07:00","894.601","HOT_SWEEP_85","85","0.087435111"
"2026-07-30 14:26:13.933 +07:00","895.29","HOT_SWEEP_85","85","0.087206312"
"2026-07-30 14:26:14.637 +07:00","895.993","HOT_SWEEP_85","85","0.087139115"
"2026-07-30 14:26:15.321 +07:00","896.679","HOT_SWEEP_85","85","0.08796221"
"2026-07-30 14:26:16.004 +07:00","897.352","HOT_SWEEP_85","85","0.087795697"
"2026-07-30 14:26:16.697 +07:00","898.051","HOT_SWEEP_85","85","0.087707803"
"2026-07-30 14:26:17.387 +07:00","898.743","HOT_SWEEP_85","85","0.088254951"
"2026-07-30 14:26:18.061 +07:00","899.419","HOT_SWEEP_85","85","0.088066034"
"2026-07-30 14:26:18.747 +07:00","900.086","HOT_SWEEP_85","85","0.087801427"
"2026-07-30 14:26:19.434 +07:00","900.791","HOT_SWEEP_85","85","0.088227227"
"2026-07-30 14:26:20.118 +07:00","901.473","HOT_SWEEP_85","85","0.088084564"
"2026-07-30 14:26:20.810 +07:00","902.166","HOT_SWEEP_85","85","0.088061318"
"2026-07-30 14:26:21.499 +07:00","902.852","HOT_SWEEP_85","85","0.088281728"
"2026-07-30 14:26:22.174 +07:00","903.532","HOT_SWEEP_85","85","0.088257581"
"2026-07-30 14:26:22.878 +07:00","904.235","HOT_SWEEP_85","85","0.088221915"
"2026-07-30 14:26:23.561 +07:00","904.919","HOT_SWEEP_85","85","0.088196643"
"2026-07-30 14:26:24.251 +07:00","905.607","HOT_SWEEP_85","85","0.088596091"
"2026-07-30 14:26:24.951 +07:00","906.306","HOT_SWEEP_85","85","0.0885747"
"2026-07-30 14:26:25.637 +07:00","906.995","HOT_SWEEP_85","85","0.088712901"
"2026-07-30 14:26:26.317 +07:00","907.673","HOT_SWEEP_85","85","0.089557379"
"2026-07-30 14:26:27.007 +07:00","908.363","HOT_SWEEP_85","85","0.089621216"
"2026-07-30 14:26:27.701 +07:00","909.057","HOT_SWEEP_85","85","0.089530148"
"2026-07-30 14:26:28.390 +07:00","909.745","HOT_SWEEP_85","85","0.090158433"
"2026-07-30 14:26:29.077 +07:00","910.435","HOT_SWEEP_85","85","0.09004131"
"2026-07-30 14:26:29.762 +07:00","911.115","HOT_SWEEP_85","85","0.089868054"
"2026-07-30 14:26:30.449 +07:00","911.805","HOT_SWEEP_85","85","0.09045624"
"2026-07-30 14:26:31.137 +07:00","912.487","HOT_SWEEP_85","85","0.090416528"
"2026-07-30 14:26:31.817 +07:00","913.173","HOT_SWEEP_85","85","0.090342239"
"2026-07-30 14:26:32.502 +07:00","913.857","HOT_SWEEP_85","85","0.090330146"
"2026-07-30 14:26:33.202 +07:00","914.559","HOT_SWEEP_85","85","0.090161301"
"2026-07-30 14:26:33.885 +07:00","915.242","HOT_SWEEP_85","85","0.089938052"
"2026-07-30 14:26:34.577 +07:00","915.929","HOT_SWEEP_85","85","0.089870818"
"2026-07-30 14:26:35.273 +07:00","916.63","HOT_SWEEP_85","85","0.090191975"
"2026-07-30 14:26:35.963 +07:00","917.319","HOT_SWEEP_85","85","0.090283148"
"2026-07-30 14:26:36.656 +07:00","918.009","HOT_SWEEP_85","85","0.090291619"
"2026-07-30 14:26:37.347 +07:00","918.705","HOT_SWEEP_85","85","0.090994582"
"2026-07-30 14:26:38.047 +07:00","919.404","HOT_SWEEP_85","85","0.090988256"
"2026-07-30 14:26:38.742 +07:00","920.099","HOT_SWEEP_85","85","0.090818837"
"2026-07-30 14:26:39.432 +07:00","920.784","HOT_SWEEP_85","85","0.091463283"
"2026-07-30 14:26:40.116 +07:00","921.472","HOT_SWEEP_85","85","0.091476299"
"2026-07-30 14:26:40.798 +07:00","922.155","HOT_SWEEP_85","85","0.091437757"
"2026-07-30 14:26:41.480 +07:00","922.837","HOT_SWEEP_85","85","0.092003219"
"2026-07-30 14:26:42.164 +07:00","923.52","HOT_SWEEP_85","85","0.09202981"
"2026-07-30 14:26:42.839 +07:00","924.196","HOT_SWEEP_85","85","0.091746531"
"2026-07-30 14:26:43.505 +07:00","924.862","HOT_SWEEP_85","85","0.0918255"
"2026-07-30 14:26:44.197 +07:00","925.553","HOT_SWEEP_85","85","0.091726445"
"2026-07-30 14:26:44.881 +07:00","926.236","HOT_SWEEP_85","85","0.091702312"
"2026-07-30 14:26:45.561 +07:00","926.919","HOT_SWEEP_85","85","0.091655992"
"2026-07-30 14:26:46.237 +07:00","927.595","HOT_SWEEP_85","85","0.092139527"
"2026-07-30 14:26:46.928 +07:00","928.279","HOT_SWEEP_85","85","0.091841958"
"2026-07-30 14:26:47.621 +07:00","928.979","HOT_SWEEP_85","85","0.0916861"
"2026-07-30 14:26:48.304 +07:00","929.66","HOT_SWEEP_85","85","0.092429109"
"2026-07-30 14:26:48.982 +07:00","930.339","HOT_SWEEP_85","85","0.092208728"
"2026-07-30 14:26:49.670 +07:00","931.026","HOT_SWEEP_85","85","0.092042699"
"2026-07-30 14:26:50.364 +07:00","931.718","HOT_SWEEP_85","85","0.093008235"
"2026-07-30 14:26:51.059 +07:00","932.414","HOT_SWEEP_85","85","0.092723027"
"2026-07-30 14:26:51.738 +07:00","933.096","HOT_SWEEP_85","85","0.092436671"
"2026-07-30 14:26:52.425 +07:00","933.783","HOT_SWEEP_85","85","0.093169346"
"2026-07-30 14:26:53.122 +07:00","934.469","HOT_SWEEP_85","85","0.092949159"
"2026-07-30 14:26:53.816 +07:00","935.174","HOT_SWEEP_85","85","0.092779897"
"2026-07-30 14:26:54.509 +07:00","935.863","HOT_SWEEP_85","85","0.092890315"
"2026-07-30 14:26:55.187 +07:00","936.545","HOT_SWEEP_85","85","0.092688546"
"2026-07-30 14:26:55.873 +07:00","937.23","HOT_SWEEP_85","85","0.092569634"
"2026-07-30 14:26:56.556 +07:00","937.906","HOT_SWEEP_85","85","0.092555858"
"2026-07-30 14:26:57.240 +07:00","938.596","HOT_SWEEP_85","85","0.09255787"
"2026-07-30 14:26:57.924 +07:00","939.28","HOT_SWEEP_85","85","0.092489198"
"2026-07-30 14:26:58.621 +07:00","939.974","HOT_SWEEP_85","85","0.092356421"
"2026-07-30 14:26:59.307 +07:00","940.661","HOT_SWEEP_85","85","0.09290383"
"2026-07-30 14:26:59.986 +07:00","941.343","HOT_SWEEP_85","85","0.09268637"
"2026-07-30 14:27:00.686 +07:00","942.042","HOT_SWEEP_85","85","0.092645898"
"2026-07-30 14:27:01.383 +07:00","942.739","HOT_SWEEP_85","85","0.093590021"
"2026-07-30 14:27:02.066 +07:00","943.423","HOT_SWEEP_85","85","0.093427226"
"2026-07-30 14:27:02.756 +07:00","944.11","HOT_SWEEP_85","85","0.093333319"
"2026-07-30 14:27:03.436 +07:00","944.793","HOT_SWEEP_85","85","0.094297029"
"2026-07-30 14:27:04.136 +07:00","945.489","HOT_SWEEP_85","85","0.09429004"
"2026-07-30 14:27:04.819 +07:00","946.176","HOT_SWEEP_85","85","0.094351172"
"2026-07-30 14:27:05.496 +07:00","946.853","HOT_SWEEP_85","85","0.094887733"
"2026-07-30 14:27:06.186 +07:00","947.541","HOT_SWEEP_85","85","0.09474054"
"2026-07-30 14:27:06.862 +07:00","948.219","HOT_SWEEP_85","85","0.094806865"
"2026-07-30 14:27:07.551 +07:00","948.908","HOT_SWEEP_85","85","0.094938733"
"2026-07-30 14:27:08.240 +07:00","949.596","HOT_SWEEP_85","85","0.095129713"
"2026-07-30 14:27:08.932 +07:00","950.289","HOT_SWEEP_85","85","0.09508992"
"2026-07-30 14:27:09.607 +07:00","950.964","HOT_SWEEP_85","85","0.095157959"
"2026-07-30 14:27:10.298 +07:00","951.653","HOT_SWEEP_85","85","0.095477603"
"2026-07-30 14:27:10.984 +07:00","952.341","HOT_SWEEP_85","85","0.095443949"
"2026-07-30 14:27:11.667 +07:00","953.017","HOT_SWEEP_85","85","0.09522076"
"2026-07-30 14:27:12.350 +07:00","953.706","HOT_SWEEP_85","85","0.095908746"
"2026-07-30 14:27:13.042 +07:00","954.398","HOT_SWEEP_85","85","0.09584143"
"2026-07-30 14:27:13.732 +07:00","955.088","HOT_SWEEP_85","85","0.095681362"
"2026-07-30 14:27:14.412 +07:00","955.765","HOT_SWEEP_85","85","0.09655492"
"2026-07-30 14:27:15.092 +07:00","956.45","HOT_SWEEP_85","85","0.096426226"
"2026-07-30 14:27:15.778 +07:00","957.134","HOT_SWEEP_85","85","0.096148871"
"2026-07-30 14:27:16.468 +07:00","957.821","HOT_SWEEP_85","85","0.09656556"
"2026-07-30 14:27:17.150 +07:00","958.499","HOT_SWEEP_85","85","0.096454687"
"2026-07-30 14:27:17.838 +07:00","959.191","HOT_SWEEP_85","85","0.096027613"
"2026-07-30 14:27:18.532 +07:00","959.88","HOT_SWEEP_85","85","0.096275501"
"2026-07-30 14:27:19.216 +07:00","960.572","HOT_SWEEP_85","85","0.096326336"
"2026-07-30 14:27:19.898 +07:00","961.255","HOT_SWEEP_85","85","0.096140303"
"2026-07-30 14:27:20.582 +07:00","961.935","HOT_SWEEP_85","85","0.096033014"
"2026-07-30 14:27:21.280 +07:00","962.634","HOT_SWEEP_85","85","0.096251793"
"2026-07-30 14:27:21.963 +07:00","963.318","HOT_SWEEP_85","85","0.096024171"
"2026-07-30 14:27:22.642 +07:00","963.999","HOT_SWEEP_85","85","0.095980972"
"2026-07-30 14:27:23.342 +07:00","964.692","HOT_SWEEP_85","85","0.096599206"
"2026-07-30 14:27:24.022 +07:00","965.379","HOT_SWEEP_85","85","0.096405447"
"2026-07-30 14:27:24.712 +07:00","966.068","HOT_SWEEP_85","85","0.096337102"
"2026-07-30 14:27:25.404 +07:00","966.757","HOT_SWEEP_85","85","0.097136222"
"2026-07-30 14:27:26.084 +07:00","967.439","HOT_SWEEP_85","85","0.096891269"
"2026-07-30 14:27:26.762 +07:00","968.12","HOT_SWEEP_85","85","0.096811324"
"2026-07-30 14:27:27.464 +07:00","968.822","HOT_SWEEP_85","85","0.097423367"
"2026-07-30 14:27:28.142 +07:00","969.5","HOT_SWEEP_85","85","0.097282536"
"2026-07-30 14:27:28.831 +07:00","970.187","HOT_SWEEP_85","85","0.097029433"
"2026-07-30 14:27:29.508 +07:00","970.866","HOT_SWEEP_85","85","0.097210236"
"2026-07-30 14:27:30.199 +07:00","971.555","HOT_SWEEP_85","85","0.096993133"
"2026-07-30 14:27:30.883 +07:00","972.237","HOT_SWEEP_85","85","0.096773744"
"2026-07-30 14:27:31.559 +07:00","972.916","HOT_SWEEP_85","85","0.096800402"
"2026-07-30 14:27:32.246 +07:00","973.602","HOT_SWEEP_85","85","0.096963324"
"2026-07-30 14:27:32.925 +07:00","974.282","HOT_SWEEP_85","85","0.09681116"
"2026-07-30 14:27:33.622 +07:00","974.978","HOT_SWEEP_85","85","0.096573353"
"2026-07-30 14:27:34.291 +07:00","975.648","HOT_SWEEP_85","85","0.097108766"
"2026-07-30 14:27:34.994 +07:00","976.352","HOT_SWEEP_85","85","0.096839845"
"2026-07-30 14:27:35.680 +07:00","977.034","HOT_SWEEP_85","85","0.096720107"
"2026-07-30 14:27:36.355 +07:00","977.713","HOT_SWEEP_85","85","0.097721376"
"2026-07-30 14:27:37.035 +07:00","978.391","HOT_SWEEP_85","85","0.097543292"
"2026-07-30 14:27:37.721 +07:00","979.077","HOT_SWEEP_85","85","0.09736871"
"2026-07-30 14:27:38.409 +07:00","979.764","HOT_SWEEP_85","85","0.098451629"
"2026-07-30 14:27:39.094 +07:00","980.451","HOT_SWEEP_85","85","0.098157302"
"2026-07-30 14:27:39.775 +07:00","981.117","HOT_SWEEP_85","85","0.098022938"
"2026-07-30 14:27:40.460 +07:00","981.817","HOT_SWEEP_85","85","0.098860428"
"2026-07-30 14:27:41.136 +07:00","982.494","HOT_SWEEP_85","85","0.098843403"
"2026-07-30 14:27:41.837 +07:00","983.192","HOT_SWEEP_85","85","0.098766401"
"2026-07-30 14:27:42.528 +07:00","983.882","HOT_SWEEP_85","85","0.099220768"
"2026-07-30 14:27:43.214 +07:00","984.572","HOT_SWEEP_85","85","0.099112868"
"2026-07-30 14:27:43.903 +07:00","985.256","HOT_SWEEP_85","85","0.099004164"
"2026-07-30 14:27:44.585 +07:00","985.941","HOT_SWEEP_85","85","0.09910734"
"2026-07-30 14:27:45.294 +07:00","986.65","HOT_SWEEP_85","85","0.099083148"
"2026-07-30 14:27:45.981 +07:00","987.337","HOT_SWEEP_85","85","0.099051543"
"2026-07-30 14:27:46.660 +07:00","988.017","HOT_SWEEP_85","85","0.098881111"
"2026-07-30 14:27:47.335 +07:00","988.692","HOT_SWEEP_85","85","0.099329695"
"2026-07-30 14:27:48.014 +07:00","989.371","HOT_SWEEP_85","85","0.099058285"
"2026-07-30 14:27:48.704 +07:00","990.058","HOT_SWEEP_85","85","0.098978862"
"2026-07-30 14:27:49.390 +07:00","990.747","HOT_SWEEP_85","85","0.099785633"
"2026-07-30 14:27:50.076 +07:00","991.432","HOT_SWEEP_85","85","0.099606976"
"2026-07-30 14:27:50.767 +07:00","992.109","HOT_SWEEP_85","85","0.099369198"
"2026-07-30 14:27:51.461 +07:00","992.811","HOT_SWEEP_85","85","0.100185946"
"2026-07-30 14:27:52.137 +07:00","993.494","HOT_SWEEP_85","85","0.100177959"
"2026-07-30 14:27:52.826 +07:00","994.183","HOT_SWEEP_85","85","0.09979789"
"2026-07-30 14:27:53.506 +07:00","994.863","HOT_SWEEP_85","85","0.100143455"
"2026-07-30 14:27:54.180 +07:00","995.538","HOT_SWEEP_85","85","0.099958576"
"2026-07-30 14:27:54.861 +07:00","996.213","HOT_SWEEP_85","85","0.099817708"
"2026-07-30 14:27:55.550 +07:00","996.907","HOT_SWEEP_85","85","0.10001187"
"2026-07-30 14:27:56.236 +07:00","997.585","HOT_SWEEP_85","85","0.099853821"
"2026-07-30 14:27:56.925 +07:00","998.283","HOT_SWEEP_85","85","0.099644803"
"2026-07-30 14:27:57.623 +07:00","998.978","HOT_SWEEP_85","85","0.09955167"
"2026-07-30 14:27:58.297 +07:00","999.654","HOT_SWEEP_85","85","0.099774204"
"2026-07-30 14:27:58.980 +07:00","1000.338","HOT_SWEEP_85","85","0.099510871"
"2026-07-30 14:27:59.671 +07:00","1001.018","HOT_SWEEP_85","85","0.099308558"
"2026-07-30 14:28:00.343 +07:00","1001.701","HOT_SWEEP_85","85","0.100168787"
"2026-07-30 14:28:01.031 +07:00","1002.389","HOT_SWEEP_85","85","0.099781945"
"2026-07-30 14:28:01.725 +07:00","1003.082","HOT_SWEEP_85","85","0.099501826"
"2026-07-30 14:28:02.414 +07:00","1003.772","HOT_SWEEP_85","85","0.100323163"
"2026-07-30 14:28:03.108 +07:00","1004.463","HOT_SWEEP_85","85","0.100065693"
"2026-07-30 14:28:03.778 +07:00","1005.135","HOT_SWEEP_85","85","0.099953577"
"2026-07-30 14:28:04.459 +07:00","1005.816","HOT_SWEEP_85","85","0.100596979"
"2026-07-30 14:28:05.141 +07:00","1006.498","HOT_SWEEP_85","85","0.100338139"
"2026-07-30 14:28:05.822 +07:00","1007.179","HOT_SWEEP_85","85","0.100096151"
"2026-07-30 14:28:06.518 +07:00","1007.871","HOT_SWEEP_85","85","0.100493036"
"2026-07-30 14:28:07.214 +07:00","1008.572","HOT_SWEEP_85","85","0.100324035"
"2026-07-30 14:28:07.888 +07:00","1009.246","HOT_SWEEP_85","85","0.100266889"
"2026-07-30 14:28:08.578 +07:00","1009.936","HOT_SWEEP_85","85","0.100408807"
"2026-07-30 14:28:09.264 +07:00","1010.611","HOT_SWEEP_85","85","0.100345135"
"2026-07-30 14:28:09.951 +07:00","1011.308","HOT_SWEEP_85","85","0.100242652"
"2026-07-30 14:28:10.623 +07:00","1011.98","HOT_SWEEP_85","85","0.100155249"
"2026-07-30 14:28:11.312 +07:00","1012.66","HOT_SWEEP_85","85","0.100712374"
"2026-07-30 14:28:11.997 +07:00","1013.351","HOT_SWEEP_85","85","0.100503229"
"2026-07-30 14:28:12.674 +07:00","1014.031","HOT_SWEEP_85","85","0.100393072"
"2026-07-30 14:28:13.362 +07:00","1014.718","HOT_SWEEP_85","85","0.10129343"
"2026-07-30 14:28:14.054 +07:00","1015.411","HOT_SWEEP_85","85","0.100966111"
"2026-07-30 14:28:14.749 +07:00","1016.107","HOT_SWEEP_85","85","0.100805007"
"2026-07-30 14:28:15.424 +07:00","1016.781","HOT_SWEEP_85","85","0.101876989"
"2026-07-30 14:28:16.109 +07:00","1017.465","HOT_SWEEP_85","85","0.101788022"
"2026-07-30 14:28:16.805 +07:00","1018.157","HOT_SWEEP_85","85","0.101475142"
"2026-07-30 14:28:17.496 +07:00","1018.85","HOT_SWEEP_85","85","0.102266788"
"2026-07-30 14:28:18.189 +07:00","1019.547","HOT_SWEEP_85","85","0.102079093"
"2026-07-30 14:28:18.884 +07:00","1020.24","HOT_SWEEP_85","85","0.101909146"
"2026-07-30 14:28:19.573 +07:00","1020.931","HOT_SWEEP_85","85","0.102061287"
"2026-07-30 14:28:20.258 +07:00","1021.613","HOT_SWEEP_85","85","0.10196799"
"2026-07-30 14:28:20.948 +07:00","1022.303","HOT_SWEEP_85","85","0.101869926"
"2026-07-30 14:28:21.635 +07:00","1022.993","HOT_SWEEP_85","85","0.101843216"
"2026-07-30 14:28:22.326 +07:00","1023.675","HOT_SWEEP_85","85","0.101792037"
"2026-07-30 14:28:23.015 +07:00","1024.373","HOT_SWEEP_85","85","0.10158167"
"2026-07-30 14:28:23.680 +07:00","1025.038","HOT_SWEEP_85","85","0.101554632"
"2026-07-30 14:28:24.374 +07:00","1025.731","HOT_SWEEP_85","85","0.101857483"
"2026-07-30 14:28:25.055 +07:00","1026.41","HOT_SWEEP_85","85","0.101629876"
"2026-07-30 14:28:25.743 +07:00","1027.097","HOT_SWEEP_85","85","0.101516426"
"2026-07-30 14:28:26.433 +07:00","1027.787","HOT_SWEEP_85","85","0.102353454"
"2026-07-30 14:28:27.126 +07:00","1028.474","HOT_SWEEP_85","85","0.102129236"
"2026-07-30 14:28:27.812 +07:00","1029.168","HOT_SWEEP_85","85","0.102025904"
"2026-07-30 14:28:28.501 +07:00","1029.858","HOT_SWEEP_85","85","0.102753378"
"2026-07-30 14:28:29.192 +07:00","1030.547","HOT_SWEEP_85","85","0.102567866"