timestamp_local,elapsed_s,phase,duty_pct,mq8_v
"2026-08-04 09:57:08.314 +07:00","1.917","HOT_BASELINE_100","100","-0.000944964"
"2026-08-04 09:57:09.003 +07:00","2.662","HOT_BASELINE_100","100","-0.00092711"
"2026-08-04 09:57:09.683 +07:00","3.342","HOT_BASELINE_100","100","-0.000950062"
"2026-08-04 09:57:10.384 +07:00","4.042","HOT_BASELINE_100","100","-0.00092791"
"2026-08-04 09:57:11.081 +07:00","4.74","HOT_BASELINE_100","100","-0.000903402"
"2026-08-04 09:57:11.767 +07:00","5.426","HOT_BASELINE_100","100","-0.000895522"
"2026-08-04 09:57:12.449 +07:00","6.108","HOT_BASELINE_100","100","-0.000903777"
"2026-08-04 09:57:13.150 +07:00","6.809","HOT_BASELINE_100","100","-0.00090321"
"2026-08-04 09:57:13.848 +07:00","7.508","HOT_BASELINE_100","100","-0.000909126"
"2026-08-04 09:57:14.532 +07:00","8.191","HOT_BASELINE_100","100","-0.000933164"
"2026-08-04 09:57:15.218 +07:00","8.875","HOT_BASELINE_100","100","-0.000943921"
"2026-08-04 09:57:15.913 +07:00","9.573","HOT_BASELINE_100","100","-0.000936122"
"2026-08-04 09:57:16.614 +07:00","10.274","HOT_BASELINE_100","100","-0.00087738"
"2026-08-04 09:57:17.298 +07:00","10.957","HOT_BASELINE_100","100","-0.000884357"
"2026-08-04 09:57:17.981 +07:00","11.639","HOT_BASELINE_100","100","-0.000866699"
"2026-08-04 09:57:18.681 +07:00","12.34","HOT_BASELINE_100","100","-0.000865851"
"2026-08-04 09:57:19.380 +07:00","13.039","HOT_BASELINE_100","100","-0.000863227"
"2026-08-04 09:57:20.067 +07:00","13.724","HOT_BASELINE_100","100","-0.00085907"
"2026-08-04 09:57:20.749 +07:00","14.409","HOT_BASELINE_100","100","-0.000834428"
"2026-08-04 09:57:21.447 +07:00","15.105","HOT_BASELINE_100","100","-0.000820532"
"2026-08-04 09:57:22.144 +07:00","15.803","HOT_BASELINE_100","100","-0.000833822"
"2026-08-04 09:57:22.828 +07:00","16.487","HOT_BASELINE_100","100","-0.000836471"
"2026-08-04 09:57:23.512 +07:00","17.172","HOT_BASELINE_100","100","-0.00087842"
"2026-08-04 09:57:24.209 +07:00","17.868","HOT_BASELINE_100","100","-0.000899464"
"2026-08-04 09:57:24.895 +07:00","18.554","HOT_BASELINE_100","100","-0.000909122"
"2026-08-04 09:57:25.578 +07:00","19.238","HOT_BASELINE_100","100","-0.000909773"
"2026-08-04 09:57:26.259 +07:00","19.918","HOT_BASELINE_100","100","-0.000921435"
"2026-08-04 09:57:26.943 +07:00","20.601","HOT_BASELINE_100","100","-0.000916793"
"2026-08-04 09:57:27.629 +07:00","21.285","HOT_BASELINE_100","100","-0.000957434"
"2026-08-04 09:57:28.309 +07:00","21.968","HOT_BASELINE_100","100","-0.000954128"
"2026-08-04 09:57:29.010 +07:00","22.668","HOT_BASELINE_100","100","-0.00095607"
"2026-08-04 09:57:29.708 +07:00","23.367","HOT_BASELINE_100","100","-0.000954444"
"2026-08-04 09:57:30.392 +07:00","24.05","HOT_BASELINE_100","100","-0.000955789"
"2026-08-04 09:57:31.074 +07:00","24.734","HOT_BASELINE_100","100","-0.000934108"
"2026-08-04 09:57:31.775 +07:00","25.434","HOT_BASELINE_100","100","-0.000934565"
"2026-08-04 09:57:32.476 +07:00","26.134","HOT_BASELINE_100","100","-0.000941801"
"2026-08-04 09:57:33.161 +07:00","26.816","HOT_BASELINE_100","100","-0.000936344"
"2026-08-04 09:57:33.841 +07:00","27.5","HOT_BASELINE_100","100","-0.000952971"
"2026-08-04 09:57:34.544 +07:00","28.202","HOT_BASELINE_100","100","-0.000950833"
"2026-08-04 09:57:35.240 +07:00","28.899","HOT_BASELINE_100","100","-0.000930054"
"2026-08-04 09:57:35.922 +07:00","29.581","HOT_BASELINE_100","100","-0.000914403"
"2026-08-04 09:57:36.606 +07:00","30.264","HOT_BASELINE_100","100","-0.000901084"
"2026-08-04 09:57:37.305 +07:00","30.964","HOT_BASELINE_100","100","-0.00088085"
"2026-08-04 09:57:38.009 +07:00","31.665","HOT_BASELINE_100","100","-0.000891835"
"2026-08-04 09:57:38.705 +07:00","32.365","HOT_BASELINE_100","100","-0.00091676"
"2026-08-04 09:57:39.388 +07:00","33.047","HOT_BASELINE_100","100","-0.000905356"
"2026-08-04 09:57:40.087 +07:00","33.746","HOT_BASELINE_100","100","-0.000900315"
"2026-08-04 09:57:40.789 +07:00","34.448","HOT_BASELINE_100","100","-0.000903438"
"2026-08-04 09:57:41.489 +07:00","35.146","HOT_BASELINE_100","100","-0.000878855"
"2026-08-04 09:57:42.169 +07:00","35.829","HOT_BASELINE_100","100","-0.00089818"
"2026-08-04 09:57:42.878 +07:00","36.534","HOT_BASELINE_100","100","-0.000909441"
"2026-08-04 09:57:43.566 +07:00","37.226","HOT_BASELINE_100","100","-0.000922434"
"2026-08-04 09:57:44.251 +07:00","37.911","HOT_BASELINE_100","100","-0.000920593"
"2026-08-04 09:57:44.938 +07:00","38.596","HOT_BASELINE_100","100","-0.000902308"
"2026-08-04 09:57:45.635 +07:00","39.294","HOT_BASELINE_100","100","-0.000877692"
"2026-08-04 09:57:46.335 +07:00","39.993","HOT_BASELINE_100","100","-0.000871855"
"2026-08-04 09:57:47.017 +07:00","40.677","HOT_BASELINE_100","100","-0.00088713"
"2026-08-04 09:57:47.702 +07:00","41.361","HOT_BASELINE_100","100","-0.000877101"
"2026-08-04 09:57:48.401 +07:00","42.06","HOT_BASELINE_100","100","-0.000882083"
"2026-08-04 09:57:49.100 +07:00","42.76","HOT_BASELINE_100","100","-0.000887767"
"2026-08-04 09:57:49.785 +07:00","43.444","HOT_BASELINE_100","100","-0.00089401"
"2026-08-04 09:57:50.467 +07:00","44.126","HOT_BASELINE_100","100","-0.000887463"
"2026-08-04 09:57:51.165 +07:00","44.824","HOT_BASELINE_100","100","-0.000900258"
"2026-08-04 09:57:51.865 +07:00","45.524","HOT_BASELINE_100","100","-0.00090023"
"2026-08-04 09:57:52.552 +07:00","46.21","HOT_BASELINE_100","100","-0.00089781"
"2026-08-04 09:57:53.231 +07:00","46.89","HOT_BASELINE_100","100","-0.00089296"
"2026-08-04 09:57:53.934 +07:00","47.592","HOT_BASELINE_100","100","-0.00088482"
"2026-08-04 09:57:54.634 +07:00","48.29","HOT_BASELINE_100","100","-0.000890137"
"2026-08-04 09:57:55.333 +07:00","48.99","HOT_BASELINE_100","100","-0.000889514"
"2026-08-04 09:57:56.014 +07:00","49.674","HOT_BASELINE_100","100","-0.000899062"
"2026-08-04 09:57:56.714 +07:00","50.373","HOT_BASELINE_100","100","-0.000885523"
"2026-08-04 09:57:57.413 +07:00","51.073","HOT_BASELINE_100","100","-0.000886253"
"2026-08-04 09:57:58.095 +07:00","51.754","HOT_BASELINE_100","100","-0.000859756"
"2026-08-04 09:57:58.779 +07:00","52.438","HOT_BASELINE_100","100","-0.000895375"
"2026-08-04 09:57:59.482 +07:00","53.139","HOT_BASELINE_100","100","-0.00092472"
"2026-08-04 09:58:00.179 +07:00","53.838","HOT_BASELINE_100","100","-0.000936755"
"2026-08-04 09:58:00.864 +07:00","54.521","HOT_BASELINE_100","100","-0.000929443"
"2026-08-04 09:58:01.546 +07:00","55.204","HOT_BASELINE_100","100","-0.000927019"
"2026-08-04 09:58:02.245 +07:00","55.905","HOT_BASELINE_100","100","-0.000910998"
"2026-08-04 09:58:02.944 +07:00","56.603","HOT_BASELINE_100","100","-0.000915172"
"2026-08-04 09:58:03.628 +07:00","57.287","HOT_BASELINE_100","100","-0.000939775"
"2026-08-04 09:58:04.311 +07:00","57.968","HOT_BASELINE_100","100","-0.000936258"
"2026-08-04 09:58:05.008 +07:00","58.668","HOT_BASELINE_100","100","-0.000948864"
"2026-08-04 09:58:05.692 +07:00","59.352","HOT_BASELINE_100","100","-0.000940732"
"2026-08-04 09:58:06.380 +07:00","60.037","HOT_BASELINE_100","100","-0.00093229"
"2026-08-04 09:58:07.064 +07:00","60.721","HOT_BASELINE_100","100","-0.000932121"
"2026-08-04 09:58:07.762 +07:00","61.419","HOT_BASELINE_100","100","-0.000906136"
"2026-08-04 09:58:08.458 +07:00","62.118","HOT_BASELINE_100","100","-0.00089954"
"2026-08-04 09:58:09.145 +07:00","62.801","HOT_BASELINE_100","100","-0.000929387"
"2026-08-04 09:58:09.824 +07:00","63.483","HOT_BASELINE_100","100","-0.000920618"
"2026-08-04 09:58:10.525 +07:00","64.184","HOT_BASELINE_100","100","-0.00089593"
"2026-08-04 09:58:11.208 +07:00","64.867","HOT_BASELINE_100","100","-0.000904474"
"2026-08-04 09:58:11.889 +07:00","65.547","HOT_BASELINE_100","100","-0.000917066"
"2026-08-04 09:58:12.576 +07:00","66.235","HOT_BASELINE_100","100","-0.000917736"
"2026-08-04 09:58:13.272 +07:00","66.929","HOT_BASELINE_100","100","-0.00091324"
"2026-08-04 09:58:13.958 +07:00","67.617","HOT_BASELINE_100","100","-0.000936389"
"2026-08-04 09:58:14.643 +07:00","68.302","HOT_BASELINE_100","100","-0.00096827"
"2026-08-04 09:58:15.318 +07:00","68.979","HOT_BASELINE_100","100","-0.000965365"
"2026-08-04 09:58:16.010 +07:00","69.668","HOT_BASELINE_100","100","-0.000968214"
"2026-08-04 09:58:16.706 +07:00","70.368","HOT_BASELINE_100","100","-0.000962557"
"2026-08-04 09:58:17.402 +07:00","71.061","HOT_BASELINE_100","100","-0.000945417"
"2026-08-04 09:58:18.104 +07:00","71.759","HOT_BASELINE_100","100","-0.00094513"
"2026-08-04 09:58:18.790 +07:00","72.449","HOT_BASELINE_100","100","-0.000945168"
"2026-08-04 09:58:19.472 +07:00","73.131","HOT_BASELINE_100","100","-0.000935302"
"2026-08-04 09:58:20.155 +07:00","73.814","HOT_BASELINE_100","100","-0.000945445"
"2026-08-04 09:58:20.854 +07:00","74.508","HOT_BASELINE_100","100","-0.00093452"
"2026-08-04 09:58:21.536 +07:00","75.195","HOT_BASELINE_100","100","-0.000855399"
"2026-08-04 09:58:22.221 +07:00","75.878","HOT_BASELINE_100","100","-0.000876164"
"2026-08-04 09:58:22.895 +07:00","76.556","HOT_BASELINE_100","100","-0.00082274"
"2026-08-04 09:58:23.585 +07:00","77.246","HOT_BASELINE_100","100","-0.000820539"
"2026-08-04 09:58:24.264 +07:00","77.925","HOT_BASELINE_100","100","-0.000845517"
"2026-08-04 09:58:24.955 +07:00","78.616","HOT_BASELINE_100","100","-0.000847389"
"2026-08-04 09:58:25.652 +07:00","79.311","HOT_BASELINE_100","100","-0.000846284"
"2026-08-04 09:58:26.341 +07:00","80","HOT_BASELINE_100","100","-0.000864334"
"2026-08-04 09:58:27.034 +07:00","80.689","HOT_BASELINE_100","100","-0.000844474"
"2026-08-04 09:58:27.719 +07:00","81.378","HOT_BASELINE_100","100","-0.000841012"
"2026-08-04 09:58:28.411 +07:00","82.072","HOT_BASELINE_100","100","-0.000908807"
"2026-08-04 09:58:29.094 +07:00","82.755","HOT_BASELINE_100","100","-0.000908177"
"2026-08-04 09:58:29.783 +07:00","83.442","HOT_BASELINE_100","100","-0.0009644"
"2026-08-04 09:58:30.471 +07:00","84.127","HOT_BASELINE_100","100","-0.000967997"
"2026-08-04 09:58:31.153 +07:00","84.812","HOT_BASELINE_100","100","-0.000963507"
"2026-08-04 09:58:31.834 +07:00","85.493","HOT_BASELINE_100","100","-0.000964206"
"2026-08-04 09:58:32.518 +07:00","86.169","HOT_BASELINE_100","100","-0.000966529"
"2026-08-04 09:58:33.209 +07:00","86.871","HOT_BASELINE_100","100","-0.000926811"
"2026-08-04 09:58:33.897 +07:00","87.558","HOT_BASELINE_100","100","-0.000932726"
"2026-08-04 09:58:34.575 +07:00","88.236","HOT_BASELINE_100","100","-0.000927355"
"2026-08-04 09:58:35.282 +07:00","88.935","HOT_BASELINE_100","100","-0.000921233"
"2026-08-04 09:58:35.973 +07:00","89.632","HOT_BASELINE_100","100","-0.000919798"
"2026-08-04 09:58:36.663 +07:00","90.322","HOT_BASELINE_100","100","-0.000906535"
"2026-08-04 09:58:37.341 +07:00","91.002","HOT_BASELINE_100","100","-0.000910774"
"2026-08-04 09:58:38.032 +07:00","91.685","HOT_BASELINE_100","100","-0.000923799"
"2026-08-04 09:58:38.708 +07:00","92.369","HOT_BASELINE_100","100","-0.000932788"
"2026-08-04 09:58:39.400 +07:00","93.059","HOT_BASELINE_100","100","-0.000947532"
"2026-08-04 09:58:40.089 +07:00","93.75","HOT_BASELINE_100","100","-0.000977654"
"2026-08-04 09:58:40.784 +07:00","94.44","HOT_BASELINE_100","100","-0.000956411"
"2026-08-04 09:58:41.477 +07:00","95.136","HOT_BASELINE_100","100","-0.00094477"
"2026-08-04 09:58:42.162 +07:00","95.819","HOT_BASELINE_100","100","-0.000952927"
"2026-08-04 09:58:42.844 +07:00","96.503","HOT_BASELINE_100","100","-0.000951702"
"2026-08-04 09:58:43.543 +07:00","97.202","HOT_BASELINE_100","100","-0.000952364"
"2026-08-04 09:58:44.227 +07:00","97.886","HOT_BASELINE_100","100","-0.000956728"
"2026-08-04 09:58:44.910 +07:00","98.569","HOT_BASELINE_100","100","-0.00092201"
"2026-08-04 09:58:45.591 +07:00","99.251","HOT_BASELINE_100","100","-0.000907634"
"2026-08-04 09:58:46.292 +07:00","99.951","HOT_BASELINE_100","100","-0.000881916"
"2026-08-04 09:58:46.976 +07:00","100.634","HOT_BASELINE_100","100","-0.000879987"
"2026-08-04 09:58:47.656 +07:00","101.317","HOT_BASELINE_100","100","-0.000884502"
"2026-08-04 09:58:48.349 +07:00","102.01","HOT_BASELINE_100","100","-0.000908989"
"2026-08-04 09:58:49.042 +07:00","102.701","HOT_BASELINE_100","100","-0.000915914"
"2026-08-04 09:58:49.724 +07:00","103.384","HOT_BASELINE_100","100","-0.000918782"
"2026-08-04 09:58:50.412 +07:00","104.072","HOT_BASELINE_100","100","-0.000925832"
"2026-08-04 09:58:51.106 +07:00","104.765","HOT_BASELINE_100","100","-0.000956278"
"2026-08-04 09:58:51.798 +07:00","105.453","HOT_BASELINE_100","100","-0.000980784"
"2026-08-04 09:58:52.483 +07:00","106.144","HOT_BASELINE_100","100","-0.00098917"
"2026-08-04 09:58:53.173 +07:00","106.834","HOT_BASELINE_100","100","-0.000970399"
"2026-08-04 09:58:53.872 +07:00","107.531","HOT_BASELINE_100","100","-0.000983006"
"2026-08-04 09:58:54.573 +07:00","108.232","HOT_BASELINE_100","100","-0.001015476"
"2026-08-04 09:58:55.257 +07:00","108.912","HOT_BASELINE_100","100","-0.000998759"
"2026-08-04 09:58:55.944 +07:00","109.601","HOT_BASELINE_100","100","-0.000984902"
"2026-08-04 09:58:56.631 +07:00","110.292","HOT_BASELINE_100","100","-0.000964959"
"2026-08-04 09:58:57.318 +07:00","110.979","HOT_BASELINE_100","100","-0.00095484"
"2026-08-04 09:58:57.998 +07:00","111.659","HOT_BASELINE_100","100","-0.000935702"
"2026-08-04 09:58:58.692 +07:00","112.343","HOT_BASELINE_100","100","-0.000926842"
"2026-08-04 09:58:59.387 +07:00","113.046","HOT_BASELINE_100","100","-0.000913679"
"2026-08-04 09:59:00.071 +07:00","113.73","HOT_BASELINE_100","100","-0.000941799"
"2026-08-04 09:59:00.748 +07:00","114.409","HOT_BASELINE_100","100","-0.000931778"
"2026-08-04 09:59:01.438 +07:00","115.099","HOT_BASELINE_100","100","-0.000911666"
"2026-08-04 09:59:02.134 +07:00","115.793","HOT_BASELINE_100","100","-0.000900187"
"2026-08-04 09:59:02.818 +07:00","116.479","HOT_BASELINE_100","100","-0.000983051"
"2026-08-04 09:59:03.496 +07:00","117.157","HOT_BASELINE_100","100","-0.000994698"
"2026-08-04 09:59:04.186 +07:00","117.847","HOT_BASELINE_100","100","-0.001005983"
"2026-08-04 09:59:04.877 +07:00","118.538","HOT_BASELINE_100","100","-0.000998305"
"2026-08-04 09:59:05.570 +07:00","119.228","HOT_BASELINE_100","100","-0.000989774"
"2026-08-04 09:59:06.245 +07:00","119.906","HOT_BASELINE_100","100","-0.001012276"
"2026-08-04 09:59:06.928 +07:00","120.589","HOT_BASELINE_100","100","-0.000993318"
"2026-08-04 09:59:07.613 +07:00","121.274","HOT_BASELINE_100","100","-0.000985448"
"2026-08-04 09:59:08.305 +07:00","121.964","HOT_BASELINE_100","100","-0.000993341"
"2026-08-04 09:59:08.979 +07:00","122.64","HOT_BASELINE_100","100","-0.001018867"
"2026-08-04 09:59:09.670 +07:00","123.328","HOT_BASELINE_100","100","-0.000934277"
"2026-08-04 09:59:10.365 +07:00","124.024","HOT_BASELINE_100","100","-0.000936177"
"2026-08-04 09:59:11.050 +07:00","124.709","HOT_BASELINE_100","100","-0.000924622"
"2026-08-04 09:59:11.741 +07:00","125.402","HOT_BASELINE_100","100","-0.000899495"
"2026-08-04 09:59:12.431 +07:00","126.09","HOT_BASELINE_100","100","-0.000916835"
"2026-08-04 09:59:13.113 +07:00","126.769","HOT_BASELINE_100","100","-0.000917113"
"2026-08-04 09:59:13.798 +07:00","127.459","HOT_BASELINE_100","100","-0.000934138"
"2026-08-04 09:59:14.490 +07:00","128.151","HOT_BASELINE_100","100","-0.000935168"
"2026-08-04 09:59:15.187 +07:00","128.844","HOT_BASELINE_100","100","-0.000918794"
"2026-08-04 09:59:15.879 +07:00","129.536","HOT_BASELINE_100","100","-0.000905808"
"2026-08-04 09:59:16.570 +07:00","130.219","HOT_BASELINE_100","100","-0.000922731"
"2026-08-04 09:59:17.253 +07:00","130.914","HOT_BASELINE_100","100","-0.000919711"
"2026-08-04 09:59:17.940 +07:00","131.598","HOT_BASELINE_100","100","-0.000932224"
"2026-08-04 09:59:18.638 +07:00","132.298","HOT_BASELINE_100","100","-0.000948726"
"2026-08-04 09:59:19.320 +07:00","132.979","HOT_BASELINE_100","100","-0.000959429"
"2026-08-04 09:59:20.008 +07:00","133.669","HOT_BASELINE_100","100","-0.000911957"
"2026-08-04 09:59:20.698 +07:00","134.356","HOT_BASELINE_100","100","-0.00089638"
"2026-08-04 09:59:21.390 +07:00","135.049","HOT_BASELINE_100","100","-0.000920727"
"2026-08-04 09:59:22.088 +07:00","135.748","HOT_BASELINE_100","100","-0.000934815"
"2026-08-04 09:59:22.768 +07:00","136.429","HOT_BASELINE_100","100","-0.000942465"
"2026-08-04 09:59:23.460 +07:00","137.117","HOT_BASELINE_100","100","-0.00094144"
"2026-08-04 09:59:24.138 +07:00","137.799","HOT_BASELINE_100","100","-0.000936765"
"2026-08-04 09:59:24.830 +07:00","138.488","HOT_BASELINE_100","100","-0.000905856"
"2026-08-04 09:59:25.518 +07:00","139.179","HOT_BASELINE_100","100","-0.00089423"
"2026-08-04 09:59:26.208 +07:00","139.864","HOT_BASELINE_100","100","-0.00089051"
"2026-08-04 09:59:26.895 +07:00","140.552","HOT_BASELINE_100","100","-0.000908062"
"2026-08-04 09:59:27.586 +07:00","141.245","HOT_BASELINE_100","100","-0.000912942"
"2026-08-04 09:59:28.277 +07:00","141.937","HOT_BASELINE_100","100","-0.000908135"
"2026-08-04 09:59:28.958 +07:00","142.617","HOT_BASELINE_100","100","-0.000883861"
"2026-08-04 09:59:29.654 +07:00","143.315","HOT_BASELINE_100","100","-0.000869315"
"2026-08-04 09:59:30.349 +07:00","144.004","HOT_BASELINE_100","100","-0.000870854"
"2026-08-04 09:59:31.038 +07:00","144.699","HOT_BASELINE_100","100","-0.000856983"
"2026-08-04 09:59:31.723 +07:00","145.379","HOT_BASELINE_100","100","-0.000859234"
"2026-08-04 09:59:32.421 +07:00","146.08","HOT_BASELINE_100","100","-0.000870921"
"2026-08-04 09:59:33.119 +07:00","146.778","HOT_BASELINE_100","100","-0.000869544"
"2026-08-04 09:59:33.809 +07:00","147.47","HOT_BASELINE_100","100","-0.000882864"
"2026-08-04 09:59:34.483 +07:00","148.144","HOT_BASELINE_100","100","-0.000886822"
"2026-08-04 09:59:35.180 +07:00","148.839","HOT_BASELINE_100","100","-0.000885782"
"2026-08-04 09:59:35.874 +07:00","149.534","HOT_BASELINE_100","100","-0.000883436"
"2026-08-04 09:59:36.570 +07:00","150.229","HOT_BASELINE_100","100","-0.000901837"
"2026-08-04 09:59:37.259 +07:00","150.918","HOT_BASELINE_100","100","-0.000919125"
"2026-08-04 09:59:37.953 +07:00","151.608","HOT_BASELINE_100","100","-0.000950417"
"2026-08-04 09:59:38.639 +07:00","152.298","HOT_BASELINE_100","100","-0.000982939"
"2026-08-04 09:59:39.321 +07:00","152.98","HOT_BASELINE_100","100","-0.000993486"
"2026-08-04 09:59:40.010 +07:00","153.671","HOT_BASELINE_100","100","-0.000982209"
"2026-08-04 09:59:40.699 +07:00","154.36","HOT_BASELINE_100","100","-0.000972295"
"2026-08-04 09:59:41.393 +07:00","155.049","HOT_BASELINE_100","100","-0.000969653"
"2026-08-04 09:59:42.080 +07:00","155.741","HOT_BASELINE_100","100","-0.000955013"
"2026-08-04 09:59:42.768 +07:00","156.429","HOT_BASELINE_100","100","-0.000973192"
"2026-08-04 09:59:43.467 +07:00","157.124","HOT_BASELINE_100","100","-0.000979642"
"2026-08-04 09:59:44.152 +07:00","157.806","HOT_BASELINE_100","100","-0.000963509"
"2026-08-04 09:59:44.836 +07:00","158.489","HOT_BASELINE_100","100","-0.000937126"
"2026-08-04 09:59:45.514 +07:00","159.175","HOT_BASELINE_100","100","-0.000938718"
"2026-08-04 09:59:46.203 +07:00","159.862","HOT_BASELINE_100","100","-0.000910649"
"2026-08-04 09:59:46.884 +07:00","160.543","HOT_BASELINE_100","100","-0.0009127"
"2026-08-04 09:59:47.573 +07:00","161.231","HOT_BASELINE_100","100","-0.000927515"
"2026-08-04 09:59:48.265 +07:00","161.921","HOT_BASELINE_100","100","-0.000937208"
"2026-08-04 09:59:48.949 +07:00","162.609","HOT_BASELINE_100","100","-0.000946324"
"2026-08-04 09:59:49.631 +07:00","163.291","HOT_BASELINE_100","100","-0.000954834"
"2026-08-04 09:59:50.315 +07:00","163.974","HOT_BASELINE_100","100","-0.000955981"
"2026-08-04 09:59:51.010 +07:00","164.67","HOT_BASELINE_100","100","-0.000931151"
"2026-08-04 09:59:51.697 +07:00","165.344","HOT_BASELINE_100","100","-0.000943057"
"2026-08-04 09:59:52.389 +07:00","166.047","HOT_BASELINE_100","100","-0.000918314"
"2026-08-04 09:59:53.074 +07:00","166.735","HOT_BASELINE_100","100","-0.000942592"
"2026-08-04 09:59:53.760 +07:00","167.421","HOT_BASELINE_100","100","-0.000942894"
"2026-08-04 09:59:54.452 +07:00","168.097","HOT_BASELINE_100","100","-0.000955017"
"2026-08-04 09:59:55.142 +07:00","168.795","HOT_BASELINE_100","100","-0.000944796"
"2026-08-04 09:59:55.840 +07:00","169.499","HOT_BASELINE_100","100","-0.000932804"
"2026-08-04 09:59:56.524 +07:00","170.183","HOT_BASELINE_100","100","-0.000913302"
"2026-08-04 09:59:57.220 +07:00","170.88","HOT_BASELINE_100","100","-0.000905737"
"2026-08-04 09:59:57.903 +07:00","171.564","HOT_BASELINE_100","100","-0.000929411"
"2026-08-04 09:59:58.595 +07:00","172.253","HOT_BASELINE_100","100","-0.000928734"
"2026-08-04 09:59:59.272 +07:00","172.933","HOT_BASELINE_100","100","-0.000940131"
"2026-08-04 09:59:59.970 +07:00","173.629","HOT_BASELINE_100","100","-0.000943106"
"2026-08-04 10:00:00.659 +07:00","174.318","HOT_BASELINE_100","100","-0.000950364"
"2026-08-04 10:00:01.359 +07:00","175.019","HOT_BASELINE_100","100","-0.000922061"
"2026-08-04 10:00:02.043 +07:00","175.703","HOT_BASELINE_100","100","-0.000951188"
"2026-08-04 10:00:02.726 +07:00","176.385","HOT_BASELINE_100","100","-0.000949706"
"2026-08-04 10:00:03.410 +07:00","177.069","HOT_BASELINE_100","100","-0.000957392"
"2026-08-04 10:00:04.108 +07:00","177.768","HOT_BASELINE_100","100","-0.000976144"
"2026-08-04 10:00:04.792 +07:00","178.452","HOT_BASELINE_100","100","-0.000967662"
"2026-08-04 10:00:05.474 +07:00","179.133","HOT_BASELINE_100","100","-0.000969624"
"2026-08-04 10:00:06.161 +07:00","179.821","HOT_BASELINE_100","100","-0.000967358"
"2026-08-04 10:00:06.858 +07:00","180.517","HOT_BASELINE_100","100","-0.000962926"
"2026-08-04 10:00:07.557 +07:00","181.216","HOT_BASELINE_100","100","-0.000984761"
"2026-08-04 10:00:08.240 +07:00","181.899","HOT_BASELINE_100","100","-0.000979829"
"2026-08-04 10:00:08.937 +07:00","182.598","HOT_BASELINE_100","100","-0.00095098"
"2026-08-04 10:00:09.627 +07:00","183.279","HOT_BASELINE_100","100","-0.000971411"
"2026-08-04 10:00:10.317 +07:00","183.976","HOT_BASELINE_100","100","-0.000969076"
"2026-08-04 10:00:11.007 +07:00","184.666","HOT_BASELINE_100","100","-0.000962589"
"2026-08-04 10:00:11.710 +07:00","185.363","HOT_BASELINE_100","100","-0.000964501"
"2026-08-04 10:00:12.393 +07:00","186.054","HOT_BASELINE_100","100","-0.000960521"
"2026-08-04 10:00:13.081 +07:00","186.729","HOT_BASELINE_100","100","-0.000949288"
"2026-08-04 10:00:13.770 +07:00","187.431","HOT_BASELINE_100","100","-0.000944972"
"2026-08-04 10:00:14.462 +07:00","188.121","HOT_BASELINE_100","100","-0.000908226"
"2026-08-04 10:00:15.143 +07:00","188.804","HOT_BASELINE_100","100","-0.000914164"
"2026-08-04 10:00:15.826 +07:00","189.488","HOT_BASELINE_100","100","-0.000911847"
"2026-08-04 10:00:16.518 +07:00","190.179","HOT_BASELINE_100","100","-0.000898976"
"2026-08-04 10:00:17.188 +07:00","190.849","HOT_BASELINE_100","100","-0.000896843"
"2026-08-04 10:00:17.876 +07:00","191.535","HOT_BASELINE_100","100","-0.000865308"
"2026-08-04 10:00:18.553 +07:00","192.212","HOT_BASELINE_100","100","-0.000862168"
"2026-08-04 10:00:19.241 +07:00","192.893","HOT_BASELINE_100","100","-0.000870048"
"2026-08-04 10:00:19.940 +07:00","193.594","HOT_BASELINE_100","100","-0.000889172"
"2026-08-04 10:00:20.623 +07:00","194.282","HOT_BASELINE_100","100","-0.000873405"
"2026-08-04 10:00:21.304 +07:00","194.963","HOT_BASELINE_100","100","-0.000882996"
"2026-08-04 10:00:22.000 +07:00","195.659","HOT_BASELINE_100","100","-0.000899791"
"2026-08-04 10:00:22.676 +07:00","196.337","HOT_BASELINE_100","100","-0.000895097"
"2026-08-04 10:00:23.359 +07:00","197.016","HOT_BASELINE_100","100","-0.000904191"
"2026-08-04 10:00:24.048 +07:00","197.706","HOT_BASELINE_100","100","-0.000919447"
"2026-08-04 10:00:24.718 +07:00","198.379","HOT_BASELINE_100","100","-0.000932938"
"2026-08-04 10:00:25.422 +07:00","199.083","HOT_BASELINE_100","100","-0.000951225"
"2026-08-04 10:00:26.110 +07:00","199.769","HOT_BASELINE_100","100","-0.000932394"
"2026-08-04 10:00:26.782 +07:00","200.443","HOT_BASELINE_100","100","-0.000932505"
"2026-08-04 10:00:27.465 +07:00","201.126","HOT_BASELINE_100","100","-0.000946578"
"2026-08-04 10:00:28.158 +07:00","201.817","HOT_BASELINE_100","100","-0.000937756"
"2026-08-04 10:00:28.840 +07:00","202.492","HOT_BASELINE_100","100","-0.000931243"
"2026-08-04 10:00:29.515 +07:00","203.176","HOT_BASELINE_100","100","-0.000949623"
"2026-08-04 10:00:30.203 +07:00","203.864","HOT_BASELINE_100","100","-0.000935366"
"2026-08-04 10:00:30.895 +07:00","204.555","HOT_BASELINE_100","100","-0.000919231"
"2026-08-04 10:00:31.597 +07:00","205.257","HOT_BASELINE_100","100","-0.000926212"
"2026-08-04 10:00:32.295 +07:00","205.955","HOT_BASELINE_100","100","-0.00090275"
"2026-08-04 10:00:32.981 +07:00","206.64","HOT_BASELINE_100","100","-0.000914051"
"2026-08-04 10:00:33.663 +07:00","207.323","HOT_BASELINE_100","100","-0.000904392"
"2026-08-04 10:00:34.360 +07:00","208.019","HOT_BASELINE_100","100","-0.000820169"
"2026-08-04 10:00:35.048 +07:00","208.706","HOT_BASELINE_100","100","-0.000843281"
"2026-08-04 10:00:35.729 +07:00","209.388","HOT_BASELINE_100","100","-0.000838285"
"2026-08-04 10:00:36.428 +07:00","210.087","HOT_BASELINE_100","100","-0.00082925"
"2026-08-04 10:00:37.129 +07:00","210.788","HOT_BASELINE_100","100","-0.000833272"
"2026-08-04 10:00:37.812 +07:00","211.473","HOT_BASELINE_100","100","-0.000828492"
"2026-08-04 10:00:38.489 +07:00","212.15","HOT_BASELINE_100","100","-0.000820433"
"2026-08-04 10:00:39.174 +07:00","212.835","HOT_BASELINE_100","100","-0.000836413"
"2026-08-04 10:00:39.839 +07:00","213.5","HOT_BASELINE_100","100","-0.00083791"
"2026-08-04 10:00:40.545 +07:00","214.199","HOT_BASELINE_100","100","-0.000837703"
"2026-08-04 10:00:41.221 +07:00","214.882","HOT_BASELINE_100","100","-0.000920029"
"2026-08-04 10:00:41.915 +07:00","215.566","HOT_BASELINE_100","100","-0.000886518"
"2026-08-04 10:00:42.588 +07:00","216.249","HOT_BASELINE_100","100","-0.000904798"
"2026-08-04 10:00:43.271 +07:00","216.932","HOT_BASELINE_100","100","-0.000924008"
"2026-08-04 10:00:43.964 +07:00","217.613","HOT_BASELINE_100","100","-0.000903449"
"2026-08-04 10:00:44.653 +07:00","218.314","HOT_BASELINE_100","100","-0.000926093"
"2026-08-04 10:00:45.336 +07:00","218.997","HOT_BASELINE_100","100","-0.000932093"
"2026-08-04 10:00:46.029 +07:00","219.674","HOT_BASELINE_100","100","-0.000907542"
"2026-08-04 10:00:46.721 +07:00","220.378","HOT_BASELINE_100","100","-0.000899688"
"2026-08-04 10:00:47.408 +07:00","221.069","HOT_BASELINE_100","100","-0.000898766"
"2026-08-04 10:00:48.085 +07:00","221.746","HOT_BASELINE_100","100","-0.000878151"
"2026-08-04 10:00:48.769 +07:00","222.43","HOT_BASELINE_100","100","-0.000902774"
"2026-08-04 10:00:49.453 +07:00","223.114","HOT_BASELINE_100","100","-0.000885421"
"2026-08-04 10:00:50.150 +07:00","223.811","HOT_BASELINE_100","100","-0.000867791"
"2026-08-04 10:00:50.842 +07:00","224.495","HOT_BASELINE_100","100","-0.000899753"
"2026-08-04 10:00:51.519 +07:00","225.18","HOT_BASELINE_100","100","-0.000888444"
"2026-08-04 10:00:52.183 +07:00","225.844","HOT_BASELINE_100","100","-0.00089042"
"2026-08-04 10:00:52.884 +07:00","226.545","HOT_BASELINE_100","100","-0.000927971"
"2026-08-04 10:00:53.579 +07:00","227.228","HOT_BASELINE_100","100","-0.000913536"
"2026-08-04 10:00:54.267 +07:00","227.928","HOT_BASELINE_100","100","-0.00091582"
"2026-08-04 10:00:54.946 +07:00","228.592","HOT_BASELINE_100","100","-0.000931844"
"2026-08-04 10:00:55.631 +07:00","229.292","HOT_BASELINE_100","100","-0.000923183"
"2026-08-04 10:00:56.300 +07:00","229.961","HOT_BASELINE_100","100","-0.000931319"
"2026-08-04 10:00:56.984 +07:00","230.645","HOT_BASELINE_100","100","-0.000959177"
"2026-08-04 10:00:57.672 +07:00","231.333","HOT_BASELINE_100","100","-0.000946086"
"2026-08-04 10:00:58.347 +07:00","232.008","HOT_BASELINE_100","100","-0.000952344"
"2026-08-04 10:00:59.014 +07:00","232.675","HOT_BASELINE_100","100","-0.000939507"
"2026-08-04 10:00:59.697 +07:00","233.359","HOT_BASELINE_100","100","-0.000908027"
"2026-08-04 10:01:00.394 +07:00","234.04","HOT_BASELINE_100","100","-0.000928935"
"2026-08-04 10:01:01.079 +07:00","234.74","HOT_BASELINE_100","100","-0.000924051"
"2026-08-04 10:01:01.771 +07:00","235.424","HOT_BASELINE_100","100","-0.000939312"
"2026-08-04 10:01:02.462 +07:00","236.123","HOT_BASELINE_100","100","-0.000944008"
"2026-08-04 10:01:03.146 +07:00","236.807","HOT_BASELINE_100","100","-0.000945252"
"2026-08-04 10:01:03.829 +07:00","237.49","HOT_BASELINE_100","100","-0.000941959"
"2026-08-04 10:01:04.512 +07:00","238.173","HOT_BASELINE_100","100","-0.00094358"
"2026-08-04 10:01:05.195 +07:00","238.856","HOT_BASELINE_100","100","-0.000934597"
"2026-08-04 10:01:05.877 +07:00","239.538","HOT_BASELINE_100","100","-0.000948274"
"2026-08-04 10:01:06.559 +07:00","240.22","HOT_BASELINE_100","100","-0.000952758"
"2026-08-04 10:01:07.248 +07:00","240.909","HOT_BASELINE_100","100","-0.000976642"
"2026-08-04 10:01:07.939 +07:00","241.587","HOT_BASELINE_100","100","-0.00097342"
"2026-08-04 10:01:08.610 +07:00","242.271","HOT_BASELINE_100","100","-0.000962552"
"2026-08-04 10:01:09.294 +07:00","242.955","HOT_BASELINE_100","100","-0.000967023"
"2026-08-04 10:01:09.989 +07:00","243.636","HOT_BASELINE_100","100","-0.000978446"
"2026-08-04 10:01:10.674 +07:00","244.335","HOT_BASELINE_100","100","-0.000933562"
"2026-08-04 10:01:11.367 +07:00","245.026","HOT_BASELINE_100","100","-0.000925228"
"2026-08-04 10:01:12.042 +07:00","245.703","HOT_BASELINE_100","100","-0.00093587"
"2026-08-04 10:01:12.736 +07:00","246.395","HOT_BASELINE_100","100","-0.00092905"
"2026-08-04 10:01:13.408 +07:00","247.069","HOT_BASELINE_100","100","-0.000921796"
"2026-08-04 10:01:14.075 +07:00","247.736","HOT_BASELINE_100","100","-0.000888703"
"2026-08-04 10:01:14.759 +07:00","248.42","HOT_BASELINE_100","100","-0.000903301"
"2026-08-04 10:01:15.440 +07:00","249.101","HOT_BASELINE_100","100","-0.000915355"
"2026-08-04 10:01:16.129 +07:00","249.778","HOT_BASELINE_100","100","-0.000923572"
"2026-08-04 10:01:16.807 +07:00","250.468","HOT_BASELINE_100","100","-0.000888733"
"2026-08-04 10:01:17.489 +07:00","251.15","HOT_BASELINE_100","100","-0.000922833"
"2026-08-04 10:01:18.179 +07:00","251.838","HOT_BASELINE_100","100","-0.000933861"
"2026-08-04 10:01:18.871 +07:00","252.532","HOT_BASELINE_100","100","-0.000938054"
"2026-08-04 10:01:19.563 +07:00","253.222","HOT_BASELINE_100","100","-0.000922596"
"2026-08-04 10:01:20.248 +07:00","253.907","HOT_BASELINE_100","100","-0.00091801"
"2026-08-04 10:01:20.936 +07:00","254.597","HOT_BASELINE_100","100","-0.000942682"
"2026-08-04 10:01:21.624 +07:00","255.285","HOT_BASELINE_100","100","-0.000920762"
"2026-08-04 10:01:22.312 +07:00","255.968","HOT_BASELINE_100","100","-0.00088036"
"2026-08-04 10:01:23.011 +07:00","256.668","HOT_BASELINE_100","100","-0.00087095"
"2026-08-04 10:01:23.708 +07:00","257.367","HOT_BASELINE_100","100","-0.000896238"
"2026-08-04 10:01:24.392 +07:00","258.05","HOT_BASELINE_100","100","-0.000884764"
"2026-08-04 10:01:25.081 +07:00","258.735","HOT_BASELINE_100","100","-0.000863736"
"2026-08-04 10:01:25.773 +07:00","259.434","HOT_BASELINE_100","100","-0.000856479"
"2026-08-04 10:01:26.496 +07:00","260.154","HOT_BASELINE_100","100","-0.000859968"
"2026-08-04 10:01:27.189 +07:00","260.847","HOT_BASELINE_100","100","-0.000885529"
"2026-08-04 10:01:27.871 +07:00","261.532","HOT_BASELINE_100","100","-0.000856586"
"2026-08-04 10:01:28.559 +07:00","262.218","HOT_BASELINE_100","100","-0.000867887"
"2026-08-04 10:01:29.243 +07:00","262.902","HOT_BASELINE_100","100","-0.000899205"
"2026-08-04 10:01:29.916 +07:00","263.578","HOT_BASELINE_100","100","-0.000909931"
"2026-08-04 10:01:30.600 +07:00","264.261","HOT_BASELINE_100","100","-0.000908406"
"2026-08-04 10:01:31.289 +07:00","264.95","HOT_BASELINE_100","100","-0.000892342"
"2026-08-04 10:01:31.976 +07:00","265.633","HOT_BASELINE_100","100","-0.000894253"
"2026-08-04 10:01:32.667 +07:00","266.328","HOT_BASELINE_100","100","-0.000895153"
"2026-08-04 10:01:33.356 +07:00","267.017","HOT_BASELINE_100","100","-0.000903705"
"2026-08-04 10:01:34.043 +07:00","267.691","HOT_BASELINE_100","100","-0.000907867"
"2026-08-04 10:01:34.740 +07:00","268.399","HOT_BASELINE_100","100","-0.000925867"
"2026-08-04 10:01:35.422 +07:00","269.079","HOT_BASELINE_100","100","-0.000933692"
"2026-08-04 10:01:36.105 +07:00","269.766","HOT_BASELINE_100","100","-0.000933488"
"2026-08-04 10:01:36.804 +07:00","270.464","HOT_BASELINE_100","100","-0.000914312"
"2026-08-04 10:01:37.491 +07:00","271.148","HOT_BASELINE_100","100","-0.000903599"
"2026-08-04 10:01:38.178 +07:00","271.839","HOT_BASELINE_100","100","-0.000929586"
"2026-08-04 10:01:38.871 +07:00","272.53","HOT_BASELINE_100","100","-0.000914336"
"2026-08-04 10:01:39.569 +07:00","273.223","HOT_BASELINE_100","100","-0.000915269"
"2026-08-04 10:01:40.253 +07:00","273.912","HOT_BASELINE_100","100","-0.00090663"
"2026-08-04 10:01:40.930 +07:00","274.591","HOT_BASELINE_100","100","-0.000905453"
"2026-08-04 10:01:41.624 +07:00","275.276","HOT_BASELINE_100","100","-0.000897407"
"2026-08-04 10:01:42.311 +07:00","275.972","HOT_BASELINE_100","100","-0.000885431"
"2026-08-04 10:01:43.004 +07:00","276.663","HOT_BASELINE_100","100","-0.000875402"
"2026-08-04 10:01:43.685 +07:00","277.344","HOT_BASELINE_100","100","-0.000879766"
"2026-08-04 10:01:44.368 +07:00","278.028","HOT_BASELINE_100","100","-0.000870298"
"2026-08-04 10:01:45.066 +07:00","278.726","HOT_BASELINE_100","100","-0.000873823"
"2026-08-04 10:01:45.752 +07:00","279.413","HOT_BASELINE_100","100","-0.000916593"
"2026-08-04 10:01:46.440 +07:00","280.101","HOT_BASELINE_100","100","-0.000886776"
"2026-08-04 10:01:47.125 +07:00","280.786","HOT_BASELINE_100","100","-0.000896927"
"2026-08-04 10:01:47.799 +07:00","281.46","HOT_BASELINE_100","100","-0.000895235"
"2026-08-04 10:01:48.476 +07:00","282.122","HOT_BASELINE_100","100","-0.000893109"
"2026-08-04 10:01:49.156 +07:00","282.814","HOT_BASELINE_100","100","-0.000889959"
"2026-08-04 10:01:49.841 +07:00","283.502","HOT_BASELINE_100","100","-0.0009073"
"2026-08-04 10:01:50.536 +07:00","284.196","HOT_BASELINE_100","100","-0.000904342"
"2026-08-04 10:01:51.228 +07:00","284.889","HOT_BASELINE_100","100","-0.000914717"
"2026-08-04 10:01:51.916 +07:00","285.575","HOT_BASELINE_100","100","-0.00089289"
"2026-08-04 10:01:52.604 +07:00","286.258","HOT_BASELINE_100","100","-0.000872632"
"2026-08-04 10:01:53.284 +07:00","286.945","HOT_BASELINE_100","100","-0.000895281"
"2026-08-04 10:01:53.976 +07:00","287.635","HOT_BASELINE_100","100","-0.00088467"
"2026-08-04 10:01:54.666 +07:00","288.325","HOT_BASELINE_100","100","-0.000854818"
"2026-08-04 10:01:55.354 +07:00","289.015","HOT_BASELINE_100","100","-0.000869116"
"2026-08-04 10:01:56.044 +07:00","289.702","HOT_BASELINE_100","100","-0.000903567"
"2026-08-04 10:01:56.734 +07:00","290.395","HOT_BASELINE_100","100","-0.00088357"
"2026-08-04 10:01:57.424 +07:00","291.085","HOT_BASELINE_100","100","-0.000865225"
"2026-08-04 10:01:58.104 +07:00","291.765","HOT_BASELINE_100","100","-0.000859205"
"2026-08-04 10:01:58.802 +07:00","292.462","HOT_BASELINE_100","100","-0.000861133"
"2026-08-04 10:01:59.494 +07:00","293.154","HOT_BASELINE_100","100","-0.000860566"
"2026-08-04 10:02:00.178 +07:00","293.836","HOT_BASELINE_100","100","-0.0008549"
"2026-08-04 10:02:00.862 +07:00","294.52","HOT_BASELINE_100","100","-0.000884706"
"2026-08-04 10:02:01.544 +07:00","295.202","HOT_BASELINE_100","100","-0.000913217"
"2026-08-04 10:02:02.234 +07:00","295.892","HOT_BASELINE_100","100","-0.000899259"
"2026-08-04 10:02:02.920 +07:00","296.579","HOT_BASELINE_100","100","-0.000860004"
"2026-08-04 10:02:03.608 +07:00","297.267","HOT_BASELINE_100","100","-0.000865149"
"2026-08-04 10:02:04.297 +07:00","297.956","HOT_BASELINE_100","100","-0.000899353"
"2026-08-04 10:02:04.975 +07:00","298.636","HOT_BASELINE_100","100","-0.00091412"
"2026-08-04 10:02:05.646 +07:00","299.307","HOT_BASELINE_100","100","-0.000904164"
"2026-08-04 10:02:06.329 +07:00","299.99","HOT_BASELINE_100","100","-0.000919116"
"2026-08-04 10:02:07.018 +07:00","300.679","HOT_BASELINE_100","100","-0.000950657"
"2026-08-04 10:02:07.700 +07:00","301.361","HOT_BASELINE_100","100","-0.00093798"
"2026-08-04 10:02:08.385 +07:00","302.046","HOT_BASELINE_100","100","-0.000932794"
"2026-08-04 10:02:09.066 +07:00","302.727","HOT_BASELINE_100","100","-0.00093478"
"2026-08-04 10:02:09.750 +07:00","303.411","HOT_BASELINE_100","100","-0.000945315"
"2026-08-04 10:02:10.421 +07:00","304.082","HOT_BASELINE_100","100","-0.000934284"
"2026-08-04 10:02:11.103 +07:00","304.752","HOT_BASELINE_100","100","-0.000915747"
"2026-08-04 10:02:11.785 +07:00","305.443","HOT_BASELINE_100","100","-0.000924222"
"2026-08-04 10:02:12.466 +07:00","306.126","HOT_BASELINE_100","100","-0.00094889"
"2026-08-04 10:02:13.165 +07:00","306.824","HOT_BASELINE_100","100","-0.000953864"
"2026-08-04 10:02:13.839 +07:00","307.5","HOT_BASELINE_100","100","-0.000941616"
"2026-08-04 10:02:14.522 +07:00","308.166","HOT_BASELINE_100","100","-0.000937433"
"2026-08-04 10:02:15.216 +07:00","308.875","HOT_BASELINE_100","100","-0.00102508"
"2026-08-04 10:02:15.907 +07:00","309.565","HOT_BASELINE_100","100","-0.001042248"
"2026-08-04 10:02:16.594 +07:00","310.254","HOT_BASELINE_100","100","-0.001049663"
"2026-08-04 10:02:17.287 +07:00","310.943","HOT_BASELINE_100","100","-0.001070142"
"2026-08-04 10:02:17.969 +07:00","311.622","HOT_BASELINE_100","100","-0.001076703"
"2026-08-04 10:02:18.646 +07:00","312.307","HOT_BASELINE_100","100","-0.001061859"
"2026-08-04 10:02:19.339 +07:00","312.99","HOT_BASELINE_100","100","-0.001051269"
"2026-08-04 10:02:20.028 +07:00","313.689","HOT_BASELINE_100","100","-0.001040383"
"2026-08-04 10:02:20.707 +07:00","314.369","HOT_BASELINE_100","100","-0.001020765"
"2026-08-04 10:02:21.397 +07:00","315.058","HOT_BASELINE_100","100","-0.000997312"
"2026-08-04 10:02:22.078 +07:00","315.739","HOT_BASELINE_100","100","-0.000903407"
"2026-08-04 10:02:22.770 +07:00","316.429","HOT_BASELINE_100","100","-0.000889687"
"2026-08-04 10:02:23.458 +07:00","317.118","HOT_BASELINE_100","100","-0.000894801"
"2026-08-04 10:02:24.143 +07:00","317.802","HOT_BASELINE_100","100","-0.000885553"
"2026-08-04 10:02:24.830 +07:00","318.489","HOT_BASELINE_100","100","-0.000877976"
"2026-08-04 10:02:25.517 +07:00","319.176","HOT_BASELINE_100","100","-0.000870469"
"2026-08-04 10:02:26.207 +07:00","319.867","HOT_BASELINE_100","100","-0.00086252"
"2026-08-04 10:02:26.890 +07:00","320.549","HOT_BASELINE_100","100","-0.000857326"
"2026-08-04 10:02:27.580 +07:00","321.239","HOT_BASELINE_100","100","-0.000855107"
"2026-08-04 10:02:28.269 +07:00","321.929","HOT_BASELINE_100","100","-0.000877136"
"2026-08-04 10:02:28.954 +07:00","322.613","HOT_BASELINE_100","100","-0.000885006"
"2026-08-04 10:02:29.637 +07:00","323.296","HOT_BASELINE_100","100","-0.000894216"
"2026-08-04 10:02:30.339 +07:00","323.998","HOT_BASELINE_100","100","-0.00090003"
"2026-08-04 10:02:31.025 +07:00","324.684","HOT_BASELINE_100","100","-0.000911836"
"2026-08-04 10:02:31.708 +07:00","325.367","HOT_BASELINE_100","100","-0.000908711"
"2026-08-04 10:02:32.394 +07:00","326.053","HOT_BASELINE_100","100","-0.000919001"
"2026-08-04 10:02:33.081 +07:00","326.738","HOT_BASELINE_100","100","-0.00094539"
"2026-08-04 10:02:33.765 +07:00","327.424","HOT_BASELINE_100","100","-0.000931295"
"2026-08-04 10:02:34.450 +07:00","328.11","HOT_BASELINE_100","100","-0.000955856"
"2026-08-04 10:02:35.142 +07:00","328.799","HOT_BASELINE_100","100","-0.000942117"
"2026-08-04 10:02:35.828 +07:00","329.487","HOT_BASELINE_100","100","-0.000941869"
"2026-08-04 10:02:36.527 +07:00","330.186","HOT_BASELINE_100","100","-0.000927382"
"2026-08-04 10:02:37.228 +07:00","330.887","HOT_BASELINE_100","100","-0.000923839"
"2026-08-04 10:02:37.915 +07:00","331.575","HOT_BASELINE_100","100","-0.000908176"
"2026-08-04 10:02:38.595 +07:00","332.255","HOT_BASELINE_100","100","-0.000930442"
"2026-08-04 10:02:39.285 +07:00","332.942","HOT_BASELINE_100","100","-0.000939218"
"2026-08-04 10:02:39.990 +07:00","333.648","HOT_BASELINE_100","100","-0.000922167"
"2026-08-04 10:02:40.681 +07:00","334.337","HOT_BASELINE_100","100","-0.000933945"
"2026-08-04 10:02:41.373 +07:00","335.032","HOT_BASELINE_100","100","-0.000927003"
"2026-08-04 10:02:42.069 +07:00","335.728","HOT_BASELINE_100","100","-0.000947644"
"2026-08-04 10:02:42.755 +07:00","336.414","HOT_BASELINE_100","100","-0.000930816"
"2026-08-04 10:02:43.445 +07:00","337.103","HOT_BASELINE_100","100","-0.0009304"
"2026-08-04 10:02:44.126 +07:00","337.786","HOT_BASELINE_100","100","-0.000918861"
"2026-08-04 10:02:44.823 +07:00","338.477","HOT_BASELINE_100","100","-0.000928898"
"2026-08-04 10:02:45.517 +07:00","339.175","HOT_BASELINE_100","100","-0.000895595"
"2026-08-04 10:02:46.216 +07:00","339.873","HOT_BASELINE_100","100","-0.00085535"
"2026-08-04 10:02:46.916 +07:00","340.574","HOT_BASELINE_100","100","-0.000861982"
"2026-08-04 10:02:47.602 +07:00","341.26","HOT_BASELINE_100","100","-0.000860177"
"2026-08-04 10:02:48.289 +07:00","341.947","HOT_BASELINE_100","100","-0.000855417"
"2026-08-04 10:02:48.976 +07:00","342.636","HOT_BASELINE_100","100","-0.000860638"
"2026-08-04 10:02:49.664 +07:00","343.321","HOT_BASELINE_100","100","-0.000889171"
"2026-08-04 10:02:50.348 +07:00","344.007","HOT_BASELINE_100","100","-0.000889535"
"2026-08-04 10:02:51.032 +07:00","344.69","HOT_BASELINE_100","100","-0.000872361"
"2026-08-04 10:02:51.733 +07:00","345.389","HOT_BASELINE_100","100","-0.00086231"
"2026-08-04 10:02:52.433 +07:00","346.091","HOT_BASELINE_100","100","-0.000895687"
"2026-08-04 10:02:53.117 +07:00","346.777","HOT_BASELINE_100","100","-0.000950782"
"2026-08-04 10:02:53.808 +07:00","347.466","HOT_BASELINE_100","100","-0.000950356"
"2026-08-04 10:02:54.509 +07:00","348.168","HOT_BASELINE_100","100","-0.000961192"
"2026-08-04 10:02:55.193 +07:00","348.852","HOT_BASELINE_100","100","-0.000966162"
"2026-08-04 10:02:55.878 +07:00","349.538","HOT_BASELINE_100","100","-0.000960655"
"2026-08-04 10:02:56.564 +07:00","350.223","HOT_BASELINE_100","100","-0.000941556"
"2026-08-04 10:02:57.247 +07:00","350.906","HOT_BASELINE_100","100","-0.000933349"
"2026-08-04 10:02:57.936 +07:00","351.595","HOT_BASELINE_100","100","-0.000957841"
"2026-08-04 10:02:58.628 +07:00","352.285","HOT_BASELINE_100","100","-0.000958452"
"2026-08-04 10:02:59.327 +07:00","352.985","HOT_BASELINE_100","100","-0.000943585"
"2026-08-04 10:03:00.029 +07:00","353.688","HOT_BASELINE_100","100","-0.000930296"
"2026-08-04 10:03:00.733 +07:00","354.39","HOT_BASELINE_100","100","-0.000916655"
"2026-08-04 10:03:01.431 +07:00","355.089","HOT_BASELINE_100","100","-0.000831726"
"2026-08-04 10:03:02.117 +07:00","355.776","HOT_BASELINE_100","100","-0.000819162"
"2026-08-04 10:03:02.807 +07:00","356.466","HOT_BASELINE_100","100","-0.000804179"
"2026-08-04 10:03:03.492 +07:00","357.152","HOT_BASELINE_100","100","-0.000804007"
"2026-08-04 10:03:04.177 +07:00","357.836","HOT_BASELINE_100","100","-0.00080939"
"2026-08-04 10:03:04.860 +07:00","358.519","HOT_BASELINE_100","100","-0.000816363"
"2026-08-04 10:03:05.553 +07:00","359.211","HOT_BASELINE_100","100","-0.000819495"
"2026-08-04 10:03:06.240 +07:00","359.899","HOT_BASELINE_100","100","-0.000826772"
"2026-08-04 10:03:06.924 +07:00","360.584","HOT_BASELINE_100","100","-0.000827083"
"2026-08-04 10:03:07.612 +07:00","361.271","HOT_BASELINE_100","100","-0.000840898"
"2026-08-04 10:03:08.297 +07:00","361.955","HOT_BASELINE_100","100","-0.000917431"
"2026-08-04 10:03:08.985 +07:00","362.645","HOT_BASELINE_100","100","-0.000911303"
"2026-08-04 10:03:09.676 +07:00","363.336","HOT_BASELINE_100","100","-0.000920771"
"2026-08-04 10:03:10.365 +07:00","364.023","HOT_BASELINE_100","100","-0.000938892"
"2026-08-04 10:03:11.047 +07:00","364.706","HOT_BASELINE_100","100","-0.000957695"
"2026-08-04 10:03:11.732 +07:00","365.392","HOT_BASELINE_100","100","-0.000949569"
"2026-08-04 10:03:12.420 +07:00","366.079","HOT_BASELINE_100","100","-0.000960529"
"2026-08-04 10:03:13.109 +07:00","366.768","HOT_BASELINE_100","100","-0.000941101"
"2026-08-04 10:03:13.811 +07:00","367.468","HOT_BASELINE_100","100","-0.000938446"
"2026-08-04 10:03:14.511 +07:00","368.17","HOT_BASELINE_100","100","-0.00093394"
"2026-08-04 10:03:15.204 +07:00","368.864","HOT_BASELINE_100","100","-0.000946771"
"2026-08-04 10:03:15.889 +07:00","369.549","HOT_BASELINE_100","100","-0.000965181"
"2026-08-04 10:03:16.576 +07:00","370.235","HOT_BASELINE_100","100","-0.000966938"
"2026-08-04 10:03:17.280 +07:00","370.94","HOT_BASELINE_100","100","-0.000951656"
"2026-08-04 10:03:17.980 +07:00","371.639","HOT_BASELINE_100","100","-0.000947973"
"2026-08-04 10:03:18.661 +07:00","372.321","HOT_BASELINE_100","100","-0.000939093"
"2026-08-04 10:03:19.350 +07:00","373.01","HOT_BASELINE_100","100","-0.000950144"
"2026-08-04 10:03:20.048 +07:00","373.707","HOT_BASELINE_100","100","-0.000963195"
"2026-08-04 10:03:20.735 +07:00","374.395","HOT_BASELINE_100","100","-0.000953578"
"2026-08-04 10:03:21.432 +07:00","375.093","HOT_BASELINE_100","100","-0.000957345"
"2026-08-04 10:03:22.122 +07:00","375.781","HOT_BASELINE_100","100","-0.000941745"
"2026-08-04 10:03:22.807 +07:00","376.467","HOT_BASELINE_100","100","-0.000939084"
"2026-08-04 10:03:23.491 +07:00","377.151","HOT_BASELINE_100","100","-0.000953719"
"2026-08-04 10:03:24.176 +07:00","377.834","HOT_BASELINE_100","100","-0.000949868"
"2026-08-04 10:03:24.860 +07:00","378.519","HOT_BASELINE_100","100","-0.000946277"
"2026-08-04 10:03:25.547 +07:00","379.207","HOT_BASELINE_100","100","-0.000957902"
"2026-08-04 10:03:26.233 +07:00","379.893","HOT_BASELINE_100","100","-0.000938974"
"2026-08-04 10:03:26.935 +07:00","380.594","HOT_BASELINE_100","100","-0.000941715"
"2026-08-04 10:03:27.620 +07:00","381.278","HOT_BASELINE_100","100","-0.00093807"
"2026-08-04 10:03:28.303 +07:00","381.963","HOT_BASELINE_100","100","-0.000937963"
"2026-08-04 10:03:28.986 +07:00","382.645","HOT_BASELINE_100","100","-0.000950622"
"2026-08-04 10:03:29.673 +07:00","383.332","HOT_BASELINE_100","100","-0.000954915"
"2026-08-04 10:03:30.372 +07:00","384.032","HOT_BASELINE_100","100","-0.000931098"
"2026-08-04 10:03:31.058 +07:00","384.716","HOT_BASELINE_100","100","-0.000931284"
"2026-08-04 10:03:31.745 +07:00","385.405","HOT_BASELINE_100","100","-0.000918989"
"2026-08-04 10:03:32.430 +07:00","386.075","HOT_BASELINE_100","100","-0.000889577"
"2026-08-04 10:03:33.137 +07:00","386.796","HOT_BASELINE_100","100","-0.000909559"
"2026-08-04 10:03:33.812 +07:00","387.473","HOT_BASELINE_100","100","-0.000909388"
"2026-08-04 10:03:34.497 +07:00","388.155","HOT_BASELINE_100","100","-0.000915213"
"2026-08-04 10:03:35.183 +07:00","388.844","HOT_BASELINE_100","100","-0.000919175"
"2026-08-04 10:03:35.863 +07:00","389.524","HOT_BASELINE_100","100","-0.000919106"
"2026-08-04 10:03:36.545 +07:00","390.206","HOT_BASELINE_100","100","-0.00090128"
"2026-08-04 10:03:37.223 +07:00","390.872","HOT_BASELINE_100","100","-0.000911276"
"2026-08-04 10:03:37.918 +07:00","391.573","HOT_BASELINE_100","100","-0.000934834"
"2026-08-04 10:03:38.598 +07:00","392.259","HOT_BASELINE_100","100","-0.000926189"
"2026-08-04 10:03:39.279 +07:00","392.94","HOT_BASELINE_100","100","-0.000952215"
"2026-08-04 10:03:39.950 +07:00","393.611","HOT_BASELINE_100","100","-0.000927168"
"2026-08-04 10:03:40.644 +07:00","394.305","HOT_BASELINE_100","100","-0.00092869"
"2026-08-04 10:03:41.328 +07:00","394.989","HOT_BASELINE_100","100","-0.000920604"
"2026-08-04 10:03:42.021 +07:00","395.671","HOT_BASELINE_100","100","-0.000924143"
"2026-08-04 10:03:42.705 +07:00","396.367","HOT_BASELINE_100","100","-0.000924045"
"2026-08-04 10:03:43.402 +07:00","397.059","HOT_BASELINE_100","100","-0.00093926"
"2026-08-04 10:03:44.075 +07:00","397.736","HOT_BASELINE_100","100","-0.000921867"
"2026-08-04 10:03:44.764 +07:00","398.425","HOT_BASELINE_100","100","-0.000892809"
"2026-08-04 10:03:45.447 +07:00","399.106","HOT_BASELINE_100","100","-0.000889808"
"2026-08-04 10:03:46.134 +07:00","399.793","HOT_BASELINE_100","100","-0.000904466"
"2026-08-04 10:03:46.813 +07:00","400.472","HOT_BASELINE_100","100","-0.00091914"
"2026-08-04 10:03:47.503 +07:00","401.162","HOT_BASELINE_100","100","-0.000901058"
"2026-08-04 10:03:48.195 +07:00","401.848","HOT_BASELINE_100","100","-0.000894081"
"2026-08-04 10:03:48.873 +07:00","402.534","HOT_BASELINE_100","100","-0.000890382"
"2026-08-04 10:03:49.571 +07:00","403.224","HOT_BASELINE_100","100","-0.000891742"
"2026-08-04 10:03:50.254 +07:00","403.915","HOT_BASELINE_100","100","-0.000901052"
"2026-08-04 10:03:50.945 +07:00","404.597","HOT_BASELINE_100","100","-0.000903709"
"2026-08-04 10:03:51.621 +07:00","405.282","HOT_BASELINE_100","100","-0.000908591"
"2026-08-04 10:03:52.312 +07:00","405.971","HOT_BASELINE_100","100","-0.000924483"
"2026-08-04 10:03:52.995 +07:00","406.655","HOT_BASELINE_100","100","-0.000901424"
"2026-08-04 10:03:53.677 +07:00","407.336","HOT_BASELINE_100","100","-0.000894266"
"2026-08-04 10:03:54.354 +07:00","408.015","HOT_BASELINE_100","100","-0.000902282"
"2026-08-04 10:03:55.046 +07:00","408.702","HOT_BASELINE_100","100","-0.000928455"
"2026-08-04 10:03:55.734 +07:00","409.395","HOT_BASELINE_100","100","-0.000929113"
"2026-08-04 10:03:56.427 +07:00","410.08","HOT_BASELINE_100","100","-0.000916123"
"2026-08-04 10:03:57.122 +07:00","410.776","HOT_BASELINE_100","100","-0.000909618"
"2026-08-04 10:03:57.806 +07:00","411.466","HOT_BASELINE_100","100","-0.000947681"
"2026-08-04 10:03:58.484 +07:00","412.145","HOT_BASELINE_100","100","-0.000964415"
"2026-08-04 10:03:59.175 +07:00","412.836","HOT_BASELINE_100","100","-0.000954522"
"2026-08-04 10:03:59.866 +07:00","413.527","HOT_BASELINE_100","100","-0.000976257"
"2026-08-04 10:04:00.557 +07:00","414.216","HOT_BASELINE_100","100","-0.000977573"
"2026-08-04 10:04:01.236 +07:00","414.897","HOT_BASELINE_100","100","-0.000987678"
"2026-08-04 10:04:01.923 +07:00","415.584","HOT_BASELINE_100","100","-0.00096566899999999995"
"2026-08-04 10:04:02.615 +07:00","416.276","HOT_BASELINE_100","100","-0.000961566"
"2026-08-04 10:04:03.299 +07:00","416.96","HOT_BASELINE_100","100","-0.00096577"
"2026-08-04 10:04:03.988 +07:00","417.647","HOT_BASELINE_100","100","-0.000960592"
"2026-08-04 10:04:04.687 +07:00","418.346","HOT_BASELINE_100","100","-0.000913936"
"2026-08-04 10:04:05.370 +07:00","419.031","HOT_BASELINE_100","100","-0.000900134"
"2026-08-04 10:04:06.048 +07:00","419.709","HOT_BASELINE_100","100","-0.000918637"
"2026-08-04 10:04:06.742 +07:00","420.401","HOT_BASELINE_100","100","-0.000897891"
"2026-08-04 10:04:07.430 +07:00","421.091","HOT_BASELINE_100","100","-0.000878769"
"2026-08-04 10:04:08.120 +07:00","421.781","HOT_BASELINE_100","100","-0.000886093"
"2026-08-04 10:04:08.800 +07:00","422.458","HOT_BASELINE_100","100","-0.000903382"
"2026-08-04 10:04:09.489 +07:00","423.146","HOT_BASELINE_100","100","-0.000897801"
"2026-08-04 10:04:10.183 +07:00","423.842","HOT_BASELINE_100","100","-0.000881529"
"2026-08-04 10:04:10.866 +07:00","424.525","HOT_BASELINE_100","100","-0.000884037"
"2026-08-04 10:04:11.550 +07:00","425.209","HOT_BASELINE_100","100","-0.000904292"
"2026-08-04 10:04:12.245 +07:00","425.906","HOT_BASELINE_100","100","-0.000914602"
"2026-08-04 10:04:12.923 +07:00","426.582","HOT_BASELINE_100","100","-0.000917882"
"2026-08-04 10:04:13.595 +07:00","427.256","HOT_BASELINE_100","100","-0.000915023"
"2026-08-04 10:04:14.286 +07:00","427.94","HOT_BASELINE_100","100","-0.000929747"
"2026-08-04 10:04:14.961 +07:00","428.622","HOT_BASELINE_100","100","-0.000925027"
"2026-08-04 10:04:15.651 +07:00","429.311","HOT_BASELINE_100","100","-0.000916938"
"2026-08-04 10:04:16.334 +07:00","429.993","HOT_BASELINE_100","100","-0.00093423"
"2026-08-04 10:04:17.010 +07:00","430.671","HOT_BASELINE_100","100","-0.000959541"
"2026-08-04 10:04:17.701 +07:00","431.362","HOT_BASELINE_100","100","-0.00094886"
"2026-08-04 10:04:18.376 +07:00","432.037","HOT_BASELINE_100","100","-0.000940912"
"2026-08-04 10:04:19.064 +07:00","432.723","HOT_BASELINE_100","100","-0.000925299"
"2026-08-04 10:04:19.758 +07:00","433.419","HOT_BASELINE_100","100","-0.000928836"
"2026-08-04 10:04:20.457 +07:00","434.118","HOT_BASELINE_100","100","-0.000943607"
"2026-08-04 10:04:21.152 +07:00","434.811","HOT_BASELINE_100","100","-0.000960696"
"2026-08-04 10:04:21.824 +07:00","435.485","HOT_BASELINE_100","100","-0.000938004"
"2026-08-04 10:04:22.515 +07:00","436.168","HOT_BASELINE_100","100","-0.000926294"
"2026-08-04 10:04:23.191 +07:00","436.853","HOT_BASELINE_100","100","-0.00091943"
"2026-08-04 10:04:23.884 +07:00","437.543","HOT_BASELINE_100","100","-0.000904148"
"2026-08-04 10:04:24.576 +07:00","438.237","HOT_BASELINE_100","100","-0.000912447"
"2026-08-04 10:04:25.265 +07:00","438.924","HOT_BASELINE_100","100","-0.000916666"
"2026-08-04 10:04:25.938 +07:00","439.599","HOT_BASELINE_100","100","-0.000915558"
"2026-08-04 10:04:26.622 +07:00","440.283","HOT_BASELINE_100","100","-0.000903235"
"2026-08-04 10:04:27.289 +07:00","440.95","HOT_BASELINE_100","100","-0.000891754"
"2026-08-04 10:04:27.987 +07:00","441.648","HOT_BASELINE_100","100","-0.00089473"
"2026-08-04 10:04:28.680 +07:00","442.337","HOT_BASELINE_100","100","-0.000883172"
"2026-08-04 10:04:29.361 +07:00","443.015","HOT_BASELINE_100","100","-0.000873203"
"2026-08-04 10:04:30.045 +07:00","443.704","HOT_BASELINE_100","100","-0.000871303"
"2026-08-04 10:04:30.726 +07:00","444.382","HOT_BASELINE_100","100","-0.000883432"
"2026-08-04 10:04:31.403 +07:00","445.064","HOT_BASELINE_100","100","-0.000880576"
"2026-08-04 10:04:32.094 +07:00","445.753","HOT_BASELINE_100","100","-0.000888812"
"2026-08-04 10:04:32.777 +07:00","446.434","HOT_BASELINE_100","100","-0.0008836"
"2026-08-04 10:04:33.459 +07:00","447.114","HOT_BASELINE_100","100","-0.000901996"
"2026-08-04 10:04:34.135 +07:00","447.796","HOT_BASELINE_100","100","-0.000898116"
"2026-08-04 10:04:34.827 +07:00","448.479","HOT_BASELINE_100","100","-0.000882759"
"2026-08-04 10:04:35.501 +07:00","449.162","HOT_BASELINE_100","100","-0.00090718"
"2026-08-04 10:04:36.169 +07:00","449.83","HOT_BASELINE_100","100","-0.000937925"
"2026-08-04 10:04:36.849 +07:00","450.507","HOT_BASELINE_100","100","-0.000923419"
"2026-08-04 10:04:37.536 +07:00","451.194","HOT_BASELINE_100","100","-0.000922915"
"2026-08-04 10:04:38.224 +07:00","451.885","HOT_BASELINE_100","100","-0.000923912"
"2026-08-04 10:04:38.901 +07:00","452.563","HOT_BASELINE_100","100","-0.000918839"
"2026-08-04 10:04:39.594 +07:00","453.243","HOT_BASELINE_100","100","-0.000937753"
"2026-08-04 10:04:40.266 +07:00","453.927","HOT_BASELINE_100","100","-0.000922514"
"2026-08-04 10:04:40.958 +07:00","454.609","HOT_BASELINE_100","100","-0.000927681"
"2026-08-04 10:04:41.649 +07:00","455.31","HOT_BASELINE_100","100","-0.00091552"
"2026-08-04 10:04:42.345 +07:00","456.002","HOT_BASELINE_100","100","-0.000914332"
"2026-08-04 10:04:43.030 +07:00","456.691","HOT_BASELINE_100","100","-0.000892822"
"2026-08-04 10:04:43.715 +07:00","457.376","HOT_BASELINE_100","100","-0.000892339"
"2026-08-04 10:04:44.406 +07:00","458.059","HOT_BASELINE_100","100","-0.000896726"
"2026-08-04 10:04:45.081 +07:00","458.742","HOT_BASELINE_100","100","-0.000899737"
"2026-08-04 10:04:45.787 +07:00","459.442","HOT_BASELINE_100","100","-0.000894865"
"2026-08-04 10:04:46.469 +07:00","460.13","HOT_BASELINE_100","100","-0.000915792"
"2026-08-04 10:04:47.152 +07:00","460.797","HOT_BASELINE_100","100","-0.000927534"
"2026-08-04 10:04:47.845 +07:00","461.49","HOT_BASELINE_100","100","-0.00093956"
"2026-08-04 10:04:48.529 +07:00","462.19","HOT_BASELINE_100","100","-0.000969614"
"2026-08-04 10:04:49.221 +07:00","462.872","HOT_BASELINE_100","100","-0.000966342"
"2026-08-04 10:04:49.912 +07:00","463.573","HOT_BASELINE_100","100","-0.000980273"
"2026-08-04 10:04:50.594 +07:00","464.255","HOT_BASELINE_100","100","-0.000957493"
"2026-08-04 10:04:51.279 +07:00","464.94","HOT_BASELINE_100","100","-0.000963133"
"2026-08-04 10:04:51.958 +07:00","465.619","HOT_BASELINE_100","100","-0.000966221"
"2026-08-04 10:04:52.652 +07:00","466.306","HOT_BASELINE_100","100","-0.000958467"
"2026-08-04 10:04:53.338 +07:00","466.997","HOT_BASELINE_100","100","-0.00093537"
"2026-08-04 10:04:54.027 +07:00","467.688","HOT_BASELINE_100","100","-0.000928701"
"2026-08-04 10:04:54.732 +07:00","468.391","HOT_BASELINE_100","100","-0.000915626"
"2026-08-04 10:04:55.416 +07:00","469.072","HOT_BASELINE_100","100","-0.000889903"
"2026-08-04 10:04:56.099 +07:00","469.758","HOT_BASELINE_100","100","-0.000899688"
"2026-08-04 10:04:56.797 +07:00","470.458","HOT_BASELINE_100","100","-0.000973201"
"2026-08-04 10:04:57.500 +07:00","471.157","HOT_BASELINE_100","100","-0.001006697"
"2026-08-04 10:04:58.175 +07:00","471.836","HOT_BASELINE_100","100","-0.000992333"
"2026-08-04 10:04:58.870 +07:00","472.525","HOT_BASELINE_100","100","-0.001008064"
"2026-08-04 10:04:59.564 +07:00","473.223","HOT_BASELINE_100","100","-0.001023663"
"2026-08-04 10:05:00.246 +07:00","473.907","HOT_BASELINE_100","100","-0.001035717"
"2026-08-04 10:05:00.928 +07:00","474.589","HOT_BASELINE_100","100","-0.00102648"
"2026-08-04 10:05:01.627 +07:00","475.286","HOT_BASELINE_100","100","-0.001025448"
"2026-08-04 10:05:02.329 +07:00","475.981","HOT_BASELINE_100","100","-0.001044978"
"2026-08-04 10:05:03.027 +07:00","476.686","HOT_BASELINE_100","100","-0.001045631"
"2026-08-04 10:05:03.705 +07:00","477.366","HOT_BASELINE_100","100","-0.000964469"
"2026-08-04 10:05:04.390 +07:00","478.051","HOT_BASELINE_100","100","-0.000980734"
"2026-08-04 10:05:05.079 +07:00","478.738","HOT_BASELINE_100","100","-0.000991903"
"2026-08-04 10:05:05.765 +07:00","479.424","HOT_BASELINE_100","100","-0.000969698"
"2026-08-04 10:05:06.444 +07:00","480.101","HOT_BASELINE_100","100","-0.000949987"
"2026-08-04 10:05:07.140 +07:00","480.799","HOT_BASELINE_100","100","-0.000928207"
"2026-08-04 10:05:07.833 +07:00","481.493","HOT_BASELINE_100","100","-0.000916256"
"2026-08-04 10:05:08.518 +07:00","482.179","HOT_BASELINE_100","100","-0.00091303"
"2026-08-04 10:05:09.202 +07:00","482.862","HOT_BASELINE_100","100","-0.000906936"
"2026-08-04 10:05:09.889 +07:00","483.55","HOT_BASELINE_100","100","-0.000905573"
"2026-08-04 10:05:10.585 +07:00","484.246","HOT_BASELINE_100","100","-0.000921527"
"2026-08-04 10:05:11.275 +07:00","484.936","HOT_BASELINE_100","100","-0.00088149"
"2026-08-04 10:05:11.958 +07:00","485.617","HOT_BASELINE_100","100","-0.000865044"
"2026-08-04 10:05:12.647 +07:00","486.306","HOT_BASELINE_100","100","-0.000859232"
"2026-08-04 10:05:13.339 +07:00","486.999","HOT_BASELINE_100","100","-0.000851237"
"2026-08-04 10:05:14.024 +07:00","487.683","HOT_BASELINE_100","100","-0.000844532"
"2026-08-04 10:05:14.709 +07:00","488.361","HOT_BASELINE_100","100","-0.000853853"
"2026-08-04 10:05:15.400 +07:00","489.061","HOT_BASELINE_100","100","-0.000853841"
"2026-08-04 10:05:16.093 +07:00","489.744","HOT_BASELINE_100","100","-0.000839229"
"2026-08-04 10:05:16.769 +07:00","490.43","HOT_BASELINE_100","100","-0.000839608"
"2026-08-04 10:05:17.449 +07:00","491.11","HOT_BASELINE_100","100","-0.000816664"
"2026-08-04 10:05:18.131 +07:00","491.792","HOT_BASELINE_100","100","-0.00082169"
"2026-08-04 10:05:18.821 +07:00","492.482","HOT_BASELINE_100","100","-0.000813539"
"2026-08-04 10:05:19.512 +07:00","493.171","HOT_BASELINE_100","100","-0.000813375"
"2026-08-04 10:05:20.198 +07:00","493.859","HOT_BASELINE_100","100","-0.000853223"
"2026-08-04 10:05:20.885 +07:00","494.546","HOT_BASELINE_100","100","-0.000863884"
"2026-08-04 10:05:21.564 +07:00","495.225","HOT_BASELINE_100","100","-0.000856714"
"2026-08-04 10:05:22.231 +07:00","495.893","HOT_BASELINE_100","100","-0.000854112"
"2026-08-04 10:05:22.930 +07:00","496.591","HOT_BASELINE_100","100","-0.00085121"
"2026-08-04 10:05:23.617 +07:00","497.278","HOT_BASELINE_100","100","-0.000840172"
"2026-08-04 10:05:24.301 +07:00","497.96","HOT_BASELINE_100","100","-0.000842126"
"2026-08-04 10:05:24.996 +07:00","498.657","HOT_BASELINE_100","100","-0.000871134"
"2026-08-04 10:05:25.687 +07:00","499.343","HOT_BASELINE_100","100","-0.000897165"
"2026-08-04 10:05:26.372 +07:00","500.022","HOT_BASELINE_100","100","-0.000911019"
"2026-08-04 10:05:27.056 +07:00","500.713","HOT_BASELINE_100","100","-0.000898741"
"2026-08-04 10:05:27.746 +07:00","501.407","HOT_BASELINE_100","100","-0.000914211"
"2026-08-04 10:05:28.427 +07:00","502.088","HOT_BASELINE_100","100","-0.000925342"
"2026-08-04 10:05:29.117 +07:00","502.772","HOT_BASELINE_100","100","-0.000933554"
"2026-08-04 10:05:29.803 +07:00","503.455","HOT_BASELINE_100","100","-0.000944983"
"2026-08-04 10:05:30.499 +07:00","504.156","HOT_BASELINE_100","100","-0.000951661"
"2026-08-04 10:05:31.189 +07:00","504.848","HOT_BASELINE_100","100","-0.000952146"
"2026-08-04 10:05:31.875 +07:00","505.536","HOT_BASELINE_100","100","-0.000926217"
"2026-08-04 10:05:32.553 +07:00","506.213","HOT_BASELINE_100","100","-0.00090983"
"2026-08-04 10:05:33.243 +07:00","506.904","HOT_BASELINE_100","100","-0.000910016"
"2026-08-04 10:05:33.938 +07:00","507.598","HOT_BASELINE_100","100","-0.000914551"
"2026-08-04 10:05:34.617 +07:00","508.277","HOT_BASELINE_100","100","-0.000904072"
"2026-08-04 10:05:35.302 +07:00","508.963","HOT_BASELINE_100","100","-0.000906638"
"2026-08-04 10:05:35.989 +07:00","509.65","HOT_BASELINE_100","100","-0.000908951"
"2026-08-04 10:05:36.674 +07:00","510.319","HOT_BASELINE_100","100","-0.000920787"
"2026-08-04 10:05:37.357 +07:00","511.018","HOT_BASELINE_100","100","-0.000916603"
"2026-08-04 10:05:38.024 +07:00","511.685","HOT_BASELINE_100","100","-0.00093329"
"2026-08-04 10:05:38.720 +07:00","512.375","HOT_BASELINE_100","100","-0.000932756"
"2026-08-04 10:05:39.412 +07:00","513.072","HOT_BASELINE_100","100","-0.00092433"
"2026-08-04 10:05:40.110 +07:00","513.767","HOT_BASELINE_100","100","-0.000910773"
"2026-08-04 10:05:40.789 +07:00","514.45","HOT_BASELINE_100","100","-0.000922886"
"2026-08-04 10:05:41.477 +07:00","515.131","HOT_BASELINE_100","100","-0.00090891"
"2026-08-04 10:05:42.155 +07:00","515.816","HOT_BASELINE_100","100","-0.000916898"
"2026-08-04 10:05:42.847 +07:00","516.499","HOT_BASELINE_100","100","-0.000920641"
"2026-08-04 10:05:43.523 +07:00","517.184","HOT_BASELINE_100","100","-0.000891557"
"2026-08-04 10:05:44.205 +07:00","517.866","HOT_BASELINE_100","100","-0.000898342"
"2026-08-04 10:05:44.872 +07:00","518.533","HOT_BASELINE_100","100","-0.000901484"
"2026-08-04 10:05:45.560 +07:00","519.22","HOT_BASELINE_100","100","-0.00088607"
"2026-08-04 10:05:46.247 +07:00","519.907","HOT_BASELINE_100","100","-0.000891274"
"2026-08-04 10:05:46.938 +07:00","520.595","HOT_BASELINE_100","100","-0.000895043"
"2026-08-04 10:05:47.623 +07:00","521.282","HOT_BASELINE_100","100","-0.000874333"
"2026-08-04 10:05:48.310 +07:00","521.97","HOT_BASELINE_100","100","-0.000908061"
"2026-08-04 10:05:48.999 +07:00","522.658","HOT_BASELINE_100","100","-0.000896427"
"2026-08-04 10:05:49.683 +07:00","523.342","HOT_BASELINE_100","100","-0.000898337"
"2026-08-04 10:05:50.370 +07:00","524.029","HOT_BASELINE_100","100","-0.000904134"
"2026-08-04 10:05:51.061 +07:00","524.721","HOT_BASELINE_100","100","-0.000885476"
"2026-08-04 10:05:51.745 +07:00","525.404","HOT_BASELINE_100","100","-0.000871346"
"2026-08-04 10:05:52.435 +07:00","526.094","HOT_BASELINE_100","100","-0.000902964"
"2026-08-04 10:05:53.124 +07:00","526.784","HOT_BASELINE_100","100","-0.000917289"
"2026-08-04 10:05:53.817 +07:00","527.474","HOT_BASELINE_100","100","-0.000924236"
"2026-08-04 10:05:54.503 +07:00","528.163","HOT_BASELINE_100","100","-0.000918465"
"2026-08-04 10:05:55.193 +07:00","528.852","HOT_BASELINE_100","100","-0.000914493"
"2026-08-04 10:05:55.889 +07:00","529.549","HOT_BASELINE_100","100","-0.000895012"
"2026-08-04 10:05:56.566 +07:00","530.228","HOT_BASELINE_100","100","-0.000875573"
"2026-08-04 10:05:57.238 +07:00","530.899","HOT_BASELINE_100","100","-0.000886007"
"2026-08-04 10:05:57.915 +07:00","531.576","HOT_BASELINE_100","100","-0.000879366"
"2026-08-04 10:05:58.598 +07:00","532.259","HOT_BASELINE_100","100","-0.00089823"
"2026-08-04 10:05:59.282 +07:00","532.943","HOT_BASELINE_100","100","-0.000910904"
"2026-08-04 10:05:59.951 +07:00","533.612","HOT_BASELINE_100","100","-0.000922319"
"2026-08-04 10:06:00.631 +07:00","534.292","HOT_BASELINE_100","100","-0.000908841"
"2026-08-04 10:06:01.304 +07:00","534.965","HOT_BASELINE_100","100","-0.000898858"
"2026-08-04 10:06:01.995 +07:00","535.657","HOT_BASELINE_100","100","-0.000875248"
"2026-08-04 10:06:02.689 +07:00","536.348","HOT_BASELINE_100","100","-0.000873897"
"2026-08-04 10:06:03.371 +07:00","537.023","HOT_BASELINE_100","100","-0.000890421"
"2026-08-04 10:06:04.045 +07:00","537.706","HOT_BASELINE_100","100","-0.000888917"
"2026-08-04 10:06:04.735 +07:00","538.39","HOT_BASELINE_100","100","-0.000925784"
"2026-08-04 10:06:05.419 +07:00","539.08","HOT_BASELINE_100","100","-0.00090011"
"2026-08-04 10:06:06.095 +07:00","539.756","HOT_BASELINE_100","100","-0.000892834"
"2026-08-04 10:06:06.760 +07:00","540.421","HOT_BASELINE_100","100","-0.000878402"
"2026-08-04 10:06:07.483 +07:00","541.14","HOT_BASELINE_100","100","-0.00087764"
"2026-08-04 10:06:08.164 +07:00","541.82","HOT_BASELINE_100","100","-0.00089528"
"2026-08-04 10:06:08.859 +07:00","542.52","HOT_BASELINE_100","100","-0.000898841"
"2026-08-04 10:06:09.542 +07:00","543.203","HOT_BASELINE_100","100","-0.000927364"
"2026-08-04 10:06:10.234 +07:00","543.893","HOT_BASELINE_100","100","-0.000937453"
"2026-08-04 10:06:10.915 +07:00","544.576","HOT_BASELINE_100","100","-0.000928411"
"2026-08-04 10:06:11.606 +07:00","545.267","HOT_BASELINE_100","100","-0.000913971"
"2026-08-04 10:06:12.299 +07:00","545.95","HOT_BASELINE_100","100","-0.000905177"
"2026-08-04 10:06:12.996 +07:00","546.653","HOT_BASELINE_100","100","-0.000910413"
"2026-08-04 10:06:13.685 +07:00","547.342","HOT_BASELINE_100","100","-0.000936055"
"2026-08-04 10:06:14.372 +07:00","548.033","HOT_BASELINE_100","100","-0.000943839"
"2026-08-04 10:06:15.062 +07:00","548.723","HOT_BASELINE_100","100","-0.000933417"
"2026-08-04 10:06:15.742 +07:00","549.403","HOT_BASELINE_100","100","-0.000942753"
"2026-08-04 10:06:16.431 +07:00","550.085","HOT_BASELINE_100","100","-0.000946699"
"2026-08-04 10:06:17.126 +07:00","550.787","HOT_BASELINE_100","100","-0.00094143"
"2026-08-04 10:06:17.813 +07:00","551.47","HOT_BASELINE_100","100","-0.000932696"
"2026-08-04 10:06:18.504 +07:00","552.165","HOT_BASELINE_100","100","-0.000929999"
"2026-08-04 10:06:19.194 +07:00","552.852","HOT_BASELINE_100","100","-0.00098479"
"2026-08-04 10:06:19.887 +07:00","553.548","HOT_BASELINE_100","100","-0.000963532"
"2026-08-04 10:06:20.571 +07:00","554.232","HOT_BASELINE_100","100","-0.000934046"
"2026-08-04 10:06:21.255 +07:00","554.916","HOT_BASELINE_100","100","-0.000981308"
"2026-08-04 10:06:21.922 +07:00","555.583","HOT_BASELINE_100","100","-0.000994314"
"2026-08-04 10:06:22.608 +07:00","556.269","HOT_BASELINE_100","100","-0.000976174"
"2026-08-04 10:06:23.288 +07:00","556.949","HOT_BASELINE_100","100","-0.000954394"
"2026-08-04 10:06:23.969 +07:00","557.63","HOT_BASELINE_100","100","-0.000944164"
"2026-08-04 10:06:24.678 +07:00","558.329","HOT_BASELINE_100","100","-0.000971912"
"2026-08-04 10:06:25.368 +07:00","559.029","HOT_BASELINE_100","100","-0.000979312"
"2026-08-04 10:06:26.056 +07:00","559.717","HOT_BASELINE_100","100","-0.000955641"
"2026-08-04 10:06:26.734 +07:00","560.395","HOT_BASELINE_100","100","-0.000971993"
"2026-08-04 10:06:27.404 +07:00","561.065","HOT_BASELINE_100","100","-0.000982737"
"2026-08-04 10:06:28.085 +07:00","561.746","HOT_BASELINE_100","100","-0.000937727"
"2026-08-04 10:06:28.775 +07:00","562.436","HOT_BASELINE_100","100","-0.000935754"
"2026-08-04 10:06:29.474 +07:00","563.131","HOT_BASELINE_100","100","-0.000942239"
"2026-08-04 10:06:30.163 +07:00","563.814","HOT_BASELINE_100","100","-0.000943089"
"2026-08-04 10:06:30.835 +07:00","564.496","HOT_BASELINE_100","100","-0.00094769"
"2026-08-04 10:06:31.519 +07:00","565.18","HOT_BASELINE_100","100","-0.000939069"
"2026-08-04 10:06:32.200 +07:00","565.861","HOT_BASELINE_100","100","-0.000962065"
"2026-08-04 10:06:32.894 +07:00","566.548","HOT_BASELINE_100","100","-0.000935447"
"2026-08-04 10:06:33.565 +07:00","567.226","HOT_BASELINE_100","100","-0.000917105"
"2026-08-04 10:06:34.240 +07:00","567.901","HOT_BASELINE_100","100","-0.000915797"
"2026-08-04 10:06:34.914 +07:00","568.575","HOT_BASELINE_100","100","-0.000908895"
"2026-08-04 10:06:35.582 +07:00","569.243","HOT_BASELINE_100","100","-0.000925941"
"2026-08-04 10:06:36.265 +07:00","569.926","HOT_BASELINE_100","100","-0.000931259"
"2026-08-04 10:06:36.945 +07:00","570.604","HOT_BASELINE_100","100","-0.000934944"
"2026-08-04 10:06:37.629 +07:00","571.29","HOT_BASELINE_100","100","-0.000937162"
"2026-08-04 10:06:38.301 +07:00","571.962","HOT_BASELINE_100","100","-0.000944207"
"2026-08-04 10:06:38.980 +07:00","572.641","HOT_BASELINE_100","100","-0.000940397"
"2026-08-04 10:06:39.663 +07:00","573.324","HOT_BASELINE_100","100","-0.000964426"
"2026-08-04 10:06:40.346 +07:00","574.007","HOT_BASELINE_100","100","-0.000965374"
"2026-08-04 10:06:41.014 +07:00","574.675","HOT_BASELINE_100","100","-0.0009721"
"2026-08-04 10:06:41.711 +07:00","575.372","HOT_BASELINE_100","100","-0.000976497"
"2026-08-04 10:06:42.379 +07:00","576.04","HOT_BASELINE_100","100","-0.000971976"
"2026-08-04 10:06:43.062 +07:00","576.723","HOT_BASELINE_100","100","-0.000950822"
"2026-08-04 10:06:43.744 +07:00","577.405","HOT_BASELINE_100","100","-0.000964292"
"2026-08-04 10:06:44.428 +07:00","578.089","HOT_BASELINE_100","100","-0.000959073"
"2026-08-04 10:06:45.107 +07:00","578.755","HOT_BASELINE_100","100","-0.000942255"
"2026-08-04 10:06:45.793 +07:00","579.454","HOT_BASELINE_100","100","-0.000934922"
"2026-08-04 10:06:46.475 +07:00","580.136","HOT_BASELINE_100","100","-0.000945476"
"2026-08-04 10:06:47.177 +07:00","580.838","HOT_BASELINE_100","100","-0.000943883"
"2026-08-04 10:06:47.841 +07:00","581.502","HOT_BASELINE_100","100","-0.000948063"
"2026-08-04 10:06:48.525 +07:00","582.186","HOT_BASELINE_100","100","-0.000961566"
"2026-08-04 10:06:49.216 +07:00","582.877","HOT_BASELINE_100","100","-0.000944923"
"2026-08-04 10:06:49.907 +07:00","583.568","HOT_BASELINE_100","100","-0.000966358"
"2026-08-04 10:06:50.592 +07:00","584.253","HOT_BASELINE_100","100","-0.000947819"
"2026-08-04 10:06:51.274 +07:00","584.935","HOT_BASELINE_100","100","-0.000953792"
"2026-08-04 10:06:51.940 +07:00","585.601","HOT_BASELINE_100","100","-0.000963975"
"2026-08-04 10:06:52.630 +07:00","586.284","HOT_BASELINE_100","100","-0.000925134"
"2026-08-04 10:06:53.306 +07:00","586.967","HOT_BASELINE_100","100","-0.00091102"
"2026-08-04 10:06:53.994 +07:00","587.655","HOT_BASELINE_100","100","-0.000921579"
"2026-08-04 10:06:54.674 +07:00","588.335","HOT_BASELINE_100","100","-0.000897011"
"2026-08-04 10:06:55.356 +07:00","589.017","HOT_BASELINE_100","100","-0.000962151"
"2026-08-04 10:06:56.050 +07:00","589.711","HOT_BASELINE_100","100","-0.000962345"
"2026-08-04 10:06:56.722 +07:00","590.383","HOT_BASELINE_100","100","-0.000956873"
"2026-08-04 10:06:57.400 +07:00","591.061","HOT_BASELINE_100","100","-0.000940383"
"2026-08-04 10:06:58.071 +07:00","591.732","HOT_BASELINE_100","100","-0.000934081"
"2026-08-04 10:06:58.764 +07:00","592.423","HOT_BASELINE_100","100","-0.000932381"
"2026-08-04 10:06:59.461 +07:00","593.12","HOT_BASELINE_100","100","-0.000958723"
"2026-08-04 10:07:00.161 +07:00","593.817","HOT_BASELINE_100","100","-0.000951049"
"2026-08-04 10:07:00.837 +07:00","594.498","HOT_BASELINE_100","100","-0.000932429"
"2026-08-04 10:07:01.511 +07:00","595.172","HOT_BASELINE_100","100","-0.00091287"
"2026-08-04 10:07:02.202 +07:00","595.863","HOT_BASELINE_100","100","-0.000818993"
"2026-08-04 10:07:02.894 +07:00","596.555","HOT_BASELINE_100","100","-0.000819865"
"2026-08-04 10:07:03.570 +07:00","597.231","HOT_BASELINE_100","100","-0.000809808"
"2026-08-04 10:07:04.248 +07:00","597.907","HOT_BASELINE_100","100","-0.000828224"
"2026-08-04 10:07:04.934 +07:00","598.595","HOT_BASELINE_100","100","-0.00081494"
"2026-08-04 10:07:05.628 +07:00","599.278","HOT_BASELINE_100","100","-0.000822185"
"2026-08-04 10:07:06.300 +07:00","599.961","HOT_BASELINE_100","100","-0.000819257"
"2026-08-04 10:07:06.980 +07:00","600.635","HOT_BASELINE_100","100","-0.000834581"
"2026-08-04 10:07:07.671 +07:00","601.327","HOT_BASELINE_100","100","-0.000872115"
"2026-08-04 10:07:08.395 +07:00","602.01","HOT_BASELINE_100","100","-0.000897033"
"2026-08-04 10:07:09.394 +07:00","603.055","HOT_SWEEP_95","95","-0.000894957"
"2026-08-04 10:07:10.082 +07:00","603.743","HOT_SWEEP_95","95","-0.000917746"
"2026-08-04 10:07:10.765 +07:00","604.426","HOT_SWEEP_95","95","-0.000946615"
"2026-08-04 10:07:11.457 +07:00","605.116","HOT_SWEEP_95","95","-0.000959298"
"2026-08-04 10:07:12.130 +07:00","605.791","HOT_SWEEP_95","95","-0.000952202"
"2026-08-04 10:07:12.820 +07:00","606.479","HOT_SWEEP_95","95","-0.000953608"
"2026-08-04 10:07:13.521 +07:00","607.182","HOT_SWEEP_95","95","-0.000951093"
"2026-08-04 10:07:14.208 +07:00","607.867","HOT_SWEEP_95","95","-0.000921739"
"2026-08-04 10:07:14.894 +07:00","608.555","HOT_SWEEP_95","95","-0.000943104"
"2026-08-04 10:07:15.584 +07:00","609.245","HOT_SWEEP_95","95","-0.000956238"
"2026-08-04 10:07:16.261 +07:00","609.922","HOT_SWEEP_95","95","-0.000961246"
"2026-08-04 10:07:16.961 +07:00","610.618","HOT_SWEEP_95","95","-0.00094659"
"2026-08-04 10:07:17.650 +07:00","611.309","HOT_SWEEP_95","95","-0.000905253"
"2026-08-04 10:07:18.351 +07:00","612.01","HOT_SWEEP_95","95","-0.000895088"
"2026-08-04 10:07:19.036 +07:00","612.695","HOT_SWEEP_95","95","-0.000891971"
"2026-08-04 10:07:19.717 +07:00","613.376","HOT_SWEEP_95","95","-0.000889261"
"2026-08-04 10:07:20.416 +07:00","614.076","HOT_SWEEP_95","95","-0.000902193"
"2026-08-04 10:07:21.119 +07:00","614.778","HOT_SWEEP_95","95","-0.000906994"
"2026-08-04 10:07:21.815 +07:00","615.473","HOT_SWEEP_95","95","-0.000872788"
"2026-08-04 10:07:22.498 +07:00","616.158","HOT_SWEEP_95","95","-0.00086679"
"2026-08-04 10:07:23.182 +07:00","616.841","HOT_SWEEP_95","95","-0.000885249"
"2026-08-04 10:07:23.881 +07:00","617.54","HOT_SWEEP_95","95","-0.00088735"
"2026-08-04 10:07:24.563 +07:00","618.223","HOT_SWEEP_95","95","-0.000904731"
"2026-08-04 10:07:25.245 +07:00","618.905","HOT_SWEEP_95","95","-0.000888255"
"2026-08-04 10:07:25.954 +07:00","619.613","HOT_SWEEP_95","95","-0.000880902"
"2026-08-04 10:07:26.642 +07:00","620.3","HOT_SWEEP_95","95","-0.000872922"
"2026-08-04 10:07:27.333 +07:00","620.99","HOT_SWEEP_95","95","-0.000839557"
"2026-08-04 10:07:28.040 +07:00","621.699","HOT_SWEEP_95","95","-0.000850531"
"2026-08-04 10:07:28.729 +07:00","622.388","HOT_SWEEP_95","95","-0.000879634"
"2026-08-04 10:07:29.429 +07:00","623.088","HOT_SWEEP_95","95","-0.000898136"
"2026-08-04 10:07:30.112 +07:00","623.771","HOT_SWEEP_95","95","-0.000905382"
"2026-08-04 10:07:30.793 +07:00","624.453","HOT_SWEEP_95","95","-0.000917146"
"2026-08-04 10:07:31.493 +07:00","625.153","HOT_SWEEP_95","95","-0.000926276"
"2026-08-04 10:07:32.177 +07:00","625.836","HOT_SWEEP_95","95","-0.00096674"
"2026-08-04 10:07:32.862 +07:00","626.52","HOT_SWEEP_95","95","-0.00098898"
"2026-08-04 10:07:33.541 +07:00","627.2","HOT_SWEEP_95","95","-0.00097729"
"2026-08-04 10:07:34.243 +07:00","627.902","HOT_SWEEP_95","95","-0.000995576"
"2026-08-04 10:07:34.928 +07:00","628.586","HOT_SWEEP_95","95","-0.000981595"
"2026-08-04 10:07:35.608 +07:00","629.268","HOT_SWEEP_95","95","-0.000976979"
"2026-08-04 10:07:36.293 +07:00","629.952","HOT_SWEEP_95","95","-0.000931839"
"2026-08-04 10:07:36.991 +07:00","630.651","HOT_SWEEP_95","95","-0.000929557"
"2026-08-04 10:07:37.675 +07:00","631.333","HOT_SWEEP_95","95","-0.000926948"
"2026-08-04 10:07:38.360 +07:00","632.017","HOT_SWEEP_95","95","-0.000920833"
"2026-08-04 10:07:39.059 +07:00","632.718","HOT_SWEEP_95","95","-0.000904111"
"2026-08-04 10:07:39.757 +07:00","633.416","HOT_SWEEP_95","95","-0.000897632"
"2026-08-04 10:07:40.443 +07:00","634.1","HOT_SWEEP_95","95","-0.000941664"
"2026-08-04 10:07:41.140 +07:00","634.798","HOT_SWEEP_95","95","-0.000947888"
"2026-08-04 10:07:41.837 +07:00","635.496","HOT_SWEEP_95","95","-0.000954316"
"2026-08-04 10:07:42.524 +07:00","636.182","HOT_SWEEP_95","95","-0.000945558"
"2026-08-04 10:07:43.205 +07:00","636.864","HOT_SWEEP_95","95","-0.000950926"
"2026-08-04 10:07:43.888 +07:00","637.549","HOT_SWEEP_95","95","-0.000935003"
"2026-08-04 10:07:44.589 +07:00","638.248","HOT_SWEEP_95","95","-0.000932408"
"2026-08-04 10:07:45.273 +07:00","638.93","HOT_SWEEP_95","95","-0.00093399"
"2026-08-04 10:07:45.955 +07:00","639.614","HOT_SWEEP_95","95","-0.000952337"
"2026-08-04 10:07:46.639 +07:00","640.298","HOT_SWEEP_95","95","-0.000960337"
"2026-08-04 10:07:47.337 +07:00","640.996","HOT_SWEEP_95","95","-0.000939971"
"2026-08-04 10:07:48.036 +07:00","641.695","HOT_SWEEP_95","95","-0.000929691"
"2026-08-04 10:07:48.720 +07:00","642.379","HOT_SWEEP_95","95","-0.000909331"
"2026-08-04 10:07:49.403 +07:00","643.062","HOT_SWEEP_95","95","-0.000900031"
"2026-08-04 10:07:50.101 +07:00","643.76","HOT_SWEEP_95","95","-0.000930824"
"2026-08-04 10:07:50.786 +07:00","644.445","HOT_SWEEP_95","95","-0.000947749"
"2026-08-04 10:07:51.469 +07:00","645.128","HOT_SWEEP_95","95","-0.000941875"
"2026-08-04 10:07:52.153 +07:00","645.81","HOT_SWEEP_95","95","-0.000936951"
"2026-08-04 10:07:52.852 +07:00","646.511","HOT_SWEEP_95","95","-0.00093644"
"2026-08-04 10:07:53.534 +07:00","647.194","HOT_SWEEP_95","95","-0.000925503"
"2026-08-04 10:07:54.217 +07:00","647.876","HOT_SWEEP_95","95","-0.000913197"
"2026-08-04 10:07:54.916 +07:00","648.575","HOT_SWEEP_95","95","-0.000902728"
"2026-08-04 10:07:55.600 +07:00","649.259","HOT_SWEEP_95","95","-0.00093588"
"2026-08-04 10:07:56.282 +07:00","649.941","HOT_SWEEP_95","95","-0.000949689"
"2026-08-04 10:07:56.965 +07:00","650.624","HOT_SWEEP_95","95","-0.000926087"
"2026-08-04 10:07:57.666 +07:00","651.325","HOT_SWEEP_95","95","-0.00090967"
"2026-08-04 10:07:58.349 +07:00","652.008","HOT_SWEEP_95","95","-0.000932365"
"2026-08-04 10:07:59.034 +07:00","652.692","HOT_SWEEP_95","95","-0.000948238"
"2026-08-04 10:07:59.715 +07:00","653.375","HOT_SWEEP_95","95","-0.000937886"
"2026-08-04 10:08:00.415 +07:00","654.074","HOT_SWEEP_95","95","-0.000942692"
"2026-08-04 10:08:01.098 +07:00","654.757","HOT_SWEEP_95","95","-0.000963428"
"2026-08-04 10:08:01.781 +07:00","655.44","HOT_SWEEP_95","95","-0.000966446"
"2026-08-04 10:08:02.480 +07:00","656.14","HOT_SWEEP_95","95","-0.001008955"
"2026-08-04 10:08:03.179 +07:00","656.838","HOT_SWEEP_95","95","-0.001001164"
"2026-08-04 10:08:03.863 +07:00","657.523","HOT_SWEEP_95","95","-0.001031729"
"2026-08-04 10:08:04.545 +07:00","658.204","HOT_SWEEP_95","95","-0.001040233"
"2026-08-04 10:08:05.245 +07:00","658.905","HOT_SWEEP_95","95","-0.00102175"
"2026-08-04 10:08:05.930 +07:00","659.59","HOT_SWEEP_95","95","-0.001021271"
"2026-08-04 10:08:06.612 +07:00","660.271","HOT_SWEEP_95","95","-0.001021886"
"2026-08-04 10:08:07.294 +07:00","660.953","HOT_SWEEP_95","95","-0.001022584"
"2026-08-04 10:08:07.993 +07:00","661.653","HOT_SWEEP_95","95","-0.001019236"
"2026-08-04 10:08:08.694 +07:00","662.353","HOT_SWEEP_95","95","-0.001021943"
"2026-08-04 10:08:09.376 +07:00","663.036","HOT_SWEEP_95","95","-0.000996112"
"2026-08-04 10:08:10.061 +07:00","663.72","HOT_SWEEP_95","95","-0.001005689"
"2026-08-04 10:08:10.759 +07:00","664.418","HOT_SWEEP_95","95","-0.000985923"
"2026-08-04 10:08:11.443 +07:00","665.102","HOT_SWEEP_95","95","-0.000988866"
"2026-08-04 10:08:12.126 +07:00","665.785","HOT_SWEEP_95","95","-0.000997318"
"2026-08-04 10:08:12.811 +07:00","666.47","HOT_SWEEP_95","95","-0.000988103"
"2026-08-04 10:08:13.511 +07:00","667.17","HOT_SWEEP_95","95","-0.000985816"
"2026-08-04 10:08:14.208 +07:00","667.867","HOT_SWEEP_95","95","-0.000974657"
"2026-08-04 10:08:14.890 +07:00","668.549","HOT_SWEEP_95","95","-0.000949133"
"2026-08-04 10:08:15.575 +07:00","669.235","HOT_SWEEP_95","95","-0.000941259"
"2026-08-04 10:08:16.275 +07:00","669.934","HOT_SWEEP_95","95","-0.000899714"
"2026-08-04 10:08:16.957 +07:00","670.616","HOT_SWEEP_95","95","-0.000894399"
"2026-08-04 10:08:17.639 +07:00","671.299","HOT_SWEEP_95","95","-0.000891092"
"2026-08-04 10:08:18.340 +07:00","671.998","HOT_SWEEP_95","95","-0.000894664"
"2026-08-04 10:08:19.028 +07:00","672.685","HOT_SWEEP_95","95","-0.000884828"
"2026-08-04 10:08:19.721 +07:00","673.381","HOT_SWEEP_95","95","-0.000887994"
"2026-08-04 10:08:20.408 +07:00","674.065","HOT_SWEEP_95","95","-0.000895414"
"2026-08-04 10:08:21.104 +07:00","674.764","HOT_SWEEP_95","95","-0.000915782"
"2026-08-04 10:08:21.790 +07:00","675.448","HOT_SWEEP_95","95","-0.000947044"
"2026-08-04 10:08:22.472 +07:00","676.131","HOT_SWEEP_95","95","-0.000956996"
"2026-08-04 10:08:23.155 +07:00","676.814","HOT_SWEEP_95","95","-0.000972102"
"2026-08-04 10:08:23.858 +07:00","677.514","HOT_SWEEP_95","95","-0.000964298"
"2026-08-04 10:08:24.552 +07:00","678.211","HOT_SWEEP_95","95","-0.000962683"
"2026-08-04 10:08:25.236 +07:00","678.896","HOT_SWEEP_95","95","-0.000956685"
"2026-08-04 10:08:25.919 +07:00","679.578","HOT_SWEEP_95","95","-0.000971279"
"2026-08-04 10:08:26.620 +07:00","680.279","HOT_SWEEP_95","95","-0.00097861"
"2026-08-04 10:08:27.302 +07:00","680.962","HOT_SWEEP_95","95","-0.000964114"
"2026-08-04 10:08:27.985 +07:00","681.645","HOT_SWEEP_95","95","-0.000939912"
"2026-08-04 10:08:28.686 +07:00","682.344","HOT_SWEEP_95","95","-0.000918452"
"2026-08-04 10:08:29.384 +07:00","683.044","HOT_SWEEP_95","95","-0.000915169"
"2026-08-04 10:08:30.066 +07:00","683.725","HOT_SWEEP_95","95","-0.000938555"
"2026-08-04 10:08:30.751 +07:00","684.409","HOT_SWEEP_95","95","-0.000948092"
"2026-08-04 10:08:31.451 +07:00","685.11","HOT_SWEEP_95","95","-0.000951789"
"2026-08-04 10:08:32.150 +07:00","685.809","HOT_SWEEP_95","95","-0.000965925"
"2026-08-04 10:08:32.833 +07:00","686.493","HOT_SWEEP_95","95","-0.000969519"
"2026-08-04 10:08:33.516 +07:00","687.175","HOT_SWEEP_95","95","-0.000966985"
"2026-08-04 10:08:34.216 +07:00","687.875","HOT_SWEEP_95","95","-0.000968702"
"2026-08-04 10:08:34.899 +07:00","688.558","HOT_SWEEP_95","95","-0.00104916"
"2026-08-04 10:08:35.583 +07:00","689.241","HOT_SWEEP_95","95","-0.00107097"
"2026-08-04 10:08:36.266 +07:00","689.925","HOT_SWEEP_95","95","-0.001088148"
"2026-08-04 10:08:36.963 +07:00","690.623","HOT_SWEEP_95","95","-0.001061558"
"2026-08-04 10:08:37.649 +07:00","691.306","HOT_SWEEP_95","95","-0.001066335"
"2026-08-04 10:08:38.333 +07:00","691.991","HOT_SWEEP_95","95","-0.001092148"
"2026-08-04 10:08:39.014 +07:00","692.672","HOT_SWEEP_95","95","-0.001070151"
"2026-08-04 10:08:39.713 +07:00","693.372","HOT_SWEEP_95","95","-0.001056835"
"2026-08-04 10:08:40.394 +07:00","694.055","HOT_SWEEP_95","95","-0.00104668"
"2026-08-04 10:08:41.088 +07:00","694.737","HOT_SWEEP_95","95","-0.001039048"
"2026-08-04 10:08:41.761 +07:00","695.422","HOT_SWEEP_95","95","-0.000952003"
"2026-08-04 10:08:42.444 +07:00","696.089","HOT_SWEEP_95","95","-0.000939613"
"2026-08-04 10:08:43.125 +07:00","696.786","HOT_SWEEP_95","95","-0.000911098"
"2026-08-04 10:08:43.809 +07:00","697.47","HOT_SWEEP_95","95","-0.000917915"
"2026-08-04 10:08:44.497 +07:00","698.158","HOT_SWEEP_95","95","-0.000939984"
"2026-08-04 10:08:45.174 +07:00","698.835","HOT_SWEEP_95","95","-0.000905582"
"2026-08-04 10:08:45.857 +07:00","699.518","HOT_SWEEP_95","95","-0.000903823"
"2026-08-04 10:08:46.546 +07:00","700.207","HOT_SWEEP_95","95","-0.000899076"
"2026-08-04 10:08:47.225 +07:00","700.886","HOT_SWEEP_95","95","-0.000917718"
"2026-08-04 10:08:47.918 +07:00","701.578","HOT_SWEEP_95","95","-0.000937024"
"2026-08-04 10:08:48.613 +07:00","702.271","HOT_SWEEP_95","95","-0.000959607"
"2026-08-04 10:08:49.319 +07:00","702.976","HOT_SWEEP_95","95","-0.000963073"
"2026-08-04 10:08:50.009 +07:00","703.668","HOT_SWEEP_95","95","-0.000974608"
"2026-08-04 10:08:50.693 +07:00","704.352","HOT_SWEEP_95","95","-0.00098399"
"2026-08-04 10:08:51.375 +07:00","705.035","HOT_SWEEP_95","95","-0.000961135"
"2026-08-04 10:08:52.074 +07:00","705.734","HOT_SWEEP_95","95","-0.000954783"
"2026-08-04 10:08:52.758 +07:00","706.417","HOT_SWEEP_95","95","-0.000960173"
"2026-08-04 10:08:53.443 +07:00","707.1","HOT_SWEEP_95","95","-0.00101715"
"2026-08-04 10:08:54.124 +07:00","707.784","HOT_SWEEP_95","95","-0.001005784"
"2026-08-04 10:08:54.823 +07:00","708.483","HOT_SWEEP_95","95","-0.000992296"
"2026-08-04 10:08:55.506 +07:00","709.165","HOT_SWEEP_95","95","-0.000974448"
"2026-08-04 10:08:56.189 +07:00","709.849","HOT_SWEEP_95","95","-0.000968728"
"2026-08-04 10:08:56.873 +07:00","710.533","HOT_SWEEP_95","95","-0.000978724"
"2026-08-04 10:08:57.556 +07:00","711.215","HOT_SWEEP_95","95","-0.000970238"
"2026-08-04 10:08:58.237 +07:00","711.896","HOT_SWEEP_95","95","-0.000989352"
"2026-08-04 10:08:58.922 +07:00","712.581","HOT_SWEEP_95","95","-0.001024809"
"2026-08-04 10:08:59.620 +07:00","713.279","HOT_SWEEP_95","95","-0.001017185"
"2026-08-04 10:09:00.307 +07:00","713.964","HOT_SWEEP_95","95","-0.00096276"
"2026-08-04 10:09:00.988 +07:00","714.647","HOT_SWEEP_95","95","-0.00096069"
"2026-08-04 10:09:01.671 +07:00","715.33","HOT_SWEEP_95","95","-0.000951146"
"2026-08-04 10:09:02.369 +07:00","716.029","HOT_SWEEP_95","95","-0.000961238"
"2026-08-04 10:09:03.053 +07:00","716.713","HOT_SWEEP_95","95","-0.000968802"
"2026-08-04 10:09:03.736 +07:00","717.395","HOT_SWEEP_95","95","-0.000980788"
"2026-08-04 10:09:04.435 +07:00","718.095","HOT_SWEEP_95","95","-0.000981399"
"2026-08-04 10:09:05.118 +07:00","718.778","HOT_SWEEP_95","95","-0.00097969"
"2026-08-04 10:09:05.802 +07:00","719.461","HOT_SWEEP_95","95","-0.00093548"
"2026-08-04 10:09:06.486 +07:00","720.144","HOT_SWEEP_95","95","-0.000961049"
"2026-08-04 10:09:07.186 +07:00","720.843","HOT_SWEEP_95","95","-0.000968"
"2026-08-04 10:09:07.865 +07:00","721.525","HOT_SWEEP_95","95","-0.000956456"
"2026-08-04 10:09:08.552 +07:00","722.211","HOT_SWEEP_95","95","-0.000970064"
"2026-08-04 10:09:09.234 +07:00","722.893","HOT_SWEEP_95","95","-0.000956849"
"2026-08-04 10:09:09.939 +07:00","723.595","HOT_SWEEP_95","95","-0.000942643"
"2026-08-04 10:09:10.632 +07:00","724.292","HOT_SWEEP_95","95","-0.000914492"
"2026-08-04 10:09:11.317 +07:00","724.976","HOT_SWEEP_95","95","-0.000914013"
"2026-08-04 10:09:11.999 +07:00","725.658","HOT_SWEEP_95","95","-0.000860164"
"2026-08-04 10:09:12.683 +07:00","726.342","HOT_SWEEP_95","95","-0.000857391"
"2026-08-04 10:09:13.365 +07:00","727.025","HOT_SWEEP_95","95","-0.000854217"
"2026-08-04 10:09:14.050 +07:00","727.71","HOT_SWEEP_95","95","-0.000838849"
"2026-08-04 10:09:14.748 +07:00","728.406","HOT_SWEEP_95","95","-0.000871222"
"2026-08-04 10:09:15.431 +07:00","729.09","HOT_SWEEP_95","95","-0.000861766"
"2026-08-04 10:09:16.115 +07:00","729.775","HOT_SWEEP_95","95","-0.000873336"
"2026-08-04 10:09:16.797 +07:00","730.456","HOT_SWEEP_95","95","-0.000887582"
"2026-08-04 10:09:17.496 +07:00","731.156","HOT_SWEEP_95","95","-0.000897072"
"2026-08-04 10:09:18.182 +07:00","731.84","HOT_SWEEP_95","95","-0.000897218"
"2026-08-04 10:09:18.862 +07:00","732.522","HOT_SWEEP_95","95","-0.000931186"
"2026-08-04 10:09:19.563 +07:00","733.221","HOT_SWEEP_95","95","-0.000982126"
"2026-08-04 10:09:20.263 +07:00","733.923","HOT_SWEEP_95","95","-0.000964058"
"2026-08-04 10:09:20.943 +07:00","734.603","HOT_SWEEP_95","95","-0.000985962"
"2026-08-04 10:09:21.628 +07:00","735.287","HOT_SWEEP_95","95","-0.000952358"
"2026-08-04 10:09:22.328 +07:00","735.988","HOT_SWEEP_95","95","-0.000965426"
"2026-08-04 10:09:23.029 +07:00","736.687","HOT_SWEEP_95","95","-0.00096401"
"2026-08-04 10:09:23.710 +07:00","737.37","HOT_SWEEP_95","95","-0.000969164"
"2026-08-04 10:09:24.393 +07:00","738.052","HOT_SWEEP_95","95","-0.000970544"
"2026-08-04 10:09:25.095 +07:00","738.753","HOT_SWEEP_95","95","-0.000958779"
"2026-08-04 10:09:25.794 +07:00","739.453","HOT_SWEEP_95","95","-0.000946963"
"2026-08-04 10:09:26.475 +07:00","740.134","HOT_SWEEP_95","95","-0.000937793"
"2026-08-04 10:09:27.158 +07:00","740.817","HOT_SWEEP_95","95","-0.000931433"
"2026-08-04 10:09:27.858 +07:00","741.512","HOT_SWEEP_95","95","-0.000913263"
"2026-08-04 10:09:28.541 +07:00","742.201","HOT_SWEEP_95","95","-0.000944909"
"2026-08-04 10:09:29.224 +07:00","742.883","HOT_SWEEP_95","95","-0.000961423"
"2026-08-04 10:09:29.909 +07:00","743.566","HOT_SWEEP_95","95","-0.000958549"
"2026-08-04 10:09:30.609 +07:00","744.267","HOT_SWEEP_95","95","-0.000962695"
"2026-08-04 10:09:31.307 +07:00","744.967","HOT_SWEEP_95","95","-0.00096857"
"2026-08-04 10:09:31.992 +07:00","745.652","HOT_SWEEP_95","95","-0.000956223"
"2026-08-04 10:09:32.674 +07:00","746.333","HOT_SWEEP_95","95","-0.00095079"
"2026-08-04 10:09:33.373 +07:00","747.032","HOT_SWEEP_95","95","-0.000951905"
"2026-08-04 10:09:34.056 +07:00","747.716","HOT_SWEEP_95","95","-0.000960367"
"2026-08-04 10:09:34.739 +07:00","748.399","HOT_SWEEP_95","95","-0.000964259"
"2026-08-04 10:09:35.440 +07:00","749.099","HOT_SWEEP_95","95","-0.000960371"
"2026-08-04 10:09:36.137 +07:00","749.797","HOT_SWEEP_95","95","-0.000956625"
"2026-08-04 10:09:36.823 +07:00","750.482","HOT_SWEEP_95","95","-0.000962061"
"2026-08-04 10:09:37.506 +07:00","751.165","HOT_SWEEP_95","95","-0.000963662"
"2026-08-04 10:09:38.205 +07:00","751.864","HOT_SWEEP_95","95","-0.000969441"
"2026-08-04 10:09:38.902 +07:00","752.561","HOT_SWEEP_95","95","-0.000992712"
"2026-08-04 10:09:39.585 +07:00","753.245","HOT_SWEEP_95","95","-0.000992102"
"2026-08-04 10:09:40.269 +07:00","753.929","HOT_SWEEP_95","95","-0.000998505"
"2026-08-04 10:09:40.953 +07:00","754.612","HOT_SWEEP_95","95","-0.000997651"
"2026-08-04 10:09:41.654 +07:00","755.312","HOT_SWEEP_95","95","-0.001005533"
"2026-08-04 10:09:42.335 +07:00","755.993","HOT_SWEEP_95","95","-0.000979055"
"2026-08-04 10:09:43.018 +07:00","756.678","HOT_SWEEP_95","95","-0.000961504"
"2026-08-04 10:09:43.718 +07:00","757.377","HOT_SWEEP_95","95","-0.000971484"
"2026-08-04 10:09:44.403 +07:00","758.061","HOT_SWEEP_95","95","-0.000945978"
"2026-08-04 10:09:45.101 +07:00","758.76","HOT_SWEEP_95","95","-0.000951655"
"2026-08-04 10:09:45.784 +07:00","759.442","HOT_SWEEP_95","95","-0.000953228"
"2026-08-04 10:09:46.483 +07:00","760.143","HOT_SWEEP_95","95","-0.00097241"
"2026-08-04 10:09:47.168 +07:00","760.827","HOT_SWEEP_95","95","-0.001028755"
"2026-08-04 10:09:47.849 +07:00","761.509","HOT_SWEEP_95","95","-0.00105708"
"2026-08-04 10:09:48.534 +07:00","762.193","HOT_SWEEP_95","95","-0.001064337"
"2026-08-04 10:09:49.234 +07:00","762.892","HOT_SWEEP_95","95","-0.001075294"
"2026-08-04 10:09:49.916 +07:00","763.575","HOT_SWEEP_95","95","-0.001069422"
"2026-08-04 10:09:50.600 +07:00","764.259","HOT_SWEEP_95","95","-0.001057642"
"2026-08-04 10:09:51.281 +07:00","764.941","HOT_SWEEP_95","95","-0.001070748"
"2026-08-04 10:09:51.982 +07:00","765.641","HOT_SWEEP_95","95","-0.001036975"
"2026-08-04 10:09:52.665 +07:00","766.324","HOT_SWEEP_95","95","-0.001024812"
"2026-08-04 10:09:53.347 +07:00","767.006","HOT_SWEEP_95","95","-0.001016245"
"2026-08-04 10:09:54.047 +07:00","767.706","HOT_SWEEP_95","95","-0.000941632"
"2026-08-04 10:09:54.729 +07:00","768.389","HOT_SWEEP_95","95","-0.000916054"
"2026-08-04 10:09:55.410 +07:00","769.07","HOT_SWEEP_95","95","-0.000910525"
"2026-08-04 10:09:56.099 +07:00","769.758","HOT_SWEEP_95","95","-0.000912282"
"2026-08-04 10:09:56.796 +07:00","770.456","HOT_SWEEP_95","95","-0.000929687"
"2026-08-04 10:09:57.478 +07:00","771.137","HOT_SWEEP_95","95","-0.000927411"
"2026-08-04 10:09:58.163 +07:00","771.822","HOT_SWEEP_95","95","-0.000929665"
"2026-08-04 10:09:58.860 +07:00","772.519","HOT_SWEEP_95","95","-0.000944146"
"2026-08-04 10:09:59.561 +07:00","773.22","HOT_SWEEP_95","95","-0.000943701"
"2026-08-04 10:10:00.246 +07:00","773.904","HOT_SWEEP_95","95","-0.000951667"
"2026-08-04 10:10:00.927 +07:00","774.586","HOT_SWEEP_95","95","-0.000950478"
"2026-08-04 10:10:01.615 +07:00","775.272","HOT_SWEEP_95","95","-0.000943279"
"2026-08-04 10:10:02.311 +07:00","775.97","HOT_SWEEP_95","95","-0.00091437"
"2026-08-04 10:10:02.992 +07:00","776.652","HOT_SWEEP_95","95","-0.00091635"
"2026-08-04 10:10:03.677 +07:00","777.337","HOT_SWEEP_95","95","-0.000908555"
"2026-08-04 10:10:04.376 +07:00","778.035","HOT_SWEEP_95","95","-0.000901601"
"2026-08-04 10:10:05.078 +07:00","778.735","HOT_SWEEP_95","95","-0.000903134"
"2026-08-04 10:10:05.775 +07:00","779.435","HOT_SWEEP_95","95","-0.000897055"
"2026-08-04 10:10:06.458 +07:00","780.118","HOT_SWEEP_95","95","-0.000910422"
"2026-08-04 10:10:07.159 +07:00","780.817","HOT_SWEEP_95","95","-0.000900749"
"2026-08-04 10:10:07.858 +07:00","781.517","HOT_SWEEP_95","95","-0.00091195"
"2026-08-04 10:10:08.541 +07:00","782.201","HOT_SWEEP_95","95","-0.000957977"
"2026-08-04 10:10:09.224 +07:00","782.884","HOT_SWEEP_95","95","-0.000975111"
"2026-08-04 10:10:09.923 +07:00","783.582","HOT_SWEEP_95","95","-0.000974369"
"2026-08-04 10:10:10.624 +07:00","784.283","HOT_SWEEP_95","95","-0.000953951"
"2026-08-04 10:10:11.306 +07:00","784.965","HOT_SWEEP_95","95","-0.000972612"
"2026-08-04 10:10:11.993 +07:00","785.65","HOT_SWEEP_95","95","-0.000962156"
"2026-08-04 10:10:12.689 +07:00","786.348","HOT_SWEEP_95","95","-0.000956234"
"2026-08-04 10:10:13.373 +07:00","787.031","HOT_SWEEP_95","95","-0.00094355"
"2026-08-04 10:10:14.055 +07:00","787.715","HOT_SWEEP_95","95","-0.000955306"
"2026-08-04 10:10:14.739 +07:00","788.398","HOT_SWEEP_95","95","-0.000941739"
"2026-08-04 10:10:15.437 +07:00","789.097","HOT_SWEEP_95","95","-0.000925058"
"2026-08-04 10:10:16.121 +07:00","789.78","HOT_SWEEP_95","95","-0.000928151"
"2026-08-04 10:10:16.805 +07:00","790.463","HOT_SWEEP_95","95","-0.000922866"
"2026-08-04 10:10:17.503 +07:00","791.164","HOT_SWEEP_95","95","-0.000950775"
"2026-08-04 10:10:18.203 +07:00","791.862","HOT_SWEEP_95","95","-0.000931222"
"2026-08-04 10:10:18.888 +07:00","792.547","HOT_SWEEP_95","95","-0.000932222"
"2026-08-04 10:10:19.586 +07:00","793.245","HOT_SWEEP_95","95","-0.000965708"
"2026-08-04 10:10:20.268 +07:00","793.928","HOT_SWEEP_95","95","-0.000977389"
"2026-08-04 10:10:20.968 +07:00","794.627","HOT_SWEEP_95","95","-0.001000227"
"2026-08-04 10:10:21.651 +07:00","795.311","HOT_SWEEP_95","95","-0.001007137"
"2026-08-04 10:10:22.335 +07:00","795.995","HOT_SWEEP_95","95","-0.000971606"
"2026-08-04 10:10:23.019 +07:00","796.677","HOT_SWEEP_95","95","-0.00095449"
"2026-08-04 10:10:23.717 +07:00","797.376","HOT_SWEEP_95","95","-0.000957281"
"2026-08-04 10:10:24.401 +07:00","798.06","HOT_SWEEP_95","95","-0.000941724"
"2026-08-04 10:10:25.082 +07:00","798.741","HOT_SWEEP_95","95","-0.00093681"
"2026-08-04 10:10:25.783 +07:00","799.443","HOT_SWEEP_95","95","-0.000938658"
"2026-08-04 10:10:26.480 +07:00","800.14","HOT_SWEEP_95","95","-0.000921025"
"2026-08-04 10:10:27.165 +07:00","800.824","HOT_SWEEP_95","95","-0.000925432"
"2026-08-04 10:10:27.849 +07:00","801.509","HOT_SWEEP_95","95","-0.000910083"
"2026-08-04 10:10:28.547 +07:00","802.207","HOT_SWEEP_95","95","-0.000990809"
"2026-08-04 10:10:29.231 +07:00","802.89","HOT_SWEEP_95","95","-0.001010161"
"2026-08-04 10:10:29.917 +07:00","803.574","HOT_SWEEP_95","95","-0.001037877"
"2026-08-04 10:10:30.597 +07:00","804.257","HOT_SWEEP_95","95","-0.001030719"
"2026-08-04 10:10:31.296 +07:00","804.955","HOT_SWEEP_95","95","-0.001062019"
"2026-08-04 10:10:31.981 +07:00","805.64","HOT_SWEEP_95","95","-0.000997247"
"2026-08-04 10:10:32.662 +07:00","806.321","HOT_SWEEP_95","95","-0.000999653"
"2026-08-04 10:10:33.362 +07:00","807.022","HOT_SWEEP_95","95","-0.001000364"
"2026-08-04 10:10:34.062 +07:00","807.722","HOT_SWEEP_95","95","-0.000987762"
"2026-08-04 10:10:34.746 +07:00","808.405","HOT_SWEEP_95","95","-0.000974603"
"2026-08-04 10:10:35.429 +07:00","809.089","HOT_SWEEP_95","95","-0.000898674"
"2026-08-04 10:10:36.127 +07:00","809.786","HOT_SWEEP_95","95","-0.00090462"
"2026-08-04 10:10:36.815 +07:00","810.474","HOT_SWEEP_95","95","-0.000888101"
"2026-08-04 10:10:37.495 +07:00","811.155","HOT_SWEEP_95","95","-0.00087204"
"2026-08-04 10:10:38.178 +07:00","811.838","HOT_SWEEP_95","95","-0.000849896"
"2026-08-04 10:10:38.876 +07:00","812.535","HOT_SWEEP_95","95","-0.000934311"
"2026-08-04 10:10:39.559 +07:00","813.219","HOT_SWEEP_95","95","-0.000958796"
"2026-08-04 10:10:40.244 +07:00","813.902","HOT_SWEEP_95","95","-0.000958191"
"2026-08-04 10:10:40.927 +07:00","814.585","HOT_SWEEP_95","95","-0.000950632"
"2026-08-04 10:10:41.625 +07:00","815.284","HOT_SWEEP_95","95","-0.000960594"
"2026-08-04 10:10:42.308 +07:00","815.968","HOT_SWEEP_95","95","-0.000948112"
"2026-08-04 10:10:42.992 +07:00","816.65","HOT_SWEEP_95","95","-0.000942928"
"2026-08-04 10:10:43.676 +07:00","817.334","HOT_SWEEP_95","95","-0.000943405"
"2026-08-04 10:10:44.375 +07:00","818.033","HOT_SWEEP_95","95","-0.000968028"
"2026-08-04 10:10:45.058 +07:00","818.717","HOT_SWEEP_95","95","-0.000946862"
"2026-08-04 10:10:45.741 +07:00","819.398","HOT_SWEEP_95","95","-0.00092976"
"2026-08-04 10:10:46.438 +07:00","820.098","HOT_SWEEP_95","95","-0.00092031"
"2026-08-04 10:10:47.124 +07:00","820.783","HOT_SWEEP_95","95","-0.000901502"
"2026-08-04 10:10:47.812 +07:00","821.47","HOT_SWEEP_95","95","-0.000926576"
"2026-08-04 10:10:48.492 +07:00","822.15","HOT_SWEEP_95","95","-0.000918912"
"2026-08-04 10:10:49.190 +07:00","822.85","HOT_SWEEP_95","95","-0.000913003"
"2026-08-04 10:10:49.873 +07:00","823.532","HOT_SWEEP_95","95","-0.000906869"
"2026-08-04 10:10:50.555 +07:00","824.214","HOT_SWEEP_95","95","-0.000911031"
"2026-08-04 10:10:51.238 +07:00","824.898","HOT_SWEEP_95","95","-0.000894188"
"2026-08-04 10:10:51.939 +07:00","825.598","HOT_SWEEP_95","95","-0.000903606"
"2026-08-04 10:10:52.623 +07:00","826.282","HOT_SWEEP_95","95","-0.00091903"
"2026-08-04 10:10:53.302 +07:00","826.962","HOT_SWEEP_95","95","-0.00088373"
"2026-08-04 10:10:54.004 +07:00","827.664","HOT_SWEEP_95","95","-0.000900546"
"2026-08-04 10:10:54.703 +07:00","828.363","HOT_SWEEP_95","95","-0.000882564"
"2026-08-04 10:10:55.386 +07:00","829.046","HOT_SWEEP_95","95","-0.00086816"
"2026-08-04 10:10:56.069 +07:00","829.729","HOT_SWEEP_95","95","-0.000878504"
"2026-08-04 10:10:56.769 +07:00","830.426","HOT_SWEEP_95","95","-0.000875222"
"2026-08-04 10:10:57.469 +07:00","831.129","HOT_SWEEP_95","95","-0.000895137"
"2026-08-04 10:10:58.151 +07:00","831.81","HOT_SWEEP_95","95","-0.000909515"
"2026-08-04 10:10:58.833 +07:00","832.493","HOT_SWEEP_95","95","-0.00092691"
"2026-08-04 10:10:59.535 +07:00","833.195","HOT_SWEEP_95","95","-0.000470059"
"2026-08-04 10:11:00.220 +07:00","833.878","HOT_SWEEP_95","95","-0.000492541"
"2026-08-04 10:11:00.901 +07:00","834.561","HOT_SWEEP_95","95","-0.000480813"
"2026-08-04 10:11:01.583 +07:00","835.243","HOT_SWEEP_95","95","-0.000500738"
"2026-08-04 10:11:02.281 +07:00","835.94","HOT_SWEEP_95","95","-0.000536378"
"2026-08-04 10:11:02.966 +07:00","836.625","HOT_SWEEP_95","95","-0.000528807"
"2026-08-04 10:11:03.651 +07:00","837.308","HOT_SWEEP_95","95","-0.000541925"
"2026-08-04 10:11:04.332 +07:00","837.991","HOT_SWEEP_95","95","-0.000414803"
"2026-08-04 10:11:05.016 +07:00","838.675","HOT_SWEEP_95","95","-0.000442046"
"2026-08-04 10:11:05.699 +07:00","839.359","HOT_SWEEP_95","95","-0.000433376"
"2026-08-04 10:11:06.384 +07:00","840.043","HOT_SWEEP_95","95","-0.000855916"
"2026-08-04 10:11:07.079 +07:00","840.739","HOT_SWEEP_95","95","-0.000852104"
"2026-08-04 10:11:07.782 +07:00","841.44","HOT_SWEEP_95","95","-0.000875337"
"2026-08-04 10:11:08.464 +07:00","842.123","HOT_SWEEP_95","95","-0.000330817"
"2026-08-04 10:11:09.147 +07:00","842.807","HOT_SWEEP_95","95","-0.000316972"
"2026-08-04 10:11:09.848 +07:00","843.508","HOT_SWEEP_95","95","-0.000318638"
"2026-08-04 10:11:10.547 +07:00","844.206","HOT_SWEEP_95","95","0.000743288"
"2026-08-04 10:11:11.229 +07:00","844.888","HOT_SWEEP_95","95","0.000903183"
"2026-08-04 10:11:11.928 +07:00","845.588","HOT_SWEEP_95","95","0.000909546"
"2026-08-04 10:11:12.630 +07:00","846.288","HOT_SWEEP_95","95","0.001896824"
"2026-08-04 10:11:13.328 +07:00","846.987","HOT_SWEEP_95","95","0.001863217"
"2026-08-04 10:11:14.011 +07:00","847.67","HOT_SWEEP_95","95","0.00186024"
"2026-08-04 10:11:14.703 +07:00","848.358","HOT_SWEEP_95","95","0.001880871"
"2026-08-04 10:11:15.395 +07:00","849.054","HOT_SWEEP_95","95","0.00167406"
"2026-08-04 10:11:16.094 +07:00","849.754","HOT_SWEEP_95","95","0.001664757"
"2026-08-04 10:11:16.777 +07:00","850.436","HOT_SWEEP_95","95","0.001665551"
"2026-08-04 10:11:17.460 +07:00","851.12","HOT_SWEEP_95","95","0.000641796"
"2026-08-04 10:11:18.159 +07:00","851.817","HOT_SWEEP_95","95","0.000976783"
"2026-08-04 10:11:18.842 +07:00","852.502","HOT_SWEEP_95","95","0.001022415"
"2026-08-04 10:11:19.528 +07:00","853.185","HOT_SWEEP_95","95","2.496E-05"
"2026-08-04 10:11:20.212 +07:00","853.87","HOT_SWEEP_95","95","9.940960808E-06"
"2026-08-04 10:11:20.909 +07:00","854.569","HOT_SWEEP_95","95","3.394181931E-06"
"2026-08-04 10:11:21.625 +07:00","855.283","HOT_SWEEP_95","95","-1.7902E-05"
"2026-08-04 10:11:22.306 +07:00","855.966","HOT_SWEEP_95","95","-0.00011784"
"2026-08-04 10:11:22.991 +07:00","856.649","HOT_SWEEP_95","95","-9.1495E-05"
"2026-08-04 10:11:23.690 +07:00","857.349","HOT_SWEEP_95","95","5.1009E-05"
"2026-08-04 10:11:24.390 +07:00","858.05","HOT_SWEEP_95","95","0.000376685"
"2026-08-04 10:11:25.073 +07:00","858.732","HOT_SWEEP_95","95","-0.000225531"
"2026-08-04 10:11:25.755 +07:00","859.415","HOT_SWEEP_95","95","-0.000255866"
"2026-08-04 10:11:26.456 +07:00","860.115","HOT_SWEEP_95","95","-0.000253308"
"2026-08-04 10:11:27.138 +07:00","860.798","HOT_SWEEP_95","95","-0.000233603"
"2026-08-04 10:11:27.822 +07:00","861.481","HOT_SWEEP_95","95","-0.000223394"
"2026-08-04 10:11:28.522 +07:00","862.18","HOT_SWEEP_95","95","-0.000174062"
"2026-08-04 10:11:29.221 +07:00","862.881","HOT_SWEEP_95","95","-0.000391793"
"2026-08-04 10:11:29.904 +07:00","863.562","HOT_SWEEP_95","95","-0.000353119"
"2026-08-04 10:11:30.592 +07:00","864.248","HOT_SWEEP_95","95","-8.7106E-05"
"2026-08-04 10:11:31.286 +07:00","864.944","HOT_SWEEP_95","95","-0.000403709"
"2026-08-04 10:11:31.968 +07:00","865.629","HOT_SWEEP_95","95","-0.000410829"
"2026-08-04 10:11:32.657 +07:00","866.318","HOT_SWEEP_95","95","-0.000387609"
"2026-08-04 10:11:33.333 +07:00","866.994","HOT_SWEEP_95","95","-0.000259445"
"2026-08-04 10:11:34.016 +07:00","867.677","HOT_SWEEP_95","95","1.8959E-05"
"2026-08-04 10:11:34.706 +07:00","868.361","HOT_SWEEP_95","95","0.000504559"
"2026-08-04 10:11:35.398 +07:00","869.059","HOT_SWEEP_95","95","0.000789491"
"2026-08-04 10:11:36.082 +07:00","869.743","HOT_SWEEP_95","95","0.001880486"
"2026-08-04 10:11:36.775 +07:00","870.434","HOT_SWEEP_95","95","0.001824658"
"2026-08-04 10:11:37.465 +07:00","871.126","HOT_SWEEP_95","95","0.001396696"
"2026-08-04 10:11:38.157 +07:00","871.808","HOT_SWEEP_95","95","0.001371476"
"2026-08-04 10:11:38.836 +07:00","872.494","HOT_SWEEP_95","95","0.001421352"
"2026-08-04 10:11:39.533 +07:00","873.192","HOT_SWEEP_95","95","0.001516063"
"2026-08-04 10:11:40.217 +07:00","873.877","HOT_SWEEP_95","95","0.001392734"
"2026-08-04 10:11:40.898 +07:00","874.558","HOT_SWEEP_95","95","0.001080389"
"2026-08-04 10:11:41.599 +07:00","875.258","HOT_SWEEP_95","95","0.001885015"
"2026-08-04 10:11:42.299 +07:00","875.958","HOT_SWEEP_95","95","0.002145466"
"2026-08-04 10:11:42.982 +07:00","876.641","HOT_SWEEP_95","95","0.001758808"
"2026-08-04 10:11:43.663 +07:00","877.323","HOT_SWEEP_95","95","0.002283388"
"2026-08-04 10:11:44.366 +07:00","878.025","HOT_SWEEP_95","95","0.002914491"
"2026-08-04 10:11:45.064 +07:00","878.724","HOT_SWEEP_95","95","0.002911684"
"2026-08-04 10:11:45.746 +07:00","879.405","HOT_SWEEP_95","95","0.002870654"
"2026-08-04 10:11:46.431 +07:00","880.089","HOT_SWEEP_95","95","0.003115022"
"2026-08-04 10:11:47.130 +07:00","880.789","HOT_SWEEP_95","95","0.003122392"
"2026-08-04 10:11:47.812 +07:00","881.471","HOT_SWEEP_95","95","0.003147127"
"2026-08-04 10:11:48.496 +07:00","882.155","HOT_SWEEP_95","95","0.002648305"
"2026-08-04 10:11:49.177 +07:00","882.837","HOT_SWEEP_95","95","0.002174402"
"2026-08-04 10:11:49.862 +07:00","883.521","HOT_SWEEP_95","95","0.002049347"
"2026-08-04 10:11:50.545 +07:00","884.204","HOT_SWEEP_95","95","0.001601342"
"2026-08-04 10:11:51.228 +07:00","884.887","HOT_SWEEP_95","95","0.0023326"
"2026-08-04 10:11:51.930 +07:00","885.587","HOT_SWEEP_95","95","0.003054404"
"2026-08-04 10:11:52.628 +07:00","886.288","HOT_SWEEP_95","95","0.004109305"
"2026-08-04 10:11:53.311 +07:00","886.971","HOT_SWEEP_95","95","0.004162936"
"2026-08-04 10:11:53.993 +07:00","887.652","HOT_SWEEP_95","95","0.00430506"
"2026-08-04 10:11:54.691 +07:00","888.351","HOT_SWEEP_95","95","0.004322505"
"2026-08-04 10:11:55.375 +07:00","889.035","HOT_SWEEP_95","95","0.003560233"
"2026-08-04 10:11:56.059 +07:00","889.718","HOT_SWEEP_95","95","0.003492064"
"2026-08-04 10:11:56.743 +07:00","890.403","HOT_SWEEP_95","95","0.003876574"
"2026-08-04 10:11:57.443 +07:00","891.1","HOT_SWEEP_95","95","0.004121344"
"2026-08-04 10:11:58.124 +07:00","891.784","HOT_SWEEP_95","95","0.002811474"
"2026-08-04 10:11:58.807 +07:00","892.467","HOT_SWEEP_95","95","0.002331055"
"2026-08-04 10:11:59.507 +07:00","893.166","HOT_SWEEP_95","95","0.001371965"
"2026-08-04 10:12:00.190 +07:00","893.85","HOT_SWEEP_95","95","0.000963607"
"2026-08-04 10:12:00.874 +07:00","894.533","HOT_SWEEP_95","95","0.001666287"
"2026-08-04 10:12:01.557 +07:00","895.216","HOT_SWEEP_95","95","0.001752144"
"2026-08-04 10:12:02.258 +07:00","895.915","HOT_SWEEP_95","95","0.001869074"
"2026-08-04 10:12:02.956 +07:00","896.615","HOT_SWEEP_95","95","0.001846673"
"2026-08-04 10:12:03.637 +07:00","897.296","HOT_SWEEP_95","95","0.001636526"
"2026-08-04 10:12:04.320 +07:00","897.979","HOT_SWEEP_95","95","0.001439559"
"2026-08-04 10:12:05.020 +07:00","898.679","HOT_SWEEP_95","95","0.001958727"
"2026-08-04 10:12:05.703 +07:00","899.363","HOT_SWEEP_95","95","0.001710548"
"2026-08-04 10:12:06.389 +07:00","900.047","HOT_SWEEP_95","95","0.001801845"
"2026-08-04 10:12:07.070 +07:00","900.729","HOT_SWEEP_95","95","0.002770443"
"2026-08-04 10:12:07.769 +07:00","901.429","HOT_SWEEP_95","95","0.002408517"
"2026-08-04 10:12:08.454 +07:00","902.113","HOT_SWEEP_95","95","0.002947943"
"2026-08-04 10:12:09.137 +07:00","902.795","HOT_SWEEP_95","95","0.002832764"
"2026-08-04 10:12:09.837 +07:00","903.496","HOT_SWEEP_95","95","0.002816847"
"2026-08-04 10:12:10.536 +07:00","904.195","HOT_SWEEP_95","95","0.00204885"
"2026-08-04 10:12:11.219 +07:00","904.879","HOT_SWEEP_95","95","0.001923674"
"2026-08-04 10:12:11.901 +07:00","905.561","HOT_SWEEP_95","95","0.002076431"
"2026-08-04 10:12:12.585 +07:00","906.245","HOT_SWEEP_95","95","0.003127139"
"2026-08-04 10:12:13.287 +07:00","906.945","HOT_SWEEP_95","95","0.003966732"
"2026-08-04 10:12:13.966 +07:00","907.626","HOT_SWEEP_95","95","0.004038744"
"2026-08-04 10:12:14.651 +07:00","908.31","HOT_SWEEP_95","95","0.004909896"
"2026-08-04 10:12:15.350 +07:00","909.01","HOT_SWEEP_95","95","0.004365037"
"2026-08-04 10:12:16.031 +07:00","909.69","HOT_SWEEP_95","95","0.005395895"
"2026-08-04 10:12:16.716 +07:00","910.375","HOT_SWEEP_95","95","0.006004981"
"2026-08-04 10:12:17.402 +07:00","911.059","HOT_SWEEP_95","95","0.006035173"
"2026-08-04 10:12:18.101 +07:00","911.759","HOT_SWEEP_95","95","0.006316917"
"2026-08-04 10:12:18.801 +07:00","912.46","HOT_SWEEP_95","95","0.005588534"
"2026-08-04 10:12:19.483 +07:00","913.142","HOT_SWEEP_95","95","0.005991604"
"2026-08-04 10:12:20.165 +07:00","913.824","HOT_SWEEP_95","95","0.0049777"
"2026-08-04 10:12:20.864 +07:00","914.524","HOT_SWEEP_95","95","0.0039454"
"2026-08-04 10:12:21.549 +07:00","915.205","HOT_SWEEP_95","95","0.002907154"
"2026-08-04 10:12:22.240 +07:00","915.886","HOT_SWEEP_95","95","0.002832177"
"2026-08-04 10:12:22.926 +07:00","916.587","HOT_SWEEP_95","95","0.001779365"
"2026-08-04 10:12:23.622 +07:00","917.277","HOT_SWEEP_95","95","0.001423579"
"2026-08-04 10:12:24.315 +07:00","917.976","HOT_SWEEP_95","95","0.001897221"
"2026-08-04 10:12:24.991 +07:00","918.652","HOT_SWEEP_95","95","0.001651516"
"2026-08-04 10:12:25.675 +07:00","919.336","HOT_SWEEP_95","95","0.001713725"
"2026-08-04 10:12:26.369 +07:00","920.025","HOT_SWEEP_95","95","0.000301989"
"2026-08-04 10:12:27.057 +07:00","920.718","HOT_SWEEP_95","95","0.000350202"
"2026-08-04 10:12:27.752 +07:00","921.409","HOT_SWEEP_95","95","0.000353534"
"2026-08-04 10:12:28.457 +07:00","922.111","HOT_SWEEP_95","95","4.8122E-05"
"2026-08-04 10:12:29.155 +07:00","922.816","HOT_SWEEP_95","95","0.001142782"
"2026-08-04 10:12:29.856 +07:00","923.517","HOT_SWEEP_95","95","0.002005628"
"2026-08-04 10:12:30.549 +07:00","924.204","HOT_SWEEP_95","95","0.003066768"
"2026-08-04 10:12:31.237 +07:00","924.898","HOT_SWEEP_95","95","0.00362437"
"2026-08-04 10:12:31.920 +07:00","925.581","HOT_SWEEP_95","95","0.003590954"
"2026-08-04 10:12:32.605 +07:00","926.266","HOT_SWEEP_95","95","0.005036985"
"2026-08-04 10:12:33.302 +07:00","926.951","HOT_SWEEP_95","95","0.00499375"
"2026-08-04 10:12:33.971 +07:00","927.632","HOT_SWEEP_95","95","0.005264798"
"2026-08-04 10:12:34.662 +07:00","928.323","HOT_SWEEP_95","95","0.005498654"
"2026-08-04 10:12:35.337 +07:00","928.998","HOT_SWEEP_95","95","0.006806503"
"2026-08-04 10:12:36.030 +07:00","929.689","HOT_SWEEP_95","95","0.005681486"
"2026-08-04 10:12:36.720 +07:00","930.381","HOT_SWEEP_95","95","0.004810261"
"2026-08-04 10:12:37.412 +07:00","931.071","HOT_SWEEP_95","95","0.003871649"
"2026-08-04 10:12:38.104 +07:00","931.765","HOT_SWEEP_95","95","0.003942166"
"2026-08-04 10:12:38.787 +07:00","932.448","HOT_SWEEP_95","95","0.00421917"
"2026-08-04 10:12:39.467 +07:00","933.128","HOT_SWEEP_95","95","0.002877541"
"2026-08-04 10:12:40.155 +07:00","933.816","HOT_SWEEP_95","95","0.003193465"
"2026-08-04 10:12:40.834 +07:00","934.495","HOT_SWEEP_95","95","0.002848062"
"2026-08-04 10:12:41.518 +07:00","935.179","HOT_SWEEP_95","95","0.002952943"
"2026-08-04 10:12:42.206 +07:00","935.867","HOT_SWEEP_95","95","0.002896864"
"2026-08-04 10:12:42.883 +07:00","936.544","HOT_SWEEP_95","95","0.002921217"
"2026-08-04 10:12:43.567 +07:00","937.228","HOT_SWEEP_95","95","0.004378061"
"2026-08-04 10:12:44.261 +07:00","937.918","HOT_SWEEP_95","95","0.004516751"
"2026-08-04 10:12:44.953 +07:00","938.614","HOT_SWEEP_95","95","0.00376146"
"2026-08-04 10:12:45.634 +07:00","939.295","HOT_SWEEP_95","95","0.00512704"
"2026-08-04 10:12:46.314 +07:00","939.975","HOT_SWEEP_95","95","0.006383092"
"2026-08-04 10:12:46.998 +07:00","940.659","HOT_SWEEP_95","95","0.006289585"
"2026-08-04 10:12:47.681 +07:00","941.342","HOT_SWEEP_95","95","0.006706095"
"2026-08-04 10:12:48.358 +07:00","942.019","HOT_SWEEP_95","95","0.006425173"
"2026-08-04 10:12:49.046 +07:00","942.707","HOT_SWEEP_95","95","0.005153653"
"2026-08-04 10:12:49.731 +07:00","943.393","HOT_SWEEP_95","95","0.005353154"
"2026-08-04 10:12:50.415 +07:00","944.076","HOT_SWEEP_95","95","0.005310464"
"2026-08-04 10:12:51.121 +07:00","944.78","HOT_SWEEP_95","95","0.006058433"
"2026-08-04 10:12:51.818 +07:00","945.477","HOT_SWEEP_95","95","0.006092074"
"2026-08-04 10:12:52.500 +07:00","946.159","HOT_SWEEP_95","95","0.005627634"
"2026-08-04 10:12:53.186 +07:00","946.843","HOT_SWEEP_95","95","0.005187394"
"2026-08-04 10:12:53.883 +07:00","947.542","HOT_SWEEP_95","95","0.005633276"
"2026-08-04 10:12:54.565 +07:00","948.225","HOT_SWEEP_95","95","0.005511307"
"2026-08-04 10:12:55.248 +07:00","948.908","HOT_SWEEP_95","95","0.005580226"
"2026-08-04 10:12:55.933 +07:00","949.593","HOT_SWEEP_95","95","0.005585565"
"2026-08-04 10:12:56.633 +07:00","950.293","HOT_SWEEP_95","95","0.00582668"
"2026-08-04 10:12:57.314 +07:00","950.974","HOT_SWEEP_95","95","0.005263438"
"2026-08-04 10:12:58.010 +07:00","951.67","HOT_SWEEP_95","95","0.004703055"
"2026-08-04 10:12:58.697 +07:00","952.356","HOT_SWEEP_95","95","0.004326797"
"2026-08-04 10:12:59.396 +07:00","953.055","HOT_SWEEP_95","95","0.00374949"
"2026-08-04 10:13:00.083 +07:00","953.743","HOT_SWEEP_95","95","0.002787508"
"2026-08-04 10:13:00.764 +07:00","954.424","HOT_SWEEP_95","95","0.002216832"
"2026-08-04 10:13:01.462 +07:00","955.122","HOT_SWEEP_95","95","0.001974266"
"2026-08-04 10:13:02.146 +07:00","955.805","HOT_SWEEP_95","95","0.00290585"
"2026-08-04 10:13:02.829 +07:00","956.489","HOT_SWEEP_95","95","0.003031372"
"2026-08-04 10:13:03.513 +07:00","957.172","HOT_SWEEP_95","95","0.002661065"
"2026-08-04 10:13:04.211 +07:00","957.871","HOT_SWEEP_95","95","0.002300642"
"2026-08-04 10:13:04.911 +07:00","958.571","HOT_SWEEP_95","95","0.002132989"
"2026-08-04 10:13:05.594 +07:00","959.253","HOT_SWEEP_95","95","0.002258717"
"2026-08-04 10:13:06.279 +07:00","959.938","HOT_SWEEP_95","95","0.001904501"
"2026-08-04 10:13:06.977 +07:00","960.636","HOT_SWEEP_95","95","0.002787312"
"2026-08-04 10:13:07.659 +07:00","961.318","HOT_SWEEP_95","95","0.00286447"
"2026-08-04 10:13:08.337 +07:00","961.998","HOT_SWEEP_95","95","0.003693896"
"2026-08-04 10:13:09.019 +07:00","962.68","HOT_SWEEP_95","95","0.002704209"
"2026-08-04 10:13:09.704 +07:00","963.366","HOT_SWEEP_95","95","0.00287775"
"2026-08-04 10:13:10.396 +07:00","964.057","HOT_SWEEP_95","95","0.003252563"
"2026-08-04 10:13:11.071 +07:00","964.732","HOT_SWEEP_95","95","0.002755442"
"2026-08-04 10:13:11.754 +07:00","965.415","HOT_SWEEP_95","95","0.003182286"
"2026-08-04 10:13:12.437 +07:00","966.098","HOT_SWEEP_95","95","0.003981541"
"2026-08-04 10:13:13.128 +07:00","966.782","HOT_SWEEP_95","95","0.004035735"
"2026-08-04 10:13:13.804 +07:00","967.465","HOT_SWEEP_95","95","0.003974783"
"2026-08-04 10:13:14.481 +07:00","968.14","HOT_SWEEP_95","95","0.003940059"
"2026-08-04 10:13:15.169 +07:00","968.83","HOT_SWEEP_95","95","0.004496083"
"2026-08-04 10:13:15.859 +07:00","969.516","HOT_SWEEP_95","95","0.005665001"
"2026-08-04 10:13:16.544 +07:00","970.203","HOT_SWEEP_95","95","0.006535885"
"2026-08-04 10:13:17.238 +07:00","970.899","HOT_SWEEP_95","95","0.006515947"
"2026-08-04 10:13:17.919 +07:00","971.58","HOT_SWEEP_95","95","0.007788492"
"2026-08-04 10:13:18.611 +07:00","972.27","HOT_SWEEP_95","95","0.008419889"
"2026-08-04 10:13:19.288 +07:00","972.949","HOT_SWEEP_95","95","0.008053309"
"2026-08-04 10:13:19.981 +07:00","973.64","HOT_SWEEP_95","95","0.008068333"
"2026-08-04 10:13:20.666 +07:00","974.327","HOT_SWEEP_95","95","0.00897436"
"2026-08-04 10:13:21.358 +07:00","975.017","HOT_SWEEP_95","95","0.009855526"
"2026-08-04 10:13:22.033 +07:00","975.694","HOT_SWEEP_95","95","0.008490376"
"2026-08-04 10:13:22.724 +07:00","976.385","HOT_SWEEP_95","95","0.007341947"
"2026-08-04 10:13:23.408 +07:00","977.067","HOT_SWEEP_95","95","0.006276111"
"2026-08-04 10:13:24.081 +07:00","977.742","HOT_SWEEP_95","95","0.005988503"
"2026-08-04 10:13:24.765 +07:00","978.426","HOT_SWEEP_95","95","0.004956902"
"2026-08-04 10:13:25.458 +07:00","979.117","HOT_SWEEP_95","95","0.00372896"
"2026-08-04 10:13:26.131 +07:00","979.792","HOT_SWEEP_95","95","0.003156676"
"2026-08-04 10:13:26.801 +07:00","980.462","HOT_SWEEP_95","95","0.002888855"
"2026-08-04 10:13:27.497 +07:00","981.158","HOT_SWEEP_95","95","0.002795424"
"2026-08-04 10:13:28.194 +07:00","981.839","HOT_SWEEP_95","95","0.002159661"
"2026-08-04 10:13:28.884 +07:00","982.545","HOT_SWEEP_95","95","0.00244129"
"2026-08-04 10:13:29.564 +07:00","983.223","HOT_SWEEP_95","95","0.002611244"
"2026-08-04 10:13:30.254 +07:00","983.904","HOT_SWEEP_95","95","0.002596396"
"2026-08-04 10:13:30.933 +07:00","984.594","HOT_SWEEP_95","95","0.002948346"
"2026-08-04 10:13:31.619 +07:00","985.278","HOT_SWEEP_95","95","0.003148712"
"2026-08-04 10:13:32.316 +07:00","985.971","HOT_SWEEP_95","95","0.002841089"
"2026-08-04 10:13:33.003 +07:00","986.66","HOT_SWEEP_95","95","0.003617768"
"2026-08-04 10:13:33.687 +07:00","987.346","HOT_SWEEP_95","95","0.004757562"
"2026-08-04 10:13:34.382 +07:00","988.043","HOT_SWEEP_95","95","0.00432383"
"2026-08-04 10:13:35.060 +07:00","988.721","HOT_SWEEP_95","95","0.005127497"
"2026-08-04 10:13:35.742 +07:00","989.403","HOT_SWEEP_95","95","0.005808145"
"2026-08-04 10:13:36.434 +07:00","990.093","HOT_SWEEP_95","95","0.006278965"
"2026-08-04 10:13:37.114 +07:00","990.769","HOT_SWEEP_95","95","0.006203097"
"2026-08-04 10:13:37.803 +07:00","991.458","HOT_SWEEP_95","95","0.007275119"
"2026-08-04 10:13:38.475 +07:00","992.136","HOT_SWEEP_95","95","0.008062497"
"2026-08-04 10:13:39.180 +07:00","992.839","HOT_SWEEP_95","95","0.008216056"
"2026-08-04 10:13:39.860 +07:00","993.521","HOT_SWEEP_95","95","0.007630856"
"2026-08-04 10:13:40.550 +07:00","994.202","HOT_SWEEP_95","95","0.006993453"
"2026-08-04 10:13:41.224 +07:00","994.885","HOT_SWEEP_95","95","0.006066357"
"2026-08-04 10:13:41.907 +07:00","995.568","HOT_SWEEP_95","95","0.005137614"
"2026-08-04 10:13:42.597 +07:00","996.252","HOT_SWEEP_95","95","0.004629299"
"2026-08-04 10:13:43.281 +07:00","996.94","HOT_SWEEP_95","95","0.005229525"
"2026-08-04 10:13:43.979 +07:00","997.634","HOT_SWEEP_95","95","0.0054267"
"2026-08-04 10:13:44.664 +07:00","998.325","HOT_SWEEP_95","95","0.004528377"
"2026-08-04 10:13:45.349 +07:00","999.004","HOT_SWEEP_95","95","0.004356886"
"2026-08-04 10:13:46.028 +07:00","999.687","HOT_SWEEP_95","95","0.005459796"
"2026-08-04 10:13:46.722 +07:00","1000.383","HOT_SWEEP_95","95","0.005867182"
"2026-08-04 10:13:47.413 +07:00","1001.072","HOT_SWEEP_95","95","0.006755831"
"2026-08-04 10:13:48.095 +07:00","1001.75","HOT_SWEEP_95","95","0.007609176"
"2026-08-04 10:13:48.781 +07:00","1002.437","HOT_SWEEP_95","95","0.007442466"
"2026-08-04 10:13:49.474 +07:00","1003.132","HOT_SWEEP_95","95","0.008424732"
"2026-08-04 10:13:50.161 +07:00","1003.82","HOT_SWEEP_95","95","0.008509347"
"2026-08-04 10:13:50.837 +07:00","1004.498","HOT_SWEEP_95","95","0.009032217"
"2026-08-04 10:13:51.527 +07:00","1005.186","HOT_SWEEP_95","95","0.009717422"
"2026-08-04 10:13:52.210 +07:00","1005.869","HOT_SWEEP_95","95","0.009663368"
"2026-08-04 10:13:52.893 +07:00","1006.546","HOT_SWEEP_95","95","0.009512843"
"2026-08-04 10:13:53.576 +07:00","1007.235","HOT_SWEEP_95","95","0.010365233"
"2026-08-04 10:13:54.274 +07:00","1007.933","HOT_SWEEP_95","95","0.009384228"
"2026-08-04 10:13:54.959 +07:00","1008.618","HOT_SWEEP_95","95","0.008319834"
"2026-08-04 10:13:55.635 +07:00","1009.296","HOT_SWEEP_95","95","0.010185346"
"2026-08-04 10:13:56.328 +07:00","1009.979","HOT_SWEEP_95","95","0.00877882"
"2026-08-04 10:13:57.026 +07:00","1010.685","HOT_SWEEP_95","95","0.007822985"
"2026-08-04 10:13:57.707 +07:00","1011.361","HOT_SWEEP_95","95","0.008161681"
"2026-08-04 10:13:58.383 +07:00","1012.044","HOT_SWEEP_95","95","0.006967577"
"2026-08-04 10:13:59.075 +07:00","1012.726","HOT_SWEEP_95","95","0.006534287"
"2026-08-04 10:13:59.780 +07:00","1013.429","HOT_SWEEP_95","95","0.005613545"
"2026-08-04 10:14:00.465 +07:00","1014.126","HOT_SWEEP_95","95","0.005251804"
"2026-08-04 10:14:01.151 +07:00","1014.812","HOT_SWEEP_95","95","0.006281946"
"2026-08-04 10:14:01.833 +07:00","1015.494","HOT_SWEEP_95","95","0.006539547"
"2026-08-04 10:14:02.514 +07:00","1016.175","HOT_SWEEP_95","95","0.005852436"
"2026-08-04 10:14:03.198 +07:00","1016.859","HOT_SWEEP_95","95","0.007088687"
"2026-08-04 10:14:03.881 +07:00","1017.542","HOT_SWEEP_95","95","0.007643291"
"2026-08-04 10:14:04.575 +07:00","1018.234","HOT_SWEEP_95","95","0.007384543"
"2026-08-04 10:14:05.262 +07:00","1018.923","HOT_SWEEP_95","95","0.008624325"
"2026-08-04 10:14:05.948 +07:00","1019.609","HOT_SWEEP_95","95","0.008104556"
"2026-08-04 10:14:06.631 +07:00","1020.292","HOT_SWEEP_95","95","0.009650419"
"2026-08-04 10:14:07.312 +07:00","1020.973","HOT_SWEEP_95","95","0.0086581580000000009"
"2026-08-04 10:14:07.995 +07:00","1021.656","HOT_SWEEP_95","95","0.007192981"
"2026-08-04 10:14:08.679 +07:00","1022.34","HOT_SWEEP_95","95","0.00863629"
"2026-08-04 10:14:09.360 +07:00","1023.018","HOT_SWEEP_95","95","0.007437403"
"2026-08-04 10:14:10.045 +07:00","1023.706","HOT_SWEEP_95","95","0.007204673"
"2026-08-04 10:14:10.711 +07:00","1024.372","HOT_SWEEP_95","95","0.007860007"
"2026-08-04 10:14:11.402 +07:00","1025.059","HOT_SWEEP_95","95","0.007174477"
"2026-08-04 10:14:12.093 +07:00","1025.754","HOT_SWEEP_95","95","0.005795232"
"2026-08-04 10:14:12.777 +07:00","1026.438","HOT_SWEEP_95","95","0.007007377"
"2026-08-04 10:14:13.451 +07:00","1027.112","HOT_SWEEP_95","95","0.005370061"
"2026-08-04 10:14:14.144 +07:00","1027.805","HOT_SWEEP_95","95","0.005252968"
"2026-08-04 10:14:14.825 +07:00","1028.486","HOT_SWEEP_95","95","0.005474593"
"2026-08-04 10:14:15.510 +07:00","1029.171","HOT_SWEEP_95","95","0.004609595"
"2026-08-04 10:14:16.189 +07:00","1029.848","HOT_SWEEP_95","95","0.005042282"
"2026-08-04 10:14:16.881 +07:00","1030.542","HOT_SWEEP_95","95","0.004583376"
"2026-08-04 10:14:17.567 +07:00","1031.221","HOT_SWEEP_95","95","0.003824346"
"2026-08-04 10:14:18.240 +07:00","1031.901","HOT_SWEEP_95","95","0.003776836"
"2026-08-04 10:14:18.921 +07:00","1032.582","HOT_SWEEP_95","95","0.003899338"
"2026-08-04 10:14:19.611 +07:00","1033.27","HOT_SWEEP_95","95","0.002865796"
"2026-08-04 10:14:20.295 +07:00","1033.956","HOT_SWEEP_95","95","0.003929033"
"2026-08-04 10:14:20.974 +07:00","1034.635","HOT_SWEEP_95","95","0.003922355"
"2026-08-04 10:14:21.658 +07:00","1035.319","HOT_SWEEP_95","95","0.004364303"
"2026-08-04 10:14:22.343 +07:00","1036.004","HOT_SWEEP_95","95","0.003531069"
"2026-08-04 10:14:23.035 +07:00","1036.685","HOT_SWEEP_95","95","0.004197543"
"2026-08-04 10:14:23.730 +07:00","1037.391","HOT_SWEEP_95","95","0.005001961"
"2026-08-04 10:14:24.407 +07:00","1038.068","HOT_SWEEP_95","95","0.004314088"
"2026-08-04 10:14:25.091 +07:00","1038.752","HOT_SWEEP_95","95","0.005518903"
"2026-08-04 10:14:25.771 +07:00","1039.432","HOT_SWEEP_95","95","0.006427745"
"2026-08-04 10:14:26.464 +07:00","1040.123","HOT_SWEEP_95","95","0.00637545"
"2026-08-04 10:14:27.155 +07:00","1040.816","HOT_SWEEP_95","95","0.005387095"
"2026-08-04 10:14:27.838 +07:00","1041.499","HOT_SWEEP_95","95","0.00542066"
"2026-08-04 10:14:28.537 +07:00","1042.198","HOT_SWEEP_95","95","0.006434453"
"2026-08-04 10:14:29.219 +07:00","1042.88","HOT_SWEEP_95","95","0.007816439"
"2026-08-04 10:14:29.903 +07:00","1043.564","HOT_SWEEP_95","95","0.00776554"
"2026-08-04 10:14:30.585 +07:00","1044.246","HOT_SWEEP_95","95","0.008085697"
"2026-08-04 10:14:31.268 +07:00","1044.929","HOT_SWEEP_95","95","0.007898529"
"2026-08-04 10:14:31.959 +07:00","1045.614","HOT_SWEEP_95","95","0.006676917"
"2026-08-04 10:14:32.635 +07:00","1046.296","HOT_SWEEP_95","95","0.005799799"
"2026-08-04 10:14:33.302 +07:00","1046.963","HOT_SWEEP_95","95","0.005895222"
"2026-08-04 10:14:34.000 +07:00","1047.661","HOT_SWEEP_95","95","0.005738429"
"2026-08-04 10:14:34.685 +07:00","1048.346","HOT_SWEEP_95","95","0.007572723"
"2026-08-04 10:14:35.367 +07:00","1049.028","HOT_SWEEP_95","95","0.007013871"
"2026-08-04 10:14:36.060 +07:00","1049.709","HOT_SWEEP_95","95","0.006892774"
"2026-08-04 10:14:36.742 +07:00","1050.401","HOT_SWEEP_95","95","0.006080097"
"2026-08-04 10:14:37.416 +07:00","1051.077","HOT_SWEEP_95","95","0.005943737"
"2026-08-04 10:14:38.109 +07:00","1051.768","HOT_SWEEP_95","95","0.007169241"
"2026-08-04 10:14:38.800 +07:00","1052.461","HOT_SWEEP_95","95","0.007356087"
"2026-08-04 10:14:39.496 +07:00","1053.154","HOT_SWEEP_95","95","0.009010879"
"2026-08-04 10:14:40.189 +07:00","1053.848","HOT_SWEEP_95","95","0.008822259"
"2026-08-04 10:14:40.878 +07:00","1054.539","HOT_SWEEP_95","95","0.010184965"
"2026-08-04 10:14:41.565 +07:00","1055.226","HOT_SWEEP_95","95","0.009555566"
"2026-08-04 10:14:42.257 +07:00","1055.908","HOT_SWEEP_95","95","0.009133684"
"2026-08-04 10:14:42.936 +07:00","1056.597","HOT_SWEEP_95","95","0.00837701"
"2026-08-04 10:14:43.620 +07:00","1057.281","HOT_SWEEP_95","95","0.00839992"
"2026-08-04 10:14:44.301 +07:00","1057.957","HOT_SWEEP_95","95","0.008345438"
"2026-08-04 10:14:44.980 +07:00","1058.642","HOT_SWEEP_95","95","0.007197515"
"2026-08-04 10:14:45.662 +07:00","1059.323","HOT_SWEEP_95","95","0.008061015"
"2026-08-04 10:14:46.344 +07:00","1060.005","HOT_SWEEP_95","95","0.006434546"
"2026-08-04 10:14:47.027 +07:00","1060.688","HOT_SWEEP_95","95","0.007680648"
"2026-08-04 10:14:47.717 +07:00","1061.378","HOT_SWEEP_95","95","0.006881818"
"2026-08-04 10:14:48.407 +07:00","1062.064","HOT_SWEEP_95","95","0.006855243"
"2026-08-04 10:14:49.097 +07:00","1062.756","HOT_SWEEP_95","95","0.00734667"
"2026-08-04 10:14:49.788 +07:00","1063.449","HOT_SWEEP_95","95","0.007473106"
"2026-08-04 10:14:50.478 +07:00","1064.139","HOT_SWEEP_95","95","0.007411233"
"2026-08-04 10:14:51.159 +07:00","1064.819","HOT_SWEEP_95","95","0.00691755"
"2026-08-04 10:14:51.847 +07:00","1065.508","HOT_SWEEP_95","95","0.007278246"
"2026-08-04 10:14:52.540 +07:00","1066.201","HOT_SWEEP_95","95","0.007048105"
"2026-08-04 10:14:53.232 +07:00","1066.891","HOT_SWEEP_95","95","0.007037582"
"2026-08-04 10:14:53.918 +07:00","1067.577","HOT_SWEEP_95","95","0.005713854"
"2026-08-04 10:14:54.616 +07:00","1068.272","HOT_SWEEP_95","95","0.005329093"
"2026-08-04 10:14:55.308 +07:00","1068.969","HOT_SWEEP_95","95","0.005652505"
"2026-08-04 10:14:55.997 +07:00","1069.653","HOT_SWEEP_95","95","0.004520837"
"2026-08-04 10:14:56.684 +07:00","1070.345","HOT_SWEEP_95","95","0.004230752"
"2026-08-04 10:14:57.368 +07:00","1071.025","HOT_SWEEP_95","95","0.005105327"
"2026-08-04 10:14:58.052 +07:00","1071.711","HOT_SWEEP_95","95","0.004428652"
"2026-08-04 10:14:58.748 +07:00","1072.402","HOT_SWEEP_95","95","0.005151047"
"2026-08-04 10:14:59.438 +07:00","1073.089","HOT_SWEEP_95","95","0.006025798"
"2026-08-04 10:15:00.128 +07:00","1073.789","HOT_SWEEP_95","95","0.005906656"
"2026-08-04 10:15:00.808 +07:00","1074.469","HOT_SWEEP_95","95","0.006088941"
"2026-08-04 10:15:01.508 +07:00","1075.169","HOT_SWEEP_95","95","0.00722213"
"2026-08-04 10:15:02.200 +07:00","1075.861","HOT_SWEEP_95","95","0.005789745"
"2026-08-04 10:15:02.884 +07:00","1076.543","HOT_SWEEP_95","95","0.007290284"
"2026-08-04 10:15:03.571 +07:00","1077.231","HOT_SWEEP_95","95","0.007099415"
"2026-08-04 10:15:04.253 +07:00","1077.912","HOT_SWEEP_95","95","0.006827824"
"2026-08-04 10:15:04.948 +07:00","1078.605","HOT_SWEEP_95","95","0.006434142"
"2026-08-04 10:15:05.638 +07:00","1079.299","HOT_SWEEP_95","95","0.005563978"
"2026-08-04 10:15:06.327 +07:00","1079.979","HOT_SWEEP_95","95","0.004157563"
"2026-08-04 10:15:07.008 +07:00","1080.669","HOT_SWEEP_95","95","0.004474235"
"2026-08-04 10:15:07.694 +07:00","1081.353","HOT_SWEEP_95","95","0.005830937"
"2026-08-04 10:15:08.388 +07:00","1082.042","HOT_SWEEP_95","95","0.005872027"
"2026-08-04 10:15:09.073 +07:00","1082.733","HOT_SWEEP_95","95","0.007161846"
"2026-08-04 10:15:09.756 +07:00","1083.416","HOT_SWEEP_95","95","0.007308214"
"2026-08-04 10:15:10.442 +07:00","1084.092","HOT_SWEEP_95","95","0.007357267"
"2026-08-04 10:15:11.138 +07:00","1084.799","HOT_SWEEP_95","95","0.007431492"
"2026-08-04 10:15:11.823 +07:00","1085.482","HOT_SWEEP_95","95","0.008140196"
"2026-08-04 10:15:12.496 +07:00","1086.157","HOT_SWEEP_95","95","0.007841525"
"2026-08-04 10:15:13.172 +07:00","1086.833","HOT_SWEEP_95","95","0.008678955"
"2026-08-04 10:15:13.859 +07:00","1087.516","HOT_SWEEP_95","95","0.008312233"
"2026-08-04 10:15:14.553 +07:00","1088.206","HOT_SWEEP_95","95","0.006901068"
"2026-08-04 10:15:15.237 +07:00","1088.898","HOT_SWEEP_95","95","0.005595609"
"2026-08-04 10:15:15.925 +07:00","1089.584","HOT_SWEEP_95","95","0.004263248"
"2026-08-04 10:15:16.609 +07:00","1090.27","HOT_SWEEP_95","95","0.004411977"
"2026-08-04 10:15:17.303 +07:00","1090.964","HOT_SWEEP_95","95","0.005544043"
"2026-08-04 10:15:17.987 +07:00","1091.646","HOT_SWEEP_95","95","0.004596181"
"2026-08-04 10:15:18.674 +07:00","1092.326","HOT_SWEEP_95","95","0.005185907"
"2026-08-04 10:15:19.373 +07:00","1093.025","HOT_SWEEP_95","95","0.005908924"
"2026-08-04 10:15:20.063 +07:00","1093.724","HOT_SWEEP_95","95","0.00586149"
"2026-08-04 10:15:20.754 +07:00","1094.415","HOT_SWEEP_95","95","0.00606058"
"2026-08-04 10:15:21.433 +07:00","1095.094","HOT_SWEEP_95","95","0.005987224"
"2026-08-04 10:15:22.123 +07:00","1095.784","HOT_SWEEP_95","95","0.006529084"
"2026-08-04 10:15:22.814 +07:00","1096.475","HOT_SWEEP_95","95","0.008122288"
"2026-08-04 10:15:23.506 +07:00","1097.161","HOT_SWEEP_95","95","0.006901784"
"2026-08-04 10:15:24.184 +07:00","1097.845","HOT_SWEEP_95","95","0.006832051"
"2026-08-04 10:15:24.858 +07:00","1098.519","HOT_SWEEP_95","95","0.00799917"
"2026-08-04 10:15:25.523 +07:00","1099.184","HOT_SWEEP_95","95","0.008399914"
"2026-08-04 10:15:26.204 +07:00","1099.865","HOT_SWEEP_95","95","0.008242501"
"2026-08-04 10:15:26.873 +07:00","1100.534","HOT_SWEEP_95","95","0.008108769"
"2026-08-04 10:15:27.550 +07:00","1101.211","HOT_SWEEP_95","95","0.008843677"
"2026-08-04 10:15:28.246 +07:00","1101.903","HOT_SWEEP_95","95","0.010103634"
"2026-08-04 10:15:28.921 +07:00","1102.582","HOT_SWEEP_95","95","0.009460462"
"2026-08-04 10:15:29.613 +07:00","1103.272","HOT_SWEEP_95","95","0.008147097"
"2026-08-04 10:15:30.304 +07:00","1103.965","HOT_SWEEP_95","95","0.008420393"
"2026-08-04 10:15:30.995 +07:00","1104.655","HOT_SWEEP_95","95","0.007239353"
"2026-08-04 10:15:31.678 +07:00","1105.339","HOT_SWEEP_95","95","0.006826565"
"2026-08-04 10:15:32.368 +07:00","1106.029","HOT_SWEEP_95","95","0.005393445"
"2026-08-04 10:15:33.057 +07:00","1106.716","HOT_SWEEP_95","95","0.006160521"
"2026-08-04 10:15:33.738 +07:00","1107.397","HOT_SWEEP_95","95","0.007109996"
"2026-08-04 10:15:34.424 +07:00","1108.083","HOT_SWEEP_95","95","0.007175674"
"2026-08-04 10:15:35.118 +07:00","1108.77","HOT_SWEEP_95","95","0.006069398"
"2026-08-04 10:15:35.808 +07:00","1109.469","HOT_SWEEP_95","95","0.007808005"
"2026-08-04 10:15:36.495 +07:00","1110.152","HOT_SWEEP_95","95","0.007891078"
"2026-08-04 10:15:37.189 +07:00","1110.846","HOT_SWEEP_95","95","0.007112569"
"2026-08-04 10:15:37.868 +07:00","1111.53","HOT_SWEEP_95","95","0.007982044"
"2026-08-04 10:15:38.571 +07:00","1112.232","HOT_SWEEP_95","95","0.008551661"
"2026-08-04 10:15:39.249 +07:00","1112.91","HOT_SWEEP_95","95","0.009090484"
"2026-08-04 10:15:39.929 +07:00","1113.59","HOT_SWEEP_95","95","0.008759578"
"2026-08-04 10:15:40.621 +07:00","1114.28","HOT_SWEEP_95","95","0.008817913"
"2026-08-04 10:15:41.302 +07:00","1114.963","HOT_SWEEP_95","95","0.009385647"
"2026-08-04 10:15:41.998 +07:00","1115.643","HOT_SWEEP_95","95","0.010057079"
"2026-08-04 10:15:42.691 +07:00","1116.336","HOT_SWEEP_95","95","0.010315621"
"2026-08-04 10:15:43.386 +07:00","1117.047","HOT_SWEEP_95","95","0.010587099"
"2026-08-04 10:15:44.068 +07:00","1117.727","HOT_SWEEP_95","95","0.010496192"
"2026-08-04 10:15:44.753 +07:00","1118.414","HOT_SWEEP_95","95","0.011467231"
"2026-08-04 10:15:45.444 +07:00","1119.102","HOT_SWEEP_95","95","0.012035928"
"2026-08-04 10:15:46.141 +07:00","1119.8","HOT_SWEEP_95","95","0.011544893"
"2026-08-04 10:15:46.833 +07:00","1120.493","HOT_SWEEP_95","95","0.012103213"
"2026-08-04 10:15:47.523 +07:00","1121.184","HOT_SWEEP_95","95","0.012000978"
"2026-08-04 10:15:48.220 +07:00","1121.879","HOT_SWEEP_95","95","0.010479476"
"2026-08-04 10:15:48.922 +07:00","1122.58","HOT_SWEEP_95","95","0.01085243"
"2026-08-04 10:15:49.620 +07:00","1123.277","HOT_SWEEP_95","95","0.009504542"
"2026-08-04 10:15:50.304 +07:00","1123.963","HOT_SWEEP_95","95","0.010315423"
"2026-08-04 10:15:50.989 +07:00","1124.648","HOT_SWEEP_95","95","0.011980485"
"2026-08-04 10:15:51.684 +07:00","1125.345","HOT_SWEEP_95","95","0.011474846"
"2026-08-04 10:15:52.384 +07:00","1126.036","HOT_SWEEP_95","95","0.010243861"
"2026-08-04 10:15:53.067 +07:00","1126.728","HOT_SWEEP_95","95","0.01034947"
"2026-08-04 10:15:53.761 +07:00","1127.417","HOT_SWEEP_95","95","0.010503119"
"2026-08-04 10:15:54.449 +07:00","1128.11","HOT_SWEEP_95","95","0.010110965"
"2026-08-04 10:15:55.140 +07:00","1128.79","HOT_SWEEP_95","95","0.010194572"
"2026-08-04 10:15:55.822 +07:00","1129.475","HOT_SWEEP_95","95","0.010457459"
"2026-08-04 10:15:56.512 +07:00","1130.165","HOT_SWEEP_95","95","0.010141197"
"2026-08-04 10:15:57.202 +07:00","1130.861","HOT_SWEEP_95","95","0.00880724"
"2026-08-04 10:15:57.885 +07:00","1131.546","HOT_SWEEP_95","95","0.007352465"
"2026-08-04 10:15:58.570 +07:00","1132.232","HOT_SWEEP_95","95","0.006209374"
"2026-08-04 10:15:59.254 +07:00","1132.913","HOT_SWEEP_95","95","0.006904616"
"2026-08-04 10:15:59.949 +07:00","1133.608","HOT_SWEEP_95","95","0.006921637"
"2026-08-04 10:16:00.638 +07:00","1134.297","HOT_SWEEP_95","95","0.005592097"
"2026-08-04 10:16:01.312 +07:00","1134.973","HOT_SWEEP_95","95","0.004430498"
"2026-08-04 10:16:01.994 +07:00","1135.655","HOT_SWEEP_95","95","0.005799002"
"2026-08-04 10:16:02.685 +07:00","1136.339","HOT_SWEEP_95","95","0.006308866"
"2026-08-04 10:16:03.366 +07:00","1137.021","HOT_SWEEP_95","95","0.007869803"
"2026-08-04 10:16:04.043 +07:00","1137.704","HOT_SWEEP_95","95","0.007754126"
"2026-08-04 10:16:04.710 +07:00","1138.371","HOT_SWEEP_95","95","0.00839584"
"2026-08-04 10:16:05.393 +07:00","1139.054","HOT_SWEEP_95","95","0.009846503"
"2026-08-04 10:16:06.075 +07:00","1139.736","HOT_SWEEP_95","95","0.009057289"
"2026-08-04 10:16:06.759 +07:00","1140.42","HOT_SWEEP_95","95","0.010477128"
"2026-08-04 10:16:07.441 +07:00","1141.102","HOT_SWEEP_95","95","0.011319544"
"2026-08-04 10:16:08.126 +07:00","1141.787","HOT_SWEEP_95","95","0.012683436"
"2026-08-04 10:16:08.808 +07:00","1142.469","HOT_SWEEP_95","95","0.012528932"
"2026-08-04 10:16:09.501 +07:00","1143.16","HOT_SWEEP_95","95","0.011556017"
"2026-08-04 10:16:10.183 +07:00","1143.839","HOT_SWEEP_95","95","0.01103102"
"2026-08-04 10:16:10.857 +07:00","1144.518","HOT_SWEEP_95","95","0.011895455"
"2026-08-04 10:16:11.546 +07:00","1145.207","HOT_SWEEP_95","95","0.01310022"
"2026-08-04 10:16:12.229 +07:00","1145.888","HOT_SWEEP_95","95","0.011817769"
"2026-08-04 10:16:12.911 +07:00","1146.572","HOT_SWEEP_95","95","0.011456983"
"2026-08-04 10:16:13.590 +07:00","1147.251","HOT_SWEEP_95","95","0.010958035"
"2026-08-04 10:16:14.274 +07:00","1147.935","HOT_SWEEP_95","95","0.009860384"
"2026-08-04 10:16:14.956 +07:00","1148.617","HOT_SWEEP_95","95","0.009344955"
"2026-08-04 10:16:15.647 +07:00","1149.299","HOT_SWEEP_95","95","0.010014353"
"2026-08-04 10:16:16.322 +07:00","1149.983","HOT_SWEEP_95","95","0.010813012"
"2026-08-04 10:16:17.014 +07:00","1150.673","HOT_SWEEP_95","95","0.010221255"
"2026-08-04 10:16:17.696 +07:00","1151.351","HOT_SWEEP_95","95","0.009860625"
"2026-08-04 10:16:18.384 +07:00","1152.041","HOT_SWEEP_95","95","0.008978943"
"2026-08-04 10:16:19.071 +07:00","1152.732","HOT_SWEEP_95","95","0.009763455"
"2026-08-04 10:16:19.754 +07:00","1153.413","HOT_SWEEP_95","95","0.01063188"
"2026-08-04 10:16:20.452 +07:00","1154.113","HOT_SWEEP_95","95","0.009655281"
"2026-08-04 10:16:21.135 +07:00","1154.794","HOT_SWEEP_95","95","0.010803046"
"2026-08-04 10:16:21.817 +07:00","1155.478","HOT_SWEEP_95","95","0.011367762"
"2026-08-04 10:16:22.501 +07:00","1156.162","HOT_SWEEP_95","95","0.011218155"
"2026-08-04 10:16:23.197 +07:00","1156.852","HOT_SWEEP_95","95","0.009568008"
"2026-08-04 10:16:23.883 +07:00","1157.543","HOT_SWEEP_95","95","0.010040221"
"2026-08-04 10:16:24.566 +07:00","1158.215","HOT_SWEEP_95","95","0.011237534"
"2026-08-04 10:16:25.252 +07:00","1158.913","HOT_SWEEP_95","95","0.011495057"
"2026-08-04 10:16:25.918 +07:00","1159.579","HOT_SWEEP_95","95","0.01080098"
"2026-08-04 10:16:26.614 +07:00","1160.272","HOT_SWEEP_95","95","0.011405172"
"2026-08-04 10:16:27.306 +07:00","1160.967","HOT_SWEEP_95","95","0.011379221"
"2026-08-04 10:16:27.992 +07:00","1161.653","HOT_SWEEP_95","95","0.011246498"
"2026-08-04 10:16:28.670 +07:00","1162.331","HOT_SWEEP_95","95","0.011249271"
"2026-08-04 10:16:29.348 +07:00","1162.998","HOT_SWEEP_95","95","0.010532888"
"2026-08-04 10:16:30.038 +07:00","1163.698","HOT_SWEEP_95","95","0.010575982"
"2026-08-04 10:16:30.732 +07:00","1164.393","HOT_SWEEP_95","95","0.011469083"
"2026-08-04 10:16:31.418 +07:00","1165.079","HOT_SWEEP_95","95","0.011687678"
"2026-08-04 10:16:32.106 +07:00","1165.762","HOT_SWEEP_95","95","0.011142137"
"2026-08-04 10:16:32.780 +07:00","1166.441","HOT_SWEEP_95","95","0.011185357"
"2026-08-04 10:16:33.456 +07:00","1167.117","HOT_SWEEP_95","95","0.009906803"
"2026-08-04 10:16:34.148 +07:00","1167.804","HOT_SWEEP_95","95","0.011283116"
"2026-08-04 10:16:34.836 +07:00","1168.488","HOT_SWEEP_95","95","0.010650968"
"2026-08-04 10:16:35.534 +07:00","1169.194","HOT_SWEEP_95","95","0.009894466"
"2026-08-04 10:16:36.229 +07:00","1169.885","HOT_SWEEP_95","95","0.009388844"
"2026-08-04 10:16:36.911 +07:00","1170.573","HOT_SWEEP_95","95","0.010315559"
"2026-08-04 10:16:37.615 +07:00","1171.276","HOT_SWEEP_95","95","0.00879827"
"2026-08-04 10:16:38.296 +07:00","1171.957","HOT_SWEEP_95","95","0.007379292"
"2026-08-04 10:16:38.985 +07:00","1172.643","HOT_SWEEP_95","95","0.006557202"
"2026-08-04 10:16:39.665 +07:00","1173.326","HOT_SWEEP_95","95","0.007282184"
"2026-08-04 10:16:40.349 +07:00","1174.006","HOT_SWEEP_95","95","0.00876887"
"2026-08-04 10:16:41.039 +07:00","1174.7","HOT_SWEEP_95","95","0.007386249"
"2026-08-04 10:16:41.722 +07:00","1175.383","HOT_SWEEP_95","95","0.007446217"
"2026-08-04 10:16:42.406 +07:00","1176.067","HOT_SWEEP_95","95","0.008304417"
"2026-08-04 10:16:43.103 +07:00","1176.761","HOT_SWEEP_95","95","0.008219053"
"2026-08-04 10:16:43.791 +07:00","1177.452","HOT_SWEEP_95","95","0.007933356"
"2026-08-04 10:16:44.469 +07:00","1178.13","HOT_SWEEP_95","95","0.009108584"
"2026-08-04 10:16:45.163 +07:00","1178.823","HOT_SWEEP_95","95","0.008790764"
"2026-08-04 10:16:45.863 +07:00","1179.521","HOT_SWEEP_95","95","0.009235306"
"2026-08-04 10:16:46.546 +07:00","1180.206","HOT_SWEEP_95","95","0.009584996"
"2026-08-04 10:16:47.231 +07:00","1180.891","HOT_SWEEP_95","95","0.007967771"
"2026-08-04 10:16:47.911 +07:00","1181.571","HOT_SWEEP_95","95","0.009542668"
"2026-08-04 10:16:48.611 +07:00","1182.271","HOT_SWEEP_95","95","0.011050919"
"2026-08-04 10:16:49.296 +07:00","1182.955","HOT_SWEEP_95","95","0.009928324"
"2026-08-04 10:16:49.994 +07:00","1183.654","HOT_SWEEP_95","95","0.009521896"
"2026-08-04 10:16:50.677 +07:00","1184.337","HOT_SWEEP_95","95","0.010657193"
"2026-08-04 10:16:51.378 +07:00","1185.037","HOT_SWEEP_95","95","0.009800781"
"2026-08-04 10:16:52.059 +07:00","1185.718","HOT_SWEEP_95","95","0.011192868"
"2026-08-04 10:16:52.742 +07:00","1186.402","HOT_SWEEP_95","95","0.011241548"
"2026-08-04 10:16:53.443 +07:00","1187.103","HOT_SWEEP_95","95","0.010018575"
"2026-08-04 10:16:54.142 +07:00","1187.802","HOT_SWEEP_95","95","0.011569531"
"2026-08-04 10:16:54.826 +07:00","1188.484","HOT_SWEEP_95","95","0.011630528"
"2026-08-04 10:16:55.509 +07:00","1189.168","HOT_SWEEP_95","95","0.010425585"
"2026-08-04 10:16:56.209 +07:00","1189.869","HOT_SWEEP_95","95","0.01145643"
"2026-08-04 10:16:56.909 +07:00","1190.568","HOT_SWEEP_95","95","0.011989791"
"2026-08-04 10:16:57.594 +07:00","1191.252","HOT_SWEEP_95","95","0.011119706"
"2026-08-04 10:16:58.294 +07:00","1191.951","HOT_SWEEP_95","95","0.010436261"
"2026-08-04 10:16:58.974 +07:00","1192.633","HOT_SWEEP_95","95","0.010658127"
"2026-08-04 10:16:59.674 +07:00","1193.334","HOT_SWEEP_95","95","0.011425312"
"2026-08-04 10:17:00.361 +07:00","1194.02","HOT_SWEEP_95","95","0.012875827"
"2026-08-04 10:17:01.041 +07:00","1194.7","HOT_SWEEP_95","95","0.011474407"
"2026-08-04 10:17:01.740 +07:00","1195.398","HOT_SWEEP_95","95","0.010837999"
"2026-08-04 10:17:02.438 +07:00","1196.096","HOT_SWEEP_95","95","0.011218362"
"2026-08-04 10:17:03.123 +07:00","1196.782","HOT_SWEEP_95","95","0.010706156"
"2026-08-04 10:17:03.805 +07:00","1197.464","HOT_SWEEP_95","95","0.011981147"
"2026-08-04 10:17:04.503 +07:00","1198.163","HOT_SWEEP_95","95","0.011525632"
"2026-08-04 10:17:05.208 +07:00","1198.865","HOT_SWEEP_95","95","0.011794536"
"2026-08-04 10:17:05.903 +07:00","1199.563","HOT_SWEEP_95","95","0.011794862"
"2026-08-04 10:17:06.586 +07:00","1200.245","HOT_SWEEP_95","95","0.012157313"
"2026-08-04 10:17:07.286 +07:00","1200.945","HOT_SWEEP_95","95","0.012153047"
"2026-08-04 10:17:07.987 +07:00","1201.645","HOT_SWEEP_95","95","0.012153691"
"2026-08-04 10:17:08.669 +07:00","1202.328","HOT_SWEEP_95","95","0.012685654"
"2026-08-04 10:17:09.367 +07:00","1203.015","HOT_SWEEP_95","95","0.011871984"
"2026-08-04 10:17:10.069 +07:00","1203.714","HOT_SWEEP_95","95","0.012202342"
"2026-08-04 10:17:10.778 +07:00","1204.427","HOT_SWEEP_95","95","0.012176245"
"2026-08-04 10:17:11.482 +07:00","1205.127","HOT_SWEEP_95","95","0.013004521"
"2026-08-04 10:17:12.192 +07:00","1205.843","HOT_SWEEP_95","95","0.013069218"
"2026-08-04 10:17:12.899 +07:00","1206.544","HOT_SWEEP_95","95","0.013445204"
"2026-08-04 10:17:13.600 +07:00","1207.244","HOT_SWEEP_95","95","0.012401999"
"2026-08-04 10:17:14.314 +07:00","1207.96","HOT_SWEEP_95","95","0.011813059"
"2026-08-04 10:17:15.010 +07:00","1208.659","HOT_SWEEP_95","95","0.011713551"
"2026-08-04 10:17:15.710 +07:00","1209.357","HOT_SWEEP_95","95","0.010781912"
"2026-08-04 10:17:16.410 +07:00","1210.059","HOT_SWEEP_95","95","0.011266303"
"2026-08-04 10:17:17.110 +07:00","1210.758","HOT_SWEEP_95","95","0.009983463"
"2026-08-04 10:17:17.807 +07:00","1211.457","HOT_SWEEP_95","95","0.008736728"
"2026-08-04 10:17:18.516 +07:00","1212.159","HOT_SWEEP_95","95","0.008213089"
"2026-08-04 10:17:19.229 +07:00","1212.874","HOT_SWEEP_95","95","0.007959502"
"2026-08-04 10:17:19.925 +07:00","1213.573","HOT_SWEEP_95","95","0.007977251"
"2026-08-04 10:17:20.626 +07:00","1214.274","HOT_SWEEP_95","95","0.008580895"
"2026-08-04 10:17:21.331 +07:00","1214.973","HOT_SWEEP_95","95","0.007722279"
"2026-08-04 10:17:22.025 +07:00","1215.672","HOT_SWEEP_95","95","0.008753655"
"2026-08-04 10:17:22.725 +07:00","1216.373","HOT_SWEEP_95","95","0.008488919"
"2026-08-04 10:17:23.421 +07:00","1217.071","HOT_SWEEP_95","95","0.008682111"
"2026-08-04 10:17:24.124 +07:00","1217.771","HOT_SWEEP_95","95","0.008553842"
"2026-08-04 10:17:24.823 +07:00","1218.471","HOT_SWEEP_95","95","0.010231291"
"2026-08-04 10:17:25.519 +07:00","1219.17","HOT_SWEEP_95","95","0.009645741"
"2026-08-04 10:17:26.225 +07:00","1219.87","HOT_SWEEP_95","95","0.010777907"
"2026-08-04 10:17:26.945 +07:00","1220.588","HOT_SWEEP_95","95","0.009624581"
"2026-08-04 10:17:27.653 +07:00","1221.305","HOT_SWEEP_95","95","0.00989365"
"2026-08-04 10:17:28.355 +07:00","1222.004","HOT_SWEEP_95","95","0.010104137"
"2026-08-04 10:17:29.054 +07:00","1222.704","HOT_SWEEP_95","95","0.009647262"
"2026-08-04 10:17:29.754 +07:00","1223.403","HOT_SWEEP_95","95","0.009774214"
"2026-08-04 10:17:30.454 +07:00","1224.1","HOT_SWEEP_95","95","0.009589276"
"2026-08-04 10:17:31.151 +07:00","1224.799","HOT_SWEEP_95","95","0.009681976"
"2026-08-04 10:17:31.870 +07:00","1225.501","HOT_SWEEP_95","95","0.008088398"
"2026-08-04 10:17:32.569 +07:00","1226.218","HOT_SWEEP_95","95","0.00935078"
"2026-08-04 10:17:33.271 +07:00","1226.919","HOT_SWEEP_95","95","0.009156941"
"2026-08-04 10:17:33.968 +07:00","1227.617","HOT_SWEEP_95","95","0.009902498"
"2026-08-04 10:17:34.670 +07:00","1228.317","HOT_SWEEP_95","95","0.009149504"
"2026-08-04 10:17:35.368 +07:00","1229.018","HOT_SWEEP_95","95","0.009023869"
"2026-08-04 10:17:36.069 +07:00","1229.717","HOT_SWEEP_95","95","0.00899966"
"2026-08-04 10:17:36.764 +07:00","1230.415","HOT_SWEEP_95","95","0.010311229"
"2026-08-04 10:17:37.468 +07:00","1231.116","HOT_SWEEP_95","95","0.011114702"
"2026-08-04 10:17:38.169 +07:00","1231.814","HOT_SWEEP_95","95","0.01204085"
"2026-08-04 10:17:38.886 +07:00","1232.525","HOT_SWEEP_95","95","0.012000682"
"2026-08-04 10:17:39.582 +07:00","1233.229","HOT_SWEEP_95","95","0.011058504"
"2026-08-04 10:17:40.290 +07:00","1233.933","HOT_SWEEP_95","95","0.010102892"
"2026-08-04 10:17:40.982 +07:00","1234.633","HOT_SWEEP_95","95","0.008740552"
"2026-08-04 10:17:41.683 +07:00","1235.328","HOT_SWEEP_95","95","0.008793645"
"2026-08-04 10:17:42.397 +07:00","1236.037","HOT_SWEEP_95","95","0.009648688"
"2026-08-04 10:17:43.084 +07:00","1236.745","HOT_SWEEP_95","95","0.009291609"
"2026-08-04 10:17:43.764 +07:00","1237.409","HOT_SWEEP_95","95","0.00901909"
"2026-08-04 10:17:44.464 +07:00","1238.109","HOT_SWEEP_95","95","0.009040724"
"2026-08-04 10:17:45.163 +07:00","1238.815","HOT_SWEEP_95","95","0.008140542"
"2026-08-04 10:17:45.865 +07:00","1239.51","HOT_SWEEP_95","95","0.009551434"
"2026-08-04 10:17:46.547 +07:00","1240.2","HOT_SWEEP_95","95","0.010768902"
"2026-08-04 10:17:47.245 +07:00","1240.892","HOT_SWEEP_95","95","0.012520835"
"2026-08-04 10:17:47.949 +07:00","1241.591","HOT_SWEEP_95","95","0.013560665"
"2026-08-04 10:17:48.630 +07:00","1242.291","HOT_SWEEP_95","95","0.01481632"
"2026-08-04 10:17:49.329 +07:00","1242.974","HOT_SWEEP_95","95","0.014200929"
"2026-08-04 10:17:50.013 +07:00","1243.674","HOT_SWEEP_95","95","0.015725365"
"2026-08-04 10:17:50.714 +07:00","1244.359","HOT_SWEEP_95","95","0.01501625"
"2026-08-04 10:17:51.421 +07:00","1245.066","HOT_SWEEP_95","95","0.015295791"
"2026-08-04 10:17:52.113 +07:00","1245.759","HOT_SWEEP_95","95","0.015263761"
"2026-08-04 10:17:52.811 +07:00","1246.456","HOT_SWEEP_95","95","0.014560232"
"2026-08-04 10:17:53.512 +07:00","1247.157","HOT_SWEEP_95","95","0.014731688"
"2026-08-04 10:17:54.212 +07:00","1247.857","HOT_SWEEP_95","95","0.013094896"
"2026-08-04 10:17:54.909 +07:00","1248.565","HOT_SWEEP_95","95","0.013218194"
"2026-08-04 10:17:55.594 +07:00","1249.255","HOT_SWEEP_95","95","0.013138682"
"2026-08-04 10:17:56.309 +07:00","1249.956","HOT_SWEEP_95","95","0.012672463"
"2026-08-04 10:17:57.009 +07:00","1250.654","HOT_SWEEP_95","95","0.010945069"
"2026-08-04 10:17:57.709 +07:00","1251.355","HOT_SWEEP_95","95","0.011338038"
"2026-08-04 10:17:58.394 +07:00","1252.055","HOT_SWEEP_95","95","0.009902182"
"2026-08-04 10:17:59.077 +07:00","1252.723","HOT_SWEEP_95","95","0.010017742"
"2026-08-04 10:17:59.769 +07:00","1253.43","HOT_SWEEP_95","95","0.01038584"
"2026-08-04 10:18:00.473 +07:00","1254.118","HOT_SWEEP_95","95","0.008865532"
"2026-08-04 10:18:01.157 +07:00","1254.818","HOT_SWEEP_95","95","0.00986308"
"2026-08-04 10:18:01.874 +07:00","1255.518","HOT_SWEEP_95","95","0.009861798"
"2026-08-04 10:18:02.559 +07:00","1256.22","HOT_SWEEP_95","95","0.008457268"
"2026-08-04 10:18:03.279 +07:00","1256.928","HOT_SWEEP_95","95","0.009398716"
"2026-08-04 10:18:03.972 +07:00","1257.617","HOT_SWEEP_95","95","0.010043009"
"2026-08-04 10:18:04.657 +07:00","1258.302","HOT_SWEEP_95","95","0.009988045"
"2026-08-04 10:18:05.354 +07:00","1259","HOT_SWEEP_95","95","0.010289695"
"2026-08-04 10:18:06.057 +07:00","1259.701","HOT_SWEEP_95","95","0.011834307"
"2026-08-04 10:18:06.761 +07:00","1260.414","HOT_SWEEP_95","95","0.010807366"
"2026-08-04 10:18:07.458 +07:00","1261.106","HOT_SWEEP_95","95","0.010744405"
"2026-08-04 10:18:08.154 +07:00","1261.815","HOT_SWEEP_95","95","0.010103463"
"2026-08-04 10:18:08.847 +07:00","1262.496","HOT_SWEEP_95","95","0.010700123"
"2026-08-04 10:18:09.527 +07:00","1263.183","HOT_SWEEP_95","95","0.010795334"
"2026-08-04 10:18:10.220 +07:00","1263.87","HOT_SWEEP_95","95","0.011336243"
"2026-08-04 10:18:10.913 +07:00","1264.564","HOT_SWEEP_95","95","0.01117926"
"2026-08-04 10:18:11.605 +07:00","1265.252","HOT_SWEEP_95","95","0.010450313"
"2026-08-04 10:18:12.297 +07:00","1265.949","HOT_SWEEP_95","95","0.00994338"
"2026-08-04 10:18:12.987 +07:00","1266.641","HOT_SWEEP_95","95","0.008560875"
"2026-08-04 10:18:13.680 +07:00","1267.33","HOT_SWEEP_95","95","0.00927958"
"2026-08-04 10:18:14.369 +07:00","1268.014","HOT_SWEEP_95","95","0.0098384"
"2026-08-04 10:18:15.059 +07:00","1268.701","HOT_SWEEP_95","95","0.010856767"
"2026-08-04 10:18:15.750 +07:00","1269.397","HOT_SWEEP_95","95","0.010113341"
"2026-08-04 10:18:16.445 +07:00","1270.101","HOT_SWEEP_95","95","0.009862647"
"2026-08-04 10:18:17.145 +07:00","1270.789","HOT_SWEEP_95","95","0.009574264"
"2026-08-04 10:18:17.832 +07:00","1271.493","HOT_SWEEP_95","95","0.009839151"
"2026-08-04 10:18:18.516 +07:00","1272.161","HOT_SWEEP_95","95","0.010727966"
"2026-08-04 10:18:19.227 +07:00","1272.869","HOT_SWEEP_95","95","0.01124327"
"2026-08-04 10:18:19.927 +07:00","1273.58","HOT_SWEEP_95","95","0.011358795"
"2026-08-04 10:18:20.637 +07:00","1274.275","HOT_SWEEP_95","95","0.01121855"
"2026-08-04 10:18:21.325 +07:00","1274.98","HOT_SWEEP_95","95","0.011604708"
"2026-08-04 10:18:22.046 +07:00","1275.692","HOT_SWEEP_95","95","0.01055553"
"2026-08-04 10:18:22.753 +07:00","1276.393","HOT_SWEEP_95","95","0.010077693"
"2026-08-04 10:18:23.449 +07:00","1277.092","HOT_SWEEP_95","95","0.010081461"
"2026-08-04 10:18:24.170 +07:00","1277.797","HOT_SWEEP_95","95","0.010407822"
"2026-08-04 10:18:24.878 +07:00","1278.524","HOT_SWEEP_95","95","0.011580184"
"2026-08-04 10:18:25.578 +07:00","1279.224","HOT_SWEEP_95","95","0.01124261"
"2026-08-04 10:18:26.287 +07:00","1279.929","HOT_SWEEP_95","95","0.010697423"
"2026-08-04 10:18:26.988 +07:00","1280.634","HOT_SWEEP_95","95","0.012261108"
"2026-08-04 10:18:27.674 +07:00","1281.319","HOT_SWEEP_95","95","0.012568235"
"2026-08-04 10:18:28.378 +07:00","1282.027","HOT_SWEEP_95","95","0.012192967"
"2026-08-04 10:18:29.078 +07:00","1282.739","HOT_SWEEP_95","95","0.012006838"
"2026-08-04 10:18:29.784 +07:00","1283.427","HOT_SWEEP_95","95","0.013172264"
"2026-08-04 10:18:30.476 +07:00","1284.122","HOT_SWEEP_95","95","0.014711531"
"2026-08-04 10:18:31.169 +07:00","1284.818","HOT_SWEEP_95","95","0.014087252"
"2026-08-04 10:18:31.874 +07:00","1285.524","HOT_SWEEP_95","95","0.012860742999999999"
"2026-08-04 10:18:32.577 +07:00","1286.222","HOT_SWEEP_95","95","0.013839384"
"2026-08-04 10:18:33.261 +07:00","1286.922","HOT_SWEEP_95","95","0.014949815"
"2026-08-04 10:18:33.974 +07:00","1287.63","HOT_SWEEP_95","95","0.013460482"
"2026-08-04 10:18:34.671 +07:00","1288.321","HOT_SWEEP_95","95","0.013974021"
"2026-08-04 10:18:35.366 +07:00","1289.017","HOT_SWEEP_95","95","0.013881343"
"2026-08-04 10:18:36.075 +07:00","1289.72","HOT_SWEEP_95","95","0.015276903"
"2026-08-04 10:18:36.786 +07:00","1290.429","HOT_SWEEP_95","95","0.013809328"
"2026-08-04 10:18:37.467 +07:00","1291.117","HOT_SWEEP_95","95","0.013971317"
"2026-08-04 10:18:38.174 +07:00","1291.824","HOT_SWEEP_95","95","0.01464689"
"2026-08-04 10:18:38.876 +07:00","1292.527","HOT_SWEEP_95","95","0.014537881"
"2026-08-04 10:18:39.579 +07:00","1293.227","HOT_SWEEP_95","95","0.013815503"
"2026-08-04 10:18:40.282 +07:00","1293.93","HOT_SWEEP_95","95","0.012803532"
"2026-08-04 10:18:40.976 +07:00","1294.617","HOT_SWEEP_95","95","0.012970306"
"2026-08-04 10:18:41.676 +07:00","1295.323","HOT_SWEEP_95","95","0.012194308"
"2026-08-04 10:18:42.366 +07:00","1296.016","HOT_SWEEP_95","95","0.012349652"
"2026-08-04 10:18:43.076 +07:00","1296.717","HOT_SWEEP_95","95","0.010849522"
"2026-08-04 10:18:43.784 +07:00","1297.427","HOT_SWEEP_95","95","0.012522331"
"2026-08-04 10:18:44.481 +07:00","1298.127","HOT_SWEEP_95","95","0.012496237"
"2026-08-04 10:18:45.186 +07:00","1298.837","HOT_SWEEP_95","95","0.012487112"
"2026-08-04 10:18:45.891 +07:00","1299.542","HOT_SWEEP_95","95","0.012831919"
"2026-08-04 10:18:46.586 +07:00","1300.233","HOT_SWEEP_95","95","0.012932859"
"2026-08-04 10:18:47.285 +07:00","1300.931","HOT_SWEEP_95","95","0.014127925"
"2026-08-04 10:18:47.989 +07:00","1301.634","HOT_SWEEP_95","95","0.013995568"
"2026-08-04 10:18:48.685 +07:00","1302.331","HOT_SWEEP_95","95","0.013980073"
"2026-08-04 10:18:49.378 +07:00","1303.036","HOT_SWEEP_95","95","0.013861055"
"2026-08-04 10:18:50.078 +07:00","1303.724","HOT_SWEEP_95","95","0.01367332"
"2026-08-04 10:18:50.776 +07:00","1304.422","HOT_SWEEP_95","95","0.013283226"
"2026-08-04 10:18:51.452 +07:00","1305.113","HOT_SWEEP_95","95","0.013001527"
"2026-08-04 10:18:52.165 +07:00","1305.823","HOT_SWEEP_95","95","0.012922233"
"2026-08-04 10:18:52.864 +07:00","1306.515","HOT_SWEEP_95","95","0.012827422"
"2026-08-04 10:18:53.563 +07:00","1307.203","HOT_SWEEP_95","95","0.013299471"
"2026-08-04 10:18:54.259 +07:00","1307.907","HOT_SWEEP_95","95","0.012556192"
"2026-08-04 10:18:54.950 +07:00","1308.585","HOT_SWEEP_95","95","0.013069719"
"2026-08-04 10:18:55.648 +07:00","1309.293","HOT_SWEEP_95","95","0.012414614"
"2026-08-04 10:18:56.333 +07:00","1309.978","HOT_SWEEP_95","95","0.012267825"
"2026-08-04 10:18:57.054 +07:00","1310.697","HOT_SWEEP_95","95","0.014170473"
"2026-08-04 10:18:57.745 +07:00","1311.39","HOT_SWEEP_95","95","0.014322606"
"2026-08-04 10:18:58.444 +07:00","1312.084","HOT_SWEEP_95","95","0.01382309"
"2026-08-04 10:18:59.143 +07:00","1312.794","HOT_SWEEP_95","95","0.013616428"
"2026-08-04 10:18:59.840 +07:00","1313.484","HOT_SWEEP_95","95","0.014878528"
"2026-08-04 10:19:00.543 +07:00","1314.194","HOT_SWEEP_95","95","0.014762851"
"2026-08-04 10:19:01.253 +07:00","1314.894","HOT_SWEEP_95","95","0.015139851"
"2026-08-04 10:19:01.943 +07:00","1315.592","HOT_SWEEP_95","95","0.014547204"
"2026-08-04 10:19:02.645 +07:00","1316.294","HOT_SWEEP_95","95","0.01593728"
"2026-08-04 10:19:03.333 +07:00","1316.984","HOT_SWEEP_95","95","0.016662301"
"2026-08-04 10:19:04.033 +07:00","1317.676","HOT_SWEEP_95","95","0.015055092"
"2026-08-04 10:19:04.733 +07:00","1318.377","HOT_SWEEP_95","95","0.013609232"
"2026-08-04 10:19:05.433 +07:00","1319.084","HOT_SWEEP_95","95","0.013109908"
"2026-08-04 10:19:06.128 +07:00","1319.78","HOT_SWEEP_95","95","0.013168111"
"2026-08-04 10:19:06.836 +07:00","1320.48","HOT_SWEEP_95","95","0.01301665"
"2026-08-04 10:19:07.529 +07:00","1321.184","HOT_SWEEP_95","95","0.012475971"
"2026-08-04 10:19:08.232 +07:00","1321.88","HOT_SWEEP_95","95","0.012116056"
"2026-08-04 10:19:08.926 +07:00","1322.574","HOT_SWEEP_95","95","0.013713701"
"2026-08-04 10:19:09.629 +07:00","1323.276","HOT_SWEEP_95","95","0.012558597"
"2026-08-04 10:19:10.322 +07:00","1323.971","HOT_SWEEP_95","95","0.012463687"
"2026-08-04 10:19:11.033 +07:00","1324.67","HOT_SWEEP_95","95","0.013201323"
"2026-08-04 10:19:11.725 +07:00","1325.37","HOT_SWEEP_95","95","0.014498991"
"2026-08-04 10:19:12.425 +07:00","1326.07","HOT_SWEEP_95","95","0.015749654"
"2026-08-04 10:19:13.124 +07:00","1326.772","HOT_SWEEP_95","95","0.014464703"
"2026-08-04 10:19:13.827 +07:00","1327.47","HOT_SWEEP_95","95","0.014030424"
"2026-08-04 10:19:14.509 +07:00","1328.17","HOT_SWEEP_95","95","0.014627015"
"2026-08-04 10:19:15.208 +07:00","1328.854","HOT_SWEEP_95","95","0.015688976"
"2026-08-04 10:19:15.906 +07:00","1329.552","HOT_SWEEP_95","95","0.015618955"
"2026-08-04 10:19:16.607 +07:00","1330.252","HOT_SWEEP_95","95","0.015430887"
"2026-08-04 10:19:17.292 +07:00","1330.953","HOT_SWEEP_95","95","0.015201805"
"2026-08-04 10:19:18.005 +07:00","1331.659","HOT_SWEEP_95","95","0.016263427"
"2026-08-04 10:19:18.706 +07:00","1332.351","HOT_SWEEP_95","95","0.016003612"
"2026-08-04 10:19:19.405 +07:00","1333.056","HOT_SWEEP_95","95","0.016046356"
"2026-08-04 10:19:20.098 +07:00","1333.745","HOT_SWEEP_95","95","0.017212074"
"2026-08-04 10:19:20.800 +07:00","1334.434","HOT_SWEEP_95","95","0.01756235"
"2026-08-04 10:19:21.472 +07:00","1335.133","HOT_SWEEP_95","95","0.017669687"
"2026-08-04 10:19:22.189 +07:00","1335.835","HOT_SWEEP_95","95","0.017628003"
"2026-08-04 10:19:22.886 +07:00","1336.537","HOT_SWEEP_95","95","0.01635227"
"2026-08-04 10:19:23.572 +07:00","1337.217","HOT_SWEEP_95","95","0.017024774"
"2026-08-04 10:19:24.271 +07:00","1337.921","HOT_SWEEP_95","95","0.01772839"
"2026-08-04 10:19:24.971 +07:00","1338.616","HOT_SWEEP_95","95","0.016875923"
"2026-08-04 10:19:25.669 +07:00","1339.314","HOT_SWEEP_95","95","0.016401935"
"2026-08-04 10:19:26.369 +07:00","1340.014","HOT_SWEEP_95","95","0.016402816"
"2026-08-04 10:19:27.054 +07:00","1340.715","HOT_SWEEP_95","95","0.015895933"
"2026-08-04 10:19:27.735 +07:00","1341.384","HOT_SWEEP_95","95","0.01588683"
"2026-08-04 10:19:28.443 +07:00","1342.085","HOT_SWEEP_95","95","0.015918495"
"2026-08-04 10:19:29.137 +07:00","1342.784","HOT_SWEEP_95","95","0.014284613"
"2026-08-04 10:19:29.834 +07:00","1343.479","HOT_SWEEP_95","95","0.015207929"
"2026-08-04 10:19:30.531 +07:00","1344.179","HOT_SWEEP_95","95","0.015787492"
"2026-08-04 10:19:31.234 +07:00","1344.879","HOT_SWEEP_95","95","0.01444761"
"2026-08-04 10:19:31.933 +07:00","1345.578","HOT_SWEEP_95","95","0.013699228"
"2026-08-04 10:19:32.634 +07:00","1346.284","HOT_SWEEP_95","95","0.013222471"
"2026-08-04 10:19:33.354 +07:00","1346.979","HOT_SWEEP_95","95","0.011658773"
"2026-08-04 10:19:34.057 +07:00","1347.694","HOT_SWEEP_95","95","0.011752869"
"2026-08-04 10:19:34.770 +07:00","1348.415","HOT_SWEEP_95","95","0.011667191"
"2026-08-04 10:19:35.465 +07:00","1349.115","HOT_SWEEP_95","95","0.011328826"
"2026-08-04 10:19:36.164 +07:00","1349.809","HOT_SWEEP_95","95","0.012661172"
"2026-08-04 10:19:36.871 +07:00","1350.515","HOT_SWEEP_95","95","0.011829901"
"2026-08-04 10:19:37.580 +07:00","1351.214","HOT_SWEEP_95","95","0.010849388"
"2026-08-04 10:19:38.280 +07:00","1351.928","HOT_SWEEP_95","95","0.012090004"
"2026-08-04 10:19:38.996 +07:00","1352.627","HOT_SWEEP_95","95","0.013036026"
"2026-08-04 10:19:39.695 +07:00","1353.34","HOT_SWEEP_95","95","0.013670215"
"2026-08-04 10:19:40.397 +07:00","1354.042","HOT_SWEEP_95","95","0.015114387"
"2026-08-04 10:19:41.098 +07:00","1354.739","HOT_SWEEP_95","95","0.015643459"
"2026-08-04 10:19:41.795 +07:00","1355.44","HOT_SWEEP_95","95","0.015085889"
"2026-08-04 10:19:42.496 +07:00","1356.145","HOT_SWEEP_95","95","0.013923724"
"2026-08-04 10:19:43.194 +07:00","1356.844","HOT_SWEEP_95","95","0.013318283"
"2026-08-04 10:19:43.895 +07:00","1357.54","HOT_SWEEP_95","95","0.014701558"
"2026-08-04 10:19:44.609 +07:00","1358.238","HOT_SWEEP_95","95","0.015785126"
"2026-08-04 10:19:45.311 +07:00","1358.96","HOT_SWEEP_95","95","0.016003149"
"2026-08-04 10:19:46.020 +07:00","1359.666","HOT_SWEEP_95","95","0.01524442"
"2026-08-04 10:19:46.712 +07:00","1360.356","HOT_SWEEP_95","95","0.016171623"
"2026-08-04 10:19:47.407 +07:00","1361.059","HOT_SWEEP_95","95","0.016201356"
"2026-08-04 10:19:48.107 +07:00","1361.757","HOT_SWEEP_95","95","0.014946732"
"2026-08-04 10:19:48.808 +07:00","1362.457","HOT_SWEEP_95","95","0.015768446"
"2026-08-04 10:19:49.509 +07:00","1363.158","HOT_SWEEP_95","95","0.016001368"
"2026-08-04 10:19:50.210 +07:00","1363.859","HOT_SWEEP_95","95","0.015901972"
"2026-08-04 10:19:50.907 +07:00","1364.553","HOT_SWEEP_95","95","0.015931744"
"2026-08-04 10:19:51.606 +07:00","1365.258","HOT_SWEEP_95","95","0.015238064"
"2026-08-04 10:19:52.306 +07:00","1365.956","HOT_SWEEP_95","95","0.015112969"
"2026-08-04 10:19:53.008 +07:00","1366.669","HOT_SWEEP_95","95","0.015418375"
"2026-08-04 10:19:53.707 +07:00","1367.35","HOT_SWEEP_95","95","0.015475306"
"2026-08-04 10:19:54.406 +07:00","1368.052","HOT_SWEEP_95","95","0.015487073"
"2026-08-04 10:19:55.110 +07:00","1368.749","HOT_SWEEP_95","95","0.016115315"
"2026-08-04 10:19:55.805 +07:00","1369.45","HOT_SWEEP_95","95","0.014728688"
"2026-08-04 10:19:56.506 +07:00","1370.157","HOT_SWEEP_95","95","0.015210284"
"2026-08-04 10:19:57.208 +07:00","1370.855","HOT_SWEEP_95","95","0.014666838"
"2026-08-04 10:19:57.904 +07:00","1371.55","HOT_SWEEP_95","95","0.014703006"
"2026-08-04 10:19:58.604 +07:00","1372.252","HOT_SWEEP_95","95","0.015442288"
"2026-08-04 10:19:59.288 +07:00","1372.949","HOT_SWEEP_95","95","0.013863626"
"2026-08-04 10:20:00.007 +07:00","1373.655","HOT_SWEEP_95","95","0.013392086"
"2026-08-04 10:20:00.703 +07:00","1374.348","HOT_SWEEP_95","95","0.013264745"
"2026-08-04 10:20:01.402 +07:00","1375.047","HOT_SWEEP_95","95","0.012916647"
"2026-08-04 10:20:02.104 +07:00","1375.749","HOT_SWEEP_95","95","0.012960913"
"2026-08-04 10:20:02.801 +07:00","1376.446","HOT_SWEEP_95","95","0.014386182"
"2026-08-04 10:20:03.488 +07:00","1377.149","HOT_SWEEP_95","95","0.015208438"
"2026-08-04 10:20:04.201 +07:00","1377.846","HOT_SWEEP_95","95","0.016845956"
"2026-08-04 10:20:04.900 +07:00","1378.551","HOT_SWEEP_95","95","0.016715162"
"2026-08-04 10:20:05.586 +07:00","1379.229","HOT_SWEEP_95","95","0.016479667"
"2026-08-04 10:20:06.285 +07:00","1379.93","HOT_SWEEP_95","95","0.018250056"
"2026-08-04 10:20:06.983 +07:00","1380.629","HOT_SWEEP_95","95","0.019111844"
"2026-08-04 10:20:07.687 +07:00","1381.33","HOT_SWEEP_95","95","0.017908718"
"2026-08-04 10:20:08.389 +07:00","1382.026","HOT_SWEEP_95","95","0.017845342"
"2026-08-04 10:20:09.094 +07:00","1382.744","HOT_SWEEP_95","95","0.018911626"
"2026-08-04 10:20:09.798 +07:00","1383.444","HOT_SWEEP_95","95","0.017824922"
"2026-08-04 10:20:10.497 +07:00","1384.146","HOT_SWEEP_95","95","0.016991284"
"2026-08-04 10:20:11.197 +07:00","1384.842","HOT_SWEEP_95","95","0.015933163"
"2026-08-04 10:20:11.883 +07:00","1385.544","HOT_SWEEP_95","95","0.015999474"
"2026-08-04 10:20:12.580 +07:00","1386.225","HOT_SWEEP_95","95","0.014644953"
"2026-08-04 10:20:13.281 +07:00","1386.926","HOT_SWEEP_95","95","0.014189227"
"2026-08-04 10:20:13.982 +07:00","1387.635","HOT_SWEEP_95","95","0.015039464"
"2026-08-04 10:20:14.665 +07:00","1388.326","HOT_SWEEP_95","95","0.015009892"
"2026-08-04 10:20:15.382 +07:00","1389.023","HOT_SWEEP_95","95","0.013900794"
"2026-08-04 10:20:16.079 +07:00","1389.725","HOT_SWEEP_95","95","0.013598084"
"2026-08-04 10:20:16.777 +07:00","1390.423","HOT_SWEEP_95","95","0.014691928"
"2026-08-04 10:20:17.480 +07:00","1391.127","HOT_SWEEP_95","95","0.015040654"
"2026-08-04 10:20:18.179 +07:00","1391.824","HOT_SWEEP_95","95","0.014531439"
"2026-08-04 10:20:18.877 +07:00","1392.522","HOT_SWEEP_95","95","0.014397137"
"2026-08-04 10:20:19.576 +07:00","1393.224","HOT_SWEEP_95","95","0.015381062"
"2026-08-04 10:20:20.269 +07:00","1393.914","HOT_SWEEP_95","95","0.014310124"
"2026-08-04 10:20:20.971 +07:00","1394.62","HOT_SWEEP_95","95","0.013127607"
"2026-08-04 10:20:21.678 +07:00","1395.327","HOT_SWEEP_95","95","0.0127285"
"2026-08-04 10:20:22.380 +07:00","1396.02","HOT_SWEEP_95","95","0.01342455"
"2026-08-04 10:20:23.061 +07:00","1396.722","HOT_SWEEP_95","95","0.013371998"
"2026-08-04 10:20:23.758 +07:00","1397.403","HOT_SWEEP_95","95","0.012131779"
"2026-08-04 10:20:24.458 +07:00","1398.103","HOT_SWEEP_95","95","0.011505368"
"2026-08-04 10:20:25.157 +07:00","1398.805","HOT_SWEEP_95","95","0.013009235"
"2026-08-04 10:20:25.848 +07:00","1399.505","HOT_SWEEP_95","95","0.011715728"
"2026-08-04 10:20:26.542 +07:00","1400.188","HOT_SWEEP_95","95","0.011201608"
"2026-08-04 10:20:27.241 +07:00","1400.886","HOT_SWEEP_95","95","0.012409302"
"2026-08-04 10:20:27.955 +07:00","1401.586","HOT_SWEEP_95","95","0.011894835"
"2026-08-04 10:20:28.657 +07:00","1402.306","HOT_SWEEP_95","95","0.013025096"
"2026-08-04 10:20:29.356 +07:00","1403.001","HOT_SWEEP_95","95","0.013730762"
"2026-08-04 10:20:30.057 +07:00","1403.705","HOT_SWEEP_95","95","0.012637952"
"2026-08-04 10:20:30.756 +07:00","1404.401","HOT_SWEEP_95","95","0.012187241"
"2026-08-04 10:20:31.458 +07:00","1405.101","HOT_SWEEP_95","95","0.012390452"
"2026-08-04 10:20:32.153 +07:00","1405.803","HOT_SWEEP_95","95","0.012066193"
"2026-08-04 10:20:32.839 +07:00","1406.5","HOT_SWEEP_95","95","0.011915961"
"2026-08-04 10:20:33.522 +07:00","1407.175","HOT_SWEEP_95","95","0.011792621"
"2026-08-04 10:20:34.221 +07:00","1407.867","HOT_SWEEP_95","95","0.011893253"
"2026-08-04 10:20:34.926 +07:00","1408.567","HOT_SWEEP_95","95","0.012221389"
"2026-08-04 10:20:35.620 +07:00","1409.274","HOT_SWEEP_95","95","0.012096887"
"2026-08-04 10:20:36.318 +07:00","1409.97","HOT_SWEEP_95","95","0.012162579"
"2026-08-04 10:20:37.004 +07:00","1410.665","HOT_SWEEP_95","95","0.013560401"
"2026-08-04 10:20:37.717 +07:00","1411.362","HOT_SWEEP_95","95","0.013766041"
"2026-08-04 10:20:38.391 +07:00","1412.052","HOT_SWEEP_95","95","0.013631098"
"2026-08-04 10:20:39.101 +07:00","1412.75","HOT_SWEEP_95","95","0.013753945"
"2026-08-04 10:20:39.801 +07:00","1413.446","HOT_SWEEP_95","95","0.015308413"
"2026-08-04 10:20:40.502 +07:00","1414.153","HOT_SWEEP_95","95","0.015261176"
"2026-08-04 10:20:41.202 +07:00","1414.847","HOT_SWEEP_95","95","0.013908537"
"2026-08-04 10:20:41.927 +07:00","1415.569","HOT_SWEEP_95","95","0.013808432"
"2026-08-04 10:20:42.628 +07:00","1416.279","HOT_SWEEP_95","95","0.013838629"
"2026-08-04 10:20:43.341 +07:00","1416.982","HOT_SWEEP_95","95","0.012358853"
"2026-08-04 10:20:44.053 +07:00","1417.7","HOT_SWEEP_95","95","0.011231305"
"2026-08-04 10:20:44.765 +07:00","1418.404","HOT_SWEEP_95","95","0.012696545"
"2026-08-04 10:20:45.485 +07:00","1419.118","HOT_SWEEP_95","95","0.013526468"
"2026-08-04 10:20:46.205 +07:00","1419.834","HOT_SWEEP_95","95","0.012336973"
"2026-08-04 10:20:46.912 +07:00","1420.556","HOT_SWEEP_95","95","0.010640695"
"2026-08-04 10:20:47.611 +07:00","1421.26","HOT_SWEEP_95","95","0.010723919"
"2026-08-04 10:20:48.312 +07:00","1421.962","HOT_SWEEP_95","95","0.011526155"
"2026-08-04 10:20:49.039 +07:00","1422.664","HOT_SWEEP_95","95","0.012116197"
"2026-08-04 10:20:49.733 +07:00","1423.379","HOT_SWEEP_95","95","0.011487752"
"2026-08-04 10:20:50.451 +07:00","1424.096","HOT_SWEEP_95","95","0.011490131"
"2026-08-04 10:20:51.149 +07:00","1424.8","HOT_SWEEP_95","95","0.011584299"
"2026-08-04 10:20:51.849 +07:00","1425.502","HOT_SWEEP_95","95","0.011668449"
"2026-08-04 10:20:52.565 +07:00","1426.198","HOT_SWEEP_95","95","0.011832446"
"2026-08-04 10:20:53.281 +07:00","1426.923","HOT_SWEEP_95","95","0.011720729"
"2026-08-04 10:20:53.979 +07:00","1427.627","HOT_SWEEP_95","95","0.013284875"
"2026-08-04 10:20:54.679 +07:00","1428.33","HOT_SWEEP_95","95","0.014599526"
"2026-08-04 10:20:55.383 +07:00","1429.03","HOT_SWEEP_95","95","0.01413334"
"2026-08-04 10:20:56.089 +07:00","1429.72","HOT_SWEEP_95","95","0.014753213"
"2026-08-04 10:20:56.803 +07:00","1430.438","HOT_SWEEP_95","95","0.015382679"
"2026-08-04 10:20:57.493 +07:00","1431.138","HOT_SWEEP_95","95","0.015340413"
"2026-08-04 10:20:58.197 +07:00","1431.83","HOT_SWEEP_95","95","0.016128235"
"2026-08-04 10:20:58.893 +07:00","1432.539","HOT_SWEEP_95","95","0.015868114"
"2026-08-04 10:20:59.598 +07:00","1433.237","HOT_SWEEP_95","95","0.015657354"
"2026-08-04 10:21:00.295 +07:00","1433.937","HOT_SWEEP_95","95","0.017024515"
"2026-08-04 10:21:01.006 +07:00","1434.652","HOT_SWEEP_95","95","0.015740415"
"2026-08-04 10:21:01.706 +07:00","1435.354","HOT_SWEEP_95","95","0.015685329"
"2026-08-04 10:21:02.408 +07:00","1436.053","HOT_SWEEP_95","95","0.016339874"
"2026-08-04 10:21:03.110 +07:00","1436.76","HOT_SWEEP_95","95","0.014831485"
"2026-08-04 10:21:03.806 +07:00","1437.451","HOT_SWEEP_95","95","0.015116945"
"2026-08-04 10:21:04.493 +07:00","1438.154","HOT_SWEEP_95","95","0.0159545"
"2026-08-04 10:21:05.190 +07:00","1438.839","HOT_SWEEP_95","95","0.014552506"
"2026-08-04 10:21:05.889 +07:00","1439.535","HOT_SWEEP_95","95","0.014289739"
"2026-08-04 10:21:06.590 +07:00","1440.241","HOT_SWEEP_95","95","0.013426336"
"2026-08-04 10:21:07.280 +07:00","1440.924","HOT_SWEEP_95","95","0.013656242"
"2026-08-04 10:21:07.985 +07:00","1441.63","HOT_SWEEP_95","95","0.013766751"
"2026-08-04 10:21:08.672 +07:00","1442.333","HOT_SWEEP_95","95","0.013342003"
"2026-08-04 10:21:09.394 +07:00","1443.039","HOT_SWEEP_95","95","0.013808383"
"2026-08-04 10:21:10.088 +07:00","1443.733","HOT_SWEEP_95","95","0.014866183"
"2026-08-04 10:21:10.772 +07:00","1444.433","HOT_SWEEP_95","95","0.014054364"
"2026-08-04 10:21:11.472 +07:00","1445.117","HOT_SWEEP_95","95","0.013799761"
"2026-08-04 10:21:12.171 +07:00","1445.816","HOT_SWEEP_95","95","0.013916184"
"2026-08-04 10:21:12.871 +07:00","1446.516","HOT_SWEEP_95","95","0.012936953"
"2026-08-04 10:21:13.570 +07:00","1447.213","HOT_SWEEP_95","95","0.013276637"
"2026-08-04 10:21:14.268 +07:00","1447.915","HOT_SWEEP_95","95","0.011654782"
"2026-08-04 10:21:14.969 +07:00","1448.614","HOT_SWEEP_95","95","0.012921965"
"2026-08-04 10:21:15.670 +07:00","1449.315","HOT_SWEEP_95","95","0.012930214"
"2026-08-04 10:21:16.368 +07:00","1450.022","HOT_SWEEP_95","95","0.012516025"
"2026-08-04 10:21:17.086 +07:00","1450.731","HOT_SWEEP_95","95","0.011940772"
"2026-08-04 10:21:17.784 +07:00","1451.432","HOT_SWEEP_95","95","0.0130678"
"2026-08-04 10:21:18.484 +07:00","1452.13","HOT_SWEEP_95","95","0.013534387"
"2026-08-04 10:21:19.184 +07:00","1452.835","HOT_SWEEP_95","95","0.014576199"
"2026-08-04 10:21:19.882 +07:00","1453.529","HOT_SWEEP_95","95","0.015085867"
"2026-08-04 10:21:20.586 +07:00","1454.228","HOT_SWEEP_95","95","0.015560567"
"2026-08-04 10:21:21.267 +07:00","1454.929","HOT_SWEEP_95","95","0.016104709"
"2026-08-04 10:21:21.984 +07:00","1455.627","HOT_SWEEP_95","95","0.015865469"
"2026-08-04 10:21:22.681 +07:00","1456.327","HOT_SWEEP_95","95","0.016008738"
"2026-08-04 10:21:23.381 +07:00","1457.032","HOT_SWEEP_95","95","0.014916142"
"2026-08-04 10:21:24.082 +07:00","1457.727","HOT_SWEEP_95","95","0.015787009"
"2026-08-04 10:21:24.780 +07:00","1458.432","HOT_SWEEP_95","95","0.014371966"
"2026-08-04 10:21:25.466 +07:00","1459.111","HOT_SWEEP_95","95","0.014481509"
"2026-08-04 10:21:26.163 +07:00","1459.808","HOT_SWEEP_95","95","0.013489798"
"2026-08-04 10:21:26.862 +07:00","1460.508","HOT_SWEEP_95","95","0.014276328"
"2026-08-04 10:21:27.562 +07:00","1461.207","HOT_SWEEP_95","95","0.014371557"
"2026-08-04 10:21:28.246 +07:00","1461.891","HOT_SWEEP_95","95","0.013794745"
"2026-08-04 10:21:28.951 +07:00","1462.59","HOT_SWEEP_95","95","0.013947432"
"2026-08-04 10:21:29.644 +07:00","1463.29","HOT_SWEEP_95","95","0.012624316"
"2026-08-04 10:21:30.349 +07:00","1463.992","HOT_SWEEP_95","95","0.0129879"
"2026-08-04 10:21:31.045 +07:00","1464.69","HOT_SWEEP_95","95","0.012850577"
"2026-08-04 10:21:31.743 +07:00","1465.388","HOT_SWEEP_95","95","0.013578303"
"2026-08-04 10:21:32.443 +07:00","1466.089","HOT_SWEEP_95","95","0.013026213"
"2026-08-04 10:21:33.145 +07:00","1466.789","HOT_SWEEP_95","95","0.014626613"
"2026-08-04 10:21:33.844 +07:00","1467.489","HOT_SWEEP_95","95","0.014225796"
"2026-08-04 10:21:34.545 +07:00","1468.19","HOT_SWEEP_95","95","0.014361975"
"2026-08-04 10:21:35.255 +07:00","1468.897","HOT_SWEEP_95","95","0.0148852"
"2026-08-04 10:21:35.943 +07:00","1469.604","HOT_SWEEP_95","95","0.014570151"
"2026-08-04 10:21:36.662 +07:00","1470.303","HOT_SWEEP_95","95","0.014560808"
"2026-08-04 10:21:37.358 +07:00","1471.006","HOT_SWEEP_95","95","0.015604669"
"2026-08-04 10:21:38.057 +07:00","1471.703","HOT_SWEEP_95","95","0.015920026"
"2026-08-04 10:21:38.760 +07:00","1472.403","HOT_SWEEP_95","95","0.016115164"
"2026-08-04 10:21:39.461 +07:00","1473.102","HOT_SWEEP_95","95","0.016618993"
"2026-08-04 10:21:40.157 +07:00","1473.805","HOT_SWEEP_95","95","0.015531702"
"2026-08-04 10:21:40.852 +07:00","1474.501","HOT_SWEEP_95","95","0.015640786"
"2026-08-04 10:21:41.550 +07:00","1475.191","HOT_SWEEP_95","95","0.015483098"
"2026-08-04 10:21:42.257 +07:00","1475.902","HOT_SWEEP_95","95","0.015890034"
"2026-08-04 10:21:42.956 +07:00","1476.601","HOT_SWEEP_95","95","0.016343597"
"2026-08-04 10:21:43.640 +07:00","1477.301","HOT_SWEEP_95","95","0.018175241"
"2026-08-04 10:21:44.341 +07:00","1477.985","HOT_SWEEP_95","95","0.017640563"
"2026-08-04 10:21:45.055 +07:00","1478.7","HOT_SWEEP_95","95","0.017841771"
"2026-08-04 10:21:45.754 +07:00","1479.399","HOT_SWEEP_95","95","0.018232601"
"2026-08-04 10:21:46.456 +07:00","1480.101","HOT_SWEEP_95","95","0.018875647"
"2026-08-04 10:21:47.154 +07:00","1480.799","HOT_SWEEP_95","95","0.018830124"
"2026-08-04 10:21:47.846 +07:00","1481.485","HOT_SWEEP_95","95","0.01905866"
"2026-08-04 10:21:48.553 +07:00","1482.198","HOT_SWEEP_95","95","0.018105518"
"2026-08-04 10:21:49.253 +07:00","1482.898","HOT_SWEEP_95","95","0.017502394"
"2026-08-04 10:21:49.952 +07:00","1483.598","HOT_SWEEP_95","95","0.01746802"
"2026-08-04 10:21:50.652 +07:00","1484.304","HOT_SWEEP_95","95","0.015709441"
"2026-08-04 10:21:51.352 +07:00","1484.997","HOT_SWEEP_95","95","0.01594412"
"2026-08-04 10:21:52.036 +07:00","1485.697","HOT_SWEEP_95","95","0.0160625"
"2026-08-04 10:21:52.766 +07:00","1486.396","HOT_SWEEP_95","95","0.016174043"
"2026-08-04 10:21:53.471 +07:00","1487.118","HOT_SWEEP_95","95","0.01472051"
"2026-08-04 10:21:54.173 +07:00","1487.818","HOT_SWEEP_95","95","0.014322569"
"2026-08-04 10:21:54.866 +07:00","1488.518","HOT_SWEEP_95","95","0.012852314"
"2026-08-04 10:21:55.563 +07:00","1489.212","HOT_SWEEP_95","95","0.013651548"
"2026-08-04 10:21:56.265 +07:00","1489.916","HOT_SWEEP_95","95","0.013913626"
"2026-08-04 10:21:56.969 +07:00","1490.616","HOT_SWEEP_95","95","0.013118463"
"2026-08-04 10:21:57.686 +07:00","1491.331","HOT_SWEEP_95","95","0.014430998"
"2026-08-04 10:21:58.382 +07:00","1492.027","HOT_SWEEP_95","95","0.013151096"
"2026-08-04 10:21:59.098 +07:00","1492.743","HOT_SWEEP_95","95","0.012068102"
"2026-08-04 10:21:59.782 +07:00","1493.443","HOT_SWEEP_95","95","0.010553786"
"2026-08-04 10:22:00.494 +07:00","1494.15","HOT_SWEEP_95","95","0.010523775"
"2026-08-04 10:22:01.212 +07:00","1494.857","HOT_SWEEP_95","95","0.010727658"
"2026-08-04 10:22:01.916 +07:00","1495.563","HOT_SWEEP_95","95","0.012285113"
"2026-08-04 10:22:02.613 +07:00","1496.258","HOT_SWEEP_95","95","0.011709075"
"2026-08-04 10:22:03.313 +07:00","1496.963","HOT_SWEEP_95","95","0.011202114"
"2026-08-04 10:22:04.013 +07:00","1497.658","HOT_SWEEP_95","95","0.010902531"
"2026-08-04 10:22:04.710 +07:00","1498.355","HOT_SWEEP_95","95","0.009758229"
"2026-08-04 10:22:05.413 +07:00","1499.058","HOT_SWEEP_95","95","0.009944348"
"2026-08-04 10:22:06.131 +07:00","1499.766","HOT_SWEEP_95","95","0.009214499"
"2026-08-04 10:22:06.829 +07:00","1500.474","HOT_SWEEP_95","95","0.010410251"
"2026-08-04 10:22:07.526 +07:00","1501.18","HOT_SWEEP_95","95","0.011244679"
"2026-08-04 10:22:08.218 +07:00","1501.873","HOT_SWEEP_95","95","0.011487296"
"2026-08-04 10:22:08.915 +07:00","1502.556","HOT_SWEEP_95","95","0.01163989"
"2026-08-04 10:22:09.612 +07:00","1503.259","HOT_SWEEP_95","95","0.011406651"
"2026-08-04 10:22:10.311 +07:00","1503.955","HOT_SWEEP_95","95","0.011383527"
"2026-08-04 10:22:11.010 +07:00","1504.659","HOT_SWEEP_95","95","0.01111181"
"2026-08-04 10:22:11.707 +07:00","1505.351","HOT_SWEEP_95","95","0.011134292"
"2026-08-04 10:22:12.393 +07:00","1506.054","HOT_SWEEP_95","95","0.011703412"
"2026-08-04 10:22:13.109 +07:00","1506.754","HOT_SWEEP_95","95","0.011589797"
"2026-08-04 10:22:13.810 +07:00","1507.453","HOT_SWEEP_95","95","0.011869059"
"2026-08-04 10:22:14.509 +07:00","1508.153","HOT_SWEEP_95","95","0.010932391"
"2026-08-04 10:22:15.209 +07:00","1508.856","HOT_SWEEP_95","95","0.010481613"
"2026-08-04 10:22:15.911 +07:00","1509.552","HOT_SWEEP_95","95","0.010056215"
"2026-08-04 10:22:16.607 +07:00","1510.254","HOT_SWEEP_95","95","0.009733414"
"2026-08-04 10:22:17.306 +07:00","1510.957","HOT_SWEEP_95","95","0.01060871"
"2026-08-04 10:22:18.004 +07:00","1511.651","HOT_SWEEP_95","95","0.011112435"
"2026-08-04 10:22:18.705 +07:00","1512.353","HOT_SWEEP_95","95","0.010933156"
"2026-08-04 10:22:19.405 +07:00","1513.05","HOT_SWEEP_95","95","0.01036908"
"2026-08-04 10:22:20.090 +07:00","1513.751","HOT_SWEEP_95","95","0.01200465"
"2026-08-04 10:22:20.790 +07:00","1514.444","HOT_SWEEP_95","95","0.010354785"
"2026-08-04 10:22:21.488 +07:00","1515.133","HOT_SWEEP_95","95","0.011457619"
"2026-08-04 10:22:22.186 +07:00","1515.831","HOT_SWEEP_95","95","0.012694353"
"2026-08-04 10:22:22.872 +07:00","1516.533","HOT_SWEEP_95","95","0.012978325"
"2026-08-04 10:22:23.587 +07:00","1517.238","HOT_SWEEP_95","95","0.013033608"
"2026-08-04 10:22:24.287 +07:00","1517.932","HOT_SWEEP_95","95","0.013671687"
"2026-08-04 10:22:24.986 +07:00","1518.631","HOT_SWEEP_95","95","0.013038687"
"2026-08-04 10:22:25.686 +07:00","1519.337","HOT_SWEEP_95","95","0.012935353"
"2026-08-04 10:22:26.370 +07:00","1520.013","HOT_SWEEP_95","95","0.014022788"
"2026-08-04 10:22:27.071 +07:00","1520.732","HOT_SWEEP_95","95","0.013003791"
"2026-08-04 10:22:27.791 +07:00","1521.429","HOT_SWEEP_95","95","0.013264216"
"2026-08-04 10:22:28.485 +07:00","1522.13","HOT_SWEEP_95","95","0.012451608"
"2026-08-04 10:22:29.184 +07:00","1522.829","HOT_SWEEP_95","95","0.011474138"
"2026-08-04 10:22:29.870 +07:00","1523.531","HOT_SWEEP_95","95","0.01078763"
"2026-08-04 10:22:30.589 +07:00","1524.238","HOT_SWEEP_95","95","0.012166766"
"2026-08-04 10:22:31.282 +07:00","1524.93","HOT_SWEEP_95","95","0.010563388"
"2026-08-04 10:22:31.967 +07:00","1525.612","HOT_SWEEP_95","95","0.011912283"
"2026-08-04 10:22:32.667 +07:00","1526.312","HOT_SWEEP_95","95","0.012857636"
"2026-08-04 10:22:33.365 +07:00","1527.018","HOT_SWEEP_95","95","0.013032034"
"2026-08-04 10:22:34.052 +07:00","1527.713","HOT_SWEEP_95","95","0.012970453"
"2026-08-04 10:22:34.755 +07:00","1528.395","HOT_SWEEP_95","95","0.01281978"
"2026-08-04 10:22:35.453 +07:00","1529.094","HOT_SWEEP_95","95","0.012840442"
"2026-08-04 10:22:36.146 +07:00","1529.792","HOT_SWEEP_95","95","0.012817688"
"2026-08-04 10:22:36.848 +07:00","1530.493","HOT_SWEEP_95","95","0.013514495"
"2026-08-04 10:22:37.549 +07:00","1531.192","HOT_SWEEP_95","95","0.013504107"
"2026-08-04 10:22:38.231 +07:00","1531.892","HOT_SWEEP_95","95","0.014996593"
"2026-08-04 10:22:38.945 +07:00","1532.591","HOT_SWEEP_95","95","0.015072173"
"2026-08-04 10:22:39.648 +07:00","1533.293","HOT_SWEEP_95","95","0.014269988"
"2026-08-04 10:22:40.345 +07:00","1533.991","HOT_SWEEP_95","95","0.013320173"
"2026-08-04 10:22:41.031 +07:00","1534.692","HOT_SWEEP_95","95","0.012970924"
"2026-08-04 10:22:41.721 +07:00","1535.358","HOT_SWEEP_95","95","0.014487783"
"2026-08-04 10:22:42.413 +07:00","1536.058","HOT_SWEEP_95","95","0.014705883"
"2026-08-04 10:22:43.114 +07:00","1536.757","HOT_SWEEP_95","95","0.01624958"
"2026-08-04 10:22:43.812 +07:00","1537.457","HOT_SWEEP_95","95","0.015257333999999999"
"2026-08-04 10:22:44.511 +07:00","1538.162","HOT_SWEEP_95","95","0.013964461"
"2026-08-04 10:22:45.195 +07:00","1538.856","HOT_SWEEP_95","95","0.013842103"
"2026-08-04 10:22:45.911 +07:00","1539.561","HOT_SWEEP_95","95","0.013743805"
"2026-08-04 10:22:46.610 +07:00","1540.256","HOT_SWEEP_95","95","0.014553769"
"2026-08-04 10:22:47.310 +07:00","1540.96","HOT_SWEEP_95","95","0.014186445"
"2026-08-04 10:22:48.026 +07:00","1541.673","HOT_SWEEP_95","95","0.015665006"
"2026-08-04 10:22:48.725 +07:00","1542.37","HOT_SWEEP_95","95","0.014692861"
"2026-08-04 10:22:49.410 +07:00","1543.071","HOT_SWEEP_95","95","0.013865227"
"2026-08-04 10:22:50.128 +07:00","1543.77","HOT_SWEEP_95","95","0.012402226"
"2026-08-04 10:22:50.812 +07:00","1544.473","HOT_SWEEP_95","95","0.012172183"
"2026-08-04 10:22:51.515 +07:00","1545.157","HOT_SWEEP_95","95","0.012776196"
"2026-08-04 10:22:52.208 +07:00","1545.853","HOT_SWEEP_95","95","0.011671734"
"2026-08-04 10:22:52.906 +07:00","1546.56","HOT_SWEEP_95","95","0.011818336"
"2026-08-04 10:22:53.605 +07:00","1547.256","HOT_SWEEP_95","95","0.011761136"
"2026-08-04 10:22:54.306 +07:00","1547.951","HOT_SWEEP_95","95","0.012672998"
"2026-08-04 10:22:54.990 +07:00","1548.651","HOT_SWEEP_95","95","0.011096668"
"2026-08-04 10:22:55.704 +07:00","1549.352","HOT_SWEEP_95","95","0.011330432"
"2026-08-04 10:22:56.391 +07:00","1550.052","HOT_SWEEP_95","95","0.011666829"
"2026-08-04 10:22:57.089 +07:00","1550.734","HOT_SWEEP_95","95","0.013171439"
"2026-08-04 10:22:57.774 +07:00","1551.435","HOT_SWEEP_95","95","0.013744375"
"2026-08-04 10:22:58.487 +07:00","1552.132","HOT_SWEEP_95","95","0.013005452"
"2026-08-04 10:22:59.185 +07:00","1552.833","HOT_SWEEP_95","95","0.014118554"
"2026-08-04 10:22:59.886 +07:00","1553.536","HOT_SWEEP_95","95","0.012887429"
"2026-08-04 10:23:00.587 +07:00","1554.233","HOT_SWEEP_95","95","0.012337619"
"2026-08-04 10:23:01.289 +07:00","1554.938","HOT_SWEEP_95","95","0.011787596"
"2026-08-04 10:23:01.970 +07:00","1555.631","HOT_SWEEP_95","95","0.012061001"
"2026-08-04 10:23:02.669 +07:00","1556.314","HOT_SWEEP_95","95","0.012698333"
"2026-08-04 10:23:03.354 +07:00","1557.015","HOT_SWEEP_95","95","0.012302889"
"2026-08-04 10:23:04.077 +07:00","1557.711","HOT_SWEEP_95","95","0.011805193"
"2026-08-04 10:23:04.773 +07:00","1558.414","HOT_SWEEP_95","95","0.012241021"
"2026-08-04 10:23:05.472 +07:00","1559.119","HOT_SWEEP_95","95","0.013671057"
"2026-08-04 10:23:06.167 +07:00","1559.812","HOT_SWEEP_95","95","0.012685898"
"2026-08-04 10:23:06.872 +07:00","1560.516","HOT_SWEEP_95","95","0.013494933"
"2026-08-04 10:23:07.551 +07:00","1561.212","HOT_SWEEP_95","95","0.013940042"
"2026-08-04 10:23:08.256 +07:00","1561.9","HOT_SWEEP_95","95","0.01516336"
"2026-08-04 10:23:08.975 +07:00","1562.615","HOT_SWEEP_95","95","0.016479494"
"2026-08-04 10:23:09.699 +07:00","1563.332","HOT_SWEEP_95","95","0.016020441"
"2026-08-04 10:23:10.400 +07:00","1564.045","HOT_SWEEP_95","95","0.016089663"
"2026-08-04 10:23:11.104 +07:00","1564.744","HOT_SWEEP_95","95","0.01654724"
"2026-08-04 10:23:11.784 +07:00","1565.445","HOT_SWEEP_95","95","0.015645657"
"2026-08-04 10:23:12.492 +07:00","1566.134","HOT_SWEEP_95","95","0.015345797"
"2026-08-04 10:23:13.181 +07:00","1566.842","HOT_SWEEP_95","95","0.01544754"
"2026-08-04 10:23:14.222 +07:00","1567.883","HOT_SWEEP_90","90","0.016289402"
"2026-08-04 10:23:14.913 +07:00","1568.572","HOT_SWEEP_90","90","0.015124045"
"2026-08-04 10:23:15.605 +07:00","1569.262","HOT_SWEEP_90","90","0.014190296"
"2026-08-04 10:23:16.286 +07:00","1569.941","HOT_SWEEP_90","90","0.013532679"
"2026-08-04 10:23:16.980 +07:00","1570.641","HOT_SWEEP_90","90","0.014297049"
"2026-08-04 10:23:17.663 +07:00","1571.324","HOT_SWEEP_90","90","0.011833102"
"2026-08-04 10:23:18.352 +07:00","1572.011","HOT_SWEEP_90","90","0.010661722"
"2026-08-04 10:23:19.035 +07:00","1572.696","HOT_SWEEP_90","90","0.009600351"
"2026-08-04 10:23:19.723 +07:00","1573.382","HOT_SWEEP_90","90","0.008708555"
"2026-08-04 10:23:20.411 +07:00","1574.072","HOT_SWEEP_90","90","0.006472906"
"2026-08-04 10:23:21.099 +07:00","1574.755","HOT_SWEEP_90","90","0.004472975"
"2026-08-04 10:23:21.799 +07:00","1575.458","HOT_SWEEP_90","90","0.003504973"
"2026-08-04 10:23:22.486 +07:00","1576.137","HOT_SWEEP_90","90","0.00204538"
"2026-08-04 10:23:23.183 +07:00","1576.84","HOT_SWEEP_90","90","0.001023697"
"2026-08-04 10:23:23.866 +07:00","1577.525","HOT_SWEEP_90","90","-0.000144423"
"2026-08-04 10:23:24.565 +07:00","1578.224","HOT_SWEEP_90","90","-0.000158867"
"2026-08-04 10:23:25.243 +07:00","1578.904","HOT_SWEEP_90","90","-0.00017355"
"2026-08-04 10:23:25.936 +07:00","1579.593","HOT_SWEEP_90","90","-0.000980656"
"2026-08-04 10:23:26.616 +07:00","1580.271","HOT_SWEEP_90","90","-0.001021135"
"2026-08-04 10:23:27.293 +07:00","1580.954","HOT_SWEEP_90","90","-0.001010883"
"2026-08-04 10:23:27.976 +07:00","1581.637","HOT_SWEEP_90","90","-0.001003283"
"2026-08-04 10:23:28.667 +07:00","1582.328","HOT_SWEEP_90","90","-0.00099688"
"2026-08-04 10:23:29.341 +07:00","1583.002","HOT_SWEEP_90","90","-0.000979995"
"2026-08-04 10:23:30.033 +07:00","1583.694","HOT_SWEEP_90","90","-0.000941374"
"2026-08-04 10:23:30.707 +07:00","1584.368","HOT_SWEEP_90","90","-0.000935739"
"2026-08-04 10:23:31.385 +07:00","1585.038","HOT_SWEEP_90","90","-0.000942344"
"2026-08-04 10:23:32.083 +07:00","1585.74","HOT_SWEEP_90","90","-0.000920593"
"2026-08-04 10:23:32.773 +07:00","1586.434","HOT_SWEEP_90","90","-0.000928011"
"2026-08-04 10:23:33.464 +07:00","1587.124","HOT_SWEEP_90","90","-0.000902563"
"2026-08-04 10:23:34.142 +07:00","1587.803","HOT_SWEEP_90","90","-0.000710743"
"2026-08-04 10:23:34.834 +07:00","1588.489","HOT_SWEEP_90","90","-0.000692956"
"2026-08-04 10:23:35.531 +07:00","1589.179","HOT_SWEEP_90","90","-0.000691412"
"2026-08-04 10:23:36.224 +07:00","1589.883","HOT_SWEEP_90","90","-0.000714676"
"2026-08-04 10:23:36.919 +07:00","1590.578","HOT_SWEEP_90","90","-0.000718698"
"2026-08-04 10:23:37.605 +07:00","1591.266","HOT_SWEEP_90","90","-0.000733351"
"2026-08-04 10:23:38.305 +07:00","1591.966","HOT_SWEEP_90","90","-0.000719901"
"2026-08-04 10:23:38.995 +07:00","1592.649","HOT_SWEEP_90","90","-0.000447466"
"2026-08-04 10:23:39.675 +07:00","1593.336","HOT_SWEEP_90","90","-0.000414292"
"2026-08-04 10:23:40.353 +07:00","1594.008","HOT_SWEEP_90","90","-0.000422987"
"2026-08-04 10:23:41.045 +07:00","1594.698","HOT_SWEEP_90","90","-0.000632041"
"2026-08-04 10:23:41.737 +07:00","1595.396","HOT_SWEEP_90","90","-0.000649729"
"2026-08-04 10:23:42.425 +07:00","1596.076","HOT_SWEEP_90","90","-0.000673202"
"2026-08-04 10:23:43.105 +07:00","1596.766","HOT_SWEEP_90","90","-0.000598076"
"2026-08-04 10:23:43.801 +07:00","1597.462","HOT_SWEEP_90","90","-4.4488E-05"
"2026-08-04 10:23:44.495 +07:00","1598.154","HOT_SWEEP_90","90","-3.8709E-05"
"2026-08-04 10:23:45.185 +07:00","1598.846","HOT_SWEEP_90","90","0.000591143"
"2026-08-04 10:23:45.868 +07:00","1599.529","HOT_SWEEP_90","90","0.000480945"
"2026-08-04 10:23:46.562 +07:00","1600.223","HOT_SWEEP_90","90","0.000460961"
"2026-08-04 10:23:47.245 +07:00","1600.899","HOT_SWEEP_90","90","0.001062211"
"2026-08-04 10:23:47.938 +07:00","1601.597","HOT_SWEEP_90","90","0.001189488"
"2026-08-04 10:23:48.629 +07:00","1602.291","HOT_SWEEP_90","90","0.001404927"
"2026-08-04 10:23:49.323 +07:00","1602.976","HOT_SWEEP_90","90","0.001440357"
"2026-08-04 10:23:50.013 +07:00","1603.67","HOT_SWEEP_90","90","0.001941857"
"2026-08-04 10:23:50.705 +07:00","1604.364","HOT_SWEEP_90","90","0.001377513"
"2026-08-04 10:23:51.385 +07:00","1605.046","HOT_SWEEP_90","90","0.001395107"
"2026-08-04 10:23:52.074 +07:00","1605.734","HOT_SWEEP_90","90","0.001207623"
"2026-08-04 10:23:52.767 +07:00","1606.424","HOT_SWEEP_90","90","0.001048525"
"2026-08-04 10:23:53.453 +07:00","1607.112","HOT_SWEEP_90","90","0.001039109"
"2026-08-04 10:23:54.130 +07:00","1607.791","HOT_SWEEP_90","90","0.001023543"
"2026-08-04 10:23:54.814 +07:00","1608.475","HOT_SWEEP_90","90","0.001014153"
"2026-08-04 10:23:55.492 +07:00","1609.15","HOT_SWEEP_90","90","0.00082683"
"2026-08-04 10:23:56.178 +07:00","1609.839","HOT_SWEEP_90","90","0.002038172"
"2026-08-04 10:23:56.870 +07:00","1610.528","HOT_SWEEP_90","90","0.001569282"
"2026-08-04 10:23:57.562 +07:00","1611.223","HOT_SWEEP_90","90","0.001575532"
"2026-08-04 10:23:58.250 +07:00","1611.911","HOT_SWEEP_90","90","0.002042935"
"2026-08-04 10:23:58.932 +07:00","1612.591","HOT_SWEEP_90","90","0.003345545"
"2026-08-04 10:23:59.618 +07:00","1613.277","HOT_SWEEP_90","90","0.004403569"
"2026-08-04 10:24:00.316 +07:00","1613.975","HOT_SWEEP_90","90","0.004441363"
"2026-08-04 10:24:00.997 +07:00","1614.656","HOT_SWEEP_90","90","0.005147726"
"2026-08-04 10:24:01.676 +07:00","1615.337","HOT_SWEEP_90","90","0.00504854"
"2026-08-04 10:24:02.368 +07:00","1616.024","HOT_SWEEP_90","90","0.005416767"
"2026-08-04 10:24:03.042 +07:00","1616.703","HOT_SWEEP_90","90","0.005992989"
"2026-08-04 10:24:03.725 +07:00","1617.386","HOT_SWEEP_90","90","0.006254324"
"2026-08-04 10:24:04.441 +07:00","1618.102","HOT_SWEEP_90","90","0.006560543"
"2026-08-04 10:24:05.132 +07:00","1618.791","HOT_SWEEP_90","90","0.008138627"
"2026-08-04 10:24:05.825 +07:00","1619.487","HOT_SWEEP_90","90","0.006698345"
"2026-08-04 10:24:06.509 +07:00","1620.17","HOT_SWEEP_90","90","0.006771527"
"2026-08-04 10:24:07.201 +07:00","1620.86","HOT_SWEEP_90","90","0.008588706"
"2026-08-04 10:24:07.873 +07:00","1621.535","HOT_SWEEP_90","90","0.008092599"
"2026-08-04 10:24:08.568 +07:00","1622.224","HOT_SWEEP_90","90","0.008661827"
"2026-08-04 10:24:09.261 +07:00","1622.919","HOT_SWEEP_90","90","0.008901788"
"2026-08-04 10:24:09.949 +07:00","1623.609","HOT_SWEEP_90","90","0.008737007"
"2026-08-04 10:24:10.643 +07:00","1624.302","HOT_SWEEP_90","90","0.008759331"
"2026-08-04 10:24:11.341 +07:00","1625.001","HOT_SWEEP_90","90","0.010210156"
"2026-08-04 10:24:12.022 +07:00","1625.682","HOT_SWEEP_90","90","0.00984816"
"2026-08-04 10:24:12.718 +07:00","1626.374","HOT_SWEEP_90","90","0.009921524"
"2026-08-04 10:24:13.404 +07:00","1627.065","HOT_SWEEP_90","90","0.010093738"
"2026-08-04 10:24:14.088 +07:00","1627.737","HOT_SWEEP_90","90","0.009177267"
"2026-08-04 10:24:14.775 +07:00","1628.435","HOT_SWEEP_90","90","0.009713452"
"2026-08-04 10:24:15.466 +07:00","1629.127","HOT_SWEEP_90","90","0.010650096"
"2026-08-04 10:24:16.160 +07:00","1629.819","HOT_SWEEP_90","90","0.012029239"
"2026-08-04 10:24:16.843 +07:00","1630.5","HOT_SWEEP_90","90","0.012246143"
"2026-08-04 10:24:17.539 +07:00","1631.196","HOT_SWEEP_90","90","0.013785643"
"2026-08-04 10:24:18.242 +07:00","1631.901","HOT_SWEEP_90","90","0.013100888"
"2026-08-04 10:24:18.937 +07:00","1632.589","HOT_SWEEP_90","90","0.013684442"
"2026-08-04 10:24:19.624 +07:00","1633.285","HOT_SWEEP_90","90","0.013734706"
"2026-08-04 10:24:20.307 +07:00","1633.966","HOT_SWEEP_90","90","0.014317775"
"2026-08-04 10:24:21.038 +07:00","1634.696","HOT_SWEEP_90","90","0.015836898"
"2026-08-04 10:24:21.732 +07:00","1635.384","HOT_SWEEP_90","90","0.015586225"
"2026-08-04 10:24:22.420 +07:00","1636.081","HOT_SWEEP_90","90","0.014271493"
"2026-08-04 10:24:23.104 +07:00","1636.764","HOT_SWEEP_90","90","0.014870906"
"2026-08-04 10:24:23.790 +07:00","1637.447","HOT_SWEEP_90","90","0.015183264"
"2026-08-04 10:24:24.492 +07:00","1638.15","HOT_SWEEP_90","90","0.015205177"
"2026-08-04 10:24:25.182 +07:00","1638.841","HOT_SWEEP_90","90","0.015400889"
"2026-08-04 10:24:25.879 +07:00","1639.538","HOT_SWEEP_90","90","0.014193857"
"2026-08-04 10:24:26.565 +07:00","1640.224","HOT_SWEEP_90","90","0.015653951"
"2026-08-04 10:24:27.252 +07:00","1640.911","HOT_SWEEP_90","90","0.01582581"
"2026-08-04 10:24:27.940 +07:00","1641.599","HOT_SWEEP_90","90","0.015787326"
"2026-08-04 10:24:28.632 +07:00","1642.288","HOT_SWEEP_90","90","0.016609374"
"2026-08-04 10:24:29.313 +07:00","1642.974","HOT_SWEEP_90","90","0.018476259"
"2026-08-04 10:24:29.999 +07:00","1643.654","HOT_SWEEP_90","90","0.017340314"
"2026-08-04 10:24:30.683 +07:00","1644.344","HOT_SWEEP_90","90","0.015909206"
"2026-08-04 10:24:31.370 +07:00","1645.027","HOT_SWEEP_90","90","0.01563802"
"2026-08-04 10:24:32.046 +07:00","1645.707","HOT_SWEEP_90","90","0.015765276"
"2026-08-04 10:24:32.723 +07:00","1646.384","HOT_SWEEP_90","90","0.015598914"
"2026-08-04 10:24:33.411 +07:00","1647.056","HOT_SWEEP_90","90","0.015140628"
"2026-08-04 10:24:34.154 +07:00","1647.756","HOT_SWEEP_90","90","0.0158638"
"2026-08-04 10:24:34.849 +07:00","1648.508","HOT_SWEEP_90","90","0.015834546"
"2026-08-04 10:24:35.533 +07:00","1649.192","HOT_SWEEP_90","90","0.015026323"
"2026-08-04 10:24:36.211 +07:00","1649.872","HOT_SWEEP_90","90","0.014772482"
"2026-08-04 10:24:36.907 +07:00","1650.562","HOT_SWEEP_90","90","0.01560049"
"2026-08-04 10:24:37.600 +07:00","1651.257","HOT_SWEEP_90","90","0.016987618"
"2026-08-04 10:24:38.298 +07:00","1651.955","HOT_SWEEP_90","90","0.016451599"
"2026-08-04 10:24:38.996 +07:00","1652.657","HOT_SWEEP_90","90","0.016634323"
"2026-08-04 10:24:39.688 +07:00","1653.349","HOT_SWEEP_90","90","0.016779123"
"2026-08-04 10:24:40.380 +07:00","1654.039","HOT_SWEEP_90","90","0.017668847"
"2026-08-04 10:24:41.072 +07:00","1654.721","HOT_SWEEP_90","90","0.016585555"
"2026-08-04 10:24:41.768 +07:00","1655.427","HOT_SWEEP_90","90","0.016752493"
"2026-08-04 10:24:42.440 +07:00","1656.101","HOT_SWEEP_90","90","0.017598886"
"2026-08-04 10:24:43.121 +07:00","1656.773","HOT_SWEEP_90","90","0.017800823"
"2026-08-04 10:24:43.808 +07:00","1657.469","HOT_SWEEP_90","90","0.016804717"
"2026-08-04 10:24:44.504 +07:00","1658.154","HOT_SWEEP_90","90","0.01691263"
"2026-08-04 10:24:45.197 +07:00","1658.854","HOT_SWEEP_90","90","0.01779744"
"2026-08-04 10:24:45.893 +07:00","1659.554","HOT_SWEEP_90","90","0.018541295"
"2026-08-04 10:24:46.578 +07:00","1660.237","HOT_SWEEP_90","90","0.018377099"
"2026-08-04 10:24:47.260 +07:00","1660.92","HOT_SWEEP_90","90","0.018800268"
"2026-08-04 10:24:47.956 +07:00","1661.617","HOT_SWEEP_90","90","0.019589704"
"2026-08-04 10:24:48.637 +07:00","1662.297","HOT_SWEEP_90","90","0.018224621"
"2026-08-04 10:24:49.321 +07:00","1662.982","HOT_SWEEP_90","90","0.018694563"
"2026-08-04 10:24:50.013 +07:00","1663.672","HOT_SWEEP_90","90","0.018444326"
"2026-08-04 10:24:50.687 +07:00","1664.348","HOT_SWEEP_90","90","0.019250367"
"2026-08-04 10:24:51.385 +07:00","1665.037","HOT_SWEEP_90","90","0.018463597"
"2026-08-04 10:24:52.069 +07:00","1665.73","HOT_SWEEP_90","90","0.019212011"
"2026-08-04 10:24:52.760 +07:00","1666.415","HOT_SWEEP_90","90","0.019254211"
"2026-08-04 10:24:53.465 +07:00","1667.123","HOT_SWEEP_90","90","0.019284692"
"2026-08-04 10:24:54.161 +07:00","1667.82","HOT_SWEEP_90","90","0.018631032"
"2026-08-04 10:24:54.846 +07:00","1668.492","HOT_SWEEP_90","90","0.01879015"
"2026-08-04 10:24:55.534 +07:00","1669.193","HOT_SWEEP_90","90","0.018656673"
"2026-08-04 10:24:56.222 +07:00","1669.881","HOT_SWEEP_90","90","0.018653641"
"2026-08-04 10:24:56.908 +07:00","1670.567","HOT_SWEEP_90","90","0.019369414"
"2026-08-04 10:24:57.590 +07:00","1671.248","HOT_SWEEP_90","90","0.018532187"
"2026-08-04 10:24:58.277 +07:00","1671.936","HOT_SWEEP_90","90","0.019488286"
"2026-08-04 10:24:58.966 +07:00","1672.627","HOT_SWEEP_90","90","0.019322237"
"2026-08-04 10:24:59.654 +07:00","1673.309","HOT_SWEEP_90","90","0.019549044"
"2026-08-04 10:25:00.344 +07:00","1674.003","HOT_SWEEP_90","90","0.020964226"
"2026-08-04 10:25:01.034 +07:00","1674.693","HOT_SWEEP_90","90","0.020714331"
"2026-08-04 10:25:01.721 +07:00","1675.378","HOT_SWEEP_90","90","0.019820172"
"2026-08-04 10:25:02.412 +07:00","1676.072","HOT_SWEEP_90","90","0.02009166"
"2026-08-04 10:25:03.102 +07:00","1676.763","HOT_SWEEP_90","90","0.01980092"
"2026-08-04 10:25:03.781 +07:00","1677.442","HOT_SWEEP_90","90","0.020024445"
"2026-08-04 10:25:04.463 +07:00","1678.124","HOT_SWEEP_90","90","0.020820791"
"2026-08-04 10:25:05.155 +07:00","1678.801","HOT_SWEEP_90","90","0.02152927"
"2026-08-04 10:25:05.848 +07:00","1679.506","HOT_SWEEP_90","90","0.021385681"
"2026-08-04 10:25:06.548 +07:00","1680.207","HOT_SWEEP_90","90","0.021184687"
"2026-08-04 10:25:07.245 +07:00","1680.901","HOT_SWEEP_90","90","0.022117874"
"2026-08-04 10:25:07.917 +07:00","1681.578","HOT_SWEEP_90","90","0.02298015"
"2026-08-04 10:25:08.617 +07:00","1682.276","HOT_SWEEP_90","90","0.022853876"
"2026-08-04 10:25:09.309 +07:00","1682.97","HOT_SWEEP_90","90","0.023511041"
"2026-08-04 10:25:09.997 +07:00","1683.658","HOT_SWEEP_90","90","0.02422047"
"2026-08-04 10:25:10.686 +07:00","1684.331","HOT_SWEEP_90","90","0.023113716"
"2026-08-04 10:25:11.383 +07:00","1685.044","HOT_SWEEP_90","90","0.023333963"
"2026-08-04 10:25:12.056 +07:00","1685.717","HOT_SWEEP_90","90","0.022877635"
"2026-08-04 10:25:12.749 +07:00","1686.406","HOT_SWEEP_90","90","0.023427527"
"2026-08-04 10:25:13.461 +07:00","1687.114","HOT_SWEEP_90","90","0.023845609"
"2026-08-04 10:25:14.152 +07:00","1687.812","HOT_SWEEP_90","90","0.023784831"
"2026-08-04 10:25:14.852 +07:00","1688.506","HOT_SWEEP_90","90","0.023638483"
"2026-08-04 10:25:15.547 +07:00","1689.206","HOT_SWEEP_90","90","0.024800409"
"2026-08-04 10:25:16.223 +07:00","1689.884","HOT_SWEEP_90","90","0.02599605"
"2026-08-04 10:25:16.913 +07:00","1690.57","HOT_SWEEP_90","90","0.02554037"
"2026-08-04 10:25:17.595 +07:00","1691.256","HOT_SWEEP_90","90","0.025873816"
"2026-08-04 10:25:18.285 +07:00","1691.944","HOT_SWEEP_90","90","0.02678426"
"2026-08-04 10:25:18.977 +07:00","1692.637","HOT_SWEEP_90","90","0.027175987"
"2026-08-04 10:25:19.669 +07:00","1693.329","HOT_SWEEP_90","90","0.026007095"
"2026-08-04 10:25:20.362 +07:00","1694.022","HOT_SWEEP_90","90","0.026214873"
"2026-08-04 10:25:21.049 +07:00","1694.705","HOT_SWEEP_90","90","0.026433408"
"2026-08-04 10:25:21.730 +07:00","1695.389","HOT_SWEEP_90","90","0.026849687"
"2026-08-04 10:25:22.428 +07:00","1696.088","HOT_SWEEP_90","90","0.025664389"
"2026-08-04 10:25:23.111 +07:00","1696.756","HOT_SWEEP_90","90","0.026034866"
"2026-08-04 10:25:23.792 +07:00","1697.445","HOT_SWEEP_90","90","0.025844526"
"2026-08-04 10:25:24.481 +07:00","1698.142","HOT_SWEEP_90","90","0.025965065"
"2026-08-04 10:25:25.158 +07:00","1698.819","HOT_SWEEP_90","90","0.026013428"
"2026-08-04 10:25:25.855 +07:00","1699.516","HOT_SWEEP_90","90","0.025650516"
"2026-08-04 10:25:26.546 +07:00","1700.207","HOT_SWEEP_90","90","0.02591252"
"2026-08-04 10:25:27.243 +07:00","1700.9","HOT_SWEEP_90","90","0.026183153"
"2026-08-04 10:25:27.932 +07:00","1701.593","HOT_SWEEP_90","90","0.025149524"
"2026-08-04 10:25:28.609 +07:00","1702.27","HOT_SWEEP_90","90","0.02488121"
"2026-08-04 10:25:29.287 +07:00","1702.948","HOT_SWEEP_90","90","0.025646869"
"2026-08-04 10:25:29.965 +07:00","1703.61","HOT_SWEEP_90","90","0.025483578"
"2026-08-04 10:25:30.648 +07:00","1704.309","HOT_SWEEP_90","90","0.026029596"
"2026-08-04 10:25:31.329 +07:00","1704.99","HOT_SWEEP_90","90","0.026028374"
"2026-08-04 10:25:32.011 +07:00","1705.668","HOT_SWEEP_90","90","0.026412195"
"2026-08-04 10:25:32.701 +07:00","1706.362","HOT_SWEEP_90","90","0.026825767"
"2026-08-04 10:25:33.385 +07:00","1707.046","HOT_SWEEP_90","90","0.026923129"
"2026-08-04 10:25:34.059 +07:00","1707.72","HOT_SWEEP_90","90","0.027181622"
"2026-08-04 10:25:34.772 +07:00","1708.433","HOT_SWEEP_90","90","0.028062355"
"2026-08-04 10:25:35.461 +07:00","1709.106","HOT_SWEEP_90","90","0.027220521"
"2026-08-04 10:25:36.152 +07:00","1709.811","HOT_SWEEP_90","90","0.028707081"
"2026-08-04 10:25:36.850 +07:00","1710.501","HOT_SWEEP_90","90","0.028531283"
"2026-08-04 10:25:37.540 +07:00","1711.201","HOT_SWEEP_90","90","0.028110841"
"2026-08-04 10:25:38.219 +07:00","1711.87","HOT_SWEEP_90","90","0.029076297"
"2026-08-04 10:25:38.900 +07:00","1712.561","HOT_SWEEP_90","90","0.028871775"
"2026-08-04 10:25:39.600 +07:00","1713.261","HOT_SWEEP_90","90","0.027757306"
"2026-08-04 10:25:40.288 +07:00","1713.947","HOT_SWEEP_90","90","0.029338816"
"2026-08-04 10:25:40.980 +07:00","1714.641","HOT_SWEEP_90","90","0.029180208"
"2026-08-04 10:25:41.672 +07:00","1715.329","HOT_SWEEP_90","90","0.028150693"
"2026-08-04 10:25:42.370 +07:00","1716.029","HOT_SWEEP_90","90","0.028873691"
"2026-08-04 10:25:43.060 +07:00","1716.721","HOT_SWEEP_90","90","0.027800251"
"2026-08-04 10:25:43.750 +07:00","1717.411","HOT_SWEEP_90","90","0.027380634"
"2026-08-04 10:25:44.432 +07:00","1718.091","HOT_SWEEP_90","90","0.027518135"
"2026-08-04 10:25:45.122 +07:00","1718.781","HOT_SWEEP_90","90","0.027857488"
"2026-08-04 10:25:45.820 +07:00","1719.471","HOT_SWEEP_90","90","0.028017078"
"2026-08-04 10:25:46.512 +07:00","1720.171","HOT_SWEEP_90","90","0.028823327"
"2026-08-04 10:25:47.203 +07:00","1720.862","HOT_SWEEP_90","90","0.028124183"
"2026-08-04 10:25:47.893 +07:00","1721.554","HOT_SWEEP_90","90","0.02745145"
"2026-08-04 10:25:48.577 +07:00","1722.238","HOT_SWEEP_90","90","0.02834766"
"2026-08-04 10:25:49.270 +07:00","1722.929","HOT_SWEEP_90","90","0.028940281"
"2026-08-04 10:25:49.954 +07:00","1723.615","HOT_SWEEP_90","90","0.028734718"
"2026-08-04 10:25:50.630 +07:00","1724.291","HOT_SWEEP_90","90","0.029277926"
"2026-08-04 10:25:51.330 +07:00","1724.985","HOT_SWEEP_90","90","0.030595565"
"2026-08-04 10:25:52.015 +07:00","1725.674","HOT_SWEEP_90","90","0.030079793"
"2026-08-04 10:25:52.700 +07:00","1726.359","HOT_SWEEP_90","90","0.029547412"
"2026-08-04 10:25:53.406 +07:00","1727.064","HOT_SWEEP_90","90","0.030097699"
"2026-08-04 10:25:54.090 +07:00","1727.751","HOT_SWEEP_90","90","0.030015657"
"2026-08-04 10:25:54.799 +07:00","1728.457","HOT_SWEEP_90","90","0.030567661"
"2026-08-04 10:25:55.480 +07:00","1729.139","HOT_SWEEP_90","90","0.030145133"
"2026-08-04 10:25:56.180 +07:00","1729.839","HOT_SWEEP_90","90","0.031038407"
"2026-08-04 10:25:56.873 +07:00","1730.534","HOT_SWEEP_90","90","0.031759679"
"2026-08-04 10:25:57.550 +07:00","1731.211","HOT_SWEEP_90","90","0.030576894"
"2026-08-04 10:25:58.218 +07:00","1731.879","HOT_SWEEP_90","90","0.030677119"
"2026-08-04 10:25:58.912 +07:00","1732.572","HOT_SWEEP_90","90","0.030592028"
"2026-08-04 10:25:59.603 +07:00","1733.256","HOT_SWEEP_90","90","0.030103305"
"2026-08-04 10:26:00.287 +07:00","1733.948","HOT_SWEEP_90","90","0.030075273"
"2026-08-04 10:26:00.981 +07:00","1734.635","HOT_SWEEP_90","90","0.030180525"
"2026-08-04 10:26:01.692 +07:00","1735.345","HOT_SWEEP_90","90","0.030219775"
"2026-08-04 10:26:02.376 +07:00","1736.036","HOT_SWEEP_90","90","0.030812526"
"2026-08-04 10:26:03.054 +07:00","1736.715","HOT_SWEEP_90","90","0.030073907"
"2026-08-04 10:26:03.766 +07:00","1737.424","HOT_SWEEP_90","90","0.029069338"
"2026-08-04 10:26:04.452 +07:00","1738.113","HOT_SWEEP_90","90","0.029288869"
"2026-08-04 10:26:05.135 +07:00","1738.796","HOT_SWEEP_90","90","0.029164562"
"2026-08-04 10:26:05.828 +07:00","1739.484","HOT_SWEEP_90","90","0.029603755"
"2026-08-04 10:26:06.515 +07:00","1740.171","HOT_SWEEP_90","90","0.030150991"
"2026-08-04 10:26:07.198 +07:00","1740.859","HOT_SWEEP_90","90","0.030012155"
"2026-08-04 10:26:07.877 +07:00","1741.538","HOT_SWEEP_90","90","0.030411845"
"2026-08-04 10:26:08.573 +07:00","1742.219","HOT_SWEEP_90","90","0.029459331"
"2026-08-04 10:26:09.263 +07:00","1742.924","HOT_SWEEP_90","90","0.029935593"
"2026-08-04 10:26:09.946 +07:00","1743.607","HOT_SWEEP_90","90","0.03023408"
"2026-08-04 10:26:10.641 +07:00","1744.3","HOT_SWEEP_90","90","0.031048644"
"2026-08-04 10:26:11.327 +07:00","1744.986","HOT_SWEEP_90","90","0.031744309"
"2026-08-04 10:26:12.013 +07:00","1745.67","HOT_SWEEP_90","90","0.03080892"
"2026-08-04 10:26:12.698 +07:00","1746.359","HOT_SWEEP_90","90","0.030760681"
"2026-08-04 10:26:13.390 +07:00","1747.047","HOT_SWEEP_90","90","0.029893678"
"2026-08-04 10:26:14.086 +07:00","1747.743","HOT_SWEEP_90","90","0.030531257"
"2026-08-04 10:26:14.760 +07:00","1748.421","HOT_SWEEP_90","90","0.030362761"
"2026-08-04 10:26:15.474 +07:00","1749.127","HOT_SWEEP_90","90","0.031002533"
"2026-08-04 10:26:16.157 +07:00","1749.805","HOT_SWEEP_90","90","0.030058902"
"2026-08-04 10:26:16.849 +07:00","1750.494","HOT_SWEEP_90","90","0.029040013"
"2026-08-04 10:26:17.535 +07:00","1751.18","HOT_SWEEP_90","90","0.028796401"
"2026-08-04 10:26:18.234 +07:00","1751.889","HOT_SWEEP_90","90","0.028711449"
"2026-08-04 10:26:18.939 +07:00","1752.596","HOT_SWEEP_90","90","0.029170433"
"2026-08-04 10:26:19.634 +07:00","1753.293","HOT_SWEEP_90","90","0.028310839"
"2026-08-04 10:26:20.326 +07:00","1753.987","HOT_SWEEP_90","90","0.029566329"
"2026-08-04 10:26:21.022 +07:00","1754.683","HOT_SWEEP_90","90","0.028595319"
"2026-08-04 10:26:21.714 +07:00","1755.375","HOT_SWEEP_90","90","0.028584635"
"2026-08-04 10:26:22.419 +07:00","1756.078","HOT_SWEEP_90","90","0.028507873"
"2026-08-04 10:26:23.103 +07:00","1756.764","HOT_SWEEP_90","90","0.02854782"
"2026-08-04 10:26:23.782 +07:00","1757.443","HOT_SWEEP_90","90","0.028266063"
"2026-08-04 10:26:24.472 +07:00","1758.134","HOT_SWEEP_90","90","0.028103033"
"2026-08-04 10:26:25.174 +07:00","1758.828","HOT_SWEEP_90","90","0.029046077"
"2026-08-04 10:26:25.856 +07:00","1759.517","HOT_SWEEP_90","90","0.029198986"
"2026-08-04 10:26:26.550 +07:00","1760.209","HOT_SWEEP_90","90","0.02895025"
"2026-08-04 10:26:27.237 +07:00","1760.896","HOT_SWEEP_90","90","0.029338116"
"2026-08-04 10:26:27.927 +07:00","1761.585","HOT_SWEEP_90","90","0.02992346"
"2026-08-04 10:26:28.614 +07:00","1762.273","HOT_SWEEP_90","90","0.028667817"
"2026-08-04 10:26:29.313 +07:00","1762.974","HOT_SWEEP_90","90","0.029070716"
"2026-08-04 10:26:29.993 +07:00","1763.654","HOT_SWEEP_90","90","0.029656697"
"2026-08-04 10:26:30.674 +07:00","1764.335","HOT_SWEEP_90","90","0.029973084"
"2026-08-04 10:26:31.365 +07:00","1765.024","HOT_SWEEP_90","90","0.030540157"
"2026-08-04 10:26:32.058 +07:00","1765.719","HOT_SWEEP_90","90","0.029600214"
"2026-08-04 10:26:32.745 +07:00","1766.405","HOT_SWEEP_90","90","0.028709138"
"2026-08-04 10:26:33.430 +07:00","1767.086","HOT_SWEEP_90","90","0.029607812"
"2026-08-04 10:26:34.111 +07:00","1767.772","HOT_SWEEP_90","90","0.02944378"
"2026-08-04 10:26:34.795 +07:00","1768.449","HOT_SWEEP_90","90","0.028626751"
"2026-08-04 10:26:35.486 +07:00","1769.143","HOT_SWEEP_90","90","0.029803032"
"2026-08-04 10:26:36.187 +07:00","1769.848","HOT_SWEEP_90","90","0.029744875"
"2026-08-04 10:26:36.881 +07:00","1770.533","HOT_SWEEP_90","90","0.028715244"
"2026-08-04 10:26:37.562 +07:00","1771.222","HOT_SWEEP_90","90","0.02832281"
"2026-08-04 10:26:38.257 +07:00","1771.918","HOT_SWEEP_90","90","0.028437173"
"2026-08-04 10:26:38.935 +07:00","1772.596","HOT_SWEEP_90","90","0.02858774"
"2026-08-04 10:26:39.619 +07:00","1773.28","HOT_SWEEP_90","90","0.02903313"
"2026-08-04 10:26:40.307 +07:00","1773.953","HOT_SWEEP_90","90","0.030387904"
"2026-08-04 10:26:40.999 +07:00","1774.657","HOT_SWEEP_90","90","0.029324943"
"2026-08-04 10:26:41.695 +07:00","1775.354","HOT_SWEEP_90","90","0.029436892"
"2026-08-04 10:26:42.374 +07:00","1776.022","HOT_SWEEP_90","90","0.028875794"
"2026-08-04 10:26:43.067 +07:00","1776.728","HOT_SWEEP_90","90","0.029350411"
"2026-08-04 10:26:43.750 +07:00","1777.411","HOT_SWEEP_90","90","0.029859721999999998"
"2026-08-04 10:26:44.439 +07:00","1778.098","HOT_SWEEP_90","90","0.029992064"
"2026-08-04 10:26:45.127 +07:00","1778.784","HOT_SWEEP_90","90","0.029676571"
"2026-08-04 10:26:45.825 +07:00","1779.483","HOT_SWEEP_90","90","0.030056525"
"2026-08-04 10:26:46.523 +07:00","1780.182","HOT_SWEEP_90","90","0.028773556"
"2026-08-04 10:26:47.217 +07:00","1780.876","HOT_SWEEP_90","90","0.027561281"
"2026-08-04 10:26:47.916 +07:00","1781.566","HOT_SWEEP_90","90","0.0283073"
"2026-08-04 10:26:48.595 +07:00","1782.256","HOT_SWEEP_90","90","0.027504316"
"2026-08-04 10:26:49.277 +07:00","1782.936","HOT_SWEEP_90","90","0.028936351"
"2026-08-04 10:26:49.966 +07:00","1783.627","HOT_SWEEP_90","90","0.027741034"
"2026-08-04 10:26:50.651 +07:00","1784.312","HOT_SWEEP_90","90","0.026997309"
"2026-08-04 10:26:51.332 +07:00","1784.993","HOT_SWEEP_90","90","0.028308302"
"2026-08-04 10:26:52.019 +07:00","1785.676","HOT_SWEEP_90","90","0.028019141"
"2026-08-04 10:26:52.707 +07:00","1786.36","HOT_SWEEP_90","90","0.027861152"
"2026-08-04 10:26:53.381 +07:00","1787.042","HOT_SWEEP_90","90","0.029551452"
"2026-08-04 10:26:54.070 +07:00","1787.731","HOT_SWEEP_90","90","0.030320827"
"2026-08-04 10:26:54.748 +07:00","1788.409","HOT_SWEEP_90","90","0.030213933"
"2026-08-04 10:26:55.431 +07:00","1789.093","HOT_SWEEP_90","90","0.03083298"
"2026-08-04 10:26:56.113 +07:00","1789.774","HOT_SWEEP_90","90","0.030478593"
"2026-08-04 10:26:56.812 +07:00","1790.473","HOT_SWEEP_90","90","0.030968178"
"2026-08-04 10:26:57.496 +07:00","1791.157","HOT_SWEEP_90","90","0.031801797"
"2026-08-04 10:26:58.164 +07:00","1791.825","HOT_SWEEP_90","90","0.031303965"
"2026-08-04 10:26:58.861 +07:00","1792.522","HOT_SWEEP_90","90","0.031191116"
"2026-08-04 10:26:59.545 +07:00","1793.206","HOT_SWEEP_90","90","0.030344009"
"2026-08-04 10:27:00.239 +07:00","1793.9","HOT_SWEEP_90","90","0.030150358"
"2026-08-04 10:27:00.911 +07:00","1794.572","HOT_SWEEP_90","90","0.028936956"
"2026-08-04 10:27:01.594 +07:00","1795.255","HOT_SWEEP_90","90","0.028828094"
"2026-08-04 10:27:02.277 +07:00","1795.938","HOT_SWEEP_90","90","0.029838964"
"2026-08-04 10:27:02.960 +07:00","1796.621","HOT_SWEEP_90","90","0.029684734"
"2026-08-04 10:27:03.667 +07:00","1797.326","HOT_SWEEP_90","90","0.029711654"
"2026-08-04 10:27:04.343 +07:00","1798.004","HOT_SWEEP_90","90","0.030292783"
"2026-08-04 10:27:05.039 +07:00","1798.696","HOT_SWEEP_90","90","0.030164549"
"2026-08-04 10:27:05.710 +07:00","1799.371","HOT_SWEEP_90","90","0.030789828"
"2026-08-04 10:27:06.401 +07:00","1800.06","HOT_SWEEP_90","90","0.031060586"
"2026-08-04 10:27:07.088 +07:00","1800.747","HOT_SWEEP_90","90","0.031025911"
"2026-08-04 10:27:07.773 +07:00","1801.434","HOT_SWEEP_90","90","0.031887539"
"2026-08-04 10:27:08.441 +07:00","1802.102","HOT_SWEEP_90","90","0.031759746"
"2026-08-04 10:27:09.123 +07:00","1802.784","HOT_SWEEP_90","90","0.031785022"
"2026-08-04 10:27:09.806 +07:00","1803.467","HOT_SWEEP_90","90","0.031575389"
"2026-08-04 10:27:10.500 +07:00","1804.161","HOT_SWEEP_90","90","0.030598914"
"2026-08-04 10:27:11.189 +07:00","1804.84","HOT_SWEEP_90","90","0.029878777"
"2026-08-04 10:27:11.879 +07:00","1805.54","HOT_SWEEP_90","90","0.030210037"
"2026-08-04 10:27:12.559 +07:00","1806.22","HOT_SWEEP_90","90","0.029653046"
"2026-08-04 10:27:13.249 +07:00","1806.908","HOT_SWEEP_90","90","0.030402696"
"2026-08-04 10:27:13.939 +07:00","1807.596","HOT_SWEEP_90","90","0.029740885"
"2026-08-04 10:27:14.636 +07:00","1808.29","HOT_SWEEP_90","90","0.028144408"
"2026-08-04 10:27:15.320 +07:00","1808.97","HOT_SWEEP_90","90","0.028579881"
"2026-08-04 10:27:16.014 +07:00","1809.673","HOT_SWEEP_90","90","0.02825289"
"2026-08-04 10:27:16.709 +07:00","1810.371","HOT_SWEEP_90","90","0.027273789"
"2026-08-04 10:27:17.409 +07:00","1811.07","HOT_SWEEP_90","90","0.02807444"
"2026-08-04 10:27:18.101 +07:00","1811.762","HOT_SWEEP_90","90","0.028184989"
"2026-08-04 10:27:18.790 +07:00","1812.451","HOT_SWEEP_90","90","0.028013086"
"2026-08-04 10:27:19.480 +07:00","1813.13","HOT_SWEEP_90","90","0.028377751"
"2026-08-04 10:27:20.162 +07:00","1813.821","HOT_SWEEP_90","90","0.027711343"
"2026-08-04 10:27:20.839 +07:00","1814.5","HOT_SWEEP_90","90","0.027887562"
"2026-08-04 10:27:21.534 +07:00","1815.195","HOT_SWEEP_90","90","0.029055718"
"2026-08-04 10:27:22.220 +07:00","1815.881","HOT_SWEEP_90","90","0.029544283"
"2026-08-04 10:27:22.910 +07:00","1816.565","HOT_SWEEP_90","90","0.029742729"
"2026-08-04 10:27:23.584 +07:00","1817.245","HOT_SWEEP_90","90","0.029831525"
"2026-08-04 10:27:24.285 +07:00","1817.946","HOT_SWEEP_90","90","0.030100424"
"2026-08-04 10:27:24.967 +07:00","1818.628","HOT_SWEEP_90","90","0.029760903"
"2026-08-04 10:27:25.651 +07:00","1819.312","HOT_SWEEP_90","90","0.029069621"
"2026-08-04 10:27:26.332 +07:00","1819.994","HOT_SWEEP_90","90","0.028917899"
"2026-08-04 10:27:27.016 +07:00","1820.677","HOT_SWEEP_90","90","0.028842349"
"2026-08-04 10:27:27.710 +07:00","1821.364","HOT_SWEEP_90","90","0.028379995"
"2026-08-04 10:27:28.400 +07:00","1822.061","HOT_SWEEP_90","90","0.028140645"
"2026-08-04 10:27:29.086 +07:00","1822.747","HOT_SWEEP_90","90","0.026829407"
"2026-08-04 10:27:29.768 +07:00","1823.429","HOT_SWEEP_90","90","0.025565729"
"2026-08-04 10:27:30.458 +07:00","1824.119","HOT_SWEEP_90","90","0.025554653"
"2026-08-04 10:27:31.170 +07:00","1824.83","HOT_SWEEP_90","90","0.025251206"
"2026-08-04 10:27:31.871 +07:00","1825.527","HOT_SWEEP_90","90","0.025311222"
"2026-08-04 10:27:32.569 +07:00","1826.227","HOT_SWEEP_90","90","0.025534946"
"2026-08-04 10:27:33.255 +07:00","1826.913","HOT_SWEEP_90","90","0.026455123"
"2026-08-04 10:27:33.940 +07:00","1827.598","HOT_SWEEP_90","90","0.02606919"
"2026-08-04 10:27:34.628 +07:00","1828.281","HOT_SWEEP_90","90","0.025602296"
"2026-08-04 10:27:35.303 +07:00","1828.964","HOT_SWEEP_90","90","0.026226496"
"2026-08-04 10:27:35.988 +07:00","1829.645","HOT_SWEEP_90","90","0.026081551"
"2026-08-04 10:27:36.680 +07:00","1830.325","HOT_SWEEP_90","90","0.027010679"
"2026-08-04 10:27:37.367 +07:00","1831.028","HOT_SWEEP_90","90","0.02722243"
"2026-08-04 10:27:38.054 +07:00","1831.699","HOT_SWEEP_90","90","0.027138272"
"2026-08-04 10:27:38.735 +07:00","1832.396","HOT_SWEEP_90","90","0.026815761"
"2026-08-04 10:27:39.428 +07:00","1833.086","HOT_SWEEP_90","90","0.02735264"
"2026-08-04 10:27:40.108 +07:00","1833.769","HOT_SWEEP_90","90","0.02628744"
"2026-08-04 10:27:40.796 +07:00","1834.457","HOT_SWEEP_90","90","0.027042195"
"2026-08-04 10:27:41.491 +07:00","1835.152","HOT_SWEEP_90","90","0.028173739"
"2026-08-04 10:27:42.179 +07:00","1835.84","HOT_SWEEP_90","90","0.027632799"
"2026-08-04 10:27:42.871 +07:00","1836.532","HOT_SWEEP_90","90","0.028359165"
"2026-08-04 10:27:43.565 +07:00","1837.222","HOT_SWEEP_90","90","0.028236952"
"2026-08-04 10:27:44.252 +07:00","1837.904","HOT_SWEEP_90","90","0.028473666"
"2026-08-04 10:27:44.957 +07:00","1838.618","HOT_SWEEP_90","90","0.028261881"
"2026-08-04 10:27:45.650 +07:00","1839.295","HOT_SWEEP_90","90","0.028760981"
"2026-08-04 10:27:46.339 +07:00","1839.998","HOT_SWEEP_90","90","0.028521389"
"2026-08-04 10:27:47.008 +07:00","1840.669","HOT_SWEEP_90","90","0.029131342"
"2026-08-04 10:27:47.692 +07:00","1841.351","HOT_SWEEP_90","90","0.027940061"
"2026-08-04 10:27:48.375 +07:00","1842.036","HOT_SWEEP_90","90","0.027978107"
"2026-08-04 10:27:49.070 +07:00","1842.729","HOT_SWEEP_90","90","0.028137047"
"2026-08-04 10:27:49.758 +07:00","1843.419","HOT_SWEEP_90","90","0.027106697"
"2026-08-04 10:27:50.449 +07:00","1844.106","HOT_SWEEP_90","90","0.026793063"
"2026-08-04 10:27:51.134 +07:00","1844.793","HOT_SWEEP_90","90","0.027516723"
"2026-08-04 10:27:51.822 +07:00","1845.483","HOT_SWEEP_90","90","0.027734697"
"2026-08-04 10:27:52.511 +07:00","1846.17","HOT_SWEEP_90","90","0.027951669"
"2026-08-04 10:27:53.191 +07:00","1846.852","HOT_SWEEP_90","90","0.028344288"
"2026-08-04 10:27:53.870 +07:00","1847.531","HOT_SWEEP_90","90","0.027550224"
"2026-08-04 10:27:54.561 +07:00","1848.22","HOT_SWEEP_90","90","0.028763678"
"2026-08-04 10:27:55.252 +07:00","1848.913","HOT_SWEEP_90","90","0.029610327"
"2026-08-04 10:27:55.936 +07:00","1849.597","HOT_SWEEP_90","90","0.029679507"
"2026-08-04 10:27:56.619 +07:00","1850.28","HOT_SWEEP_90","90","0.030531431"
"2026-08-04 10:27:57.286 +07:00","1850.947","HOT_SWEEP_90","90","0.0308824"
"2026-08-04 10:27:57.976 +07:00","1851.637","HOT_SWEEP_90","90","0.030368576"
"2026-08-04 10:27:58.667 +07:00","1852.328","HOT_SWEEP_90","90","0.029534006"
"2026-08-04 10:27:59.352 +07:00","1853.013","HOT_SWEEP_90","90","0.030435245"
"2026-08-04 10:28:00.034 +07:00","1853.695","HOT_SWEEP_90","90","0.030046111"
"2026-08-04 10:28:00.717 +07:00","1854.378","HOT_SWEEP_90","90","0.030306447"
"2026-08-04 10:28:01.410 +07:00","1855.062","HOT_SWEEP_90","90","0.029976249"
"2026-08-04 10:28:02.084 +07:00","1855.745","HOT_SWEEP_90","90","0.028911952"
"2026-08-04 10:28:02.765 +07:00","1856.426","HOT_SWEEP_90","90","0.028794508"
"2026-08-04 10:28:03.449 +07:00","1857.11","HOT_SWEEP_90","90","0.028026421"
"2026-08-04 10:28:04.138 +07:00","1857.799","HOT_SWEEP_90","90","0.028614083"
"2026-08-04 10:28:04.815 +07:00","1858.476","HOT_SWEEP_90","90","0.02783677"
"2026-08-04 10:28:05.507 +07:00","1859.165","HOT_SWEEP_90","90","0.028343406"
"2026-08-04 10:28:06.183 +07:00","1859.844","HOT_SWEEP_90","90","0.02789033"
"2026-08-04 10:28:06.870 +07:00","1860.531","HOT_SWEEP_90","90","0.027780438"
"2026-08-04 10:28:07.556 +07:00","1861.213","HOT_SWEEP_90","90","0.026758522"
"2026-08-04 10:28:08.229 +07:00","1861.89","HOT_SWEEP_90","90","0.027577832"
"2026-08-04 10:28:08.914 +07:00","1862.575","HOT_SWEEP_90","90","0.027456719"
"2026-08-04 10:28:09.607 +07:00","1863.266","HOT_SWEEP_90","90","0.027113438"
"2026-08-04 10:28:10.279 +07:00","1863.94","HOT_SWEEP_90","90","0.028167093"
"2026-08-04 10:28:10.963 +07:00","1864.624","HOT_SWEEP_90","90","0.027642688"
"2026-08-04 10:28:11.644 +07:00","1865.305","HOT_SWEEP_90","90","0.027221713"
"2026-08-04 10:28:12.343 +07:00","1866.004","HOT_SWEEP_90","90","0.027942937"
"2026-08-04 10:28:13.027 +07:00","1866.688","HOT_SWEEP_90","90","0.027467925"
"2026-08-04 10:28:13.721 +07:00","1867.37","HOT_SWEEP_90","90","0.026762415"
"2026-08-04 10:28:14.409 +07:00","1868.07","HOT_SWEEP_90","90","0.027888712"
"2026-08-04 10:28:15.101 +07:00","1868.76","HOT_SWEEP_90","90","0.027704675"
"2026-08-04 10:28:15.777 +07:00","1869.438","HOT_SWEEP_90","90","0.027661011"
"2026-08-04 10:28:16.466 +07:00","1870.127","HOT_SWEEP_90","90","0.027695503"
"2026-08-04 10:28:17.142 +07:00","1870.803","HOT_SWEEP_90","90","0.027440259"
"2026-08-04 10:28:17.834 +07:00","1871.493","HOT_SWEEP_90","90","0.026966209"
"2026-08-04 10:28:18.510 +07:00","1872.171","HOT_SWEEP_90","90","0.026797602"
"2026-08-04 10:28:19.195 +07:00","1872.856","HOT_SWEEP_90","90","0.026366044"
"2026-08-04 10:28:19.876 +07:00","1873.537","HOT_SWEEP_90","90","0.026593801"
"2026-08-04 10:28:20.569 +07:00","1874.218","HOT_SWEEP_90","90","0.026883185"
"2026-08-04 10:28:21.242 +07:00","1874.903","HOT_SWEEP_90","90","0.027638718"
"2026-08-04 10:28:21.936 +07:00","1875.594","HOT_SWEEP_90","90","0.027061576"
"2026-08-04 10:28:22.623 +07:00","1876.284","HOT_SWEEP_90","90","0.027266378"
"2026-08-04 10:28:23.294 +07:00","1876.955","HOT_SWEEP_90","90","0.027569657"
"2026-08-04 10:28:23.975 +07:00","1877.636","HOT_SWEEP_90","90","0.027305499"
"2026-08-04 10:28:24.661 +07:00","1878.318","HOT_SWEEP_90","90","0.026623413"
"2026-08-04 10:28:25.344 +07:00","1879.003","HOT_SWEEP_90","90","0.027766144"
"2026-08-04 10:28:26.045 +07:00","1879.7","HOT_SWEEP_90","90","0.028532982"
"2026-08-04 10:28:26.723 +07:00","1880.384","HOT_SWEEP_90","90","0.028250286"
"2026-08-04 10:28:27.403 +07:00","1881.064","HOT_SWEEP_90","90","0.028868133"
"2026-08-04 10:28:28.094 +07:00","1881.739","HOT_SWEEP_90","90","0.02845091"
"2026-08-04 10:28:28.789 +07:00","1882.446","HOT_SWEEP_90","90","0.028493974"
"2026-08-04 10:28:29.464 +07:00","1883.125","HOT_SWEEP_90","90","0.028108392"
"2026-08-04 10:28:30.158 +07:00","1883.819","HOT_SWEEP_90","90","0.028326994"
"2026-08-04 10:28:30.851 +07:00","1884.497","HOT_SWEEP_90","90","0.027937302"
"2026-08-04 10:28:31.537 +07:00","1885.198","HOT_SWEEP_90","90","0.02794024"
"2026-08-04 10:28:32.220 +07:00","1885.881","HOT_SWEEP_90","90","0.02812295"
"2026-08-04 10:28:32.912 +07:00","1886.563","HOT_SWEEP_90","90","0.027876247"
"2026-08-04 10:28:33.604 +07:00","1887.265","HOT_SWEEP_90","90","0.027793568"
"2026-08-04 10:28:34.292 +07:00","1887.951","HOT_SWEEP_90","90","0.028097004"
"2026-08-04 10:28:34.969 +07:00","1888.63","HOT_SWEEP_90","90","0.027958844"
"2026-08-04 10:28:35.653 +07:00","1889.314","HOT_SWEEP_90","90","0.027374547"
"2026-08-04 10:28:36.334 +07:00","1889.995","HOT_SWEEP_90","90","0.029063597"
"2026-08-04 10:28:37.018 +07:00","1890.679","HOT_SWEEP_90","90","0.028740888"
"2026-08-04 10:28:37.695 +07:00","1891.356","HOT_SWEEP_90","90","0.028981071"
"2026-08-04 10:28:38.377 +07:00","1892.038","HOT_SWEEP_90","90","0.031064156"
"2026-08-04 10:28:39.059 +07:00","1892.72","HOT_SWEEP_90","90","0.031600516"
"2026-08-04 10:28:39.764 +07:00","1893.425","HOT_SWEEP_90","90","0.031786006"
"2026-08-04 10:28:40.447 +07:00","1894.105","HOT_SWEEP_90","90","0.031988751"
"2026-08-04 10:28:41.138 +07:00","1894.797","HOT_SWEEP_90","90","0.032027148"
"2026-08-04 10:28:41.823 +07:00","1895.484","HOT_SWEEP_90","90","0.031742673"
"2026-08-04 10:28:42.513 +07:00","1896.174","HOT_SWEEP_90","90","0.032081097"
"2026-08-04 10:28:43.201 +07:00","1896.86","HOT_SWEEP_90","90","0.031420816"
"2026-08-04 10:28:43.881 +07:00","1897.539","HOT_SWEEP_90","90","0.031000188"
"2026-08-04 10:28:44.573 +07:00","1898.233","HOT_SWEEP_90","90","0.030503595"
"2026-08-04 10:28:45.252 +07:00","1898.911","HOT_SWEEP_90","90","0.030275241"
"2026-08-04 10:28:45.950 +07:00","1899.609","HOT_SWEEP_90","90","0.029470583"
"2026-08-04 10:28:46.651 +07:00","1900.31","HOT_SWEEP_90","90","0.029293824"
"2026-08-04 10:28:47.353 +07:00","1901.014","HOT_SWEEP_90","90","0.029590804"
"2026-08-04 10:28:48.047 +07:00","1901.706","HOT_SWEEP_90","90","0.029778918"
"2026-08-04 10:28:48.743 +07:00","1902.401","HOT_SWEEP_90","90","0.029910097"
"2026-08-04 10:28:49.440 +07:00","1903.099","HOT_SWEEP_90","90","0.030047651"
"2026-08-04 10:28:50.133 +07:00","1903.784","HOT_SWEEP_90","90","0.030585831"
"2026-08-04 10:28:50.829 +07:00","1904.486","HOT_SWEEP_90","90","0.030806815"
"2026-08-04 10:28:51.523 +07:00","1905.182","HOT_SWEEP_90","90","0.031267792"
"2026-08-04 10:28:52.215 +07:00","1905.872","HOT_SWEEP_90","90","0.031382389"
"2026-08-04 10:28:52.899 +07:00","1906.557","HOT_SWEEP_90","90","0.03155344"
"2026-08-04 10:28:53.593 +07:00","1907.254","HOT_SWEEP_90","90","0.030750692"
"2026-08-04 10:28:54.295 +07:00","1907.954","HOT_SWEEP_90","90","0.031219125"
"2026-08-04 10:28:54.973 +07:00","1908.634","HOT_SWEEP_90","90","0.030104775"
"2026-08-04 10:28:55.672 +07:00","1909.33","HOT_SWEEP_90","90","0.029376119"
"2026-08-04 10:28:56.349 +07:00","1910.01","HOT_SWEEP_90","90","0.030266652"
"2026-08-04 10:28:57.046 +07:00","1910.704","HOT_SWEEP_90","90","0.029541511"
"2026-08-04 10:28:57.740 +07:00","1911.4","HOT_SWEEP_90","90","0.029336179"
"2026-08-04 10:28:58.430 +07:00","1912.075","HOT_SWEEP_90","90","0.030668478"
"2026-08-04 10:28:59.114 +07:00","1912.77","HOT_SWEEP_90","90","0.030726213"
"2026-08-04 10:28:59.812 +07:00","1913.472","HOT_SWEEP_90","90","0.030140806"
"2026-08-04 10:29:00.513 +07:00","1914.17","HOT_SWEEP_90","90","0.031173605"
"2026-08-04 10:29:01.201 +07:00","1914.86","HOT_SWEEP_90","90","0.030095717"
"2026-08-04 10:29:01.895 +07:00","1915.556","HOT_SWEEP_90","90","0.030629843"
"2026-08-04 10:29:02.568 +07:00","1916.229","HOT_SWEEP_90","90","0.03128263"
"2026-08-04 10:29:03.274 +07:00","1916.934","HOT_SWEEP_90","90","0.03081896"
"2026-08-04 10:29:03.960 +07:00","1917.605","HOT_SWEEP_90","90","0.030439386"
"2026-08-04 10:29:04.648 +07:00","1918.304","HOT_SWEEP_90","90","0.031082699"
"2026-08-04 10:29:05.337 +07:00","1918.998","HOT_SWEEP_90","90","0.03031454"
"2026-08-04 10:29:06.024 +07:00","1919.681","HOT_SWEEP_90","90","0.029910956"
"2026-08-04 10:29:06.717 +07:00","1920.376","HOT_SWEEP_90","90","0.030031338"
"2026-08-04 10:29:07.407 +07:00","1921.068","HOT_SWEEP_90","90","0.030110428"
"2026-08-04 10:29:08.109 +07:00","1921.769","HOT_SWEEP_90","90","0.030283609"
"2026-08-04 10:29:08.802 +07:00","1922.461","HOT_SWEEP_90","90","0.030539036"
"2026-08-04 10:29:09.487 +07:00","1923.148","HOT_SWEEP_90","90","0.031077286"
"2026-08-04 10:29:10.177 +07:00","1923.838","HOT_SWEEP_90","90","0.031129319"
"2026-08-04 10:29:10.867 +07:00","1924.523","HOT_SWEEP_90","90","0.031742379"
"2026-08-04 10:29:11.553 +07:00","1925.212","HOT_SWEEP_90","90","0.03153751"
"2026-08-04 10:29:12.241 +07:00","1925.902","HOT_SWEEP_90","90","0.032423079"
"2026-08-04 10:29:12.939 +07:00","1926.598","HOT_SWEEP_90","90","0.032074198"
"2026-08-04 10:29:13.637 +07:00","1927.298","HOT_SWEEP_90","90","0.032324336"
"2026-08-04 10:29:14.337 +07:00","1927.998","HOT_SWEEP_90","90","0.032198187"
"2026-08-04 10:29:15.019 +07:00","1928.678","HOT_SWEEP_90","90","0.032138519"
"2026-08-04 10:29:15.710 +07:00","1929.369","HOT_SWEEP_90","90","0.032328464"
"2026-08-04 10:29:16.406 +07:00","1930.059","HOT_SWEEP_90","90","0.033069052"
"2026-08-04 10:29:17.091 +07:00","1930.75","HOT_SWEEP_90","90","0.033610839"
"2026-08-04 10:29:17.768 +07:00","1931.429","HOT_SWEEP_90","90","0.03280656"
"2026-08-04 10:29:18.457 +07:00","1932.107","HOT_SWEEP_90","90","0.033068281"
"2026-08-04 10:29:19.147 +07:00","1932.808","HOT_SWEEP_90","90","0.032977782"
"2026-08-04 10:29:19.831 +07:00","1933.492","HOT_SWEEP_90","90","0.032748006"
"2026-08-04 10:29:20.522 +07:00","1934.174","HOT_SWEEP_90","90","0.033291645"
"2026-08-04 10:29:21.211 +07:00","1934.872","HOT_SWEEP_90","90","0.033147074"
"2026-08-04 10:29:21.897 +07:00","1935.558","HOT_SWEEP_90","90","0.032834224"
"2026-08-04 10:29:22.578 +07:00","1936.225","HOT_SWEEP_90","90","0.032473743"
"2026-08-04 10:29:23.270 +07:00","1936.924","HOT_SWEEP_90","90","0.031581882"
"2026-08-04 10:29:23.953 +07:00","1937.614","HOT_SWEEP_90","90","0.031382281"
"2026-08-04 10:29:24.637 +07:00","1938.296","HOT_SWEEP_90","90","0.031988107"
"2026-08-04 10:29:25.311 +07:00","1938.972","HOT_SWEEP_90","90","0.032738548"
"2026-08-04 10:29:26.002 +07:00","1939.655","HOT_SWEEP_90","90","0.032478064"
"2026-08-04 10:29:26.701 +07:00","1940.354","HOT_SWEEP_90","90","0.032662623"
"2026-08-04 10:29:27.377 +07:00","1941.038","HOT_SWEEP_90","90","0.033080935"
"2026-08-04 10:29:28.080 +07:00","1941.741","HOT_SWEEP_90","90","0.03301264"
"2026-08-04 10:29:28.757 +07:00","1942.418","HOT_SWEEP_90","90","0.032880269"
"2026-08-04 10:29:29.457 +07:00","1943.118","HOT_SWEEP_90","90","0.033717804"
"2026-08-04 10:29:30.147 +07:00","1943.803","HOT_SWEEP_90","90","0.033393621"
"2026-08-04 10:29:30.841 +07:00","1944.497","HOT_SWEEP_90","90","0.032224253"
"2026-08-04 10:29:31.520 +07:00","1945.182","HOT_SWEEP_90","90","0.032166336"
"2026-08-04 10:29:32.224 +07:00","1945.881","HOT_SWEEP_90","90","0.032492302"
"2026-08-04 10:29:32.902 +07:00","1946.563","HOT_SWEEP_90","90","0.032387637"
"2026-08-04 10:29:33.573 +07:00","1947.234","HOT_SWEEP_90","90","0.032263435"
"2026-08-04 10:29:34.262 +07:00","1947.923","HOT_SWEEP_90","90","0.032553211"
"2026-08-04 10:29:34.965 +07:00","1948.618","HOT_SWEEP_90","90","0.032713108"
"2026-08-04 10:29:35.644 +07:00","1949.302","HOT_SWEEP_90","90","0.033562183"
"2026-08-04 10:29:36.346 +07:00","1950.004","HOT_SWEEP_90","90","0.03322826"
"2026-08-04 10:29:37.037 +07:00","1950.697","HOT_SWEEP_90","90","0.033655085"
"2026-08-04 10:29:37.739 +07:00","1951.396","HOT_SWEEP_90","90","0.033832215"
"2026-08-04 10:29:38.421 +07:00","1952.082","HOT_SWEEP_90","90","0.03481508"
"2026-08-04 10:29:39.098 +07:00","1952.759","HOT_SWEEP_90","90","0.034271695"
"2026-08-04 10:29:39.781 +07:00","1953.442","HOT_SWEEP_90","90","0.033734813"
"2026-08-04 10:29:40.481 +07:00","1954.132","HOT_SWEEP_90","90","0.033968348"
"2026-08-04 10:29:41.168 +07:00","1954.829","HOT_SWEEP_90","90","0.033164211"
"2026-08-04 10:29:41.868 +07:00","1955.525","HOT_SWEEP_90","90","0.032745544"
"2026-08-04 10:29:42.557 +07:00","1956.218","HOT_SWEEP_90","90","0.032334752"
"2026-08-04 10:29:43.249 +07:00","1956.908","HOT_SWEEP_90","90","0.033042308"
"2026-08-04 10:29:43.941 +07:00","1957.597","HOT_SWEEP_90","90","0.033362173"
"2026-08-04 10:29:44.627 +07:00","1958.286","HOT_SWEEP_90","90","0.034202091"
"2026-08-04 10:29:45.321 +07:00","1958.982","HOT_SWEEP_90","90","0.03384757"
"2026-08-04 10:29:46.013 +07:00","1959.67","HOT_SWEEP_90","90","0.032990374"
"2026-08-04 10:29:46.705 +07:00","1960.364","HOT_SWEEP_90","90","0.033106569"
"2026-08-04 10:29:47.406 +07:00","1961.065","HOT_SWEEP_90","90","0.033931814"
"2026-08-04 10:29:48.083 +07:00","1961.744","HOT_SWEEP_90","90","0.0347302"
"2026-08-04 10:29:48.791 +07:00","1962.45","HOT_SWEEP_90","90","0.034583531"
"2026-08-04 10:29:49.473 +07:00","1963.133","HOT_SWEEP_90","90","0.035044953"
"2026-08-04 10:29:50.169 +07:00","1963.815","HOT_SWEEP_90","90","0.034803681"
"2026-08-04 10:29:50.848 +07:00","1964.509","HOT_SWEEP_90","90","0.034436297"
"2026-08-04 10:29:51.544 +07:00","1965.195","HOT_SWEEP_90","90","0.034568887"
"2026-08-04 10:29:52.228 +07:00","1965.881","HOT_SWEEP_90","90","0.034157127"
"2026-08-04 10:29:52.925 +07:00","1966.583","HOT_SWEEP_90","90","0.034380913"
"2026-08-04 10:29:53.612 +07:00","1967.272","HOT_SWEEP_90","90","0.033731423"
"2026-08-04 10:29:54.309 +07:00","1967.969","HOT_SWEEP_90","90","0.033295222"
"2026-08-04 10:29:54.987 +07:00","1968.647","HOT_SWEEP_90","90","0.033159256"
"2026-08-04 10:29:55.685 +07:00","1969.344","HOT_SWEEP_90","90","0.032927193"
"2026-08-04 10:29:56.371 +07:00","1970.028","HOT_SWEEP_90","90","0.034161616"
"2026-08-04 10:29:57.062 +07:00","1970.721","HOT_SWEEP_90","90","0.032991789"
"2026-08-04 10:29:57.752 +07:00","1971.411","HOT_SWEEP_90","90","0.032857466"
"2026-08-04 10:29:58.442 +07:00","1972.098","HOT_SWEEP_90","90","0.032826722"
"2026-08-04 10:29:59.141 +07:00","1972.792","HOT_SWEEP_90","90","0.033039391"
"2026-08-04 10:29:59.812 +07:00","1973.473","HOT_SWEEP_90","90","0.033380482"
"2026-08-04 10:30:00.496 +07:00","1974.157","HOT_SWEEP_90","90","0.03459749"
"2026-08-04 10:30:01.179 +07:00","1974.84","HOT_SWEEP_90","90","0.035315279"
"2026-08-04 10:30:01.864 +07:00","1975.525","HOT_SWEEP_90","90","0.035165079"
"2026-08-04 10:30:02.559 +07:00","1976.216","HOT_SWEEP_90","90","0.035853375"
"2026-08-04 10:30:03.248 +07:00","1976.907","HOT_SWEEP_90","90","0.035753459"
"2026-08-04 10:30:03.932 +07:00","1977.591","HOT_SWEEP_90","90","0.035796303"
"2026-08-04 10:30:04.615 +07:00","1978.273","HOT_SWEEP_90","90","0.035488125"
"2026-08-04 10:30:05.302 +07:00","1978.961","HOT_SWEEP_90","90","0.035808075"
"2026-08-04 10:30:05.998 +07:00","1979.658","HOT_SWEEP_90","90","0.036602948"
"2026-08-04 10:30:06.681 +07:00","1980.34","HOT_SWEEP_90","90","0.036774736"
"2026-08-04 10:30:07.364 +07:00","1981.023","HOT_SWEEP_90","90","0.036891073"
"2026-08-04 10:30:08.063 +07:00","1981.722","HOT_SWEEP_90","90","0.036376808"
"2026-08-04 10:30:08.745 +07:00","1982.405","HOT_SWEEP_90","90","0.035458006"
"2026-08-04 10:30:09.446 +07:00","1983.105","HOT_SWEEP_90","90","0.036174946"
"2026-08-04 10:30:10.128 +07:00","1983.787","HOT_SWEEP_90","90","0.035136212"
"2026-08-04 10:30:10.831 +07:00","1984.49","HOT_SWEEP_90","90","0.034888789"
"2026-08-04 10:30:11.528 +07:00","1985.188","HOT_SWEEP_90","90","0.036389764"
"2026-08-04 10:30:12.212 +07:00","1985.871","HOT_SWEEP_90","90","0.035921775"
"2026-08-04 10:30:12.894 +07:00","1986.553","HOT_SWEEP_90","90","0.035569292"
"2026-08-04 10:30:13.593 +07:00","1987.253","HOT_SWEEP_90","90","0.035142068"
"2026-08-04 10:30:14.279 +07:00","1987.936","HOT_SWEEP_90","90","0.035475265"
"2026-08-04 10:30:14.959 +07:00","1988.619","HOT_SWEEP_90","90","0.035475887"
"2026-08-04 10:30:15.645 +07:00","1989.305","HOT_SWEEP_90","90","0.036483966"
"2026-08-04 10:30:16.342 +07:00","1990.002","HOT_SWEEP_90","90","0.036178075"
"2026-08-04 10:30:17.026 +07:00","1990.686","HOT_SWEEP_90","90","0.036881495"
"2026-08-04 10:30:17.708 +07:00","1991.367","HOT_SWEEP_90","90","0.037887074"
"2026-08-04 10:30:18.408 +07:00","1992.067","HOT_SWEEP_90","90","0.037359156"
"2026-08-04 10:30:19.093 +07:00","1992.75","HOT_SWEEP_90","90","0.03722037"
"2026-08-04 10:30:19.775 +07:00","1993.434","HOT_SWEEP_90","90","0.037191942"
"2026-08-04 10:30:20.457 +07:00","1994.117","HOT_SWEEP_90","90","0.038525626"
"2026-08-04 10:30:21.157 +07:00","1994.816","HOT_SWEEP_90","90","0.038669955"
"2026-08-04 10:30:21.839 +07:00","1995.498","HOT_SWEEP_90","90","0.038008433"
"2026-08-04 10:30:22.522 +07:00","1996.182","HOT_SWEEP_90","90","0.037512295"
"2026-08-04 10:30:23.222 +07:00","1996.882","HOT_SWEEP_90","90","0.038099237"
"2026-08-04 10:30:23.926 +07:00","1997.584","HOT_SWEEP_90","90","0.037461929"
"2026-08-04 10:30:24.623 +07:00","1998.281","HOT_SWEEP_90","90","0.037281547"
"2026-08-04 10:30:25.307 +07:00","1998.965","HOT_SWEEP_90","90","0.037842307"
"2026-08-04 10:30:25.989 +07:00","1999.649","HOT_SWEEP_90","90","0.038521171"
"2026-08-04 10:30:26.688 +07:00","2000.347","HOT_SWEEP_90","90","0.037324794"
"2026-08-04 10:30:27.370 +07:00","2001.03","HOT_SWEEP_90","90","0.03656137"
"2026-08-04 10:30:28.053 +07:00","2001.713","HOT_SWEEP_90","90","0.036600925"
"2026-08-04 10:30:28.753 +07:00","2002.413","HOT_SWEEP_90","90","0.036479704"
"2026-08-04 10:30:29.454 +07:00","2003.113","HOT_SWEEP_90","90","0.037826575"
"2026-08-04 10:30:30.154 +07:00","2003.814","HOT_SWEEP_90","90","0.037929181"
"2026-08-04 10:30:30.835 +07:00","2004.495","HOT_SWEEP_90","90","0.038495131"
"2026-08-04 10:30:31.535 +07:00","2005.179","HOT_SWEEP_90","90","0.038914204"
"2026-08-04 10:30:32.235 +07:00","2005.895","HOT_SWEEP_90","90","0.038148552"
"2026-08-04 10:30:32.919 +07:00","2006.578","HOT_SWEEP_90","90","0.03826198"
"2026-08-04 10:30:33.601 +07:00","2007.261","HOT_SWEEP_90","90","0.039410859"
"2026-08-04 10:30:34.285 +07:00","2007.945","HOT_SWEEP_90","90","0.039102852"
"2026-08-04 10:30:34.986 +07:00","2008.645","HOT_SWEEP_90","90","0.037958328"
"2026-08-04 10:30:35.666 +07:00","2009.326","HOT_SWEEP_90","90","0.037791558"
"2026-08-04 10:30:36.352 +07:00","2010.009","HOT_SWEEP_90","90","0.036943909"
"2026-08-04 10:30:37.048 +07:00","2010.707","HOT_SWEEP_90","90","0.036038082"
"2026-08-04 10:30:37.736 +07:00","2011.392","HOT_SWEEP_90","90","0.035305556"
"2026-08-04 10:30:38.418 +07:00","2012.075","HOT_SWEEP_90","90","0.035414919"
"2026-08-04 10:30:39.100 +07:00","2012.759","HOT_SWEEP_90","90","0.036041521"
"2026-08-04 10:30:39.800 +07:00","2013.459","HOT_SWEEP_90","90","0.034944151"
"2026-08-04 10:30:40.501 +07:00","2014.161","HOT_SWEEP_90","90","0.0351195"
"2026-08-04 10:30:41.182 +07:00","2014.841","HOT_SWEEP_90","90","0.035218369"
"2026-08-04 10:30:41.864 +07:00","2015.523","HOT_SWEEP_90","90","0.03503846"
"2026-08-04 10:30:42.568 +07:00","2016.227","HOT_SWEEP_90","90","0.035807196"
"2026-08-04 10:30:43.264 +07:00","2016.924","HOT_SWEEP_90","90","0.035708599"
"2026-08-04 10:30:43.965 +07:00","2017.624","HOT_SWEEP_90","90","0.03540292"
"2026-08-04 10:30:44.646 +07:00","2018.305","HOT_SWEEP_90","90","0.035938911"
"2026-08-04 10:30:45.348 +07:00","2019.007","HOT_SWEEP_90","90","0.035535987"
"2026-08-04 10:30:46.052 +07:00","2019.708","HOT_SWEEP_90","90","0.035158485"
"2026-08-04 10:30:46.746 +07:00","2020.405","HOT_SWEEP_90","90","0.035957124"
"2026-08-04 10:30:47.429 +07:00","2021.088","HOT_SWEEP_90","90","0.035635509"
"2026-08-04 10:30:48.132 +07:00","2021.789","HOT_SWEEP_90","90","0.035747387"
"2026-08-04 10:30:48.830 +07:00","2022.489","HOT_SWEEP_90","90","0.035870679"
"2026-08-04 10:30:49.511 +07:00","2023.17","HOT_SWEEP_90","90","0.036013246"
"2026-08-04 10:30:50.194 +07:00","2023.853","HOT_SWEEP_90","90","0.036528658"
"2026-08-04 10:30:50.896 +07:00","2024.554","HOT_SWEEP_90","90","0.036914799"
"2026-08-04 10:30:51.593 +07:00","2025.252","HOT_SWEEP_90","90","0.036564387"
"2026-08-04 10:30:52.287 +07:00","2025.937","HOT_SWEEP_90","90","0.037221301"
"2026-08-04 10:30:52.977 +07:00","2026.636","HOT_SWEEP_90","90","0.036620162"
"2026-08-04 10:30:53.680 +07:00","2027.336","HOT_SWEEP_90","90","0.036647953"
"2026-08-04 10:30:54.373 +07:00","2028.033","HOT_SWEEP_90","90","0.036521088"
"2026-08-04 10:30:55.059 +07:00","2028.718","HOT_SWEEP_90","90","0.036710955"
"2026-08-04 10:30:55.741 +07:00","2029.401","HOT_SWEEP_90","90","0.037362669"
"2026-08-04 10:30:56.441 +07:00","2030.1","HOT_SWEEP_90","90","0.037988301"
"2026-08-04 10:30:57.145 +07:00","2030.8","HOT_SWEEP_90","90","0.037885584"
"2026-08-04 10:30:57.841 +07:00","2031.5","HOT_SWEEP_90","90","0.038161516"
"2026-08-04 10:30:58.524 +07:00","2032.175","HOT_SWEEP_90","90","0.038364857"
"2026-08-04 10:30:59.215 +07:00","2032.86","HOT_SWEEP_90","90","0.038393296"
"2026-08-04 10:30:59.901 +07:00","2033.562","HOT_SWEEP_90","90","0.038686529"
"2026-08-04 10:31:00.594 +07:00","2034.245","HOT_SWEEP_90","90","0.038904499"
"2026-08-04 10:31:01.267 +07:00","2034.928","HOT_SWEEP_90","90","0.039727371"
"2026-08-04 10:31:01.951 +07:00","2035.612","HOT_SWEEP_90","90","0.039993655"
"2026-08-04 10:31:02.643 +07:00","2036.288","HOT_SWEEP_90","90","0.03924023"
"2026-08-04 10:31:03.339 +07:00","2036.996","HOT_SWEEP_90","90","0.038805366"
"2026-08-04 10:31:04.015 +07:00","2037.677","HOT_SWEEP_90","90","0.038835596"
"2026-08-04 10:31:04.708 +07:00","2038.364","HOT_SWEEP_90","90","0.038041119"
"2026-08-04 10:31:05.386 +07:00","2039.046","HOT_SWEEP_90","90","0.037898641"
"2026-08-04 10:31:06.069 +07:00","2039.729","HOT_SWEEP_90","90","0.03797897"
"2026-08-04 10:31:06.769 +07:00","2040.428","HOT_SWEEP_90","90","0.037925348"
"2026-08-04 10:31:07.465 +07:00","2041.124","HOT_SWEEP_90","90","0.037549488"
"2026-08-04 10:31:08.152 +07:00","2041.811","HOT_SWEEP_90","90","0.037334748"
"2026-08-04 10:31:08.836 +07:00","2042.494","HOT_SWEEP_90","90","0.036652844"
"2026-08-04 10:31:09.536 +07:00","2043.196","HOT_SWEEP_90","90","0.038298085"
"2026-08-04 10:31:10.238 +07:00","2043.896","HOT_SWEEP_90","90","0.038393844"
"2026-08-04 10:31:10.940 +07:00","2044.599","HOT_SWEEP_90","90","0.03818943"
"2026-08-04 10:31:11.644 +07:00","2045.302","HOT_SWEEP_90","90","0.038409285"
"2026-08-04 10:31:12.328 +07:00","2045.988","HOT_SWEEP_90","90","0.039461385"
"2026-08-04 10:31:13.016 +07:00","2046.672","HOT_SWEEP_90","90","0.038957193"
"2026-08-04 10:31:13.717 +07:00","2047.375","HOT_SWEEP_90","90","0.039218087"
"2026-08-04 10:31:14.405 +07:00","2048.064","HOT_SWEEP_90","90","0.039632715"
"2026-08-04 10:31:15.089 +07:00","2048.748","HOT_SWEEP_90","90","0.038753387"
"2026-08-04 10:31:15.785 +07:00","2049.444","HOT_SWEEP_90","90","0.039152503"
"2026-08-04 10:31:16.483 +07:00","2050.142","HOT_SWEEP_90","90","0.038433205"
"2026-08-04 10:31:17.159 +07:00","2050.82","HOT_SWEEP_90","90","0.03852769"
"2026-08-04 10:31:17.853 +07:00","2051.503","HOT_SWEEP_90","90","0.038072504"
"2026-08-04 10:31:18.542 +07:00","2052.203","HOT_SWEEP_90","90","0.039139755"
"2026-08-04 10:31:19.235 +07:00","2052.886","HOT_SWEEP_90","90","0.038096189"
"2026-08-04 10:31:19.917 +07:00","2053.57","HOT_SWEEP_90","90","0.037158161"
"2026-08-04 10:31:20.590 +07:00","2054.251","HOT_SWEEP_90","90","0.037281323"
"2026-08-04 10:31:21.276 +07:00","2054.937","HOT_SWEEP_90","90","0.036955524"
"2026-08-04 10:31:21.973 +07:00","2055.629","HOT_SWEEP_90","90","0.036840666"
"2026-08-04 10:31:22.677 +07:00","2056.336","HOT_SWEEP_90","90","0.03589426"
"2026-08-04 10:31:23.356 +07:00","2057.017","HOT_SWEEP_90","90","0.036123049"
"2026-08-04 10:31:24.050 +07:00","2057.701","HOT_SWEEP_90","90","0.035342935"
"2026-08-04 10:31:24.727 +07:00","2058.388","HOT_SWEEP_90","90","0.034977738"
"2026-08-04 10:31:25.424 +07:00","2059.085","HOT_SWEEP_90","90","0.035199087"
"2026-08-04 10:31:26.105 +07:00","2059.766","HOT_SWEEP_90","90","0.035803974"
"2026-08-04 10:31:26.796 +07:00","2060.455","HOT_SWEEP_90","90","0.035965327"
"2026-08-04 10:31:27.471 +07:00","2061.132","HOT_SWEEP_90","90","0.035917334"
"2026-08-04 10:31:28.154 +07:00","2061.815","HOT_SWEEP_90","90","0.035749294"
"2026-08-04 10:31:28.847 +07:00","2062.506","HOT_SWEEP_90","90","0.035688289"
"2026-08-04 10:31:29.531 +07:00","2063.182","HOT_SWEEP_90","90","0.037044302"
"2026-08-04 10:31:30.203 +07:00","2063.864","HOT_SWEEP_90","90","0.036493551"
"2026-08-04 10:31:30.887 +07:00","2064.548","HOT_SWEEP_90","90","0.036227867"
"2026-08-04 10:31:31.577 +07:00","2065.238","HOT_SWEEP_90","90","0.036833469"
"2026-08-04 10:31:32.270 +07:00","2065.931","HOT_SWEEP_90","90","0.036388852"
"2026-08-04 10:31:32.964 +07:00","2066.623","HOT_SWEEP_90","90","0.036121305"
"2026-08-04 10:31:33.652 +07:00","2067.313","HOT_SWEEP_90","90","0.036729272"
"2026-08-04 10:31:34.342 +07:00","2068.003","HOT_SWEEP_90","90","0.037076391"
"2026-08-04 10:31:35.025 +07:00","2068.681","HOT_SWEEP_90","90","0.037916776"
"2026-08-04 10:31:35.712 +07:00","2069.362","HOT_SWEEP_90","90","0.038206577"
"2026-08-04 10:31:36.402 +07:00","2070.063","HOT_SWEEP_90","90","0.037924435"
"2026-08-04 10:31:37.097 +07:00","2070.754","HOT_SWEEP_90","90","0.038612492"
"2026-08-04 10:31:37.784 +07:00","2071.445","HOT_SWEEP_90","90","0.038723428"
"2026-08-04 10:31:38.474 +07:00","2072.13","HOT_SWEEP_90","90","0.038579114"
"2026-08-04 10:31:39.165 +07:00","2072.826","HOT_SWEEP_90","90","0.038714204"
"2026-08-04 10:31:39.850 +07:00","2073.511","HOT_SWEEP_90","90","0.038035966"
"2026-08-04 10:31:40.533 +07:00","2074.194","HOT_SWEEP_90","90","0.037839923"
"2026-08-04 10:31:41.224 +07:00","2074.883","HOT_SWEEP_90","90","0.037582424"
"2026-08-04 10:31:41.916 +07:00","2075.577","HOT_SWEEP_90","90","0.036648072"
"2026-08-04 10:31:42.606 +07:00","2076.265","HOT_SWEEP_90","90","0.037518539"
"2026-08-04 10:31:43.298 +07:00","2076.957","HOT_SWEEP_90","90","0.037496302"
"2026-08-04 10:31:43.972 +07:00","2077.633","HOT_SWEEP_90","90","0.037275985"
"2026-08-04 10:31:44.670 +07:00","2078.329","HOT_SWEEP_90","90","0.038023081"
"2026-08-04 10:31:45.354 +07:00","2079.012","HOT_SWEEP_90","90","0.038094021"
"2026-08-04 10:31:46.065 +07:00","2079.726","HOT_SWEEP_90","90","0.037559703"
"2026-08-04 10:31:46.731 +07:00","2080.392","HOT_SWEEP_90","90","0.038148448"
"2026-08-04 10:31:47.421 +07:00","2081.066","HOT_SWEEP_90","90","0.039211694"
"2026-08-04 10:31:48.113 +07:00","2081.772","HOT_SWEEP_90","90","0.038464002"
"2026-08-04 10:31:48.799 +07:00","2082.46","HOT_SWEEP_90","90","0.037915088"
"2026-08-04 10:31:49.479 +07:00","2083.137","HOT_SWEEP_90","90","0.038087983"
"2026-08-04 10:31:50.170 +07:00","2083.829","HOT_SWEEP_90","90","0.037624098"
"2026-08-04 10:31:50.841 +07:00","2084.502","HOT_SWEEP_90","90","0.036652833"
"2026-08-04 10:31:51.533 +07:00","2085.194","HOT_SWEEP_90","90","0.037323304"
"2026-08-04 10:31:52.213 +07:00","2085.874","HOT_SWEEP_90","90","0.037236158"
"2026-08-04 10:31:52.901 +07:00","2086.56","HOT_SWEEP_90","90","0.037061997"
"2026-08-04 10:31:53.589 +07:00","2087.25","HOT_SWEEP_90","90","0.036636431"
"2026-08-04 10:31:54.280 +07:00","2087.938","HOT_SWEEP_90","90","0.036422409"
"2026-08-04 10:31:54.969 +07:00","2088.628","HOT_SWEEP_90","90","0.037076052"
"2026-08-04 10:31:55.665 +07:00","2089.322","HOT_SWEEP_90","90","0.03743862"
"2026-08-04 10:31:56.364 +07:00","2090.022","HOT_SWEEP_90","90","0.037041344"
"2026-08-04 10:31:57.054 +07:00","2090.713","HOT_SWEEP_90","90","0.037709296"
"2026-08-04 10:31:57.735 +07:00","2091.396","HOT_SWEEP_90","90","0.037591629"
"2026-08-04 10:31:58.416 +07:00","2092.077","HOT_SWEEP_90","90","0.036534227"
"2026-08-04 10:31:59.098 +07:00","2092.759","HOT_SWEEP_90","90","0.03727629"
"2026-08-04 10:31:59.800 +07:00","2093.457","HOT_SWEEP_90","90","0.036729641"
"2026-08-04 10:32:00.495 +07:00","2094.154","HOT_SWEEP_90","90","0.037221961"
"2026-08-04 10:32:01.185 +07:00","2094.846","HOT_SWEEP_90","90","0.036641933"
"2026-08-04 10:32:01.872 +07:00","2095.531","HOT_SWEEP_90","90","0.036641017"
"2026-08-04 10:32:02.556 +07:00","2096.217","HOT_SWEEP_90","90","0.037114587"
"2026-08-04 10:32:03.248 +07:00","2096.907","HOT_SWEEP_90","90","0.037267633"
"2026-08-04 10:32:03.935 +07:00","2097.592","HOT_SWEEP_90","90","0.036557663"
"2026-08-04 10:32:04.618 +07:00","2098.279","HOT_SWEEP_90","90","0.037611295"
"2026-08-04 10:32:05.311 +07:00","2098.969","HOT_SWEEP_90","90","0.038543753"
"2026-08-04 10:32:05.993 +07:00","2099.652","HOT_SWEEP_90","90","0.037856318"
"2026-08-04 10:32:06.682 +07:00","2100.341","HOT_SWEEP_90","90","0.037820667"
"2026-08-04 10:32:07.377 +07:00","2101.036","HOT_SWEEP_90","90","0.03840109"
"2026-08-04 10:32:08.061 +07:00","2101.717","HOT_SWEEP_90","90","0.037919652"
"2026-08-04 10:32:08.758 +07:00","2102.411","HOT_SWEEP_90","90","0.037187211"
"2026-08-04 10:32:09.449 +07:00","2103.109","HOT_SWEEP_90","90","0.037208788"
"2026-08-04 10:32:10.139 +07:00","2103.8","HOT_SWEEP_90","90","0.037131712"
"2026-08-04 10:32:10.828 +07:00","2104.487","HOT_SWEEP_90","90","0.037497655"
"2026-08-04 10:32:11.517 +07:00","2105.176","HOT_SWEEP_90","90","0.037881617"
"2026-08-04 10:32:12.202 +07:00","2105.863","HOT_SWEEP_90","90","0.037001222"
"2026-08-04 10:32:12.896 +07:00","2106.557","HOT_SWEEP_90","90","0.036214329"
"2026-08-04 10:32:13.600 +07:00","2107.259","HOT_SWEEP_90","90","0.037470333"
"2026-08-04 10:32:14.292 +07:00","2107.953","HOT_SWEEP_90","90","0.037528113"
"2026-08-04 10:32:14.984 +07:00","2108.63","HOT_SWEEP_90","90","0.037449755"
"2026-08-04 10:32:15.670 +07:00","2109.329","HOT_SWEEP_90","90","0.038362868"
"2026-08-04 10:32:16.362 +07:00","2110.022","HOT_SWEEP_90","90","0.03844519"
"2026-08-04 10:32:17.053 +07:00","2110.714","HOT_SWEEP_90","90","0.038063031"
"2026-08-04 10:32:17.745 +07:00","2111.397","HOT_SWEEP_90","90","0.038145747"
"2026-08-04 10:32:18.428 +07:00","2112.088","HOT_SWEEP_90","90","0.037725918"
"2026-08-04 10:32:19.121 +07:00","2112.772","HOT_SWEEP_90","90","0.037988979"
"2026-08-04 10:32:19.814 +07:00","2113.475","HOT_SWEEP_90","90","0.038676076"
"2026-08-04 10:32:20.498 +07:00","2114.159","HOT_SWEEP_90","90","0.038379185"
"2026-08-04 10:32:21.190 +07:00","2114.835","HOT_SWEEP_90","90","0.037126958"
"2026-08-04 10:32:21.882 +07:00","2115.543","HOT_SWEEP_90","90","0.037212119"
"2026-08-04 10:32:22.563 +07:00","2116.224","HOT_SWEEP_90","90","0.036874007"
"2026-08-04 10:32:23.242 +07:00","2116.903","HOT_SWEEP_90","90","0.037354477"
"2026-08-04 10:32:23.936 +07:00","2117.593","HOT_SWEEP_90","90","0.037146714"
"2026-08-04 10:32:24.628 +07:00","2118.274","HOT_SWEEP_90","90","0.036558185"
"2026-08-04 10:32:25.321 +07:00","2118.98","HOT_SWEEP_90","90","0.036435958"
"2026-08-04 10:32:26.012 +07:00","2119.673","HOT_SWEEP_90","90","0.035582531"
"2026-08-04 10:32:26.692 +07:00","2120.353","HOT_SWEEP_90","90","0.03507847"
"2026-08-04 10:32:27.395 +07:00","2121.056","HOT_SWEEP_90","90","0.035158612"
"2026-08-04 10:32:28.061 +07:00","2121.722","HOT_SWEEP_90","90","0.035045661"
"2026-08-04 10:32:28.745 +07:00","2122.406","HOT_SWEEP_90","90","0.035346039"
"2026-08-04 10:32:29.427 +07:00","2123.088","HOT_SWEEP_90","90","0.035476644"
"2026-08-04 10:32:30.110 +07:00","2123.771","HOT_SWEEP_90","90","0.034473605"
"2026-08-04 10:32:30.798 +07:00","2124.459","HOT_SWEEP_90","90","0.03439673"
"2026-08-04 10:32:31.480 +07:00","2125.141","HOT_SWEEP_90","90","0.035330143"
"2026-08-04 10:32:32.159 +07:00","2125.821","HOT_SWEEP_90","90","0.035409622"
"2026-08-04 10:32:32.854 +07:00","2126.513","HOT_SWEEP_90","90","0.03552917"
"2026-08-04 10:32:33.540 +07:00","2127.201","HOT_SWEEP_90","90","0.036331035"
"2026-08-04 10:32:34.243 +07:00","2127.904","HOT_SWEEP_90","90","0.036313307"
"2026-08-04 10:32:34.924 +07:00","2128.586","HOT_SWEEP_90","90","0.036220845"
"2026-08-04 10:32:35.612 +07:00","2129.273","HOT_SWEEP_90","90","0.036163785"
"2026-08-04 10:32:36.300 +07:00","2129.959","HOT_SWEEP_90","90","0.036750309"
"2026-08-04 10:32:36.990 +07:00","2130.649","HOT_SWEEP_90","90","0.037112772"
"2026-08-04 10:32:37.683 +07:00","2131.335","HOT_SWEEP_90","90","0.036979638"
"2026-08-04 10:32:38.383 +07:00","2132.034","HOT_SWEEP_90","90","0.037425019"
"2026-08-04 10:32:39.073 +07:00","2132.734","HOT_SWEEP_90","90","0.037805233"
"2026-08-04 10:32:39.763 +07:00","2133.422","HOT_SWEEP_90","90","0.038291506"
"2026-08-04 10:32:40.451 +07:00","2134.11","HOT_SWEEP_90","90","0.038064457"
"2026-08-04 10:32:41.148 +07:00","2134.804","HOT_SWEEP_90","90","0.038727093"
"2026-08-04 10:32:41.833 +07:00","2135.484","HOT_SWEEP_90","90","0.03895954"
"2026-08-04 10:32:42.513 +07:00","2136.174","HOT_SWEEP_90","90","0.039792012"
"2026-08-04 10:32:43.198 +07:00","2136.855","HOT_SWEEP_90","90","0.038763739"
"2026-08-04 10:32:43.894 +07:00","2137.551","HOT_SWEEP_90","90","0.039075591"
"2026-08-04 10:32:44.580 +07:00","2138.237","HOT_SWEEP_90","90","0.03992049"
"2026-08-04 10:32:45.264 +07:00","2138.925","HOT_SWEEP_90","90","0.039885841"
"2026-08-04 10:32:45.944 +07:00","2139.605","HOT_SWEEP_90","90","0.038540296"
"2026-08-04 10:32:46.628 +07:00","2140.284","HOT_SWEEP_90","90","0.038679246"
"2026-08-04 10:32:47.313 +07:00","2140.974","HOT_SWEEP_90","90","0.039441891"
"2026-08-04 10:32:48.022 +07:00","2141.682","HOT_SWEEP_90","90","0.03809157"
"2026-08-04 10:32:48.715 +07:00","2142.364","HOT_SWEEP_90","90","0.038093396"
"2026-08-04 10:32:49.401 +07:00","2143.063","HOT_SWEEP_90","90","0.03774612"
"2026-08-04 10:32:50.094 +07:00","2143.745","HOT_SWEEP_90","90","0.037899245"
"2026-08-04 10:32:50.775 +07:00","2144.436","HOT_SWEEP_90","90","0.037081473"
"2026-08-04 10:32:51.468 +07:00","2145.129","HOT_SWEEP_90","90","0.037024464"
"2026-08-04 10:32:52.161 +07:00","2145.82","HOT_SWEEP_90","90","0.036205802"
"2026-08-04 10:32:52.835 +07:00","2146.496","HOT_SWEEP_90","90","0.036401171"
"2026-08-04 10:32:53.524 +07:00","2147.185","HOT_SWEEP_90","90","0.037151799"
"2026-08-04 10:32:54.203 +07:00","2147.864","HOT_SWEEP_90","90","0.036951147"
"2026-08-04 10:32:54.909 +07:00","2148.568","HOT_SWEEP_90","90","0.03775496"
"2026-08-04 10:32:55.587 +07:00","2149.248","HOT_SWEEP_90","90","0.039111063"
"2026-08-04 10:32:56.275 +07:00","2149.934","HOT_SWEEP_90","90","0.03888379"
"2026-08-04 10:32:56.971 +07:00","2150.63","HOT_SWEEP_90","90","0.038440235"
"2026-08-04 10:32:57.647 +07:00","2151.308","HOT_SWEEP_90","90","0.039584484"
"2026-08-04 10:32:58.339 +07:00","2152","HOT_SWEEP_90","90","0.03963431"
"2026-08-04 10:32:59.042 +07:00","2152.699","HOT_SWEEP_90","90","0.040039625"
"2026-08-04 10:32:59.730 +07:00","2153.391","HOT_SWEEP_90","90","0.040439822"
"2026-08-04 10:33:00.423 +07:00","2154.081","HOT_SWEEP_90","90","0.039541218"
"2026-08-04 10:33:01.116 +07:00","2154.777","HOT_SWEEP_90","90","0.03881"
"2026-08-04 10:33:01.855 +07:00","2155.512","HOT_SWEEP_90","90","0.038762044"
"2026-08-04 10:33:02.548 +07:00","2156.209","HOT_SWEEP_90","90","0.037872229"
"2026-08-04 10:33:03.236 +07:00","2156.893","HOT_SWEEP_90","90","0.038400162"
"2026-08-04 10:33:03.919 +07:00","2157.572","HOT_SWEEP_90","90","0.039224029"
"2026-08-04 10:33:04.618 +07:00","2158.274","HOT_SWEEP_90","90","0.039116316"
"2026-08-04 10:33:05.314 +07:00","2158.975","HOT_SWEEP_90","90","0.038706701"
"2026-08-04 10:33:06.003 +07:00","2159.66","HOT_SWEEP_90","90","0.038586356"
"2026-08-04 10:33:06.683 +07:00","2160.344","HOT_SWEEP_90","90","0.039008047"
"2026-08-04 10:33:07.383 +07:00","2161.042","HOT_SWEEP_90","90","0.040036369"
"2026-08-04 10:33:08.057 +07:00","2161.718","HOT_SWEEP_90","90","0.040780921"
"2026-08-04 10:33:08.763 +07:00","2162.419","HOT_SWEEP_90","90","0.04045283"
"2026-08-04 10:33:09.448 +07:00","2163.109","HOT_SWEEP_90","90","0.040726993"
"2026-08-04 10:33:10.146 +07:00","2163.805","HOT_SWEEP_90","90","0.040477213"
"2026-08-04 10:33:10.832 +07:00","2164.489","HOT_SWEEP_90","90","0.040128313"
"2026-08-04 10:33:11.509 +07:00","2165.17","HOT_SWEEP_90","90","0.040112011"
"2026-08-04 10:33:12.189 +07:00","2165.846","HOT_SWEEP_90","90","0.039935939"
"2026-08-04 10:33:12.873 +07:00","2166.534","HOT_SWEEP_90","90","0.03963374"
"2026-08-04 10:33:13.555 +07:00","2167.201","HOT_SWEEP_90","90","0.039547734"
"2026-08-04 10:33:14.255 +07:00","2167.9","HOT_SWEEP_90","90","0.038675778"
"2026-08-04 10:33:14.955 +07:00","2168.607","HOT_SWEEP_90","90","0.037458725"
"2026-08-04 10:33:15.654 +07:00","2169.299","HOT_SWEEP_90","90","0.038205728"
"2026-08-04 10:33:16.355 +07:00","2169.999","HOT_SWEEP_90","90","0.03819802"
"2026-08-04 10:33:17.054 +07:00","2170.699","HOT_SWEEP_90","90","0.037289575"
"2026-08-04 10:33:17.754 +07:00","2171.399","HOT_SWEEP_90","90","0.037659932"
"2026-08-04 10:33:18.450 +07:00","2172.084","HOT_SWEEP_90","90","0.038208827"
"2026-08-04 10:33:19.137 +07:00","2172.798","HOT_SWEEP_90","90","0.03826984"
"2026-08-04 10:33:19.850 +07:00","2173.495","HOT_SWEEP_90","90","0.038436562"
"2026-08-04 10:33:20.544 +07:00","2174.198","HOT_SWEEP_90","90","0.039057385"
"2026-08-04 10:33:21.235 +07:00","2174.88","HOT_SWEEP_90","90","0.038903054"
"2026-08-04 10:33:21.937 +07:00","2175.587","HOT_SWEEP_90","90","0.039512146"
"2026-08-04 10:33:22.620 +07:00","2176.281","HOT_SWEEP_90","90","0.039236892"
"2026-08-04 10:33:23.335 +07:00","2176.986","HOT_SWEEP_90","90","0.039272487"
"2026-08-04 10:33:24.042 +07:00","2177.689","HOT_SWEEP_90","90","0.039193332"
"2026-08-04 10:33:24.751 +07:00","2178.396","HOT_SWEEP_90","90","0.03843246"
"2026-08-04 10:33:25.450 +07:00","2179.095","HOT_SWEEP_90","90","0.037670489"
"2026-08-04 10:33:26.150 +07:00","2179.793","HOT_SWEEP_90","90","0.037795313"
"2026-08-04 10:33:26.842 +07:00","2180.499","HOT_SWEEP_90","90","0.037665587"
"2026-08-04 10:33:27.539 +07:00","2181.177","HOT_SWEEP_90","90","0.036635514"
"2026-08-04 10:33:28.217 +07:00","2181.878","HOT_SWEEP_90","90","0.037119158"
"2026-08-04 10:33:28.931 +07:00","2182.586","HOT_SWEEP_90","90","0.036608752"
"2026-08-04 10:33:29.629 +07:00","2183.278","HOT_SWEEP_90","90","0.036695089"
"2026-08-04 10:33:30.314 +07:00","2183.965","HOT_SWEEP_90","90","0.036153357"
"2026-08-04 10:33:31.019 +07:00","2184.662","HOT_SWEEP_90","90","0.036139484"
"2026-08-04 10:33:31.717 +07:00","2185.359","HOT_SWEEP_90","90","0.036916249"
"2026-08-04 10:33:32.414 +07:00","2186.059","HOT_SWEEP_90","90","0.03665594"
"2026-08-04 10:33:33.115 +07:00","2186.764","HOT_SWEEP_90","90","0.036815085"
"2026-08-04 10:33:33.824 +07:00","2187.461","HOT_SWEEP_90","90","0.036528852"
"2026-08-04 10:33:34.525 +07:00","2188.173","HOT_SWEEP_90","90","0.037443154"
"2026-08-04 10:33:35.232 +07:00","2188.878","HOT_SWEEP_90","90","0.037690997"
"2026-08-04 10:33:35.935 +07:00","2189.574","HOT_SWEEP_90","90","0.037506759"
"2026-08-04 10:33:36.653 +07:00","2190.29","HOT_SWEEP_90","90","0.037076741"
"2026-08-04 10:33:37.361 +07:00","2191.006","HOT_SWEEP_90","90","0.037347294"
"2026-08-04 10:33:38.067 +07:00","2191.707","HOT_SWEEP_90","90","0.037983812"
"2026-08-04 10:33:38.759 +07:00","2192.41","HOT_SWEEP_90","90","0.03703117"
"2026-08-04 10:33:39.476 +07:00","2193.113","HOT_SWEEP_90","90","0.036923427"
"2026-08-04 10:33:40.175 +07:00","2193.824","HOT_SWEEP_90","90","0.036600806"
"2026-08-04 10:33:40.881 +07:00","2194.521","HOT_SWEEP_90","90","0.036565512"
"2026-08-04 10:33:41.562 +07:00","2195.223","HOT_SWEEP_90","90","0.036403853"
"2026-08-04 10:33:42.266 +07:00","2195.908","HOT_SWEEP_90","90","0.035256922"
"2026-08-04 10:33:42.960 +07:00","2196.603","HOT_SWEEP_90","90","0.035279546"
"2026-08-04 10:33:43.671 +07:00","2197.317","HOT_SWEEP_90","90","0.035616878"
"2026-08-04 10:33:44.359 +07:00","2198.02","HOT_SWEEP_90","90","0.036031172"
"2026-08-04 10:33:45.058 +07:00","2198.712","HOT_SWEEP_90","90","0.035928927"
"2026-08-04 10:33:45.757 +07:00","2199.402","HOT_SWEEP_90","90","0.036639914"
"2026-08-04 10:33:46.457 +07:00","2200.102","HOT_SWEEP_90","90","0.037053242"
"2026-08-04 10:33:47.156 +07:00","2200.807","HOT_SWEEP_90","90","0.037207715"
"2026-08-04 10:33:47.854 +07:00","2201.5","HOT_SWEEP_90","90","0.036490966"
"2026-08-04 10:33:48.552 +07:00","2202.203","HOT_SWEEP_90","90","0.036140878"
"2026-08-04 10:33:49.242 +07:00","2202.891","HOT_SWEEP_90","90","0.03599662"
"2026-08-04 10:33:49.939 +07:00","2203.584","HOT_SWEEP_90","90","0.036007129"
"2026-08-04 10:33:50.653 +07:00","2204.298","HOT_SWEEP_90","90","0.035578512"
"2026-08-04 10:33:51.358 +07:00","2205.001","HOT_SWEEP_90","90","0.034676857"
"2026-08-04 10:33:52.051 +07:00","2205.697","HOT_SWEEP_90","90","0.033830158"
"2026-08-04 10:33:52.753 +07:00","2206.399","HOT_SWEEP_90","90","0.033084005"
"2026-08-04 10:33:53.458 +07:00","2207.103","HOT_SWEEP_90","90","0.032489412"
"2026-08-04 10:33:54.151 +07:00","2207.802","HOT_SWEEP_90","90","0.032574736"
"2026-08-04 10:33:54.853 +07:00","2208.502","HOT_SWEEP_90","90","0.033197694"
"2026-08-04 10:33:55.554 +07:00","2209.202","HOT_SWEEP_90","90","0.03362013"
"2026-08-04 10:33:56.263 +07:00","2209.897","HOT_SWEEP_90","90","0.033979684"
"2026-08-04 10:33:56.961 +07:00","2210.612","HOT_SWEEP_90","90","0.033922549"
"2026-08-04 10:33:57.684 +07:00","2211.322","HOT_SWEEP_90","90","0.034034174"
"2026-08-04 10:33:58.389 +07:00","2212.032","HOT_SWEEP_90","90","0.034060087"
"2026-08-04 10:33:59.086 +07:00","2212.732","HOT_SWEEP_90","90","0.034158103"
"2026-08-04 10:33:59.771 +07:00","2213.422","HOT_SWEEP_90","90","0.03403262"
"2026-08-04 10:34:00.461 +07:00","2214.102","HOT_SWEEP_90","90","0.034961179"
"2026-08-04 10:34:01.153 +07:00","2214.802","HOT_SWEEP_90","90","0.033984493"
"2026-08-04 10:34:01.858 +07:00","2215.506","HOT_SWEEP_90","90","0.033292674"
"2026-08-04 10:34:02.571 +07:00","2216.212","HOT_SWEEP_90","90","0.03280215"
"2026-08-04 10:34:03.261 +07:00","2216.912","HOT_SWEEP_90","90","0.032863356"
"2026-08-04 10:34:03.960 +07:00","2217.602","HOT_SWEEP_90","90","0.0326811"
"2026-08-04 10:34:04.681 +07:00","2218.32","HOT_SWEEP_90","90","0.03232098"
"2026-08-04 10:34:05.383 +07:00","2219.032","HOT_SWEEP_90","90","0.032823231"
"2026-08-04 10:34:06.086 +07:00","2219.732","HOT_SWEEP_90","90","0.033194978"
"2026-08-04 10:34:06.781 +07:00","2220.436","HOT_SWEEP_90","90","0.034057133"
"2026-08-04 10:34:07.481 +07:00","2221.126","HOT_SWEEP_90","90","0.033893384"
"2026-08-04 10:34:08.180 +07:00","2221.825","HOT_SWEEP_90","90","0.034756579"
"2026-08-04 10:34:08.866 +07:00","2222.527","HOT_SWEEP_90","90","0.035685532"
"2026-08-04 10:34:09.874 +07:00","2223.535","HOT_SWEEP_85","85","0.035918236"
"2026-08-04 10:34:10.568 +07:00","2224.228","HOT_SWEEP_85","85","0.036930963"
"2026-08-04 10:34:11.250 +07:00","2224.911","HOT_SWEEP_85","85","0.036218502"
"2026-08-04 10:34:11.945 +07:00","2225.59","HOT_SWEEP_85","85","0.034873795"
"2026-08-04 10:34:12.629 +07:00","2226.29","HOT_SWEEP_85","85","0.035128482"
"2026-08-04 10:34:13.322 +07:00","2226.981","HOT_SWEEP_85","85","0.033109568"
"2026-08-04 10:34:14.011 +07:00","2227.656","HOT_SWEEP_85","85","0.029615317"
"2026-08-04 10:34:14.701 +07:00","2228.362","HOT_SWEEP_85","85","0.029035535"
"2026-08-04 10:34:15.379 +07:00","2229.041","HOT_SWEEP_85","85","0.027388364"
"2026-08-04 10:34:16.069 +07:00","2229.73","HOT_SWEEP_85","85","0.025003139"
"2026-08-04 10:34:16.745 +07:00","2230.406","HOT_SWEEP_85","85","0.023113098"
"2026-08-04 10:34:17.421 +07:00","2231.082","HOT_SWEEP_85","85","0.020270167"
"2026-08-04 10:34:18.110 +07:00","2231.771","HOT_SWEEP_85","85","0.017624544"
"2026-08-04 10:34:18.808 +07:00","2232.469","HOT_SWEEP_85","85","0.016741419"
"2026-08-04 10:34:19.492 +07:00","2233.153","HOT_SWEEP_85","85","0.014531523"
"2026-08-04 10:34:20.187 +07:00","2233.844","HOT_SWEEP_85","85","0.013293174"
"2026-08-04 10:34:20.874 +07:00","2234.535","HOT_SWEEP_85","85","0.014048385"
"2026-08-04 10:34:21.569 +07:00","2235.219","HOT_SWEEP_85","85","0.012978459"
"2026-08-04 10:34:22.252 +07:00","2235.911","HOT_SWEEP_85","85","0.011722748"
"2026-08-04 10:34:22.945 +07:00","2236.606","HOT_SWEEP_85","85","0.010790424"
"2026-08-04 10:34:23.624 +07:00","2237.285","HOT_SWEEP_85","85","0.01034567"
"2026-08-04 10:34:24.306 +07:00","2237.967","HOT_SWEEP_85","85","0.010174664"
"2026-08-04 10:34:24.995 +07:00","2238.656","HOT_SWEEP_85","85","0.010960409"
"2026-08-04 10:34:25.699 +07:00","2239.35","HOT_SWEEP_85","85","0.011866754"
"2026-08-04 10:34:26.383 +07:00","2240.042","HOT_SWEEP_85","85","0.012658678"
"2026-08-04 10:34:27.063 +07:00","2240.72","HOT_SWEEP_85","85","0.013449958"
"2026-08-04 10:34:27.754 +07:00","2241.415","HOT_SWEEP_85","85","0.014076511"
"2026-08-04 10:34:28.447 +07:00","2242.101","HOT_SWEEP_85","85","0.012461001"
"2026-08-04 10:34:29.136 +07:00","2242.797","HOT_SWEEP_85","85","0.013267865"
"2026-08-04 10:34:29.827 +07:00","2243.486","HOT_SWEEP_85","85","0.015559818"
"2026-08-04 10:34:30.508 +07:00","2244.169","HOT_SWEEP_85","85","0.014952689"
"2026-08-04 10:34:31.200 +07:00","2244.854","HOT_SWEEP_85","85","0.015756736"
"2026-08-04 10:34:31.887 +07:00","2245.548","HOT_SWEEP_85","85","0.016026355"
"2026-08-04 10:34:32.596 +07:00","2246.247","HOT_SWEEP_85","85","0.014645857"
"2026-08-04 10:34:33.279 +07:00","2246.938","HOT_SWEEP_85","85","0.013014704"
"2026-08-04 10:34:33.975 +07:00","2247.634","HOT_SWEEP_85","85","0.012264639"
"2026-08-04 10:34:34.652 +07:00","2248.314","HOT_SWEEP_85","85","0.011914212"
"2026-08-04 10:34:35.336 +07:00","2248.997","HOT_SWEEP_85","85","0.01285887"
"2026-08-04 10:34:36.035 +07:00","2249.696","HOT_SWEEP_85","85","0.013090627"
"2026-08-04 10:34:36.732 +07:00","2250.386","HOT_SWEEP_85","85","0.012602848"
"2026-08-04 10:34:37.428 +07:00","2251.084","HOT_SWEEP_85","85","0.012695166"
"2026-08-04 10:34:38.117 +07:00","2251.774","HOT_SWEEP_85","85","0.013190232"
"2026-08-04 10:34:38.806 +07:00","2252.467","HOT_SWEEP_85","85","0.015109735"
"2026-08-04 10:34:39.522 +07:00","2253.178","HOT_SWEEP_85","85","0.015267503"
"2026-08-04 10:34:40.201 +07:00","2253.862","HOT_SWEEP_85","85","0.016409915"
"2026-08-04 10:34:40.891 +07:00","2254.55","HOT_SWEEP_85","85","0.017484264"
"2026-08-04 10:34:41.567 +07:00","2255.228","HOT_SWEEP_85","85","0.018011704"
"2026-08-04 10:34:42.253 +07:00","2255.914","HOT_SWEEP_85","85","0.017993622"
"2026-08-04 10:34:42.941 +07:00","2256.594","HOT_SWEEP_85","85","0.017308652"
"2026-08-04 10:34:43.633 +07:00","2257.29","HOT_SWEEP_85","85","0.018307947"
"2026-08-04 10:34:44.322 +07:00","2257.98","HOT_SWEEP_85","85","0.018773504"
"2026-08-04 10:34:45.020 +07:00","2258.679","HOT_SWEEP_85","85","0.018796042"
"2026-08-04 10:34:45.698 +07:00","2259.359","HOT_SWEEP_85","85","0.01819591"
"2026-08-04 10:34:46.382 +07:00","2260.043","HOT_SWEEP_85","85","0.019056585"
"2026-08-04 10:34:47.072 +07:00","2260.731","HOT_SWEEP_85","85","0.019496899"
"2026-08-04 10:34:47.753 +07:00","2261.412","HOT_SWEEP_85","85","0.02035128"
"2026-08-04 10:34:48.429 +07:00","2262.09","HOT_SWEEP_85","85","0.019767713"
"2026-08-04 10:34:49.108 +07:00","2262.765","HOT_SWEEP_85","85","0.019279238"
"2026-08-04 10:34:49.794 +07:00","2263.455","HOT_SWEEP_85","85","0.020914335"
"2026-08-04 10:34:50.482 +07:00","2264.141","HOT_SWEEP_85","85","0.019978967"
"2026-08-04 10:34:51.178 +07:00","2264.839","HOT_SWEEP_85","85","0.02094144"
"2026-08-04 10:34:51.870 +07:00","2265.53","HOT_SWEEP_85","85","0.021845613"
"2026-08-04 10:34:52.562 +07:00","2266.22","HOT_SWEEP_85","85","0.022781869"
"2026-08-04 10:34:53.249 +07:00","2266.91","HOT_SWEEP_85","85","0.02295588"
"2026-08-04 10:34:53.939 +07:00","2267.6","HOT_SWEEP_85","85","0.02395275"
"2026-08-04 10:34:54.625 +07:00","2268.283","HOT_SWEEP_85","85","0.025213296"
"2026-08-04 10:34:55.319 +07:00","2268.978","HOT_SWEEP_85","85","0.025430089"
"2026-08-04 10:34:56.016 +07:00","2269.67","HOT_SWEEP_85","85","0.026293267"
"2026-08-04 10:34:56.703 +07:00","2270.36","HOT_SWEEP_85","85","0.026460975"
"2026-08-04 10:34:57.394 +07:00","2271.055","HOT_SWEEP_85","85","0.02679871"
"2026-08-04 10:34:58.083 +07:00","2271.735","HOT_SWEEP_85","85","0.026487425"
"2026-08-04 10:34:58.770 +07:00","2272.429","HOT_SWEEP_85","85","0.027347472"
"2026-08-04 10:34:59.449 +07:00","2273.11","HOT_SWEEP_85","85","0.02697343"
"2026-08-04 10:35:00.131 +07:00","2273.784","HOT_SWEEP_85","85","0.027394313"
"2026-08-04 10:35:00.826 +07:00","2274.486","HOT_SWEEP_85","85","0.027639518"
"2026-08-04 10:35:01.519 +07:00","2275.18","HOT_SWEEP_85","85","0.026797885"
"2026-08-04 10:35:02.226 +07:00","2275.885","HOT_SWEEP_85","85","0.026827103"
"2026-08-04 10:35:02.906 +07:00","2276.567","HOT_SWEEP_85","85","0.028951645"
"2026-08-04 10:35:03.584 +07:00","2277.245","HOT_SWEEP_85","85","0.02894868"
"2026-08-04 10:35:04.268 +07:00","2277.929","HOT_SWEEP_85","85","0.029739955"
"2026-08-04 10:35:04.959 +07:00","2278.618","HOT_SWEEP_85","85","0.030021405"
"2026-08-04 10:35:05.642 +07:00","2279.301","HOT_SWEEP_85","85","0.029894492"
"2026-08-04 10:35:06.332 +07:00","2279.991","HOT_SWEEP_85","85","0.029515255"
"2026-08-04 10:35:07.044 +07:00","2280.703","HOT_SWEEP_85","85","0.02975348"
"2026-08-04 10:35:07.739 +07:00","2281.396","HOT_SWEEP_85","85","0.030529147"
"2026-08-04 10:35:08.435 +07:00","2282.091","HOT_SWEEP_85","85","0.030246917"
"2026-08-04 10:35:09.128 +07:00","2282.785","HOT_SWEEP_85","85","0.031042006"
"2026-08-04 10:35:09.834 +07:00","2283.491","HOT_SWEEP_85","85","0.03135578"
"2026-08-04 10:35:10.506 +07:00","2284.167","HOT_SWEEP_85","85","0.031941291"
"2026-08-04 10:35:11.203 +07:00","2284.864","HOT_SWEEP_85","85","0.031944703"
"2026-08-04 10:35:11.902 +07:00","2285.561","HOT_SWEEP_85","85","0.033596646"
"2026-08-04 10:35:12.601 +07:00","2286.258","HOT_SWEEP_85","85","0.034375064"
"2026-08-04 10:35:13.288 +07:00","2286.946","HOT_SWEEP_85","85","0.034431897"
"2026-08-04 10:35:13.987 +07:00","2287.645","HOT_SWEEP_85","85","0.034034103"
"2026-08-04 10:35:14.673 +07:00","2288.331","HOT_SWEEP_85","85","0.034176283"
"2026-08-04 10:35:15.372 +07:00","2289.027","HOT_SWEEP_85","85","0.035018045"
"2026-08-04 10:35:16.072 +07:00","2289.725","HOT_SWEEP_85","85","0.035052821"
"2026-08-04 10:35:16.758 +07:00","2290.417","HOT_SWEEP_85","85","0.035379238"
"2026-08-04 10:35:17.439 +07:00","2291.098","HOT_SWEEP_85","85","0.035816602"
"2026-08-04 10:35:18.137 +07:00","2291.796","HOT_SWEEP_85","85","0.035036378"
"2026-08-04 10:35:18.819 +07:00","2292.476","HOT_SWEEP_85","85","0.03473061"
"2026-08-04 10:35:19.497 +07:00","2293.158","HOT_SWEEP_85","85","0.033702053"
"2026-08-04 10:35:20.181 +07:00","2293.842","HOT_SWEEP_85","85","0.033570744"
"2026-08-04 10:35:20.906 +07:00","2294.562","HOT_SWEEP_85","85","0.035558369"
"2026-08-04 10:35:21.596 +07:00","2295.257","HOT_SWEEP_85","85","0.035431512"
"2026-08-04 10:35:22.303 +07:00","2295.964","HOT_SWEEP_85","85","0.034977261"
"2026-08-04 10:35:22.996 +07:00","2296.657","HOT_SWEEP_85","85","0.035600483"
"2026-08-04 10:35:23.683 +07:00","2297.344","HOT_SWEEP_85","85","0.035281952"
"2026-08-04 10:35:24.362 +07:00","2298.023","HOT_SWEEP_85","85","0.034651231"
"2026-08-04 10:35:25.061 +07:00","2298.722","HOT_SWEEP_85","85","0.03571758"
"2026-08-04 10:35:25.752 +07:00","2299.407","HOT_SWEEP_85","85","0.036144234"
"2026-08-04 10:35:26.427 +07:00","2300.088","HOT_SWEEP_85","85","0.036901992"
"2026-08-04 10:35:27.120 +07:00","2300.772","HOT_SWEEP_85","85","0.037663482"
"2026-08-04 10:35:27.820 +07:00","2301.473","HOT_SWEEP_85","85","0.037534762"
"2026-08-04 10:35:28.495 +07:00","2302.156","HOT_SWEEP_85","85","0.037519779"
"2026-08-04 10:35:29.188 +07:00","2302.844","HOT_SWEEP_85","85","0.038083296"
"2026-08-04 10:35:29.883 +07:00","2303.544","HOT_SWEEP_85","85","0.038560919"
"2026-08-04 10:35:30.582 +07:00","2304.243","HOT_SWEEP_85","85","0.038167294"
"2026-08-04 10:35:31.268 +07:00","2304.927","HOT_SWEEP_85","85","0.038838383"
"2026-08-04 10:35:31.961 +07:00","2305.62","HOT_SWEEP_85","85","0.039796375"
"2026-08-04 10:35:32.645 +07:00","2306.302","HOT_SWEEP_85","85","0.039399616"
"2026-08-04 10:35:33.333 +07:00","2306.99","HOT_SWEEP_85","85","0.038366742"
"2026-08-04 10:35:34.026 +07:00","2307.684","HOT_SWEEP_85","85","0.0388676"
"2026-08-04 10:35:34.749 +07:00","2308.407","HOT_SWEEP_85","85","0.039091013"
"2026-08-04 10:35:35.448 +07:00","2309.104","HOT_SWEEP_85","85","0.038804889"
"2026-08-04 10:35:36.132 +07:00","2309.792","HOT_SWEEP_85","85","0.0391468"
"2026-08-04 10:35:36.817 +07:00","2310.475","HOT_SWEEP_85","85","0.039953928"
"2026-08-04 10:35:37.508 +07:00","2311.167","HOT_SWEEP_85","85","0.039632373"
"2026-08-04 10:35:38.197 +07:00","2311.857","HOT_SWEEP_85","85","0.039501172"
"2026-08-04 10:35:38.890 +07:00","2312.544","HOT_SWEEP_85","85","0.039036449"
"2026-08-04 10:35:39.592 +07:00","2313.25","HOT_SWEEP_85","85","0.039209247"
"2026-08-04 10:35:40.291 +07:00","2313.948","HOT_SWEEP_85","85","0.040017977"
"2026-08-04 10:35:40.985 +07:00","2314.642","HOT_SWEEP_85","85","0.040281367"
"2026-08-04 10:35:41.696 +07:00","2315.355","HOT_SWEEP_85","85","0.039605439"
"2026-08-04 10:35:42.388 +07:00","2316.047","HOT_SWEEP_85","85","0.039977465"
"2026-08-04 10:35:43.089 +07:00","2316.748","HOT_SWEEP_85","85","0.039154947"
"2026-08-04 10:35:43.774 +07:00","2317.433","HOT_SWEEP_85","85","0.038614817"
"2026-08-04 10:35:44.462 +07:00","2318.122","HOT_SWEEP_85","85","0.039491363"
"2026-08-04 10:35:45.155 +07:00","2318.814","HOT_SWEEP_85","85","0.039846923"
"2026-08-04 10:35:45.844 +07:00","2319.503","HOT_SWEEP_85","85","0.039984494"
"2026-08-04 10:35:46.546 +07:00","2320.204","HOT_SWEEP_85","85","0.040414605"
"2026-08-04 10:35:47.249 +07:00","2320.909","HOT_SWEEP_85","85","0.039877988"
"2026-08-04 10:35:47.937 +07:00","2321.596","HOT_SWEEP_85","85","0.040383294"
"2026-08-04 10:35:48.634 +07:00","2322.289","HOT_SWEEP_85","85","0.041091423"
"2026-08-04 10:35:49.319 +07:00","2322.976","HOT_SWEEP_85","85","0.040451553"
"2026-08-04 10:35:50.008 +07:00","2323.667","HOT_SWEEP_85","85","0.041318201"
"2026-08-04 10:35:50.697 +07:00","2324.356","HOT_SWEEP_85","85","0.041321531"
"2026-08-04 10:35:51.381 +07:00","2325.041","HOT_SWEEP_85","85","0.040728603"
"2026-08-04 10:35:52.072 +07:00","2325.73","HOT_SWEEP_85","85","0.040903281"
"2026-08-04 10:35:52.759 +07:00","2326.416","HOT_SWEEP_85","85","0.041494854"
"2026-08-04 10:35:53.457 +07:00","2327.112","HOT_SWEEP_85","85","0.041663878"
"2026-08-04 10:35:54.153 +07:00","2327.812","HOT_SWEEP_85","85","0.042343639"
"2026-08-04 10:35:54.841 +07:00","2328.499","HOT_SWEEP_85","85","0.042417116"
"2026-08-04 10:35:55.532 +07:00","2329.192","HOT_SWEEP_85","85","0.042446647"
"2026-08-04 10:35:56.227 +07:00","2329.883","HOT_SWEEP_85","85","0.043162845"
"2026-08-04 10:35:56.914 +07:00","2330.569","HOT_SWEEP_85","85","0.04395964"
"2026-08-04 10:35:57.605 +07:00","2331.262","HOT_SWEEP_85","85","0.044664729"
"2026-08-04 10:35:58.293 +07:00","2331.951","HOT_SWEEP_85","85","0.044512934999999997"
"2026-08-04 10:35:58.981 +07:00","2332.64","HOT_SWEEP_85","85","0.0443848"
"2026-08-04 10:35:59.671 +07:00","2333.329","HOT_SWEEP_85","85","0.043819021"
"2026-08-04 10:36:00.373 +07:00","2334.031","HOT_SWEEP_85","85","0.043648165"
"2026-08-04 10:36:01.051 +07:00","2334.711","HOT_SWEEP_85","85","0.04388082"
"2026-08-04 10:36:01.751 +07:00","2335.408","HOT_SWEEP_85","85","0.044093776"
"2026-08-04 10:36:02.442 +07:00","2336.098","HOT_SWEEP_85","85","0.043965843"
"2026-08-04 10:36:03.134 +07:00","2336.794","HOT_SWEEP_85","85","0.043595582"
"2026-08-04 10:36:03.815 +07:00","2337.476","HOT_SWEEP_85","85","0.043307744"
"2026-08-04 10:36:04.499 +07:00","2338.157","HOT_SWEEP_85","85","0.043301407"
"2026-08-04 10:36:05.208 +07:00","2338.864","HOT_SWEEP_85","85","0.04345236"
"2026-08-04 10:36:05.893 +07:00","2339.552","HOT_SWEEP_85","85","0.043776862"
"2026-08-04 10:36:06.585 +07:00","2340.241","HOT_SWEEP_85","85","0.044140935"
"2026-08-04 10:36:07.265 +07:00","2340.924","HOT_SWEEP_85","85","0.043972529"
"2026-08-04 10:36:07.967 +07:00","2341.626","HOT_SWEEP_85","85","0.043832786"
"2026-08-04 10:36:08.650 +07:00","2342.309","HOT_SWEEP_85","85","0.043493897"
"2026-08-04 10:36:09.361 +07:00","2343.018","HOT_SWEEP_85","85","0.043427505"
"2026-08-04 10:36:10.050 +07:00","2343.708","HOT_SWEEP_85","85","0.043954402"
"2026-08-04 10:36:10.748 +07:00","2344.407","HOT_SWEEP_85","85","0.044562712"
"2026-08-04 10:36:11.441 +07:00","2345.102","HOT_SWEEP_85","85","0.044285398"
"2026-08-04 10:36:12.134 +07:00","2345.791","HOT_SWEEP_85","85","0.044770826"
"2026-08-04 10:36:12.829 +07:00","2346.486","HOT_SWEEP_85","85","0.044807132"
"2026-08-04 10:36:13.529 +07:00","2347.188","HOT_SWEEP_85","85","0.045031212"
"2026-08-04 10:36:14.224 +07:00","2347.884","HOT_SWEEP_85","85","0.044808101"
"2026-08-04 10:36:14.913 +07:00","2348.572","HOT_SWEEP_85","85","0.045570657"
"2026-08-04 10:36:15.606 +07:00","2349.265","HOT_SWEEP_85","85","0.045909476"
"2026-08-04 10:36:16.296 +07:00","2349.957","HOT_SWEEP_85","85","0.045161437"
"2026-08-04 10:36:16.982 +07:00","2350.643","HOT_SWEEP_85","85","0.045169625"
"2026-08-04 10:36:17.674 +07:00","2351.335","HOT_SWEEP_85","85","0.044815209"
"2026-08-04 10:36:18.374 +07:00","2352.028","HOT_SWEEP_85","85","0.045202948"
"2026-08-04 10:36:19.058 +07:00","2352.717","HOT_SWEEP_85","85","0.044892546"
"2026-08-04 10:36:19.743 +07:00","2353.399","HOT_SWEEP_85","85","0.045007303"
"2026-08-04 10:36:20.416 +07:00","2354.077","HOT_SWEEP_85","85","0.044255447"
"2026-08-04 10:36:21.101 +07:00","2354.76","HOT_SWEEP_85","85","0.044386718"
"2026-08-04 10:36:21.786 +07:00","2355.446","HOT_SWEEP_85","85","0.043881331"
"2026-08-04 10:36:22.472 +07:00","2356.133","HOT_SWEEP_85","85","0.043291628"
"2026-08-04 10:36:23.160 +07:00","2356.821","HOT_SWEEP_85","85","0.043388296"
"2026-08-04 10:36:23.843 +07:00","2357.504","HOT_SWEEP_85","85","0.044077955"
"2026-08-04 10:36:24.526 +07:00","2358.187","HOT_SWEEP_85","85","0.043790724"
"2026-08-04 10:36:25.203 +07:00","2358.864","HOT_SWEEP_85","85","0.043477885"
"2026-08-04 10:36:25.883 +07:00","2359.544","HOT_SWEEP_85","85","0.044704188"
"2026-08-04 10:36:26.565 +07:00","2360.224","HOT_SWEEP_85","85","0.044305403"
"2026-08-04 10:36:27.253 +07:00","2360.914","HOT_SWEEP_85","85","0.044281859"
"2026-08-04 10:36:27.953 +07:00","2361.608","HOT_SWEEP_85","85","0.044425949"
"2026-08-04 10:36:28.642 +07:00","2362.303","HOT_SWEEP_85","85","0.045200106"
"2026-08-04 10:36:29.343 +07:00","2363.002","HOT_SWEEP_85","85","0.045679867"
"2026-08-04 10:36:30.039 +07:00","2363.697","HOT_SWEEP_85","85","0.046646044"
"2026-08-04 10:36:30.724 +07:00","2364.385","HOT_SWEEP_85","85","0.046589132"
"2026-08-04 10:36:31.413 +07:00","2365.074","HOT_SWEEP_85","85","0.046449207"
"2026-08-04 10:36:32.103 +07:00","2365.764","HOT_SWEEP_85","85","0.045663062"
"2026-08-04 10:36:32.780 +07:00","2366.441","HOT_SWEEP_85","85","0.045082878"
"2026-08-04 10:36:33.467 +07:00","2367.121","HOT_SWEEP_85","85","0.045320287"
"2026-08-04 10:36:34.153 +07:00","2367.812","HOT_SWEEP_85","85","0.045770735"
"2026-08-04 10:36:34.846 +07:00","2368.505","HOT_SWEEP_85","85","0.046383165"
"2026-08-04 10:36:35.533 +07:00","2369.194","HOT_SWEEP_85","85","0.046199933"
"2026-08-04 10:36:36.231 +07:00","2369.885","HOT_SWEEP_85","85","0.045779034"
"2026-08-04 10:36:36.923 +07:00","2370.573","HOT_SWEEP_85","85","0.045711756"
"2026-08-04 10:36:37.613 +07:00","2371.274","HOT_SWEEP_85","85","0.045110911"
"2026-08-04 10:36:38.306 +07:00","2371.965","HOT_SWEEP_85","85","0.045029093"
"2026-08-04 10:36:38.989 +07:00","2372.64","HOT_SWEEP_85","85","0.045305066"
"2026-08-04 10:36:39.680 +07:00","2373.342","HOT_SWEEP_85","85","0.045773443"
"2026-08-04 10:36:40.366 +07:00","2374.021","HOT_SWEEP_85","85","0.045246474"
"2026-08-04 10:36:41.053 +07:00","2374.712","HOT_SWEEP_85","85","0.044586878"
"2026-08-04 10:36:41.745 +07:00","2375.404","HOT_SWEEP_85","85","0.044530287"
"2026-08-04 10:36:42.431 +07:00","2376.09","HOT_SWEEP_85","85","0.044220753"
"2026-08-04 10:36:43.103 +07:00","2376.764","HOT_SWEEP_85","85","0.04445935"
"2026-08-04 10:36:43.803 +07:00","2377.461","HOT_SWEEP_85","85","0.044329334"
"2026-08-04 10:36:44.488 +07:00","2378.149","HOT_SWEEP_85","85","0.044075172"
"2026-08-04 10:36:45.180 +07:00","2378.838","HOT_SWEEP_85","85","0.044586353"
"2026-08-04 10:36:45.858 +07:00","2379.519","HOT_SWEEP_85","85","0.045599576"
"2026-08-04 10:36:46.542 +07:00","2380.198","HOT_SWEEP_85","85","0.04532456"
"2026-08-04 10:36:47.227 +07:00","2380.888","HOT_SWEEP_85","85","0.045886643"
"2026-08-04 10:36:47.909 +07:00","2381.57","HOT_SWEEP_85","85","0.047026239"
"2026-08-04 10:36:48.600 +07:00","2382.246","HOT_SWEEP_85","85","0.047108892"
"2026-08-04 10:36:49.292 +07:00","2382.95","HOT_SWEEP_85","85","0.046934705"
"2026-08-04 10:36:49.973 +07:00","2383.634","HOT_SWEEP_85","85","0.047188271"
"2026-08-04 10:36:50.665 +07:00","2384.324","HOT_SWEEP_85","85","0.046964936"
"2026-08-04 10:36:51.358 +07:00","2385.014","HOT_SWEEP_85","85","0.04696811"
"2026-08-04 10:36:52.061 +07:00","2385.72","HOT_SWEEP_85","85","0.047071449"
"2026-08-04 10:36:52.743 +07:00","2386.404","HOT_SWEEP_85","85","0.047100425"
"2026-08-04 10:36:53.428 +07:00","2387.089","HOT_SWEEP_85","85","0.046639644"
"2026-08-04 10:36:54.109 +07:00","2387.77","HOT_SWEEP_85","85","0.046474323"
"2026-08-04 10:36:54.802 +07:00","2388.463","HOT_SWEEP_85","85","0.045999382"
"2026-08-04 10:36:55.488 +07:00","2389.149","HOT_SWEEP_85","85","0.0454055"
"2026-08-04 10:36:56.181 +07:00","2389.827","HOT_SWEEP_85","85","0.044645518"
"2026-08-04 10:36:56.868 +07:00","2390.529","HOT_SWEEP_85","85","0.045051441"
"2026-08-04 10:36:57.568 +07:00","2391.22","HOT_SWEEP_85","85","0.045616522"
"2026-08-04 10:36:58.258 +07:00","2391.919","HOT_SWEEP_85","85","0.045475896"
"2026-08-04 10:36:58.935 +07:00","2392.596","HOT_SWEEP_85","85","0.045595519"
"2026-08-04 10:36:59.620 +07:00","2393.281","HOT_SWEEP_85","85","0.044775914"
"2026-08-04 10:37:00.303 +07:00","2393.964","HOT_SWEEP_85","85","0.044633765"
"2026-08-04 10:37:00.985 +07:00","2394.646","HOT_SWEEP_85","85","0.044815861"
"2026-08-04 10:37:01.652 +07:00","2395.313","HOT_SWEEP_85","85","0.045265529"
"2026-08-04 10:37:02.334 +07:00","2395.995","HOT_SWEEP_85","85","0.045060124"
"2026-08-04 10:37:03.022 +07:00","2396.681","HOT_SWEEP_85","85","0.045743261"
"2026-08-04 10:37:03.708 +07:00","2397.367","HOT_SWEEP_85","85","0.045468617"
"2026-08-04 10:37:04.397 +07:00","2398.058","HOT_SWEEP_85","85","0.044650361"
"2026-08-04 10:37:05.078 +07:00","2398.74","HOT_SWEEP_85","85","0.044822238"
"2026-08-04 10:37:05.765 +07:00","2399.426","HOT_SWEEP_85","85","0.04522296"
"2026-08-04 10:37:06.449 +07:00","2400.11","HOT_SWEEP_85","85","0.04566123"
"2026-08-04 10:37:07.141 +07:00","2400.802","HOT_SWEEP_85","85","0.045394011"
"2026-08-04 10:37:07.829 +07:00","2401.49","HOT_SWEEP_85","85","0.046196204"
"2026-08-04 10:37:08.514 +07:00","2402.175","HOT_SWEEP_85","85","0.046311449"
"2026-08-04 10:37:09.204 +07:00","2402.865","HOT_SWEEP_85","85","0.045900248"
"2026-08-04 10:37:09.896 +07:00","2403.553","HOT_SWEEP_85","85","0.046501409"
"2026-08-04 10:37:10.565 +07:00","2404.226","HOT_SWEEP_85","85","0.045983963"
"2026-08-04 10:37:11.268 +07:00","2404.929","HOT_SWEEP_85","85","0.045979608"
"2026-08-04 10:37:11.962 +07:00","2405.607","HOT_SWEEP_85","85","0.046756528"
"2026-08-04 10:37:12.631 +07:00","2406.292","HOT_SWEEP_85","85","0.046159606"
"2026-08-04 10:37:13.313 +07:00","2406.974","HOT_SWEEP_85","85","0.046029396"
"2026-08-04 10:37:13.995 +07:00","2407.656","HOT_SWEEP_85","85","0.046353247"
"2026-08-04 10:37:14.678 +07:00","2408.339","HOT_SWEEP_85","85","0.045864351"
"2026-08-04 10:37:15.370 +07:00","2409.029","HOT_SWEEP_85","85","0.044970792"
"2026-08-04 10:37:16.044 +07:00","2409.705","HOT_SWEEP_85","85","0.045987431"
"2026-08-04 10:37:16.736 +07:00","2410.395","HOT_SWEEP_85","85","0.046131127"
"2026-08-04 10:37:17.419 +07:00","2411.078","HOT_SWEEP_85","85","0.046260618"
"2026-08-04 10:37:18.113 +07:00","2411.77","HOT_SWEEP_85","85","0.046439119"
"2026-08-04 10:37:18.794 +07:00","2412.455","HOT_SWEEP_85","85","0.046550442"
"2026-08-04 10:37:19.476 +07:00","2413.138","HOT_SWEEP_85","85","0.046509933"
"2026-08-04 10:37:20.159 +07:00","2413.82","HOT_SWEEP_85","85","0.046038624"
"2026-08-04 10:37:20.843 +07:00","2414.504","HOT_SWEEP_85","85","0.04723924"
"2026-08-04 10:37:21.534 +07:00","2415.195","HOT_SWEEP_85","85","0.047058519"
"2026-08-04 10:37:22.235 +07:00","2415.894","HOT_SWEEP_85","85","0.047596749"
"2026-08-04 10:37:22.909 +07:00","2416.57","HOT_SWEEP_85","85","0.047976334"
"2026-08-04 10:37:23.597 +07:00","2417.258","HOT_SWEEP_85","85","0.047979765"
"2026-08-04 10:37:24.295 +07:00","2417.951","HOT_SWEEP_85","85","0.047398578"
"2026-08-04 10:37:24.987 +07:00","2418.648","HOT_SWEEP_85","85","0.048454992"
"2026-08-04 10:37:25.676 +07:00","2419.337","HOT_SWEEP_85","85","0.047944557"
"2026-08-04 10:37:26.355 +07:00","2420.016","HOT_SWEEP_85","85","0.047673285"
"2026-08-04 10:37:27.055 +07:00","2420.716","HOT_SWEEP_85","85","0.048644599"
"2026-08-04 10:37:27.740 +07:00","2421.401","HOT_SWEEP_85","85","0.048461173"
"2026-08-04 10:37:28.434 +07:00","2422.093","HOT_SWEEP_85","85","0.048443608"
"2026-08-04 10:37:29.127 +07:00","2422.788","HOT_SWEEP_85","85","0.047933694"
"2026-08-04 10:37:29.821 +07:00","2423.482","HOT_SWEEP_85","85","0.047503047"
"2026-08-04 10:37:30.513 +07:00","2424.17","HOT_SWEEP_85","85","0.047330666"
"2026-08-04 10:37:31.195 +07:00","2424.856","HOT_SWEEP_85","85","0.047449064"
"2026-08-04 10:37:31.887 +07:00","2425.546","HOT_SWEEP_85","85","0.046764947"
"2026-08-04 10:37:32.554 +07:00","2426.215","HOT_SWEEP_85","85","0.046561811"
"2026-08-04 10:37:33.238 +07:00","2426.899","HOT_SWEEP_85","85","0.046773292"
"2026-08-04 10:37:33.934 +07:00","2427.596","HOT_SWEEP_85","85","0.046664968"
"2026-08-04 10:37:34.619 +07:00","2428.28","HOT_SWEEP_85","85","0.046534173"
"2026-08-04 10:37:35.309 +07:00","2428.968","HOT_SWEEP_85","85","0.04674843"
"2026-08-04 10:37:35.978 +07:00","2429.639","HOT_SWEEP_85","85","0.047418714"
"2026-08-04 10:37:36.685 +07:00","2430.337","HOT_SWEEP_85","85","0.04779847"
"2026-08-04 10:37:37.373 +07:00","2431.035","HOT_SWEEP_85","85","0.047089696"
"2026-08-04 10:37:38.065 +07:00","2431.723","HOT_SWEEP_85","85","0.047563795"
"2026-08-04 10:37:38.781 +07:00","2432.427","HOT_SWEEP_85","85","0.048144881"
"2026-08-04 10:37:39.472 +07:00","2433.117","HOT_SWEEP_85","85","0.04862668"
"2026-08-04 10:37:40.165 +07:00","2433.81","HOT_SWEEP_85","85","0.0489536"
"2026-08-04 10:37:40.837 +07:00","2434.498","HOT_SWEEP_85","85","0.048820969"
"2026-08-04 10:37:41.538 +07:00","2435.199","HOT_SWEEP_85","85","0.0485036"
"2026-08-04 10:37:42.216 +07:00","2435.877","HOT_SWEEP_85","85","0.048521023"
"2026-08-04 10:37:42.908 +07:00","2436.566","HOT_SWEEP_85","85","0.049034655"
"2026-08-04 10:37:43.603 +07:00","2437.263","HOT_SWEEP_85","85","0.048694819"
"2026-08-04 10:37:44.295 +07:00","2437.951","HOT_SWEEP_85","85","0.049136978"
"2026-08-04 10:37:44.987 +07:00","2438.646","HOT_SWEEP_85","85","0.049715415"
"2026-08-04 10:37:45.687 +07:00","2439.343","HOT_SWEEP_85","85","0.049651127"
"2026-08-04 10:37:46.371 +07:00","2440.019","HOT_SWEEP_85","85","0.049786542"
"2026-08-04 10:37:47.056 +07:00","2440.713","HOT_SWEEP_85","85","0.049252052"
"2026-08-04 10:37:47.750 +07:00","2441.409","HOT_SWEEP_85","85","0.049214493"
"2026-08-04 10:37:48.437 +07:00","2442.096","HOT_SWEEP_85","85","0.049116313"
"2026-08-04 10:37:49.119 +07:00","2442.778","HOT_SWEEP_85","85","0.048616201"
"2026-08-04 10:37:49.800 +07:00","2443.45","HOT_SWEEP_85","85","0.048542596"
"2026-08-04 10:37:50.497 +07:00","2444.158","HOT_SWEEP_85","85","0.048168"
"2026-08-04 10:37:51.173 +07:00","2444.834","HOT_SWEEP_85","85","0.047928829"
"2026-08-04 10:37:51.854 +07:00","2445.515","HOT_SWEEP_85","85","0.04799379"
"2026-08-04 10:37:52.568 +07:00","2446.227","HOT_SWEEP_85","85","0.047675215"
"2026-08-04 10:37:53.259 +07:00","2446.917","HOT_SWEEP_85","85","0.047421955"
"2026-08-04 10:37:53.944 +07:00","2447.605","HOT_SWEEP_85","85","0.048499487"
"2026-08-04 10:37:54.631 +07:00","2448.291","HOT_SWEEP_85","85","0.048691478"
"2026-08-04 10:37:55.303 +07:00","2448.964","HOT_SWEEP_85","85","0.048785377"
"2026-08-04 10:37:55.983 +07:00","2449.644","HOT_SWEEP_85","85","0.049641475"
"2026-08-04 10:37:56.659 +07:00","2450.32","HOT_SWEEP_85","85","0.049591266"
"2026-08-04 10:37:57.362 +07:00","2451.021","HOT_SWEEP_85","85","0.049641706"
"2026-08-04 10:37:58.061 +07:00","2451.722","HOT_SWEEP_85","85","0.050607819"
"2026-08-04 10:37:58.746 +07:00","2452.405","HOT_SWEEP_85","85","0.050764613"
"2026-08-04 10:37:59.437 +07:00","2453.098","HOT_SWEEP_85","85","0.050903045"
"2026-08-04 10:38:00.115 +07:00","2453.776","HOT_SWEEP_85","85","0.05073465"
"2026-08-04 10:38:00.813 +07:00","2454.467","HOT_SWEEP_85","85","0.050229948"
"2026-08-04 10:38:01.490 +07:00","2455.147","HOT_SWEEP_85","85","0.049697757"
"2026-08-04 10:38:02.183 +07:00","2455.829","HOT_SWEEP_85","85","0.049808472"
"2026-08-04 10:38:02.874 +07:00","2456.535","HOT_SWEEP_85","85","0.049516056"
"2026-08-04 10:38:03.560 +07:00","2457.219","HOT_SWEEP_85","85","0.04967609"
"2026-08-04 10:38:04.253 +07:00","2457.913","HOT_SWEEP_85","85","0.050299842"
"2026-08-04 10:38:04.926 +07:00","2458.587","HOT_SWEEP_85","85","0.049859308"
"2026-08-04 10:38:05.623 +07:00","2459.282","HOT_SWEEP_85","85","0.049474668"
"2026-08-04 10:38:06.320 +07:00","2459.981","HOT_SWEEP_85","85","0.048954524"
"2026-08-04 10:38:07.009 +07:00","2460.664","HOT_SWEEP_85","85","0.049238086"
"2026-08-04 10:38:07.694 +07:00","2461.355","HOT_SWEEP_85","85","0.049754836"
"2026-08-04 10:38:08.386 +07:00","2462.047","HOT_SWEEP_85","85","0.050023116"
"2026-08-04 10:38:09.074 +07:00","2462.733","HOT_SWEEP_85","85","0.050526608"
"2026-08-04 10:38:09.756 +07:00","2463.415","HOT_SWEEP_85","85","0.051029287"
"2026-08-04 10:38:10.435 +07:00","2464.096","HOT_SWEEP_85","85","0.050008513"
"2026-08-04 10:38:11.118 +07:00","2464.773","HOT_SWEEP_85","85","0.049665719"
"2026-08-04 10:38:11.802 +07:00","2465.452","HOT_SWEEP_85","85","0.049954273"
"2026-08-04 10:38:12.488 +07:00","2466.149","HOT_SWEEP_85","85","0.049587917"
"2026-08-04 10:38:13.205 +07:00","2466.862","HOT_SWEEP_85","85","0.050056003"
"2026-08-04 10:38:13.891 +07:00","2467.552","HOT_SWEEP_85","85","0.050537575"
"2026-08-04 10:38:14.572 +07:00","2468.231","HOT_SWEEP_85","85","0.050270427"
"2026-08-04 10:38:15.248 +07:00","2468.909","HOT_SWEEP_85","85","0.050496973"
"2026-08-04 10:38:15.930 +07:00","2469.589","HOT_SWEEP_85","85","0.050036382"
"2026-08-04 10:38:16.621 +07:00","2470.28","HOT_SWEEP_85","85","0.049839716"
"2026-08-04 10:38:17.309 +07:00","2470.966","HOT_SWEEP_85","85","0.050348751"
"2026-08-04 10:38:17.999 +07:00","2471.658","HOT_SWEEP_85","85","0.050774593"
"2026-08-04 10:38:18.689 +07:00","2472.335","HOT_SWEEP_85","85","0.050871514"
"2026-08-04 10:38:19.381 +07:00","2473.026","HOT_SWEEP_85","85","0.05102409"
"2026-08-04 10:38:20.076 +07:00","2473.737","HOT_SWEEP_85","85","0.050994121"
"2026-08-04 10:38:20.770 +07:00","2474.429","HOT_SWEEP_85","85","0.051029254"
"2026-08-04 10:38:21.462 +07:00","2475.123","HOT_SWEEP_85","85","0.050847717"
"2026-08-04 10:38:22.144 +07:00","2475.805","HOT_SWEEP_85","85","0.050725885"
"2026-08-04 10:38:22.844 +07:00","2476.5","HOT_SWEEP_85","85","0.051190276"
"2026-08-04 10:38:23.514 +07:00","2477.175","HOT_SWEEP_85","85","0.050839685"
"2026-08-04 10:38:24.211 +07:00","2477.864","HOT_SWEEP_85","85","0.050459735"
"2026-08-04 10:38:24.899 +07:00","2478.558","HOT_SWEEP_85","85","0.050742336"
"2026-08-04 10:38:25.585 +07:00","2479.244","HOT_SWEEP_85","85","0.050525315"
"2026-08-04 10:38:26.283 +07:00","2479.942","HOT_SWEEP_85","85","0.050008524"
"2026-08-04 10:38:26.986 +07:00","2480.643","HOT_SWEEP_85","85","0.050170254"
"2026-08-04 10:38:27.683 +07:00","2481.343","HOT_SWEEP_85","85","0.050155543"
"2026-08-04 10:38:28.366 +07:00","2482.025","HOT_SWEEP_85","85","0.049646579"
"2026-08-04 10:38:29.065 +07:00","2482.724","HOT_SWEEP_85","85","0.050180335"
"2026-08-04 10:38:29.749 +07:00","2483.407","HOT_SWEEP_85","85","0.050009526"
"2026-08-04 10:38:30.442 +07:00","2484.099","HOT_SWEEP_85","85","0.050019778"
"2026-08-04 10:38:31.139 +07:00","2484.796","HOT_SWEEP_85","85","0.050539225"
"2026-08-04 10:38:31.829 +07:00","2485.49","HOT_SWEEP_85","85","0.050422382"
"2026-08-04 10:38:32.508 +07:00","2486.169","HOT_SWEEP_85","85","0.050226778"
"2026-08-04 10:38:33.190 +07:00","2486.835","HOT_SWEEP_85","85","0.050479881"
"2026-08-04 10:38:33.881 +07:00","2487.542","HOT_SWEEP_85","85","0.05061423"
"2026-08-04 10:38:34.579 +07:00","2488.238","HOT_SWEEP_85","85","0.050063998"
"2026-08-04 10:38:35.257 +07:00","2488.918","HOT_SWEEP_85","85","0.049921211"
"2026-08-04 10:38:35.950 +07:00","2489.608","HOT_SWEEP_85","85","0.0499603"
"2026-08-04 10:38:36.639 +07:00","2490.3","HOT_SWEEP_85","85","0.04990261"
"2026-08-04 10:38:37.323 +07:00","2490.984","HOT_SWEEP_85","85","0.049612302"
"2026-08-04 10:38:38.003 +07:00","2491.664","HOT_SWEEP_85","85","0.049541101"
"2026-08-04 10:38:38.693 +07:00","2492.354","HOT_SWEEP_85","85","0.049654357"
"2026-08-04 10:38:39.371 +07:00","2493.033","HOT_SWEEP_85","85","0.049066391"
"2026-08-04 10:38:40.040 +07:00","2493.702","HOT_SWEEP_85","85","0.04951451"
"2026-08-04 10:38:40.747 +07:00","2494.392","HOT_SWEEP_85","85","0.049573269"
"2026-08-04 10:38:41.439 +07:00","2495.084","HOT_SWEEP_85","85","0.049988709"
"2026-08-04 10:38:42.125 +07:00","2495.784","HOT_SWEEP_85","85","0.050866794"
"2026-08-04 10:38:42.814 +07:00","2496.475","HOT_SWEEP_85","85","0.050879598"
"2026-08-04 10:38:43.492 +07:00","2497.153","HOT_SWEEP_85","85","0.050614428"
"2026-08-04 10:38:44.186 +07:00","2497.847","HOT_SWEEP_85","85","0.05112166"
"2026-08-04 10:38:44.868 +07:00","2498.528","HOT_SWEEP_85","85","0.051157486"
"2026-08-04 10:38:45.559 +07:00","2499.204","HOT_SWEEP_85","85","0.051019587"
"2026-08-04 10:38:46.235 +07:00","2499.897","HOT_SWEEP_85","85","0.050821286"
"2026-08-04 10:38:46.933 +07:00","2500.594","HOT_SWEEP_85","85","0.050936483"
"2026-08-04 10:38:47.611 +07:00","2501.272","HOT_SWEEP_85","85","0.050488435"
"2026-08-04 10:38:48.288 +07:00","2501.949","HOT_SWEEP_85","85","0.049696811"
"2026-08-04 10:38:48.983 +07:00","2502.644","HOT_SWEEP_85","85","0.049695656"
"2026-08-04 10:38:49.662 +07:00","2503.321","HOT_SWEEP_85","85","0.049526319"
"2026-08-04 10:38:50.360 +07:00","2504.019","HOT_SWEEP_85","85","0.048924223"
"2026-08-04 10:38:51.035 +07:00","2504.696","HOT_SWEEP_85","85","0.048647705"
"2026-08-04 10:38:51.701 +07:00","2505.362","HOT_SWEEP_85","85","0.04899478"
"2026-08-04 10:38:52.408 +07:00","2506.069","HOT_SWEEP_85","85","0.048490085"
"2026-08-04 10:38:53.097 +07:00","2506.752","HOT_SWEEP_85","85","0.048956752"
"2026-08-04 10:38:53.784 +07:00","2507.443","HOT_SWEEP_85","85","0.048712589"
"2026-08-04 10:38:54.461 +07:00","2508.122","HOT_SWEEP_85","85","0.048791744"
"2026-08-04 10:38:55.161 +07:00","2508.822","HOT_SWEEP_85","85","0.048883386"
"2026-08-04 10:38:55.851 +07:00","2509.512","HOT_SWEEP_85","85","0.049149584"
"2026-08-04 10:38:56.547 +07:00","2510.205","HOT_SWEEP_85","85","0.049228247"
"2026-08-04 10:38:57.219 +07:00","2510.88","HOT_SWEEP_85","85","0.049767029"
"2026-08-04 10:38:57.924 +07:00","2511.581","HOT_SWEEP_85","85","0.05040925"
"2026-08-04 10:38:58.619 +07:00","2512.278","HOT_SWEEP_85","85","0.050361793"
"2026-08-04 10:38:59.301 +07:00","2512.96","HOT_SWEEP_85","85","0.049778275"
"2026-08-04 10:38:59.997 +07:00","2513.658","HOT_SWEEP_85","85","0.050594646"
"2026-08-04 10:39:00.688 +07:00","2514.341","HOT_SWEEP_85","85","0.051021527"
"2026-08-04 10:39:01.399 +07:00","2515.06","HOT_SWEEP_85","85","0.050889213"
"2026-08-04 10:39:02.082 +07:00","2515.743","HOT_SWEEP_85","85","0.051118273"
"2026-08-04 10:39:02.772 +07:00","2516.431","HOT_SWEEP_85","85","0.050991785"
"2026-08-04 10:39:03.464 +07:00","2517.124","HOT_SWEEP_85","85","0.050171882"
"2026-08-04 10:39:04.144 +07:00","2517.803","HOT_SWEEP_85","85","0.050429571"
"2026-08-04 10:39:04.835 +07:00","2518.495","HOT_SWEEP_85","85","0.050328672"
"2026-08-04 10:39:05.526 +07:00","2519.184","HOT_SWEEP_85","85","0.050323226"
"2026-08-04 10:39:06.211 +07:00","2519.87","HOT_SWEEP_85","85","0.051027276"
"2026-08-04 10:39:06.901 +07:00","2520.561","HOT_SWEEP_85","85","0.050954562"
"2026-08-04 10:39:07.593 +07:00","2521.253","HOT_SWEEP_85","85","0.050872177"
"2026-08-04 10:39:08.300 +07:00","2521.959","HOT_SWEEP_85","85","0.050477363"
"2026-08-04 10:39:08.972 +07:00","2522.633","HOT_SWEEP_85","85","0.051097762"
"2026-08-04 10:39:09.655 +07:00","2523.314","HOT_SWEEP_85","85","0.050489217"
"2026-08-04 10:39:10.346 +07:00","2524.006","HOT_SWEEP_85","85","0.050560255"
"2026-08-04 10:39:11.028 +07:00","2524.688","HOT_SWEEP_85","85","0.050684422"
"2026-08-04 10:39:11.720 +07:00","2525.378","HOT_SWEEP_85","85","0.050391156"
"2026-08-04 10:39:12.407 +07:00","2526.064","HOT_SWEEP_85","85","0.050055854"
"2026-08-04 10:39:13.084 +07:00","2526.745","HOT_SWEEP_85","85","0.050579511"
"2026-08-04 10:39:13.783 +07:00","2527.44","HOT_SWEEP_85","85","0.050523948"
"2026-08-04 10:39:14.472 +07:00","2528.132","HOT_SWEEP_85","85","0.049872845"
"2026-08-04 10:39:15.165 +07:00","2528.824","HOT_SWEEP_85","85","0.050129257"
"2026-08-04 10:39:15.855 +07:00","2529.514","HOT_SWEEP_85","85","0.050146282"
"2026-08-04 10:39:16.537 +07:00","2530.197","HOT_SWEEP_85","85","0.050746523"
"2026-08-04 10:39:17.239 +07:00","2530.892","HOT_SWEEP_85","85","0.050644614"
"2026-08-04 10:39:17.943 +07:00","2531.599","HOT_SWEEP_85","85","0.050925381"
"2026-08-04 10:39:18.641 +07:00","2532.301","HOT_SWEEP_85","85","0.051033653"
"2026-08-04 10:39:19.333 +07:00","2532.992","HOT_SWEEP_85","85","0.050692461"
"2026-08-04 10:39:20.026 +07:00","2533.679","HOT_SWEEP_85","85","0.050369084"
"2026-08-04 10:39:20.703 +07:00","2534.364","HOT_SWEEP_85","85","0.049927704"
"2026-08-04 10:39:21.395 +07:00","2535.047","HOT_SWEEP_85","85","0.05008173"
"2026-08-04 10:39:22.091 +07:00","2535.745","HOT_SWEEP_85","85","0.050265938"
"2026-08-04 10:39:22.773 +07:00","2536.434","HOT_SWEEP_85","85","0.050168615"
"2026-08-04 10:39:23.451 +07:00","2537.112","HOT_SWEEP_85","85","0.049551107"
"2026-08-04 10:39:24.150 +07:00","2537.811","HOT_SWEEP_85","85","0.050206043"
"2026-08-04 10:39:24.836 +07:00","2538.495","HOT_SWEEP_85","85","0.049979862"
"2026-08-04 10:39:25.517 +07:00","2539.178","HOT_SWEEP_85","85","0.050003253"
"2026-08-04 10:39:26.194 +07:00","2539.855","HOT_SWEEP_85","85","0.049897369"
"2026-08-04 10:39:26.887 +07:00","2540.546","HOT_SWEEP_85","85","0.050074637"
"2026-08-04 10:39:27.568 +07:00","2541.229","HOT_SWEEP_85","85","0.050556619"
"2026-08-04 10:39:28.258 +07:00","2541.911","HOT_SWEEP_85","85","0.050722003"
"2026-08-04 10:39:28.948 +07:00","2542.609","HOT_SWEEP_85","85","0.050886702"
"2026-08-04 10:39:29.639 +07:00","2543.3","HOT_SWEEP_85","85","0.050556876"
"2026-08-04 10:39:30.316 +07:00","2543.977","HOT_SWEEP_85","85","0.050765395"
"2026-08-04 10:39:31.001 +07:00","2544.662","HOT_SWEEP_85","85","0.050881844"
"2026-08-04 10:39:31.682 +07:00","2545.344","HOT_SWEEP_85","85","0.050504852"
"2026-08-04 10:39:32.364 +07:00","2546.025","HOT_SWEEP_85","85","0.050245501"
"2026-08-04 10:39:33.047 +07:00","2546.708","HOT_SWEEP_85","85","0.051375818"
"2026-08-04 10:39:33.714 +07:00","2547.375","HOT_SWEEP_85","85","0.05123334"
"2026-08-04 10:39:34.405 +07:00","2548.066","HOT_SWEEP_85","85","0.050722145"
"2026-08-04 10:39:35.079 +07:00","2548.74","HOT_SWEEP_85","85","0.051371835"
"2026-08-04 10:39:35.770 +07:00","2549.431","HOT_SWEEP_85","85","0.05172392"
"2026-08-04 10:39:36.445 +07:00","2550.106","HOT_SWEEP_85","85","0.051857006"
"2026-08-04 10:39:37.128 +07:00","2550.789","HOT_SWEEP_85","85","0.05179568"
"2026-08-04 10:39:37.810 +07:00","2551.468","HOT_SWEEP_85","85","0.051644295"
"2026-08-04 10:39:38.503 +07:00","2552.162","HOT_SWEEP_85","85","0.051925279"
"2026-08-04 10:39:39.184 +07:00","2552.837","HOT_SWEEP_85","85","0.05221824"
"2026-08-04 10:39:39.861 +07:00","2553.522","HOT_SWEEP_85","85","0.051718265"
"2026-08-04 10:39:40.553 +07:00","2554.207","HOT_SWEEP_85","85","0.05169332"
"2026-08-04 10:39:41.243 +07:00","2554.888","HOT_SWEEP_85","85","0.051942181"
"2026-08-04 10:39:41.931 +07:00","2555.584","HOT_SWEEP_85","85","0.051906865"
"2026-08-04 10:39:42.646 +07:00","2556.298","HOT_SWEEP_85","85","0.05140819"
"2026-08-04 10:39:43.343 +07:00","2557.002","HOT_SWEEP_85","85","0.050836135"
"2026-08-04 10:39:44.024 +07:00","2557.685","HOT_SWEEP_85","85","0.05112306"
"2026-08-04 10:39:44.719 +07:00","2558.372","HOT_SWEEP_85","85","0.051303916"
"2026-08-04 10:39:45.391 +07:00","2559.052","HOT_SWEEP_85","85","0.051277179"
"2026-08-04 10:39:46.075 +07:00","2559.734","HOT_SWEEP_85","85","0.051668912"
"2026-08-04 10:39:46.762 +07:00","2560.423","HOT_SWEEP_85","85","0.052024849"
"2026-08-04 10:39:47.457 +07:00","2561.114","HOT_SWEEP_85","85","0.051713236"
"2026-08-04 10:39:48.147 +07:00","2561.801","HOT_SWEEP_85","85","0.052090824"
"2026-08-04 10:39:48.844 +07:00","2562.503","HOT_SWEEP_85","85","0.051762719"
"2026-08-04 10:39:49.534 +07:00","2563.195","HOT_SWEEP_85","85","0.05156536"
"2026-08-04 10:39:50.225 +07:00","2563.886","HOT_SWEEP_85","85","0.051723402"
"2026-08-04 10:39:50.921 +07:00","2564.582","HOT_SWEEP_85","85","0.051893633"
"2026-08-04 10:39:51.612 +07:00","2565.273","HOT_SWEEP_85","85","0.051731654"
"2026-08-04 10:39:52.301 +07:00","2565.946","HOT_SWEEP_85","85","0.051035486"
"2026-08-04 10:39:52.985 +07:00","2566.646","HOT_SWEEP_85","85","0.051074661"
"2026-08-04 10:39:53.675 +07:00","2567.331","HOT_SWEEP_85","85","0.050477237"
"2026-08-04 10:39:54.366 +07:00","2568.027","HOT_SWEEP_85","85","0.050160695"
"2026-08-04 10:39:55.052 +07:00","2568.713","HOT_SWEEP_85","85","0.049979694"
"2026-08-04 10:39:55.742 +07:00","2569.403","HOT_SWEEP_85","85","0.050263397"
"2026-08-04 10:39:56.436 +07:00","2570.097","HOT_SWEEP_85","85","0.050107788"
"2026-08-04 10:39:57.115 +07:00","2570.774","HOT_SWEEP_85","85","0.050478209"
"2026-08-04 10:39:57.787 +07:00","2571.448","HOT_SWEEP_85","85","0.05037117"
"2026-08-04 10:39:58.480 +07:00","2572.13","HOT_SWEEP_85","85","0.050026368"
"2026-08-04 10:39:59.175 +07:00","2572.829","HOT_SWEEP_85","85","0.050241083"
"2026-08-04 10:39:59.855 +07:00","2573.512","HOT_SWEEP_85","85","0.049522176"
"2026-08-04 10:40:00.540 +07:00","2574.192","HOT_SWEEP_85","85","0.050045926"
"2026-08-04 10:40:01.236 +07:00","2574.893","HOT_SWEEP_85","85","0.050420027"
"2026-08-04 10:40:01.919 +07:00","2575.58","HOT_SWEEP_85","85","0.050261922"
"2026-08-04 10:40:02.608 +07:00","2576.254","HOT_SWEEP_85","85","0.049776699"
"2026-08-04 10:40:03.283 +07:00","2576.944","HOT_SWEEP_85","85","0.050005388"
"2026-08-04 10:40:03.989 +07:00","2577.648","HOT_SWEEP_85","85","0.05057903"
"2026-08-04 10:40:04.687 +07:00","2578.347","HOT_SWEEP_85","85","0.050352145"
"2026-08-04 10:40:05.367 +07:00","2579.027","HOT_SWEEP_85","85","0.050394546"
"2026-08-04 10:40:06.066 +07:00","2579.726","HOT_SWEEP_85","85","0.050863992"
"2026-08-04 10:40:06.754 +07:00","2580.412","HOT_SWEEP_85","85","0.051301695"
"2026-08-04 10:40:07.439 +07:00","2581.099","HOT_SWEEP_85","85","0.050577592"
"2026-08-04 10:40:08.133 +07:00","2581.792","HOT_SWEEP_85","85","0.050662607"
"2026-08-04 10:40:08.835 +07:00","2582.494","HOT_SWEEP_85","85","0.050493777"
"2026-08-04 10:40:09.527 +07:00","2583.187","HOT_SWEEP_85","85","0.050834101"
"2026-08-04 10:40:10.223 +07:00","2583.879","HOT_SWEEP_85","85","0.05121839"
"2026-08-04 10:40:10.911 +07:00","2584.571","HOT_SWEEP_85","85","0.050669145"
"2026-08-04 10:40:11.611 +07:00","2585.266","HOT_SWEEP_85","85","0.050346978"
"2026-08-04 10:40:12.294 +07:00","2585.955","HOT_SWEEP_85","85","0.050738364"
"2026-08-04 10:40:12.977 +07:00","2586.638","HOT_SWEEP_85","85","0.050782792"
"2026-08-04 10:40:13.667 +07:00","2587.329","HOT_SWEEP_85","85","0.050801538"
"2026-08-04 10:40:14.344 +07:00","2588.005","HOT_SWEEP_85","85","0.051077474"
"2026-08-04 10:40:15.042 +07:00","2588.703","HOT_SWEEP_85","85","0.051384795"
"2026-08-04 10:40:15.730 +07:00","2589.391","HOT_SWEEP_85","85","0.051826693"
"2026-08-04 10:40:16.420 +07:00","2590.081","HOT_SWEEP_85","85","0.051215459"
"2026-08-04 10:40:17.109 +07:00","2590.771","HOT_SWEEP_85","85","0.051214527"
"2026-08-04 10:40:17.799 +07:00","2591.46","HOT_SWEEP_85","85","0.051543772"
"2026-08-04 10:40:18.486 +07:00","2592.139","HOT_SWEEP_85","85","0.051546764"
"2026-08-04 10:40:19.178 +07:00","2592.839","HOT_SWEEP_85","85","0.051388055"
"2026-08-04 10:40:19.864 +07:00","2593.524","HOT_SWEEP_85","85","0.051434707"
"2026-08-04 10:40:20.553 +07:00","2594.214","HOT_SWEEP_85","85","0.050861679"
"2026-08-04 10:40:21.241 +07:00","2594.902","HOT_SWEEP_85","85","0.050617237"
"2026-08-04 10:40:21.928 +07:00","2595.586","HOT_SWEEP_85","85","0.050913177"
"2026-08-04 10:40:22.615 +07:00","2596.26","HOT_SWEEP_85","85","0.050648935"
"2026-08-04 10:40:23.311 +07:00","2596.965","HOT_SWEEP_85","85","0.050625764"
"2026-08-04 10:40:24.020 +07:00","2597.667","HOT_SWEEP_85","85","0.050737042"
"2026-08-04 10:40:24.714 +07:00","2598.36","HOT_SWEEP_85","85","0.050167114"
"2026-08-04 10:40:25.405 +07:00","2599.061","HOT_SWEEP_85","85","0.050278347"
"2026-08-04 10:40:26.083 +07:00","2599.739","HOT_SWEEP_85","85","0.050679941"
"2026-08-04 10:40:26.773 +07:00","2600.434","HOT_SWEEP_85","85","0.050302744"
"2026-08-04 10:40:27.465 +07:00","2601.123","HOT_SWEEP_85","85","0.050326385"
"2026-08-04 10:40:28.154 +07:00","2601.815","HOT_SWEEP_85","85","0.050758563"
"2026-08-04 10:40:28.842 +07:00","2602.499","HOT_SWEEP_85","85","0.050751232"
"2026-08-04 10:40:29.517 +07:00","2603.178","HOT_SWEEP_85","85","0.050637782"
"2026-08-04 10:40:30.204 +07:00","2603.865","HOT_SWEEP_85","85","0.050562598"
"2026-08-04 10:40:30.902 +07:00","2604.563","HOT_SWEEP_85","85","0.050615169"
"2026-08-04 10:40:31.596 +07:00","2605.251","HOT_SWEEP_85","85","0.051097572"
"2026-08-04 10:40:32.285 +07:00","2605.946","HOT_SWEEP_85","85","0.051559545"
"2026-08-04 10:40:32.969 +07:00","2606.63","HOT_SWEEP_85","85","0.051746674"
"2026-08-04 10:40:33.658 +07:00","2607.304","HOT_SWEEP_85","85","0.05216331"
"2026-08-04 10:40:34.350 +07:00","2607.995","HOT_SWEEP_85","85","0.052169353"
"2026-08-04 10:40:35.034 +07:00","2608.695","HOT_SWEEP_85","85","0.052718408"
"2026-08-04 10:40:35.721 +07:00","2609.382","HOT_SWEEP_85","85","0.052412875"
"2026-08-04 10:40:36.403 +07:00","2610.064","HOT_SWEEP_85","85","0.052654035"
"2026-08-04 10:40:37.085 +07:00","2610.746","HOT_SWEEP_85","85","0.053944688"
"2026-08-04 10:40:37.783 +07:00","2611.444","HOT_SWEEP_85","85","0.053990312"
"2026-08-04 10:40:38.470 +07:00","2612.132","HOT_SWEEP_85","85","0.053770065"
"2026-08-04 10:40:39.149 +07:00","2612.81","HOT_SWEEP_85","85","0.053974859"
"2026-08-04 10:40:39.840 +07:00","2613.498","HOT_SWEEP_85","85","0.053736329"
"2026-08-04 10:40:40.522 +07:00","2614.181","HOT_SWEEP_85","85","0.053330086"
"2026-08-04 10:40:41.217 +07:00","2614.878","HOT_SWEEP_85","85","0.053771269"
"2026-08-04 10:40:41.903 +07:00","2615.559","HOT_SWEEP_85","85","0.053172715"
"2026-08-04 10:40:42.576 +07:00","2616.237","HOT_SWEEP_85","85","0.05287056"
"2026-08-04 10:40:43.264 +07:00","2616.925","HOT_SWEEP_85","85","0.052709937"
"2026-08-04 10:40:43.948 +07:00","2617.606","HOT_SWEEP_85","85","0.052430689"
"2026-08-04 10:40:44.637 +07:00","2618.282","HOT_SWEEP_85","85","0.051822506"
"2026-08-04 10:40:45.322 +07:00","2618.975","HOT_SWEEP_85","85","0.051702477"
"2026-08-04 10:40:45.997 +07:00","2619.658","HOT_SWEEP_85","85","0.051973592"
"2026-08-04 10:40:46.699 +07:00","2620.36","HOT_SWEEP_85","85","0.052042205"
"2026-08-04 10:40:47.379 +07:00","2621.04","HOT_SWEEP_85","85","0.052364789"
"2026-08-04 10:40:48.061 +07:00","2621.706","HOT_SWEEP_85","85","0.052180421"
"2026-08-04 10:40:48.749 +07:00","2622.41","HOT_SWEEP_85","85","0.052203767"
"2026-08-04 10:40:49.441 +07:00","2623.095","HOT_SWEEP_85","85","0.052403808"
"2026-08-04 10:40:50.137 +07:00","2623.796","HOT_SWEEP_85","85","0.052836943"
"2026-08-04 10:40:50.828 +07:00","2624.489","HOT_SWEEP_85","85","0.052749336"
"2026-08-04 10:40:51.536 +07:00","2625.185","HOT_SWEEP_85","85","0.053262759"
"2026-08-04 10:40:52.216 +07:00","2625.871","HOT_SWEEP_85","85","0.053059179"
"2026-08-04 10:40:52.898 +07:00","2626.554","HOT_SWEEP_85","85","0.052655797"
"2026-08-04 10:40:53.570 +07:00","2627.231","HOT_SWEEP_85","85","0.052225482"
"2026-08-04 10:40:54.277 +07:00","2627.937","HOT_SWEEP_85","85","0.052227683"
"2026-08-04 10:40:54.964 +07:00","2628.621","HOT_SWEEP_85","85","0.052433066"
"2026-08-04 10:40:55.649 +07:00","2629.31","HOT_SWEEP_85","85","0.052132547"
"2026-08-04 10:40:56.339 +07:00","2629.999","HOT_SWEEP_85","85","0.052099228"
"2026-08-04 10:40:57.008 +07:00","2630.669","HOT_SWEEP_85","85","0.051917017"
"2026-08-04 10:40:57.696 +07:00","2631.357","HOT_SWEEP_85","85","0.051841181"
"2026-08-04 10:40:58.403 +07:00","2632.053","HOT_SWEEP_85","85","0.051818121"
"2026-08-04 10:40:59.073 +07:00","2632.734","HOT_SWEEP_85","85","0.052628029"
"2026-08-04 10:40:59.774 +07:00","2633.435","HOT_SWEEP_85","85","0.05257035"
"2026-08-04 10:41:00.457 +07:00","2634.118","HOT_SWEEP_85","85","0.05225404"
"2026-08-04 10:41:01.140 +07:00","2634.801","HOT_SWEEP_85","85","0.051986139"
"2026-08-04 10:41:01.823 +07:00","2635.484","HOT_SWEEP_85","85","0.052117318"
"2026-08-04 10:41:02.513 +07:00","2636.173","HOT_SWEEP_85","85","0.052755039"
"2026-08-04 10:41:03.207 +07:00","2636.868","HOT_SWEEP_85","85","0.052318446"
"2026-08-04 10:41:03.888 +07:00","2637.549","HOT_SWEEP_85","85","0.05254937"
"2026-08-04 10:41:04.581 +07:00","2638.242","HOT_SWEEP_85","85","0.051933251"
"2026-08-04 10:41:05.278 +07:00","2638.939","HOT_SWEEP_85","85","0.051288873"
"2026-08-04 10:41:05.971 +07:00","2639.616","HOT_SWEEP_85","85","0.051398735"
"2026-08-04 10:41:06.663 +07:00","2640.321","HOT_SWEEP_85","85","0.050858717"
"2026-08-04 10:41:07.353 +07:00","2641.011","HOT_SWEEP_85","85","0.050790209"
"2026-08-04 10:41:08.036 +07:00","2641.697","HOT_SWEEP_85","85","0.051478408"
"2026-08-04 10:41:08.744 +07:00","2642.403","HOT_SWEEP_85","85","0.050971478"
"2026-08-04 10:41:09.434 +07:00","2643.081","HOT_SWEEP_85","85","0.050722264"
"2026-08-04 10:41:10.118 +07:00","2643.779","HOT_SWEEP_85","85","0.05167098"
"2026-08-04 10:41:10.803 +07:00","2644.464","HOT_SWEEP_85","85","0.051712491"
"2026-08-04 10:41:11.488 +07:00","2645.15","HOT_SWEEP_85","85","0.051909827"
"2026-08-04 10:41:12.192 +07:00","2645.847","HOT_SWEEP_85","85","0.052851729"
"2026-08-04 10:41:12.868 +07:00","2646.529","HOT_SWEEP_85","85","0.052668989"
"2026-08-04 10:41:13.552 +07:00","2647.213","HOT_SWEEP_85","85","0.053103227"
"2026-08-04 10:41:14.243 +07:00","2647.902","HOT_SWEEP_85","85","0.05376222"
"2026-08-04 10:41:14.938 +07:00","2648.599","HOT_SWEEP_85","85","0.053147595"
"2026-08-04 10:41:15.629 +07:00","2649.29","HOT_SWEEP_85","85","0.053474974"
"2026-08-04 10:41:16.324 +07:00","2649.983","HOT_SWEEP_85","85","0.052997876"
"2026-08-04 10:41:17.017 +07:00","2650.675","HOT_SWEEP_85","85","0.053196825"
"2026-08-04 10:41:17.703 +07:00","2651.361","HOT_SWEEP_85","85","0.052877326"
"2026-08-04 10:41:18.394 +07:00","2652.054","HOT_SWEEP_85","85","0.05313281"
"2026-08-04 10:41:19.084 +07:00","2652.745","HOT_SWEEP_85","85","0.053313773"
"2026-08-04 10:41:19.765 +07:00","2653.426","HOT_SWEEP_85","85","0.053169347"
"2026-08-04 10:41:20.463 +07:00","2654.124","HOT_SWEEP_85","85","0.053207971"
"2026-08-04 10:41:21.146 +07:00","2654.807","HOT_SWEEP_85","85","0.053136416"
"2026-08-04 10:41:21.814 +07:00","2655.475","HOT_SWEEP_85","85","0.053419612"
"2026-08-04 10:41:22.503 +07:00","2656.163","HOT_SWEEP_85","85","0.052912287"
"2026-08-04 10:41:23.180 +07:00","2656.841","HOT_SWEEP_85","85","0.053259384"
"2026-08-04 10:41:23.860 +07:00","2657.521","HOT_SWEEP_85","85","0.052984435"
"2026-08-04 10:41:24.540 +07:00","2658.201","HOT_SWEEP_85","85","0.052708428"
"2026-08-04 10:41:25.229 +07:00","2658.89","HOT_SWEEP_85","85","0.052824061"
"2026-08-04 10:41:25.911 +07:00","2659.572","HOT_SWEEP_85","85","0.052671261"
"2026-08-04 10:41:26.592 +07:00","2660.253","HOT_SWEEP_85","85","0.052563917"
"2026-08-04 10:41:27.295 +07:00","2660.954","HOT_SWEEP_85","85","0.05236391"
"2026-08-04 10:41:27.973 +07:00","2661.634","HOT_SWEEP_85","85","0.052496195"
"2026-08-04 10:41:28.665 +07:00","2662.324","HOT_SWEEP_85","85","0.052476306"
"2026-08-04 10:41:29.358 +07:00","2663.019","HOT_SWEEP_85","85","0.052905481"
"2026-08-04 10:41:30.026 +07:00","2663.687","HOT_SWEEP_85","85","0.053756453"
"2026-08-04 10:41:30.730 +07:00","2664.391","HOT_SWEEP_85","85","0.053473938"
"2026-08-04 10:41:31.410 +07:00","2665.071","HOT_SWEEP_85","85","0.053213708"
"2026-08-04 10:41:32.090 +07:00","2665.751","HOT_SWEEP_85","85","0.053534251"
"2026-08-04 10:41:32.792 +07:00","2666.453","HOT_SWEEP_85","85","0.053438522"
"2026-08-04 10:41:33.475 +07:00","2667.136","HOT_SWEEP_85","85","0.053310044"
"2026-08-04 10:41:34.157 +07:00","2667.818","HOT_SWEEP_85","85","0.053766269"
"2026-08-04 10:41:34.841 +07:00","2668.502","HOT_SWEEP_85","85","0.053778112"
"2026-08-04 10:41:35.520 +07:00","2669.181","HOT_SWEEP_85","85","0.053277932"
"2026-08-04 10:41:36.211 +07:00","2669.872","HOT_SWEEP_85","85","0.052975796"
"2026-08-04 10:41:36.903 +07:00","2670.565","HOT_SWEEP_85","85","0.05229941"
"2026-08-04 10:41:37.596 +07:00","2671.241","HOT_SWEEP_85","85","0.051913153"
"2026-08-04 10:41:38.288 +07:00","2671.949","HOT_SWEEP_85","85","0.052458119"
"2026-08-04 10:41:38.972 +07:00","2672.631","HOT_SWEEP_85","85","0.052414231"
"2026-08-04 10:41:39.677 +07:00","2673.338","HOT_SWEEP_85","85","0.051799394"
"2026-08-04 10:41:40.353 +07:00","2674.001","HOT_SWEEP_85","85","0.051907152"
"2026-08-04 10:41:41.037 +07:00","2674.698","HOT_SWEEP_85","85","0.052257042"
"2026-08-04 10:41:41.743 +07:00","2675.401","HOT_SWEEP_85","85","0.05214553"
"2026-08-04 10:41:42.420 +07:00","2676.081","HOT_SWEEP_85","85","0.052427065"
"2026-08-04 10:41:43.135 +07:00","2676.79","HOT_SWEEP_85","85","0.05322475"
"2026-08-04 10:41:43.820 +07:00","2677.481","HOT_SWEEP_85","85","0.05304306"
"2026-08-04 10:41:44.511 +07:00","2678.171","HOT_SWEEP_85","85","0.053214114"
"2026-08-04 10:41:45.206 +07:00","2678.866","HOT_SWEEP_85","85","0.053546101"
"2026-08-04 10:41:45.891 +07:00","2679.55","HOT_SWEEP_85","85","0.053466868"
"2026-08-04 10:41:46.577 +07:00","2680.238","HOT_SWEEP_85","85","0.053915054"
"2026-08-04 10:41:47.265 +07:00","2680.926","HOT_SWEEP_85","85","0.053968035"
"2026-08-04 10:41:47.951 +07:00","2681.612","HOT_SWEEP_85","85","0.053785793"
"2026-08-04 10:41:48.642 +07:00","2682.303","HOT_SWEEP_85","85","0.053958546"
"2026-08-04 10:41:49.333 +07:00","2682.994","HOT_SWEEP_85","85","0.053554554"
"2026-08-04 10:41:50.015 +07:00","2683.674","HOT_SWEEP_85","85","0.053621322"
"2026-08-04 10:41:50.711 +07:00","2684.365","HOT_SWEEP_85","85","0.053910911"
"2026-08-04 10:41:51.411 +07:00","2685.057","HOT_SWEEP_85","85","0.053746384"
"2026-08-04 10:41:52.082 +07:00","2685.743","HOT_SWEEP_85","85","0.053877067"
"2026-08-04 10:41:52.766 +07:00","2686.427","HOT_SWEEP_85","85","0.053587973"
"2026-08-04 10:41:53.464 +07:00","2687.125","HOT_SWEEP_85","85","0.053614728"
"2026-08-04 10:41:54.157 +07:00","2687.814","HOT_SWEEP_85","85","0.054153819"
"2026-08-04 10:41:54.832 +07:00","2688.493","HOT_SWEEP_85","85","0.054212939"
"2026-08-04 10:41:55.522 +07:00","2689.181","HOT_SWEEP_85","85","0.053941268"
"2026-08-04 10:41:56.198 +07:00","2689.859","HOT_SWEEP_85","85","0.054372739"
"2026-08-04 10:41:56.882 +07:00","2690.543","HOT_SWEEP_85","85","0.05436445"
"2026-08-04 10:41:57.558 +07:00","2691.219","HOT_SWEEP_85","85","0.054285932"
"2026-08-04 10:41:58.250 +07:00","2691.909","HOT_SWEEP_85","85","0.054493099"
"2026-08-04 10:41:58.928 +07:00","2692.589","HOT_SWEEP_85","85","0.054275043"
"2026-08-04 10:41:59.619 +07:00","2693.28","HOT_SWEEP_85","85","0.054473806"
"2026-08-04 10:42:00.295 +07:00","2693.956","HOT_SWEEP_85","85","0.054296803"
"2026-08-04 10:42:00.978 +07:00","2694.636","HOT_SWEEP_85","85","0.053829826"
"2026-08-04 10:42:01.666 +07:00","2695.327","HOT_SWEEP_85","85","0.052892368"
"2026-08-04 10:42:02.357 +07:00","2696.018","HOT_SWEEP_85","85","0.052642368"
"2026-08-04 10:42:03.027 +07:00","2696.688","HOT_SWEEP_85","85","0.053251296"
"2026-08-04 10:42:03.718 +07:00","2697.377","HOT_SWEEP_85","85","0.052455496"
"2026-08-04 10:42:04.402 +07:00","2698.062","HOT_SWEEP_85","85","0.052101187"
"2026-08-04 10:42:05.097 +07:00","2698.756","HOT_SWEEP_85","85","0.052247398"
"2026-08-04 10:42:05.782 +07:00","2699.442","HOT_SWEEP_85","85","0.052259903"
"2026-08-04 10:42:06.471 +07:00","2700.131","HOT_SWEEP_85","85","0.052095067"
"2026-08-04 10:42:07.177 +07:00","2700.837","HOT_SWEEP_85","85","0.052221857"
"2026-08-04 10:42:07.866 +07:00","2701.526","HOT_SWEEP_85","85","0.052300524"
"2026-08-04 10:42:08.558 +07:00","2702.217","HOT_SWEEP_85","85","0.052339118"
"2026-08-04 10:42:09.256 +07:00","2702.915","HOT_SWEEP_85","85","0.052846421"
"2026-08-04 10:42:09.957 +07:00","2703.618","HOT_SWEEP_85","85","0.052543849"
"2026-08-04 10:42:10.635 +07:00","2704.296","HOT_SWEEP_85","85","0.052692134"
"2026-08-04 10:42:11.323 +07:00","2704.984","HOT_SWEEP_85","85","0.052879352"
"2026-08-04 10:42:12.011 +07:00","2705.672","HOT_SWEEP_85","85","0.053315103"
"2026-08-04 10:42:12.712 +07:00","2706.371","HOT_SWEEP_85","85","0.052939374"
"2026-08-04 10:42:13.402 +07:00","2707.057","HOT_SWEEP_85","85","0.052963547"
"2026-08-04 10:42:14.100 +07:00","2707.759","HOT_SWEEP_85","85","0.053492062"
"2026-08-04 10:42:14.778 +07:00","2708.434","HOT_SWEEP_85","85","0.053418584"
"2026-08-04 10:42:15.469 +07:00","2709.127","HOT_SWEEP_85","85","0.053982686"
"2026-08-04 10:42:16.164 +07:00","2709.821","HOT_SWEEP_85","85","0.054186642"
"2026-08-04 10:42:16.841 +07:00","2710.499","HOT_SWEEP_85","85","0.05382387"
"2026-08-04 10:42:17.528 +07:00","2711.188","HOT_SWEEP_85","85","0.053499322"
"2026-08-04 10:42:18.221 +07:00","2711.879","HOT_SWEEP_85","85","0.053825479"
"2026-08-04 10:42:18.907 +07:00","2712.564","HOT_SWEEP_85","85","0.053558908"
"2026-08-04 10:42:19.592 +07:00","2713.242","HOT_SWEEP_85","85","0.053147487"
"2026-08-04 10:42:20.287 +07:00","2713.944","HOT_SWEEP_85","85","0.053251393"
"2026-08-04 10:42:20.986 +07:00","2714.645","HOT_SWEEP_85","85","0.052813113"
"2026-08-04 10:42:21.677 +07:00","2715.336","HOT_SWEEP_85","85","0.052344404"
"2026-08-04 10:42:22.352 +07:00","2716.013","HOT_SWEEP_85","85","0.051709186"
"2026-08-04 10:42:23.020 +07:00","2716.681","HOT_SWEEP_85","85","0.051379524"
"2026-08-04 10:42:23.724 +07:00","2717.383","HOT_SWEEP_85","85","0.051610209"
"2026-08-04 10:42:24.417 +07:00","2718.072","HOT_SWEEP_85","85","0.052070409"
"2026-08-04 10:42:25.108 +07:00","2718.769","HOT_SWEEP_85","85","0.05198779"
"2026-08-04 10:42:25.799 +07:00","2719.455","HOT_SWEEP_85","85","0.051987868"
"2026-08-04 10:42:26.484 +07:00","2720.145","HOT_SWEEP_85","85","0.052555732"
"2026-08-04 10:42:27.170 +07:00","2720.832","HOT_SWEEP_85","85","0.05263133"
"2026-08-04 10:42:27.865 +07:00","2721.526","HOT_SWEEP_85","85","0.052933365"
"2026-08-04 10:42:28.556 +07:00","2722.215","HOT_SWEEP_85","85","0.053375043"
"2026-08-04 10:42:29.248 +07:00","2722.893","HOT_SWEEP_85","85","0.053769093"
"2026-08-04 10:42:29.934 +07:00","2723.593","HOT_SWEEP_85","85","0.054283481"
"2026-08-04 10:42:30.607 +07:00","2724.268","HOT_SWEEP_85","85","0.05440443"
"2026-08-04 10:42:31.297 +07:00","2724.958","HOT_SWEEP_85","85","0.053953804"
"2026-08-04 10:42:31.980 +07:00","2725.625","HOT_SWEEP_85","85","0.053830344"
"2026-08-04 10:42:32.672 +07:00","2726.331","HOT_SWEEP_85","85","0.053833134"
"2026-08-04 10:42:33.346 +07:00","2727.007","HOT_SWEEP_85","85","0.053809643"
"2026-08-04 10:42:34.018 +07:00","2727.679","HOT_SWEEP_85","85","0.05377581"
"2026-08-04 10:42:34.719 +07:00","2728.376","HOT_SWEEP_85","85","0.053048544"
"2026-08-04 10:42:35.401 +07:00","2729.06","HOT_SWEEP_85","85","0.052775074"
"2026-08-04 10:42:36.077 +07:00","2729.738","HOT_SWEEP_85","85","0.05354961"
"2026-08-04 10:42:36.761 +07:00","2730.422","HOT_SWEEP_85","85","0.053214759"
"2026-08-04 10:42:37.446 +07:00","2731.107","HOT_SWEEP_85","85","0.05268544"
"2026-08-04 10:42:38.136 +07:00","2731.795","HOT_SWEEP_85","85","0.053511254"
"2026-08-04 10:42:38.827 +07:00","2732.488","HOT_SWEEP_85","85","0.05390504"
"2026-08-04 10:42:39.518 +07:00","2733.177","HOT_SWEEP_85","85","0.053307038"
"2026-08-04 10:42:40.192 +07:00","2733.853","HOT_SWEEP_85","85","0.053584166"
"2026-08-04 10:42:40.895 +07:00","2734.556","HOT_SWEEP_85","85","0.053239703"
"2026-08-04 10:42:41.600 +07:00","2735.252","HOT_SWEEP_85","85","0.053347219"
"2026-08-04 10:42:42.290 +07:00","2735.949","HOT_SWEEP_85","85","0.053024877"
"2026-08-04 10:42:42.976 +07:00","2736.635","HOT_SWEEP_85","85","0.052490968"
"2026-08-04 10:42:43.659 +07:00","2737.318","HOT_SWEEP_85","85","0.052139618"
"2026-08-04 10:42:44.337 +07:00","2737.998","HOT_SWEEP_85","85","0.052593149"
"2026-08-04 10:42:45.025 +07:00","2738.686","HOT_SWEEP_85","85","0.052452642"
"2026-08-04 10:42:45.706 +07:00","2739.367","HOT_SWEEP_85","85","0.052186675"
"2026-08-04 10:42:46.389 +07:00","2740.05","HOT_SWEEP_85","85","0.052442092"
"2026-08-04 10:42:47.081 +07:00","2740.727","HOT_SWEEP_85","85","0.052679252"
"2026-08-04 10:42:47.775 +07:00","2741.433","HOT_SWEEP_85","85","0.052541435"
"2026-08-04 10:42:48.471 +07:00","2742.132","HOT_SWEEP_85","85","0.052365623"
"2026-08-04 10:42:49.161 +07:00","2742.822","HOT_SWEEP_85","85","0.053288061"
"2026-08-04 10:42:49.837 +07:00","2743.492","HOT_SWEEP_85","85","0.053370148"
"2026-08-04 10:42:50.537 +07:00","2744.182","HOT_SWEEP_85","85","0.053584211"
"2026-08-04 10:42:51.230 +07:00","2744.887","HOT_SWEEP_85","85","0.053914558"
"2026-08-04 10:42:51.921 +07:00","2745.582","HOT_SWEEP_85","85","0.053794861"
"2026-08-04 10:42:52.604 +07:00","2746.265","HOT_SWEEP_85","85","0.053667903"
"2026-08-04 10:42:53.294 +07:00","2746.955","HOT_SWEEP_85","85","0.05409063"
"2026-08-04 10:42:53.975 +07:00","2747.636","HOT_SWEEP_85","85","0.053851973"
"2026-08-04 10:42:54.657 +07:00","2748.318","HOT_SWEEP_85","85","0.054390647"
"2026-08-04 10:42:55.348 +07:00","2749","HOT_SWEEP_85","85","0.054835141"
"2026-08-04 10:42:56.025 +07:00","2749.686","HOT_SWEEP_85","85","0.054856628"
"2026-08-04 10:42:56.707 +07:00","2750.368","HOT_SWEEP_85","85","0.054490387"
"2026-08-04 10:42:57.385 +07:00","2751.046","HOT_SWEEP_85","85","0.053984772"
"2026-08-04 10:42:58.067 +07:00","2751.728","HOT_SWEEP_85","85","0.053772353"
"2026-08-04 10:42:58.751 +07:00","2752.412","HOT_SWEEP_85","85","0.053805687"
"2026-08-04 10:42:59.441 +07:00","2753.102","HOT_SWEEP_85","85","0.053867906"
"2026-08-04 10:43:00.124 +07:00","2753.779","HOT_SWEEP_85","85","0.053897012"
"2026-08-04 10:43:00.804 +07:00","2754.465","HOT_SWEEP_85","85","0.053898554"
"2026-08-04 10:43:01.500 +07:00","2755.161","HOT_SWEEP_85","85","0.053224139"
"2026-08-04 10:43:02.207 +07:00","2755.858","HOT_SWEEP_85","85","0.053569116"
"2026-08-04 10:43:02.883 +07:00","2756.544","HOT_SWEEP_85","85","0.053612333"
"2026-08-04 10:43:03.592 +07:00","2757.251","HOT_SWEEP_85","85","0.053673137"
"2026-08-04 10:43:04.285 +07:00","2757.944","HOT_SWEEP_85","85","0.054523528"
"2026-08-04 10:43:04.968 +07:00","2758.627","HOT_SWEEP_85","85","0.054507393"
"2026-08-04 10:43:05.664 +07:00","2759.323","HOT_SWEEP_85","85","0.054618072"
"2026-08-04 10:43:06.349 +07:00","2760.009","HOT_SWEEP_85","85","0.05449333"
"2026-08-04 10:43:07.039 +07:00","2760.699","HOT_SWEEP_85","85","0.054765891"
"2026-08-04 10:43:07.718 +07:00","2761.377","HOT_SWEEP_85","85","0.054576386"
"2026-08-04 10:43:08.402 +07:00","2762.061","HOT_SWEEP_85","85","0.05456857"
"2026-08-04 10:43:09.102 +07:00","2762.761","HOT_SWEEP_85","85","0.054629706"
"2026-08-04 10:43:09.794 +07:00","2763.453","HOT_SWEEP_85","85","0.05457766"
"2026-08-04 10:43:10.492 +07:00","2764.151","HOT_SWEEP_85","85","0.054693192"
"2026-08-04 10:43:11.179 +07:00","2764.837","HOT_SWEEP_85","85","0.05485069"
"2026-08-04 10:43:11.861 +07:00","2765.522","HOT_SWEEP_85","85","0.054585028"
"2026-08-04 10:43:12.551 +07:00","2766.207","HOT_SWEEP_85","85","0.054433502"
"2026-08-04 10:43:13.242 +07:00","2766.901","HOT_SWEEP_85","85","0.05452773"
"2026-08-04 10:43:13.923 +07:00","2767.581","HOT_SWEEP_85","85","0.054429054"
"2026-08-04 10:43:14.604 +07:00","2768.263","HOT_SWEEP_85","85","0.054161739"
"2026-08-04 10:43:15.303 +07:00","2768.962","HOT_SWEEP_85","85","0.05490566"
"2026-08-04 10:43:16.000 +07:00","2769.659","HOT_SWEEP_85","85","0.054801248"
"2026-08-04 10:43:16.683 +07:00","2770.342","HOT_SWEEP_85","85","0.054198574"
"2026-08-04 10:43:17.378 +07:00","2771.037","HOT_SWEEP_85","85","0.053707831"
"2026-08-04 10:43:18.059 +07:00","2771.718","HOT_SWEEP_85","85","0.053410657"
"2026-08-04 10:43:18.756 +07:00","2772.415","HOT_SWEEP_85","85","0.053815745"
"2026-08-04 10:43:19.452 +07:00","2773.109","HOT_SWEEP_85","85","0.053413093"
"2026-08-04 10:43:20.143 +07:00","2773.803","HOT_SWEEP_85","85","0.053999417"
"2026-08-04 10:43:20.837 +07:00","2774.497","HOT_SWEEP_85","85","0.053812422"
"2026-08-04 10:43:21.516 +07:00","2775.177","HOT_SWEEP_85","85","0.053975124"
"2026-08-04 10:43:22.205 +07:00","2775.857","HOT_SWEEP_85","85","0.054295562"
"2026-08-04 10:43:22.895 +07:00","2776.556","HOT_SWEEP_85","85","0.054203726"
"2026-08-04 10:43:23.580 +07:00","2777.235","HOT_SWEEP_85","85","0.054431248"
"2026-08-04 10:43:24.263 +07:00","2777.924","HOT_SWEEP_85","85","0.0550308"
"2026-08-04 10:43:24.961 +07:00","2778.622","HOT_SWEEP_85","85","0.054700892"
"2026-08-04 10:43:25.652 +07:00","2779.313","HOT_SWEEP_85","85","0.054306962"
"2026-08-04 10:43:26.343 +07:00","2779.999","HOT_SWEEP_85","85","0.054686241"
"2026-08-04 10:43:27.021 +07:00","2780.682","HOT_SWEEP_85","85","0.054498233"
"2026-08-04 10:43:27.705 +07:00","2781.366","HOT_SWEEP_85","85","0.054561347"
"2026-08-04 10:43:28.396 +07:00","2782.057","HOT_SWEEP_85","85","0.054016687"
"2026-08-04 10:43:29.087 +07:00","2782.748","HOT_SWEEP_85","85","0.053864934"
"2026-08-04 10:43:29.778 +07:00","2783.432","HOT_SWEEP_85","85","0.053672977"
"2026-08-04 10:43:30.453 +07:00","2784.114","HOT_SWEEP_85","85","0.0535856"
"2026-08-04 10:43:31.146 +07:00","2784.805","HOT_SWEEP_85","85","0.054009568"
"2026-08-04 10:43:31.828 +07:00","2785.48","HOT_SWEEP_85","85","0.053874481"
"2026-08-04 10:43:32.502 +07:00","2786.163","HOT_SWEEP_85","85","0.053590644"
"2026-08-04 10:43:33.184 +07:00","2786.845","HOT_SWEEP_85","85","0.054098673"
"2026-08-04 10:43:33.870 +07:00","2787.531","HOT_SWEEP_85","85","0.053866971"
"2026-08-04 10:43:34.551 +07:00","2788.212","HOT_SWEEP_85","85","0.053468518"
"2026-08-04 10:43:35.233 +07:00","2788.894","HOT_SWEEP_85","85","0.054303218"
"2026-08-04 10:43:35.938 +07:00","2789.597","HOT_SWEEP_85","85","0.053844325"
"2026-08-04 10:43:36.633 +07:00","2790.294","HOT_SWEEP_85","85","0.053551435"
"2026-08-04 10:43:37.325 +07:00","2790.977","HOT_SWEEP_85","85","0.053699754"
"2026-08-04 10:43:38.015 +07:00","2791.676","HOT_SWEEP_85","85","0.053439379"
"2026-08-04 10:43:38.706 +07:00","2792.36","HOT_SWEEP_85","85","0.053839423"
"2026-08-04 10:43:39.383 +07:00","2793.044","HOT_SWEEP_85","85","0.054341543"
"2026-08-04 10:43:40.071 +07:00","2793.732","HOT_SWEEP_85","85","0.054077286"
"2026-08-04 10:43:40.747 +07:00","2794.408","HOT_SWEEP_85","85","0.054128062"
"2026-08-04 10:43:41.443 +07:00","2795.102","HOT_SWEEP_85","85","0.053878427"
"2026-08-04 10:43:42.115 +07:00","2795.776","HOT_SWEEP_85","85","0.05379511"
"2026-08-04 10:43:42.801 +07:00","2796.462","HOT_SWEEP_85","85","0.053850949"
"2026-08-04 10:43:43.513 +07:00","2797.174","HOT_SWEEP_85","85","0.053967975"
"2026-08-04 10:43:44.196 +07:00","2797.857","HOT_SWEEP_85","85","0.054351497"
"2026-08-04 10:43:44.879 +07:00","2798.54","HOT_SWEEP_85","85","0.053968213"
"2026-08-04 10:43:45.571 +07:00","2799.223","HOT_SWEEP_85","85","0.053681433"
"2026-08-04 10:43:46.245 +07:00","2799.907","HOT_SWEEP_85","85","0.05372566"
"2026-08-04 10:43:46.929 +07:00","2800.59","HOT_SWEEP_85","85","0.053651173"
"2026-08-04 10:43:47.616 +07:00","2801.277","HOT_SWEEP_85","85","0.053086769"
"2026-08-04 10:43:48.294 +07:00","2801.955","HOT_SWEEP_85","85","0.053749152"
"2026-08-04 10:43:48.977 +07:00","2802.638","HOT_SWEEP_85","85","0.053917833"
"2026-08-04 10:43:49.644 +07:00","2803.306","HOT_SWEEP_85","85","0.054152586"
"2026-08-04 10:43:50.341 +07:00","2804.002","HOT_SWEEP_85","85","0.05444321"
"2026-08-04 10:43:51.028 +07:00","2804.689","HOT_SWEEP_85","85","0.054432124"
"2026-08-04 10:43:51.714 +07:00","2805.375","HOT_SWEEP_85","85","0.054632209"
"2026-08-04 10:43:52.393 +07:00","2806.054","HOT_SWEEP_85","85","0.054204874"
"2026-08-04 10:43:53.079 +07:00","2806.74","HOT_SWEEP_85","85","0.054290634"
"2026-08-04 10:43:53.759 +07:00","2807.42","HOT_SWEEP_85","85","0.054096214"
"2026-08-04 10:43:54.450 +07:00","2808.102","HOT_SWEEP_85","85","0.054641776"
"2026-08-04 10:43:55.148 +07:00","2808.807","HOT_SWEEP_85","85","0.05470838"
"2026-08-04 10:43:55.840 +07:00","2809.487","HOT_SWEEP_85","85","0.054439567"
"2026-08-04 10:43:56.526 +07:00","2810.187","HOT_SWEEP_85","85","0.054000366"
"2026-08-04 10:43:57.208 +07:00","2810.869","HOT_SWEEP_85","85","0.054140322"
"2026-08-04 10:43:57.899 +07:00","2811.559","HOT_SWEEP_85","85","0.053875763"
"2026-08-04 10:43:58.574 +07:00","2812.235","HOT_SWEEP_85","85","0.05345441"
"2026-08-04 10:43:59.257 +07:00","2812.918","HOT_SWEEP_85","85","0.054421972"
"2026-08-04 10:43:59.949 +07:00","2813.601","HOT_SWEEP_85","85","0.054444801"
"2026-08-04 10:44:00.639 +07:00","2814.3","HOT_SWEEP_85","85","0.054226875"
"2026-08-04 10:44:01.322 +07:00","2814.984","HOT_SWEEP_85","85","0.054363258"
"2026-08-04 10:44:01.991 +07:00","2815.652","HOT_SWEEP_85","85","0.054492772"
"2026-08-04 10:44:02.673 +07:00","2816.334","HOT_SWEEP_85","85","0.054092746"
"2026-08-04 10:44:03.365 +07:00","2817.024","HOT_SWEEP_85","85","0.054377932"
"2026-08-04 10:44:04.056 +07:00","2817.717","HOT_SWEEP_85","85","0.054615706"
"2026-08-04 10:44:04.740 +07:00","2818.401","HOT_SWEEP_85","85","0.054756511"
"2026-08-04 10:44:05.415 +07:00","2819.076","HOT_SWEEP_85","85","0.054850865"
"2026-08-04 10:44:06.120 +07:00","2819.782","HOT_SWEEP_85","85","0.054967176"
"2026-08-04 10:44:06.802 +07:00","2820.463","HOT_SWEEP_85","85","0.05459296"
"2026-08-04 10:44:07.490 +07:00","2821.151","HOT_SWEEP_85","85","0.054830112"
"2026-08-04 10:44:08.178 +07:00","2821.83","HOT_SWEEP_85","85","0.055005245"
"2026-08-04 10:44:08.866 +07:00","2822.523","HOT_SWEEP_85","85","0.054734431"
"2026-08-04 10:44:09.566 +07:00","2823.214","HOT_SWEEP_85","85","0.055120379"
"2026-08-04 10:44:10.561 +07:00","2824.222","HOT_SWEEP_80","80","0.054643452"
"2026-08-04 10:44:11.269 +07:00","2824.928","HOT_SWEEP_80","80","0.054760356"
"2026-08-04 10:44:11.950 +07:00","2825.611","HOT_SWEEP_80","80","0.054638106"
"2026-08-04 10:44:12.638 +07:00","2826.299","HOT_SWEEP_80","80","0.053537648"
"2026-08-04 10:44:13.334 +07:00","2826.995","HOT_SWEEP_80","80","0.054053187"
"2026-08-04 10:44:14.026 +07:00","2827.685","HOT_SWEEP_80","80","0.053749196"
"2026-08-04 10:44:14.707 +07:00","2828.359","HOT_SWEEP_80","80","0.052788049"
"2026-08-04 10:44:15.390 +07:00","2829.05","HOT_SWEEP_80","80","0.052663852"
"2026-08-04 10:44:16.079 +07:00","2829.74","HOT_SWEEP_80","80","0.051533956"
"2026-08-04 10:44:16.764 +07:00","2830.425","HOT_SWEEP_80","80","0.05027169"
"2026-08-04 10:44:17.447 +07:00","2831.108","HOT_SWEEP_80","80","0.049675923"
"2026-08-04 10:44:18.171 +07:00","2831.829","HOT_SWEEP_80","80","0.048699934"
"2026-08-04 10:44:18.862 +07:00","2832.523","HOT_SWEEP_80","80","0.047460355"
"2026-08-04 10:44:19.553 +07:00","2833.206","HOT_SWEEP_80","80","0.047022153"
"2026-08-04 10:44:20.229 +07:00","2833.89","HOT_SWEEP_80","80","0.046165869"
"2026-08-04 10:44:20.923 +07:00","2834.582","HOT_SWEEP_80","80","0.045399215"
"2026-08-04 10:44:21.612 +07:00","2835.273","HOT_SWEEP_80","80","0.044089627"
"2026-08-04 10:44:22.303 +07:00","2835.959","HOT_SWEEP_80","80","0.04275782"
"2026-08-04 10:44:22.979 +07:00","2836.64","HOT_SWEEP_80","80","0.042525385"
"2026-08-04 10:44:23.665 +07:00","2837.326","HOT_SWEEP_80","80","0.041072372"
"2026-08-04 10:44:24.344 +07:00","2838.005","HOT_SWEEP_80","80","0.04140988"
"2026-08-04 10:44:25.047 +07:00","2838.708","HOT_SWEEP_80","80","0.041023225"
"2026-08-04 10:44:25.733 +07:00","2839.388","HOT_SWEEP_80","80","0.040611979"
"2026-08-04 10:44:26.414 +07:00","2840.075","HOT_SWEEP_80","80","0.041366272"
"2026-08-04 10:44:27.102 +07:00","2840.754","HOT_SWEEP_80","80","0.04066392"
"2026-08-04 10:44:27.776 +07:00","2841.437","HOT_SWEEP_80","80","0.039848246"
"2026-08-04 10:44:28.464 +07:00","2842.12","HOT_SWEEP_80","80","0.041173153"
"2026-08-04 10:44:29.165 +07:00","2842.818","HOT_SWEEP_80","80","0.041828535"
"2026-08-04 10:44:29.843 +07:00","2843.504","HOT_SWEEP_80","80","0.041295908"
"2026-08-04 10:44:30.532 +07:00","2844.193","HOT_SWEEP_80","80","0.042753614"
"2026-08-04 10:44:31.208 +07:00","2844.869","HOT_SWEEP_80","80","0.042724811"
"2026-08-04 10:44:31.912 +07:00","2845.573","HOT_SWEEP_80","80","0.04213649"
"2026-08-04 10:44:32.598 +07:00","2846.257","HOT_SWEEP_80","80","0.043485243"
"2026-08-04 10:44:33.282 +07:00","2846.941","HOT_SWEEP_80","80","0.043220453"
"2026-08-04 10:44:33.973 +07:00","2847.634","HOT_SWEEP_80","80","0.043718439"
"2026-08-04 10:44:34.660 +07:00","2848.321","HOT_SWEEP_80","80","0.04420533"
"2026-08-04 10:44:35.338 +07:00","2848.999","HOT_SWEEP_80","80","0.044269599"
"2026-08-04 10:44:36.028 +07:00","2849.687","HOT_SWEEP_80","80","0.043203142"
"2026-08-04 10:44:36.728 +07:00","2850.387","HOT_SWEEP_80","80","0.043089837"
"2026-08-04 10:44:37.411 +07:00","2851.07","HOT_SWEEP_80","80","0.043818124"
"2026-08-04 10:44:38.090 +07:00","2851.751","HOT_SWEEP_80","80","0.042967789"
"2026-08-04 10:44:38.780 +07:00","2852.439","HOT_SWEEP_80","80","0.042736705"
"2026-08-04 10:44:39.470 +07:00","2853.131","HOT_SWEEP_80","80","0.042806957"
"2026-08-04 10:44:40.154 +07:00","2853.815","HOT_SWEEP_80","80","0.042039525"
"2026-08-04 10:44:40.843 +07:00","2854.504","HOT_SWEEP_80","80","0.041082345"
"2026-08-04 10:44:41.520 +07:00","2855.181","HOT_SWEEP_80","80","0.041851107"
"2026-08-04 10:44:42.202 +07:00","2855.864","HOT_SWEEP_80","80","0.041439895"
"2026-08-04 10:44:42.892 +07:00","2856.551","HOT_SWEEP_80","80","0.041735433"
"2026-08-04 10:44:43.568 +07:00","2857.23","HOT_SWEEP_80","80","0.042659275"
"2026-08-04 10:44:44.263 +07:00","2857.92","HOT_SWEEP_80","80","0.04253703"
"2026-08-04 10:44:44.950 +07:00","2858.611","HOT_SWEEP_80","80","0.042480893"
"2026-08-04 10:44:45.637 +07:00","2859.298","HOT_SWEEP_80","80","0.043335192"
"2026-08-04 10:44:46.329 +07:00","2859.977","HOT_SWEEP_80","80","0.043182917"
"2026-08-04 10:44:47.016 +07:00","2860.677","HOT_SWEEP_80","80","0.043865491"
"2026-08-04 10:44:47.707 +07:00","2861.368","HOT_SWEEP_80","80","0.044776026"
"2026-08-04 10:44:48.390 +07:00","2862.049","HOT_SWEEP_80","80","0.045161467"
"2026-08-04 10:44:49.081 +07:00","2862.742","HOT_SWEEP_80","80","0.044941042"
"2026-08-04 10:44:49.770 +07:00","2863.429","HOT_SWEEP_80","80","0.045241464"
"2026-08-04 10:44:50.454 +07:00","2864.115","HOT_SWEEP_80","80","0.046243265"
"2026-08-04 10:44:51.132 +07:00","2864.793","HOT_SWEEP_80","80","0.045574378"
"2026-08-04 10:44:51.804 +07:00","2865.465","HOT_SWEEP_80","80","0.045498487"
"2026-08-04 10:44:52.499 +07:00","2866.16","HOT_SWEEP_80","80","0.045909368"
"2026-08-04 10:44:53.180 +07:00","2866.841","HOT_SWEEP_80","80","0.046255685"
"2026-08-04 10:44:53.863 +07:00","2867.524","HOT_SWEEP_80","80","0.046133745"
"2026-08-04 10:44:54.546 +07:00","2868.207","HOT_SWEEP_80","80","0.046763875"
"2026-08-04 10:44:55.230 +07:00","2868.891","HOT_SWEEP_80","80","0.046735413"
"2026-08-04 10:44:55.913 +07:00","2869.574","HOT_SWEEP_80","80","0.046982028"
"2026-08-04 10:44:56.604 +07:00","2870.265","HOT_SWEEP_80","80","0.047339328"
"2026-08-04 10:44:57.277 +07:00","2870.938","HOT_SWEEP_80","80","0.046801381"
"2026-08-04 10:44:57.946 +07:00","2871.607","HOT_SWEEP_80","80","0.04698199"
"2026-08-04 10:44:58.623 +07:00","2872.284","HOT_SWEEP_80","80","0.047985442"
"2026-08-04 10:44:59.335 +07:00","2872.996","HOT_SWEEP_80","80","0.048135892"
"2026-08-04 10:45:00.017 +07:00","2873.676","HOT_SWEEP_80","80","0.047500767"
"2026-08-04 10:45:00.694 +07:00","2874.355","HOT_SWEEP_80","80","0.047295902"
"2026-08-04 10:45:01.383 +07:00","2875.044","HOT_SWEEP_80","80","0.047377117"
"2026-08-04 10:45:02.060 +07:00","2875.721","HOT_SWEEP_80","80","0.047298692"
"2026-08-04 10:45:02.743 +07:00","2876.404","HOT_SWEEP_80","80","0.047588386"
"2026-08-04 10:45:03.411 +07:00","2877.072","HOT_SWEEP_80","80","0.047927547"
"2026-08-04 10:45:04.101 +07:00","2877.762","HOT_SWEEP_80","80","0.048439596"
"2026-08-04 10:45:04.776 +07:00","2878.437","HOT_SWEEP_80","80","0.048306905"
"2026-08-04 10:45:05.466 +07:00","2879.121","HOT_SWEEP_80","80","0.048622798"
"2026-08-04 10:45:06.163 +07:00","2879.822","HOT_SWEEP_80","80","0.048441973"
"2026-08-04 10:45:06.842 +07:00","2880.503","HOT_SWEEP_80","80","0.048559904"
"2026-08-04 10:45:07.530 +07:00","2881.191","HOT_SWEEP_80","80","0.049088605"
"2026-08-04 10:45:08.231 +07:00","2881.89","HOT_SWEEP_80","80","0.049093008"
"2026-08-04 10:45:08.908 +07:00","2882.569","HOT_SWEEP_80","80","0.049206909"
"2026-08-04 10:45:09.589 +07:00","2883.25","HOT_SWEEP_80","80","0.049211614"
"2026-08-04 10:45:10.267 +07:00","2883.926","HOT_SWEEP_80","80","0.049583249"
"2026-08-04 10:45:10.962 +07:00","2884.623","HOT_SWEEP_80","80","0.049454838"
"2026-08-04 10:45:11.653 +07:00","2885.31","HOT_SWEEP_80","80","0.049606252"
"2026-08-04 10:45:12.338 +07:00","2885.999","HOT_SWEEP_80","80","0.04976229"
"2026-08-04 10:45:13.029 +07:00","2886.69","HOT_SWEEP_80","80","0.050265305"
"2026-08-04 10:45:13.721 +07:00","2887.382","HOT_SWEEP_80","80","0.050481051"
"2026-08-04 10:45:14.403 +07:00","2888.064","HOT_SWEEP_80","80","0.051204156"
"2026-08-04 10:45:15.095 +07:00","2888.748","HOT_SWEEP_80","80","0.05093788"
"2026-08-04 10:45:15.794 +07:00","2889.448","HOT_SWEEP_80","80","0.05066485"
"2026-08-04 10:45:16.489 +07:00","2890.15","HOT_SWEEP_80","80","0.051655859"
"2026-08-04 10:45:17.175 +07:00","2890.834","HOT_SWEEP_80","80","0.051614463"
"2026-08-04 10:45:17.859 +07:00","2891.513","HOT_SWEEP_80","80","0.051375948"
"2026-08-04 10:45:18.560 +07:00","2892.212","HOT_SWEEP_80","80","0.052175831"
"2026-08-04 10:45:19.259 +07:00","2892.913","HOT_SWEEP_80","80","0.052238308"
"2026-08-04 10:45:19.952 +07:00","2893.613","HOT_SWEEP_80","80","0.052054625"
"2026-08-04 10:45:20.634 +07:00","2894.295","HOT_SWEEP_80","80","0.052758861"
"2026-08-04 10:45:21.327 +07:00","2894.977","HOT_SWEEP_80","80","0.052376896"
"2026-08-04 10:45:22.017 +07:00","2895.678","HOT_SWEEP_80","80","0.052084118"
"2026-08-04 10:45:22.699 +07:00","2896.36","HOT_SWEEP_80","80","0.051860489"
"2026-08-04 10:45:23.399 +07:00","2897.06","HOT_SWEEP_80","80","0.051814109"
"2026-08-04 10:45:24.080 +07:00","2897.741","HOT_SWEEP_80","80","0.051349334"
"2026-08-04 10:45:24.766 +07:00","2898.427","HOT_SWEEP_80","80","0.051039971"
"2026-08-04 10:45:25.457 +07:00","2899.11","HOT_SWEEP_80","80","0.051228814"
"2026-08-04 10:45:26.146 +07:00","2899.795","HOT_SWEEP_80","80","0.050784487"
"2026-08-04 10:45:26.830 +07:00","2900.491","HOT_SWEEP_80","80","0.050271176"
"2026-08-04 10:45:27.514 +07:00","2901.175","HOT_SWEEP_80","80","0.050503723"
"2026-08-04 10:45:28.206 +07:00","2901.865","HOT_SWEEP_80","80","0.05064261"
"2026-08-04 10:45:28.881 +07:00","2902.542","HOT_SWEEP_80","80","0.050732799"
"2026-08-04 10:45:29.564 +07:00","2903.225","HOT_SWEEP_80","80","0.051294018"
"2026-08-04 10:45:30.245 +07:00","2903.906","HOT_SWEEP_80","80","0.05131609"
"2026-08-04 10:45:30.935 +07:00","2904.596","HOT_SWEEP_80","80","0.051850319"
"2026-08-04 10:45:31.611 +07:00","2905.272","HOT_SWEEP_80","80","0.052482359"
"2026-08-04 10:45:32.297 +07:00","2905.958","HOT_SWEEP_80","80","0.052283011"
"2026-08-04 10:45:32.978 +07:00","2906.639","HOT_SWEEP_80","80","0.052562863"
"2026-08-04 10:45:33.674 +07:00","2907.322","HOT_SWEEP_80","80","0.053228181"
"2026-08-04 10:45:34.361 +07:00","2908.022","HOT_SWEEP_80","80","0.053088617"
"2026-08-04 10:45:35.077 +07:00","2908.734","HOT_SWEEP_80","80","0.052967321"
"2026-08-04 10:45:35.764 +07:00","2909.424","HOT_SWEEP_80","80","0.05318749"
"2026-08-04 10:45:36.466 +07:00","2910.126","HOT_SWEEP_80","80","0.053673368"
"2026-08-04 10:45:37.157 +07:00","2910.816","HOT_SWEEP_80","80","0.05350887"
"2026-08-04 10:45:37.852 +07:00","2911.497","HOT_SWEEP_80","80","0.053551741"
"2026-08-04 10:45:38.525 +07:00","2912.186","HOT_SWEEP_80","80","0.053962417"
"2026-08-04 10:45:39.208 +07:00","2912.869","HOT_SWEEP_80","80","0.053886421"
"2026-08-04 10:45:39.902 +07:00","2913.561","HOT_SWEEP_80","80","0.053938668"
"2026-08-04 10:45:40.598 +07:00","2914.257","HOT_SWEEP_80","80","0.054503419"
"2026-08-04 10:45:41.293 +07:00","2914.953","HOT_SWEEP_80","80","0.05435865"
"2026-08-04 10:45:41.979 +07:00","2915.64","HOT_SWEEP_80","80","0.053960383"
"2026-08-04 10:45:42.674 +07:00","2916.331","HOT_SWEEP_80","80","0.054250877"
"2026-08-04 10:45:43.362 +07:00","2917.022","HOT_SWEEP_80","80","0.054176163"
"2026-08-04 10:45:44.053 +07:00","2917.712","HOT_SWEEP_80","80","0.053711265"
"2026-08-04 10:45:44.739 +07:00","2918.397","HOT_SWEEP_80","80","0.053154577"
"2026-08-04 10:45:45.427 +07:00","2919.087","HOT_SWEEP_80","80","0.052909214"
"2026-08-04 10:45:46.119 +07:00","2919.778","HOT_SWEEP_80","80","0.052763574"
"2026-08-04 10:45:46.809 +07:00","2920.468","HOT_SWEEP_80","80","0.052426051"
"2026-08-04 10:45:47.507 +07:00","2921.167","HOT_SWEEP_80","80","0.052326571"
"2026-08-04 10:45:48.192 +07:00","2921.85","HOT_SWEEP_80","80","0.052508902"
"2026-08-04 10:45:48.878 +07:00","2922.538","HOT_SWEEP_80","80","0.052290142"
"2026-08-04 10:45:49.573 +07:00","2923.233","HOT_SWEEP_80","80","0.052714974"
"2026-08-04 10:45:50.256 +07:00","2923.916","HOT_SWEEP_80","80","0.052664272"
"2026-08-04 10:45:50.949 +07:00","2924.607","HOT_SWEEP_80","80","0.052805632"
"2026-08-04 10:45:51.627 +07:00","2925.286","HOT_SWEEP_80","80","0.053497992"
"2026-08-04 10:45:52.317 +07:00","2925.973","HOT_SWEEP_80","80","0.053690661"
"2026-08-04 10:45:53.010 +07:00","2926.664","HOT_SWEEP_80","80","0.053742468"
"2026-08-04 10:45:53.691 +07:00","2927.349","HOT_SWEEP_80","80","0.054536473"
"2026-08-04 10:45:54.406 +07:00","2928.063","HOT_SWEEP_80","80","0.054311663"
"2026-08-04 10:45:55.092 +07:00","2928.752","HOT_SWEEP_80","80","0.054493062"
"2026-08-04 10:45:55.792 +07:00","2929.449","HOT_SWEEP_80","80","0.05477833"
"2026-08-04 10:45:56.483 +07:00","2930.137","HOT_SWEEP_80","80","0.054861486"
"2026-08-04 10:45:57.170 +07:00","2930.831","HOT_SWEEP_80","80","0.054718278"
"2026-08-04 10:45:57.865 +07:00","2931.523","HOT_SWEEP_80","80","0.054701976"
"2026-08-04 10:45:58.556 +07:00","2932.215","HOT_SWEEP_80","80","0.054954939"
"2026-08-04 10:45:59.242 +07:00","2932.9","HOT_SWEEP_80","80","0.055171818"
"2026-08-04 10:45:59.927 +07:00","2933.586","HOT_SWEEP_80","80","0.055019271"
"2026-08-04 10:46:00.614 +07:00","2934.273","HOT_SWEEP_80","80","0.055032562"
"2026-08-04 10:46:01.314 +07:00","2934.973","HOT_SWEEP_80","80","0.055102695"
"2026-08-04 10:46:02.015 +07:00","2935.671","HOT_SWEEP_80","80","0.054949693"
"2026-08-04 10:46:02.707 +07:00","2936.365","HOT_SWEEP_80","80","0.054920126"
"2026-08-04 10:46:03.394 +07:00","2937.053","HOT_SWEEP_80","80","0.054895539"
"2026-08-04 10:46:04.087 +07:00","2937.746","HOT_SWEEP_80","80","0.055038668"
"2026-08-04 10:46:04.768 +07:00","2938.427","HOT_SWEEP_80","80","0.054624967"
"2026-08-04 10:46:05.454 +07:00","2939.114","HOT_SWEEP_80","80","0.054664899"
"2026-08-04 10:46:06.148 +07:00","2939.807","HOT_SWEEP_80","80","0.054303326"
"2026-08-04 10:46:06.839 +07:00","2940.497","HOT_SWEEP_80","80","0.05439239"
"2026-08-04 10:46:07.523 +07:00","2941.182","HOT_SWEEP_80","80","0.054537572"
"2026-08-04 10:46:08.226 +07:00","2941.884","HOT_SWEEP_80","80","0.054769896"
"2026-08-04 10:46:08.908 +07:00","2942.568","HOT_SWEEP_80","80","0.054432023"
"2026-08-04 10:46:09.598 +07:00","2943.258","HOT_SWEEP_80","80","0.055471022"
"2026-08-04 10:46:10.296 +07:00","2943.956","HOT_SWEEP_80","80","0.055133659"
"2026-08-04 10:46:10.988 +07:00","2944.648","HOT_SWEEP_80","80","0.055192392"
"2026-08-04 10:46:11.674 +07:00","2945.333","HOT_SWEEP_80","80","0.056095857"
"2026-08-04 10:46:12.375 +07:00","2946.033","HOT_SWEEP_80","80","0.055651136"
"2026-08-04 10:46:13.068 +07:00","2946.727","HOT_SWEEP_80","80","0.055805724"
"2026-08-04 10:46:13.759 +07:00","2947.418","HOT_SWEEP_80","80","0.05599875"
"2026-08-04 10:46:14.446 +07:00","2948.104","HOT_SWEEP_80","80","0.056028176"
"2026-08-04 10:46:15.164 +07:00","2948.824","HOT_SWEEP_80","80","0.055812597"
"2026-08-04 10:46:15.851 +07:00","2949.511","HOT_SWEEP_80","80","0.055645563"
"2026-08-04 10:46:16.538 +07:00","2950.198","HOT_SWEEP_80","80","0.057142913"
"2026-08-04 10:46:17.218 +07:00","2950.877","HOT_SWEEP_80","80","0.059071936"
"2026-08-04 10:46:17.908 +07:00","2951.563","HOT_SWEEP_80","80","0.060515296"
"2026-08-04 10:46:18.590 +07:00","2952.251","HOT_SWEEP_80","80","0.062115513"
"2026-08-04 10:46:19.272 +07:00","2952.933","HOT_SWEEP_80","80","0.064128444"
"2026-08-04 10:46:19.957 +07:00","2953.618","HOT_SWEEP_80","80","0.065688558"
"2026-08-04 10:46:20.647 +07:00","2954.308","HOT_SWEEP_80","80","0.067231819"
"2026-08-04 10:46:21.329 +07:00","2954.989","HOT_SWEEP_80","80","0.069512814"
"2026-08-04 10:46:22.021 +07:00","2955.682","HOT_SWEEP_80","80","0.071063027"
"2026-08-04 10:46:22.715 +07:00","2956.373","HOT_SWEEP_80","80","0.073442079"
"2026-08-04 10:46:23.395 +07:00","2957.054","HOT_SWEEP_80","80","0.073857978"
"2026-08-04 10:46:24.085 +07:00","2957.745","HOT_SWEEP_80","80","0.073839284"
"2026-08-04 10:46:24.778 +07:00","2958.434","HOT_SWEEP_80","80","0.073889285"
"2026-08-04 10:46:25.474 +07:00","2959.134","HOT_SWEEP_80","80","0.073832944"
"2026-08-04 10:46:26.165 +07:00","2959.823","HOT_SWEEP_80","80","0.073821291"
"2026-08-04 10:46:26.854 +07:00","2960.513","HOT_SWEEP_80","80","0.073195502"
"2026-08-04 10:46:27.546 +07:00","2961.205","HOT_SWEEP_80","80","0.073813319"
"2026-08-04 10:46:28.249 +07:00","2961.907","HOT_SWEEP_80","80","0.073321745"
"2026-08-04 10:46:28.961 +07:00","2962.62","HOT_SWEEP_80","80","0.072974682"
"2026-08-04 10:46:29.659 +07:00","2963.316","HOT_SWEEP_80","80","0.072630957"
"2026-08-04 10:46:30.344 +07:00","2964.003","HOT_SWEEP_80","80","0.072839484"
"2026-08-04 10:46:31.038 +07:00","2964.697","HOT_SWEEP_80","80","0.073009573"
"2026-08-04 10:46:31.721 +07:00","2965.374","HOT_SWEEP_80","80","0.072919354"
"2026-08-04 10:46:32.405 +07:00","2966.058","HOT_SWEEP_80","80","0.073658422"
"2026-08-04 10:46:33.107 +07:00","2966.765","HOT_SWEEP_80","80","0.073806927"
"2026-08-04 10:46:33.790 +07:00","2967.447","HOT_SWEEP_80","80","0.07444974"
"2026-08-04 10:46:34.463 +07:00","2968.124","HOT_SWEEP_80","80","0.074504025"
"2026-08-04 10:46:35.154 +07:00","2968.813","HOT_SWEEP_80","80","0.074403554"
"2026-08-04 10:46:35.852 +07:00","2969.511","HOT_SWEEP_80","80","0.074090913"
"2026-08-04 10:46:36.541 +07:00","2970.198","HOT_SWEEP_80","80","0.074718744"
"2026-08-04 10:46:37.222 +07:00","2970.881","HOT_SWEEP_80","80","0.07414256"
"2026-08-04 10:46:37.921 +07:00","2971.58","HOT_SWEEP_80","80","0.073695667"
"2026-08-04 10:46:38.594 +07:00","2972.255","HOT_SWEEP_80","80","0.074164271"
"2026-08-04 10:46:39.286 +07:00","2972.946","HOT_SWEEP_80","80","0.073803946"
"2026-08-04 10:46:39.969 +07:00","2973.629","HOT_SWEEP_80","80","0.073780537"
"2026-08-04 10:46:40.673 +07:00","2974.331","HOT_SWEEP_80","80","0.073863126"
"2026-08-04 10:46:41.368 +07:00","2975.027","HOT_SWEEP_80","80","0.074261926"
"2026-08-04 10:46:42.041 +07:00","2975.702","HOT_SWEEP_80","80","0.074569486"
"2026-08-04 10:46:42.752 +07:00","2976.411","HOT_SWEEP_80","80","0.075484432"
"2026-08-04 10:46:43.454 +07:00","2977.113","HOT_SWEEP_80","80","0.075338855"
"2026-08-04 10:46:44.142 +07:00","2977.803","HOT_SWEEP_80","80","0.075057521"
"2026-08-04 10:46:44.842 +07:00","2978.497","HOT_SWEEP_80","80","0.07516551"
"2026-08-04 10:46:45.536 +07:00","2979.193","HOT_SWEEP_80","80","0.075334378"
"2026-08-04 10:46:46.224 +07:00","2979.886","HOT_SWEEP_80","80","0.075478636"
"2026-08-04 10:46:46.920 +07:00","2980.579","HOT_SWEEP_80","80","0.07455036"
"2026-08-04 10:46:47.600 +07:00","2981.26","HOT_SWEEP_80","80","0.074941784"
"2026-08-04 10:46:48.281 +07:00","2981.941","HOT_SWEEP_80","80","0.075020753"
"2026-08-04 10:46:48.982 +07:00","2982.642","HOT_SWEEP_80","80","0.07399264"
"2026-08-04 10:46:49.682 +07:00","2983.341","HOT_SWEEP_80","80","0.073840074"
"2026-08-04 10:46:50.368 +07:00","2984.025","HOT_SWEEP_80","80","0.074658394"
"2026-08-04 10:46:51.051 +07:00","2984.709","HOT_SWEEP_80","80","0.075185433"
"2026-08-04 10:46:51.747 +07:00","2985.406","HOT_SWEEP_80","80","0.074920818"
"2026-08-04 10:46:52.433 +07:00","2986.088","HOT_SWEEP_80","80","0.074824534"
"2026-08-04 10:46:53.115 +07:00","2986.764","HOT_SWEEP_80","80","0.074636869"
"2026-08-04 10:46:53.797 +07:00","2987.457","HOT_SWEEP_80","80","0.07539136"
"2026-08-04 10:46:54.487 +07:00","2988.148","HOT_SWEEP_80","80","0.075296327"
"2026-08-04 10:46:55.178 +07:00","2988.837","HOT_SWEEP_80","80","0.074512497"
"2026-08-04 10:46:55.861 +07:00","2989.521","HOT_SWEEP_80","80","0.074787781"
"2026-08-04 10:46:56.535 +07:00","2990.196","HOT_SWEEP_80","80","0.075178862"
"2026-08-04 10:46:57.219 +07:00","2990.88","HOT_SWEEP_80","80","0.075142287"
"2026-08-04 10:46:57.912 +07:00","2991.562","HOT_SWEEP_80","80","0.074271046"
"2026-08-04 10:46:58.596 +07:00","2992.255","HOT_SWEEP_80","80","0.074846946"
"2026-08-04 10:46:59.283 +07:00","2992.928","HOT_SWEEP_80","80","0.075440146"
"2026-08-04 10:46:59.976 +07:00","2993.636","HOT_SWEEP_80","80","0.075292237"
"2026-08-04 10:47:00.660 +07:00","2994.318","HOT_SWEEP_80","80","0.07491722"
"2026-08-04 10:47:01.353 +07:00","2995.009","HOT_SWEEP_80","80","0.075237058"
"2026-08-04 10:47:02.044 +07:00","2995.703","HOT_SWEEP_80","80","0.074853882"
"2026-08-04 10:47:02.737 +07:00","2996.389","HOT_SWEEP_80","80","0.075185344"
"2026-08-04 10:47:03.442 +07:00","2997.101","HOT_SWEEP_80","80","0.075255796"
"2026-08-04 10:47:04.140 +07:00","2997.8","HOT_SWEEP_80","80","0.074696109"
"2026-08-04 10:47:04.842 +07:00","2998.501","HOT_SWEEP_80","80","0.074560963"
"2026-08-04 10:47:05.516 +07:00","2999.177","HOT_SWEEP_80","80","0.074597232"
"2026-08-04 10:47:06.209 +07:00","2999.868","HOT_SWEEP_80","80","0.074358895"
"2026-08-04 10:47:06.937 +07:00","3000.592","HOT_SWEEP_80","80","0.074269876"
"2026-08-04 10:47:07.640 +07:00","3001.299","HOT_SWEEP_80","80","0.074897245"
"2026-08-04 10:47:08.314 +07:00","3001.975","HOT_SWEEP_80","80","0.074848861"
"2026-08-04 10:47:09.013 +07:00","3002.669","HOT_SWEEP_80","80","0.075285554"
"2026-08-04 10:47:09.700 +07:00","3003.361","HOT_SWEEP_80","80","0.074997276"
"2026-08-04 10:47:10.422 +07:00","3004.08","HOT_SWEEP_80","80","0.075121291"
"2026-08-04 10:47:11.119 +07:00","3004.778","HOT_SWEEP_80","80","0.075131118"
"2026-08-04 10:47:11.811 +07:00","3005.465","HOT_SWEEP_80","80","0.075670525"
"2026-08-04 10:47:12.494 +07:00","3006.155","HOT_SWEEP_80","80","0.075697623"
"2026-08-04 10:47:13.178 +07:00","3006.839","HOT_SWEEP_80","80","0.07555525"
"2026-08-04 10:47:13.868 +07:00","3007.527","HOT_SWEEP_80","80","0.075317457"
"2026-08-04 10:47:14.552 +07:00","3008.212","HOT_SWEEP_80","80","0.075411633"
"2026-08-04 10:47:15.236 +07:00","3008.887","HOT_SWEEP_80","80","0.075566068"
"2026-08-04 10:47:15.935 +07:00","3009.594","HOT_SWEEP_80","80","0.075578332"
"2026-08-04 10:47:16.619 +07:00","3010.277","HOT_SWEEP_80","80","0.076021582"
"2026-08-04 10:47:17.304 +07:00","3010.953","HOT_SWEEP_80","80","0.075891905"
"2026-08-04 10:47:17.976 +07:00","3011.637","HOT_SWEEP_80","80","0.075188771"
"2026-08-04 10:47:18.664 +07:00","3012.323","HOT_SWEEP_80","80","0.075226523"
"2026-08-04 10:47:19.351 +07:00","3013.011","HOT_SWEEP_80","80","0.075494036"
"2026-08-04 10:47:20.033 +07:00","3013.692","HOT_SWEEP_80","80","0.075044282"
"2026-08-04 10:47:20.734 +07:00","3014.392","HOT_SWEEP_80","80","0.074917212"
"2026-08-04 10:47:21.416 +07:00","3015.076","HOT_SWEEP_80","80","0.075013049"
"2026-08-04 10:47:22.089 +07:00","3015.75","HOT_SWEEP_80","80","0.074688941"
"2026-08-04 10:47:22.770 +07:00","3016.429","HOT_SWEEP_80","80","0.074400321"
"2026-08-04 10:47:23.466 +07:00","3017.126","HOT_SWEEP_80","80","0.074337073"
"2026-08-04 10:47:24.156 +07:00","3017.817","HOT_SWEEP_80","80","0.074109964"
"2026-08-04 10:47:24.848 +07:00","3018.507","HOT_SWEEP_80","80","0.073885746"
"2026-08-04 10:47:25.542 +07:00","3019.203","HOT_SWEEP_80","80","0.07425712"
"2026-08-04 10:47:26.249 +07:00","3019.908","HOT_SWEEP_80","80","0.074332304"
"2026-08-04 10:47:26.935 +07:00","3020.592","HOT_SWEEP_80","80","0.074508727"
"2026-08-04 10:47:27.616 +07:00","3021.275","HOT_SWEEP_80","80","0.074948862"
"2026-08-04 10:47:28.317 +07:00","3021.974","HOT_SWEEP_80","80","0.074976563"
"2026-08-04 10:47:29.013 +07:00","3022.672","HOT_SWEEP_80","80","0.074576177"
"2026-08-04 10:47:29.693 +07:00","3023.354","HOT_SWEEP_80","80","0.074827448"
"2026-08-04 10:47:30.384 +07:00","3024.043","HOT_SWEEP_80","80","0.074667759"
"2026-08-04 10:47:31.097 +07:00","3024.756","HOT_SWEEP_80","80","0.074435808"
"2026-08-04 10:47:31.785 +07:00","3025.446","HOT_SWEEP_80","80","0.074567951"
"2026-08-04 10:47:32.479 +07:00","3026.13","HOT_SWEEP_80","80","0.074554786"
"2026-08-04 10:47:33.164 +07:00","3026.822","HOT_SWEEP_80","80","0.073909588"
"2026-08-04 10:47:33.859 +07:00","3027.518","HOT_SWEEP_80","80","0.074044958"
"2026-08-04 10:47:34.552 +07:00","3028.211","HOT_SWEEP_80","80","0.074341401"
"2026-08-04 10:47:35.243 +07:00","3028.901","HOT_SWEEP_80","80","0.074678309"
"2026-08-04 10:47:35.927 +07:00","3029.586","HOT_SWEEP_80","80","0.074597463"
"2026-08-04 10:47:36.625 +07:00","3030.284","HOT_SWEEP_80","80","0.075461864"
"2026-08-04 10:47:37.307 +07:00","3030.967","HOT_SWEEP_80","80","0.075589418"
"2026-08-04 10:47:38.000 +07:00","3031.661","HOT_SWEEP_80","80","0.075689122"
"2026-08-04 10:47:38.695 +07:00","3032.354","HOT_SWEEP_80","80","0.076494865"
"2026-08-04 10:47:39.381 +07:00","3033.042","HOT_SWEEP_80","80","0.076416977"
"2026-08-04 10:47:40.090 +07:00","3033.75","HOT_SWEEP_80","80","0.076610833"
"2026-08-04 10:47:40.773 +07:00","3034.43","HOT_SWEEP_80","80","0.076131955"
"2026-08-04 10:47:41.458 +07:00","3035.117","HOT_SWEEP_80","80","0.076272145"
"2026-08-04 10:47:42.153 +07:00","3035.811","HOT_SWEEP_80","80","0.076157317"
"2026-08-04 10:47:42.832 +07:00","3036.493","HOT_SWEEP_80","80","0.0758873"
"2026-08-04 10:47:43.526 +07:00","3037.185","HOT_SWEEP_80","80","0.075689703"
"2026-08-04 10:47:44.200 +07:00","3037.861","HOT_SWEEP_80","80","0.07565324"
"2026-08-04 10:47:44.912 +07:00","3038.573","HOT_SWEEP_80","80","0.0750788"
"2026-08-04 10:47:45.596 +07:00","3039.257","HOT_SWEEP_80","80","0.075609408"
"2026-08-04 10:47:46.288 +07:00","3039.947","HOT_SWEEP_80","80","0.075534299"
"2026-08-04 10:47:46.972 +07:00","3040.631","HOT_SWEEP_80","80","0.074888341"
"2026-08-04 10:47:47.671 +07:00","3041.33","HOT_SWEEP_80","80","0.075563118"
"2026-08-04 10:47:48.344 +07:00","3042.005","HOT_SWEEP_80","80","0.075284705"
"2026-08-04 10:47:49.028 +07:00","3042.689","HOT_SWEEP_80","80","0.074185058"
"2026-08-04 10:47:49.718 +07:00","3043.376","HOT_SWEEP_80","80","0.074812248"
"2026-08-04 10:47:50.402 +07:00","3044.061","HOT_SWEEP_80","80","0.074637696"
"2026-08-04 10:47:51.078 +07:00","3044.739","HOT_SWEEP_80","80","0.074177817"
"2026-08-04 10:47:51.785 +07:00","3045.444","HOT_SWEEP_80","80","0.074697904"
"2026-08-04 10:47:52.485 +07:00","3046.144","HOT_SWEEP_80","80","0.07430499"
"2026-08-04 10:47:53.183 +07:00","3046.842","HOT_SWEEP_80","80","0.074162304"
"2026-08-04 10:47:53.868 +07:00","3047.521","HOT_SWEEP_80","80","0.074183412"
"2026-08-04 10:47:54.551 +07:00","3048.21","HOT_SWEEP_80","80","0.074603118"
"2026-08-04 10:47:55.241 +07:00","3048.902","HOT_SWEEP_80","80","0.074397661"
"2026-08-04 10:47:55.925 +07:00","3049.586","HOT_SWEEP_80","80","0.074189991"
"2026-08-04 10:47:56.616 +07:00","3050.275","HOT_SWEEP_80","80","0.074824914"
"2026-08-04 10:47:57.299 +07:00","3050.958","HOT_SWEEP_80","80","0.074894667"
"2026-08-04 10:47:57.999 +07:00","3051.658","HOT_SWEEP_80","80","0.074883036"
"2026-08-04 10:47:58.705 +07:00","3052.363","HOT_SWEEP_80","80","0.075159699"
"2026-08-04 10:47:59.399 +07:00","3053.057","HOT_SWEEP_80","80","0.074965812"
"2026-08-04 10:48:00.072 +07:00","3053.733","HOT_SWEEP_80","80","0.07471396"
"2026-08-04 10:48:00.753 +07:00","3054.414","HOT_SWEEP_80","80","0.074895911"
"2026-08-04 10:48:01.456 +07:00","3055.117","HOT_SWEEP_80","80","0.074716225"
"2026-08-04 10:48:02.145 +07:00","3055.805","HOT_SWEEP_80","80","0.074560292"
"2026-08-04 10:48:02.825 +07:00","3056.486","HOT_SWEEP_80","80","0.074809581"
"2026-08-04 10:48:03.529 +07:00","3057.188","HOT_SWEEP_80","80","0.074819736"
"2026-08-04 10:48:04.203 +07:00","3057.864","HOT_SWEEP_80","80","0.074379727"
"2026-08-04 10:48:04.883 +07:00","3058.541","HOT_SWEEP_80","80","0.074115336"
"2026-08-04 10:48:05.601 +07:00","3059.261","HOT_SWEEP_80","80","0.074822374"
"2026-08-04 10:48:06.288 +07:00","3059.949","HOT_SWEEP_80","80","0.074957676"
"2026-08-04 10:48:06.978 +07:00","3060.637","HOT_SWEEP_80","80","0.074953489"
"2026-08-04 10:48:07.662 +07:00","3061.323","HOT_SWEEP_80","80","0.076092169"
"2026-08-04 10:48:08.355 +07:00","3062","HOT_SWEEP_80","80","0.075635031"
"2026-08-04 10:48:09.046 +07:00","3062.707","HOT_SWEEP_80","80","0.075658917"
"2026-08-04 10:48:09.732 +07:00","3063.387","HOT_SWEEP_80","80","0.076333858"
"2026-08-04 10:48:10.424 +07:00","3064.081","HOT_SWEEP_80","80","0.076164611"
"2026-08-04 10:48:11.118 +07:00","3064.773","HOT_SWEEP_80","80","0.076034009"
"2026-08-04 10:48:11.791 +07:00","3065.452","HOT_SWEEP_80","80","0.076570973"
"2026-08-04 10:48:12.493 +07:00","3066.151","HOT_SWEEP_80","80","0.076342121"
"2026-08-04 10:48:13.167 +07:00","3066.828","HOT_SWEEP_80","80","0.076268122"
"2026-08-04 10:48:13.851 +07:00","3067.507","HOT_SWEEP_80","80","0.076087371"
"2026-08-04 10:48:14.544 +07:00","3068.204","HOT_SWEEP_80","80","0.075992897"
"2026-08-04 10:48:15.232 +07:00","3068.893","HOT_SWEEP_80","80","0.075980067"
"2026-08-04 10:48:15.916 +07:00","3069.577","HOT_SWEEP_80","80","0.075649828"
"2026-08-04 10:48:16.617 +07:00","3070.272","HOT_SWEEP_80","80","0.076368913"
"2026-08-04 10:48:17.308 +07:00","3070.97","HOT_SWEEP_80","80","0.07590463"
"2026-08-04 10:48:17.990 +07:00","3071.649","HOT_SWEEP_80","80","0.075759917"
"2026-08-04 10:48:18.681 +07:00","3072.342","HOT_SWEEP_80","80","0.076689377"
"2026-08-04 10:48:19.374 +07:00","3073.025","HOT_SWEEP_80","80","0.076680377"
"2026-08-04 10:48:20.055 +07:00","3073.714","HOT_SWEEP_80","80","0.076246135"
"2026-08-04 10:48:20.737 +07:00","3074.397","HOT_SWEEP_80","80","0.077012554"
"2026-08-04 10:48:21.439 +07:00","3075.098","HOT_SWEEP_80","80","0.077133253"
"2026-08-04 10:48:22.111 +07:00","3075.772","HOT_SWEEP_80","80","0.076930441"
"2026-08-04 10:48:22.778 +07:00","3076.439","HOT_SWEEP_80","80","0.077256605"
"2026-08-04 10:48:23.456 +07:00","3077.112","HOT_SWEEP_80","80","0.077260651"
"2026-08-04 10:48:24.147 +07:00","3077.792","HOT_SWEEP_80","80","0.077123128"
"2026-08-04 10:48:24.830 +07:00","3078.491","HOT_SWEEP_80","80","0.077295959"
"2026-08-04 10:48:25.515 +07:00","3079.176","HOT_SWEEP_80","80","0.077525549"
"2026-08-04 10:48:26.227 +07:00","3079.884","HOT_SWEEP_80","80","0.077160202"
"2026-08-04 10:48:26.911 +07:00","3080.57","HOT_SWEEP_80","80","0.077164114"
"2026-08-04 10:48:27.593 +07:00","3081.254","HOT_SWEEP_80","80","0.077917174"
"2026-08-04 10:48:28.263 +07:00","3081.924","HOT_SWEEP_80","80","0.077408239"
"2026-08-04 10:48:28.957 +07:00","3082.614","HOT_SWEEP_80","80","0.07701651"
"2026-08-04 10:48:29.644 +07:00","3083.305","HOT_SWEEP_80","80","0.078185603"
"2026-08-04 10:48:30.330 +07:00","3083.991","HOT_SWEEP_80","80","0.077616803"
"2026-08-04 10:48:31.012 +07:00","3084.673","HOT_SWEEP_80","80","0.077351563"
"2026-08-04 10:48:31.709 +07:00","3085.365","HOT_SWEEP_80","80","0.077962786"
"2026-08-04 10:48:32.394 +07:00","3086.055","HOT_SWEEP_80","80","0.077514112"
"2026-08-04 10:48:33.098 +07:00","3086.759","HOT_SWEEP_80","80","0.077188909"
"2026-08-04 10:48:33.781 +07:00","3087.442","HOT_SWEEP_80","80","0.077236898"
"2026-08-04 10:48:34.483 +07:00","3088.142","HOT_SWEEP_80","80","0.07691019"
"2026-08-04 10:48:35.168 +07:00","3088.821","HOT_SWEEP_80","80","0.076805808"
"2026-08-04 10:48:35.842 +07:00","3089.503","HOT_SWEEP_80","80","0.077113174"
"2026-08-04 10:48:36.548 +07:00","3090.203","HOT_SWEEP_80","80","0.077052198"
"2026-08-04 10:48:37.240 +07:00","3090.89","HOT_SWEEP_80","80","0.076767519"
"2026-08-04 10:48:37.924 +07:00","3091.585","HOT_SWEEP_80","80","0.076806143"
"2026-08-04 10:48:38.607 +07:00","3092.268","HOT_SWEEP_80","80","0.077408902"
"2026-08-04 10:48:39.295 +07:00","3092.956","HOT_SWEEP_80","80","0.077122517"
"2026-08-04 10:48:39.991 +07:00","3093.652","HOT_SWEEP_80","80","0.076865807"
"2026-08-04 10:48:40.678 +07:00","3094.339","HOT_SWEEP_80","80","0.077855423"
"2026-08-04 10:48:41.369 +07:00","3095.026","HOT_SWEEP_80","80","0.077748492"
"2026-08-04 10:48:42.050 +07:00","3095.709","HOT_SWEEP_80","80","0.077501722"
"2026-08-04 10:48:42.747 +07:00","3096.401","HOT_SWEEP_80","80","0.078311026"
"2026-08-04 10:48:43.423 +07:00","3097.084","HOT_SWEEP_80","80","0.078078523"
"2026-08-04 10:48:44.116 +07:00","3097.767","HOT_SWEEP_80","80","0.078007914"
"2026-08-04 10:48:44.805 +07:00","3098.466","HOT_SWEEP_80","80","0.07859908"
"2026-08-04 10:48:45.490 +07:00","3099.151","HOT_SWEEP_80","80","0.078365207"
"2026-08-04 10:48:46.186 +07:00","3099.831","HOT_SWEEP_80","80","0.078068241"
"2026-08-04 10:48:46.875 +07:00","3100.532","HOT_SWEEP_80","80","0.078333557"
"2026-08-04 10:48:47.566 +07:00","3101.225","HOT_SWEEP_80","80","0.078530006"
"2026-08-04 10:48:48.254 +07:00","3101.915","HOT_SWEEP_80","80","0.07806994"
"2026-08-04 10:48:48.944 +07:00","3102.604","HOT_SWEEP_80","80","0.077908717"
"2026-08-04 10:48:49.636 +07:00","3103.297","HOT_SWEEP_80","80","0.078316249"
"2026-08-04 10:48:50.319 +07:00","3103.98","HOT_SWEEP_80","80","0.078076079"
"2026-08-04 10:48:51.003 +07:00","3104.664","HOT_SWEEP_80","80","0.077831015"
"2026-08-04 10:48:51.685 +07:00","3105.346","HOT_SWEEP_80","80","0.07829798"
"2026-08-04 10:48:52.370 +07:00","3106.031","HOT_SWEEP_80","80","0.078322068"
"2026-08-04 10:48:53.054 +07:00","3106.715","HOT_SWEEP_80","80","0.078100026"
"2026-08-04 10:48:53.750 +07:00","3107.411","HOT_SWEEP_80","80","0.078906089"
"2026-08-04 10:48:54.434 +07:00","3108.095","HOT_SWEEP_80","80","0.078786403"
"2026-08-04 10:48:55.119 +07:00","3108.78","HOT_SWEEP_80","80","0.078587435"
"2026-08-04 10:48:55.800 +07:00","3109.461","HOT_SWEEP_80","80","0.079023764"
"2026-08-04 10:48:56.484 +07:00","3110.145","HOT_SWEEP_80","80","0.078821577"
"2026-08-04 10:48:57.176 +07:00","3110.834","HOT_SWEEP_80","80","0.078353419999999993"
"2026-08-04 10:48:57.866 +07:00","3111.527","HOT_SWEEP_80","80","0.078657463"
"2026-08-04 10:48:58.560 +07:00","3112.205","HOT_SWEEP_80","80","0.078885928"
"2026-08-04 10:48:59.249 +07:00","3112.91","HOT_SWEEP_80","80","0.07839103"
"2026-08-04 10:48:59.940 +07:00","3113.593","HOT_SWEEP_80","80","0.078218915"
"2026-08-04 10:49:00.632 +07:00","3114.293","HOT_SWEEP_80","80","0.078774616"
"2026-08-04 10:49:01.322 +07:00","3114.975","HOT_SWEEP_80","80","0.078266576"
"2026-08-04 10:49:02.004 +07:00","3115.663","HOT_SWEEP_80","80","0.078287385"
"2026-08-04 10:49:02.697 +07:00","3116.358","HOT_SWEEP_80","80","0.079084471"
"2026-08-04 10:49:03.380 +07:00","3117.041","HOT_SWEEP_80","80","0.078913189"
"2026-08-04 10:49:04.063 +07:00","3117.724","HOT_SWEEP_80","80","0.078867041"
"2026-08-04 10:49:04.747 +07:00","3118.408","HOT_SWEEP_80","80","0.079069659"
"2026-08-04 10:49:05.429 +07:00","3119.09","HOT_SWEEP_80","80","0.078816496"
"2026-08-04 10:49:06.103 +07:00","3119.764","HOT_SWEEP_80","80","0.078468725"
"2026-08-04 10:49:06.788 +07:00","3120.442","HOT_SWEEP_80","80","0.078863695"
"2026-08-04 10:49:07.481 +07:00","3121.142","HOT_SWEEP_80","80","0.078457564"
"2026-08-04 10:49:08.174 +07:00","3121.834","HOT_SWEEP_80","80","0.077987403"
"2026-08-04 10:49:08.861 +07:00","3122.522","HOT_SWEEP_80","80","0.078056797"
"2026-08-04 10:49:09.562 +07:00","3123.223","HOT_SWEEP_80","80","0.077956006"
"2026-08-04 10:49:10.250 +07:00","3123.909","HOT_SWEEP_80","80","0.077421866"
"2026-08-04 10:49:10.927 +07:00","3124.588","HOT_SWEEP_80","80","0.077138677"
"2026-08-04 10:49:11.615 +07:00","3125.266","HOT_SWEEP_80","80","0.077965312"
"2026-08-04 10:49:12.316 +07:00","3125.975","HOT_SWEEP_80","80","0.077534571"
"2026-08-04 10:49:13.011 +07:00","3126.671","HOT_SWEEP_80","80","0.077328525"
"2026-08-04 10:49:13.695 +07:00","3127.355","HOT_SWEEP_80","80","0.078496799"
"2026-08-04 10:49:14.415 +07:00","3128.068","HOT_SWEEP_80","80","0.078310005"
"2026-08-04 10:49:15.105 +07:00","3128.763","HOT_SWEEP_80","80","0.078281276"
"2026-08-04 10:49:15.788 +07:00","3129.448","HOT_SWEEP_80","80","0.078624025"
"2026-08-04 10:49:16.475 +07:00","3130.136","HOT_SWEEP_80","80","0.078574225"
"2026-08-04 10:49:17.173 +07:00","3130.832","HOT_SWEEP_80","80","0.078607582"
"2026-08-04 10:49:17.866 +07:00","3131.525","HOT_SWEEP_80","80","0.078906767"
"2026-08-04 10:49:18.556 +07:00","3132.217","HOT_SWEEP_80","80","0.078752391"
"2026-08-04 10:49:19.251 +07:00","3132.909","HOT_SWEEP_80","80","0.078778073"
"2026-08-04 10:49:19.940 +07:00","3133.6","HOT_SWEEP_80","80","0.078775123"
"2026-08-04 10:49:20.625 +07:00","3134.286","HOT_SWEEP_80","80","0.078814343"
"2026-08-04 10:49:21.325 +07:00","3134.977","HOT_SWEEP_80","80","0.078665301"
"2026-08-04 10:49:22.015 +07:00","3135.676","HOT_SWEEP_80","80","0.078549623"
"2026-08-04 10:49:22.705 +07:00","3136.366","HOT_SWEEP_80","80","0.079304576"
"2026-08-04 10:49:23.388 +07:00","3137.049","HOT_SWEEP_80","80","0.079348586"
"2026-08-04 10:49:24.067 +07:00","3137.727","HOT_SWEEP_80","80","0.078990348"
"2026-08-04 10:49:24.764 +07:00","3138.414","HOT_SWEEP_80","80","0.079930022"
"2026-08-04 10:49:25.442 +07:00","3139.102","HOT_SWEEP_80","80","0.079827473"
"2026-08-04 10:49:26.143 +07:00","3139.801","HOT_SWEEP_80","80","0.079555847"
"2026-08-04 10:49:26.809 +07:00","3140.47","HOT_SWEEP_80","80","0.080036193"
"2026-08-04 10:49:27.506 +07:00","3141.167","HOT_SWEEP_80","80","0.07988821"
"2026-08-04 10:49:28.203 +07:00","3141.863","HOT_SWEEP_80","80","0.079584233"
"2026-08-04 10:49:28.896 +07:00","3142.554","HOT_SWEEP_80","80","0.079689123"
"2026-08-04 10:49:29.584 +07:00","3143.245","HOT_SWEEP_80","80","0.079744406"
"2026-08-04 10:49:30.276 +07:00","3143.932","HOT_SWEEP_80","80","0.07906013"
"2026-08-04 10:49:30.966 +07:00","3144.627","HOT_SWEEP_80","80","0.079127133"
"2026-08-04 10:49:31.656 +07:00","3145.314","HOT_SWEEP_80","80","0.079484195"
"2026-08-04 10:49:32.336 +07:00","3145.997","HOT_SWEEP_80","80","0.079076156"
"2026-08-04 10:49:33.020 +07:00","3146.681","HOT_SWEEP_80","80","0.078993365"
"2026-08-04 10:49:33.715 +07:00","3147.376","HOT_SWEEP_80","80","0.079804629"
"2026-08-04 10:49:34.413 +07:00","3148.074","HOT_SWEEP_80","80","0.079369254"
"2026-08-04 10:49:35.119 +07:00","3148.78","HOT_SWEEP_80","80","0.079266824"
"2026-08-04 10:49:35.808 +07:00","3149.46","HOT_SWEEP_80","80","0.079642221"
"2026-08-04 10:49:36.480 +07:00","3150.141","HOT_SWEEP_80","80","0.079396561"
"2026-08-04 10:49:37.165 +07:00","3150.825","HOT_SWEEP_80","80","0.079441622"
"2026-08-04 10:49:37.855 +07:00","3151.514","HOT_SWEEP_80","80","0.079564646"
"2026-08-04 10:49:38.541 +07:00","3152.198","HOT_SWEEP_80","80","0.079223387"
"2026-08-04 10:49:39.230 +07:00","3152.891","HOT_SWEEP_80","80","0.078977413"
"2026-08-04 10:49:39.920 +07:00","3153.579","HOT_SWEEP_80","80","0.079023644"
"2026-08-04 10:49:40.598 +07:00","3154.259","HOT_SWEEP_80","80","0.079113826"
"2026-08-04 10:49:41.290 +07:00","3154.947","HOT_SWEEP_80","80","0.079014704"
"2026-08-04 10:49:41.990 +07:00","3155.649","HOT_SWEEP_80","80","0.078746483"
"2026-08-04 10:49:42.685 +07:00","3156.341","HOT_SWEEP_80","80","0.079781033"
"2026-08-04 10:49:43.370 +07:00","3157.023","HOT_SWEEP_80","80","0.079394802"
"2026-08-04 10:49:44.055 +07:00","3157.706","HOT_SWEEP_80","80","0.079352848"
"2026-08-04 10:49:44.752 +07:00","3158.411","HOT_SWEEP_80","80","0.080554694"
"2026-08-04 10:49:45.429 +07:00","3159.09","HOT_SWEEP_80","80","0.080401473"
"2026-08-04 10:49:46.112 +07:00","3159.773","HOT_SWEEP_80","80","0.080483437"
"2026-08-04 10:49:46.816 +07:00","3160.477","HOT_SWEEP_80","80","0.081163689"
"2026-08-04 10:49:47.511 +07:00","3161.168","HOT_SWEEP_80","80","0.080946296"
"2026-08-04 10:49:48.198 +07:00","3161.857","HOT_SWEEP_80","80","0.080592871"
"2026-08-04 10:49:48.914 +07:00","3162.573","HOT_SWEEP_80","80","0.080711089"
"2026-08-04 10:49:49.612 +07:00","3163.271","HOT_SWEEP_80","80","0.080551013"
"2026-08-04 10:49:50.297 +07:00","3163.955","HOT_SWEEP_80","80","0.080543734"
"2026-08-04 10:49:50.980 +07:00","3164.639","HOT_SWEEP_80","80","0.080074921"
"2026-08-04 10:49:51.663 +07:00","3165.322","HOT_SWEEP_80","80","0.080314793"
"2026-08-04 10:49:52.362 +07:00","3166.022","HOT_SWEEP_80","80","0.080165818"
"2026-08-04 10:49:53.047 +07:00","3166.705","HOT_SWEEP_80","80","0.079853795"
"2026-08-04 10:49:53.728 +07:00","3167.387","HOT_SWEEP_80","80","0.080340013"
"2026-08-04 10:49:54.428 +07:00","3168.087","HOT_SWEEP_80","80","0.080219574"
"2026-08-04 10:49:55.127 +07:00","3168.787","HOT_SWEEP_80","80","0.080283508"
"2026-08-04 10:49:55.827 +07:00","3169.486","HOT_SWEEP_80","80","0.081029162"
"2026-08-04 10:49:56.510 +07:00","3170.17","HOT_SWEEP_80","80","0.080848552"
"2026-08-04 10:49:57.193 +07:00","3170.852","HOT_SWEEP_80","80","0.080451638"
"2026-08-04 10:49:57.893 +07:00","3171.551","HOT_SWEEP_80","80","0.080932029"
"2026-08-04 10:49:58.578 +07:00","3172.235","HOT_SWEEP_80","80","0.080603786"
"2026-08-04 10:49:59.260 +07:00","3172.92","HOT_SWEEP_80","80","0.08019466"
"2026-08-04 10:49:59.958 +07:00","3173.617","HOT_SWEEP_80","80","0.080061518"
"2026-08-04 10:50:00.658 +07:00","3174.318","HOT_SWEEP_80","80","0.080191121"
"2026-08-04 10:50:01.341 +07:00","3175.001","HOT_SWEEP_80","80","0.079767212"
"2026-08-04 10:50:02.024 +07:00","3175.684","HOT_SWEEP_80","80","0.079457849"
"2026-08-04 10:50:02.723 +07:00","3176.383","HOT_SWEEP_80","80","0.079903692"
"2026-08-04 10:50:03.424 +07:00","3177.083","HOT_SWEEP_80","80","0.079773128"
"2026-08-04 10:50:04.109 +07:00","3177.766","HOT_SWEEP_80","80","0.079493098"
"2026-08-04 10:50:04.790 +07:00","3178.449","HOT_SWEEP_80","80","0.079832874"
"2026-08-04 10:50:05.489 +07:00","3179.147","HOT_SWEEP_80","80","0.079634659"
"2026-08-04 10:50:06.170 +07:00","3179.829","HOT_SWEEP_80","80","0.079597741"
"2026-08-04 10:50:06.855 +07:00","3180.515","HOT_SWEEP_80","80","0.079878241"
"2026-08-04 10:50:07.538 +07:00","3181.197","HOT_SWEEP_80","80","0.07948266"
"2026-08-04 10:50:08.237 +07:00","3181.897","HOT_SWEEP_80","80","0.079299018"
"2026-08-04 10:50:08.922 +07:00","3182.579","HOT_SWEEP_80","80","0.079448983"
"2026-08-04 10:50:09.619 +07:00","3183.279","HOT_SWEEP_80","80","0.07960359"
"2026-08-04 10:50:10.303 +07:00","3183.963","HOT_SWEEP_80","80","0.079137228"
"2026-08-04 10:50:11.002 +07:00","3184.662","HOT_SWEEP_80","80","0.079071119"
"2026-08-04 10:50:11.686 +07:00","3185.345","HOT_SWEEP_80","80","0.079819858"
"2026-08-04 10:50:12.371 +07:00","3186.029","HOT_SWEEP_80","80","0.079672381"
"2026-08-04 10:50:13.055 +07:00","3186.712","HOT_SWEEP_80","80","0.079567261"
"2026-08-04 10:50:13.751 +07:00","3187.409","HOT_SWEEP_80","80","0.080595903"
"2026-08-04 10:50:14.435 +07:00","3188.095","HOT_SWEEP_80","80","0.080451623"
"2026-08-04 10:50:15.118 +07:00","3188.778","HOT_SWEEP_80","80","0.08039932"
"2026-08-04 10:50:15.818 +07:00","3189.477","HOT_SWEEP_80","80","0.081171162"
"2026-08-04 10:50:16.517 +07:00","3190.177","HOT_SWEEP_80","80","0.080735788"
"2026-08-04 10:50:17.200 +07:00","3190.858","HOT_SWEEP_80","80","0.080621406"
"2026-08-04 10:50:17.885 +07:00","3191.543","HOT_SWEEP_80","80","0.080820218"
"2026-08-04 10:50:18.581 +07:00","3192.24","HOT_SWEEP_80","80","0.080489859"
"2026-08-04 10:50:19.267 +07:00","3192.927","HOT_SWEEP_80","80","0.080295086"
"2026-08-04 10:50:19.949 +07:00","3193.608","HOT_SWEEP_80","80","0.080099717"
"2026-08-04 10:50:20.632 +07:00","3194.292","HOT_SWEEP_80","80","0.080234826"
"2026-08-04 10:50:21.331 +07:00","3194.991","HOT_SWEEP_80","80","0.08003284"
"2026-08-04 10:50:22.017 +07:00","3195.676","HOT_SWEEP_80","80","0.079862989"
"2026-08-04 10:50:22.700 +07:00","3196.358","HOT_SWEEP_80","80","0.080429234"
"2026-08-04 10:50:23.398 +07:00","3197.057","HOT_SWEEP_80","80","0.080460683"
"2026-08-04 10:50:24.098 +07:00","3197.755","HOT_SWEEP_80","80","0.080279492"
"2026-08-04 10:50:24.780 +07:00","3198.439","HOT_SWEEP_80","80","0.081424206"
"2026-08-04 10:50:25.462 +07:00","3199.122","HOT_SWEEP_80","80","0.081357852"
"2026-08-04 10:50:26.147 +07:00","3199.807","HOT_SWEEP_80","80","0.080984592"
"2026-08-04 10:50:26.847 +07:00","3200.506","HOT_SWEEP_80","80","0.081893101"
"2026-08-04 10:50:27.530 +07:00","3201.188","HOT_SWEEP_80","80","0.081791416"
"2026-08-04 10:50:28.211 +07:00","3201.871","HOT_SWEEP_80","80","0.081377871"
"2026-08-04 10:50:28.912 +07:00","3202.571","HOT_SWEEP_80","80","0.081575431"
"2026-08-04 10:50:29.610 +07:00","3203.269","HOT_SWEEP_80","80","0.081464395"
"2026-08-04 10:50:30.310 +07:00","3203.97","HOT_SWEEP_80","80","0.081210472"
"2026-08-04 10:50:30.994 +07:00","3204.652","HOT_SWEEP_80","80","0.08111541"
"2026-08-04 10:50:31.677 +07:00","3205.336","HOT_SWEEP_80","80","0.081323259"
"2026-08-04 10:50:32.377 +07:00","3206.035","HOT_SWEEP_80","80","0.081186093"
"2026-08-04 10:50:33.062 +07:00","3206.72","HOT_SWEEP_80","80","0.081123382"
"2026-08-04 10:50:33.743 +07:00","3207.402","HOT_SWEEP_80","80","0.081507705"
"2026-08-04 10:50:34.441 +07:00","3208.102","HOT_SWEEP_80","80","0.081180297"
"2026-08-04 10:50:35.126 +07:00","3208.784","HOT_SWEEP_80","80","0.081018344"
"2026-08-04 10:50:35.809 +07:00","3209.468","HOT_SWEEP_80","80","0.081524298"
"2026-08-04 10:50:36.491 +07:00","3210.151","HOT_SWEEP_80","80","0.081189498"
"2026-08-04 10:50:37.193 +07:00","3210.853","HOT_SWEEP_80","80","0.080718748"
"2026-08-04 10:50:37.890 +07:00","3211.55","HOT_SWEEP_80","80","0.081064448"
"2026-08-04 10:50:38.573 +07:00","3212.233","HOT_SWEEP_80","80","0.080860794"
"2026-08-04 10:50:39.256 +07:00","3212.916","HOT_SWEEP_80","80","0.080403879"
"2026-08-04 10:50:39.957 +07:00","3213.615","HOT_SWEEP_80","80","0.080309838"
"2026-08-04 10:50:40.641 +07:00","3214.3","HOT_SWEEP_80","80","0.080375001"
"2026-08-04 10:50:41.325 +07:00","3214.981","HOT_SWEEP_80","80","0.080293104"
"2026-08-04 10:50:42.011 +07:00","3215.669","HOT_SWEEP_80","80","0.080435477"
"2026-08-04 10:50:42.707 +07:00","3216.364","HOT_SWEEP_80","80","0.081069306"
"2026-08-04 10:50:43.388 +07:00","3217.047","HOT_SWEEP_80","80","0.080853157"
"2026-08-04 10:50:44.088 +07:00","3217.747","HOT_SWEEP_80","80","0.08043249"
"2026-08-04 10:50:44.789 +07:00","3218.447","HOT_SWEEP_80","80","0.081170365"
"2026-08-04 10:50:45.488 +07:00","3219.146","HOT_SWEEP_80","80","0.0809348"
"2026-08-04 10:50:46.172 +07:00","3219.831","HOT_SWEEP_80","80","0.080736294"
"2026-08-04 10:50:46.853 +07:00","3220.512","HOT_SWEEP_80","80","0.081581697"
"2026-08-04 10:50:47.540 +07:00","3221.199","HOT_SWEEP_80","80","0.081391573"
"2026-08-04 10:50:48.237 +07:00","3221.895","HOT_SWEEP_80","80","0.080946788"
"2026-08-04 10:50:48.919 +07:00","3222.578","HOT_SWEEP_80","80","0.080932871"
"2026-08-04 10:50:49.606 +07:00","3223.261","HOT_SWEEP_80","80","0.080745064"
"2026-08-04 10:50:50.302 +07:00","3223.962","HOT_SWEEP_80","80","0.080624864"
"2026-08-04 10:50:51.001 +07:00","3224.66","HOT_SWEEP_80","80","0.080961898"
"2026-08-04 10:50:51.683 +07:00","3225.343","HOT_SWEEP_80","80","0.081134334"
"2026-08-04 10:50:52.368 +07:00","3226.027","HOT_SWEEP_80","80","0.080895342"
"2026-08-04 10:50:53.068 +07:00","3226.726","HOT_SWEEP_80","80","0.080657825"
"2026-08-04 10:50:53.771 +07:00","3227.429","HOT_SWEEP_80","80","0.081058972"
"2026-08-04 10:50:54.468 +07:00","3228.127","HOT_SWEEP_80","80","0.080929026"
"2026-08-04 10:50:55.152 +07:00","3228.808","HOT_SWEEP_80","80","0.080734864"
"2026-08-04 10:50:55.849 +07:00","3229.508","HOT_SWEEP_80","80","0.081389144"
"2026-08-04 10:50:56.533 +07:00","3230.192","HOT_SWEEP_80","80","0.081389464"
"2026-08-04 10:50:57.215 +07:00","3230.875","HOT_SWEEP_80","80","0.080947518"
"2026-08-04 10:50:57.932 +07:00","3231.591","HOT_SWEEP_80","80","0.081343397"
"2026-08-04 10:50:58.630 +07:00","3232.289","HOT_SWEEP_80","80","0.081338145"
"2026-08-04 10:50:59.314 +07:00","3232.973","HOT_SWEEP_80","80","0.081145041"
"2026-08-04 10:50:59.998 +07:00","3233.658","HOT_SWEEP_80","80","0.081338778"
"2026-08-04 10:51:00.679 +07:00","3234.339","HOT_SWEEP_80","80","0.08139246"
"2026-08-04 10:51:01.380 +07:00","3235.04","HOT_SWEEP_80","80","0.081070691"
"2026-08-04 10:51:02.064 +07:00","3235.723","HOT_SWEEP_80","80","0.081008084"
"2026-08-04 10:51:02.746 +07:00","3236.406","HOT_SWEEP_80","80","0.081473783"
"2026-08-04 10:51:03.429 +07:00","3237.089","HOT_SWEEP_80","80","0.08112058"
"2026-08-04 10:51:04.128 +07:00","3237.788","HOT_SWEEP_80","80","0.080952242"
"2026-08-04 10:51:04.829 +07:00","3238.488","HOT_SWEEP_80","80","0.081423894"
"2026-08-04 10:51:05.512 +07:00","3239.17","HOT_SWEEP_80","80","0.081138253"
"2026-08-04 10:51:06.197 +07:00","3239.856","HOT_SWEEP_80","80","0.080718219"
"2026-08-04 10:51:06.894 +07:00","3240.553","HOT_SWEEP_80","80","0.080804929"
"2026-08-04 10:51:07.578 +07:00","3241.236","HOT_SWEEP_80","80","0.080608636"
"2026-08-04 10:51:08.261 +07:00","3241.92","HOT_SWEEP_80","80","0.080197938"
"2026-08-04 10:51:08.959 +07:00","3242.619","HOT_SWEEP_80","80","0.080236033"
"2026-08-04 10:51:09.643 +07:00","3243.301","HOT_SWEEP_80","80","0.080247059"
"2026-08-04 10:51:10.325 +07:00","3243.984","HOT_SWEEP_80","80","0.079823837"
"2026-08-04 10:51:11.010 +07:00","3244.668","HOT_SWEEP_80","80","0.07963793"
"2026-08-04 10:51:11.728 +07:00","3245.387","HOT_SWEEP_80","80","0.080003127"
"2026-08-04 10:51:12.425 +07:00","3246.084","HOT_SWEEP_80","80","0.079652742"
"2026-08-04 10:51:13.109 +07:00","3246.765","HOT_SWEEP_80","80","0.079782404"
"2026-08-04 10:51:13.791 +07:00","3247.451","HOT_SWEEP_80","80","0.080915689"
"2026-08-04 10:51:14.490 +07:00","3248.15","HOT_SWEEP_80","80","0.080721363"
"2026-08-04 10:51:15.192 +07:00","3248.85","HOT_SWEEP_80","80","0.08063364"
"2026-08-04 10:51:15.869 +07:00","3249.529","HOT_SWEEP_80","80","0.081270725"
"2026-08-04 10:51:16.556 +07:00","3250.216","HOT_SWEEP_80","80","0.081020668"
"2026-08-04 10:51:17.256 +07:00","3250.915","HOT_SWEEP_80","80","0.081015736"
"2026-08-04 10:51:17.957 +07:00","3251.615","HOT_SWEEP_80","80","0.08137583"
"2026-08-04 10:51:18.655 +07:00","3252.315","HOT_SWEEP_80","80","0.081119671"
"2026-08-04 10:51:19.340 +07:00","3252.998","HOT_SWEEP_80","80","0.08097285"
"2026-08-04 10:51:20.038 +07:00","3253.696","HOT_SWEEP_80","80","0.080686793"
"2026-08-04 10:51:20.737 +07:00","3254.396","HOT_SWEEP_80","80","0.080657683"
"2026-08-04 10:51:21.422 +07:00","3255.081","HOT_SWEEP_80","80","0.080503471"
"2026-08-04 10:51:22.106 +07:00","3255.765","HOT_SWEEP_80","80","0.08027941"
"2026-08-04 10:51:22.804 +07:00","3256.463","HOT_SWEEP_80","80","0.080746315"
"2026-08-04 10:51:23.502 +07:00","3257.161","HOT_SWEEP_80","80","0.08054433"
"2026-08-04 10:51:24.185 +07:00","3257.844","HOT_SWEEP_80","80","0.080324546"
"2026-08-04 10:51:24.868 +07:00","3258.527","HOT_SWEEP_80","80","0.080935836"
"2026-08-04 10:51:25.568 +07:00","3259.227","HOT_SWEEP_80","80","0.08071126"
"2026-08-04 10:51:26.251 +07:00","3259.911","HOT_SWEEP_80","80","0.080312923"
"2026-08-04 10:51:26.937 +07:00","3260.597","HOT_SWEEP_80","80","0.080597505"
"2026-08-04 10:51:27.618 +07:00","3261.278","HOT_SWEEP_80","80","0.080462575"
"2026-08-04 10:51:28.316 +07:00","3261.975","HOT_SWEEP_80","80","0.079854466"
"2026-08-04 10:51:29.001 +07:00","3262.66","HOT_SWEEP_80","80","0.07984791"
"2026-08-04 10:51:29.683 +07:00","3263.342","HOT_SWEEP_80","80","0.079929143"
"2026-08-04 10:51:30.381 +07:00","3264.041","HOT_SWEEP_80","80","0.079786375"
"2026-08-04 10:51:31.083 +07:00","3264.743","HOT_SWEEP_80","80","0.079594769"
"2026-08-04 10:51:31.765 +07:00","3265.425","HOT_SWEEP_80","80","0.080038823"
"2026-08-04 10:51:32.466 +07:00","3266.126","HOT_SWEEP_80","80","0.079896018"
"2026-08-04 10:51:33.153 +07:00","3266.81","HOT_SWEEP_80","80","0.07976301"
"2026-08-04 10:51:33.847 +07:00","3267.507","HOT_SWEEP_80","80","0.080356851"
"2026-08-04 10:51:34.535 +07:00","3268.193","HOT_SWEEP_80","80","0.079980865"
"2026-08-04 10:51:35.217 +07:00","3268.877","HOT_SWEEP_80","80","0.079988316"
"2026-08-04 10:51:35.916 +07:00","3269.575","HOT_SWEEP_80","80","0.080256589"
"2026-08-04 10:51:36.607 +07:00","3270.252","HOT_SWEEP_80","80","0.079994537"
"2026-08-04 10:51:37.299 +07:00","3270.951","HOT_SWEEP_80","80","0.079425141"
"2026-08-04 10:51:37.975 +07:00","3271.636","HOT_SWEEP_80","80","0.079352953"
"2026-08-04 10:51:38.678 +07:00","3272.339","HOT_SWEEP_80","80","0.079259709"
"2026-08-04 10:51:39.390 +07:00","3273.051","HOT_SWEEP_80","80","0.07878796"
"2026-08-04 10:51:40.083 +07:00","3273.739","HOT_SWEEP_80","80","0.078937128"
"2026-08-04 10:51:40.756 +07:00","3274.417","HOT_SWEEP_80","80","0.07939402"
"2026-08-04 10:51:41.448 +07:00","3275.109","HOT_SWEEP_80","80","0.079302579"
"2026-08-04 10:51:42.138 +07:00","3275.799","HOT_SWEEP_80","80","0.079260789"
"2026-08-04 10:51:42.829 +07:00","3276.49","HOT_SWEEP_80","80","0.080136195"
"2026-08-04 10:51:43.497 +07:00","3277.158","HOT_SWEEP_80","80","0.079851322"
"2026-08-04 10:51:44.204 +07:00","3277.865","HOT_SWEEP_80","80","0.079876818"
"2026-08-04 10:51:44.886 +07:00","3278.545","HOT_SWEEP_80","80","0.080573186"
"2026-08-04 10:51:45.576 +07:00","3279.235","HOT_SWEEP_80","80","0.080443561"
"2026-08-04 10:51:46.292 +07:00","3279.947","HOT_SWEEP_80","80","0.080398716"
"2026-08-04 10:51:46.992 +07:00","3280.646","HOT_SWEEP_80","80","0.08053112"
"2026-08-04 10:51:47.691 +07:00","3281.352","HOT_SWEEP_80","80","0.08042369"
"2026-08-04 10:51:48.376 +07:00","3282.034","HOT_SWEEP_80","80","0.080278531"
"2026-08-04 10:51:49.064 +07:00","3282.725","HOT_SWEEP_80","80","0.080056638"
"2026-08-04 10:51:49.753 +07:00","3283.414","HOT_SWEEP_80","80","0.080351688"
"2026-08-04 10:51:50.463 +07:00","3284.118","HOT_SWEEP_80","80","0.080416188"
"2026-08-04 10:51:51.156 +07:00","3284.817","HOT_SWEEP_80","80","0.080256015"
"2026-08-04 10:51:51.835 +07:00","3285.496","HOT_SWEEP_80","80","0.080830537"
"2026-08-04 10:51:52.521 +07:00","3286.166","HOT_SWEEP_80","80","0.080770351"
"2026-08-04 10:51:53.222 +07:00","3286.883","HOT_SWEEP_80","80","0.08071778"
"2026-08-04 10:51:53.929 +07:00","3287.585","HOT_SWEEP_80","80","0.081093505"
"2026-08-04 10:51:54.623 +07:00","3288.279","HOT_SWEEP_80","80","0.081016973"
"2026-08-04 10:51:55.310 +07:00","3288.971","HOT_SWEEP_80","80","0.080675803"
"2026-08-04 10:51:56.013 +07:00","3289.674","HOT_SWEEP_80","80","0.080700748"
"2026-08-04 10:51:56.695 +07:00","3290.355","HOT_SWEEP_80","80","0.080681339"
"2026-08-04 10:51:57.381 +07:00","3291.042","HOT_SWEEP_80","80","0.080542222"
"2026-08-04 10:51:58.061 +07:00","3291.714","HOT_SWEEP_80","80","0.08041127"
"2026-08-04 10:51:58.746 +07:00","3292.401","HOT_SWEEP_80","80","0.080661148"
"2026-08-04 10:51:59.432 +07:00","3293.093","HOT_SWEEP_80","80","0.080305606"
"2026-08-04 10:52:00.145 +07:00","3293.806","HOT_SWEEP_80","80","0.080199763"
"2026-08-04 10:52:00.841 +07:00","3294.502","HOT_SWEEP_80","80","0.080786943"
"2026-08-04 10:52:01.531 +07:00","3295.188","HOT_SWEEP_80","80","0.080593869"
"2026-08-04 10:52:02.231 +07:00","3295.884","HOT_SWEEP_80","80","0.080601595"
"2026-08-04 10:52:02.923 +07:00","3296.58","HOT_SWEEP_80","80","0.080918029"
"2026-08-04 10:52:03.618 +07:00","3297.276","HOT_SWEEP_80","80","0.080723375"
"2026-08-04 10:52:04.321 +07:00","3297.972","HOT_SWEEP_80","80","0.080281131"
"2026-08-04 10:52:05.017 +07:00","3298.676","HOT_SWEEP_80","80","0.080365747"
"2026-08-04 10:52:05.703 +07:00","3299.364","HOT_SWEEP_80","80","0.080324516"
"2026-08-04 10:52:06.381 +07:00","3300.042","HOT_SWEEP_80","80","0.080217078"
"2026-08-04 10:52:07.119 +07:00","3300.774","HOT_SWEEP_80","80","0.080069497"
"2026-08-04 10:52:07.810 +07:00","3301.471","HOT_SWEEP_80","80","0.080378242"
"2026-08-04 10:52:08.501 +07:00","3302.155","HOT_SWEEP_80","80","0.080428079"
"2026-08-04 10:52:09.177 +07:00","3302.838","HOT_SWEEP_80","80","0.080523767"
"2026-08-04 10:52:09.860 +07:00","3303.521","HOT_SWEEP_80","80","0.081366807"
"2026-08-04 10:52:10.551 +07:00","3304.202","HOT_SWEEP_80","80","0.081318289"
"2026-08-04 10:52:11.234 +07:00","3304.886","HOT_SWEEP_80","80","0.081229195"
"2026-08-04 10:52:11.912 +07:00","3305.573","HOT_SWEEP_80","80","0.081910931"
"2026-08-04 10:52:12.596 +07:00","3306.257","HOT_SWEEP_80","80","0.081646167"
"2026-08-04 10:52:13.280 +07:00","3306.941","HOT_SWEEP_80","80","0.081382826"
"2026-08-04 10:52:13.974 +07:00","3307.635","HOT_SWEEP_80","80","0.081717685"
"2026-08-04 10:52:14.661 +07:00","3308.322","HOT_SWEEP_80","80","0.081463523"
"2026-08-04 10:52:15.345 +07:00","3309.006","HOT_SWEEP_80","80","0.081162378"
"2026-08-04 10:52:16.031 +07:00","3309.692","HOT_SWEEP_80","80","0.080798961"
"2026-08-04 10:52:16.716 +07:00","3310.373","HOT_SWEEP_80","80","0.081026509"
"2026-08-04 10:52:17.401 +07:00","3311.06","HOT_SWEEP_80","80","0.080852345"
"2026-08-04 10:52:18.088 +07:00","3311.749","HOT_SWEEP_80","80","0.080848485"
"2026-08-04 10:52:18.771 +07:00","3312.432","HOT_SWEEP_80","80","0.081586219"
"2026-08-04 10:52:19.456 +07:00","3313.117","HOT_SWEEP_80","80","0.081423394"
"2026-08-04 10:52:20.152 +07:00","3313.798","HOT_SWEEP_80","80","0.081333429"
"2026-08-04 10:52:20.865 +07:00","3314.52","HOT_SWEEP_80","80","0.082430869"
"2026-08-04 10:52:21.553 +07:00","3315.214","HOT_SWEEP_80","80","0.082268737"
"2026-08-04 10:52:22.237 +07:00","3315.898","HOT_SWEEP_80","80","0.081928529"
"2026-08-04 10:52:22.929 +07:00","3316.588","HOT_SWEEP_80","80","0.082677521"
"2026-08-04 10:52:23.619 +07:00","3317.28","HOT_SWEEP_80","80","0.082573958"
"2026-08-04 10:52:24.301 +07:00","3317.962","HOT_SWEEP_80","80","0.081984259"
"2026-08-04 10:52:24.992 +07:00","3318.651","HOT_SWEEP_80","80","0.0820354"
"2026-08-04 10:52:25.683 +07:00","3319.344","HOT_SWEEP_80","80","0.081936345"
"2026-08-04 10:52:26.387 +07:00","3320.048","HOT_SWEEP_80","80","0.081631973"
"2026-08-04 10:52:27.066 +07:00","3320.727","HOT_SWEEP_80","80","0.081532195"
"2026-08-04 10:52:27.788 +07:00","3321.449","HOT_SWEEP_80","80","0.081709027"
"2026-08-04 10:52:28.480 +07:00","3322.136","HOT_SWEEP_80","80","0.081389435"
"2026-08-04 10:52:29.167 +07:00","3322.828","HOT_SWEEP_80","80","0.081172168"
"2026-08-04 10:52:29.850 +07:00","3323.511","HOT_SWEEP_80","80","0.081607722"
"2026-08-04 10:52:30.538 +07:00","3324.199","HOT_SWEEP_80","80","0.081378289"
"2026-08-04 10:52:31.226 +07:00","3324.885","HOT_SWEEP_80","80","0.081243619"
"2026-08-04 10:52:31.903 +07:00","3325.564","HOT_SWEEP_80","80","0.081868075"
"2026-08-04 10:52:32.598 +07:00","3326.259","HOT_SWEEP_80","80","0.081744388"
"2026-08-04 10:52:33.283 +07:00","3326.944","HOT_SWEEP_80","80","0.081391633"
"2026-08-04 10:52:33.983 +07:00","3327.644","HOT_SWEEP_80","80","0.081603244"
"2026-08-04 10:52:34.689 +07:00","3328.348","HOT_SWEEP_80","80","0.081320569"
"2026-08-04 10:52:35.377 +07:00","3329.038","HOT_SWEEP_80","80","0.081268668"
"2026-08-04 10:52:36.068 +07:00","3329.729","HOT_SWEEP_80","80","0.081330866"
"2026-08-04 10:52:36.759 +07:00","3330.417","HOT_SWEEP_80","80","0.081723265"
"2026-08-04 10:52:37.454 +07:00","3331.104","HOT_SWEEP_80","80","0.081496298"
"2026-08-04 10:52:38.138 +07:00","3331.797","HOT_SWEEP_80","80","0.08136718"
"2026-08-04 10:52:38.830 +07:00","3332.488","HOT_SWEEP_80","80","0.082028672"
"2026-08-04 10:52:39.503 +07:00","3333.164","HOT_SWEEP_80","80","0.081724577"
"2026-08-04 10:52:40.203 +07:00","3333.855","HOT_SWEEP_80","80","0.081711069"
"2026-08-04 10:52:40.888 +07:00","3334.546","HOT_SWEEP_80","80","0.082630418"
"2026-08-04 10:52:41.603 +07:00","3335.258","HOT_SWEEP_80","80","0.082509249"
"2026-08-04 10:52:42.283 +07:00","3335.944","HOT_SWEEP_80","80","0.082194224"
"2026-08-04 10:52:42.969 +07:00","3336.63","HOT_SWEEP_80","80","0.08273983"
"2026-08-04 10:52:43.653 +07:00","3337.314","HOT_SWEEP_80","80","0.08260148"
"2026-08-04 10:52:44.333 +07:00","3337.994","HOT_SWEEP_80","80","0.082509592"
"2026-08-04 10:52:45.035 +07:00","3338.694","HOT_SWEEP_80","80","0.082741968"
"2026-08-04 10:52:45.713 +07:00","3339.374","HOT_SWEEP_80","80","0.082626238"
"2026-08-04 10:52:46.413 +07:00","3340.068","HOT_SWEEP_80","80","0.08254528"
"2026-08-04 10:52:47.116 +07:00","3340.774","HOT_SWEEP_80","80","0.08250244"
"2026-08-04 10:52:47.791 +07:00","3341.452","HOT_SWEEP_80","80","0.082997099"
"2026-08-04 10:52:48.493 +07:00","3342.154","HOT_SWEEP_80","80","0.082964696"
"2026-08-04 10:52:49.180 +07:00","3342.841","HOT_SWEEP_80","80","0.082734846"
"2026-08-04 10:52:49.877 +07:00","3343.538","HOT_SWEEP_80","80","0.083411649"
"2026-08-04 10:52:50.566 +07:00","3344.214","HOT_SWEEP_80","80","0.083344169"
"2026-08-04 10:52:51.257 +07:00","3344.918","HOT_SWEEP_80","80","0.082939252"
"2026-08-04 10:52:51.940 +07:00","3345.601","HOT_SWEEP_80","80","0.083420552"
"2026-08-04 10:52:52.623 +07:00","3346.284","HOT_SWEEP_80","80","0.08351282"
"2026-08-04 10:52:53.308 +07:00","3346.969","HOT_SWEEP_80","80","0.083283834"
"2026-08-04 10:52:53.990 +07:00","3347.651","HOT_SWEEP_80","80","0.083364174"
"2026-08-04 10:52:54.671 +07:00","3348.333","HOT_SWEEP_80","80","0.083207622"
"2026-08-04 10:52:55.371 +07:00","3349.032","HOT_SWEEP_80","80","0.082807176"
"2026-08-04 10:52:56.061 +07:00","3349.722","HOT_SWEEP_80","80","0.082924806"
"2026-08-04 10:52:56.737 +07:00","3350.398","HOT_SWEEP_80","80","0.083211973"
"2026-08-04 10:52:57.426 +07:00","3351.087","HOT_SWEEP_80","80","0.082698256"
"2026-08-04 10:52:58.103 +07:00","3351.764","HOT_SWEEP_80","80","0.082661144"
"2026-08-04 10:52:58.808 +07:00","3352.469","HOT_SWEEP_80","80","0.083410442"
"2026-08-04 10:52:59.493 +07:00","3353.147","HOT_SWEEP_80","80","0.082871817"
"2026-08-04 10:53:00.184 +07:00","3353.845","HOT_SWEEP_80","80","0.082558244"
"2026-08-04 10:53:00.874 +07:00","3354.531","HOT_SWEEP_80","80","0.083425976"
"2026-08-04 10:53:01.562 +07:00","3355.223","HOT_SWEEP_80","80","0.082989201"
"2026-08-04 10:53:02.253 +07:00","3355.914","HOT_SWEEP_80","80","0.082626849"
"2026-08-04 10:53:02.932 +07:00","3356.593","HOT_SWEEP_80","80","0.0829999"
"2026-08-04 10:53:03.636 +07:00","3357.297","HOT_SWEEP_80","80","0.082730092"
"2026-08-04 10:53:04.318 +07:00","3357.979","HOT_SWEEP_80","80","0.08234407"
"2026-08-04 10:53:05.000 +07:00","3358.661","HOT_SWEEP_80","80","0.082286611"
"2026-08-04 10:53:05.693 +07:00","3359.352","HOT_SWEEP_80","80","0.08211793"
"2026-08-04 10:53:06.374 +07:00","3360.033","HOT_SWEEP_80","80","0.081881285"
"2026-08-04 10:53:07.063 +07:00","3360.72","HOT_SWEEP_80","80","0.08181037"
"2026-08-04 10:53:07.756 +07:00","3361.417","HOT_SWEEP_80","80","0.08205086"
"2026-08-04 10:53:08.448 +07:00","3362.107","HOT_SWEEP_80","80","0.08179047"
"2026-08-04 10:53:09.150 +07:00","3362.811","HOT_SWEEP_80","80","0.081725515"
"2026-08-04 10:53:09.855 +07:00","3363.514","HOT_SWEEP_80","80","0.082608208"
"2026-08-04 10:53:10.543 +07:00","3364.202","HOT_SWEEP_80","80","0.082295753"
"2026-08-04 10:53:11.237 +07:00","3364.896","HOT_SWEEP_80","80","0.082164057"
"2026-08-04 10:53:11.916 +07:00","3365.577","HOT_SWEEP_80","80","0.083080143"
"2026-08-04 10:53:12.607 +07:00","3366.268","HOT_SWEEP_80","80","0.08273457"
"2026-08-04 10:53:13.298 +07:00","3366.959","HOT_SWEEP_80","80","0.082392581"
"2026-08-04 10:53:13.981 +07:00","3367.642","HOT_SWEEP_80","80","0.082988039"
"2026-08-04 10:53:14.674 +07:00","3368.334","HOT_SWEEP_80","80","0.082875714"
"2026-08-04 10:53:15.355 +07:00","3369.016","HOT_SWEEP_80","80","0.082692139"
"2026-08-04 10:53:16.087 +07:00","3369.745","HOT_SWEEP_80","80","0.082604401"
"2026-08-04 10:53:16.766 +07:00","3370.427","HOT_SWEEP_80","80","0.082448475"
"2026-08-04 10:53:17.451 +07:00","3371.105","HOT_SWEEP_80","80","0.082294583"
"2026-08-04 10:53:18.146 +07:00","3371.805","HOT_SWEEP_80","80","0.082202412"
"2026-08-04 10:53:18.836 +07:00","3372.493","HOT_SWEEP_80","80","0.082592189"
"2026-08-04 10:53:19.514 +07:00","3373.173","HOT_SWEEP_80","80","0.082488686"
"2026-08-04 10:53:20.193 +07:00","3373.854","HOT_SWEEP_80","80","0.08233577"
"2026-08-04 10:53:20.887 +07:00","3374.546","HOT_SWEEP_80","80","0.082952142"
"2026-08-04 10:53:21.576 +07:00","3375.237","HOT_SWEEP_80","80","0.082850732"
"2026-08-04 10:53:22.257 +07:00","3375.918","HOT_SWEEP_80","80","0.082387507"
"2026-08-04 10:53:22.956 +07:00","3376.617","HOT_SWEEP_80","80","0.083260924"
"2026-08-04 10:53:23.642 +07:00","3377.303","HOT_SWEEP_80","80","0.08303313"
"2026-08-04 10:53:24.325 +07:00","3377.987","HOT_SWEEP_80","80","0.082656652"
"2026-08-04 10:53:25.018 +07:00","3378.675","HOT_SWEEP_80","80","0.082851231"
"2026-08-04 10:53:25.699 +07:00","3379.357","HOT_SWEEP_80","80","0.082787625"
"2026-08-04 10:53:26.394 +07:00","3380.055","HOT_SWEEP_80","80","0.082353272"
"2026-08-04 10:53:27.079 +07:00","3380.735","HOT_SWEEP_80","80","0.082398772"
"2026-08-04 10:53:27.763 +07:00","3381.413","HOT_SWEEP_80","80","0.082604155"
"2026-08-04 10:53:28.456 +07:00","3382.117","HOT_SWEEP_80","80","0.082261562"
"2026-08-04 10:53:29.144 +07:00","3382.806","HOT_SWEEP_80","80","0.082285725"
"2026-08-04 10:53:29.838 +07:00","3383.499","HOT_SWEEP_80","80","0.082789034"
"2026-08-04 10:53:30.519 +07:00","3384.172","HOT_SWEEP_80","80","0.08257854"
"2026-08-04 10:53:31.208 +07:00","3384.869","HOT_SWEEP_80","80","0.082046494"
"2026-08-04 10:53:31.895 +07:00","3385.551","HOT_SWEEP_80","80","0.082971029"
"2026-08-04 10:53:32.571 +07:00","3386.232","HOT_SWEEP_80","80","0.082788274"
"2026-08-04 10:53:33.259 +07:00","3386.912","HOT_SWEEP_80","80","0.082670651"
"2026-08-04 10:53:33.938 +07:00","3387.599","HOT_SWEEP_80","80","0.083406523"
"2026-08-04 10:53:34.631 +07:00","3388.292","HOT_SWEEP_80","80","0.083018437"
"2026-08-04 10:53:35.304 +07:00","3388.965","HOT_SWEEP_80","80","0.082494169"
"2026-08-04 10:53:35.986 +07:00","3389.647","HOT_SWEEP_80","80","0.082656838"
"2026-08-04 10:53:36.692 +07:00","3390.351","HOT_SWEEP_80","80","0.082395837"
"2026-08-04 10:53:37.379 +07:00","3391.031","HOT_SWEEP_80","80","0.082156375"
"2026-08-04 10:53:38.055 +07:00","3391.716","HOT_SWEEP_80","80","0.082456224"
"2026-08-04 10:53:38.742 +07:00","3392.403","HOT_SWEEP_80","80","0.082594357"
"2026-08-04 10:53:39.418 +07:00","3393.079","HOT_SWEEP_80","80","0.082114771"
"2026-08-04 10:53:40.115 +07:00","3393.77","HOT_SWEEP_80","80","0.081863008"
"2026-08-04 10:53:40.804 +07:00","3394.463","HOT_SWEEP_80","80","0.082368307"
"2026-08-04 10:53:41.483 +07:00","3395.144","HOT_SWEEP_80","80","0.082129404"
"2026-08-04 10:53:42.175 +07:00","3395.828","HOT_SWEEP_80","80","0.081865482"
"2026-08-04 10:53:42.859 +07:00","3396.518","HOT_SWEEP_80","80","0.083115511"
"2026-08-04 10:53:43.569 +07:00","3397.23","HOT_SWEEP_80","80","0.08289133"
"2026-08-04 10:53:44.249 +07:00","3397.91","HOT_SWEEP_80","80","0.082538538"
"2026-08-04 10:53:44.939 +07:00","3398.6","HOT_SWEEP_80","80","0.083609596"
"2026-08-04 10:53:45.614 +07:00","3399.275","HOT_SWEEP_80","80","0.083416864"
"2026-08-04 10:53:46.298 +07:00","3399.959","HOT_SWEEP_80","80","0.083162203"
"2026-08-04 10:53:46.989 +07:00","3400.641","HOT_SWEEP_80","80","0.08392217"
"2026-08-04 10:53:47.663 +07:00","3401.324","HOT_SWEEP_80","80","0.083744101"
"2026-08-04 10:53:48.345 +07:00","3402.006","HOT_SWEEP_80","80","0.083360985"
"2026-08-04 10:53:49.036 +07:00","3402.69","HOT_SWEEP_80","80","0.083854802"
"2026-08-04 10:53:49.723 +07:00","3403.38","HOT_SWEEP_80","80","0.083667353"
"2026-08-04 10:53:50.429 +07:00","3404.09","HOT_SWEEP_80","80","0.083416812"
"2026-08-04 10:53:51.120 +07:00","3404.779","HOT_SWEEP_80","80","0.083229616"
"2026-08-04 10:53:51.812 +07:00","3405.473","HOT_SWEEP_80","80","0.083524965"
"2026-08-04 10:53:52.494 +07:00","3406.155","HOT_SWEEP_80","80","0.083331116"
"2026-08-04 10:53:53.184 +07:00","3406.845","HOT_SWEEP_80","80","0.0829494"
"2026-08-04 10:53:53.868 +07:00","3407.529","HOT_SWEEP_80","80","0.083723538"
"2026-08-04 10:53:54.552 +07:00","3408.211","HOT_SWEEP_80","80","0.083465055"
"2026-08-04 10:53:55.236 +07:00","3408.895","HOT_SWEEP_80","80","0.083089739"
"2026-08-04 10:53:55.910 +07:00","3409.571","HOT_SWEEP_80","80","0.083990581"
"2026-08-04 10:53:56.592 +07:00","3410.253","HOT_SWEEP_80","80","0.083832219"
"2026-08-04 10:53:57.295 +07:00","3410.956","HOT_SWEEP_80","80","0.083380565"
"2026-08-04 10:53:57.990 +07:00","3411.649","HOT_SWEEP_80","80","0.084122822"
"2026-08-04 10:53:58.675 +07:00","3412.32","HOT_SWEEP_80","80","0.083862647"
"2026-08-04 10:53:59.366 +07:00","3413.024","HOT_SWEEP_80","80","0.083133638"
"2026-08-04 10:54:00.042 +07:00","3413.703","HOT_SWEEP_80","80","0.083397835"
"2026-08-04 10:54:00.732 +07:00","3414.391","HOT_SWEEP_80","80","0.083240822"
"2026-08-04 10:54:01.428 +07:00","3415.09","HOT_SWEEP_80","80","0.082925551"
"2026-08-04 10:54:02.108 +07:00","3415.769","HOT_SWEEP_80","80","0.082917742"
"2026-08-04 10:54:02.798 +07:00","3416.459","HOT_SWEEP_80","80","0.08311636"
"2026-08-04 10:54:03.486 +07:00","3417.141","HOT_SWEEP_80","80","0.082587466"
"2026-08-04 10:54:04.178 +07:00","3417.839","HOT_SWEEP_80","80","0.082375929"
"2026-08-04 10:54:04.873 +07:00","3418.534","HOT_SWEEP_80","80","0.082948014"
"2026-08-04 10:54:05.566 +07:00","3419.227","HOT_SWEEP_80","80","0.082571529"
"2026-08-04 10:54:06.256 +07:00","3419.915","HOT_SWEEP_80","80","0.082417771"
"2026-08-04 10:54:06.938 +07:00","3420.599","HOT_SWEEP_80","80","0.083155669"
"2026-08-04 10:54:07.630 +07:00","3421.289","HOT_SWEEP_80","80","0.082814619"
"2026-08-04 10:54:08.320 +07:00","3421.981","HOT_SWEEP_80","80","0.082310006"
"2026-08-04 10:54:09.004 +07:00","3422.663","HOT_SWEEP_80","80","0.082881257"
"2026-08-04 10:54:09.684 +07:00","3423.339","HOT_SWEEP_80","80","0.082506806"
"2026-08-04 10:54:10.391 +07:00","3424.039","HOT_SWEEP_80","80","0.082177833"
"2026-08-04 10:54:11.443 +07:00","3425.104","HOT_SWEEP_75","75","0.081895009"
"2026-08-04 10:54:12.138 +07:00","3425.792","HOT_SWEEP_75","75","0.083141334"
"2026-08-04 10:54:12.835 +07:00","3426.495","HOT_SWEEP_75","75","0.083817102"
"2026-08-04 10:54:13.519 +07:00","3427.18","HOT_SWEEP_75","75","0.082593158"
"2026-08-04 10:54:14.206 +07:00","3427.865","HOT_SWEEP_75","75","0.082765296"
"2026-08-04 10:54:14.889 +07:00","3428.549","HOT_SWEEP_75","75","0.082569472"
"2026-08-04 10:54:15.569 +07:00","3429.23","HOT_SWEEP_75","75","0.081566751"
"2026-08-04 10:54:16.249 +07:00","3429.91","HOT_SWEEP_75","75","0.080416948"
"2026-08-04 10:54:16.938 +07:00","3430.599","HOT_SWEEP_75","75","0.080116712"
"2026-08-04 10:54:17.619 +07:00","3431.28","HOT_SWEEP_75","75","0.079407126"
"2026-08-04 10:54:18.330 +07:00","3431.991","HOT_SWEEP_75","75","0.078187481"
"2026-08-04 10:54:19.020 +07:00","3432.682","HOT_SWEEP_75","75","0.076371409"
"2026-08-04 10:54:19.704 +07:00","3433.364","HOT_SWEEP_75","75","0.074771814"
"2026-08-04 10:54:20.391 +07:00","3434.05","HOT_SWEEP_75","75","0.074441388"
"2026-08-04 10:54:21.091 +07:00","3434.747","HOT_SWEEP_75","75","0.073591188"
"2026-08-04 10:54:21.786 +07:00","3435.445","HOT_SWEEP_75","75","0.072754025"
"2026-08-04 10:54:22.465 +07:00","3436.126","HOT_SWEEP_75","75","0.072337881"
"2026-08-04 10:54:23.155 +07:00","3436.814","HOT_SWEEP_75","75","0.072294712"
"2026-08-04 10:54:23.848 +07:00","3437.509","HOT_SWEEP_75","75","0.071891561"
"2026-08-04 10:54:24.527 +07:00","3438.188","HOT_SWEEP_75","75","0.070698209"
"2026-08-04 10:54:25.239 +07:00","3438.9","HOT_SWEEP_75","75","0.071109012"
"2026-08-04 10:54:25.935 +07:00","3439.594","HOT_SWEEP_75","75","0.069854543"
"2026-08-04 10:54:26.629 +07:00","3440.285","HOT_SWEEP_75","75","0.068415307"
"2026-08-04 10:54:27.317 +07:00","3440.978","HOT_SWEEP_75","75","0.06852448"
"2026-08-04 10:54:28.007 +07:00","3441.664","HOT_SWEEP_75","75","0.067629978"
"2026-08-04 10:54:28.687 +07:00","3442.339","HOT_SWEEP_75","75","0.067559563"
"2026-08-04 10:54:29.390 +07:00","3443.045","HOT_SWEEP_75","75","0.068077385"
"2026-08-04 10:54:30.077 +07:00","3443.738","HOT_SWEEP_75","75","0.068057664"
"2026-08-04 10:54:30.775 +07:00","3444.429","HOT_SWEEP_75","75","0.067488745"
"2026-08-04 10:54:31.456 +07:00","3445.113","HOT_SWEEP_75","75","0.067969359"
"2026-08-04 10:54:32.169 +07:00","3445.828","HOT_SWEEP_75","75","0.067804471"
"2026-08-04 10:54:32.867 +07:00","3446.518","HOT_SWEEP_75","75","0.068026282"
"2026-08-04 10:54:33.549 +07:00","3447.21","HOT_SWEEP_75","75","0.068306588"
"2026-08-04 10:54:34.227 +07:00","3447.888","HOT_SWEEP_75","75","0.068946481"
"2026-08-04 10:54:34.921 +07:00","3448.577","HOT_SWEEP_75","75","0.069329493"
"2026-08-04 10:54:35.609 +07:00","3449.271","HOT_SWEEP_75","75","0.068900026"
"2026-08-04 10:54:36.301 +07:00","3449.959","HOT_SWEEP_75","75","0.069366261"
"2026-08-04 10:54:36.982 +07:00","3450.641","HOT_SWEEP_75","75","0.069340937"
"2026-08-04 10:54:37.678 +07:00","3451.339","HOT_SWEEP_75","75","0.068634227"
"2026-08-04 10:54:38.362 +07:00","3452.02","HOT_SWEEP_75","75","0.07008718"
"2026-08-04 10:54:39.064 +07:00","3452.723","HOT_SWEEP_75","75","0.070140839"
"2026-08-04 10:54:39.760 +07:00","3453.419","HOT_SWEEP_75","75","0.069903351"
"2026-08-04 10:54:40.444 +07:00","3454.102","HOT_SWEEP_75","75","0.07087677"
"2026-08-04 10:54:41.127 +07:00","3454.788","HOT_SWEEP_75","75","0.070863664"
"2026-08-04 10:54:41.819 +07:00","3455.478","HOT_SWEEP_75","75","0.070631728"
"2026-08-04 10:54:42.504 +07:00","3456.158","HOT_SWEEP_75","75","0.070497908"
"2026-08-04 10:54:43.198 +07:00","3456.859","HOT_SWEEP_75","75","0.070545174"
"2026-08-04 10:54:43.894 +07:00","3457.553","HOT_SWEEP_75","75","0.070096537"
"2026-08-04 10:54:44.583 +07:00","3458.241","HOT_SWEEP_75","75","0.070924565"
"2026-08-04 10:54:45.268 +07:00","3458.929","HOT_SWEEP_75","75","0.071091719"
"2026-08-04 10:54:45.967 +07:00","3459.628","HOT_SWEEP_75","75","0.070820831"
"2026-08-04 10:54:46.658 +07:00","3460.318","HOT_SWEEP_75","75","0.070496909"
"2026-08-04 10:54:47.347 +07:00","3461.008","HOT_SWEEP_75","75","0.071038246"
"2026-08-04 10:54:48.030 +07:00","3461.689","HOT_SWEEP_75","75","0.070702441"
"2026-08-04 10:54:48.728 +07:00","3462.387","HOT_SWEEP_75","75","0.069992356"
"2026-08-04 10:54:49.422 +07:00","3463.081","HOT_SWEEP_75","75","0.071260437"
"2026-08-04 10:54:50.115 +07:00","3463.772","HOT_SWEEP_75","75","0.070950948"
"2026-08-04 10:54:50.801 +07:00","3464.462","HOT_SWEEP_75","75","0.070862234"
"2026-08-04 10:54:51.483 +07:00","3465.144","HOT_SWEEP_75","75","0.070589021"
"2026-08-04 10:54:52.170 +07:00","3465.825","HOT_SWEEP_75","75","0.070218332"
"2026-08-04 10:54:52.883 +07:00","3466.532","HOT_SWEEP_75","75","0.070697233"
"2026-08-04 10:54:53.564 +07:00","3467.225","HOT_SWEEP_75","75","0.071432248"
"2026-08-04 10:54:54.251 +07:00","3467.91","HOT_SWEEP_75","75","0.07199575"
"2026-08-04 10:54:54.951 +07:00","3468.606","HOT_SWEEP_75","75","0.071853377"
"2026-08-04 10:54:55.643 +07:00","3469.302","HOT_SWEEP_75","75","0.072540477"
"2026-08-04 10:54:56.338 +07:00","3469.997","HOT_SWEEP_75","75","0.07282798"
"2026-08-04 10:54:57.039 +07:00","3470.7","HOT_SWEEP_75","75","0.073232926"
"2026-08-04 10:54:57.724 +07:00","3471.382","HOT_SWEEP_75","75","0.073256284"
"2026-08-04 10:54:58.404 +07:00","3472.065","HOT_SWEEP_75","75","0.073993362"
"2026-08-04 10:54:59.106 +07:00","3472.765","HOT_SWEEP_75","75","0.07416296"
"2026-08-04 10:54:59.824 +07:00","3473.482","HOT_SWEEP_75","75","0.073616289"
"2026-08-04 10:55:00.524 +07:00","3474.177","HOT_SWEEP_75","75","0.073559836"
"2026-08-04 10:55:01.218 +07:00","3474.877","HOT_SWEEP_75","75","0.073663272"
"2026-08-04 10:55:01.904 +07:00","3475.556","HOT_SWEEP_75","75","0.074210525"
"2026-08-04 10:55:02.594 +07:00","3476.255","HOT_SWEEP_75","75","0.073955715"
"2026-08-04 10:55:03.278 +07:00","3476.939","HOT_SWEEP_75","75","0.074445024"
"2026-08-04 10:55:03.970 +07:00","3477.621","HOT_SWEEP_75","75","0.074378178"
"2026-08-04 10:55:04.667 +07:00","3478.319","HOT_SWEEP_75","75","0.074255392"
"2026-08-04 10:55:05.368 +07:00","3479.029","HOT_SWEEP_75","75","0.07473281"
"2026-08-04 10:55:06.050 +07:00","3479.709","HOT_SWEEP_75","75","0.074784413"
"2026-08-04 10:55:06.749 +07:00","3480.41","HOT_SWEEP_75","75","0.074703753"
"2026-08-04 10:55:07.452 +07:00","3481.102","HOT_SWEEP_75","75","0.074920803"
"2026-08-04 10:55:08.139 +07:00","3481.8","HOT_SWEEP_75","75","0.075205468"
"2026-08-04 10:55:08.835 +07:00","3482.494","HOT_SWEEP_75","75","0.075280249"
"2026-08-04 10:55:09.515 +07:00","3483.171","HOT_SWEEP_75","75","0.075156733"
"2026-08-04 10:55:10.214 +07:00","3483.873","HOT_SWEEP_75","75","0.075348228"
"2026-08-04 10:55:10.892 +07:00","3484.553","HOT_SWEEP_75","75","0.07551118"
"2026-08-04 10:55:11.582 +07:00","3485.243","HOT_SWEEP_75","75","0.075844131"
"2026-08-04 10:55:12.262 +07:00","3485.923","HOT_SWEEP_75","75","0.076465525"
"2026-08-04 10:55:12.943 +07:00","3486.604","HOT_SWEEP_75","75","0.07647486"
"2026-08-04 10:55:13.666 +07:00","3487.324","HOT_SWEEP_75","75","0.077019624"
"2026-08-04 10:55:14.363 +07:00","3488.015","HOT_SWEEP_75","75","0.077562496"
"2026-08-04 10:55:15.038 +07:00","3488.699","HOT_SWEEP_75","75","0.07728152"
"2026-08-04 10:55:15.728 +07:00","3489.386","HOT_SWEEP_75","75","0.076966777"
"2026-08-04 10:55:16.413 +07:00","3490.072","HOT_SWEEP_75","75","0.077735879"
"2026-08-04 10:55:17.088 +07:00","3490.749","HOT_SWEEP_75","75","0.077515379"
"2026-08-04 10:55:17.781 +07:00","3491.436","HOT_SWEEP_75","75","0.07702218"
"2026-08-04 10:55:18.471 +07:00","3492.132","HOT_SWEEP_75","75","0.07705228"
"2026-08-04 10:55:19.161 +07:00","3492.814","HOT_SWEEP_75","75","0.076992735"
"2026-08-04 10:55:19.838 +07:00","3493.499","HOT_SWEEP_75","75","0.076458193"
"2026-08-04 10:55:20.544 +07:00","3494.198","HOT_SWEEP_75","75","0.07537102"
"2026-08-04 10:55:21.247 +07:00","3494.906","HOT_SWEEP_75","75","0.076045141"
"2026-08-04 10:55:21.941 +07:00","3495.6","HOT_SWEEP_75","75","0.075854473"
"2026-08-04 10:55:22.625 +07:00","3496.286","HOT_SWEEP_75","75","0.07527326"
"2026-08-04 10:55:23.326 +07:00","3496.984","HOT_SWEEP_75","75","0.076201275"
"2026-08-04 10:55:24.015 +07:00","3497.676","HOT_SWEEP_75","75","0.075941853"
"2026-08-04 10:55:24.710 +07:00","3498.361","HOT_SWEEP_75","75","0.075435072"
"2026-08-04 10:55:25.385 +07:00","3499.046","HOT_SWEEP_75","75","0.076397337"
"2026-08-04 10:55:26.076 +07:00","3499.737","HOT_SWEEP_75","75","0.076161988"
"2026-08-04 10:55:26.773 +07:00","3500.433","HOT_SWEEP_75","75","0.07597363"
"2026-08-04 10:55:27.496 +07:00","3501.151","HOT_SWEEP_75","75","0.076900907"
"2026-08-04 10:55:28.188 +07:00","3501.844","HOT_SWEEP_75","75","0.076807842"
"2026-08-04 10:55:28.870 +07:00","3502.531","HOT_SWEEP_75","75","0.076850981"
"2026-08-04 10:55:29.556 +07:00","3503.215","HOT_SWEEP_75","75","0.076965168"
"2026-08-04 10:55:30.233 +07:00","3503.894","HOT_SWEEP_75","75","0.07729996"
"2026-08-04 10:55:30.921 +07:00","3504.574","HOT_SWEEP_75","75","0.077419497"
"2026-08-04 10:55:31.618 +07:00","3505.274","HOT_SWEEP_75","75","0.077370234"
"2026-08-04 10:55:32.298 +07:00","3505.959","HOT_SWEEP_75","75","0.078088284"
"2026-08-04 10:55:32.990 +07:00","3506.64","HOT_SWEEP_75","75","0.077931091"
"2026-08-04 10:55:33.662 +07:00","3507.323","HOT_SWEEP_75","75","0.077832475"
"2026-08-04 10:55:34.371 +07:00","3508.031","HOT_SWEEP_75","75","0.078889951"
"2026-08-04 10:55:35.062 +07:00","3508.723","HOT_SWEEP_75","75","0.078780554"
"2026-08-04 10:55:35.743 +07:00","3509.404","HOT_SWEEP_75","75","0.078599043"
"2026-08-04 10:55:36.428 +07:00","3510.089","HOT_SWEEP_75","75","0.079406813"
"2026-08-04 10:55:37.112 +07:00","3510.773","HOT_SWEEP_75","75","0.079207338"
"2026-08-04 10:55:37.804 +07:00","3511.463","HOT_SWEEP_75","75","0.078932539"
"2026-08-04 10:55:38.485 +07:00","3512.146","HOT_SWEEP_75","75","0.07952629"
"2026-08-04 10:55:39.176 +07:00","3512.821","HOT_SWEEP_75","75","0.079204991"
"2026-08-04 10:55:39.865 +07:00","3513.526","HOT_SWEEP_75","75","0.078940839"
"2026-08-04 10:55:40.549 +07:00","3514.205","HOT_SWEEP_75","75","0.079201728"
"2026-08-04 10:55:41.242 +07:00","3514.903","HOT_SWEEP_75","75","0.079521924"
"2026-08-04 10:55:41.933 +07:00","3515.592","HOT_SWEEP_75","75","0.078942046"
"2026-08-04 10:55:42.634 +07:00","3516.293","HOT_SWEEP_75","75","0.07869415"
"2026-08-04 10:55:43.309 +07:00","3516.97","HOT_SWEEP_75","75","0.079425283"
"2026-08-04 10:55:44.009 +07:00","3517.662","HOT_SWEEP_75","75","0.078969941"
"2026-08-04 10:55:44.697 +07:00","3518.358","HOT_SWEEP_75","75","0.078559741"
"2026-08-04 10:55:45.375 +07:00","3519.036","HOT_SWEEP_75","75","0.079329118"
"2026-08-04 10:55:46.058 +07:00","3519.719","HOT_SWEEP_75","75","0.079168178"
"2026-08-04 10:55:46.751 +07:00","3520.409","HOT_SWEEP_75","75","0.079101101"
"2026-08-04 10:55:47.448 +07:00","3521.103","HOT_SWEEP_75","75","0.079800978"
"2026-08-04 10:55:48.132 +07:00","3521.793","HOT_SWEEP_75","75","0.0794992"
"2026-08-04 10:55:48.823 +07:00","3522.484","HOT_SWEEP_75","75","0.079497017"
"2026-08-04 10:55:49.503 +07:00","3523.153","HOT_SWEEP_75","75","0.079833761"
"2026-08-04 10:55:50.201 +07:00","3523.854","HOT_SWEEP_75","75","0.079860285"
"2026-08-04 10:55:50.892 +07:00","3524.553","HOT_SWEEP_75","75","0.079400666"
"2026-08-04 10:55:51.572 +07:00","3525.234","HOT_SWEEP_75","75","0.079715274"
"2026-08-04 10:55:52.265 +07:00","3525.924","HOT_SWEEP_75","75","0.080392621"
"2026-08-04 10:55:52.963 +07:00","3526.619","HOT_SWEEP_75","75","0.080118291"
"2026-08-04 10:55:53.649 +07:00","3527.303","HOT_SWEEP_75","75","0.079995044"
"2026-08-04 10:55:54.343 +07:00","3528.004","HOT_SWEEP_75","75","0.081030749"
"2026-08-04 10:55:55.033 +07:00","3528.694","HOT_SWEEP_75","75","0.080830142"
"2026-08-04 10:55:55.722 +07:00","3529.383","HOT_SWEEP_75","75","0.080814414"
"2026-08-04 10:55:56.412 +07:00","3530.074","HOT_SWEEP_75","75","0.081859291"
"2026-08-04 10:55:57.093 +07:00","3530.754","HOT_SWEEP_75","75","0.081696987"
"2026-08-04 10:55:57.785 +07:00","3531.441","HOT_SWEEP_75","75","0.081681654"
"2026-08-04 10:55:58.480 +07:00","3532.139","HOT_SWEEP_75","75","0.082295313"
"2026-08-04 10:55:59.170 +07:00","3532.829","HOT_SWEEP_75","75","0.082009554"
"2026-08-04 10:55:59.869 +07:00","3533.528","HOT_SWEEP_75","75","0.081837587"
"2026-08-04 10:56:00.549 +07:00","3534.21","HOT_SWEEP_75","75","0.081981689"
"2026-08-04 10:56:01.248 +07:00","3534.907","HOT_SWEEP_75","75","0.081958652"
"2026-08-04 10:56:01.949 +07:00","3535.608","HOT_SWEEP_75","75","0.081788756"
"2026-08-04 10:56:02.650 +07:00","3536.311","HOT_SWEEP_75","75","0.081606127"
"2026-08-04 10:56:03.329 +07:00","3536.99","HOT_SWEEP_75","75","0.082170047"
"2026-08-04 10:56:04.006 +07:00","3537.667","HOT_SWEEP_75","75","0.082138121"
"2026-08-04 10:56:04.699 +07:00","3538.344","HOT_SWEEP_75","75","0.082237244"
"2026-08-04 10:56:05.370 +07:00","3539.031","HOT_SWEEP_75","75","0.083048627"
"2026-08-04 10:56:06.057 +07:00","3539.705","HOT_SWEEP_75","75","0.082995132"
"2026-08-04 10:56:06.749 +07:00","3540.394","HOT_SWEEP_75","75","0.082717791"
"2026-08-04 10:56:07.454 +07:00","3541.11","HOT_SWEEP_75","75","0.083871104"
"2026-08-04 10:56:08.141 +07:00","3541.802","HOT_SWEEP_75","75","0.083701104"
"2026-08-04 10:56:08.834 +07:00","3542.479","HOT_SWEEP_75","75","0.083072498"
"2026-08-04 10:56:09.512 +07:00","3543.173","HOT_SWEEP_75","75","0.083738752"
"2026-08-04 10:56:10.198 +07:00","3543.856","HOT_SWEEP_75","75","0.083814479"
"2026-08-04 10:56:10.885 +07:00","3544.53","HOT_SWEEP_75","75","0.083406307"
"2026-08-04 10:56:11.576 +07:00","3545.235","HOT_SWEEP_75","75","0.08318834"
"2026-08-04 10:56:12.261 +07:00","3545.922","HOT_SWEEP_75","75","0.083525933"
"2026-08-04 10:56:12.937 +07:00","3546.599","HOT_SWEEP_75","75","0.08304169"
"2026-08-04 10:56:13.629 +07:00","3547.289","HOT_SWEEP_75","75","0.082985505"
"2026-08-04 10:56:14.317 +07:00","3547.976","HOT_SWEEP_75","75","0.08350385"
"2026-08-04 10:56:14.989 +07:00","3548.65","HOT_SWEEP_75","75","0.083026186"
"2026-08-04 10:56:15.696 +07:00","3549.343","HOT_SWEEP_75","75","0.082932636"
"2026-08-04 10:56:16.383 +07:00","3550.038","HOT_SWEEP_75","75","0.083816037"
"2026-08-04 10:56:17.076 +07:00","3550.735","HOT_SWEEP_75","75","0.083269022"
"2026-08-04 10:56:17.752 +07:00","3551.413","HOT_SWEEP_75","75","0.082766637"
"2026-08-04 10:56:18.443 +07:00","3552.102","HOT_SWEEP_75","75","0.083705418"
"2026-08-04 10:56:19.127 +07:00","3552.788","HOT_SWEEP_75","75","0.083371557"
"2026-08-04 10:56:19.820 +07:00","3553.471","HOT_SWEEP_75","75","0.082850017"
"2026-08-04 10:56:20.491 +07:00","3554.152","HOT_SWEEP_75","75","0.083132938"
"2026-08-04 10:56:21.174 +07:00","3554.835","HOT_SWEEP_75","75","0.082898512"
"2026-08-04 10:56:21.857 +07:00","3555.518","HOT_SWEEP_75","75","0.082603194"
"2026-08-04 10:56:22.558 +07:00","3556.219","HOT_SWEEP_75","75","0.082826413"
"2026-08-04 10:56:23.240 +07:00","3556.901","HOT_SWEEP_75","75","0.083091512"
"2026-08-04 10:56:23.931 +07:00","3557.59","HOT_SWEEP_75","75","0.082866542"
"2026-08-04 10:56:24.620 +07:00","3558.281","HOT_SWEEP_75","75","0.082908764"
"2026-08-04 10:56:25.304 +07:00","3558.965","HOT_SWEEP_75","75","0.08393003"
"2026-08-04 10:56:25.987 +07:00","3559.648","HOT_SWEEP_75","75","0.083593868"
"2026-08-04 10:56:26.683 +07:00","3560.342","HOT_SWEEP_75","75","0.083434328"
"2026-08-04 10:56:27.370 +07:00","3561.031","HOT_SWEEP_75","75","0.084904149"
"2026-08-04 10:56:28.061 +07:00","3561.715","HOT_SWEEP_75","75","0.084835462"
"2026-08-04 10:56:28.760 +07:00","3562.421","HOT_SWEEP_75","75","0.084508851"
"2026-08-04 10:56:29.451 +07:00","3563.112","HOT_SWEEP_75","75","0.085763469"
"2026-08-04 10:56:30.137 +07:00","3563.798","HOT_SWEEP_75","75","0.085670024"
"2026-08-04 10:56:30.819 +07:00","3564.48","HOT_SWEEP_75","75","0.08545769"
"2026-08-04 10:56:31.502 +07:00","3565.163","HOT_SWEEP_75","75","0.086262465"
"2026-08-04 10:56:32.191 +07:00","3565.852","HOT_SWEEP_75","75","0.086058959"
"2026-08-04 10:56:32.869 +07:00","3566.53","HOT_SWEEP_75","75","0.085888311"
"2026-08-04 10:56:33.566 +07:00","3567.216","HOT_SWEEP_75","75","0.086513825"
"2026-08-04 10:56:34.250 +07:00","3567.911","HOT_SWEEP_75","75","0.0864622"
"2026-08-04 10:56:34.944 +07:00","3568.603","HOT_SWEEP_75","75","0.086148225"
"2026-08-04 10:56:35.618 +07:00","3569.279","HOT_SWEEP_75","75","0.086223587"
"2026-08-04 10:56:36.329 +07:00","3569.986","HOT_SWEEP_75","75","0.08681576"
"2026-08-04 10:56:37.016 +07:00","3570.677","HOT_SWEEP_75","75","0.086363718"
"2026-08-04 10:56:37.698 +07:00","3571.359","HOT_SWEEP_75","75","0.085897282"
"2026-08-04 10:56:38.383 +07:00","3572.044","HOT_SWEEP_75","75","0.086993933"
"2026-08-04 10:56:39.072 +07:00","3572.731","HOT_SWEEP_75","75","0.086835049"
"2026-08-04 10:56:39.749 +07:00","3573.41","HOT_SWEEP_75","75","0.086544029"
"2026-08-04 10:56:40.433 +07:00","3574.094","HOT_SWEEP_75","75","0.087503649"
"2026-08-04 10:56:41.126 +07:00","3574.783","HOT_SWEEP_75","75","0.087343216"
"2026-08-04 10:56:41.820 +07:00","3575.474","HOT_SWEEP_75","75","0.086975098"
"2026-08-04 10:56:42.505 +07:00","3576.164","HOT_SWEEP_75","75","0.087952554"
"2026-08-04 10:56:43.197 +07:00","3576.858","HOT_SWEEP_75","75","0.087867305"
"2026-08-04 10:56:43.879 +07:00","3577.54","HOT_SWEEP_75","75","0.087474249"
"2026-08-04 10:56:44.570 +07:00","3578.231","HOT_SWEEP_75","75","0.087988809"
"2026-08-04 10:56:45.246 +07:00","3578.907","HOT_SWEEP_75","75","0.088053808"
"2026-08-04 10:56:45.940 +07:00","3579.597","HOT_SWEEP_75","75","0.087527171"
"2026-08-04 10:56:46.637 +07:00","3580.294","HOT_SWEEP_75","75","0.087229848"
"2026-08-04 10:56:47.327 +07:00","3580.982","HOT_SWEEP_75","75","0.087712958"
"2026-08-04 10:56:48.017 +07:00","3581.676","HOT_SWEEP_75","75","0.087279201"
"2026-08-04 10:56:48.701 +07:00","3582.362","HOT_SWEEP_75","75","0.086858228"
"2026-08-04 10:56:49.392 +07:00","3583.053","HOT_SWEEP_75","75","0.087398276"
"2026-08-04 10:56:50.076 +07:00","3583.737","HOT_SWEEP_75","75","0.086883828"
"2026-08-04 10:56:50.761 +07:00","3584.422","HOT_SWEEP_75","75","0.086425915"
"2026-08-04 10:56:51.451 +07:00","3585.112","HOT_SWEEP_75","75","0.087246284"
"2026-08-04 10:56:52.127 +07:00","3585.788","HOT_SWEEP_75","75","0.086800396"
"2026-08-04 10:56:52.808 +07:00","3586.469","HOT_SWEEP_75","75","0.086306676"
"2026-08-04 10:56:53.497 +07:00","3587.158","HOT_SWEEP_75","75","0.087126538"
"2026-08-04 10:56:54.183 +07:00","3587.842","HOT_SWEEP_75","75","0.086898945"
"2026-08-04 10:56:54.872 +07:00","3588.533","HOT_SWEEP_75","75","0.086497113"
"2026-08-04 10:56:55.549 +07:00","3589.21","HOT_SWEEP_75","75","0.086990006"
"2026-08-04 10:56:56.241 +07:00","3589.9","HOT_SWEEP_75","75","0.087119579"
"2026-08-04 10:56:56.944 +07:00","3590.605","HOT_SWEEP_75","75","0.086612619"
"2026-08-04 10:56:57.644 +07:00","3591.3","HOT_SWEEP_75","75","0.086615928"
"2026-08-04 10:56:58.331 +07:00","3591.988","HOT_SWEEP_75","75","0.087211415"
"2026-08-04 10:56:59.028 +07:00","3592.685","HOT_SWEEP_75","75","0.086841978"
"2026-08-04 10:56:59.716 +07:00","3593.361","HOT_SWEEP_75","75","0.086773947"
"2026-08-04 10:57:00.386 +07:00","3594.047","HOT_SWEEP_75","75","0.087782487"
"2026-08-04 10:57:01.073 +07:00","3594.732","HOT_SWEEP_75","75","0.087531887"
"2026-08-04 10:57:01.762 +07:00","3595.42","HOT_SWEEP_75","75","0.087366313"
"2026-08-04 10:57:02.444 +07:00","3596.103","HOT_SWEEP_75","75","0.08859203"
"2026-08-04 10:57:03.124 +07:00","3596.785","HOT_SWEEP_75","75","0.088415183"
"2026-08-04 10:57:03.842 +07:00","3597.499","HOT_SWEEP_75","75","0.088401817"
"2026-08-04 10:57:04.542 +07:00","3598.2","HOT_SWEEP_75","75","0.089337595"
"2026-08-04 10:57:05.228 +07:00","3598.887","HOT_SWEEP_75","75","0.089226946"
"2026-08-04 10:57:05.908 +07:00","3599.568","HOT_SWEEP_75","75","0.089067496"
"2026-08-04 10:57:06.603 +07:00","3600.262","HOT_SWEEP_75","75","0.089290932"
"2026-08-04 10:57:07.291 +07:00","3600.945","HOT_SWEEP_75","75","0.089409277"
"2026-08-04 10:57:07.975 +07:00","3601.633","HOT_SWEEP_75","75","0.089102067"
"2026-08-04 10:57:08.659 +07:00","3602.315","HOT_SWEEP_75","75","0.089043558"
"2026-08-04 10:57:09.354 +07:00","3603.015","HOT_SWEEP_75","75","0.089544132"
"2026-08-04 10:57:10.038 +07:00","3603.697","HOT_SWEEP_75","75","0.089561082"
"2026-08-04 10:57:10.743 +07:00","3604.405","HOT_SWEEP_75","75","0.089039788"
"2026-08-04 10:57:11.414 +07:00","3605.075","HOT_SWEEP_75","75","0.089812227"
"2026-08-04 10:57:12.120 +07:00","3605.781","HOT_SWEEP_75","75","0.089444689"
"2026-08-04 10:57:12.806 +07:00","3606.465","HOT_SWEEP_75","75","0.088977702"
"2026-08-04 10:57:13.486 +07:00","3607.145","HOT_SWEEP_75","75","0.090079471"
"2026-08-04 10:57:14.173 +07:00","3607.834","HOT_SWEEP_75","75","0.089739971"
"2026-08-04 10:57:14.854 +07:00","3608.515","HOT_SWEEP_75","75","0.089365043"
"2026-08-04 10:57:15.546 +07:00","3609.207","HOT_SWEEP_75","75","0.090000711"
"2026-08-04 10:57:16.234 +07:00","3609.895","HOT_SWEEP_75","75","0.089744247"
"2026-08-04 10:57:16.924 +07:00","3610.579","HOT_SWEEP_75","75","0.089163259"
"2026-08-04 10:57:17.615 +07:00","3611.276","HOT_SWEEP_75","75","0.089593612"
"2026-08-04 10:57:18.296 +07:00","3611.957","HOT_SWEEP_75","75","0.089971043"
"2026-08-04 10:57:18.984 +07:00","3612.645","HOT_SWEEP_75","75","0.089761481"
"2026-08-04 10:57:19.677 +07:00","3613.338","HOT_SWEEP_75","75","0.08985509"
"2026-08-04 10:57:20.363 +07:00","3614.024","HOT_SWEEP_75","75","0.090487473"
"2026-08-04 10:57:21.048 +07:00","3614.709","HOT_SWEEP_75","75","0.090101913"
"2026-08-04 10:57:21.726 +07:00","3615.387","HOT_SWEEP_75","75","0.089924373"
"2026-08-04 10:57:22.409 +07:00","3616.071","HOT_SWEEP_75","75","0.090877816"
"2026-08-04 10:57:23.095 +07:00","3616.756","HOT_SWEEP_75","75","0.090445206"
"2026-08-04 10:57:23.786 +07:00","3617.439","HOT_SWEEP_75","75","0.089999162"
"2026-08-04 10:57:24.486 +07:00","3618.139","HOT_SWEEP_75","75","0.090919614"
"2026-08-04 10:57:25.183 +07:00","3618.84","HOT_SWEEP_75","75","0.090526082"
"2026-08-04 10:57:25.868 +07:00","3619.527","HOT_SWEEP_75","75","0.090275601"
"2026-08-04 10:57:26.546 +07:00","3620.207","HOT_SWEEP_75","75","0.090734676"
"2026-08-04 10:57:27.234 +07:00","3620.895","HOT_SWEEP_75","75","0.090461291"
"2026-08-04 10:57:27.910 +07:00","3621.571","HOT_SWEEP_75","75","0.090149112"
"2026-08-04 10:57:28.592 +07:00","3622.253","HOT_SWEEP_75","75","0.090228707"
"2026-08-04 10:57:29.282 +07:00","3622.941","HOT_SWEEP_75","75","0.09046334"
"2026-08-04 10:57:29.975 +07:00","3623.636","HOT_SWEEP_75","75","0.090156995"
"2026-08-04 10:57:30.659 +07:00","3624.32","HOT_SWEEP_75","75","0.09030436"
"2026-08-04 10:57:31.370 +07:00","3625.031","HOT_SWEEP_75","75","0.091109142"
"2026-08-04 10:57:32.057 +07:00","3625.717","HOT_SWEEP_75","75","0.090833075"
"2026-08-04 10:57:32.727 +07:00","3626.388","HOT_SWEEP_75","75","0.090436213"
"2026-08-04 10:57:33.406 +07:00","3627.067","HOT_SWEEP_75","75","0.091684178"
"2026-08-04 10:57:34.097 +07:00","3627.758","HOT_SWEEP_75","75","0.091282025"
"2026-08-04 10:57:34.787 +07:00","3628.447","HOT_SWEEP_75","75","0.091065496"
"2026-08-04 10:57:35.474 +07:00","3629.135","HOT_SWEEP_75","75","0.092496619"
"2026-08-04 10:57:36.161 +07:00","3629.82","HOT_SWEEP_75","75","0.092129566"
"2026-08-04 10:57:36.855 +07:00","3630.514","HOT_SWEEP_75","75","0.091645926"
"2026-08-04 10:57:37.545 +07:00","3631.203","HOT_SWEEP_75","75","0.092577748"
"2026-08-04 10:57:38.276 +07:00","3631.935","HOT_SWEEP_75","75","0.092191316"
"2026-08-04 10:57:38.962 +07:00","3632.622","HOT_SWEEP_75","75","0.09182483"
"2026-08-04 10:57:39.643 +07:00","3633.303","HOT_SWEEP_75","75","0.09203203"
"2026-08-04 10:57:40.343 +07:00","3634.003","HOT_SWEEP_75","75","0.092217937"
"2026-08-04 10:57:41.026 +07:00","3634.687","HOT_SWEEP_75","75","0.092394099"
"2026-08-04 10:57:41.710 +07:00","3635.366","HOT_SWEEP_75","75","0.092283435"
"2026-08-04 10:57:42.392 +07:00","3636.051","HOT_SWEEP_75","75","0.092735685"
"2026-08-04 10:57:43.081 +07:00","3636.743","HOT_SWEEP_75","75","0.092714831"
"2026-08-04 10:57:43.782 +07:00","3637.435","HOT_SWEEP_75","75","0.092638284"
"2026-08-04 10:57:44.469 +07:00","3638.127","HOT_SWEEP_75","75","0.093281485"
"2026-08-04 10:57:45.162 +07:00","3638.822","HOT_SWEEP_75","75","0.093407325"
"2026-08-04 10:57:45.848 +07:00","3639.505","HOT_SWEEP_75","75","0.093189821"
"2026-08-04 10:57:46.542 +07:00","3640.198","HOT_SWEEP_75","75","0.094109915"
"2026-08-04 10:57:47.218 +07:00","3640.879","HOT_SWEEP_75","75","0.093904935"
"2026-08-04 10:57:47.923 +07:00","3641.581","HOT_SWEEP_75","75","0.093300976"
"2026-08-04 10:57:48.623 +07:00","3642.28","HOT_SWEEP_75","75","0.093752339"
"2026-08-04 10:57:49.319 +07:00","3642.976","HOT_SWEEP_75","75","0.093697175"
"2026-08-04 10:57:50.005 +07:00","3643.663","HOT_SWEEP_75","75","0.093235329"
"2026-08-04 10:57:50.698 +07:00","3644.355","HOT_SWEEP_75","75","0.093359426"
"2026-08-04 10:57:51.388 +07:00","3645.047","HOT_SWEEP_75","75","0.093553036"
"2026-08-04 10:57:52.078 +07:00","3645.736","HOT_SWEEP_75","75","0.093201004"
"2026-08-04 10:57:52.774 +07:00","3646.429","HOT_SWEEP_75","75","0.092931889"
"2026-08-04 10:57:53.455 +07:00","3647.116","HOT_SWEEP_75","75","0.093297586"
"2026-08-04 10:57:54.156 +07:00","3647.81","HOT_SWEEP_75","75","0.09296827"
"2026-08-04 10:57:54.852 +07:00","3648.51","HOT_SWEEP_75","75","0.092687972"
"2026-08-04 10:57:55.530 +07:00","3649.191","HOT_SWEEP_75","75","0.093035378"
"2026-08-04 10:57:56.221 +07:00","3649.88","HOT_SWEEP_75","75","0.092794657"
"2026-08-04 10:57:56.919 +07:00","3650.58","HOT_SWEEP_75","75","0.092668816"
"2026-08-04 10:57:57.607 +07:00","3651.266","HOT_SWEEP_75","75","0.092970558"
"2026-08-04 10:57:58.294 +07:00","3651.955","HOT_SWEEP_75","75","0.092844591"
"2026-08-04 10:57:59.001 +07:00","3652.646","HOT_SWEEP_75","75","0.092539832"
"2026-08-04 10:57:59.690 +07:00","3653.349","HOT_SWEEP_75","75","0.092712626"
"2026-08-04 10:58:00.381 +07:00","3654.042","HOT_SWEEP_75","75","0.093297943"
"2026-08-04 10:58:01.060 +07:00","3654.721","HOT_SWEEP_75","75","0.093133532"
"2026-08-04 10:58:01.754 +07:00","3655.409","HOT_SWEEP_75","75","0.093251728"
"2026-08-04 10:58:02.448 +07:00","3656.107","HOT_SWEEP_75","75","0.094329491"
"2026-08-04 10:58:03.132 +07:00","3656.79","HOT_SWEEP_75","75","0.094122365"
"2026-08-04 10:58:03.815 +07:00","3657.474","HOT_SWEEP_75","75","0.094029345"
"2026-08-04 10:58:04.499 +07:00","3658.157","HOT_SWEEP_75","75","0.095007971"
"2026-08-04 10:58:05.200 +07:00","3658.859","HOT_SWEEP_75","75","0.094885617"
"2026-08-04 10:58:05.891 +07:00","3659.552","HOT_SWEEP_75","75","0.094637193"
"2026-08-04 10:58:06.579 +07:00","3660.238","HOT_SWEEP_75","75","0.095380157"
"2026-08-04 10:58:07.281 +07:00","3660.94","HOT_SWEEP_75","75","0.095140442"
"2026-08-04 10:58:07.984 +07:00","3661.641","HOT_SWEEP_75","75","0.094957307"
"2026-08-04 10:58:08.677 +07:00","3662.336","HOT_SWEEP_75","75","0.094900005"
"2026-08-04 10:58:09.376 +07:00","3663.033","HOT_SWEEP_75","75","0.095008567"
"2026-08-04 10:58:10.073 +07:00","3663.734","HOT_SWEEP_75","75","0.094933942"
"2026-08-04 10:58:10.755 +07:00","3664.416","HOT_SWEEP_75","75","0.094692968"
"2026-08-04 10:58:11.444 +07:00","3665.105","HOT_SWEEP_75","75","0.095176205"
"2026-08-04 10:58:12.127 +07:00","3665.786","HOT_SWEEP_75","75","0.09504956"
"2026-08-04 10:58:12.826 +07:00","3666.485","HOT_SWEEP_75","75","0.094797671"
"2026-08-04 10:58:13.508 +07:00","3667.168","HOT_SWEEP_75","75","0.095519587"
"2026-08-04 10:58:14.188 +07:00","3667.849","HOT_SWEEP_75","75","0.095320113"
"2026-08-04 10:58:14.883 +07:00","3668.535","HOT_SWEEP_75","75","0.09500026"
"2026-08-04 10:58:15.575 +07:00","3669.236","HOT_SWEEP_75","75","0.095875621"
"2026-08-04 10:58:16.261 +07:00","3669.92","HOT_SWEEP_75","75","0.095768258"
"2026-08-04 10:58:16.935 +07:00","3670.596","HOT_SWEEP_75","75","0.095268823"
"2026-08-04 10:58:17.629 +07:00","3671.288","HOT_SWEEP_75","75","0.095610976"
"2026-08-04 10:58:18.324 +07:00","3671.981","HOT_SWEEP_75","75","0.095688626"
"2026-08-04 10:58:19.014 +07:00","3672.672","HOT_SWEEP_75","75","0.09518864"
"2026-08-04 10:58:19.717 +07:00","3673.378","HOT_SWEEP_75","75","0.095278874"
"2026-08-04 10:58:20.404 +07:00","3674.065","HOT_SWEEP_75","75","0.095798925"
"2026-08-04 10:58:21.086 +07:00","3674.747","HOT_SWEEP_75","75","0.095528252"
"2026-08-04 10:58:21.775 +07:00","3675.436","HOT_SWEEP_75","75","0.095282719"
"2026-08-04 10:58:22.451 +07:00","3676.112","HOT_SWEEP_75","75","0.095963225"
"2026-08-04 10:58:23.145 +07:00","3676.804","HOT_SWEEP_75","75","0.095479064"
"2026-08-04 10:58:23.833 +07:00","3677.494","HOT_SWEEP_75","75","0.095123604"
"2026-08-04 10:58:24.526 +07:00","3678.183","HOT_SWEEP_75","75","0.095868014"
"2026-08-04 10:58:25.199 +07:00","3678.86","HOT_SWEEP_75","75","0.095351093"
"2026-08-04 10:58:25.892 +07:00","3679.547","HOT_SWEEP_75","75","0.095087156"
"2026-08-04 10:58:26.608 +07:00","3680.266","HOT_SWEEP_75","75","0.095608428"
"2026-08-04 10:58:27.288 +07:00","3680.947","HOT_SWEEP_75","75","0.09527941"
"2026-08-04 10:58:27.972 +07:00","3681.631","HOT_SWEEP_75","75","0.094758019"
"2026-08-04 10:58:28.662 +07:00","3682.319","HOT_SWEEP_75","75","0.094803005"
"2026-08-04 10:58:29.360 +07:00","3683.018","HOT_SWEEP_75","75","0.095015481"
"2026-08-04 10:58:30.064 +07:00","3683.721","HOT_SWEEP_75","75","0.094629496"
"2026-08-04 10:58:30.751 +07:00","3684.41","HOT_SWEEP_75","75","0.094525889"
"2026-08-04 10:58:31.446 +07:00","3685.107","HOT_SWEEP_75","75","0.095336944"
"2026-08-04 10:58:32.135 +07:00","3685.793","HOT_SWEEP_75","75","0.095242523"
"2026-08-04 10:58:32.820 +07:00","3686.479","HOT_SWEEP_75","75","0.095161684"
"2026-08-04 10:58:33.545 +07:00","3687.204","HOT_SWEEP_75","75","0.096120223"
"2026-08-04 10:58:34.235 +07:00","3687.894","HOT_SWEEP_75","75","0.095907412"
"2026-08-04 10:58:34.918 +07:00","3688.579","HOT_SWEEP_75","75","0.095782831"
"2026-08-04 10:58:35.604 +07:00","3689.265","HOT_SWEEP_75","75","0.096316069"
"2026-08-04 10:58:36.283 +07:00","3689.942","HOT_SWEEP_75","75","0.096089497"
"2026-08-04 10:58:36.981 +07:00","3690.642","HOT_SWEEP_75","75","0.096020319"
"2026-08-04 10:58:37.666 +07:00","3691.323","HOT_SWEEP_75","75","0.09629079"
"2026-08-04 10:58:38.350 +07:00","3692.008","HOT_SWEEP_75","75","0.096214131"
"2026-08-04 10:58:39.032 +07:00","3692.691","HOT_SWEEP_75","75","0.096027397"
"2026-08-04 10:58:39.721 +07:00","3693.379","HOT_SWEEP_75","75","0.095922537"
"2026-08-04 10:58:40.430 +07:00","3694.09","HOT_SWEEP_75","75","0.096210502"
"2026-08-04 10:58:41.114 +07:00","3694.773","HOT_SWEEP_75","75","0.095973104"
"2026-08-04 10:58:41.803 +07:00","3695.461","HOT_SWEEP_75","75","0.095820129"
"2026-08-04 10:58:42.478 +07:00","3696.139","HOT_SWEEP_75","75","0.09692692"
"2026-08-04 10:58:43.167 +07:00","3696.826","HOT_SWEEP_75","75","0.096729636"
"2026-08-04 10:58:43.843 +07:00","3697.504","HOT_SWEEP_75","75","0.096248321"
"2026-08-04 10:58:44.522 +07:00","3698.183","HOT_SWEEP_75","75","0.097401716"
"2026-08-04 10:58:45.214 +07:00","3698.873","HOT_SWEEP_75","75","0.097177759"
"2026-08-04 10:58:45.889 +07:00","3699.55","HOT_SWEEP_75","75","0.096519068"
"2026-08-04 10:58:46.581 +07:00","3700.24","HOT_SWEEP_75","75","0.097445652"
"2026-08-04 10:58:47.275 +07:00","3700.935","HOT_SWEEP_75","75","0.09739168"
"2026-08-04 10:58:47.963 +07:00","3701.621","HOT_SWEEP_75","75","0.09687385"
"2026-08-04 10:58:48.650 +07:00","3702.309","HOT_SWEEP_75","75","0.097231664"
"2026-08-04 10:58:49.337 +07:00","3702.998","HOT_SWEEP_75","75","0.097385786"
"2026-08-04 10:58:50.024 +07:00","3703.683","HOT_SWEEP_75","75","0.096837938"
"2026-08-04 10:58:50.702 +07:00","3704.364","HOT_SWEEP_75","75","0.09675476"
"2026-08-04 10:58:51.386 +07:00","3705.046","HOT_SWEEP_75","75","0.097351328"
"2026-08-04 10:58:52.072 +07:00","3705.731","HOT_SWEEP_75","75","0.09674485"
"2026-08-04 10:58:52.740 +07:00","3706.401","HOT_SWEEP_75","75","0.096604332"
"2026-08-04 10:58:53.427 +07:00","3707.084","HOT_SWEEP_75","75","0.097428598"
"2026-08-04 10:58:54.130 +07:00","3707.79","HOT_SWEEP_75","75","0.09693747"
"2026-08-04 10:58:54.824 +07:00","3708.483","HOT_SWEEP_75","75","0.096544206"
"2026-08-04 10:58:55.502 +07:00","3709.163","HOT_SWEEP_75","75","0.097555444"
"2026-08-04 10:58:56.201 +07:00","3709.86","HOT_SWEEP_75","75","0.097027197"
"2026-08-04 10:58:56.892 +07:00","3710.549","HOT_SWEEP_75","75","0.096594244"
"2026-08-04 10:58:57.567 +07:00","3711.228","HOT_SWEEP_75","75","0.097357787"
"2026-08-04 10:58:58.253 +07:00","3711.912","HOT_SWEEP_75","75","0.097000472"
"2026-08-04 10:58:58.945 +07:00","3712.604","HOT_SWEEP_75","75","0.096590385"
"2026-08-04 10:58:59.640 +07:00","3713.296","HOT_SWEEP_75","75","0.097041838"
"2026-08-04 10:59:00.321 +07:00","3713.979","HOT_SWEEP_75","75","0.096911162"
"2026-08-04 10:59:01.028 +07:00","3714.688","HOT_SWEEP_75","75","0.096436761"
"2026-08-04 10:59:01.742 +07:00","3715.38","HOT_SWEEP_75","75","0.096373446"
"2026-08-04 10:59:02.438 +07:00","3716.098","HOT_SWEEP_75","75","0.096746162"
"2026-08-04 10:59:03.133 +07:00","3716.79","HOT_SWEEP_75","75","0.096580274"
"2026-08-04 10:59:03.819 +07:00","3717.478","HOT_SWEEP_75","75","0.096506953"
"2026-08-04 10:59:04.515 +07:00","3718.173","HOT_SWEEP_75","75","0.097386226"
"2026-08-04 10:59:05.206 +07:00","3718.867","HOT_SWEEP_75","75","0.097171478"
"2026-08-04 10:59:05.896 +07:00","3719.557","HOT_SWEEP_75","75","0.097229756"
"2026-08-04 10:59:06.589 +07:00","3720.247","HOT_SWEEP_75","75","0.097878814"
"2026-08-04 10:59:07.276 +07:00","3720.934","HOT_SWEEP_75","75","0.097690545"
"2026-08-04 10:59:08.037 +07:00","3721.695","HOT_SWEEP_75","75","0.097553931"
"2026-08-04 10:59:08.739 +07:00","3722.396","HOT_SWEEP_75","75","0.097518109"
"2026-08-04 10:59:09.431 +07:00","3723.088","HOT_SWEEP_75","75","0.097607128"
"2026-08-04 10:59:10.119 +07:00","3723.776","HOT_SWEEP_75","75","0.097590953"
"2026-08-04 10:59:10.802 +07:00","3724.461","HOT_SWEEP_75","75","0.097465679"
"2026-08-04 10:59:11.488 +07:00","3725.133","HOT_SWEEP_75","75","0.097707346"
"2026-08-04 10:59:12.176 +07:00","3725.837","HOT_SWEEP_75","75","0.097674645"
"2026-08-04 10:59:12.857 +07:00","3726.518","HOT_SWEEP_75","75","0.097505778"
"2026-08-04 10:59:13.547 +07:00","3727.206","HOT_SWEEP_75","75","0.097923115"
"2026-08-04 10:59:14.236 +07:00","3727.897","HOT_SWEEP_75","75","0.097976148"
"2026-08-04 10:59:14.940 +07:00","3728.599","HOT_SWEEP_75","75","0.09782517"
"2026-08-04 10:59:15.630 +07:00","3729.289","HOT_SWEEP_75","75","0.098904587"
"2026-08-04 10:59:16.313 +07:00","3729.973","HOT_SWEEP_75","75","0.098745793"
"2026-08-04 10:59:16.989 +07:00","3730.65","HOT_SWEEP_75","75","0.098396719"
"2026-08-04 10:59:17.683 +07:00","3731.343","HOT_SWEEP_75","75","0.09881793"
"2026-08-04 10:59:18.373 +07:00","3732.034","HOT_SWEEP_75","75","0.098934412"
"2026-08-04 10:59:19.051 +07:00","3732.712","HOT_SWEEP_75","75","0.098447993"
"2026-08-04 10:59:19.729 +07:00","3733.39","HOT_SWEEP_75","75","0.098440692"
"2026-08-04 10:59:20.421 +07:00","3734.067","HOT_SWEEP_75","75","0.099062935"
"2026-08-04 10:59:21.105 +07:00","3734.766","HOT_SWEEP_75","75","0.098669991"
"2026-08-04 10:59:21.803 +07:00","3735.464","HOT_SWEEP_75","75","0.098559469"
"2026-08-04 10:59:22.497 +07:00","3736.157","HOT_SWEEP_75","75","0.099265873"
"2026-08-04 10:59:23.189 +07:00","3736.848","HOT_SWEEP_75","75","0.09892907"
"2026-08-04 10:59:23.883 +07:00","3737.544","HOT_SWEEP_75","75","0.098615564"
"2026-08-04 10:59:24.569 +07:00","3738.23","HOT_SWEEP_75","75","0.099441782"
"2026-08-04 10:59:25.254 +07:00","3738.915","HOT_SWEEP_75","75","0.098931149"
"2026-08-04 10:59:25.937 +07:00","3739.598","HOT_SWEEP_75","75","0.098706506"
"2026-08-04 10:59:26.604 +07:00","3740.265","HOT_SWEEP_75","75","0.099263981"
"2026-08-04 10:59:27.296 +07:00","3740.948","HOT_SWEEP_75","75","0.098761149"
"2026-08-04 10:59:27.969 +07:00","3741.63","HOT_SWEEP_75","75","0.098325908"
"2026-08-04 10:59:28.669 +07:00","3742.33","HOT_SWEEP_75","75","0.098364308"
"2026-08-04 10:59:29.346 +07:00","3743.002","HOT_SWEEP_75","75","0.098399498"
"2026-08-04 10:59:30.022 +07:00","3743.683","HOT_SWEEP_75","75","0.097895525"
"2026-08-04 10:59:30.704 +07:00","3744.355","HOT_SWEEP_75","75","0.09787824"
"2026-08-04 10:59:31.394 +07:00","3745.055","HOT_SWEEP_75","75","0.09854655"
"2026-08-04 10:59:32.089 +07:00","3745.748","HOT_SWEEP_75","75","0.098093666"
"2026-08-04 10:59:32.772 +07:00","3746.43","HOT_SWEEP_75","75","0.097665913"
"2026-08-04 10:59:33.463 +07:00","3747.122","HOT_SWEEP_75","75","0.098842204"
"2026-08-04 10:59:34.149 +07:00","3747.81","HOT_SWEEP_75","75","0.098476306"
"2026-08-04 10:59:34.834 +07:00","3748.495","HOT_SWEEP_75","75","0.098168962"
"2026-08-04 10:59:35.536 +07:00","3749.197","HOT_SWEEP_75","75","0.099658415"
"2026-08-04 10:59:36.222 +07:00","3749.883","HOT_SWEEP_75","75","0.099284492"
"2026-08-04 10:59:36.921 +07:00","3750.574","HOT_SWEEP_75","75","0.098954193"
"2026-08-04 10:59:37.606 +07:00","3751.263","HOT_SWEEP_75","75","0.099943548"
"2026-08-04 10:59:38.284 +07:00","3751.943","HOT_SWEEP_75","75","0.099613748"
"2026-08-04 10:59:38.987 +07:00","3752.646","HOT_SWEEP_75","75","0.099379517"
"2026-08-04 10:59:39.684 +07:00","3753.345","HOT_SWEEP_75","75","0.100016177"
"2026-08-04 10:59:40.358 +07:00","3754.019","HOT_SWEEP_75","75","0.099831805"
"2026-08-04 10:59:41.025 +07:00","3754.687","HOT_SWEEP_75","75","0.099523157"
"2026-08-04 10:59:41.718 +07:00","3755.379","HOT_SWEEP_75","75","0.099654876"
"2026-08-04 10:59:42.432 +07:00","3756.089","HOT_SWEEP_75","75","0.099803135"
"2026-08-04 10:59:43.125 +07:00","3756.771","HOT_SWEEP_75","75","0.099675111"
"2026-08-04 10:59:43.816 +07:00","3757.461","HOT_SWEEP_75","75","0.099390902"
"2026-08-04 10:59:44.517 +07:00","3758.178","HOT_SWEEP_75","75","0.099920385"
"2026-08-04 10:59:45.201 +07:00","3758.846","HOT_SWEEP_75","75","0.099727109"
"2026-08-04 10:59:45.882 +07:00","3759.539","HOT_SWEEP_75","75","0.099417351"
"2026-08-04 10:59:46.572 +07:00","3760.23","HOT_SWEEP_75","75","0.100319646"
"2026-08-04 10:59:47.255 +07:00","3760.916","HOT_SWEEP_75","75","0.100099906"
"2026-08-04 10:59:47.942 +07:00","3761.603","HOT_SWEEP_75","75","0.099845171"
"2026-08-04 10:59:48.627 +07:00","3762.286","HOT_SWEEP_75","75","0.10053201"
"2026-08-04 10:59:49.315 +07:00","3762.973","HOT_SWEEP_75","75","0.100266419"
"2026-08-04 10:59:49.998 +07:00","3763.659","HOT_SWEEP_75","75","0.099766366"
"2026-08-04 10:59:50.677 +07:00","3764.336","HOT_SWEEP_75","75","0.100252256"
"2026-08-04 10:59:51.361 +07:00","3765.019","HOT_SWEEP_75","75","0.100349963"
"2026-08-04 10:59:52.050 +07:00","3765.711","HOT_SWEEP_75","75","0.099831067"
"2026-08-04 10:59:52.738 +07:00","3766.399","HOT_SWEEP_75","75","0.099712454"
"2026-08-04 10:59:53.438 +07:00","3767.097","HOT_SWEEP_75","75","0.100182079"
"2026-08-04 10:59:54.116 +07:00","3767.773","HOT_SWEEP_75","75","0.099646002"
"2026-08-04 10:59:54.804 +07:00","3768.465","HOT_SWEEP_75","75","0.099251106"
"2026-08-04 10:59:55.485 +07:00","3769.146","HOT_SWEEP_75","75","0.100083455"
"2026-08-04 10:59:56.182 +07:00","3769.827","HOT_SWEEP_75","75","0.099574834"
"2026-08-04 10:59:56.874 +07:00","3770.531","HOT_SWEEP_75","75","0.099065751"
"2026-08-04 10:59:57.559 +07:00","3771.219","HOT_SWEEP_75","75","0.099938199"
"2026-08-04 10:59:58.245 +07:00","3771.904","HOT_SWEEP_75","75","0.099394657"
"2026-08-04 10:59:58.931 +07:00","3772.577","HOT_SWEEP_75","75","0.098962292"
"2026-08-04 10:59:59.612 +07:00","3773.273","HOT_SWEEP_75","75","0.099688329"
"2026-08-04 11:00:00.304 +07:00","3773.965","HOT_SWEEP_75","75","0.09934447"
"2026-08-04 11:00:00.995 +07:00","3774.64","HOT_SWEEP_75","75","0.099032089"
"2026-08-04 11:00:01.673 +07:00","3775.334","HOT_SWEEP_75","75","0.099405825"
"2026-08-04 11:00:02.352 +07:00","3776.011","HOT_SWEEP_75","75","0.099402085"
"2026-08-04 11:00:03.056 +07:00","3776.717","HOT_SWEEP_75","75","0.099079728"
"2026-08-04 11:00:03.751 +07:00","3777.412","HOT_SWEEP_75","75","0.099139817"
"2026-08-04 11:00:04.419 +07:00","3778.081","HOT_SWEEP_75","75","0.099523008"
"2026-08-04 11:00:05.087 +07:00","3778.748","HOT_SWEEP_75","75","0.099271223"
"2026-08-04 11:00:05.768 +07:00","3779.429","HOT_SWEEP_75","75","0.099228598"
"2026-08-04 11:00:06.469 +07:00","3780.13","HOT_SWEEP_75","75","0.100378439"
"2026-08-04 11:00:07.160 +07:00","3780.82","HOT_SWEEP_75","75","0.099838212"
"2026-08-04 11:00:07.855 +07:00","3781.515","HOT_SWEEP_75","75","0.099442974"
"2026-08-04 11:00:08.531 +07:00","3782.192","HOT_SWEEP_75","75","0.100719869"
"2026-08-04 11:00:09.212 +07:00","3782.873","HOT_SWEEP_75","75","0.100208089"
"2026-08-04 11:00:09.918 +07:00","3783.577","HOT_SWEEP_75","75","0.099841207"
"2026-08-04 11:00:10.600 +07:00","3784.261","HOT_SWEEP_75","75","0.101186946"
"2026-08-04 11:00:11.277 +07:00","3784.938","HOT_SWEEP_75","75","0.10093464"
"2026-08-04 11:00:11.964 +07:00","3785.618","HOT_SWEEP_75","75","0.100668468"
"2026-08-04 11:00:12.649 +07:00","3786.31","HOT_SWEEP_75","75","0.101522125"
"2026-08-04 11:00:13.331 +07:00","3786.989","HOT_SWEEP_75","75","0.101141676"
"2026-08-04 11:00:14.026 +07:00","3787.686","HOT_SWEEP_75","75","0.100847043"
"2026-08-04 11:00:14.698 +07:00","3788.359","HOT_SWEEP_75","75","0.101380408"
"2026-08-04 11:00:15.380 +07:00","3789.041","HOT_SWEEP_75","75","0.101506114"
"2026-08-04 11:00:16.067 +07:00","3789.728","HOT_SWEEP_75","75","0.1011829"
"2026-08-04 11:00:16.778 +07:00","3790.423","HOT_SWEEP_75","75","0.101262175"
"2026-08-04 11:00:17.445 +07:00","3791.106","HOT_SWEEP_75","75","0.101955712"
"2026-08-04 11:00:18.136 +07:00","3791.797","HOT_SWEEP_75","75","0.101601198"
"2026-08-04 11:00:18.824 +07:00","3792.473","HOT_SWEEP_75","75","0.101179682"
"2026-08-04 11:00:19.506 +07:00","3793.151","HOT_SWEEP_75","75","0.10204196"
"2026-08-04 11:00:20.194 +07:00","3793.855","HOT_SWEEP_75","75","0.101690911"
"2026-08-04 11:00:20.892 +07:00","3794.551","HOT_SWEEP_75","75","0.101312317"
"2026-08-04 11:00:21.571 +07:00","3795.232","HOT_SWEEP_75","75","0.102407098"
"2026-08-04 11:00:22.279 +07:00","3795.937","HOT_SWEEP_75","75","0.102015138"
"2026-08-04 11:00:22.953 +07:00","3796.614","HOT_SWEEP_75","75","0.10151013"
"2026-08-04 11:00:23.638 +07:00","3797.299","HOT_SWEEP_75","75","0.102342784"
"2026-08-04 11:00:24.340 +07:00","3798.001","HOT_SWEEP_75","75","0.101912364"
"2026-08-04 11:00:25.016 +07:00","3798.677","HOT_SWEEP_75","75","0.101487257"
"2026-08-04 11:00:25.698 +07:00","3799.356","HOT_SWEEP_75","75","0.101915777"
"2026-08-04 11:00:26.391 +07:00","3800.05","HOT_SWEEP_75","75","0.10190852"
"2026-08-04 11:00:27.078 +07:00","3800.739","HOT_SWEEP_75","75","0.101575851"
"2026-08-04 11:00:27.742 +07:00","3801.403","HOT_SWEEP_75","75","0.101620391"
"2026-08-04 11:00:28.424 +07:00","3802.085","HOT_SWEEP_75","75","0.101923212"
"2026-08-04 11:00:29.095 +07:00","3802.756","HOT_SWEEP_75","75","0.101462387"
"2026-08-04 11:00:29.773 +07:00","3803.434","HOT_SWEEP_75","75","0.10142456"
"2026-08-04 11:00:30.467 +07:00","3804.117","HOT_SWEEP_75","75","0.102351271"
"2026-08-04 11:00:31.148 +07:00","3804.8","HOT_SWEEP_75","75","0.101742998"
"2026-08-04 11:00:31.839 +07:00","3805.5","HOT_SWEEP_75","75","0.101319574"
"2026-08-04 11:00:32.522 +07:00","3806.183","HOT_SWEEP_75","75","0.102656797"
"2026-08-04 11:00:33.210 +07:00","3806.871","HOT_SWEEP_75","75","0.102140054"
"2026-08-04 11:00:33.907 +07:00","3807.567","HOT_SWEEP_75","75","0.10146828"
"2026-08-04 11:00:34.602 +07:00","3808.261","HOT_SWEEP_75","75","0.102570869"
"2026-08-04 11:00:35.287 +07:00","3808.948","HOT_SWEEP_75","75","0.101996556"
"2026-08-04 11:00:35.979 +07:00","3809.64","HOT_SWEEP_75","75","0.101519361"
"2026-08-04 11:00:36.660 +07:00","3810.321","HOT_SWEEP_75","75","0.10201259"
"2026-08-04 11:00:37.382 +07:00","3811.044","HOT_SWEEP_75","75","0.10163714"
"2026-08-04 11:00:38.064 +07:00","3811.717","HOT_SWEEP_75","75","0.101369955"
"2026-08-04 11:00:38.738 +07:00","3812.399","HOT_SWEEP_75","75","0.10141933"
"2026-08-04 11:00:39.432 +07:00","3813.092","HOT_SWEEP_75","75","0.101221919"
"2026-08-04 11:00:40.113 +07:00","3813.766","HOT_SWEEP_75","75","0.100746557"
"2026-08-04 11:00:40.802 +07:00","3814.463","HOT_SWEEP_75","75","0.100775898"
"2026-08-04 11:00:41.480 +07:00","3815.141","HOT_SWEEP_75","75","0.10141097"
"2026-08-04 11:00:42.167 +07:00","3815.829","HOT_SWEEP_75","75","0.101084426"
"2026-08-04 11:00:42.854 +07:00","3816.515","HOT_SWEEP_75","75","0.100959003"
"2026-08-04 11:00:43.543 +07:00","3817.205","HOT_SWEEP_75","75","0.102105558"
"2026-08-04 11:00:44.219 +07:00","3817.88","HOT_SWEEP_75","75","0.101749107"
"2026-08-04 11:00:44.904 +07:00","3818.563","HOT_SWEEP_75","75","0.101368114"
"2026-08-04 11:00:45.591 +07:00","3819.252","HOT_SWEEP_75","75","0.102843225"
"2026-08-04 11:00:46.285 +07:00","3819.942","HOT_SWEEP_75","75","0.10256318"
"2026-08-04 11:00:46.970 +07:00","3820.631","HOT_SWEEP_75","75","0.102348864"
"2026-08-04 11:00:47.665 +07:00","3821.326","HOT_SWEEP_75","75","0.103403248"
"2026-08-04 11:00:48.345 +07:00","3822.006","HOT_SWEEP_75","75","0.103011407"
"2026-08-04 11:00:49.033 +07:00","3822.692","HOT_SWEEP_75","75","0.102690443"
"2026-08-04 11:00:49.731 +07:00","3823.392","HOT_SWEEP_75","75","0.103077114"
"2026-08-04 11:00:50.415 +07:00","3824.076","HOT_SWEEP_75","75","0.102856241"
"2026-08-04 11:00:51.118 +07:00","3824.778","HOT_SWEEP_75","75","0.102479994"
"2026-08-04 11:00:51.796 +07:00","3825.457","HOT_SWEEP_75","75","0.102370456"
"2026-08-04 11:00:52.485 +07:00","3826.144","HOT_SWEEP_75","75","0.102483474"
"2026-08-04 11:00:53.175 +07:00","3826.836","HOT_SWEEP_75","75","0.102263533"
"2026-08-04 11:00:53.865 +07:00","3827.526","HOT_SWEEP_75","75","0.101884499"
"2026-08-04 11:00:54.553 +07:00","3828.212","HOT_SWEEP_75","75","0.102644369"
"2026-08-04 11:00:55.242 +07:00","3828.901","HOT_SWEEP_75","75","0.102359675"
"2026-08-04 11:00:55.926 +07:00","3829.587","HOT_SWEEP_75","75","0.101998173"
"2026-08-04 11:00:56.625 +07:00","3830.276","HOT_SWEEP_75","75","0.102966391"
"2026-08-04 11:00:57.303 +07:00","3830.963","HOT_SWEEP_75","75","0.102960847"
"2026-08-04 11:00:58.014 +07:00","3831.666","HOT_SWEEP_75","75","0.102653399"
"2026-08-04 11:00:58.701 +07:00","3832.359","HOT_SWEEP_75","75","0.103397608"
"2026-08-04 11:00:59.385 +07:00","3833.046","HOT_SWEEP_75","75","0.103469193"
"2026-08-04 11:01:00.075 +07:00","3833.736","HOT_SWEEP_75","75","0.103043221"
"2026-08-04 11:01:00.764 +07:00","3834.424","HOT_SWEEP_75","75","0.103270508"
"2026-08-04 11:01:01.453 +07:00","3835.113","HOT_SWEEP_75","75","0.103432991"
"2026-08-04 11:01:02.147 +07:00","3835.806","HOT_SWEEP_75","75","0.103128925"
"2026-08-04 11:01:02.845 +07:00","3836.496","HOT_SWEEP_75","75","0.103112206"
"2026-08-04 11:01:03.529 +07:00","3837.189","HOT_SWEEP_75","75","0.103437304"
"2026-08-04 11:01:04.205 +07:00","3837.866","HOT_SWEEP_75","75","0.102987707"
"2026-08-04 11:01:04.909 +07:00","3838.569","HOT_SWEEP_75","75","0.10266984999999999"
"2026-08-04 11:01:05.605 +07:00","3839.266","HOT_SWEEP_75","75","0.103463091"
"2026-08-04 11:01:06.293 +07:00","3839.953","HOT_SWEEP_75","75","0.103029922"
"2026-08-04 11:01:06.978 +07:00","3840.639","HOT_SWEEP_75","75","0.102784075"
"2026-08-04 11:01:07.677 +07:00","3841.332","HOT_SWEEP_75","75","0.10345985"
"2026-08-04 11:01:08.380 +07:00","3842.038","HOT_SWEEP_75","75","0.103001997"
"2026-08-04 11:01:09.075 +07:00","3842.735","HOT_SWEEP_75","75","0.102754876"
"2026-08-04 11:01:09.755 +07:00","3843.409","HOT_SWEEP_75","75","0.102779865"
"2026-08-04 11:01:10.447 +07:00","3844.108","HOT_SWEEP_75","75","0.102693222"
"2026-08-04 11:01:11.135 +07:00","3844.796","HOT_SWEEP_75","75","0.102523908"
"2026-08-04 11:01:11.851 +07:00","3845.507","HOT_SWEEP_75","75","0.102706313"
"2026-08-04 11:01:12.535 +07:00","3846.196","HOT_SWEEP_75","75","0.103002623"
"2026-08-04 11:01:13.216 +07:00","3846.877","HOT_SWEEP_75","75","0.102814935"
"2026-08-04 11:01:13.916 +07:00","3847.577","HOT_SWEEP_75","75","0.102682017"
"2026-08-04 11:01:14.607 +07:00","3848.266","HOT_SWEEP_75","75","0.103419259"
"2026-08-04 11:01:15.285 +07:00","3848.946","HOT_SWEEP_75","75","0.103242204"
"2026-08-04 11:01:15.980 +07:00","3849.641","HOT_SWEEP_75","75","0.103020743"
"2026-08-04 11:01:16.662 +07:00","3850.323","HOT_SWEEP_75","75","0.104038976"
"2026-08-04 11:01:17.351 +07:00","3851.01","HOT_SWEEP_75","75","0.103889361"
"2026-08-04 11:01:18.040 +07:00","3851.701","HOT_SWEEP_75","75","0.103651248"
"2026-08-04 11:01:18.741 +07:00","3852.399","HOT_SWEEP_75","75","0.104074694"
"2026-08-04 11:01:19.440 +07:00","3853.098","HOT_SWEEP_75","75","0.103862144"
"2026-08-04 11:01:20.137 +07:00","3853.792","HOT_SWEEP_75","75","0.103665948"
"2026-08-04 11:01:20.823 +07:00","3854.481","HOT_SWEEP_75","75","0.10364674"
"2026-08-04 11:01:21.516 +07:00","3855.177","HOT_SWEEP_75","75","0.103879631"
"2026-08-04 11:01:22.219 +07:00","3855.878","HOT_SWEEP_75","75","0.103736676"
"2026-08-04 11:01:22.903 +07:00","3856.56","HOT_SWEEP_75","75","0.103572533"
"2026-08-04 11:01:23.581 +07:00","3857.242","HOT_SWEEP_75","75","0.104291663"
"2026-08-04 11:01:24.261 +07:00","3857.922","HOT_SWEEP_75","75","0.104111776"
"2026-08-04 11:01:24.957 +07:00","3858.615","HOT_SWEEP_75","75","0.103694774"
"2026-08-04 11:01:25.651 +07:00","3859.303","HOT_SWEEP_75","75","0.104544081"
"2026-08-04 11:01:26.330 +07:00","3859.992","HOT_SWEEP_75","75","0.104440466"
"2026-08-04 11:01:27.018 +07:00","3860.677","HOT_SWEEP_75","75","0.104049146"
"2026-08-04 11:01:27.699 +07:00","3861.359","HOT_SWEEP_75","75","0.105118252"
"2026-08-04 11:01:28.387 +07:00","3862.044","HOT_SWEEP_75","75","0.105007961"
"2026-08-04 11:01:29.071 +07:00","3862.727","HOT_SWEEP_75","75","0.10437379"
"2026-08-04 11:01:29.754 +07:00","3863.415","HOT_SWEEP_75","75","0.104855403"
"2026-08-04 11:01:30.451 +07:00","3864.112","HOT_SWEEP_75","75","0.104713939"
"2026-08-04 11:01:31.131 +07:00","3864.792","HOT_SWEEP_75","75","0.104274973"
"2026-08-04 11:01:31.821 +07:00","3865.482","HOT_SWEEP_75","75","0.10436888"
"2026-08-04 11:01:32.531 +07:00","3866.192","HOT_SWEEP_75","75","0.104858875"
"2026-08-04 11:01:33.211 +07:00","3866.872","HOT_SWEEP_75","75","0.104481198"
"2026-08-04 11:01:33.901 +07:00","3867.562","HOT_SWEEP_75","75","0.104078434"
"2026-08-04 11:01:34.581 +07:00","3868.242","HOT_SWEEP_75","75","0.10463427"
"2026-08-04 11:01:35.263 +07:00","3868.922","HOT_SWEEP_75","75","0.104136273"
"2026-08-04 11:01:35.951 +07:00","3869.604","HOT_SWEEP_75","75","0.103880048"
"2026-08-04 11:01:36.640 +07:00","3870.301","HOT_SWEEP_75","75","0.104632571"
"2026-08-04 11:01:37.323 +07:00","3870.984","HOT_SWEEP_75","75","0.104260638"
"2026-08-04 11:01:38.014 +07:00","3871.675","HOT_SWEEP_75","75","0.10366831"
"2026-08-04 11:01:38.705 +07:00","3872.352","HOT_SWEEP_75","75","0.104299679"
"2026-08-04 11:01:39.404 +07:00","3873.063","HOT_SWEEP_75","75","0.103945233"
"2026-08-04 11:01:40.091 +07:00","3873.752","HOT_SWEEP_75","75","0.103441872"
"2026-08-04 11:01:40.781 +07:00","3874.427","HOT_SWEEP_75","75","0.103623345"
"2026-08-04 11:01:41.455 +07:00","3875.116","HOT_SWEEP_75","75","0.103758477"
"2026-08-04 11:01:42.148 +07:00","3875.807","HOT_SWEEP_75","75","0.103470743"
"2026-08-04 11:01:42.828 +07:00","3876.489","HOT_SWEEP_75","75","0.103456996"
"2026-08-04 11:01:43.505 +07:00","3877.166","HOT_SWEEP_75","75","0.104031406"
"2026-08-04 11:01:44.193 +07:00","3877.854","HOT_SWEEP_75","75","0.103639387"
"2026-08-04 11:01:44.891 +07:00","3878.55","HOT_SWEEP_75","75","0.103507854"
"2026-08-04 11:01:45.579 +07:00","3879.238","HOT_SWEEP_75","75","0.104572557"
"2026-08-04 11:01:46.265 +07:00","3879.926","HOT_SWEEP_75","75","0.104118347"
"2026-08-04 11:01:46.944 +07:00","3880.603","HOT_SWEEP_75","75","0.103654765"
"2026-08-04 11:01:47.638 +07:00","3881.297","HOT_SWEEP_75","75","0.105024084"
"2026-08-04 11:01:48.313 +07:00","3881.974","HOT_SWEEP_75","75","0.10449101"
"2026-08-04 11:01:49.006 +07:00","3882.664","HOT_SWEEP_75","75","0.103826866"
"2026-08-04 11:01:49.691 +07:00","3883.35","HOT_SWEEP_75","75","0.104905389"
"2026-08-04 11:01:50.390 +07:00","3884.05","HOT_SWEEP_75","75","0.104550339"
"2026-08-04 11:01:51.068 +07:00","3884.729","HOT_SWEEP_75","75","0.10430757"
"2026-08-04 11:01:51.761 +07:00","3885.422","HOT_SWEEP_75","75","0.104859471"
"2026-08-04 11:01:52.448 +07:00","3886.109","HOT_SWEEP_75","75","0.104640707"
"2026-08-04 11:01:53.146 +07:00","3886.807","HOT_SWEEP_75","75","0.104275003"
"2026-08-04 11:01:53.838 +07:00","3887.499","HOT_SWEEP_75","75","0.104245581"
"2026-08-04 11:01:54.526 +07:00","3888.187","HOT_SWEEP_75","75","0.104544602"
"2026-08-04 11:01:55.222 +07:00","3888.879","HOT_SWEEP_75","75","0.104249313"
"2026-08-04 11:01:55.901 +07:00","3889.56","HOT_SWEEP_75","75","0.104115069"
"2026-08-04 11:01:56.593 +07:00","3890.254","HOT_SWEEP_75","75","0.104725435"
"2026-08-04 11:01:57.293 +07:00","3890.954","HOT_SWEEP_75","75","0.104387142"
"2026-08-04 11:01:57.981 +07:00","3891.635","HOT_SWEEP_75","75","0.103906892"
"2026-08-04 11:01:58.662 +07:00","3892.323","HOT_SWEEP_75","75","0.104733549"
"2026-08-04 11:01:59.352 +07:00","3893.009","HOT_SWEEP_75","75","0.10443677"
"2026-08-04 11:02:00.052 +07:00","3893.703","HOT_SWEEP_75","75","0.103911974"
"2026-08-04 11:02:00.742 +07:00","3894.403","HOT_SWEEP_75","75","0.104686342"
"2026-08-04 11:02:01.428 +07:00","3895.089","HOT_SWEEP_75","75","0.104456648"
"2026-08-04 11:02:02.123 +07:00","3895.782","HOT_SWEEP_75","75","0.103950068"
"2026-08-04 11:02:02.812 +07:00","3896.473","HOT_SWEEP_75","75","0.104109429"
"2026-08-04 11:02:03.501 +07:00","3897.158","HOT_SWEEP_75","75","0.104104914"
"2026-08-04 11:02:04.182 +07:00","3897.843","HOT_SWEEP_75","75","0.103734002"
"2026-08-04 11:02:04.867 +07:00","3898.525","HOT_SWEEP_75","75","0.103707135"
"2026-08-04 11:02:05.552 +07:00","3899.213","HOT_SWEEP_75","75","0.104017079"
"2026-08-04 11:02:06.242 +07:00","3899.903","HOT_SWEEP_75","75","0.10359595"
"2026-08-04 11:02:06.959 +07:00","3900.615","HOT_SWEEP_75","75","0.103387855"
"2026-08-04 11:02:07.654 +07:00","3901.315","HOT_SWEEP_75","75","0.103807591"
"2026-08-04 11:02:08.342 +07:00","3902.003","HOT_SWEEP_75","75","0.103476264"
"2026-08-04 11:02:09.022 +07:00","3902.683","HOT_SWEEP_75","75","0.103272572"
"2026-08-04 11:02:09.708 +07:00","3903.364","HOT_SWEEP_75","75","0.10400939"
"2026-08-04 11:02:10.406 +07:00","3904.063","HOT_SWEEP_75","75","0.103468835"
"2026-08-04 11:02:11.085 +07:00","3904.745","HOT_SWEEP_75","75","0.103040516"
"2026-08-04 11:02:11.772 +07:00","3905.423","HOT_SWEEP_75","75","0.103256285"
"2026-08-04 11:02:12.462 +07:00","3906.123","HOT_SWEEP_75","75","0.103134349"
"2026-08-04 11:02:13.153 +07:00","3906.803","HOT_SWEEP_75","75","0.102804519"
"2026-08-04 11:02:13.852 +07:00","3907.503","HOT_SWEEP_75","75","0.102771297"
"2026-08-04 11:02:14.547 +07:00","3908.205","HOT_SWEEP_75","75","0.103439704"
"2026-08-04 11:02:15.222 +07:00","3908.883","HOT_SWEEP_75","75","0.102997139"
"2026-08-04 11:02:15.913 +07:00","3909.573","HOT_SWEEP_75","75","0.102793694"
"2026-08-04 11:02:16.602 +07:00","3910.263","HOT_SWEEP_75","75","0.103794955"
"2026-08-04 11:02:17.292 +07:00","3910.954","HOT_SWEEP_75","75","0.103414133"
"2026-08-04 11:02:17.978 +07:00","3911.637","HOT_SWEEP_75","75","0.103158437"
"2026-08-04 11:02:18.672 +07:00","3912.333","HOT_SWEEP_75","75","0.104387008"
"2026-08-04 11:02:19.354 +07:00","3913.015","HOT_SWEEP_75","75","0.103970267"
"2026-08-04 11:02:20.043 +07:00","3913.704","HOT_SWEEP_75","75","0.103681341"
"2026-08-04 11:02:20.752 +07:00","3914.404","HOT_SWEEP_75","75","0.104708508"
"2026-08-04 11:02:21.423 +07:00","3915.085","HOT_SWEEP_75","75","0.104322448"
"2026-08-04 11:02:22.114 +07:00","3915.759","HOT_SWEEP_75","75","0.10411416"
"2026-08-04 11:02:22.802 +07:00","3916.463","HOT_SWEEP_75","75","0.104506209"
"2026-08-04 11:02:23.482 +07:00","3917.143","HOT_SWEEP_75","75","0.104243919"
"2026-08-04 11:02:24.162 +07:00","3917.821","HOT_SWEEP_75","75","0.103989795"
"2026-08-04 11:02:24.850 +07:00","3918.511","HOT_SWEEP_75","75","0.104083635"
"2026-08-04 11:02:25.535 +07:00","3919.197","HOT_SWEEP_75","75","0.104445457"
"2026-08-04 11:02:26.217 +07:00","3919.878","HOT_SWEEP_75","75","0.104204617"
"2026-08-04 11:02:26.885 +07:00","3920.546","HOT_SWEEP_75","75","0.103919312"
"2026-08-04 11:02:27.590 +07:00","3921.245","HOT_SWEEP_75","75","0.104830958"
"2026-08-04 11:02:28.270 +07:00","3921.927","HOT_SWEEP_75","75","0.104536176"
"2026-08-04 11:02:28.959 +07:00","3922.605","HOT_SWEEP_75","75","0.10404253"
"2026-08-04 11:02:29.648 +07:00","3923.309","HOT_SWEEP_75","75","0.105254807"
"2026-08-04 11:02:30.331 +07:00","3923.992","HOT_SWEEP_75","75","0.104845524"
"2026-08-04 11:02:31.005 +07:00","3924.666","HOT_SWEEP_75","75","0.10443268"
"2026-08-04 11:02:31.699 +07:00","3925.344","HOT_SWEEP_75","75","0.10567534"
"2026-08-04 11:02:32.364 +07:00","3926.025","HOT_SWEEP_75","75","0.105177246"
"2026-08-04 11:02:33.073 +07:00","3926.729","HOT_SWEEP_75","75","0.104542688"
"2026-08-04 11:02:33.756 +07:00","3927.417","HOT_SWEEP_75","75","0.105495587"
"2026-08-04 11:02:34.430 +07:00","3928.091","HOT_SWEEP_75","75","0.105433322"
"2026-08-04 11:02:35.138 +07:00","3928.797","HOT_SWEEP_75","75","0.104946539"
"2026-08-04 11:02:35.819 +07:00","3929.465","HOT_SWEEP_75","75","0.105182372"
"2026-08-04 11:02:36.517 +07:00","3930.177","HOT_SWEEP_75","75","0.105287768"
"2026-08-04 11:02:37.194 +07:00","3930.855","HOT_SWEEP_75","75","0.1048062"
"2026-08-04 11:02:37.884 +07:00","3931.544","HOT_SWEEP_75","75","0.10474886"
"2026-08-04 11:02:38.567 +07:00","3932.226","HOT_SWEEP_75","75","0.105215825"
"2026-08-04 11:02:39.265 +07:00","3932.926","HOT_SWEEP_75","75","0.104693271"
"2026-08-04 11:02:39.955 +07:00","3933.616","HOT_SWEEP_75","75","0.104595646"
"2026-08-04 11:02:40.631 +07:00","3934.292","HOT_SWEEP_75","75","0.105283581"
"2026-08-04 11:02:41.349 +07:00","3935.01","HOT_SWEEP_75","75","0.104812466"
"2026-08-04 11:02:42.039 +07:00","3935.7","HOT_SWEEP_75","75","0.104432166"
"2026-08-04 11:02:42.732 +07:00","3936.39","HOT_SWEEP_75","75","0.105000302"
"2026-08-04 11:02:43.408 +07:00","3937.069","HOT_SWEEP_75","75","0.104606286"
"2026-08-04 11:02:44.090 +07:00","3937.751","HOT_SWEEP_75","75","0.104286946"
"2026-08-04 11:02:44.771 +07:00","3938.432","HOT_SWEEP_75","75","0.104583606"
"2026-08-04 11:02:45.465 +07:00","3939.126","HOT_SWEEP_75","75","0.104310498"
"2026-08-04 11:02:46.148 +07:00","3939.806","HOT_SWEEP_75","75","0.104076311"
"2026-08-04 11:02:46.840 +07:00","3940.501","HOT_SWEEP_75","75","0.104216024"
"2026-08-04 11:02:47.529 +07:00","3941.19","HOT_SWEEP_75","75","0.104487374"
"2026-08-04 11:02:48.210 +07:00","3941.871","HOT_SWEEP_75","75","0.104025662"
"2026-08-04 11:02:48.909 +07:00","3942.569","HOT_SWEEP_75","75","0.103802875"
"2026-08-04 11:02:49.601 +07:00","3943.252","HOT_SWEEP_75","75","0.104853272"
"2026-08-04 11:02:50.289 +07:00","3943.95","HOT_SWEEP_75","75","0.104615346"
"2026-08-04 11:02:50.984 +07:00","3944.643","HOT_SWEEP_75","75","0.104625463"
"2026-08-04 11:02:51.674 +07:00","3945.335","HOT_SWEEP_75","75","0.105973803"
"2026-08-04 11:02:52.350 +07:00","3946.011","HOT_SWEEP_75","75","0.105879501"
"2026-08-04 11:02:53.040 +07:00","3946.699","HOT_SWEEP_75","75","0.105606377"
"2026-08-04 11:02:53.719 +07:00","3947.38","HOT_SWEEP_75","75","0.106648207"
"2026-08-04 11:02:54.410 +07:00","3948.063","HOT_SWEEP_75","75","0.106289588"
"2026-08-04 11:02:55.110 +07:00","3948.771","HOT_SWEEP_75","75","0.106149554"
"2026-08-04 11:02:55.799 +07:00","3949.451","HOT_SWEEP_75","75","0.106944934"
"2026-08-04 11:02:56.480 +07:00","3950.132","HOT_SWEEP_75","75","0.106741205"
"2026-08-04 11:02:57.160 +07:00","3950.821","HOT_SWEEP_75","75","0.106536523"
"2026-08-04 11:02:57.844 +07:00","3951.505","HOT_SWEEP_75","75","0.106471181"
"2026-08-04 11:02:58.539 +07:00","3952.201","HOT_SWEEP_75","75","0.106681421"
"2026-08-04 11:02:59.223 +07:00","3952.881","HOT_SWEEP_75","75","0.106336102"
"2026-08-04 11:02:59.911 +07:00","3953.566","HOT_SWEEP_75","75","0.106181905"
"2026-08-04 11:03:00.609 +07:00","3954.268","HOT_SWEEP_75","75","0.106889978"
"2026-08-04 11:03:01.289 +07:00","3954.949","HOT_SWEEP_75","75","0.106544927"
"2026-08-04 11:03:01.990 +07:00","3955.641","HOT_SWEEP_75","75","0.10605754"
"2026-08-04 11:03:02.686 +07:00","3956.332","HOT_SWEEP_75","75","0.107020751"
"2026-08-04 11:03:03.365 +07:00","3957.026","HOT_SWEEP_75","75","0.106952861"
"2026-08-04 11:03:04.064 +07:00","3957.724","HOT_SWEEP_75","75","0.106565535"
"2026-08-04 11:03:04.756 +07:00","3958.412","HOT_SWEEP_75","75","0.107440189"
"2026-08-04 11:03:05.440 +07:00","3959.101","HOT_SWEEP_75","75","0.107234918"
"2026-08-04 11:03:06.130 +07:00","3959.785","HOT_SWEEP_75","75","0.106745139"
"2026-08-04 11:03:06.820 +07:00","3960.481","HOT_SWEEP_75","75","0.107299827"
"2026-08-04 11:03:07.510 +07:00","3961.161","HOT_SWEEP_75","75","0.107100666"
"2026-08-04 11:03:08.202 +07:00","3961.863","HOT_SWEEP_75","75","0.10671071"
"2026-08-04 11:03:08.912 +07:00","3962.571","HOT_SWEEP_75","75","0.106786117"
"2026-08-04 11:03:09.603 +07:00","3963.264","HOT_SWEEP_75","75","0.106956303"
"2026-08-04 11:03:10.300 +07:00","3963.958","HOT_SWEEP_75","75","0.10644225"
"2026-08-04 11:03:10.990 +07:00","3964.648","HOT_SWEEP_75","75","0.106245458"
"2026-08-04 11:03:11.680 +07:00","3965.339","HOT_SWEEP_75","75","0.106574774"
"2026-08-04 11:03:12.376 +07:00","3966.037","HOT_SWEEP_75","75","0.106190242"
"2026-08-04 11:03:13.050 +07:00","3966.711","HOT_SWEEP_75","75","0.105895303"
"2026-08-04 11:03:13.728 +07:00","3967.389","HOT_SWEEP_75","75","0.106412873"
"2026-08-04 11:03:14.415 +07:00","3968.074","HOT_SWEEP_75","75","0.106145516"
"2026-08-04 11:03:15.096 +07:00","3968.757","HOT_SWEEP_75","75","0.105798244"
"2026-08-04 11:03:15.796 +07:00","3969.441","HOT_SWEEP_75","75","0.106257543"
"2026-08-04 11:03:16.470 +07:00","3970.131","HOT_SWEEP_75","75","0.105968773"
"2026-08-04 11:03:17.143 +07:00","3970.804","HOT_SWEEP_75","75","0.105541155"
"2026-08-04 11:03:17.822 +07:00","3971.483","HOT_SWEEP_75","75","0.105689786"
"2026-08-04 11:03:18.505 +07:00","3972.165","HOT_SWEEP_75","75","0.106038198"
"2026-08-04 11:03:19.196 +07:00","3972.842","HOT_SWEEP_75","75","0.105594061"
"2026-08-04 11:03:19.895 +07:00","3973.552","HOT_SWEEP_75","75","0.105436541"
"2026-08-04 11:03:20.582 +07:00","3974.237","HOT_SWEEP_75","75","0.106228888"
"2026-08-04 11:03:21.265 +07:00","3974.924","HOT_SWEEP_75","75","0.105790854"
"2026-08-04 11:03:21.956 +07:00","3975.617","HOT_SWEEP_75","75","0.105451249"
"2026-08-04 11:03:22.625 +07:00","3976.286","HOT_SWEEP_75","75","0.106707551"
"2026-08-04 11:03:23.306 +07:00","3976.965","HOT_SWEEP_75","75","0.106347516"
"2026-08-04 11:03:23.998 +07:00","3977.659","HOT_SWEEP_75","75","0.105945423"
"2026-08-04 11:03:24.680 +07:00","3978.339","HOT_SWEEP_75","75","0.107485794"
"2026-08-04 11:03:25.365 +07:00","3979.025","HOT_SWEEP_75","75","0.107014045"
"2026-08-04 11:03:26.056 +07:00","3979.717","HOT_SWEEP_75","75","0.10664735"
"2026-08-04 11:03:26.748 +07:00","3980.401","HOT_SWEEP_75","75","0.107888639"
"2026-08-04 11:03:27.423 +07:00","3981.084","HOT_SWEEP_75","75","0.107495964"
"2026-08-04 11:03:28.106 +07:00","3981.767","HOT_SWEEP_75","75","0.107098579"
"2026-08-04 11:03:28.787 +07:00","3982.448","HOT_SWEEP_75","75","0.108032703"
"2026-08-04 11:03:29.471 +07:00","3983.132","HOT_SWEEP_75","75","0.107841931"
"2026-08-04 11:03:30.164 +07:00","3983.821","HOT_SWEEP_75","75","0.107292809"
"2026-08-04 11:03:30.838 +07:00","3984.499","HOT_SWEEP_75","75","0.1076722"
"2026-08-04 11:03:31.537 +07:00","3985.198","HOT_SWEEP_75","75","0.107723534"
"2026-08-04 11:03:32.208 +07:00","3985.869","HOT_SWEEP_75","75","0.107456163"
"2026-08-04 11:03:32.886 +07:00","3986.547","HOT_SWEEP_75","75","0.107315078"
"2026-08-04 11:03:33.570 +07:00","3987.231","HOT_SWEEP_75","75","0.107932471"
"2026-08-04 11:03:34.252 +07:00","3987.913","HOT_SWEEP_75","75","0.107425734"
"2026-08-04 11:03:34.936 +07:00","3988.597","HOT_SWEEP_75","75","0.10689579"
"2026-08-04 11:03:35.618 +07:00","3989.279","HOT_SWEEP_75","75","0.108000174"
"2026-08-04 11:03:36.319 +07:00","3989.98","HOT_SWEEP_75","75","0.107527517"
"2026-08-04 11:03:36.996 +07:00","3990.651","HOT_SWEEP_75","75","0.106990591"
"2026-08-04 11:03:37.683 +07:00","3991.344","HOT_SWEEP_75","75","0.108310893"
"2026-08-04 11:03:38.369 +07:00","3992.03","HOT_SWEEP_75","75","0.107856117"
"2026-08-04 11:03:39.050 +07:00","3992.711","HOT_SWEEP_75","75","0.107158087"
"2026-08-04 11:03:39.734 +07:00","3993.395","HOT_SWEEP_75","75","0.108368114"
"2026-08-04 11:03:40.416 +07:00","3994.077","HOT_SWEEP_75","75","0.107844546"
"2026-08-04 11:03:41.100 +07:00","3994.761","HOT_SWEEP_75","75","0.107423723"
"2026-08-04 11:03:41.768 +07:00","3995.429","HOT_SWEEP_75","75","0.108421668"
"2026-08-04 11:03:42.445 +07:00","3996.093","HOT_SWEEP_75","75","0.108056583"
"2026-08-04 11:03:43.131 +07:00","3996.792","HOT_SWEEP_75","75","0.107360624"
"2026-08-04 11:03:43.815 +07:00","3997.476","HOT_SWEEP_75","75","0.10801357"
"2026-08-04 11:03:44.481 +07:00","3998.143","HOT_SWEEP_75","75","0.107916035"
"2026-08-04 11:03:45.174 +07:00","3998.825","HOT_SWEEP_75","75","0.107209466"
"2026-08-04 11:03:45.847 +07:00","3999.508","HOT_SWEEP_75","75","0.10751541"
"2026-08-04 11:03:46.515 +07:00","4000.176","HOT_SWEEP_75","75","0.107905746"
"2026-08-04 11:03:47.203 +07:00","4000.864","HOT_SWEEP_75","75","0.107241705"
"2026-08-04 11:03:47.893 +07:00","4001.54","HOT_SWEEP_75","75","0.107025482"
"2026-08-04 11:03:48.563 +07:00","4002.224","HOT_SWEEP_75","75","0.108015575"
"2026-08-04 11:03:49.250 +07:00","4002.911","HOT_SWEEP_75","75","0.107324794"
"2026-08-04 11:03:49.953 +07:00","4003.606","HOT_SWEEP_75","75","0.107078016"
"2026-08-04 11:03:50.640 +07:00","4004.288","HOT_SWEEP_75","75","0.10841658"
"2026-08-04 11:03:51.326 +07:00","4004.987","HOT_SWEEP_75","75","0.10783726"
"2026-08-04 11:03:52.012 +07:00","4005.673","HOT_SWEEP_75","75","0.10732685"
"2026-08-04 11:03:52.694 +07:00","4006.355","HOT_SWEEP_75","75","0.10837023"
"2026-08-04 11:03:53.378 +07:00","4007.039","HOT_SWEEP_75","75","0.10781987"
"2026-08-04 11:03:54.060 +07:00","4007.721","HOT_SWEEP_75","75","0.107393183"
"2026-08-04 11:03:54.742 +07:00","4008.403","HOT_SWEEP_75","75","0.108295836"
"2026-08-04 11:03:55.426 +07:00","4009.087","HOT_SWEEP_75","75","0.107648849"
"2026-08-04 11:03:56.094 +07:00","4009.755","HOT_SWEEP_75","75","0.107087389"
"2026-08-04 11:03:56.792 +07:00","4010.453","HOT_SWEEP_75","75","0.107916571"
"2026-08-04 11:03:57.474 +07:00","4011.135","HOT_SWEEP_75","75","0.107413769"
"2026-08-04 11:03:58.180 +07:00","4011.823","HOT_SWEEP_75","75","0.106837794"
"2026-08-04 11:03:58.862 +07:00","4012.523","HOT_SWEEP_75","75","0.107202493"
"2026-08-04 11:03:59.562 +07:00","4013.223","HOT_SWEEP_75","75","0.107405044"
"2026-08-04 11:04:00.252 +07:00","4013.913","HOT_SWEEP_75","75","0.107050873"
"2026-08-04 11:04:00.942 +07:00","4014.601","HOT_SWEEP_75","75","0.106930926"
"2026-08-04 11:04:01.624 +07:00","4015.283","HOT_SWEEP_75","75","0.107802168"
"2026-08-04 11:04:02.304 +07:00","4015.964","HOT_SWEEP_75","75","0.107429072"
"2026-08-04 11:04:02.992 +07:00","4016.653","HOT_SWEEP_75","75","0.107288085"
"2026-08-04 11:04:03.693 +07:00","4017.354","HOT_SWEEP_75","75","0.108111814"
"2026-08-04 11:04:04.372 +07:00","4018.033","HOT_SWEEP_75","75","0.107896186"
"2026-08-04 11:04:05.058 +07:00","4018.719","HOT_SWEEP_75","75","0.107688591"
"2026-08-04 11:04:05.742 +07:00","4019.403","HOT_SWEEP_75","75","0.108786561"
"2026-08-04 11:04:06.442 +07:00","4020.095","HOT_SWEEP_75","75","0.108335115"
"2026-08-04 11:04:07.121 +07:00","4020.781","HOT_SWEEP_75","75","0.107963368"
"2026-08-04 11:04:07.802 +07:00","4021.463","HOT_SWEEP_75","75","0.108981334"
"2026-08-04 11:04:08.490 +07:00","4022.149","HOT_SWEEP_75","75","0.108371116"
"2026-08-04 11:04:09.182 +07:00","4022.843","HOT_SWEEP_75","75","0.107907653"
"2026-08-04 11:04:09.880 +07:00","4023.539","HOT_SWEEP_75","75","0.108270571"
"2026-08-04 11:04:10.585 +07:00","4024.244","HOT_SWEEP_75","75","0.108179644"
"2026-08-04 11:04:11.293 +07:00","4024.938","HOT_SWEEP_75","75","0.107758567"
"2026-08-04 11:04:11.993 +07:00","4025.632","HOT_SWEEP_75","75","0.107553683"
"2026-08-04 11:04:12.693 +07:00","4026.339","HOT_SWEEP_75","75","0.107814074"
"2026-08-04 11:04:13.395 +07:00","4027.043","HOT_SWEEP_75","75","0.107711352"
"2026-08-04 11:04:14.091 +07:00","4027.736","HOT_SWEEP_75","75","0.107490204"
"2026-08-04 11:04:14.779 +07:00","4028.434","HOT_SWEEP_75","75","0.107791327"
"2026-08-04 11:04:15.475 +07:00","4029.12","HOT_SWEEP_75","75","0.107849434"
"2026-08-04 11:04:16.168 +07:00","4029.814","HOT_SWEEP_75","75","0.107802495"
"2026-08-04 11:04:16.862 +07:00","4030.507","HOT_SWEEP_75","75","0.108149193"
"2026-08-04 11:04:17.560 +07:00","4031.206","HOT_SWEEP_75","75","0.108224154"
"2026-08-04 11:04:18.259 +07:00","4031.904","HOT_SWEEP_75","75","0.108143792"
"2026-08-04 11:04:18.960 +07:00","4032.604","HOT_SWEEP_75","75","0.108364679"
"2026-08-04 11:04:19.659 +07:00","4033.312","HOT_SWEEP_75","75","0.108671464"
"2026-08-04 11:04:20.350 +07:00","4034","HOT_SWEEP_75","75","0.108588502"
"2026-08-04 11:04:21.048 +07:00","4034.691","HOT_SWEEP_75","75","0.1084558"
"2026-08-04 11:04:21.738 +07:00","4035.389","HOT_SWEEP_75","75","0.108640388"
"2026-08-04 11:04:22.419 +07:00","4036.069","HOT_SWEEP_75","75","0.108472228"
"2026-08-04 11:04:23.122 +07:00","4036.769","HOT_SWEEP_75","75","0.108351611"
"2026-08-04 11:04:23.812 +07:00","4037.462","HOT_SWEEP_75","75","0.108658478"
"2026-08-04 11:04:24.525 +07:00","4038.177","HOT_SWEEP_75","75","0.10836003"
"2026-08-04 11:04:25.229 +07:00","4038.879","HOT_SWEEP_75","75","0.108228363"
"2026-08-04 11:04:25.932 +07:00","4039.58","HOT_SWEEP_75","75","0.108158611"
"2026-08-04 11:04:26.620 +07:00","4040.269","HOT_SWEEP_75","75","0.107860506"
"2026-08-04 11:04:27.318 +07:00","4040.969","HOT_SWEEP_75","75","0.107616521"
"2026-08-04 11:04:28.009 +07:00","4041.66","HOT_SWEEP_75","75","0.107514165"
"2026-08-04 11:04:28.709 +07:00","4042.367","HOT_SWEEP_75","75","0.10786543"
"2026-08-04 11:04:29.412 +07:00","4043.059","HOT_SWEEP_75","75","0.107831642"
"2026-08-04 11:04:30.104 +07:00","4043.755","HOT_SWEEP_75","75","0.107833229"
"2026-08-04 11:04:30.811 +07:00","4044.46","HOT_SWEEP_75","75","0.108202696"
"2026-08-04 11:04:31.520 +07:00","4045.171","HOT_SWEEP_75","75","0.108221889"
"2026-08-04 11:04:32.210 +07:00","4045.862","HOT_SWEEP_75","75","0.108110413"
"2026-08-04 11:04:32.912 +07:00","4046.561","HOT_SWEEP_75","75","0.108407333"
"2026-08-04 11:04:33.620 +07:00","4047.269","HOT_SWEEP_75","75","0.108274043"
"2026-08-04 11:04:34.323 +07:00","4047.971","HOT_SWEEP_75","75","0.108412169"
"2026-08-04 11:04:35.020 +07:00","4048.671","HOT_SWEEP_75","75","0.108504616"
"2026-08-04 11:04:35.720 +07:00","4049.371","HOT_SWEEP_75","75","0.108448431"
"2026-08-04 11:04:36.410 +07:00","4050.061","HOT_SWEEP_75","75","0.108424619"
"2026-08-04 11:04:37.098 +07:00","4050.741","HOT_SWEEP_75","75","0.108226918"
"2026-08-04 11:04:37.790 +07:00","4051.441","HOT_SWEEP_75","75","0.108168021"
"2026-08-04 11:04:38.490 +07:00","4052.141","HOT_SWEEP_75","75","0.10818819"
"2026-08-04 11:04:39.190 +07:00","4052.841","HOT_SWEEP_75","75","0.107967421"
"2026-08-04 11:04:39.886 +07:00","4053.533","HOT_SWEEP_75","75","0.108203277"
"2026-08-04 11:04:40.580 +07:00","4054.232","HOT_SWEEP_75","75","0.108165227"
"2026-08-04 11:04:41.276 +07:00","4054.921","HOT_SWEEP_75","75","0.10781841"
"2026-08-04 11:04:41.972 +07:00","4055.623","HOT_SWEEP_75","75","0.107773617"
"2026-08-04 11:04:42.669 +07:00","4056.314","HOT_SWEEP_75","75","0.107786164"
"2026-08-04 11:04:43.369 +07:00","4057.014","HOT_SWEEP_75","75","0.107465066"
"2026-08-04 11:04:44.068 +07:00","4057.709","HOT_SWEEP_75","75","0.107467547"
"2026-08-04 11:04:44.753 +07:00","4058.398","HOT_SWEEP_75","75","0.107454337"
"2026-08-04 11:04:45.435 +07:00","4059.096","HOT_SWEEP_75","75","0.107070208"
"2026-08-04 11:04:46.130 +07:00","4059.775","HOT_SWEEP_75","75","0.107007697"
"2026-08-04 11:04:46.821 +07:00","4060.469","HOT_SWEEP_75","75","0.107044317"
"2026-08-04 11:04:47.528 +07:00","4061.179","HOT_SWEEP_75","75","0.106753647"
"2026-08-04 11:04:48.211 +07:00","4061.856","HOT_SWEEP_75","75","0.106461391"
"2026-08-04 11:04:48.903 +07:00","4062.564","HOT_SWEEP_75","75","0.106609583"
"2026-08-04 11:04:49.604 +07:00","4063.255","HOT_SWEEP_75","75","0.106454268"
"2026-08-04 11:04:50.297 +07:00","4063.949","HOT_SWEEP_75","75","0.106221601"
"2026-08-04 11:04:50.991 +07:00","4064.64","HOT_SWEEP_75","75","0.106151983"
"2026-08-04 11:04:51.679 +07:00","4065.333","HOT_SWEEP_75","75","0.10657642"
"2026-08-04 11:04:52.389 +07:00","4066.035","HOT_SWEEP_75","75","0.106378198"
"2026-08-04 11:04:53.095 +07:00","4066.724","HOT_SWEEP_75","75","0.106330395"
"2026-08-04 11:04:53.796 +07:00","4067.442","HOT_SWEEP_75","75","0.107066073"
"2026-08-04 11:04:54.485 +07:00","4068.134","HOT_SWEEP_75","75","0.107075311"
"2026-08-04 11:04:55.186 +07:00","4068.83","HOT_SWEEP_75","75","0.107121125"
"2026-08-04 11:04:55.891 +07:00","4069.53","HOT_SWEEP_75","75","0.10772644"
"2026-08-04 11:04:56.580 +07:00","4070.241","HOT_SWEEP_75","75","0.107516386"
"2026-08-04 11:04:57.279 +07:00","4070.93","HOT_SWEEP_75","75","0.10756401"
"2026-08-04 11:04:57.976 +07:00","4071.622","HOT_SWEEP_75","75","0.107696913"
"2026-08-04 11:04:58.678 +07:00","4072.329","HOT_SWEEP_75","75","0.107819363"
"2026-08-04 11:04:59.379 +07:00","4073.04","HOT_SWEEP_75","75","0.107989952"
"2026-08-04 11:05:00.089 +07:00","4073.739","HOT_SWEEP_75","75","0.107848071"
"2026-08-04 11:05:00.795 +07:00","4074.444","HOT_SWEEP_75","75","0.107932352"
"2026-08-04 11:05:01.492 +07:00","4075.145","HOT_SWEEP_75","75","0.108066723"
"2026-08-04 11:05:02.188 +07:00","4075.834","HOT_SWEEP_75","75","0.10790316"
"2026-08-04 11:05:02.906 +07:00","4076.53","HOT_SWEEP_75","75","0.1080091"
"2026-08-04 11:05:03.599 +07:00","4077.244","HOT_SWEEP_75","75","0.108188167"
"2026-08-04 11:05:04.305 +07:00","4077.944","HOT_SWEEP_75","75","0.108020283"
"2026-08-04 11:05:05.019 +07:00","4078.665","HOT_SWEEP_75","75","0.107972361"
"2026-08-04 11:05:05.733 +07:00","4079.359","HOT_SWEEP_75","75","0.107757807"
"2026-08-04 11:05:06.454 +07:00","4080.105","HOT_SWEEP_75","75","0.107729875"
"2026-08-04 11:05:07.179 +07:00","4080.826","HOT_SWEEP_75","75","0.107791878"
"2026-08-04 11:05:07.897 +07:00","4081.535","HOT_SWEEP_75","75","0.10698422"
"2026-08-04 11:05:08.598 +07:00","4082.245","HOT_SWEEP_75","75","0.106977388"
"2026-08-04 11:05:09.290 +07:00","4082.937","HOT_SWEEP_75","75","0.107430473"
"2026-08-04 11:05:09.983 +07:00","4083.635","HOT_SWEEP_75","75","0.106573105"
"2026-08-04 11:05:10.700 +07:00","4084.33","HOT_SWEEP_75","75","0.106649265"
"2026-08-04 11:05:11.404 +07:00","4085.05","HOT_SWEEP_75","75","0.106939003"
"2026-08-04 11:05:12.104 +07:00","4085.754","HOT_SWEEP_75","75","0.106898203"
"2026-08-04 11:05:12.816 +07:00","4086.455","HOT_SWEEP_75","75","0.106676087"
"2026-08-04 11:05:13.548 +07:00","4087.189","HOT_SWEEP_75","75","0.10691601"
"2026-08-04 11:05:14.251 +07:00","4087.889","HOT_SWEEP_75","75","0.10738162"
"2026-08-04 11:05:14.936 +07:00","4088.582","HOT_SWEEP_75","75","0.107110776"
"2026-08-04 11:05:15.636 +07:00","4089.281","HOT_SWEEP_75","75","0.107338071"
"2026-08-04 11:05:16.335 +07:00","4089.988","HOT_SWEEP_75","75","0.107563213"
"2026-08-04 11:05:17.037 +07:00","4090.68","HOT_SWEEP_75","75","0.107631937"
"2026-08-04 11:05:17.746 +07:00","4091.383","HOT_SWEEP_75","75","0.107766166"
"2026-08-04 11:05:18.451 +07:00","4092.101","HOT_SWEEP_75","75","0.108189367"
"2026-08-04 11:05:19.157 +07:00","4092.797","HOT_SWEEP_75","75","0.108412161"
"2026-08-04 11:05:19.884 +07:00","4093.502","HOT_SWEEP_75","75","0.108150765"
"2026-08-04 11:05:20.615 +07:00","4094.25","HOT_SWEEP_75","75","0.108493209"
"2026-08-04 11:05:21.317 +07:00","4094.966","HOT_SWEEP_75","75","0.108470216"
"2026-08-04 11:05:22.021 +07:00","4095.665","HOT_SWEEP_75","75","0.108098134"
"2026-08-04 11:05:22.723 +07:00","4096.364","HOT_SWEEP_75","75","0.108211279"
"2026-08-04 11:05:23.427 +07:00","4097.067","HOT_SWEEP_75","75","0.108403325"
"2026-08-04 11:05:24.130 +07:00","4097.775","HOT_SWEEP_75","75","0.108398996"
"2026-08-04 11:05:24.864 +07:00","4098.488","HOT_SWEEP_75","75","0.107688949"
"2026-08-04 11:05:25.578 +07:00","4099.215","HOT_SWEEP_75","75","0.107829854"
"2026-08-04 11:05:26.294 +07:00","4099.927","HOT_SWEEP_75","75","0.108053006"
"2026-08-04 11:05:27.003 +07:00","4100.637","HOT_SWEEP_75","75","0.106996216"
"2026-08-04 11:05:27.736 +07:00","4101.363","HOT_SWEEP_75","75","0.107213154"
"2026-08-04 11:05:28.438 +07:00","4102.079","HOT_SWEEP_75","75","0.107645892"
"2026-08-04 11:05:29.145 +07:00","4102.781","HOT_SWEEP_75","75","0.107580483"
"2026-08-04 11:05:29.848 +07:00","4103.487","HOT_SWEEP_75","75","0.10735295"
"2026-08-04 11:05:30.542 +07:00","4104.189","HOT_SWEEP_75","75","0.107633509"
"2026-08-04 11:05:31.254 +07:00","4104.896","HOT_SWEEP_75","75","0.107992649"
"2026-08-04 11:05:31.946 +07:00","4105.593","HOT_SWEEP_75","75","0.107399978"
"2026-08-04 11:05:32.644 +07:00","4106.293","HOT_SWEEP_75","75","0.107617617"
"2026-08-04 11:05:33.334 +07:00","4106.981","HOT_SWEEP_75","75","0.107937753"
"2026-08-04 11:05:34.024 +07:00","4107.675","HOT_SWEEP_75","75","0.107825421"
"2026-08-04 11:05:34.742 +07:00","4108.387","HOT_SWEEP_75","75","0.107857823"
"2026-08-04 11:05:35.448 +07:00","4109.096","HOT_SWEEP_75","75","0.108155027"
"2026-08-04 11:05:36.158 +07:00","4109.802","HOT_SWEEP_75","75","0.108279251"
"2026-08-04 11:05:36.866 +07:00","4110.507","HOT_SWEEP_75","75","0.108125269"
"2026-08-04 11:05:37.569 +07:00","4111.21","HOT_SWEEP_75","75","0.108331904"
"2026-08-04 11:05:38.269 +07:00","4111.913","HOT_SWEEP_75","75","0.108406559"
"2026-08-04 11:05:38.975 +07:00","4112.622","HOT_SWEEP_75","75","0.108314417"
"2026-08-04 11:05:39.677 +07:00","4113.319","HOT_SWEEP_75","75","0.108615182"
"2026-08-04 11:05:40.375 +07:00","4114.025","HOT_SWEEP_75","75","0.108668566"
"2026-08-04 11:05:41.059 +07:00","4114.72","HOT_SWEEP_75","75","0.108685315"
"2026-08-04 11:05:41.795 +07:00","4115.443","HOT_SWEEP_75","75","0.108466044"
"2026-08-04 11:05:42.493 +07:00","4116.14","HOT_SWEEP_75","75","0.10847491"
"2026-08-04 11:05:43.206 +07:00","4116.851","HOT_SWEEP_75","75","0.108615972"
"2026-08-04 11:05:43.905 +07:00","4117.553","HOT_SWEEP_75","75","0.107964337"
"2026-08-04 11:05:44.623 +07:00","4118.258","HOT_SWEEP_75","75","0.107958555"
"2026-08-04 11:05:45.324 +07:00","4118.972","HOT_SWEEP_75","75","0.108122125"
"2026-08-04 11:05:46.039 +07:00","4119.675","HOT_SWEEP_75","75","0.107741639"
"2026-08-04 11:05:46.722 +07:00","4120.383","HOT_SWEEP_75","75","0.107862458"
"2026-08-04 11:05:47.421 +07:00","4121.069","HOT_SWEEP_75","75","0.108158574"
"2026-08-04 11:05:48.121 +07:00","4121.766","HOT_SWEEP_75","75","0.108337484"
"2026-08-04 11:05:48.847 +07:00","4122.485","HOT_SWEEP_75","75","0.108502127"
"2026-08-04 11:05:49.555 +07:00","4123.183","HOT_SWEEP_75","75","0.108656444"
"2026-08-04 11:05:50.258 +07:00","4123.906","HOT_SWEEP_75","75","0.10898535"
"2026-08-04 11:05:50.940 +07:00","4124.585","HOT_SWEEP_75","75","0.108975746"
"2026-08-04 11:05:51.649 +07:00","4125.291","HOT_SWEEP_75","75","0.109100237"
"2026-08-04 11:05:52.346 +07:00","4125.984","HOT_SWEEP_75","75","0.109393239"
"2026-08-04 11:05:53.048 +07:00","4126.688","HOT_SWEEP_75","75","0.109563112"
"2026-08-04 11:05:53.735 +07:00","4127.396","HOT_SWEEP_75","75","0.109529041"
"2026-08-04 11:05:54.434 +07:00","4128.079","HOT_SWEEP_75","75","0.109603249"
"2026-08-04 11:05:55.133 +07:00","4128.782","HOT_SWEEP_75","75","0.109562553"
"2026-08-04 11:05:55.835 +07:00","4129.476","HOT_SWEEP_75","75","0.109471783"
"2026-08-04 11:05:56.518 +07:00","4130.179","HOT_SWEEP_75","75","0.109644905"
"2026-08-04 11:05:57.235 +07:00","4130.878","HOT_SWEEP_75","75","0.10943649"
"2026-08-04 11:05:57.932 +07:00","4131.577","HOT_SWEEP_75","75","0.109600678"
"2026-08-04 11:05:58.632 +07:00","4132.281","HOT_SWEEP_75","75","0.109835431"
"2026-08-04 11:05:59.333 +07:00","4132.978","HOT_SWEEP_75","75","0.109699287"
"2026-08-04 11:06:00.038 +07:00","4133.677","HOT_SWEEP_75","75","0.10980954"
"2026-08-04 11:06:00.722 +07:00","4134.368","HOT_SWEEP_75","75","0.109861597"
"2026-08-04 11:06:01.423 +07:00","4135.073","HOT_SWEEP_75","75","0.109658979"
"2026-08-04 11:06:02.101 +07:00","4135.762","HOT_SWEEP_75","75","0.109581292"
"2026-08-04 11:06:02.816 +07:00","4136.461","HOT_SWEEP_75","75","0.109568261"
"2026-08-04 11:06:03.500 +07:00","4137.161","HOT_SWEEP_75","75","0.109441422"
"2026-08-04 11:06:04.201 +07:00","4137.85","HOT_SWEEP_75","75","0.109418705"
"2026-08-04 11:06:04.897 +07:00","4138.542","HOT_SWEEP_75","75","0.109498039"
"2026-08-04 11:06:05.595 +07:00","4139.247","HOT_SWEEP_75","75","0.109281942"
"2026-08-04 11:06:06.297 +07:00","4139.942","HOT_SWEEP_75","75","0.109084785"
"2026-08-04 11:06:07.002 +07:00","4140.645","HOT_SWEEP_75","75","0.109093748"
"2026-08-04 11:06:07.680 +07:00","4141.341","HOT_SWEEP_75","75","0.108854398"
"2026-08-04 11:06:08.382 +07:00","4142.031","HOT_SWEEP_75","75","0.108716071"
"2026-08-04 11:06:09.069 +07:00","4142.722","HOT_SWEEP_75","75","0.108711526"
"2026-08-04 11:06:09.781 +07:00","4143.428","HOT_SWEEP_75","75","0.109019652"
"2026-08-04 11:06:10.479 +07:00","4144.122","HOT_SWEEP_75","75","0.108832598"
"2026-08-04 11:06:11.181 +07:00","4144.828","HOT_SWEEP_75","75","0.108791806"
"2026-08-04 11:06:11.890 +07:00","4145.541","HOT_SWEEP_75","75","0.109291472"
"2026-08-04 11:06:12.592 +07:00","4146.237","HOT_SWEEP_75","75","0.109158851"
"2026-08-04 11:06:13.292 +07:00","4146.937","HOT_SWEEP_75","75","0.109171733"
"2026-08-04 11:06:14.007 +07:00","4147.64","HOT_SWEEP_75","75","0.109412991"
"2026-08-04 11:06:14.692 +07:00","4148.353","HOT_SWEEP_75","75","0.109436013"
"2026-08-04 11:06:15.378 +07:00","4149.021","HOT_SWEEP_75","75","0.109569237"
"2026-08-04 11:06:16.079 +07:00","4149.723","HOT_SWEEP_75","75","0.109553829"
"2026-08-04 11:06:16.790 +07:00","4150.434","HOT_SWEEP_75","75","0.109618403"
"2026-08-04 11:06:17.504 +07:00","4151.141","HOT_SWEEP_75","75","0.109717906"
"2026-08-04 11:06:18.226 +07:00","4151.853","HOT_SWEEP_75","75","0.109664485"
"2026-08-04 11:06:18.937 +07:00","4152.584","HOT_SWEEP_75","75","0.109505758"
"2026-08-04 11:06:19.643 +07:00","4153.282","HOT_SWEEP_75","75","0.109661996"
"2026-08-04 11:06:20.339 +07:00","4153.982","HOT_SWEEP_75","75","0.109711543"
"2026-08-04 11:06:21.049 +07:00","4154.687","HOT_SWEEP_75","75","0.1094203"
"2026-08-04 11:06:21.737 +07:00","4155.384","HOT_SWEEP_75","75","0.109673895"
"2026-08-04 11:06:22.454 +07:00","4156.089","HOT_SWEEP_75","75","0.109779343"
"2026-08-04 11:06:23.150 +07:00","4156.805","HOT_SWEEP_75","75","0.109913528"
"2026-08-04 11:06:23.880 +07:00","4157.528","HOT_SWEEP_75","75","0.109411813"
"2026-08-04 11:06:24.570 +07:00","4158.221","HOT_SWEEP_75","75","0.109691903"
"2026-08-04 11:06:25.280 +07:00","4158.921","HOT_SWEEP_75","75","0.109848499"
"2026-08-04 11:06:25.984 +07:00","4159.631","HOT_SWEEP_75","75","0.109105989"
"2026-08-04 11:06:26.692 +07:00","4160.341","HOT_SWEEP_75","75","0.109288432"
"2026-08-04 11:06:27.394 +07:00","4161.041","HOT_SWEEP_75","75","0.109525576"
"2026-08-04 11:06:28.100 +07:00","4161.745","HOT_SWEEP_75","75","0.109351553"
"2026-08-04 11:06:28.800 +07:00","4162.447","HOT_SWEEP_75","75","0.109268092"
"2026-08-04 11:06:29.490 +07:00","4163.138","HOT_SWEEP_75","75","0.109368466"
"2026-08-04 11:06:30.185 +07:00","4163.831","HOT_SWEEP_75","75","0.109577276"
"2026-08-04 11:06:30.914 +07:00","4164.553","HOT_SWEEP_75","75","0.109520331"
"2026-08-04 11:06:31.610 +07:00","4165.261","HOT_SWEEP_75","75","0.109501839"
"2026-08-04 11:06:32.313 +07:00","4165.965","HOT_SWEEP_75","75","0.109816335"
"2026-08-04 11:06:33.010 +07:00","4166.661","HOT_SWEEP_75","75","0.109763399"
"2026-08-04 11:06:33.734 +07:00","4167.366","HOT_SWEEP_75","75","0.109885372"
"2026-08-04 11:06:34.433 +07:00","4168.073","HOT_SWEEP_75","75","0.110111795"
"2026-08-04 11:06:35.127 +07:00","4168.779","HOT_SWEEP_75","75","0.110128775"
"2026-08-04 11:06:35.829 +07:00","4169.479","HOT_SWEEP_75","75","0.110087112"
"2026-08-04 11:06:36.526 +07:00","4170.173","HOT_SWEEP_75","75","0.110326432"
"2026-08-04 11:06:37.238 +07:00","4170.881","HOT_SWEEP_75","75","0.110279962"
"2026-08-04 11:06:37.933 +07:00","4171.567","HOT_SWEEP_75","75","0.109970078"
"2026-08-04 11:06:38.639 +07:00","4172.288","HOT_SWEEP_75","75","0.110123038"
"2026-08-04 11:06:39.345 +07:00","4172.995","HOT_SWEEP_75","75","0.110162675"
"2026-08-04 11:06:40.046 +07:00","4173.692","HOT_SWEEP_75","75","0.109995544"
"2026-08-04 11:06:40.744 +07:00","4174.389","HOT_SWEEP_75","75","0.110067233"
"2026-08-04 11:06:41.440 +07:00","4175.085","HOT_SWEEP_75","75","0.110073492"
"2026-08-04 11:06:42.135 +07:00","4175.779","HOT_SWEEP_75","75","0.110137656"
"2026-08-04 11:06:42.844 +07:00","4176.495","HOT_SWEEP_75","75","0.109924354"
"2026-08-04 11:06:43.534 +07:00","4177.179","HOT_SWEEP_75","75","0.109862924"
"2026-08-04 11:06:44.227 +07:00","4177.872","HOT_SWEEP_75","75","0.109833024"
"2026-08-04 11:06:44.959 +07:00","4178.604","HOT_SWEEP_75","75","0.109744765"
"2026-08-04 11:06:45.648 +07:00","4179.296","HOT_SWEEP_75","75","0.109597981"
"2026-08-04 11:06:46.344 +07:00","4179.99","HOT_SWEEP_75","75","0.109502338"
"2026-08-04 11:06:47.043 +07:00","4180.688","HOT_SWEEP_75","75","0.109343193"
"2026-08-04 11:06:47.747 +07:00","4181.395","HOT_SWEEP_75","75","0.109199502"
"2026-08-04 11:06:48.443 +07:00","4182.088","HOT_SWEEP_75","75","0.109155618"
"2026-08-04 11:06:49.123 +07:00","4182.769","HOT_SWEEP_75","75","0.109217606"
"2026-08-04 11:06:49.817 +07:00","4183.476","HOT_SWEEP_75","75","0.10944818"
"2026-08-04 11:06:50.541 +07:00","4184.169","HOT_SWEEP_75","75","0.109470055"
"2026-08-04 11:06:51.240 +07:00","4184.901","HOT_SWEEP_75","75","0.109584652"
"2026-08-04 11:06:51.956 +07:00","4185.606","HOT_SWEEP_75","75","0.109619021"
"2026-08-04 11:06:52.657 +07:00","4186.309","HOT_SWEEP_75","75","0.10966675"
"2026-08-04 11:06:53.356 +07:00","4187.001","HOT_SWEEP_75","75","0.109742381"
"2026-08-04 11:06:54.061 +07:00","4187.701","HOT_SWEEP_75","75","0.109889254"
"2026-08-04 11:06:54.754 +07:00","4188.399","HOT_SWEEP_75","75","0.109969005"
"2026-08-04 11:06:55.456 +07:00","4189.117","HOT_SWEEP_75","75","0.110123411"
"2026-08-04 11:06:56.171 +07:00","4189.808","HOT_SWEEP_75","75","0.109894201"
"2026-08-04 11:06:56.872 +07:00","4190.517","HOT_SWEEP_75","75","0.109826148"
"2026-08-04 11:06:57.570 +07:00","4191.222","HOT_SWEEP_75","75","0.110083833"
"2026-08-04 11:06:58.272 +07:00","4191.917","HOT_SWEEP_75","75","0.11008098"
"2026-08-04 11:06:58.990 +07:00","4192.629","HOT_SWEEP_75","75","0.110026024"
"2026-08-04 11:06:59.673 +07:00","4193.334","HOT_SWEEP_75","75","0.110394105"
"2026-08-04 11:07:00.378 +07:00","4194.018","HOT_SWEEP_75","75","0.110453367"
"2026-08-04 11:07:01.071 +07:00","4194.716","HOT_SWEEP_75","75","0.110476315"
"2026-08-04 11:07:01.771 +07:00","4195.414","HOT_SWEEP_75","75","0.110592544"
"2026-08-04 11:07:02.467 +07:00","4196.112","HOT_SWEEP_75","75","0.110487856"
"2026-08-04 11:07:03.167 +07:00","4196.819","HOT_SWEEP_75","75","0.110796213"
"2026-08-04 11:07:03.868 +07:00","4197.521","HOT_SWEEP_75","75","0.110651575"
"2026-08-04 11:07:04.567 +07:00","4198.212","HOT_SWEEP_75","75","0.110407636"
"2026-08-04 11:07:05.269 +07:00","4198.919","HOT_SWEEP_75","75","0.110368848"
"2026-08-04 11:07:05.984 +07:00","4199.635","HOT_SWEEP_75","75","0.110182658"
"2026-08-04 11:07:06.675 +07:00","4200.328","HOT_SWEEP_75","75","0.10986267"
"2026-08-04 11:07:07.383 +07:00","4201.033","HOT_SWEEP_75","75","0.109840415"
"2026-08-04 11:07:08.081 +07:00","4201.726","HOT_SWEEP_75","75","0.109715223"
"2026-08-04 11:07:08.782 +07:00","4202.428","HOT_SWEEP_75","75","0.109651782"
"2026-08-04 11:07:09.482 +07:00","4203.127","HOT_SWEEP_75","75","0.109629177"
"2026-08-04 11:07:10.182 +07:00","4203.829","HOT_SWEEP_75","75","0.109552883"
"2026-08-04 11:07:10.875 +07:00","4204.522","HOT_SWEEP_75","75","0.109568596"
"2026-08-04 11:07:11.601 +07:00","4205.231","HOT_SWEEP_75","75","0.109587409"
"2026-08-04 11:07:12.303 +07:00","4205.943","HOT_SWEEP_75","75","0.109775051"
"2026-08-04 11:07:13.021 +07:00","4206.664","HOT_SWEEP_75","75","0.109796941"
"2026-08-04 11:07:13.735 +07:00","4207.368","HOT_SWEEP_75","75","0.109895028"
"2026-08-04 11:07:14.445 +07:00","4208.087","HOT_SWEEP_75","75","0.11023201"
"2026-08-04 11:07:15.144 +07:00","4208.792","HOT_SWEEP_75","75","0.11029847"
"2026-08-04 11:07:15.853 +07:00","4209.492","HOT_SWEEP_75","75","0.110249385"
"2026-08-04 11:07:16.562 +07:00","4210.212","HOT_SWEEP_75","75","0.110580608"
"2026-08-04 11:07:17.266 +07:00","4210.912","HOT_SWEEP_75","75","0.110595331"
"2026-08-04 11:07:17.963 +07:00","4211.615","HOT_SWEEP_75","75","0.110130988"
"2026-08-04 11:07:18.661 +07:00","4212.3","HOT_SWEEP_75","75","0.11046885"
"2026-08-04 11:07:19.365 +07:00","4213.012","HOT_SWEEP_75","75","0.110484876"
"2026-08-04 11:07:20.081 +07:00","4213.72","HOT_SWEEP_75","75","0.109973289"
"2026-08-04 11:07:21.121 +07:00","4214.78","HOT_SWEEP_70","70","0.109540164"
"2026-08-04 11:07:21.811 +07:00","4215.472","HOT_SWEEP_70","70","0.111589491"
"2026-08-04 11:07:22.503 +07:00","4216.155","HOT_SWEEP_70","70","0.110283732"
"2026-08-04 11:07:23.183 +07:00","4216.844","HOT_SWEEP_70","70","0.108414873"
"2026-08-04 11:07:23.884 +07:00","4217.543","HOT_SWEEP_70","70","0.109425031"
"2026-08-04 11:07:24.559 +07:00","4218.221","HOT_SWEEP_70","70","0.10819988"
"2026-08-04 11:07:25.243 +07:00","4218.904","HOT_SWEEP_70","70","0.105289087"
"2026-08-04 11:07:25.926 +07:00","4219.587","HOT_SWEEP_70","70","0.105110429"
"2026-08-04 11:07:26.617 +07:00","4220.276","HOT_SWEEP_70","70","0.104532734"
"2026-08-04 11:07:27.313 +07:00","4220.974","HOT_SWEEP_70","70","0.101078294"
"2026-08-04 11:07:27.997 +07:00","4221.652","HOT_SWEEP_70","70","0.099929251"
"2026-08-04 11:07:28.691 +07:00","4222.353","HOT_SWEEP_70","70","0.097271226"
"2026-08-04 11:07:29.385 +07:00","4223.042","HOT_SWEEP_70","70","0.094874755"
"2026-08-04 11:07:30.073 +07:00","4223.734","HOT_SWEEP_70","70","0.094007052"
"2026-08-04 11:07:30.757 +07:00","4224.418","HOT_SWEEP_70","70","0.092402436"
"2026-08-04 11:07:31.423 +07:00","4225.084","HOT_SWEEP_70","70","0.090784483"
"2026-08-04 11:07:32.115 +07:00","4225.776","HOT_SWEEP_70","70","0.089790478"
"2026-08-04 11:07:32.806 +07:00","4226.467","HOT_SWEEP_70","70","0.089025415"
"2026-08-04 11:07:33.472 +07:00","4227.133","HOT_SWEEP_70","70","0.087663718"
"2026-08-04 11:07:34.173 +07:00","4227.834","HOT_SWEEP_70","70","0.086887904"
"2026-08-04 11:07:34.858 +07:00","4228.519","HOT_SWEEP_70","70","0.08710739"
"2026-08-04 11:07:35.540 +07:00","4229.201","HOT_SWEEP_70","70","0.086123943"
"2026-08-04 11:07:36.235 +07:00","4229.891","HOT_SWEEP_70","70","0.085300811"
"2026-08-04 11:07:36.921 +07:00","4230.582","HOT_SWEEP_70","70","0.086279176"
"2026-08-04 11:07:37.602 +07:00","4231.263","HOT_SWEEP_70","70","0.08542107"
"2026-08-04 11:07:38.289 +07:00","4231.95","HOT_SWEEP_70","70","0.084717996"
"2026-08-04 11:07:38.968 +07:00","4232.63","HOT_SWEEP_70","70","0.08612188"
"2026-08-04 11:07:39.662 +07:00","4233.315","HOT_SWEEP_70","70","0.085350953"
"2026-08-04 11:07:40.354 +07:00","4234.015","HOT_SWEEP_70","70","0.084826969"
"2026-08-04 11:07:41.044 +07:00","4234.705","HOT_SWEEP_70","70","0.085817114"
"2026-08-04 11:07:41.735 +07:00","4235.396","HOT_SWEEP_70","70","0.085435092"
"2026-08-04 11:07:42.426 +07:00","4236.077","HOT_SWEEP_70","70","0.084977657"
"2026-08-04 11:07:43.124 +07:00","4236.777","HOT_SWEEP_70","70","0.08589711"
"2026-08-04 11:07:43.819 +07:00","4237.48","HOT_SWEEP_70","70","0.085755453"
"2026-08-04 11:07:44.499 +07:00","4238.158","HOT_SWEEP_70","70","0.085512668"
"2026-08-04 11:07:45.183 +07:00","4238.844","HOT_SWEEP_70","70","0.085562922"
"2026-08-04 11:07:45.874 +07:00","4239.532","HOT_SWEEP_70","70","0.08615341"
"2026-08-04 11:07:46.570 +07:00","4240.225","HOT_SWEEP_70","70","0.086162232"
"2026-08-04 11:07:47.249 +07:00","4240.91","HOT_SWEEP_70","70","0.085904226"
"2026-08-04 11:07:47.955 +07:00","4241.61","HOT_SWEEP_70","70","0.086846523"
"2026-08-04 11:07:48.631 +07:00","4242.292","HOT_SWEEP_70","70","0.086763717"
"2026-08-04 11:07:49.314 +07:00","4242.975","HOT_SWEEP_70","70","0.086319014"
"2026-08-04 11:07:49.996 +07:00","4243.657","HOT_SWEEP_70","70","0.087204568"
"2026-08-04 11:07:50.688 +07:00","4244.347","HOT_SWEEP_70","70","0.086978123"
"2026-08-04 11:07:51.384 +07:00","4245.041","HOT_SWEEP_70","70","0.086363316"
"2026-08-04 11:07:52.064 +07:00","4245.725","HOT_SWEEP_70","70","0.087555744"
"2026-08-04 11:07:52.757 +07:00","4246.415","HOT_SWEEP_70","70","0.087550864"
"2026-08-04 11:07:53.445 +07:00","4247.106","HOT_SWEEP_70","70","0.087117441"
"2026-08-04 11:07:54.135 +07:00","4247.797","HOT_SWEEP_70","70","0.087727815"
"2026-08-04 11:07:54.830 +07:00","4248.491","HOT_SWEEP_70","70","0.088016793"
"2026-08-04 11:07:55.510 +07:00","4249.171","HOT_SWEEP_70","70","0.087409064"
"2026-08-04 11:07:56.203 +07:00","4249.863","HOT_SWEEP_70","70","0.08733274"
"2026-08-04 11:07:56.901 +07:00","4250.554","HOT_SWEEP_70","70","0.087970689"
"2026-08-04 11:07:57.581 +07:00","4251.241","HOT_SWEEP_70","70","0.087519541"
"2026-08-04 11:07:58.276 +07:00","4251.93","HOT_SWEEP_70","70","0.087353453"
"2026-08-04 11:07:58.978 +07:00","4252.637","HOT_SWEEP_70","70","0.087976404"
"2026-08-04 11:07:59.664 +07:00","4253.323","HOT_SWEEP_70","70","0.087291531"
"2026-08-04 11:08:00.349 +07:00","4254.008","HOT_SWEEP_70","70","0.086601384"
"2026-08-04 11:08:01.036 +07:00","4254.691","HOT_SWEEP_70","70","0.087340973"
"2026-08-04 11:08:01.735 +07:00","4255.396","HOT_SWEEP_70","70","0.086869456"
"2026-08-04 11:08:02.408 +07:00","4256.069","HOT_SWEEP_70","70","0.08676181"
"2026-08-04 11:08:03.109 +07:00","4256.77","HOT_SWEEP_70","70","0.087670445"
"2026-08-04 11:08:03.805 +07:00","4257.449","HOT_SWEEP_70","70","0.08758235"
"2026-08-04 11:08:04.497 +07:00","4258.158","HOT_SWEEP_70","70","0.087351933"
"2026-08-04 11:08:05.196 +07:00","4258.853","HOT_SWEEP_70","70","0.087613732"
"2026-08-04 11:08:05.887 +07:00","4259.547","HOT_SWEEP_70","70","0.088163957"
"2026-08-04 11:08:06.578 +07:00","4260.239","HOT_SWEEP_70","70","0.088091195"
"2026-08-04 11:08:07.271 +07:00","4260.932","HOT_SWEEP_70","70","0.088495925"
"2026-08-04 11:08:07.948 +07:00","4261.609","HOT_SWEEP_70","70","0.089636788"
"2026-08-04 11:08:08.647 +07:00","4262.308","HOT_SWEEP_70","70","0.089685522"
"2026-08-04 11:08:09.365 +07:00","4262.999","HOT_SWEEP_70","70","0.089567095"
"2026-08-04 11:08:10.043 +07:00","4263.704","HOT_SWEEP_70","70","0.090571463"
"2026-08-04 11:08:10.731 +07:00","4264.392","HOT_SWEEP_70","70","0.090555266"
"2026-08-04 11:08:11.423 +07:00","4265.084","HOT_SWEEP_70","70","0.090675719"
"2026-08-04 11:08:12.108 +07:00","4265.766","HOT_SWEEP_70","70","0.091772728"
"2026-08-04 11:08:12.799 +07:00","4266.46","HOT_SWEEP_70","70","0.091789238"
"2026-08-04 11:08:13.493 +07:00","4267.15","HOT_SWEEP_70","70","0.091800734"
"2026-08-04 11:08:14.170 +07:00","4267.831","HOT_SWEEP_70","70","0.092101291"
"2026-08-04 11:08:14.868 +07:00","4268.529","HOT_SWEEP_70","70","0.092336461"
"2026-08-04 11:08:15.560 +07:00","4269.221","HOT_SWEEP_70","70","0.092124447"
"2026-08-04 11:08:16.248 +07:00","4269.909","HOT_SWEEP_70","70","0.092227228"
"2026-08-04 11:08:16.939 +07:00","4270.598","HOT_SWEEP_70","70","0.093096644"
"2026-08-04 11:08:17.625 +07:00","4271.285","HOT_SWEEP_70","70","0.093069188"
"2026-08-04 11:08:18.324 +07:00","4271.983","HOT_SWEEP_70","70","0.092777774"
"2026-08-04 11:08:19.016 +07:00","4272.676","HOT_SWEEP_70","70","0.093936473"
"2026-08-04 11:08:19.694 +07:00","4273.355","HOT_SWEEP_70","70","0.093920872"
"2026-08-04 11:08:20.380 +07:00","4274.041","HOT_SWEEP_70","70","0.093549728"
"2026-08-04 11:08:21.071 +07:00","4274.73","HOT_SWEEP_70","70","0.094865277"
"2026-08-04 11:08:21.754 +07:00","4275.415","HOT_SWEEP_70","70","0.094798729"
"2026-08-04 11:08:22.479 +07:00","4276.138","HOT_SWEEP_70","70","0.094586536"
"2026-08-04 11:08:23.164 +07:00","4276.825","HOT_SWEEP_70","70","0.095203981"
"2026-08-04 11:08:23.859 +07:00","4277.515","HOT_SWEEP_70","70","0.09545929"
"2026-08-04 11:08:24.549 +07:00","4278.207","HOT_SWEEP_70","70","0.095067017"
"2026-08-04 11:08:25.236 +07:00","4278.895","HOT_SWEEP_70","70","0.095243618"
"2026-08-04 11:08:25.929 +07:00","4279.588","HOT_SWEEP_70","70","0.095659778"
"2026-08-04 11:08:26.607 +07:00","4280.268","HOT_SWEEP_70","70","0.095425867"
"2026-08-04 11:08:27.300 +07:00","4280.956","HOT_SWEEP_70","70","0.095418282"
"2026-08-04 11:08:27.984 +07:00","4281.635","HOT_SWEEP_70","70","0.096167877"
"2026-08-04 11:08:28.678 +07:00","4282.339","HOT_SWEEP_70","70","0.09595947"
"2026-08-04 11:08:29.384 +07:00","4283.041","HOT_SWEEP_70","70","0.095668368"
"2026-08-04 11:08:30.066 +07:00","4283.716","HOT_SWEEP_70","70","0.096686669"
"2026-08-04 11:08:30.744 +07:00","4284.405","HOT_SWEEP_70","70","0.096359909"
"2026-08-04 11:08:31.432 +07:00","4285.09","HOT_SWEEP_70","70","0.096115053"
"2026-08-04 11:08:32.115 +07:00","4285.776","HOT_SWEEP_70","70","0.096981026"
"2026-08-04 11:08:32.794 +07:00","4286.456","HOT_SWEEP_70","70","0.096776582"
"2026-08-04 11:08:33.485 +07:00","4287.146","HOT_SWEEP_70","70","0.096235164"
"2026-08-04 11:08:34.179 +07:00","4287.835","HOT_SWEEP_70","70","0.096616216"
"2026-08-04 11:08:34.855 +07:00","4288.516","HOT_SWEEP_70","70","0.097040817"
"2026-08-04 11:08:35.543 +07:00","4289.202","HOT_SWEEP_70","70","0.096600473"
"2026-08-04 11:08:36.247 +07:00","4289.907","HOT_SWEEP_70","70","0.096754856"
"2026-08-04 11:08:36.958 +07:00","4290.602","HOT_SWEEP_70","70","0.097736374"
"2026-08-04 11:08:37.647 +07:00","4291.306","HOT_SWEEP_70","70","0.097254708"
"2026-08-04 11:08:38.340 +07:00","4291.999","HOT_SWEEP_70","70","0.097157374"
"2026-08-04 11:08:39.036 +07:00","4292.691","HOT_SWEEP_70","70","0.098330721"
"2026-08-04 11:08:39.720 +07:00","4293.381","HOT_SWEEP_70","70","0.098146774"
"2026-08-04 11:08:40.408 +07:00","4294.067","HOT_SWEEP_70","70","0.098147921"
"2026-08-04 11:08:41.095 +07:00","4294.754","HOT_SWEEP_70","70","0.099150345"
"2026-08-04 11:08:41.800 +07:00","4295.456","HOT_SWEEP_70","70","0.098838761"
"2026-08-04 11:08:42.488 +07:00","4296.147","HOT_SWEEP_70","70","0.098823503"
"2026-08-04 11:08:43.204 +07:00","4296.853","HOT_SWEEP_70","70","0.099178962"
"2026-08-04 11:08:43.905 +07:00","4297.562","HOT_SWEEP_70","70","0.09931431"
"2026-08-04 11:08:44.597 +07:00","4298.255","HOT_SWEEP_70","70","0.099398322"
"2026-08-04 11:08:45.290 +07:00","4298.949","HOT_SWEEP_70","70","0.099227212"
"2026-08-04 11:08:45.978 +07:00","4299.63","HOT_SWEEP_70","70","0.099633664"
"2026-08-04 11:08:46.657 +07:00","4300.316","HOT_SWEEP_70","70","0.099629983"
"2026-08-04 11:08:47.342 +07:00","4300.996","HOT_SWEEP_70","70","0.099293597"
"2026-08-04 11:08:48.040 +07:00","4301.699","HOT_SWEEP_70","70","0.099956349"
"2026-08-04 11:08:48.724 +07:00","4302.38","HOT_SWEEP_70","70","0.099872299"
"2026-08-04 11:08:49.415 +07:00","4303.076","HOT_SWEEP_70","70","0.099531256"
"2026-08-04 11:08:50.122 +07:00","4303.779","HOT_SWEEP_70","70","0.100329362"
"2026-08-04 11:08:50.826 +07:00","4304.483","HOT_SWEEP_70","70","0.100135945"
"2026-08-04 11:08:51.524 +07:00","4305.183","HOT_SWEEP_70","70","0.099765241"
"2026-08-04 11:08:52.209 +07:00","4305.866","HOT_SWEEP_70","70","0.100277223"
"2026-08-04 11:08:52.896 +07:00","4306.557","HOT_SWEEP_70","70","0.100408867"
"2026-08-04 11:08:53.592 +07:00","4307.247","HOT_SWEEP_70","70","0.100145973"
"2026-08-04 11:08:54.284 +07:00","4307.945","HOT_SWEEP_70","70","0.100256346"
"2026-08-04 11:08:54.971 +07:00","4308.63","HOT_SWEEP_70","70","0.100607142"
"2026-08-04 11:08:55.665 +07:00","4309.324","HOT_SWEEP_70","70","0.10046456"
"2026-08-04 11:08:56.346 +07:00","4310.008","HOT_SWEEP_70","70","0.100433782"
"2026-08-04 11:08:57.051 +07:00","4310.702","HOT_SWEEP_70","70","0.100962736"
"2026-08-04 11:08:57.742 +07:00","4311.401","HOT_SWEEP_70","70","0.100619674"
"2026-08-04 11:08:58.425 +07:00","4312.084","HOT_SWEEP_70","70","0.100493565"
"2026-08-04 11:08:59.114 +07:00","4312.775","HOT_SWEEP_70","70","0.1012123"
"2026-08-04 11:08:59.793 +07:00","4313.454","HOT_SWEEP_70","70","0.10091456"
"2026-08-04 11:09:00.481 +07:00","4314.142","HOT_SWEEP_70","70","0.100559138"
"2026-08-04 11:09:01.163 +07:00","4314.822","HOT_SWEEP_70","70","0.101015314"
"2026-08-04 11:09:01.851 +07:00","4315.508","HOT_SWEEP_70","70","0.10107813"
"2026-08-04 11:09:02.540 +07:00","4316.199","HOT_SWEEP_70","70","0.100563094"
"2026-08-04 11:09:03.218 +07:00","4316.877","HOT_SWEEP_70","70","0.100617945"
"2026-08-04 11:09:03.935 +07:00","4317.586","HOT_SWEEP_70","70","0.101364151"
"2026-08-04 11:09:04.636 +07:00","4318.294","HOT_SWEEP_70","70","0.101135269"
"2026-08-04 11:09:05.332 +07:00","4318.982","HOT_SWEEP_70","70","0.101023793"
"2026-08-04 11:09:06.014 +07:00","4319.667","HOT_SWEEP_70","70","0.102138922"
"2026-08-04 11:09:06.715 +07:00","4320.367","HOT_SWEEP_70","70","0.101830438"
"2026-08-04 11:09:07.398 +07:00","4321.053","HOT_SWEEP_70","70","0.101775922"
"2026-08-04 11:09:08.081 +07:00","4321.74","HOT_SWEEP_70","70","0.10313163"
"2026-08-04 11:09:08.758 +07:00","4322.42","HOT_SWEEP_70","70","0.103150427"
"2026-08-04 11:09:09.435 +07:00","4323.094","HOT_SWEEP_70","70","0.103171587"
"2026-08-04 11:09:10.126 +07:00","4323.788","HOT_SWEEP_70","70","0.104439631"
"2026-08-04 11:09:10.871 +07:00","4324.532","HOT_SWEEP_70","70","0.104216158"
"2026-08-04 11:09:11.562 +07:00","4325.213","HOT_SWEEP_70","70","0.104129292"
"2026-08-04 11:09:12.258 +07:00","4325.919","HOT_SWEEP_70","70","0.104351684"
"2026-08-04 11:09:12.936 +07:00","4326.597","HOT_SWEEP_70","70","0.104790524"
"2026-08-04 11:09:13.630 +07:00","4327.288","HOT_SWEEP_70","70","0.104783222"
"2026-08-04 11:09:14.318 +07:00","4327.979","HOT_SWEEP_70","70","0.104624309"
"2026-08-04 11:09:14.997 +07:00","4328.658","HOT_SWEEP_70","70","0.105194427"
"2026-08-04 11:09:15.668 +07:00","4329.329","HOT_SWEEP_70","70","0.105040394"
"2026-08-04 11:09:16.359 +07:00","4330.018","HOT_SWEEP_70","70","0.104611754"
"2026-08-04 11:09:17.045 +07:00","4330.705","HOT_SWEEP_70","70","0.105355524"
"2026-08-04 11:09:17.732 +07:00","4331.393","HOT_SWEEP_70","70","0.105271317"
"2026-08-04 11:09:18.429 +07:00","4332.089","HOT_SWEEP_70","70","0.104690291"
"2026-08-04 11:09:19.100 +07:00","4332.761","HOT_SWEEP_70","70","0.106001757"
"2026-08-04 11:09:19.781 +07:00","4333.428","HOT_SWEEP_70","70","0.105870351"
"2026-08-04 11:09:20.472 +07:00","4334.133","HOT_SWEEP_70","70","0.105148159"
"2026-08-04 11:09:21.156 +07:00","4334.815","HOT_SWEEP_70","70","0.106077231"
"2026-08-04 11:09:21.842 +07:00","4335.501","HOT_SWEEP_70","70","0.106006742"
"2026-08-04 11:09:22.522 +07:00","4336.183","HOT_SWEEP_70","70","0.105170108"
"2026-08-04 11:09:23.206 +07:00","4336.865","HOT_SWEEP_70","70","0.105539463"
"2026-08-04 11:09:23.902 +07:00","4337.558","HOT_SWEEP_70","70","0.105934143"
"2026-08-04 11:09:24.591 +07:00","4338.252","HOT_SWEEP_70","70","0.105282187"
"2026-08-04 11:09:25.270 +07:00","4338.93","HOT_SWEEP_70","70","0.105138838"
"2026-08-04 11:09:25.952 +07:00","4339.61","HOT_SWEEP_70","70","0.105939604"
"2026-08-04 11:09:26.627 +07:00","4340.288","HOT_SWEEP_70","70","0.104878046"
"2026-08-04 11:09:27.323 +07:00","4340.979","HOT_SWEEP_70","70","0.10458605"
"2026-08-04 11:09:28.007 +07:00","4341.666","HOT_SWEEP_70","70","0.105683111"
"2026-08-04 11:09:28.694 +07:00","4342.355","HOT_SWEEP_70","70","0.105151415"
"2026-08-04 11:09:29.380 +07:00","4343.041","HOT_SWEEP_70","70","0.10469012"
"2026-08-04 11:09:30.066 +07:00","4343.724","HOT_SWEEP_70","70","0.105890855"
"2026-08-04 11:09:30.757 +07:00","4344.409","HOT_SWEEP_70","70","0.105336763"
"2026-08-04 11:09:31.462 +07:00","4345.112","HOT_SWEEP_70","70","0.104845129"
"2026-08-04 11:09:32.163 +07:00","4345.807","HOT_SWEEP_70","70","0.105701707"
"2026-08-04 11:09:32.855 +07:00","4346.513","HOT_SWEEP_70","70","0.10545107"
"2026-08-04 11:09:33.547 +07:00","4347.206","HOT_SWEEP_70","70","0.105223097"
"2026-08-04 11:09:34.243 +07:00","4347.904","HOT_SWEEP_70","70","0.105515942"
"2026-08-04 11:09:34.924 +07:00","4348.582","HOT_SWEEP_70","70","0.105829611"
"2026-08-04 11:09:35.608 +07:00","4349.269","HOT_SWEEP_70","70","0.105472848"
"2026-08-04 11:09:36.296 +07:00","4349.957","HOT_SWEEP_70","70","0.105561234"
"2026-08-04 11:09:36.986 +07:00","4350.642","HOT_SWEEP_70","70","0.106211402"
"2026-08-04 11:09:37.684 +07:00","4351.342","HOT_SWEEP_70","70","0.105900347"
"2026-08-04 11:09:38.378 +07:00","4352.037","HOT_SWEEP_70","70","0.105766572"
"2026-08-04 11:09:39.069 +07:00","4352.728","HOT_SWEEP_70","70","0.106765464"
"2026-08-04 11:09:39.753 +07:00","4353.411","HOT_SWEEP_70","70","0.106498204"
"2026-08-04 11:09:40.450 +07:00","4354.108","HOT_SWEEP_70","70","0.106352173"
"2026-08-04 11:09:41.153 +07:00","4354.81","HOT_SWEEP_70","70","0.107490316"
"2026-08-04 11:09:41.856 +07:00","4355.51","HOT_SWEEP_70","70","0.107241675"
"2026-08-04 11:09:42.552 +07:00","4356.198","HOT_SWEEP_70","70","0.10725943"
"2026-08-04 11:09:43.233 +07:00","4356.891","HOT_SWEEP_70","70","0.107575297"
"2026-08-04 11:09:43.934 +07:00","4357.591","HOT_SWEEP_70","70","0.107702412"
"2026-08-04 11:09:44.622 +07:00","4358.283","HOT_SWEEP_70","70","0.107712641"
"2026-08-04 11:09:45.352 +07:00","4359.009","HOT_SWEEP_70","70","0.107785061"
"2026-08-04 11:09:46.033 +07:00","4359.688","HOT_SWEEP_70","70","0.108159959"
"2026-08-04 11:09:46.723 +07:00","4360.382","HOT_SWEEP_70","70","0.10816054"
"2026-08-04 11:09:47.415 +07:00","4361.075","HOT_SWEEP_70","70","0.107939385"
"2026-08-04 11:09:48.096 +07:00","4361.755","HOT_SWEEP_70","70","0.108348347"
"2026-08-04 11:09:48.775 +07:00","4362.436","HOT_SWEEP_70","70","0.108326986"
"2026-08-04 11:09:49.462 +07:00","4363.121","HOT_SWEEP_70","70","0.107870504"
"2026-08-04 11:09:50.146 +07:00","4363.805","HOT_SWEEP_70","70","0.108902529"
"2026-08-04 11:09:50.836 +07:00","4364.486","HOT_SWEEP_70","70","0.108711042"
"2026-08-04 11:09:51.532 +07:00","4365.188","HOT_SWEEP_70","70","0.10837432"
"2026-08-04 11:09:52.258 +07:00","4365.915","HOT_SWEEP_70","70","0.109048106"
"2026-08-04 11:09:52.945 +07:00","4366.604","HOT_SWEEP_70","70","0.109412275"
"2026-08-04 11:09:53.634 +07:00","4367.293","HOT_SWEEP_70","70","0.109122612"
"2026-08-04 11:09:54.328 +07:00","4367.985","HOT_SWEEP_70","70","0.109218717"
"2026-08-04 11:09:55.016 +07:00","4368.675","HOT_SWEEP_70","70","0.109679803"
"2026-08-04 11:09:55.702 +07:00","4369.361","HOT_SWEEP_70","70","0.109410904"
"2026-08-04 11:09:56.386 +07:00","4370.047","HOT_SWEEP_70","70","0.109379746"
"2026-08-04 11:09:57.082 +07:00","4370.74","HOT_SWEEP_70","70","0.109755002"
"2026-08-04 11:09:57.778 +07:00","4371.435","HOT_SWEEP_70","70","0.109600589"
"2026-08-04 11:09:58.468 +07:00","4372.129","HOT_SWEEP_70","70","0.109375954"
"2026-08-04 11:09:59.181 +07:00","4372.834","HOT_SWEEP_70","70","0.109804645"
"2026-08-04 11:09:59.862 +07:00","4373.521","HOT_SWEEP_70","70","0.109420702"
"2026-08-04 11:10:00.562 +07:00","4374.218","HOT_SWEEP_70","70","0.109155618"
"2026-08-04 11:10:01.252 +07:00","4374.909","HOT_SWEEP_70","70","0.10944321"
"2026-08-04 11:10:01.946 +07:00","4375.599","HOT_SWEEP_70","70","0.109672271"
"2026-08-04 11:10:02.625 +07:00","4376.27","HOT_SWEEP_70","70","0.109309949"
"2026-08-04 11:10:03.319 +07:00","4376.98","HOT_SWEEP_70","70","0.109304592"
"2026-08-04 11:10:04.012 +07:00","4377.655","HOT_SWEEP_70","70","0.109907225"
"2026-08-04 11:10:04.691 +07:00","4378.352","HOT_SWEEP_70","70","0.109522678"
"2026-08-04 11:10:05.378 +07:00","4379.039","HOT_SWEEP_70","70","0.109543517"
"2026-08-04 11:10:06.085 +07:00","4379.746","HOT_SWEEP_70","70","0.110536017"
"2026-08-04 11:10:06.773 +07:00","4380.427","HOT_SWEEP_70","70","0.110339269"
"2026-08-04 11:10:07.462 +07:00","4381.121","HOT_SWEEP_70","70","0.110150121"
"2026-08-04 11:10:08.139 +07:00","4381.8","HOT_SWEEP_70","70","0.11132358"
"2026-08-04 11:10:08.854 +07:00","4382.515","HOT_SWEEP_70","70","0.111092784"
"2026-08-04 11:10:09.547 +07:00","4383.208","HOT_SWEEP_70","70","0.110917188"
"2026-08-04 11:10:10.231 +07:00","4383.892","HOT_SWEEP_70","70","0.111502707"
"2026-08-04 11:10:10.922 +07:00","4384.568","HOT_SWEEP_70","70","0.111604258"
"2026-08-04 11:10:11.615 +07:00","4385.272","HOT_SWEEP_70","70","0.111518994"
"2026-08-04 11:10:12.297 +07:00","4385.958","HOT_SWEEP_70","70","0.111387596"
"2026-08-04 11:10:12.986 +07:00","4386.647","HOT_SWEEP_70","70","0.111769617"
"2026-08-04 11:10:13.677 +07:00","4387.335","HOT_SWEEP_70","70","0.111390337"
"2026-08-04 11:10:14.359 +07:00","4388.007","HOT_SWEEP_70","70","0.111006938"
"2026-08-04 11:10:15.049 +07:00","4388.71","HOT_SWEEP_70","70","0.111778639"
"2026-08-04 11:10:15.743 +07:00","4389.399","HOT_SWEEP_70","70","0.111470856"
"2026-08-04 11:10:16.438 +07:00","4390.093","HOT_SWEEP_70","70","0.11085023"
"2026-08-04 11:10:17.125 +07:00","4390.784","HOT_SWEEP_70","70","0.111972034"
"2026-08-04 11:10:17.811 +07:00","4391.472","HOT_SWEEP_70","70","0.111507453"
"2026-08-04 11:10:18.500 +07:00","4392.148","HOT_SWEEP_70","70","0.111006953"
"2026-08-04 11:10:19.191 +07:00","4392.852","HOT_SWEEP_70","70","0.111997925"
"2026-08-04 11:10:19.889 +07:00","4393.55","HOT_SWEEP_70","70","0.111874364"
"2026-08-04 11:10:20.568 +07:00","4394.229","HOT_SWEEP_70","70","0.111524917"
"2026-08-04 11:10:21.261 +07:00","4394.92","HOT_SWEEP_70","70","0.112021185"
"2026-08-04 11:10:21.933 +07:00","4395.594","HOT_SWEEP_70","70","0.11233554"
"2026-08-04 11:10:22.616 +07:00","4396.277","HOT_SWEEP_70","70","0.111966908"
"2026-08-04 11:10:23.309 +07:00","4396.968","HOT_SWEEP_70","70","0.112192258"
"2026-08-04 11:10:23.997 +07:00","4397.658","HOT_SWEEP_70","70","0.112706818"
"2026-08-04 11:10:24.674 +07:00","4398.335","HOT_SWEEP_70","70","0.112402484"
"2026-08-04 11:10:25.358 +07:00","4399.02","HOT_SWEEP_70","70","0.1122538"
"2026-08-04 11:10:26.044 +07:00","4399.705","HOT_SWEEP_70","70","0.113126002"
"2026-08-04 11:10:26.740 +07:00","4400.401","HOT_SWEEP_70","70","0.112408921"
"2026-08-04 11:10:27.443 +07:00","4401.104","HOT_SWEEP_70","70","0.112060681"
"2026-08-04 11:10:28.121 +07:00","4401.782","HOT_SWEEP_70","70","0.113106355"
"2026-08-04 11:10:28.798 +07:00","4402.451","HOT_SWEEP_70","70","0.112546824"
"2026-08-04 11:10:29.501 +07:00","4403.157","HOT_SWEEP_70","70","0.11196579"
"2026-08-04 11:10:30.188 +07:00","4403.849","HOT_SWEEP_70","70","0.112821579"
"2026-08-04 11:10:30.867 +07:00","4404.528","HOT_SWEEP_70","70","0.11257571"
"2026-08-04 11:10:31.558 +07:00","4405.215","HOT_SWEEP_70","70","0.111938573"
"2026-08-04 11:10:32.234 +07:00","4405.895","HOT_SWEEP_70","70","0.112224996"
"2026-08-04 11:10:32.914 +07:00","4406.575","HOT_SWEEP_70","70","0.112547025"
"2026-08-04 11:10:33.619 +07:00","4407.28","HOT_SWEEP_70","70","0.112367466"
"2026-08-04 11:10:34.303 +07:00","4407.964","HOT_SWEEP_70","70","0.112367943"
"2026-08-04 11:10:34.992 +07:00","4408.653","HOT_SWEEP_70","70","0.113306202"
"2026-08-04 11:10:35.668 +07:00","4409.329","HOT_SWEEP_70","70","0.112757228"
"2026-08-04 11:10:36.366 +07:00","4410.024","HOT_SWEEP_70","70","0.112663731"
"2026-08-04 11:10:37.053 +07:00","4410.714","HOT_SWEEP_70","70","0.114014365"
"2026-08-04 11:10:37.746 +07:00","4411.393","HOT_SWEEP_70","70","0.113546327"
"2026-08-04 11:10:38.440 +07:00","4412.099","HOT_SWEEP_70","70","0.113403082"
"2026-08-04 11:10:39.125 +07:00","4412.781","HOT_SWEEP_70","70","0.114637457"
"2026-08-04 11:10:39.822 +07:00","4413.48","HOT_SWEEP_70","70","0.114220403"
"2026-08-04 11:10:40.517 +07:00","4414.178","HOT_SWEEP_70","70","0.113800906"
"2026-08-04 11:10:41.196 +07:00","4414.857","HOT_SWEEP_70","70","0.114582181"
"2026-08-04 11:10:41.877 +07:00","4415.538","HOT_SWEEP_70","70","0.114230677"
"2026-08-04 11:10:42.567 +07:00","4416.228","HOT_SWEEP_70","70","0.113960698"
"2026-08-04 11:10:43.253 +07:00","4416.91","HOT_SWEEP_70","70","0.114516355"
"2026-08-04 11:10:43.939 +07:00","4417.584","HOT_SWEEP_70","70","0.114505425"
"2026-08-04 11:10:44.632 +07:00","4418.288","HOT_SWEEP_70","70","0.11428275"
"2026-08-04 11:10:45.313 +07:00","4418.974","HOT_SWEEP_70","70","0.114180401"
"2026-08-04 11:10:45.996 +07:00","4419.657","HOT_SWEEP_70","70","0.114923202"
"2026-08-04 11:10:46.691 +07:00","4420.345","HOT_SWEEP_70","70","0.114593767"
"2026-08-04 11:10:47.381 +07:00","4421.042","HOT_SWEEP_70","70","0.114167951"
"2026-08-04 11:10:48.073 +07:00","4421.722","HOT_SWEEP_70","70","0.115463808"
"2026-08-04 11:10:48.748 +07:00","4422.409","HOT_SWEEP_70","70","0.115375862"
"2026-08-04 11:10:49.430 +07:00","4423.091","HOT_SWEEP_70","70","0.114927053"
"2026-08-04 11:10:50.113 +07:00","4423.774","HOT_SWEEP_70","70","0.11601086"
"2026-08-04 11:10:50.794 +07:00","4424.455","HOT_SWEEP_70","70","0.115637995"
"2026-08-04 11:10:51.493 +07:00","4425.154","HOT_SWEEP_70","70","0.11507313"
"2026-08-04 11:10:52.177 +07:00","4425.838","HOT_SWEEP_70","70","0.116195858"
"2026-08-04 11:10:52.860 +07:00","4426.521","HOT_SWEEP_70","70","0.115836285"
"2026-08-04 11:10:53.544 +07:00","4427.205","HOT_SWEEP_70","70","0.115220025"
"2026-08-04 11:10:54.250 +07:00","4427.911","HOT_SWEEP_70","70","0.116058961"
"2026-08-04 11:10:54.936 +07:00","4428.597","HOT_SWEEP_70","70","0.116142131"
"2026-08-04 11:10:55.616 +07:00","4429.277","HOT_SWEEP_70","70","0.115233019"
"2026-08-04 11:10:56.308 +07:00","4429.969","HOT_SWEEP_70","70","0.115332209"
"2026-08-04 11:10:56.993 +07:00","4430.654","HOT_SWEEP_70","70","0.115830466"
"2026-08-04 11:10:57.675 +07:00","4431.336","HOT_SWEEP_70","70","0.115240335"
"2026-08-04 11:10:58.357 +07:00","4432.018","HOT_SWEEP_70","70","0.115011118"
"2026-08-04 11:10:59.047 +07:00","4432.708","HOT_SWEEP_70","70","0.116028763"
"2026-08-04 11:10:59.738 +07:00","4433.394","HOT_SWEEP_70","70","0.115488693"
"2026-08-04 11:11:00.430 +07:00","4434.089","HOT_SWEEP_70","70","0.115092233"
"2026-08-04 11:11:01.140 +07:00","4434.801","HOT_SWEEP_70","70","0.11595422"
"2026-08-04 11:11:01.833 +07:00","4435.492","HOT_SWEEP_70","70","0.115320131"
"2026-08-04 11:11:02.522 +07:00","4436.184","HOT_SWEEP_70","70","0.115051702"
"2026-08-04 11:11:03.205 +07:00","4436.866","HOT_SWEEP_70","70","0.115631402"
"2026-08-04 11:11:03.889 +07:00","4437.55","HOT_SWEEP_70","70","0.11528077"
"2026-08-04 11:11:04.581 +07:00","4438.231","HOT_SWEEP_70","70","0.114875913"
"2026-08-04 11:11:05.270 +07:00","4438.931","HOT_SWEEP_70","70","0.115296185"
"2026-08-04 11:11:05.955 +07:00","4439.616","HOT_SWEEP_70","70","0.115263678"
"2026-08-04 11:11:06.646 +07:00","4440.303","HOT_SWEEP_70","70","0.114836834"
"2026-08-04 11:11:07.320 +07:00","4440.981","HOT_SWEEP_70","70","0.114899859"
"2026-08-04 11:11:08.037 +07:00","4441.698","HOT_SWEEP_70","70","0.115411855"
"2026-08-04 11:11:08.719 +07:00","4442.38","HOT_SWEEP_70","70","0.115110204"
"2026-08-04 11:11:09.405 +07:00","4443.066","HOT_SWEEP_70","70","0.114897951"
"2026-08-04 11:11:10.086 +07:00","4443.747","HOT_SWEEP_70","70","0.116204545"
"2026-08-04 11:11:10.769 +07:00","4444.43","HOT_SWEEP_70","70","0.115870833"
"2026-08-04 11:11:11.451 +07:00","4445.112","HOT_SWEEP_70","70","0.115442574"
"2026-08-04 11:11:12.143 +07:00","4445.802","HOT_SWEEP_70","70","0.116646841"
"2026-08-04 11:11:12.827 +07:00","4446.486","HOT_SWEEP_70","70","0.116106547"
"2026-08-04 11:11:13.502 +07:00","4447.163","HOT_SWEEP_70","70","0.11581926"
"2026-08-04 11:11:14.188 +07:00","4447.849","HOT_SWEEP_70","70","0.11705415"
"2026-08-04 11:11:14.892 +07:00","4448.551","HOT_SWEEP_70","70","0.116646074"
"2026-08-04 11:11:15.591 +07:00","4449.25","HOT_SWEEP_70","70","0.116079174"
"2026-08-04 11:11:16.266 +07:00","4449.927","HOT_SWEEP_70","70","0.116414092"
"2026-08-04 11:11:16.960 +07:00","4450.617","HOT_SWEEP_70","70","0.116325773"
"2026-08-04 11:11:17.656 +07:00","4451.314","HOT_SWEEP_70","70","0.115723088"
"2026-08-04 11:11:18.359 +07:00","4452.016","HOT_SWEEP_70","70","0.115668878"
"2026-08-04 11:11:19.048 +07:00","4452.709","HOT_SWEEP_70","70","0.1162076"
"2026-08-04 11:11:19.741 +07:00","4453.4","HOT_SWEEP_70","70","0.115749121"
"2026-08-04 11:11:20.421 +07:00","4454.08","HOT_SWEEP_70","70","0.115198031"
"2026-08-04 11:11:21.112 +07:00","4454.773","HOT_SWEEP_70","70","0.115707681"
"2026-08-04 11:11:21.817 +07:00","4455.478","HOT_SWEEP_70","70","0.115530238"
"2026-08-04 11:11:22.497 +07:00","4456.158","HOT_SWEEP_70","70","0.115050867"
"2026-08-04 11:11:23.197 +07:00","4456.858","HOT_SWEEP_70","70","0.115871295"
"2026-08-04 11:11:23.880 +07:00","4457.541","HOT_SWEEP_70","70","0.115571342"
"2026-08-04 11:11:24.569 +07:00","4458.228","HOT_SWEEP_70","70","0.115132913"
"2026-08-04 11:11:25.255 +07:00","4458.914","HOT_SWEEP_70","70","0.115839802"
"2026-08-04 11:11:25.928 +07:00","4459.589","HOT_SWEEP_70","70","0.115664467"
"2026-08-04 11:11:26.609 +07:00","4460.27","HOT_SWEEP_70","70","0.11510019"
"2026-08-04 11:11:27.294 +07:00","4460.955","HOT_SWEEP_70","70","0.115494743"
"2026-08-04 11:11:27.987 +07:00","4461.636","HOT_SWEEP_70","70","0.115919448"
"2026-08-04 11:11:28.696 +07:00","4462.356","HOT_SWEEP_70","70","0.115051821"
"2026-08-04 11:11:29.383 +07:00","4463.043","HOT_SWEEP_70","70","0.114900254"
"2026-08-04 11:11:30.059 +07:00","4463.72","HOT_SWEEP_70","70","0.115536295"
"2026-08-04 11:11:30.749 +07:00","4464.407","HOT_SWEEP_70","70","0.114891425"
"2026-08-04 11:11:31.450 +07:00","4465.102","HOT_SWEEP_70","70","0.114515327"
"2026-08-04 11:11:32.124 +07:00","4465.785","HOT_SWEEP_70","70","0.115183793"
"2026-08-04 11:11:32.809 +07:00","4466.47","HOT_SWEEP_70","70","0.114659235"
"2026-08-04 11:11:33.500 +07:00","4467.159","HOT_SWEEP_70","70","0.114250496"
"2026-08-04 11:11:34.190 +07:00","4467.851","HOT_SWEEP_70","70","0.115072653"
"2026-08-04 11:11:34.884 +07:00","4468.543","HOT_SWEEP_70","70","0.114536881"
"2026-08-04 11:11:35.577 +07:00","4469.238","HOT_SWEEP_70","70","0.114251971"
"2026-08-04 11:11:36.268 +07:00","4469.917","HOT_SWEEP_70","70","0.114724614"
"2026-08-04 11:11:36.964 +07:00","4470.623","HOT_SWEEP_70","70","0.114737533"
"2026-08-04 11:11:37.654 +07:00","4471.31","HOT_SWEEP_70","70","0.114346527"
"2026-08-04 11:11:38.339 +07:00","4472.001","HOT_SWEEP_70","70","0.114385881"
"2026-08-04 11:11:39.021 +07:00","4472.682","HOT_SWEEP_70","70","0.115050301"
"2026-08-04 11:11:39.707 +07:00","4473.368","HOT_SWEEP_70","70","0.114663742"
"2026-08-04 11:11:40.387 +07:00","4474.048","HOT_SWEEP_70","70","0.114447713"
"2026-08-04 11:11:41.071 +07:00","4474.732","HOT_SWEEP_70","70","0.115310848"
"2026-08-04 11:11:41.760 +07:00","4475.421","HOT_SWEEP_70","70","0.114649691"
"2026-08-04 11:11:42.453 +07:00","4476.114","HOT_SWEEP_70","70","0.114491418"
"2026-08-04 11:11:43.159 +07:00","4476.818","HOT_SWEEP_70","70","0.115840808"
"2026-08-04 11:11:43.837 +07:00","4477.498","HOT_SWEEP_70","70","0.115375757"
"2026-08-04 11:11:44.518 +07:00","4478.179","HOT_SWEEP_70","70","0.11499542"
"2026-08-04 11:11:45.213 +07:00","4478.864","HOT_SWEEP_70","70","0.1162531"
"2026-08-04 11:11:45.894 +07:00","4479.55","HOT_SWEEP_70","70","0.115672015"
"2026-08-04 11:11:46.589 +07:00","4480.245","HOT_SWEEP_70","70","0.115134612"
"2026-08-04 11:11:47.266 +07:00","4480.927","HOT_SWEEP_70","70","0.116020121"
"2026-08-04 11:11:47.951 +07:00","4481.612","HOT_SWEEP_70","70","0.11600139"
"2026-08-04 11:11:48.632 +07:00","4482.293","HOT_SWEEP_70","70","0.115553603"
"2026-08-04 11:11:49.348 +07:00","4483.009","HOT_SWEEP_70","70","0.115754701"
"2026-08-04 11:11:50.051 +07:00","4483.71","HOT_SWEEP_70","70","0.116156913"
"2026-08-04 11:11:50.734 +07:00","4484.395","HOT_SWEEP_70","70","0.115856931"
"2026-08-04 11:11:51.426 +07:00","4485.085","HOT_SWEEP_70","70","0.115457356"
"2026-08-04 11:11:52.106 +07:00","4485.767","HOT_SWEEP_70","70","0.116197385"
"2026-08-04 11:11:52.816 +07:00","4486.473","HOT_SWEEP_70","70","0.115856372"
"2026-08-04 11:11:53.492 +07:00","4487.153","HOT_SWEEP_70","70","0.115438223"
"2026-08-04 11:11:54.187 +07:00","4487.844","HOT_SWEEP_70","70","0.116229258"
"2026-08-04 11:11:54.881 +07:00","4488.543","HOT_SWEEP_70","70","0.116016731"
"2026-08-04 11:11:55.573 +07:00","4489.22","HOT_SWEEP_70","70","0.115830801"
"2026-08-04 11:11:56.278 +07:00","4489.939","HOT_SWEEP_70","70","0.116358757"
"2026-08-04 11:11:56.965 +07:00","4490.622","HOT_SWEEP_70","70","0.116201378"
"2026-08-04 11:11:57.647 +07:00","4491.308","HOT_SWEEP_70","70","0.115667596"
"2026-08-04 11:11:58.338 +07:00","4491.997","HOT_SWEEP_70","70","0.116038382"
"2026-08-04 11:11:59.013 +07:00","4492.674","HOT_SWEEP_70","70","0.116000101"
"2026-08-04 11:11:59.698 +07:00","4493.359","HOT_SWEEP_70","70","0.115580276"
"2026-08-04 11:12:00.378 +07:00","4494.039","HOT_SWEEP_70","70","0.115390323"
"2026-08-04 11:12:01.070 +07:00","4494.721","HOT_SWEEP_70","70","0.115761921"
"2026-08-04 11:12:01.750 +07:00","4495.409","HOT_SWEEP_70","70","0.114965834"
"2026-08-04 11:12:02.446 +07:00","4496.105","HOT_SWEEP_70","70","0.114536524"
"2026-08-04 11:12:03.149 +07:00","4496.808","HOT_SWEEP_70","70","0.115110837"
"2026-08-04 11:12:03.826 +07:00","4497.487","HOT_SWEEP_70","70","0.114241756"
"2026-08-04 11:12:04.510 +07:00","4498.171","HOT_SWEEP_70","70","0.113586642"
"2026-08-04 11:12:05.205 +07:00","4498.857","HOT_SWEEP_70","70","0.114517473"
"2026-08-04 11:12:05.893 +07:00","4499.554","HOT_SWEEP_70","70","0.114052132"
"2026-08-04 11:12:06.584 +07:00","4500.243","HOT_SWEEP_70","70","0.113439694"
"2026-08-04 11:12:07.259 +07:00","4500.92","HOT_SWEEP_70","70","0.114123926"
"2026-08-04 11:12:07.944 +07:00","4501.605","HOT_SWEEP_70","70","0.113931298"
"2026-08-04 11:12:08.632 +07:00","4502.291","HOT_SWEEP_70","70","0.113398395"
"2026-08-04 11:12:09.319 +07:00","4502.978","HOT_SWEEP_70","70","0.113574982"
"2026-08-04 11:12:10.038 +07:00","4503.7","HOT_SWEEP_70","70","0.113868989"
"2026-08-04 11:12:10.728 +07:00","4504.389","HOT_SWEEP_70","70","0.113632396"
"2026-08-04 11:12:11.407 +07:00","4505.068","HOT_SWEEP_70","70","0.113516726"
"2026-08-04 11:12:12.099 +07:00","4505.744","HOT_SWEEP_70","70","0.114350811"
"2026-08-04 11:12:12.790 +07:00","4506.451","HOT_SWEEP_70","70","0.114006534"
"2026-08-04 11:12:13.479 +07:00","4507.134","HOT_SWEEP_70","70","0.113738917"
"2026-08-04 11:12:14.159 +07:00","4507.82","HOT_SWEEP_70","70","0.114885271"
"2026-08-04 11:12:14.849 +07:00","4508.508","HOT_SWEEP_70","70","0.114472494"
"2026-08-04 11:12:15.541 +07:00","4509.202","HOT_SWEEP_70","70","0.114237748"
"2026-08-04 11:12:16.221 +07:00","4509.882","HOT_SWEEP_70","70","0.115368128"
"2026-08-04 11:12:16.920 +07:00","4510.581","HOT_SWEEP_70","70","0.115249872"
"2026-08-04 11:12:17.603 +07:00","4511.264","HOT_SWEEP_70","70","0.114897415"
"2026-08-04 11:12:18.286 +07:00","4511.947","HOT_SWEEP_70","70","0.115808092"
"2026-08-04 11:12:18.985 +07:00","4512.646","HOT_SWEEP_70","70","0.115626775"
"2026-08-04 11:12:19.674 +07:00","4513.333","HOT_SWEEP_70","70","0.115054727"
"2026-08-04 11:12:20.355 +07:00","4514.016","HOT_SWEEP_70","70","0.115308844"
"2026-08-04 11:12:21.046 +07:00","4514.705","HOT_SWEEP_70","70","0.115648292"
"2026-08-04 11:12:21.732 +07:00","4515.393","HOT_SWEEP_70","70","0.11517559"
"2026-08-04 11:12:22.418 +07:00","4516.079","HOT_SWEEP_70","70","0.11490339"
"2026-08-04 11:12:23.098 +07:00","4516.759","HOT_SWEEP_70","70","0.115886353"
"2026-08-04 11:12:23.801 +07:00","4517.462","HOT_SWEEP_70","70","0.115344845"
"2026-08-04 11:12:24.483 +07:00","4518.144","HOT_SWEEP_70","70","0.114789262"
"2026-08-04 11:12:25.166 +07:00","4518.827","HOT_SWEEP_70","70","0.115585729"
"2026-08-04 11:12:25.853 +07:00","4519.514","HOT_SWEEP_70","70","0.115124568"
"2026-08-04 11:12:26.532 +07:00","4520.193","HOT_SWEEP_70","70","0.114618257"
"2026-08-04 11:12:27.215 +07:00","4520.876","HOT_SWEEP_70","70","0.115785345"
"2026-08-04 11:12:27.903 +07:00","4521.563","HOT_SWEEP_70","70","0.11526265"
"2026-08-04 11:12:28.589 +07:00","4522.242","HOT_SWEEP_70","70","0.114629529"
"2026-08-04 11:12:29.265 +07:00","4522.926","HOT_SWEEP_70","70","0.115637898"
"2026-08-04 11:12:29.947 +07:00","4523.608","HOT_SWEEP_70","70","0.115121484"
"2026-08-04 11:12:30.663 +07:00","4524.324","HOT_SWEEP_70","70","0.11439468"
"2026-08-04 11:12:31.347 +07:00","4525.008","HOT_SWEEP_70","70","0.114618406"
"2026-08-04 11:12:32.039 +07:00","4525.699","HOT_SWEEP_70","70","0.114957176"
"2026-08-04 11:12:32.720 +07:00","4526.371","HOT_SWEEP_70","70","0.114256285"
"2026-08-04 11:12:33.411 +07:00","4527.072","HOT_SWEEP_70","70","0.114034966"
"2026-08-04 11:12:34.105 +07:00","4527.762","HOT_SWEEP_70","70","0.114605986"
"2026-08-04 11:12:34.779 +07:00","4528.44","HOT_SWEEP_70","70","0.114107765"
"2026-08-04 11:12:35.471 +07:00","4529.122","HOT_SWEEP_70","70","0.113603912"
"2026-08-04 11:12:36.166 +07:00","4529.825","HOT_SWEEP_70","70","0.114270404"
"2026-08-04 11:12:36.844 +07:00","4530.505","HOT_SWEEP_70","70","0.113686621"
"2026-08-04 11:12:37.546 +07:00","4531.207","HOT_SWEEP_70","70","0.113340691"
"2026-08-04 11:12:38.237 +07:00","4531.894","HOT_SWEEP_70","70","0.114072718"
"2026-08-04 11:12:38.925 +07:00","4532.586","HOT_SWEEP_70","70","0.113655865"
"2026-08-04 11:12:39.609 +07:00","4533.27","HOT_SWEEP_70","70","0.113224246"
"2026-08-04 11:12:40.293 +07:00","4533.954","HOT_SWEEP_70","70","0.113817766"
"2026-08-04 11:12:40.984 +07:00","4534.645","HOT_SWEEP_70","70","0.113643244"
"2026-08-04 11:12:41.665 +07:00","4535.324","HOT_SWEEP_70","70","0.113085546"
"2026-08-04 11:12:42.362 +07:00","4536.021","HOT_SWEEP_70","70","0.113500439"
"2026-08-04 11:12:43.043 +07:00","4536.704","HOT_SWEEP_70","70","0.113954067"
"2026-08-04 11:12:43.736 +07:00","4537.395","HOT_SWEEP_70","70","0.113562465"
"2026-08-04 11:12:44.455 +07:00","4538.116","HOT_SWEEP_70","70","0.113445982"
"2026-08-04 11:12:45.141 +07:00","4538.802","HOT_SWEEP_70","70","0.114487186"
"2026-08-04 11:12:45.828 +07:00","4539.489","HOT_SWEEP_70","70","0.11406071499999999"
"2026-08-04 11:12:46.506 +07:00","4540.167","HOT_SWEEP_70","70","0.113935843"
"2026-08-04 11:12:47.190 +07:00","4540.851","HOT_SWEEP_70","70","0.115153931"
"2026-08-04 11:12:47.869 +07:00","4541.53","HOT_SWEEP_70","70","0.114830971"
"2026-08-04 11:12:48.571 +07:00","4542.232","HOT_SWEEP_70","70","0.114682019"
"2026-08-04 11:12:49.259 +07:00","4542.92","HOT_SWEEP_70","70","0.115747608"
"2026-08-04 11:12:49.939 +07:00","4543.6","HOT_SWEEP_70","70","0.115283571"
"2026-08-04 11:12:50.621 +07:00","4544.282","HOT_SWEEP_70","70","0.114961885"
"2026-08-04 11:12:51.343 +07:00","4544.998","HOT_SWEEP_70","70","0.1158944"
"2026-08-04 11:12:52.019 +07:00","4545.68","HOT_SWEEP_70","70","0.115870036"
"2026-08-04 11:12:52.703 +07:00","4546.364","HOT_SWEEP_70","70","0.115710914"
"2026-08-04 11:12:53.384 +07:00","4547.045","HOT_SWEEP_70","70","0.115756795"
"2026-08-04 11:12:54.068 +07:00","4547.729","HOT_SWEEP_70","70","0.116187908"
"2026-08-04 11:12:54.758 +07:00","4548.419","HOT_SWEEP_70","70","0.115717292"
"2026-08-04 11:12:55.436 +07:00","4549.097","HOT_SWEEP_70","70","0.115499124"
"2026-08-04 11:12:56.118 +07:00","4549.779","HOT_SWEEP_70","70","0.116430387"
"2026-08-04 11:12:56.802 +07:00","4550.463","HOT_SWEEP_70","70","0.116138376"
"2026-08-04 11:12:57.494 +07:00","4551.145","HOT_SWEEP_70","70","0.115727521"
"2026-08-04 11:12:58.184 +07:00","4551.845","HOT_SWEEP_70","70","0.116781987"
"2026-08-04 11:12:58.876 +07:00","4552.527","HOT_SWEEP_70","70","0.116341189"
"2026-08-04 11:12:59.567 +07:00","4553.228","HOT_SWEEP_70","70","0.115636647"
"2026-08-04 11:13:00.250 +07:00","4553.911","HOT_SWEEP_70","70","0.116881803"
"2026-08-04 11:13:00.933 +07:00","4554.594","HOT_SWEEP_70","70","0.116568089"
"2026-08-04 11:13:01.620 +07:00","4555.281","HOT_SWEEP_70","70","0.116164908"
"2026-08-04 11:13:02.304 +07:00","4555.965","HOT_SWEEP_70","70","0.117030621"
"2026-08-04 11:13:02.981 +07:00","4556.642","HOT_SWEEP_70","70","0.11689055"
"2026-08-04 11:13:03.680 +07:00","4557.341","HOT_SWEEP_70","70","0.116193816"
"2026-08-04 11:13:04.364 +07:00","4558.025","HOT_SWEEP_70","70","0.116571307"
"2026-08-04 11:13:05.064 +07:00","4558.725","HOT_SWEEP_70","70","0.11696168"
"2026-08-04 11:13:05.756 +07:00","4559.407","HOT_SWEEP_70","70","0.11644876"
"2026-08-04 11:13:06.430 +07:00","4560.091","HOT_SWEEP_70","70","0.11639832"
"2026-08-04 11:13:07.121 +07:00","4560.773","HOT_SWEEP_70","70","0.117171802"
"2026-08-04 11:13:07.796 +07:00","4561.457","HOT_SWEEP_70","70","0.116476342"
"2026-08-04 11:13:08.479 +07:00","4562.14","HOT_SWEEP_70","70","0.116090462"
"2026-08-04 11:13:09.170 +07:00","4562.824","HOT_SWEEP_70","70","0.116873205"
"2026-08-04 11:13:09.846 +07:00","4563.507","HOT_SWEEP_70","70","0.11618831"
"2026-08-04 11:13:10.529 +07:00","4564.19","HOT_SWEEP_70","70","0.115776196"
"2026-08-04 11:13:11.223 +07:00","4564.872","HOT_SWEEP_70","70","0.116978064"
"2026-08-04 11:13:11.927 +07:00","4565.588","HOT_SWEEP_70","70","0.116332993"
"2026-08-04 11:13:12.612 +07:00","4566.271","HOT_SWEEP_70","70","0.11572025"
"2026-08-04 11:13:13.294 +07:00","4566.955","HOT_SWEEP_70","70","0.116450526"
"2026-08-04 11:13:14.003 +07:00","4567.662","HOT_SWEEP_70","70","0.116225339"
"2026-08-04 11:13:14.697 +07:00","4568.353","HOT_SWEEP_70","70","0.115876995"
"2026-08-04 11:13:15.383 +07:00","4569.043","HOT_SWEEP_70","70","0.115969837"
"2026-08-04 11:13:16.064 +07:00","4569.725","HOT_SWEEP_70","70","0.116499349"
"2026-08-04 11:13:16.761 +07:00","4570.422","HOT_SWEEP_70","70","0.116106108"
"2026-08-04 11:13:17.447 +07:00","4571.106","HOT_SWEEP_70","70","0.116065994"
"2026-08-04 11:13:18.133 +07:00","4571.794","HOT_SWEEP_70","70","0.116743244"
"2026-08-04 11:13:18.831 +07:00","4572.488","HOT_SWEEP_70","70","0.116289496"
"2026-08-04 11:13:19.522 +07:00","4573.183","HOT_SWEEP_70","70","0.116034783"
"2026-08-04 11:13:20.212 +07:00","4573.872","HOT_SWEEP_70","70","0.117111064"
"2026-08-04 11:13:20.885 +07:00","4574.546","HOT_SWEEP_70","70","0.116745844"
"2026-08-04 11:13:21.572 +07:00","4575.233","HOT_SWEEP_70","70","0.116348669"
"2026-08-04 11:13:22.258 +07:00","4575.919","HOT_SWEEP_70","70","0.117701575"
"2026-08-04 11:13:22.946 +07:00","4576.6","HOT_SWEEP_70","70","0.117050812"
"2026-08-04 11:13:23.620 +07:00","4577.281","HOT_SWEEP_70","70","0.11681328"
"2026-08-04 11:13:24.299 +07:00","4577.96","HOT_SWEEP_70","70","0.117951714"
"2026-08-04 11:13:24.995 +07:00","4578.656","HOT_SWEEP_70","70","0.117656387"
"2026-08-04 11:13:25.693 +07:00","4579.352","HOT_SWEEP_70","70","0.117241003"
"2026-08-04 11:13:26.375 +07:00","4580.036","HOT_SWEEP_70","70","0.11770767"
"2026-08-04 11:13:27.058 +07:00","4580.719","HOT_SWEEP_70","70","0.117910966"
"2026-08-04 11:13:27.745 +07:00","4581.407","HOT_SWEEP_70","70","0.117372528"
"2026-08-04 11:13:28.437 +07:00","4582.098","HOT_SWEEP_70","70","0.117243387"
"2026-08-04 11:13:29.120 +07:00","4582.781","HOT_SWEEP_70","70","0.117991373"
"2026-08-04 11:13:29.806 +07:00","4583.463","HOT_SWEEP_70","70","0.117635474"
"2026-08-04 11:13:30.487 +07:00","4584.148","HOT_SWEEP_70","70","0.117052816"
"2026-08-04 11:13:31.170 +07:00","4584.831","HOT_SWEEP_70","70","0.118008867"
"2026-08-04 11:13:31.858 +07:00","4585.516","HOT_SWEEP_70","70","0.117372833"
"2026-08-04 11:13:32.551 +07:00","4586.212","HOT_SWEEP_70","70","0.116701938"
"2026-08-04 11:13:33.229 +07:00","4586.89","HOT_SWEEP_70","70","0.11773064"
"2026-08-04 11:13:33.926 +07:00","4587.58","HOT_SWEEP_70","70","0.117205165"
"2026-08-04 11:13:34.617 +07:00","4588.276","HOT_SWEEP_70","70","0.116389498"
"2026-08-04 11:13:35.296 +07:00","4588.957","HOT_SWEEP_70","70","0.117405139"
"2026-08-04 11:13:35.987 +07:00","4589.648","HOT_SWEEP_70","70","0.11691048"
"2026-08-04 11:13:36.666 +07:00","4590.327","HOT_SWEEP_70","70","0.116091691"
"2026-08-04 11:13:37.352 +07:00","4591.013","HOT_SWEEP_70","70","0.116625592"
"2026-08-04 11:13:38.042 +07:00","4591.703","HOT_SWEEP_70","70","0.116523959"
"2026-08-04 11:13:38.714 +07:00","4592.375","HOT_SWEEP_70","70","0.115871787"
"2026-08-04 11:13:39.418 +07:00","4593.079","HOT_SWEEP_70","70","0.1158944"
"2026-08-04 11:13:40.105 +07:00","4593.766","HOT_SWEEP_70","70","0.116499647"
"2026-08-04 11:13:40.791 +07:00","4594.45","HOT_SWEEP_70","70","0.115735196"
"2026-08-04 11:13:41.459 +07:00","4595.12","HOT_SWEEP_70","70","0.115607515"
"2026-08-04 11:13:42.168 +07:00","4595.828","HOT_SWEEP_70","70","0.116349317"
"2026-08-04 11:13:42.850 +07:00","4596.51","HOT_SWEEP_70","70","0.11565268"
"2026-08-04 11:13:43.528 +07:00","4597.189","HOT_SWEEP_70","70","0.115238562"
"2026-08-04 11:13:44.214 +07:00","4597.875","HOT_SWEEP_70","70","0.116359033"
"2026-08-04 11:13:44.905 +07:00","4598.562","HOT_SWEEP_70","70","0.115554765"
"2026-08-04 11:13:45.591 +07:00","4599.248","HOT_SWEEP_70","70","0.114984848"
"2026-08-04 11:13:46.293 +07:00","4599.954","HOT_SWEEP_70","70","0.11607603"
"2026-08-04 11:13:46.982 +07:00","4600.643","HOT_SWEEP_70","70","0.11549972"
"2026-08-04 11:13:47.674 +07:00","4601.32","HOT_SWEEP_70","70","0.115072921"
"2026-08-04 11:13:48.376 +07:00","4602.035","HOT_SWEEP_70","70","0.11548917"
"2026-08-04 11:13:49.064 +07:00","4602.709","HOT_SWEEP_70","70","0.115567826"
"2026-08-04 11:13:49.756 +07:00","4603.413","HOT_SWEEP_70","70","0.115165569"
"2026-08-04 11:13:50.439 +07:00","4604.1","HOT_SWEEP_70","70","0.115237877"
"2026-08-04 11:13:51.131 +07:00","4604.785","HOT_SWEEP_70","70","0.115640007"
"2026-08-04 11:13:51.814 +07:00","4605.468","HOT_SWEEP_70","70","0.115260065"
"2026-08-04 11:13:52.498 +07:00","4606.159","HOT_SWEEP_70","70","0.115317345"
"2026-08-04 11:13:53.189 +07:00","4606.85","HOT_SWEEP_70","70","0.116278723"
"2026-08-04 11:13:53.870 +07:00","4607.531","HOT_SWEEP_70","70","0.115944706"
"2026-08-04 11:13:54.556 +07:00","4608.217","HOT_SWEEP_70","70","0.115792789"
"2026-08-04 11:13:55.240 +07:00","4608.902","HOT_SWEEP_70","70","0.117207907"
"2026-08-04 11:13:55.932 +07:00","4609.591","HOT_SWEEP_70","70","0.116699003"
"2026-08-04 11:13:56.621 +07:00","4610.282","HOT_SWEEP_70","70","0.116356924"
"2026-08-04 11:13:57.305 +07:00","4610.951","HOT_SWEEP_70","70","0.117629386"
"2026-08-04 11:13:57.995 +07:00","4611.656","HOT_SWEEP_70","70","0.117296711"
"2026-08-04 11:13:58.686 +07:00","4612.345","HOT_SWEEP_70","70","0.117143527"
"2026-08-04 11:13:59.368 +07:00","4613.029","HOT_SWEEP_70","70","0.117841348"
"2026-08-04 11:14:00.075 +07:00","4613.72","HOT_SWEEP_70","70","0.117779396"
"2026-08-04 11:14:00.760 +07:00","4614.421","HOT_SWEEP_70","70","0.117605902"
"2026-08-04 11:14:01.461 +07:00","4615.12","HOT_SWEEP_70","70","0.117582247"
"2026-08-04 11:14:02.140 +07:00","4615.801","HOT_SWEEP_70","70","0.118047141"
"2026-08-04 11:14:02.820 +07:00","4616.481","HOT_SWEEP_70","70","0.117921807"
"2026-08-04 11:14:03.510 +07:00","4617.163","HOT_SWEEP_70","70","0.117762551"
"2026-08-04 11:14:04.185 +07:00","4617.846","HOT_SWEEP_70","70","0.118432999"
"2026-08-04 11:14:04.864 +07:00","4618.525","HOT_SWEEP_70","70","0.118088149"
"2026-08-04 11:14:05.542 +07:00","4619.203","HOT_SWEEP_70","70","0.117516004"
"2026-08-04 11:14:06.225 +07:00","4619.884","HOT_SWEEP_70","70","0.118583366"
"2026-08-04 11:14:06.912 +07:00","4620.573","HOT_SWEEP_70","70","0.118083633"
"2026-08-04 11:14:07.597 +07:00","4621.256","HOT_SWEEP_70","70","0.117191866"
"2026-08-04 11:14:08.281 +07:00","4621.942","HOT_SWEEP_70","70","0.118658043"
"2026-08-04 11:14:08.959 +07:00","4622.62","HOT_SWEEP_70","70","0.11807517"
"2026-08-04 11:14:09.657 +07:00","4623.318","HOT_SWEEP_70","70","0.117109656"
"2026-08-04 11:14:10.349 +07:00","4624.01","HOT_SWEEP_70","70","0.117949583"
"2026-08-04 11:14:11.019 +07:00","4624.68","HOT_SWEEP_70","70","0.118039988"
"2026-08-04 11:14:11.719 +07:00","4625.364","HOT_SWEEP_70","70","0.117178224"
"2026-08-04 11:14:12.406 +07:00","4626.064","HOT_SWEEP_70","70","0.117648959"
"2026-08-04 11:14:13.098 +07:00","4626.759","HOT_SWEEP_70","70","0.117985711"
"2026-08-04 11:14:13.792 +07:00","4627.451","HOT_SWEEP_70","70","0.117357239"
"2026-08-04 11:14:14.478 +07:00","4628.136","HOT_SWEEP_70","70","0.117293738"
"2026-08-04 11:14:15.173 +07:00","4628.833","HOT_SWEEP_70","70","0.117930606"
"2026-08-04 11:14:15.870 +07:00","4629.521","HOT_SWEEP_70","70","0.117376938"
"2026-08-04 11:14:16.541 +07:00","4630.202","HOT_SWEEP_70","70","0.117203951"
"2026-08-04 11:14:17.223 +07:00","4630.884","HOT_SWEEP_70","70","0.118067458"
"2026-08-04 11:14:17.915 +07:00","4631.575","HOT_SWEEP_70","70","0.117500544"
"2026-08-04 11:14:18.607 +07:00","4632.268","HOT_SWEEP_70","70","0.117201626"
"2026-08-04 11:14:19.287 +07:00","4632.931","HOT_SWEEP_70","70","0.117902115"
"2026-08-04 11:14:19.989 +07:00","4633.644","HOT_SWEEP_70","70","0.117370591"
"2026-08-04 11:14:20.732 +07:00","4634.39","HOT_SWEEP_70","70","0.116775431"
"2026-08-04 11:14:21.417 +07:00","4635.076","HOT_SWEEP_70","70","0.116943933"
"2026-08-04 11:14:22.089 +07:00","4635.75","HOT_SWEEP_70","70","0.116949856"
"2026-08-04 11:14:22.781 +07:00","4636.442","HOT_SWEEP_70","70","0.116737321"
"2026-08-04 11:14:23.455 +07:00","4637.116","HOT_SWEEP_70","70","0.116746232"
"2026-08-04 11:14:24.149 +07:00","4637.807","HOT_SWEEP_70","70","0.117285207"
"2026-08-04 11:14:24.840 +07:00","4638.499","HOT_SWEEP_70","70","0.116887771"
"2026-08-04 11:14:25.531 +07:00","4639.191","HOT_SWEEP_70","70","0.116891362"
"2026-08-04 11:14:26.213 +07:00","4639.873","HOT_SWEEP_70","70","0.117711201"
"2026-08-04 11:14:26.885 +07:00","4640.546","HOT_SWEEP_70","70","0.117349312"
"2026-08-04 11:14:27.605 +07:00","4641.266","HOT_SWEEP_70","70","0.117253937"
"2026-08-04 11:14:28.282 +07:00","4641.944","HOT_SWEEP_70","70","0.118603729"
"2026-08-04 11:14:28.985 +07:00","4642.644","HOT_SWEEP_70","70","0.11797066"
"2026-08-04 11:14:29.678 +07:00","4643.338","HOT_SWEEP_70","70","0.117534138"
"2026-08-04 11:14:30.358 +07:00","4644.019","HOT_SWEEP_70","70","0.118426599"
"2026-08-04 11:14:31.025 +07:00","4644.686","HOT_SWEEP_70","70","0.118020676"
"2026-08-04 11:14:31.719 +07:00","4645.376","HOT_SWEEP_70","70","0.117716789"
"2026-08-04 11:14:32.397 +07:00","4646.056","HOT_SWEEP_70","70","0.118277289"
"2026-08-04 11:14:33.092 +07:00","4646.752","HOT_SWEEP_70","70","0.118307814"
"2026-08-04 11:14:33.774 +07:00","4647.433","HOT_SWEEP_70","70","0.117887221"
"2026-08-04 11:14:34.494 +07:00","4648.151","HOT_SWEEP_70","70","0.118105985"
"2026-08-04 11:14:35.177 +07:00","4648.835","HOT_SWEEP_70","70","0.118866101"
"2026-08-04 11:14:35.866 +07:00","4649.527","HOT_SWEEP_70","70","0.118540086"
"2026-08-04 11:14:36.558 +07:00","4650.219","HOT_SWEEP_70","70","0.118227303"
"2026-08-04 11:14:37.235 +07:00","4650.896","HOT_SWEEP_70","70","0.119184829"
"2026-08-04 11:14:37.922 +07:00","4651.583","HOT_SWEEP_70","70","0.118853077"
"2026-08-04 11:14:38.627 +07:00","4652.284","HOT_SWEEP_70","70","0.118334889"
"2026-08-04 11:14:39.325 +07:00","4652.984","HOT_SWEEP_70","70","0.119301245"
"2026-08-04 11:14:40.001 +07:00","4653.662","HOT_SWEEP_70","70","0.119012818"
"2026-08-04 11:14:40.688 +07:00","4654.35","HOT_SWEEP_70","70","0.118539773"
"2026-08-04 11:14:41.391 +07:00","4655.05","HOT_SWEEP_70","70","0.119260326"
"2026-08-04 11:14:42.092 +07:00","4655.751","HOT_SWEEP_70","70","0.119088605"
"2026-08-04 11:14:42.769 +07:00","4656.428","HOT_SWEEP_70","70","0.118606649"
"2026-08-04 11:14:43.459 +07:00","4657.118","HOT_SWEEP_70","70","0.118939325"
"2026-08-04 11:14:44.156 +07:00","4657.811","HOT_SWEEP_70","70","0.119428918"
"2026-08-04 11:14:44.840 +07:00","4658.496","HOT_SWEEP_70","70","0.118941411"
"2026-08-04 11:14:45.518 +07:00","4659.179","HOT_SWEEP_70","70","0.118847132"
"2026-08-04 11:14:46.211 +07:00","4659.868","HOT_SWEEP_70","70","0.119319558"
"2026-08-04 11:14:46.904 +07:00","4660.564","HOT_SWEEP_70","70","0.1188794"
"2026-08-04 11:14:47.587 +07:00","4661.248","HOT_SWEEP_70","70","0.118645549"
"2026-08-04 11:14:48.283 +07:00","4661.944","HOT_SWEEP_70","70","0.119225919"
"2026-08-04 11:14:48.973 +07:00","4662.632","HOT_SWEEP_70","70","0.118654571"
"2026-08-04 11:14:49.667 +07:00","4663.328","HOT_SWEEP_70","70","0.118273102"
"2026-08-04 11:14:50.354 +07:00","4664.013","HOT_SWEEP_70","70","0.118848085"
"2026-08-04 11:14:51.040 +07:00","4664.695","HOT_SWEEP_70","70","0.118203677"
"2026-08-04 11:14:51.725 +07:00","4665.377","HOT_SWEEP_70","70","0.117678881"
"2026-08-04 11:14:52.415 +07:00","4666.074","HOT_SWEEP_70","70","0.118128799"
"2026-08-04 11:14:53.112 +07:00","4666.769","HOT_SWEEP_70","70","0.118159577"
"2026-08-04 11:14:53.812 +07:00","4667.473","HOT_SWEEP_70","70","0.117739677"
"2026-08-04 11:14:54.502 +07:00","4668.163","HOT_SWEEP_70","70","0.117852427"
"2026-08-04 11:14:55.208 +07:00","4668.869","HOT_SWEEP_70","70","0.118556358"
"2026-08-04 11:14:55.902 +07:00","4669.559","HOT_SWEEP_70","70","0.1181463"
"2026-08-04 11:14:56.577 +07:00","4670.238","HOT_SWEEP_70","70","0.117974378"
"2026-08-04 11:14:57.269 +07:00","4670.93","HOT_SWEEP_70","70","0.118949696"
"2026-08-04 11:14:57.965 +07:00","4671.624","HOT_SWEEP_70","70","0.118816838"
"2026-08-04 11:14:58.642 +07:00","4672.303","HOT_SWEEP_70","70","0.118592642"
"2026-08-04 11:14:59.330 +07:00","4672.991","HOT_SWEEP_70","70","0.119721815"
"2026-08-04 11:15:00.026 +07:00","4673.682","HOT_SWEEP_70","70","0.119396411"
"2026-08-04 11:15:00.705 +07:00","4674.366","HOT_SWEEP_70","70","0.119049266"
"2026-08-04 11:15:01.393 +07:00","4675.054","HOT_SWEEP_70","70","0.11994566"
"2026-08-04 11:15:02.105 +07:00","4675.766","HOT_SWEEP_70","70","0.119602859"
"2026-08-04 11:15:02.791 +07:00","4676.45","HOT_SWEEP_70","70","0.11948856"
"2026-08-04 11:15:03.486 +07:00","4677.132","HOT_SWEEP_70","70","0.119687952"
"2026-08-04 11:15:04.172 +07:00","4677.833","HOT_SWEEP_70","70","0.120113865"
"2026-08-04 11:15:04.865 +07:00","4678.525","HOT_SWEEP_70","70","0.119713381"
"2026-08-04 11:15:05.554 +07:00","4679.206","HOT_SWEEP_70","70","0.119659565"
"2026-08-04 11:15:06.240 +07:00","4679.901","HOT_SWEEP_70","70","0.120450854"
"2026-08-04 11:15:06.920 +07:00","4680.581","HOT_SWEEP_70","70","0.120312214"
"2026-08-04 11:15:07.598 +07:00","4681.257","HOT_SWEEP_70","70","0.120137788"
"2026-08-04 11:15:08.291 +07:00","4681.952","HOT_SWEEP_70","70","0.121007442"
"2026-08-04 11:15:08.990 +07:00","4682.649","HOT_SWEEP_70","70","0.120712377"
"2026-08-04 11:15:09.663 +07:00","4683.324","HOT_SWEEP_70","70","0.12011604"
"2026-08-04 11:15:10.373 +07:00","4684.034","HOT_SWEEP_70","70","0.121202134"
"2026-08-04 11:15:11.054 +07:00","4684.713","HOT_SWEEP_70","70","0.121005833"
"2026-08-04 11:15:11.725 +07:00","4685.387","HOT_SWEEP_70","70","0.120465077"
"2026-08-04 11:15:12.421 +07:00","4686.079","HOT_SWEEP_70","70","0.120993339"
"2026-08-04 11:15:13.094 +07:00","4686.755","HOT_SWEEP_70","70","0.120813534"
"2026-08-04 11:15:13.788 +07:00","4687.443","HOT_SWEEP_70","70","0.119991422"
"2026-08-04 11:15:14.484 +07:00","4688.129","HOT_SWEEP_70","70","0.120131299"
"2026-08-04 11:15:15.161 +07:00","4688.818","HOT_SWEEP_70","70","0.120591603"
"2026-08-04 11:15:15.872 +07:00","4689.53","HOT_SWEEP_70","70","0.120082781"
"2026-08-04 11:15:16.552 +07:00","4690.211","HOT_SWEEP_70","70","0.119842373"
"2026-08-04 11:15:17.232 +07:00","4690.893","HOT_SWEEP_70","70","0.12056043"
"2026-08-04 11:15:17.923 +07:00","4691.582","HOT_SWEEP_70","70","0.119720459"
"2026-08-04 11:15:18.600 +07:00","4692.26","HOT_SWEEP_70","70","0.119367167"
"2026-08-04 11:15:19.292 +07:00","4692.951","HOT_SWEEP_70","70","0.120459534"
"2026-08-04 11:15:19.982 +07:00","4693.638","HOT_SWEEP_70","70","0.119917333"
"2026-08-04 11:15:20.670 +07:00","4694.326","HOT_SWEEP_70","70","0.119444191"
"2026-08-04 11:15:21.364 +07:00","4695.023","HOT_SWEEP_70","70","0.120394692"
"2026-08-04 11:15:22.055 +07:00","4695.713","HOT_SWEEP_70","70","0.119868018"
"2026-08-04 11:15:22.756 +07:00","4696.415","HOT_SWEEP_70","70","0.119294837"
"2026-08-04 11:15:23.455 +07:00","4697.113","HOT_SWEEP_70","70","0.119751468"
"2026-08-04 11:15:24.140 +07:00","4697.796","HOT_SWEEP_70","70","0.119833663"
"2026-08-04 11:15:24.822 +07:00","4698.479","HOT_SWEEP_70","70","0.119491622"
"2026-08-04 11:15:25.514 +07:00","4699.173","HOT_SWEEP_70","70","0.119426012"
"2026-08-04 11:15:26.206 +07:00","4699.861","HOT_SWEEP_70","70","0.119930327"
"2026-08-04 11:15:26.897 +07:00","4700.556","HOT_SWEEP_70","70","0.119454525"
"2026-08-04 11:15:27.586 +07:00","4701.246","HOT_SWEEP_70","70","0.119411767"
"2026-08-04 11:15:28.281 +07:00","4701.942","HOT_SWEEP_70","70","0.120234631"
"2026-08-04 11:15:28.966 +07:00","4702.625","HOT_SWEEP_70","70","0.119896613"
"2026-08-04 11:15:29.662 +07:00","4703.321","HOT_SWEEP_70","70","0.119810358"
"2026-08-04 11:15:30.341 +07:00","4704.002","HOT_SWEEP_70","70","0.120981112"
"2026-08-04 11:15:31.041 +07:00","4704.702","HOT_SWEEP_70","70","0.120643258"
"2026-08-04 11:15:31.728 +07:00","4705.381","HOT_SWEEP_70","70","0.120445706"
"2026-08-04 11:15:32.406 +07:00","4706.067","HOT_SWEEP_70","70","0.121438801"
"2026-08-04 11:15:33.087 +07:00","4706.748","HOT_SWEEP_70","70","0.121211983"
"2026-08-04 11:15:33.782 +07:00","4707.432","HOT_SWEEP_70","70","0.121063158"
"2026-08-04 11:15:34.469 +07:00","4708.13","HOT_SWEEP_70","70","0.121630453"
"2026-08-04 11:15:35.155 +07:00","4708.816","HOT_SWEEP_70","70","0.121787667"
"2026-08-04 11:15:35.836 +07:00","4709.497","HOT_SWEEP_70","70","0.121535376"
"2026-08-04 11:15:36.545 +07:00","4710.204","HOT_SWEEP_70","70","0.121469714"
"2026-08-04 11:15:37.224 +07:00","4710.885","HOT_SWEEP_70","70","0.122076258"
"2026-08-04 11:15:37.907 +07:00","4711.568","HOT_SWEEP_70","70","0.121675633"
"2026-08-04 11:15:38.595 +07:00","4712.252","HOT_SWEEP_70","70","0.121220909"
"2026-08-04 11:15:39.299 +07:00","4712.944","HOT_SWEEP_70","70","0.122302376"
"2026-08-04 11:15:39.979 +07:00","4713.639","HOT_SWEEP_70","70","0.122051083"
"2026-08-04 11:15:40.662 +07:00","4714.321","HOT_SWEEP_70","70","0.121492542"
"2026-08-04 11:15:41.361 +07:00","4715.022","HOT_SWEEP_70","70","0.122599363"
"2026-08-04 11:15:42.059 +07:00","4715.718","HOT_SWEEP_70","70","0.122289181"
"2026-08-04 11:15:42.741 +07:00","4716.402","HOT_SWEEP_70","70","0.121750854"
"2026-08-04 11:15:43.447 +07:00","4717.093","HOT_SWEEP_70","70","0.122561172"
"2026-08-04 11:15:44.143 +07:00","4717.8","HOT_SWEEP_70","70","0.122502126"
"2026-08-04 11:15:44.823 +07:00","4718.479","HOT_SWEEP_70","70","0.122132242"
"2026-08-04 11:15:45.512 +07:00","4719.166","HOT_SWEEP_70","70","0.122271001"
"2026-08-04 11:15:46.195 +07:00","4719.854","HOT_SWEEP_70","70","0.122592404"
"2026-08-04 11:15:46.873 +07:00","4720.534","HOT_SWEEP_70","70","0.122130074"
"2026-08-04 11:15:47.548 +07:00","4721.209","HOT_SWEEP_70","70","0.122241318"
"2026-08-04 11:15:48.243 +07:00","4721.903","HOT_SWEEP_70","70","0.122856006"
"2026-08-04 11:15:48.926 +07:00","4722.584","HOT_SWEEP_70","70","0.12233714"
"2026-08-04 11:15:49.623 +07:00","4723.279","HOT_SWEEP_70","70","0.122275054"
"2026-08-04 11:15:50.329 +07:00","4723.986","HOT_SWEEP_70","70","0.12337245"
"2026-08-04 11:15:51.027 +07:00","4724.684","HOT_SWEEP_70","70","0.12325076"
"2026-08-04 11:15:51.703 +07:00","4725.364","HOT_SWEEP_70","70","0.122921884"
"2026-08-04 11:15:52.407 +07:00","4726.066","HOT_SWEEP_70","70","0.124150157"
"2026-08-04 11:15:53.090 +07:00","4726.749","HOT_SWEEP_70","70","0.123746157"
"2026-08-04 11:15:53.783 +07:00","4727.439","HOT_SWEEP_70","70","0.123468481"
"2026-08-04 11:15:54.467 +07:00","4728.128","HOT_SWEEP_70","70","0.123876669"
"2026-08-04 11:15:55.163 +07:00","4728.824","HOT_SWEEP_70","70","0.123743936"
"2026-08-04 11:15:55.848 +07:00","4729.509","HOT_SWEEP_70","70","0.123625159"
"2026-08-04 11:15:56.540 +07:00","4730.194","HOT_SWEEP_70","70","0.123611793"
"2026-08-04 11:15:57.234 +07:00","4730.895","HOT_SWEEP_70","70","0.12398757"
"2026-08-04 11:15:57.916 +07:00","4731.575","HOT_SWEEP_70","70","0.123607114"
"2026-08-04 11:15:58.597 +07:00","4732.256","HOT_SWEEP_70","70","0.123534121"
"2026-08-04 11:15:59.288 +07:00","4732.948","HOT_SWEEP_70","70","0.124407448"
"2026-08-04 11:15:59.980 +07:00","4733.638","HOT_SWEEP_70","70","0.12395151"
"2026-08-04 11:16:00.663 +07:00","4734.323","HOT_SWEEP_70","70","0.123363137"
"2026-08-04 11:16:01.352 +07:00","4735.012","HOT_SWEEP_70","70","0.124682367"
"2026-08-04 11:16:02.042 +07:00","4735.7","HOT_SWEEP_70","70","0.124437131"
"2026-08-04 11:16:02.724 +07:00","4736.383","HOT_SWEEP_70","70","0.124125257"
"2026-08-04 11:16:03.410 +07:00","4737.069","HOT_SWEEP_70","70","0.12526381"
"2026-08-04 11:16:04.140 +07:00","4737.799","HOT_SWEEP_70","70","0.124837533"
"2026-08-04 11:16:04.821 +07:00","4738.481","HOT_SWEEP_70","70","0.124685958"
"2026-08-04 11:16:05.506 +07:00","4739.166","HOT_SWEEP_70","70","0.125042647"
"2026-08-04 11:16:06.199 +07:00","4739.858","HOT_SWEEP_70","70","0.125233501"
"2026-08-04 11:16:06.873 +07:00","4740.534","HOT_SWEEP_70","70","0.125035122"
"2026-08-04 11:16:07.542 +07:00","4741.203","HOT_SWEEP_70","70","0.125262856"
"2026-08-04 11:16:08.233 +07:00","4741.889","HOT_SWEEP_70","70","0.125768811"
"2026-08-04 11:16:08.903 +07:00","4742.564","HOT_SWEEP_70","70","0.125297204"
"2026-08-04 11:16:09.593 +07:00","4743.254","HOT_SWEEP_70","70","0.124819264"
"2026-08-04 11:16:10.274 +07:00","4743.935","HOT_SWEEP_70","70","0.125656992"
"2026-08-04 11:16:10.986 +07:00","4744.645","HOT_SWEEP_70","70","0.125376493"
"2026-08-04 11:16:11.677 +07:00","4745.338","HOT_SWEEP_70","70","0.124449447"
"2026-08-04 11:16:12.378 +07:00","4746.038","HOT_SWEEP_70","70","0.125575259"
"2026-08-04 11:16:13.083 +07:00","4746.736","HOT_SWEEP_70","70","0.125208944"
"2026-08-04 11:16:13.774 +07:00","4747.431","HOT_SWEEP_70","70","0.124632165"
"2026-08-04 11:16:14.457 +07:00","4748.117","HOT_SWEEP_70","70","0.125500247"
"2026-08-04 11:16:15.156 +07:00","4748.816","HOT_SWEEP_70","70","0.125290424"
"2026-08-04 11:16:15.839 +07:00","4749.497","HOT_SWEEP_70","70","0.124905862"
"2026-08-04 11:16:16.531 +07:00","4750.19","HOT_SWEEP_70","70","0.125312865"
"2026-08-04 11:16:17.215 +07:00","4750.875","HOT_SWEEP_70","70","0.125580832"
"2026-08-04 11:16:17.913 +07:00","4751.572","HOT_SWEEP_70","70","0.125107214"
"2026-08-04 11:16:18.606 +07:00","4752.265","HOT_SWEEP_70","70","0.125066742"
"2026-08-04 11:16:19.286 +07:00","4752.944","HOT_SWEEP_70","70","0.125652477"
"2026-08-04 11:16:19.984 +07:00","4753.644","HOT_SWEEP_70","70","0.125199333"
"2026-08-04 11:16:20.673 +07:00","4754.332","HOT_SWEEP_70","70","0.124951877"
"2026-08-04 11:16:21.359 +07:00","4755.017","HOT_SWEEP_70","70","0.125701562"
"2026-08-04 11:16:22.043 +07:00","4755.701","HOT_SWEEP_70","70","0.125346333"
"2026-08-04 11:16:22.724 +07:00","4756.383","HOT_SWEEP_70","70","0.124828592"
"2026-08-04 11:16:23.420 +07:00","4757.079","HOT_SWEEP_70","70","0.125592604"
"2026-08-04 11:16:24.110 +07:00","4757.766","HOT_SWEEP_70","70","0.125239521"
"2026-08-04 11:16:24.850 +07:00","4758.51","HOT_SWEEP_70","70","0.124952935"
"2026-08-04 11:16:25.539 +07:00","4759.199","HOT_SWEEP_70","70","0.125170559"
"2026-08-04 11:16:26.236 +07:00","4759.882","HOT_SWEEP_70","70","0.125327185"
"2026-08-04 11:16:26.924 +07:00","4760.583","HOT_SWEEP_70","70","0.12518692"
"2026-08-04 11:16:27.620 +07:00","4761.279","HOT_SWEEP_70","70","0.125224262"
"2026-08-04 11:16:28.308 +07:00","4761.966","HOT_SWEEP_70","70","0.125566036"
"2026-08-04 11:16:28.991 +07:00","4762.65","HOT_SWEEP_70","70","0.125436455"
"2026-08-04 11:16:29.676 +07:00","4763.335","HOT_SWEEP_70","70","0.12576893"
"2026-08-04 11:16:30.363 +07:00","4764.023","HOT_SWEEP_70","70","0.126448914"
"2026-08-04 11:16:31.069 +07:00","4764.727","HOT_SWEEP_70","70","0.126158983"
"2026-08-04 11:16:31.785 +07:00","4765.442","HOT_SWEEP_70","70","0.126169994"
"2026-08-04 11:16:32.486 +07:00","4766.145","HOT_SWEEP_70","70","0.126830772"
"2026-08-04 11:16:33.178 +07:00","4766.835","HOT_SWEEP_70","70","0.126759425"
"2026-08-04 11:16:33.875 +07:00","4767.534","HOT_SWEEP_70","70","0.126554579"
"2026-08-04 11:16:34.561 +07:00","4768.221","HOT_SWEEP_70","70","0.126730233"
"2026-08-04 11:16:35.251 +07:00","4768.911","HOT_SWEEP_70","70","0.127006263"
"2026-08-04 11:16:35.939 +07:00","4769.599","HOT_SWEEP_70","70","0.126810223"
"2026-08-04 11:16:36.632 +07:00","4770.29","HOT_SWEEP_70","70","0.126407623"
"2026-08-04 11:16:37.319 +07:00","4770.978","HOT_SWEEP_70","70","0.126612186"
"2026-08-04 11:16:38.017 +07:00","4771.676","HOT_SWEEP_70","70","0.126551241"
"2026-08-04 11:16:38.724 +07:00","4772.383","HOT_SWEEP_70","70","0.126196012"
"2026-08-04 11:16:39.425 +07:00","4773.07","HOT_SWEEP_70","70","0.126881212"
"2026-08-04 11:16:40.093 +07:00","4773.755","HOT_SWEEP_70","70","0.126566485"
"2026-08-04 11:16:40.778 +07:00","4774.439","HOT_SWEEP_70","70","0.126210034"
"2026-08-04 11:16:41.472 +07:00","4775.131","HOT_SWEEP_70","70","0.126982123"
"2026-08-04 11:16:42.143 +07:00","4775.804","HOT_SWEEP_70","70","0.126808852"
"2026-08-04 11:16:42.825 +07:00","4776.486","HOT_SWEEP_70","70","0.126272604"
"2026-08-04 11:16:43.526 +07:00","4777.171","HOT_SWEEP_70","70","0.126843005"
"2026-08-04 11:16:44.219 +07:00","4777.871","HOT_SWEEP_70","70","0.127178952"
"2026-08-04 11:16:44.899 +07:00","4778.558","HOT_SWEEP_70","70","0.126683742"
"2026-08-04 11:16:45.632 +07:00","4779.289","HOT_SWEEP_70","70","0.126776487"
"2026-08-04 11:16:46.311 +07:00","4779.972","HOT_SWEEP_70","70","0.127208069"
"2026-08-04 11:16:46.990 +07:00","4780.651","HOT_SWEEP_70","70","0.126761034"
"2026-08-04 11:16:47.678 +07:00","4781.339","HOT_SWEEP_70","70","0.126554757"
"2026-08-04 11:16:48.357 +07:00","4782.018","HOT_SWEEP_70","70","0.127018064"
"2026-08-04 11:16:49.041 +07:00","4782.702","HOT_SWEEP_70","70","0.126523748"
"2026-08-04 11:16:49.724 +07:00","4783.385","HOT_SWEEP_70","70","0.126253918"
"2026-08-04 11:16:50.406 +07:00","4784.067","HOT_SWEEP_70","70","0.126979619"
"2026-08-04 11:16:51.086 +07:00","4784.747","HOT_SWEEP_70","70","0.126455456"
"2026-08-04 11:16:51.773 +07:00","4785.434","HOT_SWEEP_70","70","0.1261383"
"2026-08-04 11:16:52.487 +07:00","4786.148","HOT_SWEEP_70","70","0.12702325"
"2026-08-04 11:16:53.176 +07:00","4786.837","HOT_SWEEP_70","70","0.127267063"
"2026-08-04 11:16:53.868 +07:00","4787.526","HOT_SWEEP_70","70","0.126715392"
"2026-08-04 11:16:54.560 +07:00","4788.215","HOT_SWEEP_70","70","0.126606792"
"2026-08-04 11:16:55.235 +07:00","4788.896","HOT_SWEEP_70","70","0.127345815"
"2026-08-04 11:16:55.922 +07:00","4789.583","HOT_SWEEP_70","70","0.12695308"
"2026-08-04 11:16:56.615 +07:00","4790.271","HOT_SWEEP_70","70","0.12679337"
"2026-08-04 11:16:57.302 +07:00","4790.963","HOT_SWEEP_70","70","0.127643958"
"2026-08-04 11:16:57.985 +07:00","4791.646","HOT_SWEEP_70","70","0.127269104"
"2026-08-04 11:16:58.670 +07:00","4792.331","HOT_SWEEP_70","70","0.126865029"
"2026-08-04 11:16:59.377 +07:00","4793.036","HOT_SWEEP_70","70","0.127715915"
"2026-08-04 11:17:00.053 +07:00","4793.714","HOT_SWEEP_70","70","0.127128154"
"2026-08-04 11:17:00.733 +07:00","4794.394","HOT_SWEEP_70","70","0.126963064"
"2026-08-04 11:17:01.422 +07:00","4795.083","HOT_SWEEP_70","70","0.128306285"
"2026-08-04 11:17:02.100 +07:00","4795.761","HOT_SWEEP_70","70","0.127930552"
"2026-08-04 11:17:02.794 +07:00","4796.453","HOT_SWEEP_70","70","0.127291307"
"2026-08-04 11:17:03.483 +07:00","4797.144","HOT_SWEEP_70","70","0.128099948"
"2026-08-04 11:17:04.165 +07:00","4797.826","HOT_SWEEP_70","70","0.127725884"
"2026-08-04 11:17:04.850 +07:00","4798.511","HOT_SWEEP_70","70","0.127156615"
"2026-08-04 11:17:05.532 +07:00","4799.193","HOT_SWEEP_70","70","0.127417892"
"2026-08-04 11:17:06.240 +07:00","4799.895","HOT_SWEEP_70","70","0.127596796"
"2026-08-04 11:17:06.933 +07:00","4800.594","HOT_SWEEP_70","70","0.127034917"
"2026-08-04 11:17:07.622 +07:00","4801.283","HOT_SWEEP_70","70","0.126635507"
"2026-08-04 11:17:08.302 +07:00","4801.963","HOT_SWEEP_70","70","0.127096772"
"2026-08-04 11:17:09.003 +07:00","4802.659","HOT_SWEEP_70","70","0.126654476"
"2026-08-04 11:17:09.697 +07:00","4803.358","HOT_SWEEP_70","70","0.12639454"
"2026-08-04 11:17:10.380 +07:00","4804.041","HOT_SWEEP_70","70","0.127019987"
"2026-08-04 11:17:11.063 +07:00","4804.724","HOT_SWEEP_70","70","0.126642376"
"2026-08-04 11:17:11.757 +07:00","4805.416","HOT_SWEEP_70","70","0.126468152"
"2026-08-04 11:17:12.452 +07:00","4806.111","HOT_SWEEP_70","70","0.127327815"
"2026-08-04 11:17:13.149 +07:00","4806.81","HOT_SWEEP_70","70","0.127056241"
"2026-08-04 11:17:13.844 +07:00","4807.503","HOT_SWEEP_70","70","0.12653406"
"2026-08-04 11:17:14.527 +07:00","4808.188","HOT_SWEEP_70","70","0.126812547"
"2026-08-04 11:17:15.223 +07:00","4808.881","HOT_SWEEP_70","70","0.127248377"
"2026-08-04 11:17:15.939 +07:00","4809.599","HOT_SWEEP_70","70","0.126548439"
"2026-08-04 11:17:16.624 +07:00","4810.284","HOT_SWEEP_70","70","0.126376614"
"2026-08-04 11:17:17.311 +07:00","4810.971","HOT_SWEEP_70","70","0.126788154"
"2026-08-04 11:17:17.998 +07:00","4811.658","HOT_SWEEP_70","70","0.126559272"
"2026-08-04 11:17:18.681 +07:00","4812.34","HOT_SWEEP_70","70","0.125892907"
"2026-08-04 11:17:19.365 +07:00","4813.023","HOT_SWEEP_70","70","0.126425609"
"2026-08-04 11:17:20.067 +07:00","4813.726","HOT_SWEEP_70","70","0.125841483"
"2026-08-04 11:17:20.766 +07:00","4814.413","HOT_SWEEP_70","70","0.125667349"
"2026-08-04 11:17:21.468 +07:00","4815.118","HOT_SWEEP_70","70","0.126487643"
"2026-08-04 11:17:22.176 +07:00","4815.823","HOT_SWEEP_70","70","0.12582764"
"2026-08-04 11:17:22.881 +07:00","4816.528","HOT_SWEEP_70","70","0.125871047"
"2026-08-04 11:17:23.579 +07:00","4817.23","HOT_SWEEP_70","70","0.126081854"
"2026-08-04 11:17:24.268 +07:00","4817.919","HOT_SWEEP_70","70","0.126158625"
"2026-08-04 11:17:24.960 +07:00","4818.607","HOT_SWEEP_70","70","0.126038879"
"2026-08-04 11:17:25.656 +07:00","4819.304","HOT_SWEEP_70","70","0.126004979"
"2026-08-04 11:17:26.359 +07:00","4820.009","HOT_SWEEP_70","70","0.126368493"
"2026-08-04 11:17:27.065 +07:00","4820.715","HOT_SWEEP_70","70","0.126617998"
"2026-08-04 11:17:27.769 +07:00","4821.417","HOT_SWEEP_70","70","0.126814276"
"2026-08-04 11:17:28.469 +07:00","4822.121","HOT_SWEEP_70","70","0.126865119"
"2026-08-04 11:17:29.173 +07:00","4822.822","HOT_SWEEP_70","70","0.127058715"
"2026-08-04 11:17:29.873 +07:00","4823.524","HOT_SWEEP_70","70","0.127064154"
"2026-08-04 11:17:30.566 +07:00","4824.215","HOT_SWEEP_70","70","0.127337381"
"2026-08-04 11:17:31.262 +07:00","4824.913","HOT_SWEEP_70","70","0.12738125"
"2026-08-04 11:17:31.960 +07:00","4825.61","HOT_SWEEP_70","70","0.127468541"
"2026-08-04 11:17:32.663 +07:00","4826.312","HOT_SWEEP_70","70","0.127798945"
"2026-08-04 11:17:33.366 +07:00","4827.015","HOT_SWEEP_70","70","0.127805799"
"2026-08-04 11:17:34.092 +07:00","4827.74","HOT_SWEEP_70","70","0.127880067"
"2026-08-04 11:17:34.789 +07:00","4828.438","HOT_SWEEP_70","70","0.127715141"
"2026-08-04 11:17:35.499 +07:00","4829.146","HOT_SWEEP_70","70","0.127818674"
"2026-08-04 11:17:36.199 +07:00","4829.848","HOT_SWEEP_70","70","0.127812266"
"2026-08-04 11:17:36.889 +07:00","4830.538","HOT_SWEEP_70","70","0.127856031"
"2026-08-04 11:17:37.592 +07:00","4831.242","HOT_SWEEP_70","70","0.127767771"
"2026-08-04 11:17:38.293 +07:00","4831.943","HOT_SWEEP_70","70","0.127904877"
"2026-08-04 11:17:38.999 +07:00","4832.639","HOT_SWEEP_70","70","0.128024161"
"2026-08-04 11:17:39.696 +07:00","4833.345","HOT_SWEEP_70","70","0.128026441"
"2026-08-04 11:17:40.397 +07:00","4834.048","HOT_SWEEP_70","70","0.127662495"
"2026-08-04 11:17:41.115 +07:00","4834.765","HOT_SWEEP_70","70","0.127483279"
"2026-08-04 11:17:41.818 +07:00","4835.467","HOT_SWEEP_70","70","0.127680093"
"2026-08-04 11:17:42.517 +07:00","4836.169","HOT_SWEEP_70","70","0.12714301"
"2026-08-04 11:17:43.230 +07:00","4836.872","HOT_SWEEP_70","70","0.127116442"
"2026-08-04 11:17:43.927 +07:00","4837.576","HOT_SWEEP_70","70","0.127221808"
"2026-08-04 11:17:44.628 +07:00","4838.276","HOT_SWEEP_70","70","0.126894295"
"2026-08-04 11:17:45.332 +07:00","4838.981","HOT_SWEEP_70","70","0.126910105"
"2026-08-04 11:17:46.033 +07:00","4839.68","HOT_SWEEP_70","70","0.127154469"
"2026-08-04 11:17:46.730 +07:00","4840.381","HOT_SWEEP_70","70","0.127284795"
"2026-08-04 11:17:47.439 +07:00","4841.08","HOT_SWEEP_70","70","0.127539441"
"2026-08-04 11:17:48.140 +07:00","4841.79","HOT_SWEEP_70","70","0.127664968"
"2026-08-04 11:17:48.840 +07:00","4842.49","HOT_SWEEP_70","70","0.127850428"
"2026-08-04 11:17:49.539 +07:00","4843.191","HOT_SWEEP_70","70","0.128100961"
"2026-08-04 11:17:50.230 +07:00","4843.881","HOT_SWEEP_70","70","0.128149569"
"2026-08-04 11:17:50.930 +07:00","4844.581","HOT_SWEEP_70","70","0.128455743"
"2026-08-04 11:17:51.630 +07:00","4845.271","HOT_SWEEP_70","70","0.128586501"
"2026-08-04 11:17:52.329 +07:00","4845.98","HOT_SWEEP_70","70","0.128667399"
"2026-08-04 11:17:53.019 +07:00","4846.661","HOT_SWEEP_70","70","0.128641158"
"2026-08-04 11:17:53.700 +07:00","4847.354","HOT_SWEEP_70","70","0.128562763"
"2026-08-04 11:17:54.392 +07:00","4848.041","HOT_SWEEP_70","70","0.128496826"
"2026-08-04 11:17:55.109 +07:00","4848.761","HOT_SWEEP_70","70","0.128554493"
"2026-08-04 11:17:55.807 +07:00","4849.455","HOT_SWEEP_70","70","0.128129646"
"2026-08-04 11:17:56.508 +07:00","4850.156","HOT_SWEEP_70","70","0.128246278"
"2026-08-04 11:17:57.209 +07:00","4850.861","HOT_SWEEP_70","70","0.128223151"
"2026-08-04 11:17:57.910 +07:00","4851.561","HOT_SWEEP_70","70","0.127816588"
"2026-08-04 11:17:58.609 +07:00","4852.257","HOT_SWEEP_70","70","0.127864465"
"2026-08-04 11:17:59.301 +07:00","4852.951","HOT_SWEEP_70","70","0.127682358"
"2026-08-04 11:18:00.002 +07:00","4853.651","HOT_SWEEP_70","70","0.12737377"
"2026-08-04 11:18:00.696 +07:00","4854.346","HOT_SWEEP_70","70","0.127131656"
"2026-08-04 11:18:01.393 +07:00","4855.043","HOT_SWEEP_70","70","0.126882628"
"2026-08-04 11:18:02.105 +07:00","4855.758","HOT_SWEEP_70","70","0.126733348"
"2026-08-04 11:18:02.800 +07:00","4856.451","HOT_SWEEP_70","70","0.126605153"
"2026-08-04 11:18:03.492 +07:00","4857.144","HOT_SWEEP_70","70","0.12637043"
"2026-08-04 11:18:04.193 +07:00","4857.846","HOT_SWEEP_70","70","0.126215711"
"2026-08-04 11:18:04.895 +07:00","4858.54","HOT_SWEEP_70","70","0.125962287"
"2026-08-04 11:18:05.602 +07:00","4859.245","HOT_SWEEP_70","70","0.125933602"
"2026-08-04 11:18:06.319 +07:00","4859.954","HOT_SWEEP_70","70","0.125637621"
"2026-08-04 11:18:07.018 +07:00","4860.663","HOT_SWEEP_70","70","0.125436932"
"2026-08-04 11:18:07.715 +07:00","4861.363","HOT_SWEEP_70","70","0.125377357"
"2026-08-04 11:18:08.409 +07:00","4862.068","HOT_SWEEP_70","70","0.125467494"
"2026-08-04 11:18:09.118 +07:00","4862.763","HOT_SWEEP_70","70","0.125330478"
"2026-08-04 11:18:09.822 +07:00","4863.472","HOT_SWEEP_70","70","0.125452489"
"2026-08-04 11:18:10.514 +07:00","4864.162","HOT_SWEEP_70","70","0.125735298"
"2026-08-04 11:18:11.220 +07:00","4864.869","HOT_SWEEP_70","70","0.125742942"
"2026-08-04 11:18:11.916 +07:00","4865.561","HOT_SWEEP_70","70","0.125906959"
"2026-08-04 11:18:12.618 +07:00","4866.26","HOT_SWEEP_70","70","0.125993013"
"2026-08-04 11:18:13.318 +07:00","4866.959","HOT_SWEEP_70","70","0.126138359"
"2026-08-04 11:18:14.026 +07:00","4867.675","HOT_SWEEP_70","70","0.12620613"
"2026-08-04 11:18:14.729 +07:00","4868.378","HOT_SWEEP_70","70","0.126044631"
"2026-08-04 11:18:15.435 +07:00","4869.087","HOT_SWEEP_70","70","0.125933498"
"2026-08-04 11:18:16.146 +07:00","4869.791","HOT_SWEEP_70","70","0.126191944"
"2026-08-04 11:18:16.848 +07:00","4870.493","HOT_SWEEP_70","70","0.126226187"
"2026-08-04 11:18:17.562 +07:00","4871.207","HOT_SWEEP_70","70","0.125775546"
"2026-08-04 11:18:18.263 +07:00","4871.912","HOT_SWEEP_70","70","0.12596859"
"2026-08-04 11:18:18.966 +07:00","4872.603","HOT_SWEEP_70","70","0.125859305"
"2026-08-04 11:18:19.664 +07:00","4873.305","HOT_SWEEP_70","70","0.125672221"
"2026-08-04 11:18:20.366 +07:00","4874.011","HOT_SWEEP_70","70","0.125651881"
"2026-08-04 11:18:21.070 +07:00","4874.706","HOT_SWEEP_70","70","0.125651926"
"2026-08-04 11:18:21.764 +07:00","4875.409","HOT_SWEEP_70","70","0.125740543"
"2026-08-04 11:18:22.466 +07:00","4876.114","HOT_SWEEP_70","70","0.125459701"
"2026-08-04 11:18:23.163 +07:00","4876.824","HOT_SWEEP_70","70","0.125377238"
"2026-08-04 11:18:23.883 +07:00","4877.538","HOT_SWEEP_70","70","0.125430673"
"2026-08-04 11:18:24.591 +07:00","4878.236","HOT_SWEEP_70","70","0.124931537"
"2026-08-04 11:18:25.292 +07:00","4878.937","HOT_SWEEP_70","70","0.124862351"
"2026-08-04 11:18:25.994 +07:00","4879.639","HOT_SWEEP_70","70","0.125112057"
"2026-08-04 11:18:26.693 +07:00","4880.338","HOT_SWEEP_70","70","0.12484616"
"2026-08-04 11:18:27.376 +07:00","4881.022","HOT_SWEEP_70","70","0.124820903"
"2026-08-04 11:18:28.075 +07:00","4881.72","HOT_SWEEP_70","70","0.124975085"
"2026-08-04 11:18:28.790 +07:00","4882.427","HOT_SWEEP_70","70","0.124978326"
"2026-08-04 11:18:29.489 +07:00","4883.134","HOT_SWEEP_70","70","0.125074297"
"2026-08-04 11:18:30.217 +07:00","4883.872","HOT_SWEEP_70","70","0.125234008"
"2026-08-04 11:18:30.908 +07:00","4884.553","HOT_SWEEP_70","70","0.125420481"
"2026-08-04 11:18:31.593 +07:00","4885.238","HOT_SWEEP_70","70","0.125514194"
"2026-08-04 11:18:32.293 +07:00","4885.934","HOT_SWEEP_70","70","0.125437856"
"2026-08-04 11:18:32.990 +07:00","4886.639","HOT_SWEEP_70","70","0.125524968"
"2026-08-04 11:18:33.688 +07:00","4887.333","HOT_SWEEP_70","70","0.125499025"
"2026-08-04 11:18:34.389 +07:00","4888.034","HOT_SWEEP_70","70","0.125366479"
"2026-08-04 11:18:35.103 +07:00","4888.74","HOT_SWEEP_70","70","0.125394881"
"2026-08-04 11:18:35.797 +07:00","4889.454","HOT_SWEEP_70","70","0.125363857"
"2026-08-04 11:18:36.478 +07:00","4890.139","HOT_SWEEP_70","70","0.124997079"
"2026-08-04 11:18:37.189 +07:00","4890.835","HOT_SWEEP_70","70","0.124970362"
"2026-08-04 11:18:37.894 +07:00","4891.541","HOT_SWEEP_70","70","0.124334536"
"2026-08-04 11:18:38.589 +07:00","4892.235","HOT_SWEEP_70","70","0.124427773"
"2026-08-04 11:18:39.287 +07:00","4892.932","HOT_SWEEP_70","70","0.124458589"
"2026-08-04 11:18:39.988 +07:00","4893.633","HOT_SWEEP_70","70","0.124020681"
"2026-08-04 11:18:40.683 +07:00","4894.316","HOT_SWEEP_70","70","0.123957731"
"2026-08-04 11:18:41.386 +07:00","4895.031","HOT_SWEEP_70","70","0.12389233"
"2026-08-04 11:18:42.091 +07:00","4895.731","HOT_SWEEP_70","70","0.123700581"
"2026-08-04 11:18:42.787 +07:00","4896.43","HOT_SWEEP_70","70","0.123700872"
"2026-08-04 11:18:43.493 +07:00","4897.136","HOT_SWEEP_70","70","0.123724267"
"2026-08-04 11:18:44.198 +07:00","4897.859","HOT_SWEEP_70","70","0.123337708"
"2026-08-04 11:18:44.900 +07:00","4898.545","HOT_SWEEP_70","70","0.123691753"
"2026-08-04 11:18:45.605 +07:00","4899.251","HOT_SWEEP_70","70","0.123303667"
"2026-08-04 11:18:46.290 +07:00","4899.949","HOT_SWEEP_70","70","0.123321928"
"2026-08-04 11:18:46.982 +07:00","4900.629","HOT_SWEEP_70","70","0.123372056"
"2026-08-04 11:18:47.681 +07:00","4901.326","HOT_SWEEP_70","70","0.123350695"
"2026-08-04 11:18:48.384 +07:00","4902.029","HOT_SWEEP_70","70","0.12334837"
"2026-08-04 11:18:49.080 +07:00","4902.726","HOT_SWEEP_70","70","0.123113431"
"2026-08-04 11:18:49.781 +07:00","4903.418","HOT_SWEEP_70","70","0.123089433"
"2026-08-04 11:18:50.471 +07:00","4904.126","HOT_SWEEP_70","70","0.123406015"
"2026-08-04 11:18:51.220 +07:00","4904.842","HOT_SWEEP_70","70","0.123538449"
"2026-08-04 11:18:51.901 +07:00","4905.562","HOT_SWEEP_70","70","0.123474166"
"2026-08-04 11:18:52.596 +07:00","4906.249","HOT_SWEEP_70","70","0.123440169"
"2026-08-04 11:18:53.280 +07:00","4906.941","HOT_SWEEP_70","70","0.123323821"
"2026-08-04 11:18:53.990 +07:00","4907.641","HOT_SWEEP_70","70","0.123266593"
"2026-08-04 11:18:54.664 +07:00","4908.325","HOT_SWEEP_70","70","0.12311013"
"2026-08-04 11:18:55.365 +07:00","4909.007","HOT_SWEEP_70","70","0.123158552"
"2026-08-04 11:18:56.065 +07:00","4909.712","HOT_SWEEP_70","70","0.123278163"
"2026-08-04 11:18:56.760 +07:00","4910.411","HOT_SWEEP_70","70","0.123201236"
"2026-08-04 11:18:57.462 +07:00","4911.107","HOT_SWEEP_70","70","0.123179674"
"2026-08-04 11:18:58.176 +07:00","4911.822","HOT_SWEEP_70","70","0.122983314"
"2026-08-04 11:18:58.879 +07:00","4912.528","HOT_SWEEP_70","70","0.122776464"
"2026-08-04 11:18:59.564 +07:00","4913.216","HOT_SWEEP_70","70","0.123444378"
"2026-08-04 11:19:00.271 +07:00","4913.91","HOT_SWEEP_70","70","0.123465084"
"2026-08-04 11:19:00.984 +07:00","4914.629","HOT_SWEEP_70","70","0.123322032"
"2026-08-04 11:19:01.676 +07:00","4915.321","HOT_SWEEP_70","70","0.12377546"
"2026-08-04 11:19:02.376 +07:00","4916.019","HOT_SWEEP_70","70","0.123690225"
"2026-08-04 11:19:03.059 +07:00","4916.704","HOT_SWEEP_70","70","0.123535708"
"2026-08-04 11:19:03.762 +07:00","4917.411","HOT_SWEEP_70","70","0.123478271"
"2026-08-04 11:19:04.465 +07:00","4918.107","HOT_SWEEP_70","70","0.12335559"
"2026-08-04 11:19:05.193 +07:00","4918.839","HOT_SWEEP_70","70","0.123272575"
"2026-08-04 11:19:05.918 +07:00","4919.557","HOT_SWEEP_70","70","0.123204663"
"2026-08-04 11:19:06.622 +07:00","4920.272","HOT_SWEEP_70","70","0.122725889"
"2026-08-04 11:19:07.322 +07:00","4920.964","HOT_SWEEP_70","70","0.122612819"
"2026-08-04 11:19:08.019 +07:00","4921.672","HOT_SWEEP_70","70","0.122959748"
"2026-08-04 11:19:08.722 +07:00","4922.37","HOT_SWEEP_70","70","0.122663639"
"2026-08-04 11:19:09.406 +07:00","4923.051","HOT_SWEEP_70","70","0.122605659"
"2026-08-04 11:19:10.098 +07:00","4923.753","HOT_SWEEP_70","70","0.122828901"
"2026-08-04 11:19:10.797 +07:00","4924.444","HOT_SWEEP_70","70","0.122842886"
"2026-08-04 11:19:11.503 +07:00","4925.148","HOT_SWEEP_70","70","0.122689739"
"2026-08-04 11:19:12.231 +07:00","4925.876","HOT_SWEEP_70","70","0.122902885"
"2026-08-04 11:19:12.930 +07:00","4926.576","HOT_SWEEP_70","70","0.123256348"
"2026-08-04 11:19:13.629 +07:00","4927.282","HOT_SWEEP_70","70","0.123390272"
"2026-08-04 11:19:14.327 +07:00","4927.978","HOT_SWEEP_70","70","0.123450242"
"2026-08-04 11:19:15.019 +07:00","4928.666","HOT_SWEEP_70","70","0.123694733"
"2026-08-04 11:19:15.708 +07:00","4929.356","HOT_SWEEP_70","70","0.123624131"
"2026-08-04 11:19:16.398 +07:00","4930.046","HOT_SWEEP_70","70","0.123826906"
"2026-08-04 11:19:17.106 +07:00","4930.754","HOT_SWEEP_70","70","0.12388368"
"2026-08-04 11:19:17.809 +07:00","4931.46","HOT_SWEEP_70","70","0.123990476"
"2026-08-04 11:19:18.512 +07:00","4932.162","HOT_SWEEP_70","70","0.123880312"
"2026-08-04 11:19:19.236 +07:00","4932.881","HOT_SWEEP_70","70","0.123981878"
"2026-08-04 11:19:19.935 +07:00","4933.568","HOT_SWEEP_70","70","0.123955801"
"2026-08-04 11:19:20.624 +07:00","4934.275","HOT_SWEEP_70","70","0.123724483"
"2026-08-04 11:19:21.316 +07:00","4934.963","HOT_SWEEP_70","70","0.123722091"
"2026-08-04 11:19:22.012 +07:00","4935.665","HOT_SWEEP_70","70","0.123374082"
"2026-08-04 11:19:22.699 +07:00","4936.36","HOT_SWEEP_70","70","0.123410389"
"2026-08-04 11:19:23.394 +07:00","4937.056","HOT_SWEEP_70","70","0.123287596"
"2026-08-04 11:19:24.110 +07:00","4937.757","HOT_SWEEP_70","70","0.123039261"
"2026-08-04 11:19:24.808 +07:00","4938.453","HOT_SWEEP_70","70","0.122934625"
"2026-08-04 11:19:25.503 +07:00","4939.151","HOT_SWEEP_70","70","0.122703001"
"2026-08-04 11:19:26.200 +07:00","4939.846","HOT_SWEEP_70","70","0.122578539"
"2026-08-04 11:19:26.899 +07:00","4940.537","HOT_SWEEP_70","70","0.122279406"
"2026-08-04 11:19:27.603 +07:00","4941.245","HOT_SWEEP_70","70","0.122555256"
"2026-08-04 11:19:28.315 +07:00","4941.961","HOT_SWEEP_70","70","0.122256711"
"2026-08-04 11:19:29.025 +07:00","4942.676","HOT_SWEEP_70","70","0.122135796"
"2026-08-04 11:19:29.731 +07:00","4943.372","HOT_SWEEP_70","70","0.122033194"
"2026-08-04 11:19:30.421 +07:00","4944.082","HOT_SWEEP_70","70","0.12206085"
"2026-08-04 11:19:31.095 +07:00","4944.756","HOT_SWEEP_70","70","0.122390807"
"2026-08-04 11:19:31.808 +07:00","4945.455","HOT_SWEEP_70","70","0.122445062"
"2026-08-04 11:19:32.518 +07:00","4946.163","HOT_SWEEP_70","70","0.123097375"
"2026-08-04 11:19:33.225 +07:00","4946.876","HOT_SWEEP_70","70","0.12313547"
"2026-08-04 11:19:33.916 +07:00","4947.569","HOT_SWEEP_70","70","0.123759009"
"2026-08-04 11:19:34.615 +07:00","4948.25","HOT_SWEEP_70","70","0.123782441"
"2026-08-04 11:19:35.313 +07:00","4948.962","HOT_SWEEP_70","70","0.124123678"
"2026-08-04 11:19:36.001 +07:00","4949.651","HOT_SWEEP_70","70","0.124377415"
"2026-08-04 11:19:36.711 +07:00","4950.342","HOT_SWEEP_70","70","0.124693848"
"2026-08-04 11:19:37.410 +07:00","4951.062","HOT_SWEEP_70","70","0.124864541"
"2026-08-04 11:19:38.107 +07:00","4951.751","HOT_SWEEP_70","70","0.12479715"
"2026-08-04 11:19:38.801 +07:00","4952.452","HOT_SWEEP_70","70","0.124828085"
"2026-08-04 11:19:39.494 +07:00","4953.141","HOT_SWEEP_70","70","0.124851942"
"2026-08-04 11:19:40.202 +07:00","4953.852","HOT_SWEEP_70","70","0.125029385"
"2026-08-04 11:19:40.931 +07:00","4954.556","HOT_SWEEP_70","70","0.124584481"
"2026-08-04 11:19:41.640 +07:00","4955.283","HOT_SWEEP_70","70","0.124779105"
"2026-08-04 11:19:42.336 +07:00","4955.982","HOT_SWEEP_70","70","0.124659315"
"2026-08-04 11:19:43.076 +07:00","4956.696","HOT_SWEEP_70","70","0.124688789"
"2026-08-04 11:19:43.801 +07:00","4957.436","HOT_SWEEP_70","70","0.124659322"
"2026-08-04 11:19:44.500 +07:00","4958.154","HOT_SWEEP_70","70","0.124213472"
"2026-08-04 11:19:45.190 +07:00","4958.845","HOT_SWEEP_70","70","0.124751225"
"2026-08-04 11:19:45.901 +07:00","4959.552","HOT_SWEEP_70","70","0.12498039"
"2026-08-04 11:19:46.601 +07:00","4960.251","HOT_SWEEP_70","70","0.1240867"
"2026-08-04 11:19:47.312 +07:00","4960.962","HOT_SWEEP_70","70","0.124357916"
"2026-08-04 11:19:48.011 +07:00","4961.664","HOT_SWEEP_70","70","0.124662921"
"2026-08-04 11:19:48.707 +07:00","4962.365","HOT_SWEEP_70","70","0.123843864"
"2026-08-04 11:19:49.421 +07:00","4963.07","HOT_SWEEP_70","70","0.12418963"
"2026-08-04 11:19:50.119 +07:00","4963.766","HOT_SWEEP_70","70","0.124506816"
"2026-08-04 11:19:50.813 +07:00","4964.458","HOT_SWEEP_70","70","0.124259971"
"2026-08-04 11:19:51.498 +07:00","4965.155","HOT_SWEEP_70","70","0.124492072"
"2026-08-04 11:19:52.196 +07:00","4965.833","HOT_SWEEP_70","70","0.124252185"
"2026-08-04 11:19:52.889 +07:00","4966.535","HOT_SWEEP_70","70","0.124491528"
"2026-08-04 11:19:53.613 +07:00","4967.243","HOT_SWEEP_70","70","0.124728225"
"2026-08-04 11:19:54.323 +07:00","4967.967","HOT_SWEEP_70","70","0.124680139"
"2026-08-04 11:19:55.017 +07:00","4968.678","HOT_SWEEP_70","70","0.124893665"
"2026-08-04 11:19:55.697 +07:00","4969.356","HOT_SWEEP_70","70","0.124995783"
"2026-08-04 11:19:56.395 +07:00","4970.049","HOT_SWEEP_70","70","0.125104755"
"2026-08-04 11:19:57.098 +07:00","4970.743","HOT_SWEEP_70","70","0.125324294"
"2026-08-04 11:19:57.788 +07:00","4971.44","HOT_SWEEP_70","70","0.125562698"
"2026-08-04 11:19:58.498 +07:00","4972.147","HOT_SWEEP_70","70","0.125649422"
"2026-08-04 11:19:59.198 +07:00","4972.847","HOT_SWEEP_70","70","0.125718907"
"2026-08-04 11:20:00.221 +07:00","4973.88","HOT_SWEEP_65","65","0.126794964"
"2026-08-04 11:20:00.911 +07:00","4974.569","HOT_SWEEP_65","65","0.128941625"
"2026-08-04 11:20:01.626 +07:00","4975.285","HOT_SWEEP_65","65","0.129993141"
"2026-08-04 11:20:02.324 +07:00","4975.979","HOT_SWEEP_65","65","0.130207941"
"2026-08-04 11:20:03.014 +07:00","4976.675","HOT_SWEEP_65","65","0.13012585"
"2026-08-04 11:20:03.710 +07:00","4977.368","HOT_SWEEP_65","65","0.129739419"
"2026-08-04 11:20:04.397 +07:00","4978.058","HOT_SWEEP_65","65","0.129031897"
"2026-08-04 11:20:05.079 +07:00","4978.74","HOT_SWEEP_65","65","0.127576262"
"2026-08-04 11:20:05.758 +07:00","4979.419","HOT_SWEEP_65","65","0.126433581"
"2026-08-04 11:20:06.446 +07:00","4980.105","HOT_SWEEP_65","65","0.124891281"
"2026-08-04 11:20:07.125 +07:00","4980.786","HOT_SWEEP_65","65","0.122188315"
"2026-08-04 11:20:07.816 +07:00","4981.477","HOT_SWEEP_65","65","0.118108295"
"2026-08-04 11:20:08.527 +07:00","4982.172","HOT_SWEEP_65","65","0.114628896"
"2026-08-04 11:20:09.203 +07:00","4982.864","HOT_SWEEP_65","65","0.112746298"
"2026-08-04 11:20:09.881 +07:00","4983.542","HOT_SWEEP_65","65","0.110460594"
"2026-08-04 11:20:10.561 +07:00","4984.222","HOT_SWEEP_65","65","0.108019605"
"2026-08-04 11:20:11.243 +07:00","4984.892","HOT_SWEEP_65","65","0.106232919"
"2026-08-04 11:20:11.931 +07:00","4985.592","HOT_SWEEP_65","65","0.105331399"
"2026-08-04 11:20:12.622 +07:00","4986.265","HOT_SWEEP_65","65","0.10329245"
"2026-08-04 11:20:13.314 +07:00","4986.965","HOT_SWEEP_65","65","0.101659104"
"2026-08-04 11:20:14.006 +07:00","4987.665","HOT_SWEEP_65","65","0.101574101"
"2026-08-04 11:20:14.709 +07:00","4988.368","HOT_SWEEP_65","65","0.100117303"
"2026-08-04 11:20:15.421 +07:00","4989.081","HOT_SWEEP_65","65","0.098901182"
"2026-08-04 11:20:16.115 +07:00","4989.774","HOT_SWEEP_65","65","0.098868474"
"2026-08-04 11:20:16.814 +07:00","4990.473","HOT_SWEEP_65","65","0.097928628"
"2026-08-04 11:20:17.503 +07:00","4991.162","HOT_SWEEP_65","65","0.096795008"
"2026-08-04 11:20:18.181 +07:00","4991.842","HOT_SWEEP_65","65","0.096935518"
"2026-08-04 11:20:18.872 +07:00","4992.531","HOT_SWEEP_65","65","0.096667223"
"2026-08-04 11:20:19.555 +07:00","4993.214","HOT_SWEEP_65","65","0.095754422"
"2026-08-04 11:20:20.251 +07:00","4993.911","HOT_SWEEP_65","65","0.095795244"
"2026-08-04 11:20:20.940 +07:00","4994.601","HOT_SWEEP_65","65","0.095497601"
"2026-08-04 11:20:21.621 +07:00","4995.282","HOT_SWEEP_65","65","0.094818369"
"2026-08-04 11:20:22.318 +07:00","4995.979","HOT_SWEEP_65","65","0.094601385"
"2026-08-04 11:20:23.007 +07:00","4996.663","HOT_SWEEP_65","65","0.095101736"
"2026-08-04 11:20:23.707 +07:00","4997.367","HOT_SWEEP_65","65","0.094183542"
"2026-08-04 11:20:24.392 +07:00","4998.053","HOT_SWEEP_65","65","0.093638487"
"2026-08-04 11:20:25.071 +07:00","4998.732","HOT_SWEEP_65","65","0.094201259"
"2026-08-04 11:20:25.761 +07:00","4999.42","HOT_SWEEP_65","65","0.093205847"
"2026-08-04 11:20:26.452 +07:00","5000.113","HOT_SWEEP_65","65","0.092646122"
"2026-08-04 11:20:27.135 +07:00","5000.796","HOT_SWEEP_65","65","0.092976257"
"2026-08-04 11:20:27.830 +07:00","5001.489","HOT_SWEEP_65","65","0.092637882"
"2026-08-04 11:20:28.515 +07:00","5002.176","HOT_SWEEP_65","65","0.092155233"
"2026-08-04 11:20:29.216 +07:00","5002.877","HOT_SWEEP_65","65","0.092372291"
"2026-08-04 11:20:29.912 +07:00","5003.558","HOT_SWEEP_65","65","0.09259741"
"2026-08-04 11:20:30.587 +07:00","5004.248","HOT_SWEEP_65","65","0.092303097"
"2026-08-04 11:20:31.282 +07:00","5004.943","HOT_SWEEP_65","65","0.092450574"
"2026-08-04 11:20:31.955 +07:00","5005.616","HOT_SWEEP_65","65","0.093441412"
"2026-08-04 11:20:32.641 +07:00","5006.302","HOT_SWEEP_65","65","0.093273774"
"2026-08-04 11:20:33.312 +07:00","5006.973","HOT_SWEEP_65","65","0.093711063"
"2026-08-04 11:20:34.011 +07:00","5007.672","HOT_SWEEP_65","65","0.095377594"
"2026-08-04 11:20:34.701 +07:00","5008.361","HOT_SWEEP_65","65","0.095065944"
"2026-08-04 11:20:35.394 +07:00","5009.047","HOT_SWEEP_65","65","0.094964966"
"2026-08-04 11:20:36.072 +07:00","5009.733","HOT_SWEEP_65","65","0.096804656"
"2026-08-04 11:20:36.785 +07:00","5010.444","HOT_SWEEP_65","65","0.096385695"
"2026-08-04 11:20:37.468 +07:00","5011.113","HOT_SWEEP_65","65","0.095839731"
"2026-08-04 11:20:38.150 +07:00","5011.809","HOT_SWEEP_65","65","0.097235635"
"2026-08-04 11:20:38.845 +07:00","5012.506","HOT_SWEEP_65","65","0.096987613"
"2026-08-04 11:20:39.529 +07:00","5013.19","HOT_SWEEP_65","65","0.096555203"
"2026-08-04 11:20:40.217 +07:00","5013.876","HOT_SWEEP_65","65","0.097095497"
"2026-08-04 11:20:40.900 +07:00","5014.545","HOT_SWEEP_65","65","0.096895292"
"2026-08-04 11:20:41.592 +07:00","5015.253","HOT_SWEEP_65","65","0.096492454"
"2026-08-04 11:20:42.283 +07:00","5015.93","HOT_SWEEP_65","65","0.096820064"
"2026-08-04 11:20:42.970 +07:00","5016.631","HOT_SWEEP_65","65","0.097433098"
"2026-08-04 11:20:43.649 +07:00","5017.299","HOT_SWEEP_65","65","0.097481944"
"2026-08-04 11:20:44.342 +07:00","5017.998","HOT_SWEEP_65","65","0.097619079"
"2026-08-04 11:20:45.025 +07:00","5018.67","HOT_SWEEP_65","65","0.098549463"
"2026-08-04 11:20:45.717 +07:00","5019.377","HOT_SWEEP_65","65","0.098326772"
"2026-08-04 11:20:46.411 +07:00","5020.07","HOT_SWEEP_65","65","0.097810544"
"2026-08-04 11:20:47.094 +07:00","5020.755","HOT_SWEEP_65","65","0.099038199"
"2026-08-04 11:20:47.788 +07:00","5021.447","HOT_SWEEP_65","65","0.099162623"
"2026-08-04 11:20:48.481 +07:00","5022.141","HOT_SWEEP_65","65","0.09869989"
"2026-08-04 11:20:49.174 +07:00","5022.835","HOT_SWEEP_65","65","0.099910878"
"2026-08-04 11:20:49.881 +07:00","5023.54","HOT_SWEEP_65","65","0.100069031"
"2026-08-04 11:20:50.566 +07:00","5024.223","HOT_SWEEP_65","65","0.09918388"
"2026-08-04 11:20:51.257 +07:00","5024.915","HOT_SWEEP_65","65","0.099909589"
"2026-08-04 11:20:51.957 +07:00","5025.613","HOT_SWEEP_65","65","0.100436509"
"2026-08-04 11:20:52.652 +07:00","5026.313","HOT_SWEEP_65","65","0.100123681"
"2026-08-04 11:20:53.346 +07:00","5027.003","HOT_SWEEP_65","65","0.100351892"
"2026-08-04 11:20:54.025 +07:00","5027.686","HOT_SWEEP_65","65","0.100885168"
"2026-08-04 11:20:54.721 +07:00","5028.38","HOT_SWEEP_65","65","0.100560859"
"2026-08-04 11:20:55.402 +07:00","5029.053","HOT_SWEEP_65","65","0.100365281"
"2026-08-04 11:20:56.094 +07:00","5029.753","HOT_SWEEP_65","65","0.10101001"
"2026-08-04 11:20:56.814 +07:00","5030.472","HOT_SWEEP_65","65","0.100384071"
"2026-08-04 11:20:57.500 +07:00","5031.155","HOT_SWEEP_65","65","0.100304961"
"2026-08-04 11:20:58.184 +07:00","5031.845","HOT_SWEEP_65","65","0.100988768"
"2026-08-04 11:20:58.874 +07:00","5032.532","HOT_SWEEP_65","65","0.100904465"
"2026-08-04 11:20:59.555 +07:00","5033.216","HOT_SWEEP_65","65","0.100718737"
"2026-08-04 11:21:00.257 +07:00","5033.916","HOT_SWEEP_65","65","0.101375856"
"2026-08-04 11:21:00.956 +07:00","5034.612","HOT_SWEEP_65","65","0.101904944"
"2026-08-04 11:21:01.637 +07:00","5035.295","HOT_SWEEP_65","65","0.101540722"
"2026-08-04 11:21:02.335 +07:00","5035.994","HOT_SWEEP_65","65","0.101824842"
"2026-08-04 11:21:03.022 +07:00","5036.68","HOT_SWEEP_65","65","0.102631673"
"2026-08-04 11:21:03.737 +07:00","5037.396","HOT_SWEEP_65","65","0.102319971"
"2026-08-04 11:21:04.424 +07:00","5038.085","HOT_SWEEP_65","65","0.102397703"
"2026-08-04 11:21:05.104 +07:00","5038.765","HOT_SWEEP_65","65","0.103304066"
"2026-08-04 11:21:05.794 +07:00","5039.455","HOT_SWEEP_65","65","0.103144981"
"2026-08-04 11:21:06.485 +07:00","5040.146","HOT_SWEEP_65","65","0.103020325"
"2026-08-04 11:21:07.168 +07:00","5040.829","HOT_SWEEP_65","65","0.10411898"
"2026-08-04 11:21:07.862 +07:00","5041.515","HOT_SWEEP_65","65","0.103818633"
"2026-08-04 11:21:08.549 +07:00","5042.203","HOT_SWEEP_65","65","0.103771165"
"2026-08-04 11:21:09.234 +07:00","5042.895","HOT_SWEEP_65","65","0.104968786"
"2026-08-04 11:21:09.924 +07:00","5043.578","HOT_SWEEP_65","65","0.104923248"
"2026-08-04 11:21:10.618 +07:00","5044.277","HOT_SWEEP_65","65","0.104951061"
"2026-08-04 11:21:11.318 +07:00","5044.977","HOT_SWEEP_65","65","0.105236337"
"2026-08-04 11:21:12.006 +07:00","5045.665","HOT_SWEEP_65","65","0.106088005"
"2026-08-04 11:21:12.696 +07:00","5046.355","HOT_SWEEP_65","65","0.105880067"
"2026-08-04 11:21:13.383 +07:00","5047.045","HOT_SWEEP_65","65","0.105787136"
"2026-08-04 11:21:14.084 +07:00","5047.741","HOT_SWEEP_65","65","0.106790103"
"2026-08-04 11:21:14.769 +07:00","5048.429","HOT_SWEEP_65","65","0.106727675"
"2026-08-04 11:21:15.455 +07:00","5049.115","HOT_SWEEP_65","65","0.106663212"
"2026-08-04 11:21:16.134 +07:00","5049.795","HOT_SWEEP_65","65","0.107645474"
"2026-08-04 11:21:16.825 +07:00","5050.483","HOT_SWEEP_65","65","0.10760615"
"2026-08-04 11:21:17.534 +07:00","5051.195","HOT_SWEEP_65","65","0.107378043"
"2026-08-04 11:21:18.218 +07:00","5051.875","HOT_SWEEP_65","65","0.10851185"
"2026-08-04 11:21:18.914 +07:00","5052.575","HOT_SWEEP_65","65","0.108645715"
"2026-08-04 11:21:19.608 +07:00","5053.269","HOT_SWEEP_65","65","0.108058728"
"2026-08-04 11:21:20.294 +07:00","5053.945","HOT_SWEEP_65","65","0.108609699"
"2026-08-04 11:21:20.985 +07:00","5054.646","HOT_SWEEP_65","65","0.108978353"
"2026-08-04 11:21:21.674 +07:00","5055.325","HOT_SWEEP_65","65","0.108614162"
"2026-08-04 11:21:22.358 +07:00","5056.015","HOT_SWEEP_65","65","0.108638465"
"2026-08-04 11:21:23.040 +07:00","5056.698","HOT_SWEEP_65","65","0.109338008"
"2026-08-04 11:21:23.740 +07:00","5057.4","HOT_SWEEP_65","65","0.10880585"
"2026-08-04 11:21:24.440 +07:00","5058.085","HOT_SWEEP_65","65","0.108545437"
"2026-08-04 11:21:25.125 +07:00","5058.786","HOT_SWEEP_65","65","0.109439537"
"2026-08-04 11:21:25.821 +07:00","5059.478","HOT_SWEEP_65","65","0.109013595"
"2026-08-04 11:21:26.517 +07:00","5060.176","HOT_SWEEP_65","65","0.108773395"
"2026-08-04 11:21:27.207 +07:00","5060.868","HOT_SWEEP_65","65","0.10942664"
"2026-08-04 11:21:27.881 +07:00","5061.542","HOT_SWEEP_65","65","0.109121524"
"2026-08-04 11:21:28.577 +07:00","5062.228","HOT_SWEEP_65","65","0.108607307"
"2026-08-04 11:21:29.257 +07:00","5062.914","HOT_SWEEP_65","65","0.109184884"
"2026-08-04 11:21:29.957 +07:00","5063.618","HOT_SWEEP_65","65","0.109509148"
"2026-08-04 11:21:30.641 +07:00","5064.3","HOT_SWEEP_65","65","0.109308645"
"2026-08-04 11:21:31.337 +07:00","5064.988","HOT_SWEEP_65","65","0.109497383"
"2026-08-04 11:21:32.027 +07:00","5065.688","HOT_SWEEP_65","65","0.110188186"
"2026-08-04 11:21:32.716 +07:00","5066.373","HOT_SWEEP_65","65","0.109654263"
"2026-08-04 11:21:33.400 +07:00","5067.058","HOT_SWEEP_65","65","0.109632984"
"2026-08-04 11:21:34.087 +07:00","5067.748","HOT_SWEEP_65","65","0.110976174"
"2026-08-04 11:21:34.780 +07:00","5068.442","HOT_SWEEP_65","65","0.110627137"
"2026-08-04 11:21:35.476 +07:00","5069.135","HOT_SWEEP_65","65","0.11047478"
"2026-08-04 11:21:36.169 +07:00","5069.826","HOT_SWEEP_65","65","0.111614227"
"2026-08-04 11:21:36.857 +07:00","5070.515","HOT_SWEEP_65","65","0.111148097"
"2026-08-04 11:21:37.549 +07:00","5071.21","HOT_SWEEP_65","65","0.11074917"
"2026-08-04 11:21:38.233 +07:00","5071.894","HOT_SWEEP_65","65","0.111550167"
"2026-08-04 11:21:38.918 +07:00","5072.579","HOT_SWEEP_65","65","0.111173764"
"2026-08-04 11:21:39.610 +07:00","5073.271","HOT_SWEEP_65","65","0.110996522"
"2026-08-04 11:21:40.297 +07:00","5073.958","HOT_SWEEP_65","65","0.111433245"
"2026-08-04 11:21:41.004 +07:00","5074.654","HOT_SWEEP_65","65","0.111867368"
"2026-08-04 11:21:41.685 +07:00","5075.344","HOT_SWEEP_65","65","0.111602619"
"2026-08-04 11:21:42.371 +07:00","5076.032","HOT_SWEEP_65","65","0.111579895"
"2026-08-04 11:21:43.055 +07:00","5076.71","HOT_SWEEP_65","65","0.112250291"
"2026-08-04 11:21:43.731 +07:00","5077.393","HOT_SWEEP_65","65","0.111896358"
"2026-08-04 11:21:44.410 +07:00","5078.071","HOT_SWEEP_65","65","0.111505829"
"2026-08-04 11:21:45.131 +07:00","5078.784","HOT_SWEEP_65","65","0.113021336"
"2026-08-04 11:21:45.813 +07:00","5079.474","HOT_SWEEP_65","65","0.11292088"
"2026-08-04 11:21:46.505 +07:00","5080.166","HOT_SWEEP_65","65","0.112113163"
"2026-08-04 11:21:47.197 +07:00","5080.842","HOT_SWEEP_65","65","0.113229886"
"2026-08-04 11:21:47.881 +07:00","5081.542","HOT_SWEEP_65","65","0.112928033"
"2026-08-04 11:21:48.564 +07:00","5082.224","HOT_SWEEP_65","65","0.112444699"
"2026-08-04 11:21:49.250 +07:00","5082.911","HOT_SWEEP_65","65","0.113446221"
"2026-08-04 11:21:49.930 +07:00","5083.591","HOT_SWEEP_65","65","0.113764778"
"2026-08-04 11:21:50.613 +07:00","5084.272","HOT_SWEEP_65","65","0.113192633"
"2026-08-04 11:21:51.279 +07:00","5084.94","HOT_SWEEP_65","65","0.113942266"
"2026-08-04 11:21:51.982 +07:00","5085.643","HOT_SWEEP_65","65","0.114478946"
"2026-08-04 11:21:52.679 +07:00","5086.34","HOT_SWEEP_65","65","0.113657735"
"2026-08-04 11:21:53.368 +07:00","5087.027","HOT_SWEEP_65","65","0.113903701"
"2026-08-04 11:21:54.068 +07:00","5087.727","HOT_SWEEP_65","65","0.11486771"
"2026-08-04 11:21:54.742 +07:00","5088.403","HOT_SWEEP_65","65","0.114141263"
"2026-08-04 11:21:55.426 +07:00","5089.087","HOT_SWEEP_65","65","0.113786519"
"2026-08-04 11:21:56.115 +07:00","5089.776","HOT_SWEEP_65","65","0.114595905"
"2026-08-04 11:21:56.800 +07:00","5090.453","HOT_SWEEP_65","65","0.11385566"
"2026-08-04 11:21:57.483 +07:00","5091.142","HOT_SWEEP_65","65","0.113410734"
"2026-08-04 11:21:58.157 +07:00","5091.818","HOT_SWEEP_65","65","0.114285134"
"2026-08-04 11:21:58.859 +07:00","5092.52","HOT_SWEEP_65","65","0.113643929"
"2026-08-04 11:21:59.543 +07:00","5093.204","HOT_SWEEP_65","65","0.113163546"
"2026-08-04 11:22:00.239 +07:00","5093.896","HOT_SWEEP_65","65","0.114292167"
"2026-08-04 11:22:00.920 +07:00","5094.58","HOT_SWEEP_65","65","0.1144014"
"2026-08-04 11:22:01.610 +07:00","5095.265","HOT_SWEEP_65","65","0.11372032"
"2026-08-04 11:22:02.295 +07:00","5095.954","HOT_SWEEP_65","65","0.114399388"
"2026-08-04 11:22:02.978 +07:00","5096.638","HOT_SWEEP_65","65","0.115102828"
"2026-08-04 11:22:03.678 +07:00","5097.337","HOT_SWEEP_65","65","0.114699043"
"2026-08-04 11:22:04.359 +07:00","5098.018","HOT_SWEEP_65","65","0.114655398"
"2026-08-04 11:22:05.043 +07:00","5098.702","HOT_SWEEP_65","65","0.115799904"
"2026-08-04 11:22:05.744 +07:00","5099.403","HOT_SWEEP_65","65","0.114835285"
"2026-08-04 11:22:06.442 +07:00","5100.101","HOT_SWEEP_65","65","0.114684716"
"2026-08-04 11:22:07.125 +07:00","5100.785","HOT_SWEEP_65","65","0.115482375"
"2026-08-04 11:22:07.809 +07:00","5101.468","HOT_SWEEP_65","65","0.114735648"
"2026-08-04 11:22:08.496 +07:00","5102.152","HOT_SWEEP_65","65","0.114530459"
"2026-08-04 11:22:09.192 +07:00","5102.851","HOT_SWEEP_65","65","0.115688398"
"2026-08-04 11:22:09.873 +07:00","5103.532","HOT_SWEEP_65","65","0.115333557"
"2026-08-04 11:22:10.574 +07:00","5104.233","HOT_SWEEP_65","65","0.115084171"
"2026-08-04 11:22:11.270 +07:00","5104.931","HOT_SWEEP_65","65","0.116312884"
"2026-08-04 11:22:11.951 +07:00","5105.612","HOT_SWEEP_65","65","0.116249144"
"2026-08-04 11:22:12.663 +07:00","5106.321","HOT_SWEEP_65","65","0.116038524"
"2026-08-04 11:22:13.343 +07:00","5107.002","HOT_SWEEP_65","65","0.116394781"
"2026-08-04 11:22:14.041 +07:00","5107.699","HOT_SWEEP_65","65","0.117099203"
"2026-08-04 11:22:14.728 +07:00","5108.387","HOT_SWEEP_65","65","0.116799608"
"2026-08-04 11:22:15.414 +07:00","5109.075","HOT_SWEEP_65","65","0.116701044"
"2026-08-04 11:22:16.098 +07:00","5109.759","HOT_SWEEP_65","65","0.117269918"
"2026-08-04 11:22:16.782 +07:00","5110.443","HOT_SWEEP_65","65","0.117054738"
"2026-08-04 11:22:17.466 +07:00","5111.127","HOT_SWEEP_65","65","0.116360508"
"2026-08-04 11:22:18.159 +07:00","5111.818","HOT_SWEEP_65","65","0.116981611"
"2026-08-04 11:22:18.853 +07:00","5112.513","HOT_SWEEP_65","65","0.116706833"
"2026-08-04 11:22:19.540 +07:00","5113.194","HOT_SWEEP_65","65","0.116529867"
"2026-08-04 11:22:20.231 +07:00","5113.892","HOT_SWEEP_65","65","0.117654048"
"2026-08-04 11:22:20.922 +07:00","5114.583","HOT_SWEEP_65","65","0.117613494"
"2026-08-04 11:22:21.603 +07:00","5115.264","HOT_SWEEP_65","65","0.117210969"
"2026-08-04 11:22:22.285 +07:00","5115.946","HOT_SWEEP_65","65","0.118108019"
"2026-08-04 11:22:22.964 +07:00","5116.625","HOT_SWEEP_65","65","0.118449628"
"2026-08-04 11:22:23.654 +07:00","5117.313","HOT_SWEEP_65","65","0.117718183"
"2026-08-04 11:22:24.333 +07:00","5117.994","HOT_SWEEP_65","65","0.11820282"
"2026-08-04 11:22:25.027 +07:00","5118.68","HOT_SWEEP_65","65","0.119375467"
"2026-08-04 11:22:25.717 +07:00","5119.377","HOT_SWEEP_65","65","0.118657395"
"2026-08-04 11:22:26.411 +07:00","5120.072","HOT_SWEEP_65","65","0.118517354"
"2026-08-04 11:22:27.094 +07:00","5120.755","HOT_SWEEP_65","65","0.11940024"
"2026-08-04 11:22:27.787 +07:00","5121.441","HOT_SWEEP_65","65","0.118606888"
"2026-08-04 11:22:28.482 +07:00","5122.138","HOT_SWEEP_65","65","0.118217327"
"2026-08-04 11:22:29.176 +07:00","5122.837","HOT_SWEEP_65","65","0.119132504"
"2026-08-04 11:22:29.851 +07:00","5123.512","HOT_SWEEP_65","65","0.118441083"
"2026-08-04 11:22:30.543 +07:00","5124.201","HOT_SWEEP_65","65","0.117881134"
"2026-08-04 11:22:31.233 +07:00","5124.886","HOT_SWEEP_65","65","0.118791461"
"2026-08-04 11:22:31.913 +07:00","5125.574","HOT_SWEEP_65","65","0.118007421"
"2026-08-04 11:22:32.593 +07:00","5126.254","HOT_SWEEP_65","65","0.117344365"
"2026-08-04 11:22:33.291 +07:00","5126.952","HOT_SWEEP_65","65","0.118043721"
"2026-08-04 11:22:33.981 +07:00","5127.636","HOT_SWEEP_65","65","0.118407443"
"2026-08-04 11:22:34.676 +07:00","5128.33","HOT_SWEEP_65","65","0.117769942"
"2026-08-04 11:22:35.364 +07:00","5129.019","HOT_SWEEP_65","65","0.117750004"
"2026-08-04 11:22:36.043 +07:00","5129.704","HOT_SWEEP_65","65","0.118616715"
"2026-08-04 11:22:36.723 +07:00","5130.384","HOT_SWEEP_65","65","0.118060336"
"2026-08-04 11:22:37.419 +07:00","5131.073","HOT_SWEEP_65","65","0.118082188"
"2026-08-04 11:22:38.110 +07:00","5131.767","HOT_SWEEP_65","65","0.119305298"
"2026-08-04 11:22:38.792 +07:00","5132.453","HOT_SWEEP_65","65","0.118761256"
"2026-08-04 11:22:39.472 +07:00","5133.133","HOT_SWEEP_65","65","0.118750975"
"2026-08-04 11:22:40.181 +07:00","5133.84","HOT_SWEEP_65","65","0.119992815"
"2026-08-04 11:22:40.856 +07:00","5134.517","HOT_SWEEP_65","65","0.119502828"
"2026-08-04 11:22:41.551 +07:00","5135.205","HOT_SWEEP_65","65","0.119209863"
"2026-08-04 11:22:42.236 +07:00","5135.897","HOT_SWEEP_65","65","0.120731726"
"2026-08-04 11:22:42.929 +07:00","5136.585","HOT_SWEEP_65","65","0.120389521"
"2026-08-04 11:22:43.619 +07:00","5137.28","HOT_SWEEP_65","65","0.120074198"
"2026-08-04 11:22:44.310 +07:00","5137.97","HOT_SWEEP_65","65","0.120860457"
"2026-08-04 11:22:45.001 +07:00","5138.66","HOT_SWEEP_65","65","0.120725736"
"2026-08-04 11:22:45.693 +07:00","5139.352","HOT_SWEEP_65","65","0.120450236"
"2026-08-04 11:22:46.376 +07:00","5140.033","HOT_SWEEP_65","65","0.120507002"
"2026-08-04 11:22:47.075 +07:00","5140.736","HOT_SWEEP_65","65","0.121103667"
"2026-08-04 11:22:47.759 +07:00","5141.418","HOT_SWEEP_65","65","0.120578825"
"2026-08-04 11:22:48.458 +07:00","5142.117","HOT_SWEEP_65","65","0.120225929"
"2026-08-04 11:22:49.134 +07:00","5142.795","HOT_SWEEP_65","65","0.120826304"
"2026-08-04 11:22:49.826 +07:00","5143.485","HOT_SWEEP_65","65","0.120513476"
"2026-08-04 11:22:50.518 +07:00","5144.179","HOT_SWEEP_65","65","0.120062567"
"2026-08-04 11:22:51.207 +07:00","5144.868","HOT_SWEEP_65","65","0.120888188"
"2026-08-04 11:22:51.882 +07:00","5145.543","HOT_SWEEP_65","65","0.121068001"
"2026-08-04 11:22:52.572 +07:00","5146.233","HOT_SWEEP_65","65","0.120503105"
"2026-08-04 11:22:53.266 +07:00","5146.927","HOT_SWEEP_65","65","0.121635355"
"2026-08-04 11:22:53.989 +07:00","5147.648","HOT_SWEEP_65","65","0.121749364"
"2026-08-04 11:22:54.681 +07:00","5148.34","HOT_SWEEP_65","65","0.121316746"
"2026-08-04 11:22:55.384 +07:00","5149.042","HOT_SWEEP_65","65","0.121774748"
"2026-08-04 11:22:56.063 +07:00","5149.724","HOT_SWEEP_65","65","0.122216269"
"2026-08-04 11:22:56.770 +07:00","5150.429","HOT_SWEEP_65","65","0.121814527"
"2026-08-04 11:22:57.455 +07:00","5151.114","HOT_SWEEP_65","65","0.12179555"
"2026-08-04 11:22:58.140 +07:00","5151.797","HOT_SWEEP_65","65","0.122286059"
"2026-08-04 11:22:58.824 +07:00","5152.483","HOT_SWEEP_65","65","0.121551439"
"2026-08-04 11:22:59.526 +07:00","5153.181","HOT_SWEEP_65","65","0.12128941"
"2026-08-04 11:23:00.217 +07:00","5153.877","HOT_SWEEP_65","65","0.12139865"
"2026-08-04 11:23:00.927 +07:00","5154.586","HOT_SWEEP_65","65","0.12086767"
"2026-08-04 11:23:01.621 +07:00","5155.28","HOT_SWEEP_65","65","0.120603025"
"2026-08-04 11:23:02.320 +07:00","5155.978","HOT_SWEEP_65","65","0.121227965"
"2026-08-04 11:23:03.006 +07:00","5156.665","HOT_SWEEP_65","65","0.121306442"
"2026-08-04 11:23:03.696 +07:00","5157.348","HOT_SWEEP_65","65","0.121001624"
"2026-08-04 11:23:04.380 +07:00","5158.03","HOT_SWEEP_65","65","0.121177241"
"2026-08-04 11:23:05.057 +07:00","5158.718","HOT_SWEEP_65","65","0.121435024"
"2026-08-04 11:23:05.740 +07:00","5159.401","HOT_SWEEP_65","65","0.120979011"
"2026-08-04 11:23:06.425 +07:00","5160.086","HOT_SWEEP_65","65","0.120818183"
"2026-08-04 11:23:07.103 +07:00","5160.764","HOT_SWEEP_65","65","0.121797517"
"2026-08-04 11:23:07.814 +07:00","5161.467","HOT_SWEEP_65","65","0.120988354"
"2026-08-04 11:23:08.498 +07:00","5162.155","HOT_SWEEP_65","65","0.120687187"
"2026-08-04 11:23:09.185 +07:00","5162.842","HOT_SWEEP_65","65","0.121869229"
"2026-08-04 11:23:09.880 +07:00","5163.539","HOT_SWEEP_65","65","0.121111259"
"2026-08-04 11:23:10.553 +07:00","5164.214","HOT_SWEEP_65","65","0.120651923"
"2026-08-04 11:23:11.242 +07:00","5164.9","HOT_SWEEP_65","65","0.122106649"
"2026-08-04 11:23:11.943 +07:00","5165.602","HOT_SWEEP_65","65","0.121959552"
"2026-08-04 11:23:12.627 +07:00","5166.288","HOT_SWEEP_65","65","0.121951595"
"2026-08-04 11:23:13.323 +07:00","5166.975","HOT_SWEEP_65","65","0.123163581"
"2026-08-04 11:23:14.025 +07:00","5167.682","HOT_SWEEP_65","65","0.123204209"
"2026-08-04 11:23:14.730 +07:00","5168.391","HOT_SWEEP_65","65","0.122900628"
"2026-08-04 11:23:15.424 +07:00","5169.079","HOT_SWEEP_65","65","0.123207971"
"2026-08-04 11:23:16.103 +07:00","5169.764","HOT_SWEEP_65","65","0.123463616"
"2026-08-04 11:23:16.799 +07:00","5170.454","HOT_SWEEP_65","65","0.123381257"
"2026-08-04 11:23:17.478 +07:00","5171.137","HOT_SWEEP_65","65","0.123266675"
"2026-08-04 11:23:18.177 +07:00","5171.836","HOT_SWEEP_65","65","0.123905919"
"2026-08-04 11:23:18.859 +07:00","5172.514","HOT_SWEEP_65","65","0.123738304"
"2026-08-04 11:23:19.544 +07:00","5173.203","HOT_SWEEP_65","65","0.123083293"
"2026-08-04 11:23:20.233 +07:00","5173.894","HOT_SWEEP_65","65","0.123943806"
"2026-08-04 11:23:20.922 +07:00","5174.58","HOT_SWEEP_65","65","0.123976722"
"2026-08-04 11:23:21.641 +07:00","5175.3","HOT_SWEEP_65","65","0.123974383"
"2026-08-04 11:23:22.334 +07:00","5175.991","HOT_SWEEP_65","65","0.124557018"
"2026-08-04 11:23:23.016 +07:00","5176.677","HOT_SWEEP_65","65","0.12467768"
"2026-08-04 11:23:23.704 +07:00","5177.363","HOT_SWEEP_65","65","0.124300741"
"2026-08-04 11:23:24.385 +07:00","5178.045","HOT_SWEEP_65","65","0.124639109"
"2026-08-04 11:23:25.078 +07:00","5178.728","HOT_SWEEP_65","65","0.124955095"
"2026-08-04 11:23:25.750 +07:00","5179.411","HOT_SWEEP_65","65","0.124462411"
"2026-08-04 11:23:26.456 +07:00","5180.115","HOT_SWEEP_65","65","0.124420002"
"2026-08-04 11:23:27.140 +07:00","5180.791","HOT_SWEEP_65","65","0.124832675"
"2026-08-04 11:23:27.839 +07:00","5181.496","HOT_SWEEP_65","65","0.1239812"
"2026-08-04 11:23:28.573 +07:00","5182.232","HOT_SWEEP_65","65","0.123524629"
"2026-08-04 11:23:29.267 +07:00","5182.924","HOT_SWEEP_65","65","0.124154523"
"2026-08-04 11:23:29.948 +07:00","5183.594","HOT_SWEEP_65","65","0.12406788"
"2026-08-04 11:23:30.643 +07:00","5184.3","HOT_SWEEP_65","65","0.123475589"
"2026-08-04 11:23:31.326 +07:00","5184.984","HOT_SWEEP_65","65","0.123933353"
"2026-08-04 11:23:32.013 +07:00","5185.671","HOT_SWEEP_65","65","0.123735704"
"2026-08-04 11:23:32.701 +07:00","5186.36","HOT_SWEEP_65","65","0.12323539"
"2026-08-04 11:23:33.396 +07:00","5187.055","HOT_SWEEP_65","65","0.123208605"
"2026-08-04 11:23:34.073 +07:00","5187.724","HOT_SWEEP_65","65","0.12358018"
"2026-08-04 11:23:34.763 +07:00","5188.424","HOT_SWEEP_65","65","0.123267412"
"2026-08-04 11:23:35.487 +07:00","5189.146","HOT_SWEEP_65","65","0.12331225"
"2026-08-04 11:23:36.176 +07:00","5189.834","HOT_SWEEP_65","65","0.124028422"
"2026-08-04 11:23:36.868 +07:00","5190.526","HOT_SWEEP_65","65","0.123497114"
"2026-08-04 11:23:37.543 +07:00","5191.204","HOT_SWEEP_65","65","0.123560764"
"2026-08-04 11:23:38.232 +07:00","5191.891","HOT_SWEEP_65","65","0.124528483"
"2026-08-04 11:23:38.933 +07:00","5192.591","HOT_SWEEP_65","65","0.124162771"
"2026-08-04 11:23:39.623 +07:00","5193.284","HOT_SWEEP_65","65","0.124065198"
"2026-08-04 11:23:40.315 +07:00","5193.972","HOT_SWEEP_65","65","0.125468224"
"2026-08-04 11:23:41.010 +07:00","5194.668","HOT_SWEEP_65","65","0.125219911"
"2026-08-04 11:23:41.703 +07:00","5195.362","HOT_SWEEP_65","65","0.125252277"
"2026-08-04 11:23:42.403 +07:00","5196.056","HOT_SWEEP_65","65","0.125825092"
"2026-08-04 11:23:43.097 +07:00","5196.756","HOT_SWEEP_65","65","0.126337335"
"2026-08-04 11:23:43.804 +07:00","5197.458","HOT_SWEEP_65","65","0.125957444"
"2026-08-04 11:23:44.501 +07:00","5198.158","HOT_SWEEP_65","65","0.125796363"
"2026-08-04 11:23:45.191 +07:00","5198.852","HOT_SWEEP_65","65","0.126234919"
"2026-08-04 11:23:45.884 +07:00","5199.537","HOT_SWEEP_65","65","0.126319513"
"2026-08-04 11:23:46.582 +07:00","5200.239","HOT_SWEEP_65","65","0.12610811"
"2026-08-04 11:23:47.274 +07:00","5200.933","HOT_SWEEP_65","65","0.126531631"
"2026-08-04 11:23:47.953 +07:00","5201.614","HOT_SWEEP_65","65","0.126461774"
"2026-08-04 11:23:48.644 +07:00","5202.306","HOT_SWEEP_65","65","0.126139522"
"2026-08-04 11:23:49.353 +07:00","5203.012","HOT_SWEEP_65","65","0.12670891"
"2026-08-04 11:23:50.037 +07:00","5203.698","HOT_SWEEP_65","65","0.126536161"
"2026-08-04 11:23:50.717 +07:00","5204.376","HOT_SWEEP_65","65","0.126354069"
"2026-08-04 11:23:51.404 +07:00","5205.049","HOT_SWEEP_65","65","0.12662676"
"2026-08-04 11:23:52.096 +07:00","5205.755","HOT_SWEEP_65","65","0.126888156"
"2026-08-04 11:23:52.772 +07:00","5206.433","HOT_SWEEP_65","65","0.126206845"
"2026-08-04 11:23:53.463 +07:00","5207.118","HOT_SWEEP_65","65","0.126174524"
"2026-08-04 11:23:54.136 +07:00","5207.797","HOT_SWEEP_65","65","0.126566306"
"2026-08-04 11:23:54.820 +07:00","5208.481","HOT_SWEEP_65","65","0.126025021"
"2026-08-04 11:23:55.512 +07:00","5209.169","HOT_SWEEP_65","65","0.12553519"
"2026-08-04 11:23:56.211 +07:00","5209.87","HOT_SWEEP_65","65","0.126269355"
"2026-08-04 11:23:56.892 +07:00","5210.546","HOT_SWEEP_65","65","0.125587404"
"2026-08-04 11:23:57.580 +07:00","5211.237","HOT_SWEEP_65","65","0.124828979"
"2026-08-04 11:23:58.258 +07:00","5211.919","HOT_SWEEP_65","65","0.125961691"
"2026-08-04 11:23:58.949 +07:00","5212.608","HOT_SWEEP_65","65","0.125347912"
"2026-08-04 11:23:59.626 +07:00","5213.287","HOT_SWEEP_65","65","0.124814257"
"2026-08-04 11:24:00.333 +07:00","5213.993","HOT_SWEEP_65","65","0.125651255"
"2026-08-04 11:24:01.017 +07:00","5214.677","HOT_SWEEP_65","65","0.125668079"
"2026-08-04 11:24:01.708 +07:00","5215.366","HOT_SWEEP_65","65","0.124926969"
"2026-08-04 11:24:02.390 +07:00","5216.049","HOT_SWEEP_65","65","0.125076145"
"2026-08-04 11:24:03.105 +07:00","5216.756","HOT_SWEEP_65","65","0.125769049"
"2026-08-04 11:24:03.806 +07:00","5217.46","HOT_SWEEP_65","65","0.125291377"
"2026-08-04 11:24:04.486 +07:00","5218.145","HOT_SWEEP_65","65","0.12519367"
"2026-08-04 11:24:05.171 +07:00","5218.831","HOT_SWEEP_65","65","0.126200408"
"2026-08-04 11:24:05.865 +07:00","5219.524","HOT_SWEEP_65","65","0.125942633"
"2026-08-04 11:24:06.553 +07:00","5220.213","HOT_SWEEP_65","65","0.125722542"
"2026-08-04 11:24:07.241 +07:00","5220.9","HOT_SWEEP_65","65","0.126548141"
"2026-08-04 11:24:07.934 +07:00","5221.593","HOT_SWEEP_65","65","0.126348272"
"2026-08-04 11:24:08.637 +07:00","5222.291","HOT_SWEEP_65","65","0.125995308"
"2026-08-04 11:24:09.328 +07:00","5222.989","HOT_SWEEP_65","65","0.126852959"
"2026-08-04 11:24:10.047 +07:00","5223.709","HOT_SWEEP_65","65","0.126614913"
"2026-08-04 11:24:10.731 +07:00","5224.392","HOT_SWEEP_65","65","0.126272202"
"2026-08-04 11:24:11.426 +07:00","5225.079","HOT_SWEEP_65","65","0.126631126"
"2026-08-04 11:24:12.118 +07:00","5225.769","HOT_SWEEP_65","65","0.126757383"
"2026-08-04 11:24:12.800 +07:00","5226.459","HOT_SWEEP_65","65","0.126748756"
"2026-08-04 11:24:13.479 +07:00","5227.139","HOT_SWEEP_65","65","0.12673445"
"2026-08-04 11:24:14.185 +07:00","5227.84","HOT_SWEEP_65","65","0.127308652"
"2026-08-04 11:24:14.877 +07:00","5228.536","HOT_SWEEP_65","65","0.127125308"
"2026-08-04 11:24:15.560 +07:00","5229.217","HOT_SWEEP_65","65","0.127126932"
"2026-08-04 11:24:16.247 +07:00","5229.904","HOT_SWEEP_65","65","0.127889335"
"2026-08-04 11:24:16.961 +07:00","5230.619","HOT_SWEEP_65","65","0.127628773"
"2026-08-04 11:24:17.651 +07:00","5231.309","HOT_SWEEP_65","65","0.127287209"
"2026-08-04 11:24:18.350 +07:00","5232.006","HOT_SWEEP_65","65","0.128315195"
"2026-08-04 11:24:19.026 +07:00","5232.687","HOT_SWEEP_65","65","0.127965122"
"2026-08-04 11:24:19.712 +07:00","5233.371","HOT_SWEEP_65","65","0.127417251"
"2026-08-04 11:24:20.412 +07:00","5234.071","HOT_SWEEP_65","65","0.127885818"
"2026-08-04 11:24:21.103 +07:00","5234.764","HOT_SWEEP_65","65","0.128028303"
"2026-08-04 11:24:21.795 +07:00","5235.454","HOT_SWEEP_65","65","0.127502501"
"2026-08-04 11:24:22.479 +07:00","5236.139","HOT_SWEEP_65","65","0.127382964"
"2026-08-04 11:24:23.173 +07:00","5236.818","HOT_SWEEP_65","65","0.127838582"
"2026-08-04 11:24:23.863 +07:00","5237.524","HOT_SWEEP_65","65","0.127444178"
"2026-08-04 11:24:24.565 +07:00","5238.226","HOT_SWEEP_65","65","0.127280369"
"2026-08-04 11:24:25.253 +07:00","5238.914","HOT_SWEEP_65","65","0.127883196"
"2026-08-04 11:24:25.930 +07:00","5239.591","HOT_SWEEP_65","65","0.127578676"
"2026-08-04 11:24:26.623 +07:00","5240.282","HOT_SWEEP_65","65","0.127140731"
"2026-08-04 11:24:27.304 +07:00","5240.965","HOT_SWEEP_65","65","0.127875715"
"2026-08-04 11:24:27.985 +07:00","5241.644","HOT_SWEEP_65","65","0.127671808"
"2026-08-04 11:24:28.660 +07:00","5242.321","HOT_SWEEP_65","65","0.127120987"
"2026-08-04 11:24:29.357 +07:00","5243.018","HOT_SWEEP_65","65","0.127976745"
"2026-08-04 11:24:30.054 +07:00","5243.715","HOT_SWEEP_65","65","0.128206998"
"2026-08-04 11:24:30.759 +07:00","5244.42","HOT_SWEEP_65","65","0.127657011"
"2026-08-04 11:24:31.447 +07:00","5245.106","HOT_SWEEP_65","65","0.127801061"
"2026-08-04 11:24:32.132 +07:00","5245.793","HOT_SWEEP_65","65","0.128540993"
"2026-08-04 11:24:32.837 +07:00","5246.474","HOT_SWEEP_65","65","0.128113568"
"2026-08-04 11:24:33.518 +07:00","5247.17","HOT_SWEEP_65","65","0.128048882"
"2026-08-04 11:24:34.196 +07:00","5247.857","HOT_SWEEP_65","65","0.129193768"
"2026-08-04 11:24:34.880 +07:00","5248.541","HOT_SWEEP_65","65","0.128818676"
"2026-08-04 11:24:35.576 +07:00","5249.232","HOT_SWEEP_65","65","0.128636643"
"2026-08-04 11:24:36.270 +07:00","5249.929","HOT_SWEEP_65","65","0.129745036"
"2026-08-04 11:24:36.948 +07:00","5250.609","HOT_SWEEP_65","65","0.129304975"
"2026-08-04 11:24:37.669 +07:00","5251.33","HOT_SWEEP_65","65","0.12918593"
"2026-08-04 11:24:38.356 +07:00","5252.017","HOT_SWEEP_65","65","0.130378857"
"2026-08-04 11:24:39.046 +07:00","5252.707","HOT_SWEEP_65","65","0.130175635"
"2026-08-04 11:24:39.723 +07:00","5253.384","HOT_SWEEP_65","65","0.130012587"
"2026-08-04 11:24:40.432 +07:00","5254.09","HOT_SWEEP_65","65","0.130491614"
"2026-08-04 11:24:41.135 +07:00","5254.794","HOT_SWEEP_65","65","0.13071394"
"2026-08-04 11:24:41.808 +07:00","5255.469","HOT_SWEEP_65","65","0.130411595"
"2026-08-04 11:24:42.493 +07:00","5256.155","HOT_SWEEP_65","65","0.130511627"
"2026-08-04 11:24:43.180 +07:00","5256.841","HOT_SWEEP_65","65","0.131316766"
"2026-08-04 11:24:43.868 +07:00","5257.528","HOT_SWEEP_65","65","0.131189615"
"2026-08-04 11:24:44.554 +07:00","5258.215","HOT_SWEEP_65","65","0.130792663"
"2026-08-04 11:24:45.233 +07:00","5258.894","HOT_SWEEP_65","65","0.131489947"
"2026-08-04 11:24:45.930 +07:00","5259.589","HOT_SWEEP_65","65","0.130815297"
"2026-08-04 11:24:46.604 +07:00","5260.265","HOT_SWEEP_65","65","0.130085617"
"2026-08-04 11:24:47.273 +07:00","5260.934","HOT_SWEEP_65","65","0.131391615"
"2026-08-04 11:24:47.960 +07:00","5261.619","HOT_SWEEP_65","65","0.130870178"
"2026-08-04 11:24:48.650 +07:00","5262.308","HOT_SWEEP_65","65","0.130038768"
"2026-08-04 11:24:49.335 +07:00","5262.996","HOT_SWEEP_65","65","0.131368071"
"2026-08-04 11:24:50.020 +07:00","5263.673","HOT_SWEEP_65","65","0.131072938"
"2026-08-04 11:24:50.699 +07:00","5264.359","HOT_SWEEP_65","65","0.130126983"
"2026-08-04 11:24:51.414 +07:00","5265.073","HOT_SWEEP_65","65","0.13105613"
"2026-08-04 11:24:52.096 +07:00","5265.756","HOT_SWEEP_65","65","0.131587639"
"2026-08-04 11:24:52.780 +07:00","5266.438","HOT_SWEEP_65","65","0.130929962"
"2026-08-04 11:24:53.478 +07:00","5267.137","HOT_SWEEP_65","65","0.131020933"
"2026-08-04 11:24:54.156 +07:00","5267.815","HOT_SWEEP_65","65","0.131609619"
"2026-08-04 11:24:54.844 +07:00","5268.495","HOT_SWEEP_65","65","0.131091461"
"2026-08-04 11:24:55.524 +07:00","5269.185","HOT_SWEEP_65","65","0.13081339"
"2026-08-04 11:24:56.211 +07:00","5269.859","HOT_SWEEP_65","65","0.131529421"
"2026-08-04 11:24:56.904 +07:00","5270.564","HOT_SWEEP_65","65","0.130708411"
"2026-08-04 11:24:57.595 +07:00","5271.254","HOT_SWEEP_65","65","0.130318493"
"2026-08-04 11:24:58.305 +07:00","5271.967","HOT_SWEEP_65","65","0.130827934"
"2026-08-04 11:24:58.992 +07:00","5272.651","HOT_SWEEP_65","65","0.130273357"
"2026-08-04 11:24:59.678 +07:00","5273.336","HOT_SWEEP_65","65","0.129876107"
"2026-08-04 11:25:00.362 +07:00","5274.022","HOT_SWEEP_65","65","0.130427405"
"2026-08-04 11:25:01.049 +07:00","5274.707","HOT_SWEEP_65","65","0.130411401"
"2026-08-04 11:25:01.736 +07:00","5275.394","HOT_SWEEP_65","65","0.129859895"
"2026-08-04 11:25:02.426 +07:00","5276.083","HOT_SWEEP_65","65","0.13057299"
"2026-08-04 11:25:03.117 +07:00","5276.775","HOT_SWEEP_65","65","0.130960807"
"2026-08-04 11:25:03.810 +07:00","5277.469","HOT_SWEEP_65","65","0.130537942"
"2026-08-04 11:25:04.507 +07:00","5278.165","HOT_SWEEP_65","65","0.130592421"
"2026-08-04 11:25:05.210 +07:00","5278.867","HOT_SWEEP_65","65","0.131614372"
"2026-08-04 11:25:05.888 +07:00","5279.539","HOT_SWEEP_65","65","0.131150454"
"2026-08-04 11:25:06.585 +07:00","5280.246","HOT_SWEEP_65","65","0.130995482"
"2026-08-04 11:25:07.262 +07:00","5280.923","HOT_SWEEP_65","65","0.132115558"
"2026-08-04 11:25:07.950 +07:00","5281.609","HOT_SWEEP_65","65","0.131407619"
"2026-08-04 11:25:08.629 +07:00","5282.29","HOT_SWEEP_65","65","0.131181449"
"2026-08-04 11:25:09.317 +07:00","5282.978","HOT_SWEEP_65","65","0.132006615"
"2026-08-04 11:25:10.005 +07:00","5283.664","HOT_SWEEP_65","65","0.131369829"
"2026-08-04 11:25:10.699 +07:00","5284.358","HOT_SWEEP_65","65","0.131200105"
"2026-08-04 11:25:11.395 +07:00","5285.056","HOT_SWEEP_65","65","0.132259846"
"2026-08-04 11:25:12.094 +07:00","5285.755","HOT_SWEEP_65","65","0.132256672"
"2026-08-04 11:25:12.786 +07:00","5286.445","HOT_SWEEP_65","65","0.131970704"
"2026-08-04 11:25:13.471 +07:00","5287.128","HOT_SWEEP_65","65","0.132204473"
"2026-08-04 11:25:14.154 +07:00","5287.813","HOT_SWEEP_65","65","0.132841572"
"2026-08-04 11:25:14.855 +07:00","5288.514","HOT_SWEEP_65","65","0.132693991"
"2026-08-04 11:25:15.553 +07:00","5289.212","HOT_SWEEP_65","65","0.132397085"
"2026-08-04 11:25:16.242 +07:00","5289.899","HOT_SWEEP_65","65","0.133213922"
"2026-08-04 11:25:16.933 +07:00","5290.59","HOT_SWEEP_65","65","0.133208603"
"2026-08-04 11:25:17.630 +07:00","5291.289","HOT_SWEEP_65","65","0.132629082"
"2026-08-04 11:25:18.319 +07:00","5291.978","HOT_SWEEP_65","65","0.133182779"
"2026-08-04 11:25:19.041 +07:00","5292.699","HOT_SWEEP_65","65","0.13287878"
"2026-08-04 11:25:19.761 +07:00","5293.419","HOT_SWEEP_65","65","0.132536098"
"2026-08-04 11:25:20.464 +07:00","5294.123","HOT_SWEEP_65","65","0.132840976"
"2026-08-04 11:25:21.164 +07:00","5294.823","HOT_SWEEP_65","65","0.132855803"
"2026-08-04 11:25:21.858 +07:00","5295.516","HOT_SWEEP_65","65","0.132958144"
"2026-08-04 11:25:22.560 +07:00","5296.217","HOT_SWEEP_65","65","0.132917523"
"2026-08-04 11:25:23.252 +07:00","5296.907","HOT_SWEEP_65","65","0.132708475"
"2026-08-04 11:25:23.944 +07:00","5297.604","HOT_SWEEP_65","65","0.132445335"
"2026-08-04 11:25:24.633 +07:00","5298.292","HOT_SWEEP_65","65","0.132452428"
"2026-08-04 11:25:25.325 +07:00","5298.975","HOT_SWEEP_65","65","0.13212958"
"2026-08-04 11:25:26.078 +07:00","5299.736","HOT_SWEEP_65","65","0.132147476"
"2026-08-04 11:25:26.776 +07:00","5300.431","HOT_SWEEP_65","65","0.132311061"
"2026-08-04 11:25:27.459 +07:00","5301.119","HOT_SWEEP_65","65","0.132111982"
"2026-08-04 11:25:28.147 +07:00","5301.806","HOT_SWEEP_65","65","0.132089242"
"2026-08-04 11:25:28.827 +07:00","5302.485","HOT_SWEEP_65","65","0.131824687"
"2026-08-04 11:25:29.521 +07:00","5303.18","HOT_SWEEP_65","65","0.131861299"
"2026-08-04 11:25:30.209 +07:00","5303.869","HOT_SWEEP_65","65","0.132474691"
"2026-08-04 11:25:30.896 +07:00","5304.556","HOT_SWEEP_65","65","0.132362455"
"2026-08-04 11:25:31.585 +07:00","5305.241","HOT_SWEEP_65","65","0.132236287"
"2026-08-04 11:25:32.271 +07:00","5305.93","HOT_SWEEP_65","65","0.13282989"
"2026-08-04 11:25:32.972 +07:00","5306.631","HOT_SWEEP_65","65","0.132369369"
"2026-08-04 11:25:33.660 +07:00","5307.317","HOT_SWEEP_65","65","0.131989658"
"2026-08-04 11:25:34.343 +07:00","5308.001","HOT_SWEEP_65","65","0.133209437"
"2026-08-04 11:25:35.041 +07:00","5308.7","HOT_SWEEP_65","65","0.132680029"
"2026-08-04 11:25:35.729 +07:00","5309.387","HOT_SWEEP_65","65","0.132043123"
"2026-08-04 11:25:36.411 +07:00","5310.07","HOT_SWEEP_65","65","0.132953539"
"2026-08-04 11:25:37.101 +07:00","5310.76","HOT_SWEEP_65","65","0.132601619"
"2026-08-04 11:25:37.790 +07:00","5311.45","HOT_SWEEP_65","65","0.132277265"
"2026-08-04 11:25:38.478 +07:00","5312.133","HOT_SWEEP_65","65","0.132974103"
"2026-08-04 11:25:39.168 +07:00","5312.827","HOT_SWEEP_65","65","0.133451134"
"2026-08-04 11:25:39.884 +07:00","5313.543","HOT_SWEEP_65","65","0.133088022"
"2026-08-04 11:25:40.580 +07:00","5314.239","HOT_SWEEP_65","65","0.132707298"
"2026-08-04 11:25:41.265 +07:00","5314.924","HOT_SWEEP_65","65","0.133388832"
"2026-08-04 11:25:41.962 +07:00","5315.62","HOT_SWEEP_65","65","0.133247301"
"2026-08-04 11:25:42.644 +07:00","5316.303","HOT_SWEEP_65","65","0.132925242"
"2026-08-04 11:25:43.331 +07:00","5316.991","HOT_SWEEP_65","65","0.133763701"
"2026-08-04 11:25:44.023 +07:00","5317.682","HOT_SWEEP_65","65","0.133504838"
"2026-08-04 11:25:44.713 +07:00","5318.371","HOT_SWEEP_65","65","0.133036166"
"2026-08-04 11:25:45.406 +07:00","5319.065","HOT_SWEEP_65","65","0.13358891"
"2026-08-04 11:25:46.092 +07:00","5319.751","HOT_SWEEP_65","65","0.13363573"
"2026-08-04 11:25:46.838 +07:00","5320.497","HOT_SWEEP_65","65","0.133192584"
"2026-08-04 11:25:47.525 +07:00","5321.182","HOT_SWEEP_65","65","0.13340202"
"2026-08-04 11:25:48.217 +07:00","5321.876","HOT_SWEEP_65","65","0.133416563"
"2026-08-04 11:25:48.904 +07:00","5322.563","HOT_SWEEP_65","65","0.132926196"
"2026-08-04 11:25:49.602 +07:00","5323.262","HOT_SWEEP_65","65","0.132893324"
"2026-08-04 11:25:50.291 +07:00","5323.948","HOT_SWEEP_65","65","0.133108348"
"2026-08-04 11:25:50.993 +07:00","5324.65","HOT_SWEEP_65","65","0.132606626"
"2026-08-04 11:25:51.680 +07:00","5325.339","HOT_SWEEP_65","65","0.132472023"
"2026-08-04 11:25:52.362 +07:00","5326.02","HOT_SWEEP_65","65","0.132512137"
"2026-08-04 11:25:53.056 +07:00","5326.715","HOT_SWEEP_65","65","0.132031769"
"2026-08-04 11:25:53.766 +07:00","5327.424","HOT_SWEEP_65","65","0.131885439"
"2026-08-04 11:25:54.460 +07:00","5328.119","HOT_SWEEP_65","65","0.132167354"
"2026-08-04 11:25:55.144 +07:00","5328.799","HOT_SWEEP_65","65","0.132254273"
"2026-08-04 11:25:55.827 +07:00","5329.487","HOT_SWEEP_65","65","0.132078424"
"2026-08-04 11:25:56.512 +07:00","5330.171","HOT_SWEEP_65","65","0.132338345"
"2026-08-04 11:25:57.210 +07:00","5330.868","HOT_SWEEP_65","65","0.132743195"
"2026-08-04 11:25:57.894 +07:00","5331.554","HOT_SWEEP_65","65","0.132572547"
"2026-08-04 11:25:58.584 +07:00","5332.242","HOT_SWEEP_65","65","0.132522553"
"2026-08-04 11:25:59.273 +07:00","5332.933","HOT_SWEEP_65","65","0.133719817"
"2026-08-04 11:25:59.963 +07:00","5333.621","HOT_SWEEP_65","65","0.133468047"
"2026-08-04 11:26:00.685 +07:00","5334.341","HOT_SWEEP_65","65","0.13336578"
"2026-08-04 11:26:01.382 +07:00","5335.041","HOT_SWEEP_65","65","0.134520844"
"2026-08-04 11:26:02.070 +07:00","5335.727","HOT_SWEEP_65","65","0.134364218"
"2026-08-04 11:26:02.760 +07:00","5336.417","HOT_SWEEP_65","65","0.134412572"
"2026-08-04 11:26:03.448 +07:00","5337.107","HOT_SWEEP_65","65","0.135268539"
"2026-08-04 11:26:04.134 +07:00","5337.794","HOT_SWEEP_65","65","0.135530397"
"2026-08-04 11:26:04.824 +07:00","5338.484","HOT_SWEEP_65","65","0.135452256"
"2026-08-04 11:26:05.527 +07:00","5339.186","HOT_SWEEP_65","65","0.135993451"
"2026-08-04 11:26:06.219 +07:00","5339.878","HOT_SWEEP_65","65","0.136489779"
"2026-08-04 11:26:06.917 +07:00","5340.575","HOT_SWEEP_65","65","0.136530071"
"2026-08-04 11:26:07.620 +07:00","5341.28","HOT_SWEEP_65","65","0.136629507"
"2026-08-04 11:26:08.306 +07:00","5341.965","HOT_SWEEP_65","65","0.1374892"
"2026-08-04 11:26:08.994 +07:00","5342.653","HOT_SWEEP_65","65","0.137356788"
"2026-08-04 11:26:09.680 +07:00","5343.339","HOT_SWEEP_65","65","0.136765063"
"2026-08-04 11:26:10.363 +07:00","5344.02","HOT_SWEEP_65","65","0.137442037"
"2026-08-04 11:26:11.062 +07:00","5344.718","HOT_SWEEP_65","65","0.137167394"
"2026-08-04 11:26:11.759 +07:00","5345.418","HOT_SWEEP_65","65","0.136590585"
"2026-08-04 11:26:12.443 +07:00","5346.102","HOT_SWEEP_65","65","0.137038082"
"2026-08-04 11:26:13.139 +07:00","5346.797","HOT_SWEEP_65","65","0.137007162"
"2026-08-04 11:26:13.833 +07:00","5347.49","HOT_SWEEP_65","65","0.136225313"
"2026-08-04 11:26:14.554 +07:00","5348.213","HOT_SWEEP_65","65","0.136403248"
"2026-08-04 11:26:15.247 +07:00","5348.905","HOT_SWEEP_65","65","0.136648327"
"2026-08-04 11:26:15.936 +07:00","5349.596","HOT_SWEEP_65","65","0.136366934"
"2026-08-04 11:26:16.639 +07:00","5350.296","HOT_SWEEP_65","65","0.136477351"
"2026-08-04 11:26:17.324 +07:00","5350.984","HOT_SWEEP_65","65","0.136666268"
"2026-08-04 11:26:18.024 +07:00","5351.683","HOT_SWEEP_65","65","0.136433199"
"2026-08-04 11:26:18.715 +07:00","5352.375","HOT_SWEEP_65","65","0.136585027"
"2026-08-04 11:26:19.415 +07:00","5353.075","HOT_SWEEP_65","65","0.13651374"
"2026-08-04 11:26:20.104 +07:00","5353.763","HOT_SWEEP_65","65","0.136221319"
"2026-08-04 11:26:20.805 +07:00","5354.463","HOT_SWEEP_65","65","0.136303082"
"2026-08-04 11:26:21.521 +07:00","5355.181","HOT_SWEEP_65","65","0.136398032"
"2026-08-04 11:26:22.209 +07:00","5355.868","HOT_SWEEP_65","65","0.136594266"
"2026-08-04 11:26:22.902 +07:00","5356.561","HOT_SWEEP_65","65","0.136257395"
"2026-08-04 11:26:23.595 +07:00","5357.256","HOT_SWEEP_65","65","0.136054546"
"2026-08-04 11:26:24.286 +07:00","5357.945","HOT_SWEEP_65","65","0.136691198"
"2026-08-04 11:26:24.978 +07:00","5358.636","HOT_SWEEP_65","65","0.136503696"
"2026-08-04 11:26:25.666 +07:00","5359.322","HOT_SWEEP_65","65","0.136381134"
"2026-08-04 11:26:26.348 +07:00","5360.007","HOT_SWEEP_65","65","0.137460172"
"2026-08-04 11:26:27.038 +07:00","5360.697","HOT_SWEEP_65","65","0.137004241"
"2026-08-04 11:26:27.727 +07:00","5361.386","HOT_SWEEP_65","65","0.136821449"
"2026-08-04 11:26:28.432 +07:00","5362.092","HOT_SWEEP_65","65","0.137721315"
"2026-08-04 11:26:29.132 +07:00","5362.792","HOT_SWEEP_65","65","0.137540132"
"2026-08-04 11:26:29.823 +07:00","5363.482","HOT_SWEEP_65","65","0.137432247"
"2026-08-04 11:26:30.502 +07:00","5364.162","HOT_SWEEP_65","65","0.138158217"
"2026-08-04 11:26:31.193 +07:00","5364.853","HOT_SWEEP_65","65","0.13844499"
"2026-08-04 11:26:31.883 +07:00","5365.542","HOT_SWEEP_65","65","0.138209671"
"2026-08-04 11:26:32.568 +07:00","5366.226","HOT_SWEEP_65","65","0.138080224"
"2026-08-04 11:26:33.249 +07:00","5366.908","HOT_SWEEP_65","65","0.138868704"
"2026-08-04 11:26:33.947 +07:00","5367.606","HOT_SWEEP_65","65","0.138695225"
"2026-08-04 11:26:34.632 +07:00","5368.291","HOT_SWEEP_65","65","0.138512999"
"2026-08-04 11:26:35.358 +07:00","5369.017","HOT_SWEEP_65","65","0.139214367"
"2026-08-04 11:26:36.051 +07:00","5369.71","HOT_SWEEP_65","65","0.138814434"
"2026-08-04 11:26:36.733 +07:00","5370.391","HOT_SWEEP_65","65","0.138332725"
"2026-08-04 11:26:37.419 +07:00","5371.078","HOT_SWEEP_65","65","0.139116451"
"2026-08-04 11:26:38.112 +07:00","5371.77","HOT_SWEEP_65","65","0.138827428"
"2026-08-04 11:26:38.806 +07:00","5372.464","HOT_SWEEP_65","65","0.1384314"
"2026-08-04 11:26:39.491 +07:00","5373.148","HOT_SWEEP_65","65","0.139135823"
"2026-08-04 11:26:40.171 +07:00","5373.829","HOT_SWEEP_65","65","0.138992891"
"2026-08-04 11:26:40.859 +07:00","5374.518","HOT_SWEEP_65","65","0.138409302"
"2026-08-04 11:26:41.546 +07:00","5375.205","HOT_SWEEP_65","65","0.138638288"
"2026-08-04 11:26:42.249 +07:00","5375.909","HOT_SWEEP_65","65","0.139165923"
"2026-08-04 11:26:42.940 +07:00","5376.597","HOT_SWEEP_65","65","0.138596341"
"2026-08-04 11:26:43.634 +07:00","5377.292","HOT_SWEEP_65","65","0.138337761"
"2026-08-04 11:26:44.313 +07:00","5377.972","HOT_SWEEP_65","65","0.138956398"
"2026-08-04 11:26:45.004 +07:00","5378.662","HOT_SWEEP_65","65","0.138285071"
"2026-08-04 11:26:45.688 +07:00","5379.347","HOT_SWEEP_65","65","0.137659818"
"2026-08-04 11:26:46.383 +07:00","5380.042","HOT_SWEEP_65","65","0.138438016"
"2026-08-04 11:26:47.074 +07:00","5380.732","HOT_SWEEP_65","65","0.137961194"
"2026-08-04 11:26:47.765 +07:00","5381.424","HOT_SWEEP_65","65","0.137572721"
"2026-08-04 11:26:48.459 +07:00","5382.118","HOT_SWEEP_65","65","0.138263687"
"2026-08-04 11:26:49.165 +07:00","5382.824","HOT_SWEEP_65","65","0.137887299"
"2026-08-04 11:26:49.862 +07:00","5383.519","HOT_SWEEP_65","65","0.137494355"
"2026-08-04 11:26:50.555 +07:00","5384.213","HOT_SWEEP_65","65","0.137594327"
"2026-08-04 11:26:51.241 +07:00","5384.9","HOT_SWEEP_65","65","0.13833271"
"2026-08-04 11:26:51.923 +07:00","5385.581","HOT_SWEEP_65","65","0.137962371"
"2026-08-04 11:26:52.606 +07:00","5386.266","HOT_SWEEP_65","65","0.138077676"
"2026-08-04 11:26:53.308 +07:00","5386.967","HOT_SWEEP_65","65","0.138850167"
"2026-08-04 11:26:53.999 +07:00","5387.658","HOT_SWEEP_65","65","0.138476729"
"2026-08-04 11:26:54.696 +07:00","5388.356","HOT_SWEEP_65","65","0.138405606"
"2026-08-04 11:26:55.389 +07:00","5389.048","HOT_SWEEP_65","65","0.139174253"
"2026-08-04 11:26:56.093 +07:00","5389.753","HOT_SWEEP_65","65","0.138944715"
"2026-08-04 11:26:56.777 +07:00","5390.436","HOT_SWEEP_65","65","0.138746798"
"2026-08-04 11:26:57.476 +07:00","5391.134","HOT_SWEEP_65","65","0.139734417"
"2026-08-04 11:26:58.154 +07:00","5391.814","HOT_SWEEP_65","65","0.13912569"
"2026-08-04 11:26:58.851 +07:00","5392.51","HOT_SWEEP_65","65","0.138954833"
"2026-08-04 11:26:59.541 +07:00","5393.2","HOT_SWEEP_65","65","0.139242813"
"2026-08-04 11:27:00.237 +07:00","5393.896","HOT_SWEEP_65","65","0.139506891"
"2026-08-04 11:27:00.925 +07:00","5394.583","HOT_SWEEP_65","65","0.139249071"
"2026-08-04 11:27:01.614 +07:00","5395.273","HOT_SWEEP_65","65","0.13901934"
"2026-08-04 11:27:02.302 +07:00","5395.961","HOT_SWEEP_65","65","0.139663845"
"2026-08-04 11:27:03.005 +07:00","5396.661","HOT_SWEEP_65","65","0.13929981"
"2026-08-04 11:27:03.689 +07:00","5397.349","HOT_SWEEP_65","65","0.138744622"
"2026-08-04 11:27:04.376 +07:00","5398.034","HOT_SWEEP_65","65","0.139563516"
"2026-08-04 11:27:05.061 +07:00","5398.719","HOT_SWEEP_65","65","0.139235228"
"2026-08-04 11:27:05.749 +07:00","5399.408","HOT_SWEEP_65","65","0.138606459"
"2026-08-04 11:27:06.435 +07:00","5400.095","HOT_SWEEP_65","65","0.139464259"
"2026-08-04 11:27:07.136 +07:00","5400.795","HOT_SWEEP_65","65","0.139092118"
"2026-08-04 11:27:07.834 +07:00","5401.488","HOT_SWEEP_65","65","0.138375476"
"2026-08-04 11:27:08.527 +07:00","5402.186","HOT_SWEEP_65","65","0.13896805"
"2026-08-04 11:27:09.204 +07:00","5402.864","HOT_SWEEP_65","65","0.139047384"
"2026-08-04 11:27:09.928 +07:00","5403.588","HOT_SWEEP_65","65","0.138315529"
"2026-08-04 11:27:10.614 +07:00","5404.272","HOT_SWEEP_65","65","0.138473779"
"2026-08-04 11:27:11.293 +07:00","5404.953","HOT_SWEEP_65","65","0.138738468"
"2026-08-04 11:27:11.977 +07:00","5405.636","HOT_SWEEP_65","65","0.138427004"
"2026-08-04 11:27:12.663 +07:00","5406.321","HOT_SWEEP_65","65","0.13819399499999999"
"2026-08-04 11:27:13.347 +07:00","5407.006","HOT_SWEEP_65","65","0.138612568"
"2026-08-04 11:27:14.046 +07:00","5407.701","HOT_SWEEP_65","65","0.138010889"
"2026-08-04 11:27:14.744 +07:00","5408.403","HOT_SWEEP_65","65","0.137630194"
"2026-08-04 11:27:15.431 +07:00","5409.09","HOT_SWEEP_65","65","0.138307467"
"2026-08-04 11:27:16.116 +07:00","5409.775","HOT_SWEEP_65","65","0.13784495"
"2026-08-04 11:27:16.816 +07:00","5410.476","HOT_SWEEP_65","65","0.137596846"
"2026-08-04 11:27:17.505 +07:00","5411.163","HOT_SWEEP_65","65","0.138087809"
"2026-08-04 11:27:18.197 +07:00","5411.857","HOT_SWEEP_65","65","0.138244271"
"2026-08-04 11:27:18.884 +07:00","5412.543","HOT_SWEEP_65","65","0.137498185"
"2026-08-04 11:27:19.569 +07:00","5413.228","HOT_SWEEP_65","65","0.137501389"
"2026-08-04 11:27:20.261 +07:00","5413.921","HOT_SWEEP_65","65","0.138178378"
"2026-08-04 11:27:20.952 +07:00","5414.607","HOT_SWEEP_65","65","0.137659788"
"2026-08-04 11:27:21.653 +07:00","5415.31","HOT_SWEEP_65","65","0.137668699"
"2026-08-04 11:27:22.352 +07:00","5416.011","HOT_SWEEP_65","65","0.13852945"
"2026-08-04 11:27:23.039 +07:00","5416.699","HOT_SWEEP_65","65","0.138040543"
"2026-08-04 11:27:23.758 +07:00","5417.417","HOT_SWEEP_65","65","0.137862623"
"2026-08-04 11:27:24.443 +07:00","5418.102","HOT_SWEEP_65","65","0.138443366"
"2026-08-04 11:27:25.134 +07:00","5418.791","HOT_SWEEP_65","65","0.137956038"
"2026-08-04 11:27:25.820 +07:00","5419.478","HOT_SWEEP_65","65","0.137720957"
"2026-08-04 11:27:26.500 +07:00","5420.159","HOT_SWEEP_65","65","0.138521343"
"2026-08-04 11:27:27.192 +07:00","5420.85","HOT_SWEEP_65","65","0.138239771"
"2026-08-04 11:27:27.885 +07:00","5421.542","HOT_SWEEP_65","65","0.138055921"
"2026-08-04 11:27:28.569 +07:00","5422.228","HOT_SWEEP_65","65","0.138272598"
"2026-08-04 11:27:29.250 +07:00","5422.91","HOT_SWEEP_65","65","0.13848719"
"2026-08-04 11:27:29.950 +07:00","5423.608","HOT_SWEEP_65","65","0.13790305"
"2026-08-04 11:27:30.664 +07:00","5424.319","HOT_SWEEP_65","65","0.137590468"
"2026-08-04 11:27:31.358 +07:00","5425.019","HOT_SWEEP_65","65","0.138489947"
"2026-08-04 11:27:32.062 +07:00","5425.719","HOT_SWEEP_65","65","0.138249129"
"2026-08-04 11:27:32.758 +07:00","5426.417","HOT_SWEEP_65","65","0.137949541"
"2026-08-04 11:27:33.450 +07:00","5427.109","HOT_SWEEP_65","65","0.138481155"
"2026-08-04 11:27:34.148 +07:00","5427.807","HOT_SWEEP_65","65","0.138295546"
"2026-08-04 11:27:34.838 +07:00","5428.494","HOT_SWEEP_65","65","0.137894988"
"2026-08-04 11:27:35.523 +07:00","5429.179","HOT_SWEEP_65","65","0.13828811"
"2026-08-04 11:27:36.212 +07:00","5429.871","HOT_SWEEP_65","65","0.138190478"
"2026-08-04 11:27:36.901 +07:00","5430.562","HOT_SWEEP_65","65","0.137915045"
"2026-08-04 11:27:37.607 +07:00","5431.266","HOT_SWEEP_65","65","0.13801685"
"2026-08-04 11:27:38.290 +07:00","5431.949","HOT_SWEEP_65","65","0.138028875"
"2026-08-04 11:27:38.979 +07:00","5432.64","HOT_SWEEP_65","65","0.137522668"
"2026-08-04 11:27:39.670 +07:00","5433.331","HOT_SWEEP_65","65","0.137338266"
"2026-08-04 11:27:40.353 +07:00","5434.006","HOT_SWEEP_65","65","0.137908429"
"2026-08-04 11:27:41.033 +07:00","5434.689","HOT_SWEEP_65","65","0.137368903"
"2026-08-04 11:27:41.720 +07:00","5435.379","HOT_SWEEP_65","65","0.137005612"
"2026-08-04 11:27:42.416 +07:00","5436.073","HOT_SWEEP_65","65","0.1378299"
"2026-08-04 11:27:43.096 +07:00","5436.757","HOT_SWEEP_65","65","0.137189701"
"2026-08-04 11:27:43.782 +07:00","5437.443","HOT_SWEEP_65","65","0.136794776"
"2026-08-04 11:27:44.491 +07:00","5438.152","HOT_SWEEP_65","65","0.137687638"
"2026-08-04 11:27:45.174 +07:00","5438.835","HOT_SWEEP_65","65","0.137595445"
"2026-08-04 11:27:45.861 +07:00","5439.52","HOT_SWEEP_65","65","0.13717559"
"2026-08-04 11:27:46.573 +07:00","5440.232","HOT_SWEEP_65","65","0.137567118"
"2026-08-04 11:27:47.256 +07:00","5440.915","HOT_SWEEP_65","65","0.138050288"
"2026-08-04 11:27:47.943 +07:00","5441.604","HOT_SWEEP_65","65","0.137493342"
"2026-08-04 11:27:48.633 +07:00","5442.284","HOT_SWEEP_65","65","0.137488902"
"2026-08-04 11:27:49.318 +07:00","5442.974","HOT_SWEEP_65","65","0.138150781"
"2026-08-04 11:27:49.991 +07:00","5443.652","HOT_SWEEP_65","65","0.137841716"
"2026-08-04 11:27:50.685 +07:00","5444.343","HOT_SWEEP_65","65","0.137567416"
"2026-08-04 11:27:51.390 +07:00","5445.05","HOT_SWEEP_65","65","0.138744742"
"2026-08-04 11:27:52.078 +07:00","5445.736","HOT_SWEEP_65","65","0.138257384"
"2026-08-04 11:27:52.783 +07:00","5446.438","HOT_SWEEP_65","65","0.137919456"
"2026-08-04 11:27:53.481 +07:00","5447.139","HOT_SWEEP_65","65","0.138951659"
"2026-08-04 11:27:54.172 +07:00","5447.831","HOT_SWEEP_65","65","0.138578326"
"2026-08-04 11:27:54.864 +07:00","5448.522","HOT_SWEEP_65","65","0.138343021"
"2026-08-04 11:27:55.553 +07:00","5449.212","HOT_SWEEP_65","65","0.138904884"
"2026-08-04 11:27:56.220 +07:00","5449.881","HOT_SWEEP_65","65","0.139048636"
"2026-08-04 11:27:56.911 +07:00","5450.57","HOT_SWEEP_65","65","0.13866058"
"2026-08-04 11:27:57.586 +07:00","5451.247","HOT_SWEEP_65","65","0.139081359"
"2026-08-04 11:27:58.300 +07:00","5451.947","HOT_SWEEP_65","65","0.13934049"
"2026-08-04 11:27:58.991 +07:00","5452.65","HOT_SWEEP_65","65","0.139209405"
"2026-08-04 11:27:59.680 +07:00","5453.337","HOT_SWEEP_65","65","0.139061704"
"2026-08-04 11:28:00.372 +07:00","5454.031","HOT_SWEEP_65","65","0.13988243"
"2026-08-04 11:28:01.074 +07:00","5454.733","HOT_SWEEP_65","65","0.139614582"
"2026-08-04 11:28:01.764 +07:00","5455.423","HOT_SWEEP_65","65","0.139133081"
"2026-08-04 11:28:02.458 +07:00","5456.117","HOT_SWEEP_65","65","0.140292451"
"2026-08-04 11:28:03.142 +07:00","5456.801","HOT_SWEEP_65","65","0.139906377"
"2026-08-04 11:28:03.832 +07:00","5457.49","HOT_SWEEP_65","65","0.139291599"
"2026-08-04 11:28:04.523 +07:00","5458.183","HOT_SWEEP_65","65","0.140006736"
"2026-08-04 11:28:05.248 +07:00","5458.899","HOT_SWEEP_65","65","0.140123099"
"2026-08-04 11:28:05.962 +07:00","5459.614","HOT_SWEEP_65","65","0.139728084"
"2026-08-04 11:28:06.648 +07:00","5460.309","HOT_SWEEP_65","65","0.139836937"
"2026-08-04 11:28:07.328 +07:00","5460.987","HOT_SWEEP_65","65","0.139877111"
"2026-08-04 11:28:08.015 +07:00","5461.674","HOT_SWEEP_65","65","0.139387265"
"2026-08-04 11:28:08.708 +07:00","5462.367","HOT_SWEEP_65","65","0.139226124"
"2026-08-04 11:28:09.406 +07:00","5463.059","HOT_SWEEP_65","65","0.139271617"
"2026-08-04 11:28:10.098 +07:00","5463.759","HOT_SWEEP_65","65","0.138984054"
"2026-08-04 11:28:10.794 +07:00","5464.454","HOT_SWEEP_65","65","0.138976365"
"2026-08-04 11:28:11.490 +07:00","5465.149","HOT_SWEEP_65","65","0.139014721"
"2026-08-04 11:28:12.204 +07:00","5465.863","HOT_SWEEP_65","65","0.1387178"
"2026-08-04 11:28:12.900 +07:00","5466.56","HOT_SWEEP_65","65","0.138254464"
"2026-08-04 11:28:13.590 +07:00","5467.251","HOT_SWEEP_65","65","0.138328731"
"2026-08-04 11:28:14.274 +07:00","5467.933","HOT_SWEEP_65","65","0.138643652"
"2026-08-04 11:28:14.955 +07:00","5468.614","HOT_SWEEP_65","65","0.138421416"
"2026-08-04 11:28:15.638 +07:00","5469.299","HOT_SWEEP_65","65","0.138525873"
"2026-08-04 11:28:16.322 +07:00","5469.979","HOT_SWEEP_65","65","0.139175728"
"2026-08-04 11:28:16.998 +07:00","5470.659","HOT_SWEEP_65","65","0.138863832"
"2026-08-04 11:28:17.679 +07:00","5471.34","HOT_SWEEP_65","65","0.138789594"
"2026-08-04 11:28:18.387 +07:00","5472.046","HOT_SWEEP_65","65","0.139958441"
"2026-08-04 11:28:19.097 +07:00","5472.754","HOT_SWEEP_65","65","0.13941136"
"2026-08-04 11:28:19.784 +07:00","5473.443","HOT_SWEEP_65","65","0.139316991"
"2026-08-04 11:28:20.478 +07:00","5474.138","HOT_SWEEP_65","65","0.140613973"
"2026-08-04 11:28:21.162 +07:00","5474.819","HOT_SWEEP_65","65","0.140191823"
"2026-08-04 11:28:21.850 +07:00","5475.507","HOT_SWEEP_65","65","0.139829338"
"2026-08-04 11:28:22.540 +07:00","5476.199","HOT_SWEEP_65","65","0.140934706"
"2026-08-04 11:28:23.228 +07:00","5476.885","HOT_SWEEP_65","65","0.140886173"
"2026-08-04 11:28:23.908 +07:00","5477.565","HOT_SWEEP_65","65","0.140734494"
"2026-08-04 11:28:24.608 +07:00","5478.263","HOT_SWEEP_65","65","0.141139895"
"2026-08-04 11:28:25.301 +07:00","5478.96","HOT_SWEEP_65","65","0.14152889"
"2026-08-04 11:28:26.008 +07:00","5479.665","HOT_SWEEP_65","65","0.141499266"
"2026-08-04 11:28:26.695 +07:00","5480.354","HOT_SWEEP_65","65","0.141252249"
"2026-08-04 11:28:27.371 +07:00","5481.032","HOT_SWEEP_65","65","0.142094567"
"2026-08-04 11:28:28.064 +07:00","5481.722","HOT_SWEEP_65","65","0.141909927"
"2026-08-04 11:28:28.760 +07:00","5482.421","HOT_SWEEP_65","65","0.141750157"
"2026-08-04 11:28:29.438 +07:00","5483.096","HOT_SWEEP_65","65","0.142514735"
"2026-08-04 11:28:30.127 +07:00","5483.786","HOT_SWEEP_65","65","0.142205715"
"2026-08-04 11:28:30.823 +07:00","5484.477","HOT_SWEEP_65","65","0.141485184"
"2026-08-04 11:28:31.502 +07:00","5485.163","HOT_SWEEP_65","65","0.142458752"
"2026-08-04 11:28:32.187 +07:00","5485.846","HOT_SWEEP_65","65","0.142378181"
"2026-08-04 11:28:32.892 +07:00","5486.55","HOT_SWEEP_65","65","0.141489357"
"2026-08-04 11:28:33.585 +07:00","5487.241","HOT_SWEEP_65","65","0.142271906"
"2026-08-04 11:28:34.293 +07:00","5487.937","HOT_SWEEP_65","65","0.142601326"
"2026-08-04 11:28:34.972 +07:00","5488.631","HOT_SWEEP_65","65","0.142042249"
"2026-08-04 11:28:35.658 +07:00","5489.317","HOT_SWEEP_65","65","0.14205578"
"2026-08-04 11:28:36.343 +07:00","5489.998","HOT_SWEEP_65","65","0.142536819"
"2026-08-04 11:28:37.038 +07:00","5490.692","HOT_SWEEP_65","65","0.142033055"
"2026-08-04 11:28:37.722 +07:00","5491.382","HOT_SWEEP_65","65","0.141821116"
"2026-08-04 11:28:38.400 +07:00","5492.061","HOT_SWEEP_65","65","0.142292917"
"2026-08-04 11:28:39.088 +07:00","5492.743","HOT_SWEEP_65","65","0.141530439"
"2026-08-04 11:28:39.806 +07:00","5493.465","HOT_SWEEP_65","65","0.14121224"
"2026-08-04 11:28:40.498 +07:00","5494.143","HOT_SWEEP_65","65","0.141682208"
"2026-08-04 11:28:41.179 +07:00","5494.84","HOT_SWEEP_65","65","0.141210645"
"2026-08-04 11:28:41.853 +07:00","5495.514","HOT_SWEEP_65","65","0.140593201"
"2026-08-04 11:28:42.561 +07:00","5496.218","HOT_SWEEP_65","65","0.14113988"
"2026-08-04 11:28:43.251 +07:00","5496.91","HOT_SWEEP_65","65","0.141137302"
"2026-08-04 11:28:43.935 +07:00","5497.594","HOT_SWEEP_65","65","0.140626848"
"2026-08-04 11:28:44.628 +07:00","5498.289","HOT_SWEEP_65","65","0.140680507"
"2026-08-04 11:28:45.320 +07:00","5498.972","HOT_SWEEP_65","65","0.141328126"
"2026-08-04 11:28:46.000 +07:00","5499.661","HOT_SWEEP_65","65","0.140853345"
"2026-08-04 11:28:46.705 +07:00","5500.363","HOT_SWEEP_65","65","0.140933096"
"2026-08-04 11:28:47.400 +07:00","5501.059","HOT_SWEEP_65","65","0.141912848"
"2026-08-04 11:28:48.084 +07:00","5501.743","HOT_SWEEP_65","65","0.141359165"
"2026-08-04 11:28:48.768 +07:00","5502.427","HOT_SWEEP_65","65","0.140925318"
"2026-08-04 11:28:49.460 +07:00","5503.119","HOT_SWEEP_65","65","0.141976684"
"2026-08-04 11:28:50.147 +07:00","5503.805","HOT_SWEEP_65","65","0.141376033"
"2026-08-04 11:28:50.835 +07:00","5504.494","HOT_SWEEP_65","65","0.140812308"
"2026-08-04 11:28:51.526 +07:00","5505.184","HOT_SWEEP_65","65","0.14204891"
"2026-08-04 11:28:52.212 +07:00","5505.872","HOT_SWEEP_65","65","0.141510352"
"2026-08-04 11:28:52.901 +07:00","5506.56","HOT_SWEEP_65","65","0.141267806"
"2026-08-04 11:28:53.609 +07:00","5507.268","HOT_SWEEP_65","65","0.141818956"
"2026-08-04 11:28:54.296 +07:00","5507.957","HOT_SWEEP_65","65","0.142191976"
"2026-08-04 11:28:54.996 +07:00","5508.653","HOT_SWEEP_65","65","0.14187564"
"2026-08-04 11:28:55.691 +07:00","5509.346","HOT_SWEEP_65","65","0.141917318"
"2026-08-04 11:28:56.377 +07:00","5510.038","HOT_SWEEP_65","65","0.14255634"
"2026-08-04 11:28:57.055 +07:00","5510.716","HOT_SWEEP_65","65","0.142480344"
"2026-08-04 11:28:57.761 +07:00","5511.416","HOT_SWEEP_65","65","0.142375201"
"2026-08-04 11:28:58.461 +07:00","5512.12","HOT_SWEEP_65","65","0.143105656"
"2026-08-04 11:28:59.143 +07:00","5512.801","HOT_SWEEP_65","65","0.143153176"
"2026-08-04 11:28:59.815 +07:00","5513.476","HOT_SWEEP_65","65","0.14258039"
"2026-08-04 11:29:00.540 +07:00","5514.201","HOT_SWEEP_65","65","0.143184766"
"2026-08-04 11:29:01.234 +07:00","5514.892","HOT_SWEEP_65","65","0.143216401"
"2026-08-04 11:29:01.924 +07:00","5515.585","HOT_SWEEP_65","65","0.142742902"
"2026-08-04 11:29:02.617 +07:00","5516.274","HOT_SWEEP_65","65","0.143542171"
"2026-08-04 11:29:03.294 +07:00","5516.955","HOT_SWEEP_65","65","0.143705159"
"2026-08-04 11:29:03.990 +07:00","5517.651","HOT_SWEEP_65","65","0.143329874"
"2026-08-04 11:29:04.677 +07:00","5518.33","HOT_SWEEP_65","65","0.143519476"
"2026-08-04 11:29:05.358 +07:00","5519.019","HOT_SWEEP_65","65","0.143923417"
"2026-08-04 11:29:06.057 +07:00","5519.702","HOT_SWEEP_65","65","0.143386722"
"2026-08-04 11:29:06.749 +07:00","5520.408","HOT_SWEEP_65","65","0.143449515"
"2026-08-04 11:29:07.453 +07:00","5521.113","HOT_SWEEP_65","65","0.143980742"
"2026-08-04 11:29:08.152 +07:00","5521.813","HOT_SWEEP_65","65","0.143233702"
"2026-08-04 11:29:08.833 +07:00","5522.492","HOT_SWEEP_65","65","0.142934352"
"2026-08-04 11:29:09.526 +07:00","5523.183","HOT_SWEEP_65","65","0.143340454"
"2026-08-04 11:29:10.217 +07:00","5523.862","HOT_SWEEP_65","65","0.143005162"
"2026-08-04 11:29:10.907 +07:00","5524.566","HOT_SWEEP_65","65","0.142521083"
"2026-08-04 11:29:11.594 +07:00","5525.253","HOT_SWEEP_65","65","0.142822251"
"2026-08-04 11:29:12.284 +07:00","5525.945","HOT_SWEEP_65","65","0.142855734"
"2026-08-04 11:29:12.971 +07:00","5526.632","HOT_SWEEP_65","65","0.142520294"
"2026-08-04 11:29:13.668 +07:00","5527.324","HOT_SWEEP_65","65","0.142460078"
"2026-08-04 11:29:14.386 +07:00","5528.045","HOT_SWEEP_65","65","0.143299296"
"2026-08-04 11:29:15.073 +07:00","5528.724","HOT_SWEEP_65","65","0.143217191"
"2026-08-04 11:29:15.755 +07:00","5529.413","HOT_SWEEP_65","65","0.143192813"
"2026-08-04 11:29:16.450 +07:00","5530.11","HOT_SWEEP_65","65","0.144177914"
"2026-08-04 11:29:17.138 +07:00","5530.792","HOT_SWEEP_65","65","0.143689334"
"2026-08-04 11:29:17.815 +07:00","5531.476","HOT_SWEEP_65","65","0.143636405"
"2026-08-04 11:29:18.508 +07:00","5532.165","HOT_SWEEP_65","65","0.14484778"
"2026-08-04 11:29:19.190 +07:00","5532.85","HOT_SWEEP_65","65","0.144318074"
"2026-08-04 11:29:19.877 +07:00","5533.538","HOT_SWEEP_65","65","0.143983006"
"2026-08-04 11:29:20.566 +07:00","5534.225","HOT_SWEEP_65","65","0.145123675"
"2026-08-04 11:29:21.270 +07:00","5534.931","HOT_SWEEP_65","65","0.144950613"
"2026-08-04 11:29:21.943 +07:00","5535.604","HOT_SWEEP_65","65","0.144415349"
"2026-08-04 11:29:22.640 +07:00","5536.294","HOT_SWEEP_65","65","0.144586235"
"2026-08-04 11:29:23.338 +07:00","5536.995","HOT_SWEEP_65","65","0.144989789"
"2026-08-04 11:29:24.019 +07:00","5537.676","HOT_SWEEP_65","65","0.144776434"
"2026-08-04 11:29:24.718 +07:00","5538.376","HOT_SWEEP_65","65","0.14456141"
"2026-08-04 11:29:25.414 +07:00","5539.075","HOT_SWEEP_65","65","0.145306095"
"2026-08-04 11:29:26.099 +07:00","5539.756","HOT_SWEEP_65","65","0.145304292"
"2026-08-04 11:29:26.786 +07:00","5540.445","HOT_SWEEP_65","65","0.144886926"
"2026-08-04 11:29:27.477 +07:00","5541.136","HOT_SWEEP_65","65","0.145768791"
"2026-08-04 11:29:28.177 +07:00","5541.836","HOT_SWEEP_65","65","0.145313933"
"2026-08-04 11:29:28.857 +07:00","5542.516","HOT_SWEEP_65","65","0.144736916"
"2026-08-04 11:29:29.553 +07:00","5543.212","HOT_SWEEP_65","65","0.145765245"
"2026-08-04 11:29:30.235 +07:00","5543.896","HOT_SWEEP_65","65","0.145607948"
"2026-08-04 11:29:30.932 +07:00","5544.587","HOT_SWEEP_65","65","0.14493449"
"2026-08-04 11:29:31.615 +07:00","5545.276","HOT_SWEEP_65","65","0.145436078"
"2026-08-04 11:29:32.299 +07:00","5545.958","HOT_SWEEP_65","65","0.145740062"
"2026-08-04 11:29:32.991 +07:00","5546.652","HOT_SWEEP_65","65","0.144995272"
"2026-08-04 11:29:33.685 +07:00","5547.343","HOT_SWEEP_65","65","0.145414963"
"2026-08-04 11:29:34.379 +07:00","5548.038","HOT_SWEEP_65","65","0.145938247"
"2026-08-04 11:29:35.093 +07:00","5548.752","HOT_SWEEP_65","65","0.145460412"
"2026-08-04 11:29:35.782 +07:00","5549.44","HOT_SWEEP_65","65","0.145257026"
"2026-08-04 11:29:36.481 +07:00","5550.14","HOT_SWEEP_65","65","0.145688653"
"2026-08-04 11:29:37.162 +07:00","5550.821","HOT_SWEEP_65","65","0.145102456"
"2026-08-04 11:29:37.846 +07:00","5551.503","HOT_SWEEP_65","65","0.144553095"
"2026-08-04 11:29:38.536 +07:00","5552.186","HOT_SWEEP_65","65","0.145120934"
"2026-08-04 11:29:39.231 +07:00","5552.877","HOT_SWEEP_65","65","0.144536555"
"2026-08-04 11:29:39.916 +07:00","5553.573","HOT_SWEEP_65","65","0.144179776"
"2026-08-04 11:29:40.607 +07:00","5554.263","HOT_SWEEP_65","65","0.144483"
"2026-08-04 11:29:41.299 +07:00","5554.958","HOT_SWEEP_65","65","0.144358039"
"2026-08-04 11:29:42.010 +07:00","5555.664","HOT_SWEEP_65","65","0.143919051"
"2026-08-04 11:29:42.699 +07:00","5556.354","HOT_SWEEP_65","65","0.143958911"
"2026-08-04 11:29:43.391 +07:00","5557.05","HOT_SWEEP_65","65","0.144856066"
"2026-08-04 11:29:44.091 +07:00","5557.75","HOT_SWEEP_65","65","0.144509301"
"2026-08-04 11:29:44.784 +07:00","5558.437","HOT_SWEEP_65","65","0.14454776"
"2026-08-04 11:29:45.466 +07:00","5559.127","HOT_SWEEP_65","65","0.1455369"
"2026-08-04 11:29:46.154 +07:00","5559.813","HOT_SWEEP_65","65","0.145250201"
"2026-08-04 11:29:46.855 +07:00","5560.515","HOT_SWEEP_65","65","0.144953191"
"2026-08-04 11:29:47.542 +07:00","5561.202","HOT_SWEEP_65","65","0.145528078"
"2026-08-04 11:29:48.231 +07:00","5561.889","HOT_SWEEP_65","65","0.145214021"
"2026-08-04 11:29:48.951 +07:00","5562.608","HOT_SWEEP_65","65","0.145145223"
"2026-08-04 11:29:49.640 +07:00","5563.3","HOT_SWEEP_65","65","0.145772621"
"2026-08-04 11:29:50.327 +07:00","5563.986","HOT_SWEEP_65","65","0.145693287"
"2026-08-04 11:29:51.018 +07:00","5564.676","HOT_SWEEP_65","65","0.145367488"
"2026-08-04 11:29:51.708 +07:00","5565.363","HOT_SWEEP_65","65","0.145416647"
"2026-08-04 11:29:52.395 +07:00","5566.052","HOT_SWEEP_65","65","0.145822629"
"2026-08-04 11:29:53.080 +07:00","5566.741","HOT_SWEEP_65","65","0.145438537"
"2026-08-04 11:29:53.770 +07:00","5567.425","HOT_SWEEP_65","65","0.145344451"
"2026-08-04 11:29:54.463 +07:00","5568.124","HOT_SWEEP_65","65","0.146322712"
"2026-08-04 11:29:55.155 +07:00","5568.811","HOT_SWEEP_65","65","0.146135405"
"2026-08-04 11:29:55.885 +07:00","5569.546","HOT_SWEEP_65","65","0.145452186"
"2026-08-04 11:29:56.570 +07:00","5570.225","HOT_SWEEP_65","65","0.145911664"
"2026-08-04 11:29:57.258 +07:00","5570.917","HOT_SWEEP_65","65","0.14552775"
"2026-08-04 11:29:57.950 +07:00","5571.611","HOT_SWEEP_65","65","0.145209283"
"2026-08-04 11:29:58.656 +07:00","5572.315","HOT_SWEEP_65","65","0.145846814"
"2026-08-04 11:29:59.354 +07:00","5573.011","HOT_SWEEP_65","65","0.145828128"
"2026-08-04 11:30:00.050 +07:00","5573.691","HOT_SWEEP_65","65","0.145605564"
"2026-08-04 11:30:00.742 +07:00","5574.393","HOT_SWEEP_65","65","0.145537823"
"2026-08-04 11:30:01.444 +07:00","5575.091","HOT_SWEEP_65","65","0.14548865"
"2026-08-04 11:30:02.140 +07:00","5575.781","HOT_SWEEP_65","65","0.145221144"
"2026-08-04 11:30:02.874 +07:00","5576.509","HOT_SWEEP_65","65","0.145269483"
"2026-08-04 11:30:03.557 +07:00","5577.205","HOT_SWEEP_65","65","0.145541653"
"2026-08-04 11:30:04.244 +07:00","5577.894","HOT_SWEEP_65","65","0.145540237"
"2026-08-04 11:30:04.945 +07:00","5578.593","HOT_SWEEP_65","65","0.145324275"
"2026-08-04 11:30:05.649 +07:00","5579.285","HOT_SWEEP_65","65","0.145218223"
"2026-08-04 11:30:06.346 +07:00","5579.988","HOT_SWEEP_65","65","0.145063341"
"2026-08-04 11:30:07.048 +07:00","5580.693","HOT_SWEEP_65","65","0.145024776"
"2026-08-04 11:30:07.758 +07:00","5581.398","HOT_SWEEP_65","65","0.145026311"
"2026-08-04 11:30:08.441 +07:00","5582.086","HOT_SWEEP_65","65","0.144963413"
"2026-08-04 11:30:09.140 +07:00","5582.791","HOT_SWEEP_65","65","0.144965723"
"2026-08-04 11:30:09.857 +07:00","5583.508","HOT_SWEEP_65","65","0.144894972"
"2026-08-04 11:30:10.543 +07:00","5584.194","HOT_SWEEP_65","65","0.145118862"
"2026-08-04 11:30:11.242 +07:00","5584.887","HOT_SWEEP_65","65","0.144821852"
"2026-08-04 11:30:11.939 +07:00","5585.588","HOT_SWEEP_65","65","0.144994289"
"2026-08-04 11:30:12.644 +07:00","5586.292","HOT_SWEEP_65","65","0.145253628"
"2026-08-04 11:30:13.365 +07:00","5586.995","HOT_SWEEP_65","65","0.145085305"
"2026-08-04 11:30:14.065 +07:00","5587.711","HOT_SWEEP_65","65","0.144987911"
"2026-08-04 11:30:14.772 +07:00","5588.42","HOT_SWEEP_65","65","0.145100668"
"2026-08-04 11:30:15.473 +07:00","5589.118","HOT_SWEEP_65","65","0.145138472"
"2026-08-04 11:30:16.175 +07:00","5589.82","HOT_SWEEP_65","65","0.145196542"
"2026-08-04 11:30:16.897 +07:00","5590.546","HOT_SWEEP_65","65","0.145413637"
"2026-08-04 11:30:17.605 +07:00","5591.244","HOT_SWEEP_65","65","0.145133302"
"2026-08-04 11:30:18.305 +07:00","5591.95","HOT_SWEEP_65","65","0.145489022"
"2026-08-04 11:30:18.998 +07:00","5592.648","HOT_SWEEP_65","65","0.145533726"
"2026-08-04 11:30:19.706 +07:00","5593.354","HOT_SWEEP_65","65","0.144750059"
"2026-08-04 11:30:20.414 +07:00","5594.061","HOT_SWEEP_65","65","0.144856364"
"2026-08-04 11:30:21.120 +07:00","5594.766","HOT_SWEEP_65","65","0.145039693"
"2026-08-04 11:30:21.824 +07:00","5595.469","HOT_SWEEP_65","65","0.144761398"
"2026-08-04 11:30:22.512 +07:00","5596.16","HOT_SWEEP_65","65","0.14430581"
"2026-08-04 11:30:23.195 +07:00","5596.856","HOT_SWEEP_65","65","0.144307718"
"2026-08-04 11:30:23.935 +07:00","5597.579","HOT_SWEEP_65","65","0.14419575"
"2026-08-04 11:30:24.630 +07:00","5598.275","HOT_SWEEP_65","65","0.143527582"
"2026-08-04 11:30:25.331 +07:00","5598.974","HOT_SWEEP_65","65","0.143493652"
"2026-08-04 11:30:26.033 +07:00","5599.679","HOT_SWEEP_65","65","0.143676758"
"2026-08-04 11:30:26.754 +07:00","5600.379","HOT_SWEEP_65","65","0.143510908"
"2026-08-04 11:30:27.462 +07:00","5601.11","HOT_SWEEP_65","65","0.143697292"
"2026-08-04 11:30:28.173 +07:00","5601.808","HOT_SWEEP_65","65","0.143872127"
"2026-08-04 11:30:28.874 +07:00","5602.525","HOT_SWEEP_65","65","0.144049913"
"2026-08-04 11:30:29.577 +07:00","5603.226","HOT_SWEEP_65","65","0.143755063"
"2026-08-04 11:30:30.274 +07:00","5603.925","HOT_SWEEP_65","65","0.144129604"
"2026-08-04 11:30:30.985 +07:00","5604.626","HOT_SWEEP_65","65","0.144566879"
"2026-08-04 11:30:31.700 +07:00","5605.339","HOT_SWEEP_65","65","0.144349605"
"2026-08-04 11:30:32.395 +07:00","5606.053","HOT_SWEEP_65","65","0.144550189"
"2026-08-04 11:30:33.085 +07:00","5606.736","HOT_SWEEP_65","65","0.145008534"
"2026-08-04 11:30:33.784 +07:00","5607.426","HOT_SWEEP_65","65","0.144910142"
"2026-08-04 11:30:34.477 +07:00","5608.126","HOT_SWEEP_65","65","0.144659057"
"2026-08-04 11:30:35.165 +07:00","5608.815","HOT_SWEEP_65","65","0.144993588"
"2026-08-04 11:30:35.864 +07:00","5609.515","HOT_SWEEP_65","65","0.144872233"
"2026-08-04 11:30:36.569 +07:00","5610.22","HOT_SWEEP_65","65","0.145179749"
"2026-08-04 11:30:37.266 +07:00","5610.91","HOT_SWEEP_65","65","0.145249948"
"2026-08-04 11:30:37.985 +07:00","5611.635","HOT_SWEEP_65","65","0.144876525"
"2026-08-04 11:30:38.685 +07:00","5612.336","HOT_SWEEP_65","65","0.14495042"
"2026-08-04 11:30:39.375 +07:00","5613.022","HOT_SWEEP_65","65","0.145123973"
"2026-08-04 11:30:40.064 +07:00","5613.715","HOT_SWEEP_65","65","0.144818723"
"2026-08-04 11:30:40.770 +07:00","5614.422","HOT_SWEEP_65","65","0.14505139"
"2026-08-04 11:30:41.473 +07:00","5615.117","HOT_SWEEP_65","65","0.144831851"
"2026-08-04 11:30:42.180 +07:00","5615.816","HOT_SWEEP_65","65","0.144544363"
"2026-08-04 11:30:42.877 +07:00","5616.509","HOT_SWEEP_65","65","0.144687369"
"2026-08-04 11:30:43.655 +07:00","5617.236","HOT_SWEEP_65","65","0.144381642"
"2026-08-04 11:30:44.361 +07:00","5618.006","HOT_SWEEP_65","65","0.144248232"
"2026-08-04 11:30:45.080 +07:00","5618.727","HOT_SWEEP_65","65","0.144761592"
"2026-08-04 11:30:45.789 +07:00","5619.425","HOT_SWEEP_65","65","0.143974766"
"2026-08-04 11:30:46.496 +07:00","5620.134","HOT_SWEEP_65","65","0.143737674"
"2026-08-04 11:30:47.185 +07:00","5620.834","HOT_SWEEP_65","65","0.144191653"
"2026-08-04 11:30:47.897 +07:00","5621.537","HOT_SWEEP_65","65","0.144275427"
"2026-08-04 11:30:48.598 +07:00","5622.25","HOT_SWEEP_65","65","0.14399533"
"2026-08-04 11:30:49.296 +07:00","5622.945","HOT_SWEEP_65","65","0.144556254"
"2026-08-04 11:30:50.000 +07:00","5623.645","HOT_SWEEP_65","65","0.145191446"
"2026-08-04 11:30:50.686 +07:00","5624.347","HOT_SWEEP_65","65","0.144394845"
"2026-08-04 11:30:51.401 +07:00","5625.046","HOT_SWEEP_65","65","0.144870907"
"2026-08-04 11:30:52.124 +07:00","5625.761","HOT_SWEEP_65","65","0.145125806"
"2026-08-04 11:30:52.818 +07:00","5626.462","HOT_SWEEP_65","65","0.145315528"
"2026-08-04 11:30:53.542 +07:00","5627.164","HOT_SWEEP_65","65","0.145096391"
"2026-08-04 11:30:54.243 +07:00","5627.888","HOT_SWEEP_65","65","0.145332634"
"2026-08-04 11:30:54.941 +07:00","5628.591","HOT_SWEEP_65","65","0.145349562"
"2026-08-04 11:30:55.634 +07:00","5629.279","HOT_SWEEP_65","65","0.144817308"
"2026-08-04 11:30:56.325 +07:00","5629.975","HOT_SWEEP_65","65","0.14509961"
"2026-08-04 11:30:57.029 +07:00","5630.661","HOT_SWEEP_65","65","0.144928366"
"2026-08-04 11:30:57.730 +07:00","5631.38","HOT_SWEEP_65","65","0.144734532"
"2026-08-04 11:30:58.431 +07:00","5632.076","HOT_SWEEP_65","65","0.144895718"
"2026-08-04 11:30:59.137 +07:00","5632.796","HOT_SWEEP_65","65","0.145079106"
"2026-08-04 11:30:59.818 +07:00","5633.479","HOT_SWEEP_65","65","0.144878894"
"2026-08-04 11:31:00.527 +07:00","5634.179","HOT_SWEEP_65","65","0.144682989"
"2026-08-04 11:31:01.221 +07:00","5634.855","HOT_SWEEP_65","65","0.144789055"
"2026-08-04 11:31:01.928 +07:00","5635.576","HOT_SWEEP_65","65","0.14462702"
"2026-08-04 11:31:02.633 +07:00","5636.272","HOT_SWEEP_65","65","0.144568339"
"2026-08-04 11:31:03.337 +07:00","5636.987","HOT_SWEEP_65","65","0.144552737"
"2026-08-04 11:31:04.029 +07:00","5637.679","HOT_SWEEP_65","65","0.14476195"
"2026-08-04 11:31:04.729 +07:00","5638.377","HOT_SWEEP_65","65","0.144520268"
"2026-08-04 11:31:05.419 +07:00","5639.07","HOT_SWEEP_65","65","0.144439548"
"2026-08-04 11:31:06.163 +07:00","5639.789","HOT_SWEEP_65","65","0.144326285"
"2026-08-04 11:31:06.860 +07:00","5640.506","HOT_SWEEP_65","65","0.144557267"
"2026-08-04 11:31:07.587 +07:00","5641.235","HOT_SWEEP_65","65","0.144626647"
"2026-08-04 11:31:08.267 +07:00","5641.912","HOT_SWEEP_65","65","0.144617766"
"2026-08-04 11:31:08.976 +07:00","5642.621","HOT_SWEEP_65","65","0.14513202"
"2026-08-04 11:31:09.671 +07:00","5643.317","HOT_SWEEP_65","65","0.144966915"
"2026-08-04 11:31:10.353 +07:00","5644.001","HOT_SWEEP_65","65","0.144918561"
"2026-08-04 11:31:11.048 +07:00","5644.697","HOT_SWEEP_65","65","0.145137265"
"2026-08-04 11:31:11.759 +07:00","5645.404","HOT_SWEEP_65","65","0.145287126"
"2026-08-04 11:31:12.451 +07:00","5646.101","HOT_SWEEP_65","65","0.145261332"
"2026-08-04 11:31:13.158 +07:00","5646.819","HOT_SWEEP_65","65","0.145598158"
"2026-08-04 11:31:13.872 +07:00","5647.517","HOT_SWEEP_65","65","0.14545682099999999"
"2026-08-04 11:31:14.566 +07:00","5648.211","HOT_SWEEP_65","65","0.145392984"
"2026-08-04 11:31:15.262 +07:00","5648.903","HOT_SWEEP_65","65","0.145584896"
"2026-08-04 11:31:15.939 +07:00","5649.585","HOT_SWEEP_65","65","0.145415172"
"2026-08-04 11:31:16.636 +07:00","5650.287","HOT_SWEEP_65","65","0.145826429"
"2026-08-04 11:31:17.326 +07:00","5650.971","HOT_SWEEP_65","65","0.145913869"
"2026-08-04 11:31:18.021 +07:00","5651.666","HOT_SWEEP_65","65","0.145576432"
"2026-08-04 11:31:18.717 +07:00","5652.362","HOT_SWEEP_65","65","0.146068394"
"2026-08-04 11:31:19.409 +07:00","5653.055","HOT_SWEEP_65","65","0.146136761"
"2026-08-04 11:31:20.105 +07:00","5653.766","HOT_SWEEP_65","65","0.145702004"
"2026-08-04 11:31:20.793 +07:00","5654.434","HOT_SWEEP_65","65","0.145814031"
"2026-08-04 11:31:21.493 +07:00","5655.138","HOT_SWEEP_65","65","0.146130055"
"2026-08-04 11:31:22.188 +07:00","5655.833","HOT_SWEEP_65","65","0.145740658"
"2026-08-04 11:31:22.869 +07:00","5656.53","HOT_SWEEP_65","65","0.145564497"
"2026-08-04 11:31:23.562 +07:00","5657.207","HOT_SWEEP_65","65","0.145776257"
"2026-08-04 11:31:24.257 +07:00","5657.914","HOT_SWEEP_65","65","0.145313084"
"2026-08-04 11:31:24.952 +07:00","5658.613","HOT_SWEEP_65","65","0.144981831"
"2026-08-04 11:31:25.642 +07:00","5659.275","HOT_SWEEP_65","65","0.145102873"
"2026-08-04 11:31:26.330 +07:00","5659.991","HOT_SWEEP_65","65","0.144697323"
"2026-08-04 11:31:27.060 +07:00","5660.705","HOT_SWEEP_65","65","0.144493043"
"2026-08-04 11:31:27.755 +07:00","5661.405","HOT_SWEEP_65","65","0.144648477"
"2026-08-04 11:31:28.447 +07:00","5662.095","HOT_SWEEP_65","65","0.145287603"
"2026-08-04 11:31:29.147 +07:00","5662.798","HOT_SWEEP_65","65","0.145069391"
"2026-08-04 11:31:29.849 +07:00","5663.493","HOT_SWEEP_65","65","0.145001471"
"2026-08-04 11:31:30.546 +07:00","5664.201","HOT_SWEEP_65","65","0.145632669"
"2026-08-04 11:31:31.249 +07:00","5664.888","HOT_SWEEP_65","65","0.14561829"
"2026-08-04 11:31:31.953 +07:00","5665.594","HOT_SWEEP_65","65","0.145707101"
"2026-08-04 11:31:32.669 +07:00","5666.315","HOT_SWEEP_65","65","0.146289289"
"2026-08-04 11:31:33.363 +07:00","5667.007","HOT_SWEEP_65","65","0.146382034"
"2026-08-04 11:31:34.060 +07:00","5667.71","HOT_SWEEP_65","65","0.146555156"
"2026-08-04 11:31:34.744 +07:00","5668.389","HOT_SWEEP_65","65","0.146911681"
"2026-08-04 11:31:35.445 +07:00","5669.096","HOT_SWEEP_65","65","0.146615341"
"2026-08-04 11:31:36.144 +07:00","5669.795","HOT_SWEEP_65","65","0.146819547"
"2026-08-04 11:31:36.849 +07:00","5670.495","HOT_SWEEP_65","65","0.146902472"
"2026-08-04 11:31:37.551 +07:00","5671.203","HOT_SWEEP_65","65","0.1470007"
"2026-08-04 11:31:38.247 +07:00","5671.892","HOT_SWEEP_65","65","0.147215798"
"2026-08-04 11:31:38.942 +07:00","5672.587","HOT_SWEEP_65","65","0.147151113"
"2026-08-04 11:31:39.642 +07:00","5673.29","HOT_SWEEP_65","65","0.14699766"
"2026-08-04 11:31:40.342 +07:00","5673.994","HOT_SWEEP_65","65","0.147199064"
"2026-08-04 11:31:41.054 +07:00","5674.699","HOT_SWEEP_65","65","0.146970034"
"2026-08-04 11:31:41.756 +07:00","5675.403","HOT_SWEEP_65","65","0.146867946"
"2026-08-04 11:31:42.466 +07:00","5676.106","HOT_SWEEP_65","65","0.146953985"
"2026-08-04 11:31:43.173 +07:00","5676.81","HOT_SWEEP_65","65","0.146836147"
"2026-08-04 11:31:43.893 +07:00","5677.524","HOT_SWEEP_65","65","0.146821648"
"2026-08-04 11:31:44.590 +07:00","5678.237","HOT_SWEEP_65","65","0.1463411"
"2026-08-04 11:31:45.307 +07:00","5678.947","HOT_SWEEP_65","65","0.14639011"
"2026-08-04 11:31:45.997 +07:00","5679.658","HOT_SWEEP_65","65","0.1464867"
"2026-08-04 11:31:46.697 +07:00","5680.345","HOT_SWEEP_65","65","0.145905972"
"2026-08-04 11:31:47.406 +07:00","5681.044","HOT_SWEEP_65","65","0.145902276"
"2026-08-04 11:31:48.133 +07:00","5681.773","HOT_SWEEP_65","65","0.146111697"
"2026-08-04 11:31:48.837 +07:00","5682.468","HOT_SWEEP_65","65","0.145891532"
"2026-08-04 11:31:49.524 +07:00","5683.169","HOT_SWEEP_65","65","0.145872891"
"2026-08-04 11:31:50.225 +07:00","5683.872","HOT_SWEEP_65","65","0.146291584"
"2026-08-04 11:31:50.909 +07:00","5684.57","HOT_SWEEP_65","65","0.14642182"
"2026-08-04 11:31:51.628 +07:00","5685.273","HOT_SWEEP_65","65","0.146441981"
"2026-08-04 11:31:52.331 +07:00","5685.98","HOT_SWEEP_65","65","0.146487877"
"2026-08-04 11:31:53.021 +07:00","5686.666","HOT_SWEEP_65","65","0.146951586"
"2026-08-04 11:31:53.727 +07:00","5687.375","HOT_SWEEP_65","65","0.147050589"
"2026-08-04 11:31:54.421 +07:00","5688.062","HOT_SWEEP_65","65","0.147135824"
"2026-08-04 11:31:55.139 +07:00","5688.789","HOT_SWEEP_65","65","0.147605643"
"2026-08-04 11:31:55.839 +07:00","5689.484","HOT_SWEEP_65","65","0.147568598"
"2026-08-04 11:31:56.546 +07:00","5690.188","HOT_SWEEP_65","65","0.147501662"
"2026-08-04 11:31:57.235 +07:00","5690.896","HOT_SWEEP_65","65","0.147497267"
"2026-08-04 11:31:57.936 +07:00","5691.576","HOT_SWEEP_65","65","0.147664979"
"2026-08-04 11:31:58.639 +07:00","5692.275","HOT_SWEEP_65","65","0.147635683"
"2026-08-04 11:31:59.350 +07:00","5692.989","HOT_SWEEP_65","65","0.147850513"
"2026-08-04 11:32:00.051 +07:00","5693.697","HOT_SWEEP_65","65","0.147633106"
"2026-08-04 11:32:00.767 +07:00","5694.409","HOT_SWEEP_65","65","0.147462368"
"2026-08-04 11:32:01.458 +07:00","5695.111","HOT_SWEEP_65","65","0.147714943"
"2026-08-04 11:32:02.184 +07:00","5695.829","HOT_SWEEP_65","65","0.147645026"
"2026-08-04 11:32:02.908 +07:00","5696.535","HOT_SWEEP_65","65","0.147710949"
"2026-08-04 11:32:03.616 +07:00","5697.265","HOT_SWEEP_65","65","0.147257254"
"2026-08-04 11:32:04.321 +07:00","5697.971","HOT_SWEEP_65","65","0.147486448"
"2026-08-04 11:32:05.016 +07:00","5698.661","HOT_SWEEP_65","65","0.147781521"
"2026-08-04 11:32:05.719 +07:00","5699.36","HOT_SWEEP_65","65","0.146834329"
"2026-08-04 11:32:06.434 +07:00","5700.081","HOT_SWEEP_65","65","0.14712432"
"2026-08-04 11:32:07.131 +07:00","5700.779","HOT_SWEEP_65","65","0.147803724"
"2026-08-04 11:32:07.825 +07:00","5701.47","HOT_SWEEP_65","65","0.147365525"
"2026-08-04 11:32:08.528 +07:00","5702.177","HOT_SWEEP_65","65","0.147276729"
"2026-08-04 11:32:09.240 +07:00","5702.892","HOT_SWEEP_65","65","0.147615835"
"2026-08-04 11:32:09.936 +07:00","5703.581","HOT_SWEEP_65","65","0.148080289"
"2026-08-04 11:32:10.644 +07:00","5704.296","HOT_SWEEP_65","65","0.148078367"
"2026-08-04 11:32:11.343 +07:00","5704.994","HOT_SWEEP_65","65","0.148275703"
"2026-08-04 11:32:12.039 +07:00","5705.689","HOT_SWEEP_65","65","0.148435742"
"2026-08-04 11:32:12.740 +07:00","5706.389","HOT_SWEEP_65","65","0.148579538"
"2026-08-04 11:32:13.432 +07:00","5707.082","HOT_SWEEP_65","65","0.14875409"
"2026-08-04 11:32:14.137 +07:00","5707.773","HOT_SWEEP_65","65","0.148864865"
"2026-08-04 11:32:14.836 +07:00","5708.483","HOT_SWEEP_65","65","0.148971826"
"2026-08-04 11:32:15.528 +07:00","5709.175","HOT_SWEEP_65","65","0.148992538"
"2026-08-04 11:32:16.239 +07:00","5709.892","HOT_SWEEP_65","65","0.149296358"
"2026-08-04 11:32:16.942 +07:00","5710.591","HOT_SWEEP_65","65","0.14902778"
"2026-08-04 11:32:17.641 +07:00","5711.291","HOT_SWEEP_65","65","0.149054646"
"2026-08-04 11:32:18.341 +07:00","5711.992","HOT_SWEEP_65","65","0.149253845"
"2026-08-04 11:32:19.039 +07:00","5712.69","HOT_SWEEP_65","65","0.148920387"
"2026-08-04 11:32:19.750 +07:00","5713.393","HOT_SWEEP_65","65","0.14922359599999999"
"2026-08-04 11:32:20.442 +07:00","5714.091","HOT_SWEEP_65","65","0.149437442"
"2026-08-04 11:32:21.139 +07:00","5714.789","HOT_SWEEP_65","65","0.149123937"
"2026-08-04 11:32:21.841 +07:00","5715.49","HOT_SWEEP_65","65","0.149211451"
"2026-08-04 11:32:22.539 +07:00","5716.189","HOT_SWEEP_65","65","0.149024934"
"2026-08-04 11:32:23.254 +07:00","5716.905","HOT_SWEEP_65","65","0.14885065"
"2026-08-04 11:32:23.957 +07:00","5717.605","HOT_SWEEP_65","65","0.148892343"
"2026-08-04 11:32:24.655 +07:00","5718.304","HOT_SWEEP_65","65","0.148588881"
"2026-08-04 11:32:25.358 +07:00","5719.004","HOT_SWEEP_65","65","0.148408011"
"2026-08-04 11:32:26.053 +07:00","5719.704","HOT_SWEEP_65","65","0.148667127"
"2026-08-04 11:32:26.752 +07:00","5720.404","HOT_SWEEP_65","65","0.148239285"
"2026-08-04 11:32:27.452 +07:00","5721.103","HOT_SWEEP_65","65","0.148160249"
"2026-08-04 11:32:28.156 +07:00","5721.804","HOT_SWEEP_65","65","0.1483334"
"2026-08-04 11:32:28.870 +07:00","5722.519","HOT_SWEEP_65","65","0.148410887"
"2026-08-04 11:32:29.570 +07:00","5723.219","HOT_SWEEP_65","65","0.148633763"
"2026-08-04 11:32:30.282 +07:00","5723.934","HOT_SWEEP_65","65","0.14874272"
"2026-08-04 11:32:31.002 +07:00","5724.636","HOT_SWEEP_65","65","0.148928851"
"2026-08-04 11:32:31.698 +07:00","5725.349","HOT_SWEEP_65","65","0.149010062"
"2026-08-04 11:32:32.387 +07:00","5726.039","HOT_SWEEP_65","65","0.149445772"
"2026-08-04 11:32:33.085 +07:00","5726.733","HOT_SWEEP_65","65","0.1495983"
"2026-08-04 11:32:33.786 +07:00","5727.434","HOT_SWEEP_65","65","0.149802759"
"2026-08-04 11:32:34.483 +07:00","5728.133","HOT_SWEEP_65","65","0.149761349"
"2026-08-04 11:32:35.184 +07:00","5728.831","HOT_SWEEP_65","65","0.150079399"
"2026-08-04 11:32:35.882 +07:00","5729.533","HOT_SWEEP_65","65","0.149849504"
"2026-08-04 11:32:36.581 +07:00","5730.233","HOT_SWEEP_65","65","0.149783045"
"2026-08-04 11:32:37.297 +07:00","5730.949","HOT_SWEEP_65","65","0.14991729"
"2026-08-04 11:32:37.998 +07:00","5731.648","HOT_SWEEP_65","65","0.149996847"
"2026-08-04 11:32:38.694 +07:00","5732.348","HOT_SWEEP_65","65","0.149737328"
"2026-08-04 11:32:39.404 +07:00","5733.049","HOT_SWEEP_65","65","0.149605215"
"2026-08-04 11:32:40.099 +07:00","5733.747","HOT_SWEEP_65","65","0.149523243"
"2026-08-04 11:32:40.805 +07:00","5734.448","HOT_SWEEP_65","65","0.149299249"
"2026-08-04 11:32:41.498 +07:00","5735.147","HOT_SWEEP_65","65","0.149376169"
"2026-08-04 11:32:42.197 +07:00","5735.846","HOT_SWEEP_65","65","0.149319991"
"2026-08-04 11:32:42.899 +07:00","5736.546","HOT_SWEEP_65","65","0.149459779"
"2026-08-04 11:32:43.602 +07:00","5737.246","HOT_SWEEP_65","65","0.149101585"
"2026-08-04 11:32:44.317 +07:00","5737.964","HOT_SWEEP_65","65","0.149131507"
"2026-08-04 11:32:45.013 +07:00","5738.658","HOT_SWEEP_65","65","0.149007991"
"2026-08-04 11:32:45.725 +07:00","5739.376","HOT_SWEEP_65","65","0.14876613"
"2026-08-04 11:32:46.424 +07:00","5740.075","HOT_SWEEP_65","65","0.148971125"
"2026-08-04 11:32:47.124 +07:00","5740.773","HOT_SWEEP_65","65","0.149206594"
"2026-08-04 11:32:47.826 +07:00","5741.477","HOT_SWEEP_65","65","0.14881295"
"2026-08-04 11:32:48.517 +07:00","5742.168","HOT_SWEEP_65","65","0.148791268"
"2026-08-04 11:32:49.222 +07:00","5742.87","HOT_SWEEP_65","65","0.149061605"
"2026-08-04 11:32:49.930 +07:00","5743.573","HOT_SWEEP_65","65","0.148997635"
"2026-08-04 11:32:50.622 +07:00","5744.283","HOT_SWEEP_65","65","0.149026513"
"2026-08-04 11:32:51.340 +07:00","5744.992","HOT_SWEEP_65","65","0.148889914"
"2026-08-04 11:32:52.027 +07:00","5745.672","HOT_SWEEP_65","65","0.149088576"
"2026-08-04 11:32:52.725 +07:00","5746.376","HOT_SWEEP_65","65","0.149375513"
"2026-08-04 11:32:53.435 +07:00","5747.07","HOT_SWEEP_65","65","0.149212629"
"2026-08-04 11:32:54.127 +07:00","5747.778","HOT_SWEEP_65","65","0.149214596"
"2026-08-04 11:32:54.823 +07:00","5748.474","HOT_SWEEP_65","65","0.149615586"
"2026-08-04 11:32:55.535 +07:00","5749.169","HOT_SWEEP_65","65","0.149590656"
"2026-08-04 11:32:56.232 +07:00","5749.883","HOT_SWEEP_65","65","0.14947018"
"2026-08-04 11:32:56.924 +07:00","5750.568","HOT_SWEEP_65","65","0.149200723"
"2026-08-04 11:32:57.621 +07:00","5751.272","HOT_SWEEP_65","65","0.149231747"
"2026-08-04 11:32:58.341 +07:00","5751.99","HOT_SWEEP_65","65","0.149687514"
"2026-08-04 11:32:59.030 +07:00","5752.691","HOT_SWEEP_65","65","0.149536341"
"2026-08-04 11:32:59.719 +07:00","5753.365","HOT_SWEEP_65","65","0.149403825"
"2026-08-04 11:33:00.416 +07:00","5754.061","HOT_SWEEP_65","65","0.14948377"
"2026-08-04 11:33:01.108 +07:00","5754.755","HOT_SWEEP_65","65","0.149269149"
"2026-08-04 11:33:01.801 +07:00","5755.448","HOT_SWEEP_65","65","0.149397105"
"2026-08-04 11:33:02.506 +07:00","5756.156","HOT_SWEEP_65","65","0.149430454"
"2026-08-04 11:33:03.203 +07:00","5756.854","HOT_SWEEP_65","65","0.149266973"
"2026-08-04 11:33:03.894 +07:00","5757.544","HOT_SWEEP_65","65","0.149531886"
"2026-08-04 11:33:04.588 +07:00","5758.233","HOT_SWEEP_65","65","0.149415731"
"2026-08-04 11:33:05.303 +07:00","5758.954","HOT_SWEEP_65","65","0.14902176"
"2026-08-04 11:33:05.988 +07:00","5759.649","HOT_SWEEP_65","65","0.148786813"
"2026-08-04 11:33:06.690 +07:00","5760.338","HOT_SWEEP_65","65","0.148767278"
"2026-08-04 11:33:07.398 +07:00","5761.046","HOT_SWEEP_65","65","0.148570567"
"2026-08-04 11:33:08.101 +07:00","5761.747","HOT_SWEEP_65","65","0.148486093"
"2026-08-04 11:33:08.792 +07:00","5762.437","HOT_SWEEP_65","65","0.148177579"
"2026-08-04 11:33:09.487 +07:00","5763.136","HOT_SWEEP_65","65","0.148145407"
"2026-08-04 11:33:10.196 +07:00","5763.831","HOT_SWEEP_65","65","0.147916272"
"2026-08-04 11:33:10.888 +07:00","5764.537","HOT_SWEEP_65","65","0.14787513"
"2026-08-04 11:33:11.576 +07:00","5765.228","HOT_SWEEP_65","65","0.14830777"
"2026-08-04 11:33:12.301 +07:00","5765.952","HOT_SWEEP_65","65","0.147963285"
"2026-08-04 11:33:12.996 +07:00","5766.657","HOT_SWEEP_65","65","0.148166314"
"2026-08-04 11:33:13.695 +07:00","5767.345","HOT_SWEEP_65","65","0.148291558"
"2026-08-04 11:33:14.392 +07:00","5768.04","HOT_SWEEP_65","65","0.14817664"
"2026-08-04 11:33:15.082 +07:00","5768.736","HOT_SWEEP_65","65","0.148244247"
"2026-08-04 11:33:15.780 +07:00","5769.429","HOT_SWEEP_65","65","0.14855203"
"2026-08-04 11:33:16.469 +07:00","5770.119","HOT_SWEEP_65","65","0.148492739"
"2026-08-04 11:33:17.168 +07:00","5770.82","HOT_SWEEP_65","65","0.14839071"
"2026-08-04 11:33:17.866 +07:00","5771.513","HOT_SWEEP_65","65","0.148466393"
"2026-08-04 11:33:18.559 +07:00","5772.21","HOT_SWEEP_65","65","0.148503542"
"2026-08-04 11:33:19.263 +07:00","5772.91","HOT_SWEEP_65","65","0.148639113"
"2026-08-04 11:33:19.953 +07:00","5773.6","HOT_SWEEP_65","65","0.148338243"
"2026-08-04 11:33:20.673 +07:00","5774.296","HOT_SWEEP_65","65","0.149096102"
"2026-08-04 11:33:21.373 +07:00","5775.015","HOT_SWEEP_65","65","0.148822948"
"2026-08-04 11:33:22.062 +07:00","5775.711","HOT_SWEEP_65","65","0.148389339"
"2026-08-04 11:33:22.750 +07:00","5776.395","HOT_SWEEP_65","65","0.148760721"
"2026-08-04 11:33:23.446 +07:00","5777.093","HOT_SWEEP_65","65","0.148721233"
"2026-08-04 11:33:24.128 +07:00","5777.789","HOT_SWEEP_65","65","0.14852187"
"2026-08-04 11:33:24.820 +07:00","5778.481","HOT_SWEEP_65","65","0.148647785"
"2026-08-04 11:33:25.527 +07:00","5779.157","HOT_SWEEP_65","65","0.148719937"
"2026-08-04 11:33:26.243 +07:00","5779.888","HOT_SWEEP_65","65","0.148328632"
"2026-08-04 11:33:26.937 +07:00","5780.577","HOT_SWEEP_65","65","0.14849776"
"2026-08-04 11:33:27.626 +07:00","5781.283","HOT_SWEEP_65","65","0.148276418"
"2026-08-04 11:33:28.312 +07:00","5781.973","HOT_SWEEP_65","65","0.148153573"
"2026-08-04 11:33:29.010 +07:00","5782.655","HOT_SWEEP_65","65","0.148072511"
"2026-08-04 11:33:29.714 +07:00","5783.356","HOT_SWEEP_65","65","0.14822346"
"2026-08-04 11:33:30.408 +07:00","5784.058","HOT_SWEEP_65","65","0.147828296"
"2026-08-04 11:33:31.093 +07:00","5784.754","HOT_SWEEP_65","65","0.147748917"
"2026-08-04 11:33:31.786 +07:00","5785.432","HOT_SWEEP_65","65","0.147717267"
"2026-08-04 11:33:32.478 +07:00","5786.123","HOT_SWEEP_65","65","0.147533193"
"2026-08-04 11:33:33.191 +07:00","5786.837","HOT_SWEEP_65","65","0.147320628"
"2026-08-04 11:33:33.893 +07:00","5787.54","HOT_SWEEP_65","65","0.147173747"
"2026-08-04 11:33:34.596 +07:00","5788.235","HOT_SWEEP_65","65","0.147728965"
"2026-08-04 11:33:35.292 +07:00","5788.937","HOT_SWEEP_65","65","0.147454262"
"2026-08-04 11:33:35.990 +07:00","5789.636","HOT_SWEEP_65","65","0.147442192"
"2026-08-04 11:33:36.690 +07:00","5790.34","HOT_SWEEP_65","65","0.147873878"
"2026-08-04 11:33:37.395 +07:00","5791.034","HOT_SWEEP_65","65","0.147786275"
"2026-08-04 11:33:38.094 +07:00","5791.743","HOT_SWEEP_65","65","0.147781685"
"2026-08-04 11:33:38.787 +07:00","5792.437","HOT_SWEEP_65","65","0.148463801"
"2026-08-04 11:33:39.484 +07:00","5793.137","HOT_SWEEP_65","65","0.148760393"
"2026-08-04 11:33:40.191 +07:00","5793.83","HOT_SWEEP_65","65","0.148998186"
"2026-08-04 11:33:40.892 +07:00","5794.541","HOT_SWEEP_65","65","0.149028882"
"2026-08-04 11:33:41.600 +07:00","5795.251","HOT_SWEEP_65","65","0.149095565"
"2026-08-04 11:33:42.282 +07:00","5795.942","HOT_SWEEP_65","65","0.14948447"
"2026-08-04 11:33:43.013 +07:00","5796.631","HOT_SWEEP_65","65","0.149413973"
"2026-08-04 11:33:43.723 +07:00","5797.368","HOT_SWEEP_65","65","0.149820358"
"2026-08-04 11:33:44.404 +07:00","5798.065","HOT_SWEEP_65","65","0.150123686"
"2026-08-04 11:33:45.093 +07:00","5798.744","HOT_SWEEP_65","65","0.15009281"
"2026-08-04 11:33:45.773 +07:00","5799.424","HOT_SWEEP_65","65","0.150173947"
"2026-08-04 11:33:46.463 +07:00","5800.108","HOT_SWEEP_65","65","0.150099874"
"2026-08-04 11:33:47.182 +07:00","5800.824","HOT_SWEEP_65","65","0.149918392"
"2026-08-04 11:33:47.883 +07:00","5801.532","HOT_SWEEP_65","65","0.150216401"
"2026-08-04 11:33:48.586 +07:00","5802.221","HOT_SWEEP_65","65","0.150298178"
"2026-08-04 11:33:49.276 +07:00","5802.926","HOT_SWEEP_65","65","0.149957895"
"2026-08-04 11:33:49.964 +07:00","5803.625","HOT_SWEEP_65","65","0.150121331"
"2026-08-04 11:33:50.678 +07:00","5804.315","HOT_SWEEP_65","65","0.14992407"
"2026-08-04 11:33:51.369 +07:00","5805.028","HOT_SWEEP_65","65","0.149531633"
"2026-08-04 11:33:52.062 +07:00","5805.715","HOT_SWEEP_65","65","0.149451375"
"2026-08-04 11:33:52.753 +07:00","5806.402","HOT_SWEEP_65","65","0.149512857"
"2026-08-04 11:33:53.450 +07:00","5807.085","HOT_SWEEP_65","65","0.14936325"
"2026-08-04 11:33:54.176 +07:00","5807.828","HOT_SWEEP_65","65","0.149253994"
"2026-08-04 11:33:54.892 +07:00","5808.528","HOT_SWEEP_65","65","0.149145797"
"2026-08-04 11:33:55.580 +07:00","5809.225","HOT_SWEEP_65","65","0.149339363"
"2026-08-04 11:33:56.275 +07:00","5809.923","HOT_SWEEP_65","65","0.149362221"
"2026-08-04 11:33:56.976 +07:00","5810.618","HOT_SWEEP_65","65","0.149451926"
"2026-08-04 11:33:57.676 +07:00","5811.327","HOT_SWEEP_65","65","0.149609476"
"2026-08-04 11:33:58.372 +07:00","5812.021","HOT_SWEEP_65","65","0.149524301"
"2026-08-04 11:33:59.070 +07:00","5812.715","HOT_SWEEP_65","65","0.149761409"
"2026-08-04 11:33:59.774 +07:00","5813.424","HOT_SWEEP_65","65","0.150193423"
"2026-08-04 11:34:00.476 +07:00","5814.127","HOT_SWEEP_65","65","0.150221244"
"2026-08-04 11:34:01.182 +07:00","5814.827","HOT_SWEEP_65","65","0.150522903"
"2026-08-04 11:34:01.895 +07:00","5815.526","HOT_SWEEP_65","65","0.150575191"
"2026-08-04 11:34:02.660 +07:00","5816.256","HOT_SWEEP_65","65","0.150461838"
"2026-08-04 11:34:03.415 +07:00","5817.012","HOT_SWEEP_65","65","0.150690764"
"2026-08-04 11:34:04.136 +07:00","5817.785","HOT_SWEEP_65","65","0.150813788"
"2026-08-04 11:34:04.833 +07:00","5818.484","HOT_SWEEP_65","65","0.149636775"
"2026-08-04 11:34:05.533 +07:00","5819.178","HOT_SWEEP_65","65","0.150504038"
"2026-08-04 11:34:06.233 +07:00","5819.873","HOT_SWEEP_65","65","0.150950983"
"2026-08-04 11:34:06.916 +07:00","5820.561","HOT_SWEEP_65","65","0.149680451"
"2026-08-04 11:34:07.603 +07:00","5821.26","HOT_SWEEP_65","65","0.149714559"
"2026-08-04 11:34:08.324 +07:00","5821.969","HOT_SWEEP_65","65","0.150277704"
"2026-08-04 11:34:09.016 +07:00","5822.671","HOT_SWEEP_65","65","0.150310725"
"2026-08-04 11:34:09.718 +07:00","5823.363","HOT_SWEEP_65","65","0.149339229"
"2026-08-04 11:34:10.409 +07:00","5824.066","HOT_SWEEP_65","65","0.14992173"
"2026-08-04 11:34:11.117 +07:00","5824.765","HOT_SWEEP_65","65","0.150165543"
"2026-08-04 11:34:11.835 +07:00","5825.472","HOT_SWEEP_65","65","0.150200024"
"2026-08-04 11:34:12.528 +07:00","5826.176","HOT_SWEEP_65","65","0.150237411"
"2026-08-04 11:34:13.220 +07:00","5826.869","HOT_SWEEP_65","65","0.150159225"
"2026-08-04 11:34:13.910 +07:00","5827.562","HOT_SWEEP_65","65","0.150236577"
"2026-08-04 11:34:14.617 +07:00","5828.266","HOT_SWEEP_65","65","0.150413841"
"2026-08-04 11:34:15.354 +07:00","5828.985","HOT_SWEEP_65","65","0.15043655"
"2026-08-04 11:34:16.052 +07:00","5829.699","HOT_SWEEP_65","65","0.150685146"
"2026-08-04 11:34:16.749 +07:00","5830.402","HOT_SWEEP_65","65","0.150764272"
"2026-08-04 11:34:17.433 +07:00","5831.09","HOT_SWEEP_65","65","0.15075174"
"2026-08-04 11:34:18.119 +07:00","5831.78","HOT_SWEEP_65","65","0.150987223"
"2026-08-04 11:34:18.835 +07:00","5832.48","HOT_SWEEP_65","65","0.151042402"
"2026-08-04 11:34:19.533 +07:00","5833.186","HOT_SWEEP_65","65","0.15117301"
"2026-08-04 11:34:20.234 +07:00","5833.882","HOT_SWEEP_65","65","0.151446298"
"2026-08-04 11:34:20.933 +07:00","5834.58","HOT_SWEEP_65","65","0.151433319"
"2026-08-04 11:34:21.621 +07:00","5835.262","HOT_SWEEP_65","65","0.151361093"
"2026-08-04 11:34:22.318 +07:00","5835.979","HOT_SWEEP_65","65","0.151507601"
"2026-08-04 11:34:23.020 +07:00","5836.668","HOT_SWEEP_65","65","0.151337206"
"2026-08-04 11:34:23.716 +07:00","5837.362","HOT_SWEEP_65","65","0.151685983"
"2026-08-04 11:34:24.415 +07:00","5838.06","HOT_SWEEP_65","65","0.15179792"
"2026-08-04 11:34:25.115 +07:00","5838.761","HOT_SWEEP_65","65","0.151619166"
"2026-08-04 11:34:25.822 +07:00","5839.461","HOT_SWEEP_65","65","0.15189001"
"2026-08-04 11:34:26.516 +07:00","5840.161","HOT_SWEEP_65","65","0.151896387"
"2026-08-04 11:34:27.219 +07:00","5840.862","HOT_SWEEP_65","65","0.151817024"
"2026-08-04 11:34:27.928 +07:00","5841.574","HOT_SWEEP_65","65","0.152088672"
"2026-08-04 11:34:28.629 +07:00","5842.274","HOT_SWEEP_65","65","0.15216428"
"2026-08-04 11:34:29.337 +07:00","5842.982","HOT_SWEEP_65","65","0.151933298"
"2026-08-04 11:34:30.039 +07:00","5843.688","HOT_SWEEP_65","65","0.151770324"
"2026-08-04 11:34:30.729 +07:00","5844.376","HOT_SWEEP_65","65","0.151525989"
"2026-08-04 11:34:31.437 +07:00","5845.082","HOT_SWEEP_65","65","0.151269928"
"2026-08-04 11:34:32.128 +07:00","5845.774","HOT_SWEEP_65","65","0.151371986"
"2026-08-04 11:34:32.831 +07:00","5846.477","HOT_SWEEP_65","65","0.151204377"
"2026-08-04 11:34:33.541 +07:00","5847.19","HOT_SWEEP_65","65","0.151056319"
"2026-08-04 11:34:34.265 +07:00","5847.891","HOT_SWEEP_65","65","0.151088133"
"2026-08-04 11:34:34.962 +07:00","5848.605","HOT_SWEEP_65","65","0.150911421"
"2026-08-04 11:34:35.659 +07:00","5849.304","HOT_SWEEP_65","65","0.150877237"
"2026-08-04 11:34:36.382 +07:00","5850.031","HOT_SWEEP_65","65","0.151131362"
"2026-08-04 11:34:37.098 +07:00","5850.731","HOT_SWEEP_65","65","0.151599631"
"2026-08-04 11:34:37.797 +07:00","5851.438","HOT_SWEEP_65","65","0.151413351"
"2026-08-04 11:34:38.491 +07:00","5852.143","HOT_SWEEP_65","65","0.151929662"
"2026-08-04 11:34:39.191 +07:00","5852.836","HOT_SWEEP_65","65","0.152305603"
"2026-08-04 11:34:39.875 +07:00","5853.536","HOT_SWEEP_65","65","0.152151138"
"2026-08-04 11:34:40.590 +07:00","5854.239","HOT_SWEEP_65","65","0.152358875"
"2026-08-04 11:34:41.289 +07:00","5854.937","HOT_SWEEP_65","65","0.152698189"
"2026-08-04 11:34:41.990 +07:00","5855.644","HOT_SWEEP_65","65","0.152789995"
"2026-08-04 11:34:42.675 +07:00","5856.336","HOT_SWEEP_65","65","0.152576298"
"2026-08-04 11:34:43.390 +07:00","5857.037","HOT_SWEEP_65","65","0.152743489"
"2026-08-04 11:34:44.087 +07:00","5857.738","HOT_SWEEP_65","65","0.152479529"
"2026-08-04 11:34:44.787 +07:00","5858.432","HOT_SWEEP_65","65","0.152589396"
"2026-08-04 11:34:45.472 +07:00","5859.133","HOT_SWEEP_65","65","0.152502358"
"2026-08-04 11:34:46.172 +07:00","5859.82","HOT_SWEEP_65","65","0.152485192"
"2026-08-04 11:34:46.878 +07:00","5860.516","HOT_SWEEP_65","65","0.152493462"
"2026-08-04 11:34:47.574 +07:00","5861.22","HOT_SWEEP_65","65","0.152406394"
"2026-08-04 11:34:48.266 +07:00","5861.917","HOT_SWEEP_65","65","0.152100816"
"2026-08-04 11:34:48.970 +07:00","5862.618","HOT_SWEEP_65","65","0.151978642"
"2026-08-04 11:34:49.659 +07:00","5863.308","HOT_SWEEP_65","65","0.151912004"
"2026-08-04 11:34:50.377 +07:00","5864.027","HOT_SWEEP_65","65","0.151606664"
"2026-08-04 11:34:51.070 +07:00","5864.731","HOT_SWEEP_65","65","0.151546136"
"2026-08-04 11:34:51.769 +07:00","5865.421","HOT_SWEEP_65","65","0.151212901"
"2026-08-04 11:34:52.465 +07:00","5866.119","HOT_SWEEP_65","65","0.150983945"
"2026-08-04 11:34:53.163 +07:00","5866.81","HOT_SWEEP_65","65","0.150747985"
"2026-08-04 11:34:53.855 +07:00","5867.5","HOT_SWEEP_65","65","0.150664195"
"2026-08-04 11:34:54.535 +07:00","5868.18","HOT_SWEEP_65","65","0.150593102"
"2026-08-04 11:34:55.238 +07:00","5868.891","HOT_SWEEP_65","65","0.150475293"
"2026-08-04 11:34:55.935 +07:00","5869.578","HOT_SWEEP_65","65","0.150512353"
"2026-08-04 11:34:56.633 +07:00","5870.283","HOT_SWEEP_65","65","0.151026517"
"2026-08-04 11:34:57.349 +07:00","5870.998","HOT_SWEEP_65","65","0.150982067"
"2026-08-04 11:34:58.065 +07:00","5871.695","HOT_SWEEP_65","65","0.151053861"
"2026-08-04 11:34:58.758 +07:00","5872.404","HOT_SWEEP_65","65","0.151740998"
"2026-08-04 11:34:59.462 +07:00","5873.107","HOT_SWEEP_65","65","0.151726052"
"2026-08-04 11:35:00.150 +07:00","5873.803","HOT_SWEEP_65","65","0.151785761"
"2026-08-04 11:35:00.848 +07:00","5874.501","HOT_SWEEP_65","65","0.152181983"
"2026-08-04 11:35:01.548 +07:00","5875.203","HOT_SWEEP_65","65","0.152214319"
"2026-08-04 11:35:02.235 +07:00","5875.884","HOT_SWEEP_65","65","0.152491495"
"2026-08-04 11:35:02.933 +07:00","5876.58","HOT_SWEEP_65","65","0.152810022"
"2026-08-04 11:35:03.622 +07:00","5877.267","HOT_SWEEP_65","65","0.152855128"
"2026-08-04 11:35:04.331 +07:00","5877.98","HOT_SWEEP_65","65","0.153348178"
"2026-08-04 11:35:05.028 +07:00","5878.673","HOT_SWEEP_65","65","0.153384462"
"2026-08-04 11:35:05.734 +07:00","5879.38","HOT_SWEEP_65","65","0.153767541"
"2026-08-04 11:35:06.427 +07:00","5880.072","HOT_SWEEP_65","65","0.153810859"
"2026-08-04 11:35:07.114 +07:00","5880.773","HOT_SWEEP_65","65","0.153485194"
"2026-08-04 11:35:07.825 +07:00","5881.462","HOT_SWEEP_65","65","0.153903097"
"2026-08-04 11:35:08.519 +07:00","5882.165","HOT_SWEEP_65","65","0.153957814"
"2026-08-04 11:35:09.222 +07:00","5882.869","HOT_SWEEP_65","65","0.153628007"
"2026-08-04 11:35:09.917 +07:00","5883.569","HOT_SWEEP_65","65","0.153759077"
"2026-08-04 11:35:10.607 +07:00","5884.257","HOT_SWEEP_65","65","0.153693154"
"2026-08-04 11:35:11.322 +07:00","5884.972","HOT_SWEEP_65","65","0.153082818"
"2026-08-04 11:35:12.015 +07:00","5885.665","HOT_SWEEP_65","65","0.152934909"
"2026-08-04 11:35:12.710 +07:00","5886.358","HOT_SWEEP_65","65","0.152658239"
"2026-08-04 11:35:13.413 +07:00","5887.062","HOT_SWEEP_65","65","0.152369976"
"2026-08-04 11:35:14.111 +07:00","5887.76","HOT_SWEEP_65","65","0.152559802"
"2026-08-04 11:35:14.815 +07:00","5888.466","HOT_SWEEP_65","65","0.152600497"
"2026-08-04 11:35:15.504 +07:00","5889.151","HOT_SWEEP_65","65","0.152410984"
"2026-08-04 11:35:16.200 +07:00","5889.846","HOT_SWEEP_65","65","0.152401164"
"2026-08-04 11:35:16.911 +07:00","5890.551","HOT_SWEEP_65","65","0.152299255"
"2026-08-04 11:35:17.606 +07:00","5891.267","HOT_SWEEP_65","65","0.152599543"
"2026-08-04 11:35:18.305 +07:00","5891.961","HOT_SWEEP_65","65","0.152596936"
"2026-08-04 11:35:19.019 +07:00","5892.652","HOT_SWEEP_65","65","0.152791038"
"2026-08-04 11:35:19.734 +07:00","5893.379","HOT_SWEEP_65","65","0.153457433"
"2026-08-04 11:35:20.438 +07:00","5894.077","HOT_SWEEP_65","65","0.15362978"
"2026-08-04 11:35:21.130 +07:00","5894.775","HOT_SWEEP_65","65","0.153770044"
"2026-08-04 11:35:21.825 +07:00","5895.476","HOT_SWEEP_65","65","0.153861031"
"2026-08-04 11:35:22.513 +07:00","5896.164","HOT_SWEEP_65","65","0.153948158"
"2026-08-04 11:35:23.219 +07:00","5896.852","HOT_SWEEP_65","65","0.15412648"
"2026-08-04 11:35:23.916 +07:00","5897.557","HOT_SWEEP_65","65","0.154310495"
"2026-08-04 11:35:24.604 +07:00","5898.253","HOT_SWEEP_65","65","0.154157326"
"2026-08-04 11:35:25.304 +07:00","5898.965","HOT_SWEEP_65","65","0.154370636"
"2026-08-04 11:35:26.000 +07:00","5899.657","HOT_SWEEP_65","65","0.154452443"
"2026-08-04 11:35:26.686 +07:00","5900.335","HOT_SWEEP_65","65","0.1543051"
"2026-08-04 11:35:27.371 +07:00","5901.017","HOT_SWEEP_65","65","0.154268622"
"2026-08-04 11:35:28.073 +07:00","5901.711","HOT_SWEEP_65","65","0.153953627"
"2026-08-04 11:35:28.759 +07:00","5902.406","HOT_SWEEP_65","65","0.154459447"
"2026-08-04 11:35:29.471 +07:00","5903.103","HOT_SWEEP_65","65","0.154304102"
"2026-08-04 11:35:30.165 +07:00","5903.826","HOT_SWEEP_65","65","0.153882504"
"2026-08-04 11:35:30.860 +07:00","5904.51","HOT_SWEEP_65","65","0.154368356"
"2026-08-04 11:35:31.560 +07:00","5905.195","HOT_SWEEP_65","65","0.154541939"
"2026-08-04 11:35:32.257 +07:00","5905.914","HOT_SWEEP_65","65","0.154028296"
"2026-08-04 11:35:32.943 +07:00","5906.604","HOT_SWEEP_65","65","0.154104739"
"2026-08-04 11:35:33.657 +07:00","5907.308","HOT_SWEEP_65","65","0.154156953"
"2026-08-04 11:35:34.351 +07:00","5907.999","HOT_SWEEP_65","65","0.153773531"
"2026-08-04 11:35:35.054 +07:00","5908.704","HOT_SWEEP_65","65","0.153555915"
"2026-08-04 11:35:35.748 +07:00","5909.393","HOT_SWEEP_65","65","0.153472453"
"2026-08-04 11:35:36.450 +07:00","5910.091","HOT_SWEEP_65","65","0.153367519"
"2026-08-04 11:35:37.152 +07:00","5910.797","HOT_SWEEP_65","65","0.153332606"
"2026-08-04 11:35:37.851 +07:00","5911.495","HOT_SWEEP_65","65","0.153347164"
"2026-08-04 11:35:38.547 +07:00","5912.192","HOT_SWEEP_65","65","0.153114453"
"2026-08-04 11:35:39.264 +07:00","5912.908","HOT_SWEEP_65","65","0.153137743"
"2026-08-04 11:35:39.983 +07:00","5913.611","HOT_SWEEP_65","65","0.153011739"
"2026-08-04 11:35:40.683 +07:00","5914.326","HOT_SWEEP_65","65","0.153400272"
"2026-08-04 11:35:41.366 +07:00","5915.023","HOT_SWEEP_65","65","0.153439507"
"2026-08-04 11:35:42.057 +07:00","5915.704","HOT_SWEEP_65","65","0.153778374"
"2026-08-04 11:35:42.745 +07:00","5916.407","HOT_SWEEP_65","65","0.154062822"
"2026-08-04 11:35:43.449 +07:00","5917.098","HOT_SWEEP_65","65","0.153908417"
"2026-08-04 11:35:44.144 +07:00","5917.794","HOT_SWEEP_65","65","0.15404065"
"2026-08-04 11:35:44.868 +07:00","5918.499","HOT_SWEEP_65","65","0.15427649"
"2026-08-04 11:35:45.568 +07:00","5919.201","HOT_SWEEP_65","65","0.154261917"
"2026-08-04 11:35:46.297 +07:00","5919.952","HOT_SWEEP_65","65","0.154503942"
"2026-08-04 11:35:46.993 +07:00","5920.638","HOT_SWEEP_65","65","0.154414192"
"2026-08-04 11:35:47.697 +07:00","5921.347","HOT_SWEEP_65","65","0.154194355"
"2026-08-04 11:35:48.387 +07:00","5922.039","HOT_SWEEP_65","65","0.154555097"
"2026-08-04 11:35:49.087 +07:00","5922.735","HOT_SWEEP_65","65","0.154469475"
"2026-08-04 11:35:49.788 +07:00","5923.435","HOT_SWEEP_65","65","0.154414147"
"2026-08-04 11:35:50.490 +07:00","5924.136","HOT_SWEEP_65","65","0.154689834"
"2026-08-04 11:35:51.190 +07:00","5924.844","HOT_SWEEP_65","65","0.15472272"
"2026-08-04 11:35:51.893 +07:00","5925.543","HOT_SWEEP_65","65","0.154557079"
"2026-08-04 11:35:52.592 +07:00","5926.237","HOT_SWEEP_65","65","0.154685184"
"2026-08-04 11:35:53.305 +07:00","5926.95","HOT_SWEEP_65","65","0.154729456"
"2026-08-04 11:35:53.992 +07:00","5927.653","HOT_SWEEP_65","65","0.154726163"
"2026-08-04 11:35:54.689 +07:00","5928.342","HOT_SWEEP_65","65","0.154443279"
"2026-08-04 11:35:55.372 +07:00","5929.017","HOT_SWEEP_65","65","0.154242724"
"2026-08-04 11:35:56.059 +07:00","5929.704","HOT_SWEEP_65","65","0.154198676"
"2026-08-04 11:35:56.756 +07:00","5930.401","HOT_SWEEP_65","65","0.154256791"
"2026-08-04 11:35:57.467 +07:00","5931.103","HOT_SWEEP_65","65","0.154030785"
"2026-08-04 11:35:58.182 +07:00","5931.814","HOT_SWEEP_65","65","0.153925627"
"2026-08-04 11:35:58.878 +07:00","5932.529","HOT_SWEEP_65","65","0.153731138"
"2026-08-04 11:35:59.568 +07:00","5933.217","HOT_SWEEP_65","65","0.15352194"
"2026-08-04 11:36:00.284 +07:00","5933.933","HOT_SWEEP_65","65","0.153370053"
"2026-08-04 11:36:00.987 +07:00","5934.617","HOT_SWEEP_65","65","0.153326586"
"2026-08-04 11:36:01.684 +07:00","5935.335","HOT_SWEEP_65","65","0.153622493"
"2026-08-04 11:36:02.385 +07:00","5936.03","HOT_SWEEP_65","65","0.153511956"
"2026-08-04 11:36:03.083 +07:00","5936.732","HOT_SWEEP_65","65","0.153554633"
"2026-08-04 11:36:03.784 +07:00","5937.429","HOT_SWEEP_65","65","0.153511167"
"2026-08-04 11:36:04.484 +07:00","5938.129","HOT_SWEEP_65","65","0.153731495"
"2026-08-04 11:36:05.168 +07:00","5938.829","HOT_SWEEP_65","65","0.153715432"
"2026-08-04 11:36:05.868 +07:00","5939.514","HOT_SWEEP_65","65","0.154043093"
"2026-08-04 11:36:06.565 +07:00","5940.214","HOT_SWEEP_65","65","0.154039532"
"2026-08-04 11:36:07.287 +07:00","5940.938","HOT_SWEEP_65","65","0.154129177"
"2026-08-04 11:36:07.982 +07:00","5941.627","HOT_SWEEP_65","65","0.15440321"
"2026-08-04 11:36:08.678 +07:00","5942.33","HOT_SWEEP_65","65","0.154373974"
"2026-08-04 11:36:09.381 +07:00","5943.031","HOT_SWEEP_65","65","0.154460773"
"2026-08-04 11:36:10.088 +07:00","5943.728","HOT_SWEEP_65","65","0.154376313"
"2026-08-04 11:36:10.767 +07:00","5944.428","HOT_SWEEP_65","65","0.154655635"
"2026-08-04 11:36:11.495 +07:00","5945.134","HOT_SWEEP_65","65","0.154569626"
"2026-08-04 11:36:12.187 +07:00","5945.842","HOT_SWEEP_65","65","0.15437223"
"2026-08-04 11:36:12.867 +07:00","5946.528","HOT_SWEEP_65","65","0.154195532"
"2026-08-04 11:36:13.574 +07:00","5947.219","HOT_SWEEP_65","65","0.154306263"
"2026-08-04 11:36:14.294 +07:00","5947.94","HOT_SWEEP_65","65","0.154119447"
"2026-08-04 11:36:14.996 +07:00","5948.652","HOT_SWEEP_65","65","0.154067695"
"2026-08-04 11:36:15.684 +07:00","5949.345","HOT_SWEEP_65","65","0.153805256"
"2026-08-04 11:36:16.378 +07:00","5950.023","HOT_SWEEP_65","65","0.1536659"
"2026-08-04 11:36:17.072 +07:00","5950.719","HOT_SWEEP_65","65","0.153532237"
"2026-08-04 11:36:17.762 +07:00","5951.407","HOT_SWEEP_65","65","0.153189108"
"2026-08-04 11:36:18.465 +07:00","5952.109","HOT_SWEEP_65","65","0.152750522"
"2026-08-04 11:36:19.158 +07:00","5952.803","HOT_SWEEP_65","65","0.152633354"
"2026-08-04 11:36:19.859 +07:00","5953.508","HOT_SWEEP_65","65","0.152617916"
"2026-08-04 11:36:20.542 +07:00","5954.203","HOT_SWEEP_65","65","0.152242512"
"2026-08-04 11:36:21.275 +07:00","5954.925","HOT_SWEEP_65","65","0.151702255"
"2026-08-04 11:36:21.960 +07:00","5955.621","HOT_SWEEP_65","65","0.151432842"
"2026-08-04 11:36:22.660 +07:00","5956.302","HOT_SWEEP_65","65","0.151680693"
"2026-08-04 11:36:23.359 +07:00","5957.02","HOT_SWEEP_65","65","0.151447073"
"2026-08-04 11:36:24.058 +07:00","5957.703","HOT_SWEEP_65","65","0.151460394"
"2026-08-04 11:36:24.759 +07:00","5958.4","HOT_SWEEP_65","65","0.151658669"
"2026-08-04 11:36:25.452 +07:00","5959.101","HOT_SWEEP_65","65","0.151609659"
"2026-08-04 11:36:26.124 +07:00","5959.785","HOT_SWEEP_65","65","0.151639387"
"2026-08-04 11:36:26.810 +07:00","5960.455","HOT_SWEEP_65","65","0.152228907"
"2026-08-04 11:36:27.508 +07:00","5961.153","HOT_SWEEP_65","65","0.152008206"
"2026-08-04 11:36:28.222 +07:00","5961.875","HOT_SWEEP_65","65","0.152176484"
"2026-08-04 11:36:28.922 +07:00","5962.571","HOT_SWEEP_65","65","0.152907237"
"2026-08-04 11:36:29.616 +07:00","5963.266","HOT_SWEEP_65","65","0.15279682"
"2026-08-04 11:36:30.314 +07:00","5963.959","HOT_SWEEP_65","65","0.152618766"
"2026-08-04 11:36:31.014 +07:00","5964.665","HOT_SWEEP_65","65","0.152643725"
"2026-08-04 11:36:31.705 +07:00","5965.351","HOT_SWEEP_65","65","0.152962238"
"2026-08-04 11:36:32.407 +07:00","5966.054","HOT_SWEEP_65","65","0.153099537"
"2026-08-04 11:36:33.099 +07:00","5966.75","HOT_SWEEP_65","65","0.153039902"
"2026-08-04 11:36:33.802 +07:00","5967.45","HOT_SWEEP_65","65","0.15333724"
"2026-08-04 11:36:34.501 +07:00","5968.149","HOT_SWEEP_65","65","0.153528377"
"2026-08-04 11:36:35.219 +07:00","5968.869","HOT_SWEEP_65","65","0.153225467"
"2026-08-04 11:36:35.921 +07:00","5969.565","HOT_SWEEP_65","65","0.153291807"
"2026-08-04 11:36:36.623 +07:00","5970.271","HOT_SWEEP_65","65","0.153456122"
"2026-08-04 11:36:37.320 +07:00","5970.97","HOT_SWEEP_65","65","0.153441161"
"2026-08-04 11:36:38.016 +07:00","5971.666","HOT_SWEEP_65","65","0.153438807"
"2026-08-04 11:36:38.702 +07:00","5972.363","HOT_SWEEP_65","65","0.153327748"
"2026-08-04 11:36:39.421 +07:00","5973.041","HOT_SWEEP_65","65","0.153084904"
"2026-08-04 11:36:40.111 +07:00","5973.763","HOT_SWEEP_65","65","0.152894884"
"2026-08-04 11:36:40.802 +07:00","5974.452","HOT_SWEEP_65","65","0.152582154"
"2026-08-04 11:36:41.505 +07:00","5975.15","HOT_SWEEP_65","65","0.152169257"
"2026-08-04 11:36:42.221 +07:00","5975.871","HOT_SWEEP_65","65","0.152290851"
"2026-08-04 11:36:42.927 +07:00","5976.579","HOT_SWEEP_65","65","0.152071193"
"2026-08-04 11:36:43.623 +07:00","5977.265","HOT_SWEEP_65","65","0.151862144"
"2026-08-04 11:36:44.308 +07:00","5977.953","HOT_SWEEP_65","65","0.151570484"
"2026-08-04 11:36:45.009 +07:00","5978.657","HOT_SWEEP_65","65","0.15145351"
"2026-08-04 11:36:45.711 +07:00","5979.35","HOT_SWEEP_65","65","0.151485831"
"2026-08-04 11:36:46.405 +07:00","5980.066","HOT_SWEEP_65","65","0.151232108"
"2026-08-04 11:36:47.094 +07:00","5980.745","HOT_SWEEP_65","65","0.151300669"
"2026-08-04 11:36:47.788 +07:00","5981.439","HOT_SWEEP_65","65","0.151564419"
"2026-08-04 11:36:48.486 +07:00","5982.137","HOT_SWEEP_65","65","0.151563331"
"2026-08-04 11:36:49.199 +07:00","5982.825","HOT_SWEEP_65","65","0.151466027"
"2026-08-04 11:36:49.881 +07:00","5983.542","HOT_SWEEP_65","65","0.1519804"
"2026-08-04 11:36:50.579 +07:00","5984.225","HOT_SWEEP_65","65","0.151723713"
"2026-08-04 11:36:51.262 +07:00","5984.907","HOT_SWEEP_65","65","0.151828855"
"2026-08-04 11:36:51.960 +07:00","5985.61","HOT_SWEEP_65","65","0.152293369"
"2026-08-04 11:36:52.660 +07:00","5986.309","HOT_SWEEP_65","65","0.152455807"
"2026-08-04 11:36:53.356 +07:00","5987.007","HOT_SWEEP_65","65","0.15242365"
"2026-08-04 11:36:54.054 +07:00","5987.706","HOT_SWEEP_65","65","0.152214482"
"2026-08-04 11:36:54.765 +07:00","5988.395","HOT_SWEEP_65","65","0.152532563"
"2026-08-04 11:36:55.449 +07:00","5989.092","HOT_SWEEP_65","65","0.152596951"
"2026-08-04 11:36:56.153 +07:00","5989.812","HOT_SWEEP_65","65","0.152269989"
"2026-08-04 11:36:56.850 +07:00","5990.499","HOT_SWEEP_65","65","0.152566001"
"2026-08-04 11:36:57.563 +07:00","5991.208","HOT_SWEEP_65","65","0.152520046"
"2026-08-04 11:36:58.245 +07:00","5991.894","HOT_SWEEP_65","65","0.152255684"
"2026-08-04 11:36:58.955 +07:00","5992.591","HOT_SWEEP_65","65","0.152659953"
"2026-08-04 11:36:59.646 +07:00","5993.297","HOT_SWEEP_65","65","0.152623519"
"2026-08-04 11:37:00.352 +07:00","5993.998","HOT_SWEEP_65","65","0.152446777"
"2026-08-04 11:37:01.041 +07:00","5994.702","HOT_SWEEP_65","65","0.152675346"
"2026-08-04 11:37:01.743 +07:00","5995.385","HOT_SWEEP_65","65","0.152626649"
"2026-08-04 11:37:02.440 +07:00","5996.085","HOT_SWEEP_65","65","0.152353004"
"2026-08-04 11:37:03.154 +07:00","5996.799","HOT_SWEEP_65","65","0.152574554"
"2026-08-04 11:37:03.856 +07:00","5997.501","HOT_SWEEP_65","65","0.152335927"
"2026-08-04 11:37:04.566 +07:00","5998.211","HOT_SWEEP_65","65","0.152354449"
"2026-08-04 11:37:05.262 +07:00","5998.908","HOT_SWEEP_65","65","0.152335808"
"2026-08-04 11:37:05.955 +07:00","5999.602","HOT_SWEEP_65","65","0.151654512"
"2026-08-04 11:37:06.638 +07:00","6000.299","HOT_SWEEP_65","65","0.151602879"
"2026-08-04 11:37:07.345 +07:00","6000.99","HOT_SWEEP_65","65","0.151504442"
"2026-08-04 11:37:08.035 +07:00","6001.677","HOT_SWEEP_65","65","0.151527971"
"2026-08-04 11:37:08.734 +07:00","6002.382","HOT_SWEEP_65","65","0.15167214"
"2026-08-04 11:37:09.432 +07:00","6003.083","HOT_SWEEP_65","65","0.151693106"
"2026-08-04 11:37:10.136 +07:00","6003.788","HOT_SWEEP_65","65","0.151600242"
"2026-08-04 11:37:10.816 +07:00","6004.477","HOT_SWEEP_65","65","0.15224652"
"2026-08-04 11:37:11.523 +07:00","6005.17","HOT_SWEEP_65","65","0.151903436"
"2026-08-04 11:37:12.228 +07:00","6005.873","HOT_SWEEP_65","65","0.151619852"
"2026-08-04 11:37:12.914 +07:00","6006.574","HOT_SWEEP_65","65","0.152408481"
"2026-08-04 11:37:13.612 +07:00","6007.258","HOT_SWEEP_65","65","0.152214199"
"2026-08-04 11:37:14.313 +07:00","6007.964","HOT_SWEEP_65","65","0.152327254"
"2026-08-04 11:37:15.018 +07:00","6008.641","HOT_SWEEP_65","65","0.152379781"
"2026-08-04 11:37:15.733 +07:00","6009.379","HOT_SWEEP_65","65","0.152691096"
"2026-08-04 11:37:16.416 +07:00","6010.078","HOT_SWEEP_65","65","0.152782306"
"2026-08-04 11:37:17.141 +07:00","6010.785","HOT_SWEEP_65","65","0.15270564"
"2026-08-04 11:37:17.832 +07:00","6011.481","HOT_SWEEP_65","65","0.152608559"
"2026-08-04 11:37:18.535 +07:00","6012.18","HOT_SWEEP_65","65","0.152892321"
"2026-08-04 11:37:19.241 +07:00","6012.887","HOT_SWEEP_65","65","0.153090447"
"2026-08-04 11:37:19.943 +07:00","6013.591","HOT_SWEEP_65","65","0.153146714"
"2026-08-04 11:37:20.649 +07:00","6014.293","HOT_SWEEP_65","65","0.153439745"
"2026-08-04 11:37:21.330 +07:00","6014.991","HOT_SWEEP_65","65","0.15316388"
"2026-08-04 11:37:22.040 +07:00","6015.692","HOT_SWEEP_65","65","0.153098956"
"2026-08-04 11:37:22.753 +07:00","6016.396","HOT_SWEEP_65","65","0.152568966"
"2026-08-04 11:37:23.430 +07:00","6017.092","HOT_SWEEP_65","65","0.152247354"
"2026-08-04 11:37:24.141 +07:00","6017.789","HOT_SWEEP_65","65","0.152172893"
"2026-08-04 11:37:24.844 +07:00","6018.486","HOT_SWEEP_65","65","0.151962355"
"2026-08-04 11:37:25.542 +07:00","6019.188","HOT_SWEEP_65","65","0.151787519"
"2026-08-04 11:37:26.249 +07:00","6019.893","HOT_SWEEP_65","65","0.15167585"
"2026-08-04 11:37:26.937 +07:00","6020.598","HOT_SWEEP_65","65","0.151320145"
"2026-08-04 11:37:27.629 +07:00","6021.27","HOT_SWEEP_65","65","0.151119739"
"2026-08-04 11:37:28.338 +07:00","6021.986","HOT_SWEEP_65","65","0.151123971"
"2026-08-04 11:37:29.037 +07:00","6022.682","HOT_SWEEP_65","65","0.151032716"
"2026-08-04 11:37:29.765 +07:00","6023.392","HOT_SWEEP_65","65","0.151412249"
"2026-08-04 11:37:30.460 +07:00","6024.106","HOT_SWEEP_65","65","0.151575878"
"2026-08-04 11:37:31.184 +07:00","6024.832","HOT_SWEEP_65","65","0.151637077"
"2026-08-04 11:37:31.878 +07:00","6025.522","HOT_SWEEP_65","65","0.151496679"
"2026-08-04 11:37:32.912 +07:00","6026.562","HOT_SWEEP_60","60","0.151416898"
"2026-08-04 11:37:33.606 +07:00","6027.265","HOT_SWEEP_60","60","0.153469443"
"2026-08-04 11:37:34.287 +07:00","6027.948","HOT_SWEEP_60","60","0.151843011"
"2026-08-04 11:37:34.991 +07:00","6028.646","HOT_SWEEP_60","60","0.150261432"
"2026-08-04 11:37:35.677 +07:00","6029.336","HOT_SWEEP_60","60","0.150872916"
"2026-08-04 11:37:36.350 +07:00","6030.012","HOT_SWEEP_60","60","0.14848417"
"2026-08-04 11:37:37.058 +07:00","6030.702","HOT_SWEEP_60","60","0.145401821"
"2026-08-04 11:37:37.742 +07:00","6031.403","HOT_SWEEP_60","60","0.144964576"
"2026-08-04 11:37:38.434 +07:00","6032.096","HOT_SWEEP_60","60","0.143248007"
"2026-08-04 11:37:39.143 +07:00","6032.801","HOT_SWEEP_60","60","0.139289811"
"2026-08-04 11:37:39.830 +07:00","6033.487","HOT_SWEEP_60","60","0.13744545"
"2026-08-04 11:37:40.509 +07:00","6034.17","HOT_SWEEP_60","60","0.134222776"
"2026-08-04 11:37:41.205 +07:00","6034.866","HOT_SWEEP_60","60","0.1311533"
"2026-08-04 11:37:41.894 +07:00","6035.546","HOT_SWEEP_60","60","0.129203588"
"2026-08-04 11:37:42.570 +07:00","6036.231","HOT_SWEEP_60","60","0.127964333"
"2026-08-04 11:37:43.263 +07:00","6036.922","HOT_SWEEP_60","60","0.125634477"
"2026-08-04 11:37:43.941 +07:00","6037.601","HOT_SWEEP_60","60","0.124174848"
"2026-08-04 11:37:44.642 +07:00","6038.3","HOT_SWEEP_60","60","0.123626612"
"2026-08-04 11:37:45.370 +07:00","6039.018","HOT_SWEEP_60","60","0.121948302"
"2026-08-04 11:37:46.057 +07:00","6039.717","HOT_SWEEP_60","60","0.120633565"
"2026-08-04 11:37:46.738 +07:00","6040.398","HOT_SWEEP_60","60","0.120569408"
"2026-08-04 11:37:47.440 +07:00","6041.098","HOT_SWEEP_60","60","0.119390741"
"2026-08-04 11:37:48.123 +07:00","6041.782","HOT_SWEEP_60","60","0.118705429"
"2026-08-04 11:37:48.806 +07:00","6042.466","HOT_SWEEP_60","60","0.119257748"
"2026-08-04 11:37:49.488 +07:00","6043.147","HOT_SWEEP_60","60","0.118407942"
"2026-08-04 11:37:50.175 +07:00","6043.832","HOT_SWEEP_60","60","0.117711164"
"2026-08-04 11:37:50.872 +07:00","6044.531","HOT_SWEEP_60","60","0.118136264"
"2026-08-04 11:37:51.557 +07:00","6045.215","HOT_SWEEP_60","60","0.118150532"
"2026-08-04 11:37:52.270 +07:00","6045.928","HOT_SWEEP_60","60","0.11742866"
"2026-08-04 11:37:52.972 +07:00","6046.63","HOT_SWEEP_60","60","0.117161214"
"2026-08-04 11:37:53.653 +07:00","6047.313","HOT_SWEEP_60","60","0.117700078"
"2026-08-04 11:37:54.336 +07:00","6047.996","HOT_SWEEP_60","60","0.117252015"
"2026-08-04 11:37:55.029 +07:00","6048.688","HOT_SWEEP_60","60","0.116660044"
"2026-08-04 11:37:55.717 +07:00","6049.378","HOT_SWEEP_60","60","0.117395304"
"2026-08-04 11:37:56.398 +07:00","6050.057","HOT_SWEEP_60","60","0.117195986"
"2026-08-04 11:37:57.096 +07:00","6050.745","HOT_SWEEP_60","60","0.116541959"
"2026-08-04 11:37:57.786 +07:00","6051.434","HOT_SWEEP_60","60","0.117404066"
"2026-08-04 11:37:58.486 +07:00","6052.145","HOT_SWEEP_60","60","0.117080763"
"2026-08-04 11:37:59.165 +07:00","6052.826","HOT_SWEEP_60","60","0.116548553"
"2026-08-04 11:37:59.875 +07:00","6053.535","HOT_SWEEP_60","60","0.117461108"
"2026-08-04 11:38:00.556 +07:00","6054.214","HOT_SWEEP_60","60","0.117717408"
"2026-08-04 11:38:01.244 +07:00","6054.905","HOT_SWEEP_60","60","0.116893589"
"2026-08-04 11:38:01.923 +07:00","6055.584","HOT_SWEEP_60","60","0.11730437"
"2026-08-04 11:38:02.614 +07:00","6056.272","HOT_SWEEP_60","60","0.11769484"
"2026-08-04 11:38:03.296 +07:00","6056.954","HOT_SWEEP_60","60","0.116997361"
"2026-08-04 11:38:03.988 +07:00","6057.645","HOT_SWEEP_60","60","0.117247283"
"2026-08-04 11:38:04.677 +07:00","6058.338","HOT_SWEEP_60","60","0.117756531"
"2026-08-04 11:38:05.375 +07:00","6059.021","HOT_SWEEP_60","60","0.116910651"
"2026-08-04 11:38:06.081 +07:00","6059.742","HOT_SWEEP_60","60","0.116688572"
"2026-08-04 11:38:06.770 +07:00","6060.432","HOT_SWEEP_60","60","0.117434695"
"2026-08-04 11:38:07.459 +07:00","6061.12","HOT_SWEEP_60","60","0.116916314"
"2026-08-04 11:38:08.157 +07:00","6061.811","HOT_SWEEP_60","60","0.116609812"
"2026-08-04 11:38:08.841 +07:00","6062.502","HOT_SWEEP_60","60","0.117375277"
"2026-08-04 11:38:09.532 +07:00","6063.191","HOT_SWEEP_60","60","0.117563441"
"2026-08-04 11:38:10.208 +07:00","6063.869","HOT_SWEEP_60","60","0.117221728"
"2026-08-04 11:38:10.903 +07:00","6064.558","HOT_SWEEP_60","60","0.117708817"
"2026-08-04 11:38:11.590 +07:00","6065.251","HOT_SWEEP_60","60","0.118403457"
"2026-08-04 11:38:12.275 +07:00","6065.936","HOT_SWEEP_60","60","0.118180111"
"2026-08-04 11:38:12.981 +07:00","6066.642","HOT_SWEEP_60","60","0.118531741"
"2026-08-04 11:38:13.680 +07:00","6067.337","HOT_SWEEP_60","60","0.119767189"
"2026-08-04 11:38:14.379 +07:00","6068.036","HOT_SWEEP_60","60","0.119224526"
"2026-08-04 11:38:15.060 +07:00","6068.719","HOT_SWEEP_60","60","0.119294748"
"2026-08-04 11:38:15.741 +07:00","6069.401","HOT_SWEEP_60","60","0.120619535"
"2026-08-04 11:38:16.427 +07:00","6070.086","HOT_SWEEP_60","60","0.120178401"
"2026-08-04 11:38:17.125 +07:00","6070.77","HOT_SWEEP_60","60","0.119864658"
"2026-08-04 11:38:17.806 +07:00","6071.456","HOT_SWEEP_60","60","0.121087171"
"2026-08-04 11:38:18.492 +07:00","6072.153","HOT_SWEEP_60","60","0.120615341"
"2026-08-04 11:38:19.193 +07:00","6072.846","HOT_SWEEP_60","60","0.120443404"
"2026-08-04 11:38:19.907 +07:00","6073.566","HOT_SWEEP_60","60","0.121416643"
"2026-08-04 11:38:20.584 +07:00","6074.245","HOT_SWEEP_60","60","0.121577576"
"2026-08-04 11:38:21.270 +07:00","6074.931","HOT_SWEEP_60","60","0.12162666"
"2026-08-04 11:38:21.946 +07:00","6075.607","HOT_SWEEP_60","60","0.121975698"
"2026-08-04 11:38:22.637 +07:00","6076.296","HOT_SWEEP_60","60","0.122665778"
"2026-08-04 11:38:23.316 +07:00","6076.977","HOT_SWEEP_60","60","0.122357704"
"2026-08-04 11:38:23.991 +07:00","6077.652","HOT_SWEEP_60","60","0.122449778"
"2026-08-04 11:38:24.700 +07:00","6078.355","HOT_SWEEP_60","60","0.123528555"
"2026-08-04 11:38:25.367 +07:00","6079.028","HOT_SWEEP_60","60","0.123344995"
"2026-08-04 11:38:26.055 +07:00","6079.716","HOT_SWEEP_60","60","0.122973457"
"2026-08-04 11:38:26.765 +07:00","6080.426","HOT_SWEEP_60","60","0.124354407"
"2026-08-04 11:38:27.445 +07:00","6081.094","HOT_SWEEP_60","60","0.123995759"
"2026-08-04 11:38:28.135 +07:00","6081.794","HOT_SWEEP_60","60","0.123282135"
"2026-08-04 11:38:28.818 +07:00","6082.479","HOT_SWEEP_60","60","0.124950863"
"2026-08-04 11:38:29.506 +07:00","6083.165","HOT_SWEEP_60","60","0.12487714"
"2026-08-04 11:38:30.192 +07:00","6083.852","HOT_SWEEP_60","60","0.124041542"
"2026-08-04 11:38:30.886 +07:00","6084.545","HOT_SWEEP_60","60","0.125286683"
"2026-08-04 11:38:31.573 +07:00","6085.23","HOT_SWEEP_60","60","0.125764012"
"2026-08-04 11:38:32.267 +07:00","6085.927","HOT_SWEEP_60","60","0.124955073"
"2026-08-04 11:38:32.957 +07:00","6086.616","HOT_SWEEP_60","60","0.125502169"
"2026-08-04 11:38:33.664 +07:00","6087.323","HOT_SWEEP_60","60","0.126035467"
"2026-08-04 11:38:34.342 +07:00","6088.003","HOT_SWEEP_60","60","0.125418991"
"2026-08-04 11:38:35.034 +07:00","6088.693","HOT_SWEEP_60","60","0.125444263"
"2026-08-04 11:38:35.712 +07:00","6089.368","HOT_SWEEP_60","60","0.125919893"
"2026-08-04 11:38:36.398 +07:00","6090.057","HOT_SWEEP_60","60","0.125289351"
"2026-08-04 11:38:37.098 +07:00","6090.758","HOT_SWEEP_60","60","0.125123426"
"2026-08-04 11:38:37.801 +07:00","6091.457","HOT_SWEEP_60","60","0.125658736"
"2026-08-04 11:38:38.495 +07:00","6092.154","HOT_SWEEP_60","60","0.125013128"
"2026-08-04 11:38:39.191 +07:00","6092.844","HOT_SWEEP_60","60","0.124691263"
"2026-08-04 11:38:39.874 +07:00","6093.535","HOT_SWEEP_60","60","0.125323519"
"2026-08-04 11:38:40.612 +07:00","6094.271","HOT_SWEEP_60","60","0.125430629"
"2026-08-04 11:38:41.301 +07:00","6094.962","HOT_SWEEP_60","60","0.125312254"
"2026-08-04 11:38:42.001 +07:00","6095.661","HOT_SWEEP_60","60","0.125485808"
"2026-08-04 11:38:42.684 +07:00","6096.337","HOT_SWEEP_60","60","0.126172394"
"2026-08-04 11:38:43.365 +07:00","6097.026","HOT_SWEEP_60","60","0.126129702"
"2026-08-04 11:38:44.066 +07:00","6097.726","HOT_SWEEP_60","60","0.12629813"
"2026-08-04 11:38:44.748 +07:00","6098.407","HOT_SWEEP_60","60","0.126861677"
"2026-08-04 11:38:45.430 +07:00","6099.087","HOT_SWEEP_60","60","0.126846701"
"2026-08-04 11:38:46.117 +07:00","6099.776","HOT_SWEEP_60","60","0.126973048"
"2026-08-04 11:38:46.806 +07:00","6100.467","HOT_SWEEP_60","60","0.12794137"
"2026-08-04 11:38:47.522 +07:00","6101.168","HOT_SWEEP_60","60","0.127587676"
"2026-08-04 11:38:48.208 +07:00","6101.867","HOT_SWEEP_60","60","0.127298698"
"2026-08-04 11:38:48.907 +07:00","6102.566","HOT_SWEEP_60","60","0.128519446"
"2026-08-04 11:38:49.599 +07:00","6103.259","HOT_SWEEP_60","60","0.128587574"
"2026-08-04 11:38:50.288 +07:00","6103.947","HOT_SWEEP_60","60","0.128385544"
"2026-08-04 11:38:50.979 +07:00","6104.639","HOT_SWEEP_60","60","0.12894477"
"2026-08-04 11:38:51.652 +07:00","6105.314","HOT_SWEEP_60","60","0.129717112"
"2026-08-04 11:38:52.338 +07:00","6105.999","HOT_SWEEP_60","60","0.129491121"
"2026-08-04 11:38:53.027 +07:00","6106.688","HOT_SWEEP_60","60","0.129654735"
"2026-08-04 11:38:53.714 +07:00","6107.366","HOT_SWEEP_60","60","0.130415291"
"2026-08-04 11:38:54.401 +07:00","6108.062","HOT_SWEEP_60","60","0.130188912"
"2026-08-04 11:38:55.087 +07:00","6108.748","HOT_SWEEP_60","60","0.129858494"
"2026-08-04 11:38:55.778 +07:00","6109.43","HOT_SWEEP_60","60","0.13083899"
"2026-08-04 11:38:56.452 +07:00","6110.113","HOT_SWEEP_60","60","0.130456313"
"2026-08-04 11:38:57.144 +07:00","6110.803","HOT_SWEEP_60","60","0.129821524"
"2026-08-04 11:38:57.829 +07:00","6111.485","HOT_SWEEP_60","60","0.131087556"
"2026-08-04 11:38:58.506 +07:00","6112.163","HOT_SWEEP_60","60","0.13089034"
"2026-08-04 11:38:59.194 +07:00","6112.855","HOT_SWEEP_60","60","0.129891813"
"2026-08-04 11:38:59.882 +07:00","6113.543","HOT_SWEEP_60","60","0.131075457"
"2026-08-04 11:39:00.570 +07:00","6114.231","HOT_SWEEP_60","60","0.131626189"
"2026-08-04 11:39:01.268 +07:00","6114.929","HOT_SWEEP_60","60","0.130910724"
"2026-08-04 11:39:01.951 +07:00","6115.612","HOT_SWEEP_60","60","0.131482884"
"2026-08-04 11:39:02.637 +07:00","6116.298","HOT_SWEEP_60","60","0.132231757"
"2026-08-04 11:39:03.325 +07:00","6116.977","HOT_SWEEP_60","60","0.131444886"
"2026-08-04 11:39:04.008 +07:00","6117.662","HOT_SWEEP_60","60","0.131521389"
"2026-08-04 11:39:04.684 +07:00","6118.345","HOT_SWEEP_60","60","0.132468969"
"2026-08-04 11:39:05.374 +07:00","6119.027","HOT_SWEEP_60","60","0.131751567"
"2026-08-04 11:39:06.050 +07:00","6119.712","HOT_SWEEP_60","60","0.131598145"
"2026-08-04 11:39:06.743 +07:00","6120.392","HOT_SWEEP_60","60","0.132494763"
"2026-08-04 11:39:07.435 +07:00","6121.092","HOT_SWEEP_60","60","0.131395474"
"2026-08-04 11:39:08.130 +07:00","6121.791","HOT_SWEEP_60","60","0.131026149"
"2026-08-04 11:39:08.813 +07:00","6122.474","HOT_SWEEP_60","60","0.132154271"
"2026-08-04 11:39:09.495 +07:00","6123.156","HOT_SWEEP_60","60","0.131593138"
"2026-08-04 11:39:10.184 +07:00","6123.845","HOT_SWEEP_60","60","0.130869761"
"2026-08-04 11:39:10.869 +07:00","6124.528","HOT_SWEEP_60","60","0.131894663"
"2026-08-04 11:39:11.545 +07:00","6125.206","HOT_SWEEP_60","60","0.13189742"
"2026-08-04 11:39:12.240 +07:00","6125.896","HOT_SWEEP_60","60","0.13102366"
"2026-08-04 11:39:12.926 +07:00","6126.587","HOT_SWEEP_60","60","0.132057205"
"2026-08-04 11:39:13.617 +07:00","6127.275","HOT_SWEEP_60","60","0.132754713"
"2026-08-04 11:39:14.293 +07:00","6127.954","HOT_SWEEP_60","60","0.132238254"
"2026-08-04 11:39:15.005 +07:00","6128.664","HOT_SWEEP_60","60","0.132322222"
"2026-08-04 11:39:15.690 +07:00","6129.351","HOT_SWEEP_60","60","0.133697346"
"2026-08-04 11:39:16.383 +07:00","6130.039","HOT_SWEEP_60","60","0.133163139"
"2026-08-04 11:39:17.058 +07:00","6130.719","HOT_SWEEP_60","60","0.133116767"
"2026-08-04 11:39:17.743 +07:00","6131.404","HOT_SWEEP_60","60","0.134456038"
"2026-08-04 11:39:18.441 +07:00","6132.085","HOT_SWEEP_60","60","0.133903265"
"2026-08-04 11:39:19.118 +07:00","6132.778","HOT_SWEEP_60","60","0.133787721"
"2026-08-04 11:39:19.813 +07:00","6133.473","HOT_SWEEP_60","60","0.134952992"
"2026-08-04 11:39:20.490 +07:00","6134.151","HOT_SWEEP_60","60","0.134314343"
"2026-08-04 11:39:21.173 +07:00","6134.834","HOT_SWEEP_60","60","0.133970693"
"2026-08-04 11:39:21.873 +07:00","6135.534","HOT_SWEEP_60","60","0.135392159"
"2026-08-04 11:39:22.566 +07:00","6136.223","HOT_SWEEP_60","60","0.135241687"
"2026-08-04 11:39:23.250 +07:00","6136.911","HOT_SWEEP_60","60","0.134802908"
"2026-08-04 11:39:23.922 +07:00","6137.583","HOT_SWEEP_60","60","0.135931522"
"2026-08-04 11:39:24.607 +07:00","6138.264","HOT_SWEEP_60","60","0.136317819"
"2026-08-04 11:39:25.288 +07:00","6138.949","HOT_SWEEP_60","60","0.135942623"
"2026-08-04 11:39:25.989 +07:00","6139.646","HOT_SWEEP_60","60","0.136433467"
"2026-08-04 11:39:26.673 +07:00","6140.332","HOT_SWEEP_60","60","0.137162864"
"2026-08-04 11:39:27.351 +07:00","6141.012","HOT_SWEEP_60","60","0.136707097"
"2026-08-04 11:39:28.029 +07:00","6141.69","HOT_SWEEP_60","60","0.136564434"
"2026-08-04 11:39:28.719 +07:00","6142.38","HOT_SWEEP_60","60","0.137494728"
"2026-08-04 11:39:29.409 +07:00","6143.067","HOT_SWEEP_60","60","0.136699945"
"2026-08-04 11:39:30.091 +07:00","6143.75","HOT_SWEEP_60","60","0.136289209"
"2026-08-04 11:39:30.794 +07:00","6144.453","HOT_SWEEP_60","60","0.137486309"
"2026-08-04 11:39:31.487 +07:00","6145.146","HOT_SWEEP_60","60","0.136783496"
"2026-08-04 11:39:32.173 +07:00","6145.83","HOT_SWEEP_60","60","0.135919333"
"2026-08-04 11:39:32.859 +07:00","6146.518","HOT_SWEEP_60","60","0.136999816"
"2026-08-04 11:39:33.539 +07:00","6147.199","HOT_SWEEP_60","60","0.136751041"
"2026-08-04 11:39:34.237 +07:00","6147.897","HOT_SWEEP_60","60","0.135879397"
"2026-08-04 11:39:34.910 +07:00","6148.571","HOT_SWEEP_60","60","0.136890247"
"2026-08-04 11:39:35.615 +07:00","6149.274","HOT_SWEEP_60","60","0.13721548"
"2026-08-04 11:39:36.295 +07:00","6149.956","HOT_SWEEP_60","60","0.136623383"
"2026-08-04 11:39:36.988 +07:00","6150.648","HOT_SWEEP_60","60","0.136998266"
"2026-08-04 11:39:37.670 +07:00","6151.329","HOT_SWEEP_60","60","0.137458831"
"2026-08-04 11:39:38.356 +07:00","6152.016","HOT_SWEEP_60","60","0.136661783"
"2026-08-04 11:39:39.044 +07:00","6152.705","HOT_SWEEP_60","60","0.136607528"
"2026-08-04 11:39:39.736 +07:00","6153.393","HOT_SWEEP_60","60","0.137357146"
"2026-08-04 11:39:40.415 +07:00","6154.076","HOT_SWEEP_60","60","0.13644971"
"2026-08-04 11:39:41.099 +07:00","6154.759","HOT_SWEEP_60","60","0.136101782"
"2026-08-04 11:39:41.774 +07:00","6155.435","HOT_SWEEP_60","60","0.136924639"
"2026-08-04 11:39:42.466 +07:00","6156.128","HOT_SWEEP_60","60","0.135968998"
"2026-08-04 11:39:43.170 +07:00","6156.827","HOT_SWEEP_60","60","0.135176554"
"2026-08-04 11:39:43.849 +07:00","6157.508","HOT_SWEEP_60","60","0.136145875"
"2026-08-04 11:39:44.549 +07:00","6158.209","HOT_SWEEP_60","60","0.135668173"
"2026-08-04 11:39:45.231 +07:00","6158.891","HOT_SWEEP_60","60","0.135232419"
"2026-08-04 11:39:45.916 +07:00","6159.575","HOT_SWEEP_60","60","0.136141658"
"2026-08-04 11:39:46.598 +07:00","6160.258","HOT_SWEEP_60","60","0.136590809"
"2026-08-04 11:39:47.282 +07:00","6160.941","HOT_SWEEP_60","60","0.136014074"
"2026-08-04 11:39:47.962 +07:00","6161.623","HOT_SWEEP_60","60","0.136652619"
"2026-08-04 11:39:48.646 +07:00","6162.305","HOT_SWEEP_60","60","0.137573004"
"2026-08-04 11:39:49.364 +07:00","6163.024","HOT_SWEEP_60","60","0.136786431"
"2026-08-04 11:39:50.048 +07:00","6163.707","HOT_SWEEP_60","60","0.136726588"
"2026-08-04 11:39:50.731 +07:00","6164.39","HOT_SWEEP_60","60","0.137706012"
"2026-08-04 11:39:51.413 +07:00","6165.073","HOT_SWEEP_60","60","0.136991113"
"2026-08-04 11:39:52.111 +07:00","6165.769","HOT_SWEEP_60","60","0.136433035"
"2026-08-04 11:39:52.800 +07:00","6166.456","HOT_SWEEP_60","60","0.137756929"
"2026-08-04 11:39:53.481 +07:00","6167.14","HOT_SWEEP_60","60","0.136803061"
"2026-08-04 11:39:54.175 +07:00","6167.835","HOT_SWEEP_60","60","0.136574253"
"2026-08-04 11:39:54.869 +07:00","6168.526","HOT_SWEEP_60","60","0.137867406"
"2026-08-04 11:39:55.562 +07:00","6169.221","HOT_SWEEP_60","60","0.13734448"
"2026-08-04 11:39:56.277 +07:00","6169.936","HOT_SWEEP_60","60","0.137209266"
"2026-08-04 11:39:56.960 +07:00","6170.619","HOT_SWEEP_60","60","0.138269812"
"2026-08-04 11:39:57.647 +07:00","6171.306","HOT_SWEEP_60","60","0.138530552"
"2026-08-04 11:39:58.345 +07:00","6172.002","HOT_SWEEP_60","60","0.138297498"
"2026-08-04 11:39:59.028 +07:00","6172.687","HOT_SWEEP_60","60","0.138807341"
"2026-08-04 11:39:59.722 +07:00","6173.38","HOT_SWEEP_60","60","0.139438704"
"2026-08-04 11:40:00.411 +07:00","6174.07","HOT_SWEEP_60","60","0.139343128"
"2026-08-04 11:40:01.091 +07:00","6174.751","HOT_SWEEP_60","60","0.139111191"
"2026-08-04 11:40:01.775 +07:00","6175.434","HOT_SWEEP_60","60","0.139656827"
"2026-08-04 11:40:02.475 +07:00","6176.134","HOT_SWEEP_60","60","0.139337867"
"2026-08-04 11:40:03.182 +07:00","6176.842","HOT_SWEEP_60","60","0.139060482"
"2026-08-04 11:40:03.874 +07:00","6177.519","HOT_SWEEP_60","60","0.139960021"
"2026-08-04 11:40:04.552 +07:00","6178.214","HOT_SWEEP_60","60","0.139776096"
"2026-08-04 11:40:05.237 +07:00","6178.882","HOT_SWEEP_60","60","0.13928023"
"2026-08-04 11:40:05.927 +07:00","6179.587","HOT_SWEEP_60","60","0.140434057"
"2026-08-04 11:40:06.617 +07:00","6180.277","HOT_SWEEP_60","60","0.140437156"
"2026-08-04 11:40:07.308 +07:00","6180.966","HOT_SWEEP_60","60","0.139674708"
"2026-08-04 11:40:07.999 +07:00","6181.658","HOT_SWEEP_60","60","0.140476748"
"2026-08-04 11:40:08.693 +07:00","6182.352","HOT_SWEEP_60","60","0.141060397"
"2026-08-04 11:40:09.388 +07:00","6183.047","HOT_SWEEP_60","60","0.140383855"
"2026-08-04 11:40:10.095 +07:00","6183.754","HOT_SWEEP_60","60","0.14045532"
"2026-08-04 11:40:10.772 +07:00","6184.433","HOT_SWEEP_60","60","0.14091149"
"2026-08-04 11:40:11.466 +07:00","6185.126","HOT_SWEEP_60","60","0.140138179"
"2026-08-04 11:40:12.141 +07:00","6185.802","HOT_SWEEP_60","60","0.139969811"
"2026-08-04 11:40:12.818 +07:00","6186.478","HOT_SWEEP_60","60","0.14037554"
"2026-08-04 11:40:13.489 +07:00","6187.15","HOT_SWEEP_60","60","0.139506668"
"2026-08-04 11:40:14.166 +07:00","6187.827","HOT_SWEEP_60","60","0.139089555"
"2026-08-04 11:40:14.854 +07:00","6188.515","HOT_SWEEP_60","60","0.140046328"
"2026-08-04 11:40:15.545 +07:00","6189.206","HOT_SWEEP_60","60","0.139420062"
"2026-08-04 11:40:16.229 +07:00","6189.89","HOT_SWEEP_60","60","0.138773605"
"2026-08-04 11:40:16.930 +07:00","6190.591","HOT_SWEEP_60","60","0.13983871"
"2026-08-04 11:40:17.614 +07:00","6191.275","HOT_SWEEP_60","60","0.140209526"
"2026-08-04 11:40:18.300 +07:00","6191.961","HOT_SWEEP_60","60","0.13939546"
"2026-08-04 11:40:18.980 +07:00","6192.641","HOT_SWEEP_60","60","0.139831603"
"2026-08-04 11:40:19.667 +07:00","6193.328","HOT_SWEEP_60","60","0.14088732"
"2026-08-04 11:40:20.349 +07:00","6194.008","HOT_SWEEP_60","60","0.140043288"
"2026-08-04 11:40:21.049 +07:00","6194.708","HOT_SWEEP_60","60","0.140284881"
"2026-08-04 11:40:21.727 +07:00","6195.388","HOT_SWEEP_60","60","0.141334847"
"2026-08-04 11:40:22.418 +07:00","6196.074","HOT_SWEEP_60","60","0.140643761"
"2026-08-04 11:40:23.094 +07:00","6196.756","HOT_SWEEP_60","60","0.140419066"
"2026-08-04 11:40:23.784 +07:00","6197.445","HOT_SWEEP_60","60","0.141794488"
"2026-08-04 11:40:24.461 +07:00","6198.122","HOT_SWEEP_60","60","0.140884608"
"2026-08-04 11:40:25.141 +07:00","6198.802","HOT_SWEEP_60","60","0.140504211"
"2026-08-04 11:40:25.848 +07:00","6199.507","HOT_SWEEP_60","60","0.142216355"
"2026-08-04 11:40:26.540 +07:00","6200.196","HOT_SWEEP_60","60","0.141506672"
"2026-08-04 11:40:27.224 +07:00","6200.885","HOT_SWEEP_60","60","0.141185567"
"2026-08-04 11:40:27.912 +07:00","6201.571","HOT_SWEEP_60","60","0.142563611"
"2026-08-04 11:40:28.596 +07:00","6202.255","HOT_SWEEP_60","60","0.14222458"
"2026-08-04 11:40:29.284 +07:00","6202.943","HOT_SWEEP_60","60","0.141623303"
"2026-08-04 11:40:29.974 +07:00","6203.634","HOT_SWEEP_60","60","0.142771691"
"2026-08-04 11:40:30.681 +07:00","6204.34","HOT_SWEEP_60","60","0.142997369"
"2026-08-04 11:40:31.369 +07:00","6205.03","HOT_SWEEP_60","60","0.142560884"
"2026-08-04 11:40:32.059 +07:00","6205.718","HOT_SWEEP_60","60","0.142783031"
"2026-08-04 11:40:32.734 +07:00","6206.395","HOT_SWEEP_60","60","0.143287674"
"2026-08-04 11:40:33.417 +07:00","6207.078","HOT_SWEEP_60","60","0.14281325"
"2026-08-04 11:40:34.101 +07:00","6207.763","HOT_SWEEP_60","60","0.142500594"
"2026-08-04 11:40:34.780 +07:00","6208.441","HOT_SWEEP_60","60","0.143196687"
"2026-08-04 11:40:35.468 +07:00","6209.116","HOT_SWEEP_60","60","0.142769635"
"2026-08-04 11:40:36.148 +07:00","6209.809","HOT_SWEEP_60","60","0.142297298"
"2026-08-04 11:40:36.832 +07:00","6210.493","HOT_SWEEP_60","60","0.143354595"
"2026-08-04 11:40:37.516 +07:00","6211.177","HOT_SWEEP_60","60","0.142643496"
"2026-08-04 11:40:38.202 +07:00","6211.858","HOT_SWEEP_60","60","0.141921878"
"2026-08-04 11:40:38.883 +07:00","6212.544","HOT_SWEEP_60","60","0.143244341"
"2026-08-04 11:40:39.565 +07:00","6213.226","HOT_SWEEP_60","60","0.142990991"
"2026-08-04 11:40:40.275 +07:00","6213.936","HOT_SWEEP_60","60","0.141916245"
"2026-08-04 11:40:40.960 +07:00","6214.621","HOT_SWEEP_60","60","0.143101543"
"2026-08-04 11:40:41.644 +07:00","6215.305","HOT_SWEEP_60","60","0.14356789"
"2026-08-04 11:40:42.321 +07:00","6215.98","HOT_SWEEP_60","60","0.142416254"
"2026-08-04 11:40:43.025 +07:00","6216.681","HOT_SWEEP_60","60","0.143149763"
"2026-08-04 11:40:43.721 +07:00","6217.381","HOT_SWEEP_60","60","0.143704817"
"2026-08-04 11:40:44.409 +07:00","6218.07","HOT_SWEEP_60","60","0.142939851"
"2026-08-04 11:40:45.089 +07:00","6218.748","HOT_SWEEP_60","60","0.142812759"
"2026-08-04 11:40:45.788 +07:00","6219.445","HOT_SWEEP_60","60","0.143533677"
"2026-08-04 11:40:46.476 +07:00","6220.136","HOT_SWEEP_60","60","0.142743319"
"2026-08-04 11:40:47.168 +07:00","6220.829","HOT_SWEEP_60","60","0.142440647"
"2026-08-04 11:40:47.855 +07:00","6221.514","HOT_SWEEP_60","60","0.142957851"
"2026-08-04 11:40:48.542 +07:00","6222.199","HOT_SWEEP_60","60","0.142062545"
"2026-08-04 11:40:49.231 +07:00","6222.885","HOT_SWEEP_60","60","0.141608194"
"2026-08-04 11:40:49.914 +07:00","6223.568","HOT_SWEEP_60","60","0.142023608"
"2026-08-04 11:40:50.600 +07:00","6224.256","HOT_SWEEP_60","60","0.141437724"
"2026-08-04 11:40:51.308 +07:00","6224.967","HOT_SWEEP_60","60","0.140583187"
"2026-08-04 11:40:51.982 +07:00","6225.643","HOT_SWEEP_60","60","0.141064495"
"2026-08-04 11:40:52.715 +07:00","6226.37","HOT_SWEEP_60","60","0.141147822"
"2026-08-04 11:40:53.390 +07:00","6227.051","HOT_SWEEP_60","60","0.140243262"
"2026-08-04 11:40:54.084 +07:00","6227.742","HOT_SWEEP_60","60","0.14014031"
"2026-08-04 11:40:54.785 +07:00","6228.443","HOT_SWEEP_60","60","0.140911609"
"2026-08-04 11:40:55.477 +07:00","6229.135","HOT_SWEEP_60","60","0.140238792"
"2026-08-04 11:40:56.165 +07:00","6229.812","HOT_SWEEP_60","60","0.140108332"
"2026-08-04 11:40:56.844 +07:00","6230.505","HOT_SWEEP_60","60","0.140888527"
"2026-08-04 11:40:57.537 +07:00","6231.196","HOT_SWEEP_60","60","0.140596092"
"2026-08-04 11:40:58.241 +07:00","6231.902","HOT_SWEEP_60","60","0.140443027"
"2026-08-04 11:40:58.934 +07:00","6232.592","HOT_SWEEP_60","60","0.141034499"
"2026-08-04 11:40:59.625 +07:00","6233.286","HOT_SWEEP_60","60","0.14061138"
"2026-08-04 11:41:00.305 +07:00","6233.966","HOT_SWEEP_60","60","0.140404209"
"2026-08-04 11:41:00.994 +07:00","6234.655","HOT_SWEEP_60","60","0.141324461"
"2026-08-04 11:41:01.676 +07:00","6235.337","HOT_SWEEP_60","60","0.141268045"
"2026-08-04 11:41:02.358 +07:00","6236.018","HOT_SWEEP_60","60","0.14083451"
"2026-08-04 11:41:03.047 +07:00","6236.693","HOT_SWEEP_60","60","0.141149938"
"2026-08-04 11:41:03.737 +07:00","6237.386","HOT_SWEEP_60","60","0.141698122"
"2026-08-04 11:41:04.424 +07:00","6238.073","HOT_SWEEP_60","60","0.141176015"
"2026-08-04 11:41:05.132 +07:00","6238.793","HOT_SWEEP_60","60","0.141151488"
"2026-08-04 11:41:05.812 +07:00","6239.473","HOT_SWEEP_60","60","0.142364502"
"2026-08-04 11:41:06.492 +07:00","6240.15","HOT_SWEEP_60","60","0.141984627"
"2026-08-04 11:41:07.185 +07:00","6240.844","HOT_SWEEP_60","60","0.14145425"
"2026-08-04 11:41:07.871 +07:00","6241.529","HOT_SWEEP_60","60","0.14268443"
"2026-08-04 11:41:08.561 +07:00","6242.22","HOT_SWEEP_60","60","0.142159492"
"2026-08-04 11:41:09.235 +07:00","6242.896","HOT_SWEEP_60","60","0.141563416"
"2026-08-04 11:41:09.916 +07:00","6243.576","HOT_SWEEP_60","60","0.142771304"
"2026-08-04 11:41:10.606 +07:00","6244.265","HOT_SWEEP_60","60","0.142398492"
"2026-08-04 11:41:11.291 +07:00","6244.95","HOT_SWEEP_60","60","0.141480953"
"2026-08-04 11:41:11.985 +07:00","6245.646","HOT_SWEEP_60","60","0.142646775"
"2026-08-04 11:41:12.686 +07:00","6246.343","HOT_SWEEP_60","60","0.142776519"
"2026-08-04 11:41:13.379 +07:00","6247.038","HOT_SWEEP_60","60","0.141650409"
"2026-08-04 11:41:14.074 +07:00","6247.717","HOT_SWEEP_60","60","0.142109647"
"2026-08-04 11:41:14.757 +07:00","6248.416","HOT_SWEEP_60","60","0.142662674"
"2026-08-04 11:41:15.456 +07:00","6249.116","HOT_SWEEP_60","60","0.141784564"
"2026-08-04 11:41:16.138 +07:00","6249.798","HOT_SWEEP_60","60","0.141598985"
"2026-08-04 11:41:16.821 +07:00","6250.481","HOT_SWEEP_60","60","0.142212719"
"2026-08-04 11:41:17.523 +07:00","6251.183","HOT_SWEEP_60","60","0.141667634"
"2026-08-04 11:41:18.221 +07:00","6251.881","HOT_SWEEP_60","60","0.141357258"
"2026-08-04 11:41:18.938 +07:00","6252.596","HOT_SWEEP_60","60","0.141743928"
"2026-08-04 11:41:19.622 +07:00","6253.281","HOT_SWEEP_60","60","0.141467318"
"2026-08-04 11:41:20.305 +07:00","6253.963","HOT_SWEEP_60","60","0.14138332"
"2026-08-04 11:41:21.006 +07:00","6254.665","HOT_SWEEP_60","60","0.142009363"
"2026-08-04 11:41:21.686 +07:00","6255.345","HOT_SWEEP_60","60","0.141884565"
"2026-08-04 11:41:22.388 +07:00","6256.04","HOT_SWEEP_60","60","0.141671464"
"2026-08-04 11:41:23.070 +07:00","6256.73","HOT_SWEEP_60","60","0.141875193"
"2026-08-04 11:41:23.769 +07:00","6257.428","HOT_SWEEP_60","60","0.142262086"
"2026-08-04 11:41:24.452 +07:00","6258.111","HOT_SWEEP_60","60","0.141646743"
"2026-08-04 11:41:25.137 +07:00","6258.795","HOT_SWEEP_60","60","0.141612113"
"2026-08-04 11:41:25.846 +07:00","6259.502","HOT_SWEEP_60","60","0.142355099"
"2026-08-04 11:41:26.532 +07:00","6260.193","HOT_SWEEP_60","60","0.141665027"
"2026-08-04 11:41:27.221 +07:00","6260.878","HOT_SWEEP_60","60","0.141492486"
"2026-08-04 11:41:27.902 +07:00","6261.561","HOT_SWEEP_60","60","0.142423034"
"2026-08-04 11:41:28.587 +07:00","6262.246","HOT_SWEEP_60","60","0.141820043"
"2026-08-04 11:41:29.272 +07:00","6262.931","HOT_SWEEP_60","60","0.141329318"
"2026-08-04 11:41:29.959 +07:00","6263.62","HOT_SWEEP_60","60","0.14257589"
"2026-08-04 11:41:30.634 +07:00","6264.295","HOT_SWEEP_60","60","0.142375901"
"2026-08-04 11:41:31.323 +07:00","6264.981","HOT_SWEEP_60","60","0.142000467"
"2026-08-04 11:41:32.012 +07:00","6265.673","HOT_SWEEP_60","60","0.14294897"
"2026-08-04 11:41:32.733 +07:00","6266.39","HOT_SWEEP_60","60","0.143089563"
"2026-08-04 11:41:33.427 +07:00","6267.088","HOT_SWEEP_60","60","0.142638326"
"2026-08-04 11:41:34.117 +07:00","6267.77","HOT_SWEEP_60","60","0.142502919"
"2026-08-04 11:41:34.793 +07:00","6268.454","HOT_SWEEP_60","60","0.143044487"
"2026-08-04 11:41:35.474 +07:00","6269.135","HOT_SWEEP_60","60","0.142697275"
"2026-08-04 11:41:36.155 +07:00","6269.812","HOT_SWEEP_60","60","0.142408073"
"2026-08-04 11:41:36.846 +07:00","6270.492","HOT_SWEEP_60","60","0.143362552"
"2026-08-04 11:41:37.524 +07:00","6271.175","HOT_SWEEP_60","60","0.142778546"
"2026-08-04 11:41:38.206 +07:00","6271.867","HOT_SWEEP_60","60","0.14203003"
"2026-08-04 11:41:38.894 +07:00","6272.553","HOT_SWEEP_60","60","0.14305155"
"2026-08-04 11:41:39.601 +07:00","6273.262","HOT_SWEEP_60","60","0.14245753"
"2026-08-04 11:41:40.284 +07:00","6273.945","HOT_SWEEP_60","60","0.141748533"
"2026-08-04 11:41:40.975 +07:00","6274.634","HOT_SWEEP_60","60","0.143161654"
"2026-08-04 11:41:41.675 +07:00","6275.334","HOT_SWEEP_60","60","0.143250883"
"2026-08-04 11:41:42.362 +07:00","6276.007","HOT_SWEEP_60","60","0.142279521"
"2026-08-04 11:41:43.038 +07:00","6276.699","HOT_SWEEP_60","60","0.143054411"
"2026-08-04 11:41:43.737 +07:00","6277.398","HOT_SWEEP_60","60","0.143406063"
"2026-08-04 11:41:44.416 +07:00","6278.077","HOT_SWEEP_60","60","0.142769456"
"2026-08-04 11:41:45.096 +07:00","6278.757","HOT_SWEEP_60","60","0.143174127"
"2026-08-04 11:41:45.773 +07:00","6279.432","HOT_SWEEP_60","60","0.143795162"
"2026-08-04 11:41:46.463 +07:00","6280.124","HOT_SWEEP_60","60","0.143029585"
"2026-08-04 11:41:47.152 +07:00","6280.813","HOT_SWEEP_60","60","0.142681345"
"2026-08-04 11:41:47.845 +07:00","6281.503","HOT_SWEEP_60","60","0.143323958"
"2026-08-04 11:41:48.540 +07:00","6282.199","HOT_SWEEP_60","60","0.142356753"
"2026-08-04 11:41:49.226 +07:00","6282.887","HOT_SWEEP_60","60","0.142048597"
"2026-08-04 11:41:49.914 +07:00","6283.575","HOT_SWEEP_60","60","0.143012837"
"2026-08-04 11:41:50.601 +07:00","6284.26","HOT_SWEEP_60","60","0.142295748"
"2026-08-04 11:41:51.288 +07:00","6284.949","HOT_SWEEP_60","60","0.141459435"
"2026-08-04 11:41:51.971 +07:00","6285.624","HOT_SWEEP_60","60","0.142320633"
"2026-08-04 11:41:52.644 +07:00","6286.305","HOT_SWEEP_60","60","0.141962916"
"2026-08-04 11:41:53.337 +07:00","6286.995","HOT_SWEEP_60","60","0.141190588"
"2026-08-04 11:41:54.027 +07:00","6287.688","HOT_SWEEP_60","60","0.142100811"
"2026-08-04 11:41:54.717 +07:00","6288.374","HOT_SWEEP_60","60","0.142470792"
"2026-08-04 11:41:55.400 +07:00","6289.06","HOT_SWEEP_60","60","0.141502634"
"2026-08-04 11:41:56.090 +07:00","6289.747","HOT_SWEEP_60","60","0.141649097"
"2026-08-04 11:41:56.784 +07:00","6290.443","HOT_SWEEP_60","60","0.142566293"
"2026-08-04 11:41:57.464 +07:00","6291.125","HOT_SWEEP_60","60","0.141786128"
"2026-08-04 11:41:58.154 +07:00","6291.805","HOT_SWEEP_60","60","0.141486049"
"2026-08-04 11:41:58.838 +07:00","6292.495","HOT_SWEEP_60","60","0.142680138"
"2026-08-04 11:41:59.534 +07:00","6293.195","HOT_SWEEP_60","60","0.142060131"
"2026-08-04 11:42:00.247 +07:00","6293.907","HOT_SWEEP_60","60","0.141892239"
"2026-08-04 11:42:00.938 +07:00","6294.598","HOT_SWEEP_60","60","0.142764047"
"2026-08-04 11:42:01.614 +07:00","6295.275","HOT_SWEEP_60","60","0.14226684"
"2026-08-04 11:42:02.316 +07:00","6295.967","HOT_SWEEP_60","60","0.141955227"
"2026-08-04 11:42:03.001 +07:00","6296.657","HOT_SWEEP_60","60","0.142759129"
"2026-08-04 11:42:03.674 +07:00","6297.335","HOT_SWEEP_60","60","0.142342657"
"2026-08-04 11:42:04.388 +07:00","6298.043","HOT_SWEEP_60","60","0.141929016"
"2026-08-04 11:42:05.084 +07:00","6298.739","HOT_SWEEP_60","60","0.142617077"
"2026-08-04 11:42:05.771 +07:00","6299.428","HOT_SWEEP_60","60","0.142867252"
"2026-08-04 11:42:06.444 +07:00","6300.105","HOT_SWEEP_60","60","0.142260656"
"2026-08-04 11:42:07.164 +07:00","6300.823","HOT_SWEEP_60","60","0.142166942"
"2026-08-04 11:42:07.854 +07:00","6301.505","HOT_SWEEP_60","60","0.142634422"
"2026-08-04 11:42:08.546 +07:00","6302.204","HOT_SWEEP_60","60","0.142064869"
"2026-08-04 11:42:09.236 +07:00","6302.895","HOT_SWEEP_60","60","0.141936332"
"2026-08-04 11:42:09.915 +07:00","6303.574","HOT_SWEEP_60","60","0.142790437"
"2026-08-04 11:42:10.602 +07:00","6304.261","HOT_SWEEP_60","60","0.142508119"
"2026-08-04 11:42:11.289 +07:00","6304.945","HOT_SWEEP_60","60","0.141780064"
"2026-08-04 11:42:11.979 +07:00","6305.629","HOT_SWEEP_60","60","0.142713383"
"2026-08-04 11:42:12.671 +07:00","6306.328","HOT_SWEEP_60","60","0.14241077"
"2026-08-04 11:42:13.355 +07:00","6307.002","HOT_SWEEP_60","60","0.141764611"
"2026-08-04 11:42:14.061 +07:00","6307.722","HOT_SWEEP_60","60","0.142498255"
"2026-08-04 11:42:14.738 +07:00","6308.399","HOT_SWEEP_60","60","0.142697439"
"2026-08-04 11:42:15.415 +07:00","6309.076","HOT_SWEEP_60","60","0.142238468"
"2026-08-04 11:42:16.107 +07:00","6309.768","HOT_SWEEP_60","60","0.142312601"
"2026-08-04 11:42:16.790 +07:00","6310.449","HOT_SWEEP_60","60","0.142844677"
"2026-08-04 11:42:17.486 +07:00","6311.131","HOT_SWEEP_60","60","0.141943157"
"2026-08-04 11:42:18.174 +07:00","6311.835","HOT_SWEEP_60","60","0.141945288"
"2026-08-04 11:42:18.858 +07:00","6312.519","HOT_SWEEP_60","60","0.142472595"
"2026-08-04 11:42:19.538 +07:00","6313.199","HOT_SWEEP_60","60","0.141572922"
"2026-08-04 11:42:20.223 +07:00","6313.882","HOT_SWEEP_60","60","0.141372338"
"2026-08-04 11:42:20.914 +07:00","6314.571","HOT_SWEEP_60","60","0.142365128"
"2026-08-04 11:42:21.603 +07:00","6315.264","HOT_SWEEP_60","60","0.141762137"
"2026-08-04 11:42:22.287 +07:00","6315.948","HOT_SWEEP_60","60","0.141032904"
"2026-08-04 11:42:22.977 +07:00","6316.636","HOT_SWEEP_60","60","0.141789898"
"2026-08-04 11:42:23.667 +07:00","6317.328","HOT_SWEEP_60","60","0.141417503"
"2026-08-04 11:42:24.346 +07:00","6318.007","HOT_SWEEP_60","60","0.140694827"
"2026-08-04 11:42:25.025 +07:00","6318.685","HOT_SWEEP_60","60","0.141588494"
"2026-08-04 11:42:25.723 +07:00","6319.382","HOT_SWEEP_60","60","0.14183782"
"2026-08-04 11:42:26.404 +07:00","6320.065","HOT_SWEEP_60","60","0.141175002"
"2026-08-04 11:42:27.089 +07:00","6320.748","HOT_SWEEP_60","60","0.141623273"
"2026-08-04 11:42:27.799 +07:00","6321.457","HOT_SWEEP_60","60","0.14236483"
"2026-08-04 11:42:28.488 +07:00","6322.147","HOT_SWEEP_60","60","0.141594753"
"2026-08-04 11:42:29.168 +07:00","6322.829","HOT_SWEEP_60","60","0.14143604"
"2026-08-04 11:42:29.855 +07:00","6323.513","HOT_SWEEP_60","60","0.143074244"
"2026-08-04 11:42:30.545 +07:00","6324.206","HOT_SWEEP_60","60","0.142308399"
"2026-08-04 11:42:31.241 +07:00","6324.9","HOT_SWEEP_60","60","0.142035276"
"2026-08-04 11:42:31.939 +07:00","6325.595","HOT_SWEEP_60","60","0.142790586"
"2026-08-04 11:42:32.615 +07:00","6326.276","HOT_SWEEP_60","60","0.142324969"
"2026-08-04 11:42:33.303 +07:00","6326.961","HOT_SWEEP_60","60","0.141805097"
"2026-08-04 11:42:33.985 +07:00","6327.645","HOT_SWEEP_60","60","0.142729536"
"2026-08-04 11:42:34.684 +07:00","6328.343","HOT_SWEEP_60","60","0.14230682"
"2026-08-04 11:42:35.377 +07:00","6329.036","HOT_SWEEP_60","60","0.141726062"
"2026-08-04 11:42:36.061 +07:00","6329.722","HOT_SWEEP_60","60","0.142574713"
"2026-08-04 11:42:36.746 +07:00","6330.405","HOT_SWEEP_60","60","0.142490283"
"2026-08-04 11:42:37.434 +07:00","6331.093","HOT_SWEEP_60","60","0.142034471"
"2026-08-04 11:42:38.135 +07:00","6331.788","HOT_SWEEP_60","60","0.142288059"
"2026-08-04 11:42:38.833 +07:00","6332.492","HOT_SWEEP_60","60","0.143482432"
"2026-08-04 11:42:39.531 +07:00","6333.185","HOT_SWEEP_60","60","0.143024445"
"2026-08-04 11:42:40.218 +07:00","6333.87","HOT_SWEEP_60","60","0.143009111"
"2026-08-04 11:42:40.909 +07:00","6334.568","HOT_SWEEP_60","60","0.143731207"
"2026-08-04 11:42:41.620 +07:00","6335.267","HOT_SWEEP_60","60","0.143336996"
"2026-08-04 11:42:42.318 +07:00","6335.976","HOT_SWEEP_60","60","0.142992407"
"2026-08-04 11:42:43.006 +07:00","6336.666","HOT_SWEEP_60","60","0.143517122"
"2026-08-04 11:42:43.699 +07:00","6337.357","HOT_SWEEP_60","60","0.143567309"
"2026-08-04 11:42:44.390 +07:00","6338.051","HOT_SWEEP_60","60","0.143017262"
"2026-08-04 11:42:45.077 +07:00","6338.738","HOT_SWEEP_60","60","0.143466428"
"2026-08-04 11:42:45.771 +07:00","6339.431","HOT_SWEEP_60","60","0.143303558"
"2026-08-04 11:42:46.448 +07:00","6340.109","HOT_SWEEP_60","60","0.143086597"
"2026-08-04 11:42:47.137 +07:00","6340.798","HOT_SWEEP_60","60","0.143267021"
"2026-08-04 11:42:47.826 +07:00","6341.485","HOT_SWEEP_60","60","0.143505141"
"2026-08-04 11:42:48.544 +07:00","6342.203","HOT_SWEEP_60","60","0.142991975"
"2026-08-04 11:42:49.244 +07:00","6342.897","HOT_SWEEP_60","60","0.142971829"
"2026-08-04 11:42:49.939 +07:00","6343.598","HOT_SWEEP_60","60","0.143294036"
"2026-08-04 11:42:50.628 +07:00","6344.287","HOT_SWEEP_60","60","0.142509744"
"2026-08-04 11:42:51.320 +07:00","6344.979","HOT_SWEEP_60","60","0.142473787"
"2026-08-04 11:42:52.011 +07:00","6345.67","HOT_SWEEP_60","60","0.14299497"
"2026-08-04 11:42:52.708 +07:00","6346.365","HOT_SWEEP_60","60","0.142749801"
"2026-08-04 11:42:53.398 +07:00","6347.059","HOT_SWEEP_60","60","0.142038479"
"2026-08-04 11:42:54.093 +07:00","6347.747","HOT_SWEEP_60","60","0.142242551"
"2026-08-04 11:42:54.771 +07:00","6348.432","HOT_SWEEP_60","60","0.142462686"
"2026-08-04 11:42:55.495 +07:00","6349.154","HOT_SWEEP_60","60","0.14220278"
"2026-08-04 11:42:56.192 +07:00","6349.849","HOT_SWEEP_60","60","0.142253086"
"2026-08-04 11:42:56.878 +07:00","6350.536","HOT_SWEEP_60","60","0.14326939"
"2026-08-04 11:42:57.559 +07:00","6351.22","HOT_SWEEP_60","60","0.142953143"
"2026-08-04 11:42:58.252 +07:00","6351.913","HOT_SWEEP_60","60","0.142666966"
"2026-08-04 11:42:58.944 +07:00","6352.603","HOT_SWEEP_60","60","0.143314987"
"2026-08-04 11:42:59.627 +07:00","6353.288","HOT_SWEEP_60","60","0.142785788"
"2026-08-04 11:43:00.320 +07:00","6353.981","HOT_SWEEP_60","60","0.142607763"
"2026-08-04 11:43:01.001 +07:00","6354.662","HOT_SWEEP_60","60","0.143468127"
"2026-08-04 11:43:01.684 +07:00","6355.343","HOT_SWEEP_60","60","0.14322266"
"2026-08-04 11:43:02.392 +07:00","6356.049","HOT_SWEEP_60","60","0.142755061"
"2026-08-04 11:43:03.073 +07:00","6356.735","HOT_SWEEP_60","60","0.143606901"
"2026-08-04 11:43:03.762 +07:00","6357.423","HOT_SWEEP_60","60","0.14336136"
"2026-08-04 11:43:04.452 +07:00","6358.111","HOT_SWEEP_60","60","0.142935291"
"2026-08-04 11:43:05.128 +07:00","6358.789","HOT_SWEEP_60","60","0.143508419"
"2026-08-04 11:43:05.816 +07:00","6359.477","HOT_SWEEP_60","60","0.144437939"
"2026-08-04 11:43:06.493 +07:00","6360.154","HOT_SWEEP_60","60","0.143862978"
"2026-08-04 11:43:07.172 +07:00","6360.833","HOT_SWEEP_60","60","0.143931836"
"2026-08-04 11:43:07.851 +07:00","6361.511","HOT_SWEEP_60","60","0.14496991"
"2026-08-04 11:43:08.542 +07:00","6362.203","HOT_SWEEP_60","60","0.144110799"
"2026-08-04 11:43:09.249 +07:00","6362.91","HOT_SWEEP_60","60","0.143709615"
"2026-08-04 11:43:09.961 +07:00","6363.615","HOT_SWEEP_60","60","0.144805104"
"2026-08-04 11:43:10.640 +07:00","6364.299","HOT_SWEEP_60","60","0.144493267"
"2026-08-04 11:43:11.324 +07:00","6364.986","HOT_SWEEP_60","60","0.143681154"
"2026-08-04 11:43:12.017 +07:00","6365.676","HOT_SWEEP_60","60","0.144640565"
"2026-08-04 11:43:12.704 +07:00","6366.35","HOT_SWEEP_60","60","0.144278452"
"2026-08-04 11:43:13.386 +07:00","6367.045","HOT_SWEEP_60","60","0.143423826"
"2026-08-04 11:43:14.078 +07:00","6367.739","HOT_SWEEP_60","60","0.144238785"
"2026-08-04 11:43:14.761 +07:00","6368.422","HOT_SWEEP_60","60","0.144446522"
"2026-08-04 11:43:15.454 +07:00","6369.113","HOT_SWEEP_60","60","0.143625379"
"2026-08-04 11:43:16.156 +07:00","6369.809","HOT_SWEEP_60","60","0.144030243"
"2026-08-04 11:43:16.839 +07:00","6370.498","HOT_SWEEP_60","60","0.144435957"
"2026-08-04 11:43:17.534 +07:00","6371.188","HOT_SWEEP_60","60","0.143497273"
"2026-08-04 11:43:18.225 +07:00","6371.882","HOT_SWEEP_60","60","0.1435958"
"2026-08-04 11:43:18.905 +07:00","6372.566","HOT_SWEEP_60","60","0.14438428"
"2026-08-04 11:43:19.601 +07:00","6373.256","HOT_SWEEP_60","60","0.143487275"
"2026-08-04 11:43:20.296 +07:00","6373.955","HOT_SWEEP_60","60","0.143183038"
"2026-08-04 11:43:20.989 +07:00","6374.65","HOT_SWEEP_60","60","0.143439665"
"2026-08-04 11:43:21.667 +07:00","6375.327","HOT_SWEEP_60","60","0.142810702"
"2026-08-04 11:43:22.360 +07:00","6376.019","HOT_SWEEP_60","60","0.142367035"
"2026-08-04 11:43:23.060 +07:00","6376.715","HOT_SWEEP_60","60","0.143064022"
"2026-08-04 11:43:23.736 +07:00","6377.397","HOT_SWEEP_60","60","0.142987534"
"2026-08-04 11:43:24.430 +07:00","6378.088","HOT_SWEEP_60","60","0.142468929"
"2026-08-04 11:43:25.126 +07:00","6378.787","HOT_SWEEP_60","60","0.142650351"
"2026-08-04 11:43:25.808 +07:00","6379.465","HOT_SWEEP_60","60","0.14314881"
"2026-08-04 11:43:26.504 +07:00","6380.164","HOT_SWEEP_60","60","0.142659113"
"2026-08-04 11:43:27.192 +07:00","6380.852","HOT_SWEEP_60","60","0.142782256"
"2026-08-04 11:43:27.872 +07:00","6381.533","HOT_SWEEP_60","60","0.144111395"
"2026-08-04 11:43:28.563 +07:00","6382.222","HOT_SWEEP_60","60","0.143617123"
"2026-08-04 11:43:29.244 +07:00","6382.902","HOT_SWEEP_60","60","0.143556759"
"2026-08-04 11:43:29.958 +07:00","6383.618","HOT_SWEEP_60","60","0.144955114"
"2026-08-04 11:43:30.643 +07:00","6384.303","HOT_SWEEP_60","60","0.144640774"
"2026-08-04 11:43:31.325 +07:00","6384.982","HOT_SWEEP_60","60","0.144305706"
"2026-08-04 11:43:32.016 +07:00","6385.675","HOT_SWEEP_60","60","0.145828381"
"2026-08-04 11:43:32.702 +07:00","6386.363","HOT_SWEEP_60","60","0.145343155"
"2026-08-04 11:43:33.394 +07:00","6387.053","HOT_SWEEP_60","60","0.144802853"
"2026-08-04 11:43:34.079 +07:00","6387.737","HOT_SWEEP_60","60","0.145961255"
"2026-08-04 11:43:34.768 +07:00","6388.429","HOT_SWEEP_60","60","0.145985171"
"2026-08-04 11:43:35.447 +07:00","6389.108","HOT_SWEEP_60","60","0.145678729"
"2026-08-04 11:43:36.135 +07:00","6389.783","HOT_SWEEP_60","60","0.14641121"
"2026-08-04 11:43:36.830 +07:00","6390.491","HOT_SWEEP_60","60","0.146783277"
"2026-08-04 11:43:37.495 +07:00","6391.156","HOT_SWEEP_60","60","0.146200001"
"2026-08-04 11:43:38.188 +07:00","6391.845","HOT_SWEEP_60","60","0.146174282"
"2026-08-04 11:43:38.864 +07:00","6392.525","HOT_SWEEP_60","60","0.147240251"
"2026-08-04 11:43:39.550 +07:00","6393.206","HOT_SWEEP_60","60","0.1465597"
"2026-08-04 11:43:40.249 +07:00","6393.908","HOT_SWEEP_60","60","0.146259815"
"2026-08-04 11:43:40.927 +07:00","6394.588","HOT_SWEEP_60","60","0.147202358"
"2026-08-04 11:43:41.615 +07:00","6395.274","HOT_SWEEP_60","60","0.146246895"
"2026-08-04 11:43:42.293 +07:00","6395.952","HOT_SWEEP_60","60","0.145295918"
"2026-08-04 11:43:42.976 +07:00","6396.637","HOT_SWEEP_60","60","0.146675214"
"2026-08-04 11:43:43.679 +07:00","6397.34","HOT_SWEEP_60","60","0.146291628"
"2026-08-04 11:43:44.361 +07:00","6398.008","HOT_SWEEP_60","60","0.144966319"
"2026-08-04 11:43:45.053 +07:00","6398.712","HOT_SWEEP_60","60","0.146455839"
"2026-08-04 11:43:45.744 +07:00","6399.39","HOT_SWEEP_60","60","0.14601621"
"2026-08-04 11:43:46.448 +07:00","6400.104","HOT_SWEEP_60","60","0.145009726"
"2026-08-04 11:43:47.137 +07:00","6400.798","HOT_SWEEP_60","60","0.145796508"
"2026-08-04 11:43:47.829 +07:00","6401.488","HOT_SWEEP_60","60","0.146223634"
"2026-08-04 11:43:48.508 +07:00","6402.168","HOT_SWEEP_60","60","0.145722806"
"2026-08-04 11:43:49.199 +07:00","6402.858","HOT_SWEEP_60","60","0.145791322"
"2026-08-04 11:43:49.894 +07:00","6403.554","HOT_SWEEP_60","60","0.146154866"
"2026-08-04 11:43:50.598 +07:00","6404.259","HOT_SWEEP_60","60","0.145345211"
"2026-08-04 11:43:51.267 +07:00","6404.928","HOT_SWEEP_60","60","0.145369723"
"2026-08-04 11:43:51.955 +07:00","6405.616","HOT_SWEEP_60","60","0.145765513"
"2026-08-04 11:43:52.638 +07:00","6406.299","HOT_SWEEP_60","60","0.14540951"
"2026-08-04 11:43:53.332 +07:00","6406.989","HOT_SWEEP_60","60","0.145107627"
"2026-08-04 11:43:54.008 +07:00","6407.669","HOT_SWEEP_60","60","0.145894721"
"2026-08-04 11:43:54.681 +07:00","6408.342","HOT_SWEEP_60","60","0.14532201"
"2026-08-04 11:43:55.363 +07:00","6409.024","HOT_SWEEP_60","60","0.14450939"
"2026-08-04 11:43:56.036 +07:00","6409.697","HOT_SWEEP_60","60","0.145777419"
"2026-08-04 11:43:56.717 +07:00","6410.378","HOT_SWEEP_60","60","0.145567507"
"2026-08-04 11:43:57.426 +07:00","6411.085","HOT_SWEEP_60","60","0.144310698"
"2026-08-04 11:43:58.124 +07:00","6411.783","HOT_SWEEP_60","60","0.145155013"
"2026-08-04 11:43:58.815 +07:00","6412.461","HOT_SWEEP_60","60","0.145720899"
"2026-08-04 11:43:59.496 +07:00","6413.157","HOT_SWEEP_60","60","0.144539088"
"2026-08-04 11:44:00.198 +07:00","6413.853","HOT_SWEEP_60","60","0.144674674"
"2026-08-04 11:44:00.893 +07:00","6414.552","HOT_SWEEP_60","60","0.145810097"
"2026-08-04 11:44:01.578 +07:00","6415.236","HOT_SWEEP_60","60","0.145133942"
"2026-08-04 11:44:02.261 +07:00","6415.92","HOT_SWEEP_60","60","0.145030767"
"2026-08-04 11:44:02.944 +07:00","6416.605","HOT_SWEEP_60","60","0.145913452"
"2026-08-04 11:44:03.630 +07:00","6417.289","HOT_SWEEP_60","60","0.145394251"
"2026-08-04 11:44:04.335 +07:00","6417.994","HOT_SWEEP_60","60","0.145372227"
"2026-08-04 11:44:05.017 +07:00","6418.678","HOT_SWEEP_60","60","0.146516711"
"2026-08-04 11:44:05.699 +07:00","6419.358","HOT_SWEEP_60","60","0.146097571"
"2026-08-04 11:44:06.388 +07:00","6420.037","HOT_SWEEP_60","60","0.145760283"
"2026-08-04 11:44:07.068 +07:00","6420.729","HOT_SWEEP_60","60","0.14707692"
"2026-08-04 11:44:07.749 +07:00","6421.408","HOT_SWEEP_60","60","0.14660196"
"2026-08-04 11:44:08.457 +07:00","6422.114","HOT_SWEEP_60","60","0.146100566"
"2026-08-04 11:44:09.147 +07:00","6422.805","HOT_SWEEP_60","60","0.147064283"
"2026-08-04 11:44:09.833 +07:00","6423.494","HOT_SWEEP_60","60","0.147590235"
"2026-08-04 11:44:10.516 +07:00","6424.174","HOT_SWEEP_60","60","0.146819994"
"2026-08-04 11:44:11.239 +07:00","6424.897","HOT_SWEEP_60","60","0.146880239"
"2026-08-04 11:44:11.911 +07:00","6425.572","HOT_SWEEP_60","60","0.147295326"
"2026-08-04 11:44:12.592 +07:00","6426.252","HOT_SWEEP_60","60","0.146956295"
"2026-08-04 11:44:13.281 +07:00","6426.942","HOT_SWEEP_60","60","0.146356717"
"2026-08-04 11:44:13.971 +07:00","6427.622","HOT_SWEEP_60","60","0.146927863"
"2026-08-04 11:44:14.664 +07:00","6428.323","HOT_SWEEP_60","60","0.146682292"
"2026-08-04 11:44:15.361 +07:00","6429.021","HOT_SWEEP_60","60","0.146023735"
"2026-08-04 11:44:16.054 +07:00","6429.715","HOT_SWEEP_60","60","0.146398991"
"2026-08-04 11:44:16.742 +07:00","6430.401","HOT_SWEEP_60","60","0.146021798"
"2026-08-04 11:44:17.426 +07:00","6431.087","HOT_SWEEP_60","60","0.145495802"
"2026-08-04 11:44:18.125 +07:00","6431.785","HOT_SWEEP_60","60","0.146309733"
"2026-08-04 11:44:18.811 +07:00","6432.472","HOT_SWEEP_60","60","0.146304026"
"2026-08-04 11:44:19.491 +07:00","6433.153","HOT_SWEEP_60","60","0.145317525"
"2026-08-04 11:44:20.179 +07:00","6433.832","HOT_SWEEP_60","60","0.145894706"
"2026-08-04 11:44:20.861 +07:00","6434.522","HOT_SWEEP_60","60","0.146369904"
"2026-08-04 11:44:21.557 +07:00","6435.212","HOT_SWEEP_60","60","0.145456761"
"2026-08-04 11:44:22.235 +07:00","6435.897","HOT_SWEEP_60","60","0.145412773"
"2026-08-04 11:44:22.911 +07:00","6436.572","HOT_SWEEP_60","60","0.146394461"
"2026-08-04 11:44:23.595 +07:00","6437.254","HOT_SWEEP_60","60","0.145563185"
"2026-08-04 11:44:24.281 +07:00","6437.94","HOT_SWEEP_60","60","0.145294785"
"2026-08-04 11:44:24.981 +07:00","6438.642","HOT_SWEEP_60","60","0.146379963"
"2026-08-04 11:44:25.668 +07:00","6439.325","HOT_SWEEP_60","60","0.145860389"
"2026-08-04 11:44:26.362 +07:00","6440.021","HOT_SWEEP_60","60","0.14511548"
"2026-08-04 11:44:27.048 +07:00","6440.704","HOT_SWEEP_60","60","0.14621079"
"2026-08-04 11:44:27.730 +07:00","6441.39","HOT_SWEEP_60","60","0.14571479"
"2026-08-04 11:44:28.427 +07:00","6442.087","HOT_SWEEP_60","60","0.14489314"
"2026-08-04 11:44:29.131 +07:00","6442.79","HOT_SWEEP_60","60","0.145824909"
"2026-08-04 11:44:29.830 +07:00","6443.487","HOT_SWEEP_60","60","0.146070212"
"2026-08-04 11:44:30.515 +07:00","6444.17","HOT_SWEEP_60","60","0.145417079"
"2026-08-04 11:44:31.213 +07:00","6444.872","HOT_SWEEP_60","60","0.145547956"
"2026-08-04 11:44:31.915 +07:00","6445.576","HOT_SWEEP_60","60","0.14611727"
"2026-08-04 11:44:32.601 +07:00","6446.261","HOT_SWEEP_60","60","0.145672381"
"2026-08-04 11:44:33.294 +07:00","6446.953","HOT_SWEEP_60","60","0.14566499"
"2026-08-04 11:44:33.990 +07:00","6447.651","HOT_SWEEP_60","60","0.14628762"
"2026-08-04 11:44:34.675 +07:00","6448.336","HOT_SWEEP_60","60","0.145996168"
"2026-08-04 11:44:35.355 +07:00","6449.012","HOT_SWEEP_60","60","0.146045357"
"2026-08-04 11:44:36.045 +07:00","6449.706","HOT_SWEEP_60","60","0.146644428"
"2026-08-04 11:44:36.727 +07:00","6450.388","HOT_SWEEP_60","60","0.146185458"
"2026-08-04 11:44:37.415 +07:00","6451.067","HOT_SWEEP_60","60","0.145811945"
"2026-08-04 11:44:38.097 +07:00","6451.756","HOT_SWEEP_60","60","0.146980315"
"2026-08-04 11:44:38.795 +07:00","6452.454","HOT_SWEEP_60","60","0.146691695"
"2026-08-04 11:44:39.508 +07:00","6453.166","HOT_SWEEP_60","60","0.146209493"
"2026-08-04 11:44:40.188 +07:00","6453.845","HOT_SWEEP_60","60","0.146984279"
"2026-08-04 11:44:40.860 +07:00","6454.521","HOT_SWEEP_60","60","0.147600845"
"2026-08-04 11:44:41.570 +07:00","6455.225","HOT_SWEEP_60","60","0.147319436"
"2026-08-04 11:44:42.270 +07:00","6455.929","HOT_SWEEP_60","60","0.147136956"
"2026-08-04 11:44:42.950 +07:00","6456.611","HOT_SWEEP_60","60","0.147948638"
"2026-08-04 11:44:43.647 +07:00","6457.306","HOT_SWEEP_60","60","0.147556692"
"2026-08-04 11:44:44.339 +07:00","6457.998","HOT_SWEEP_60","60","0.147082105"
"2026-08-04 11:44:45.026 +07:00","6458.687","HOT_SWEEP_60","60","0.147760242"
"2026-08-04 11:44:45.748 +07:00","6459.409","HOT_SWEEP_60","60","0.1473746"
"2026-08-04 11:44:46.444 +07:00","6460.098","HOT_SWEEP_60","60","0.147067994"
"2026-08-04 11:44:47.122 +07:00","6460.783","HOT_SWEEP_60","60","0.147443339"
"2026-08-04 11:44:47.806 +07:00","6461.465","HOT_SWEEP_60","60","0.147686988"
"2026-08-04 11:44:48.500 +07:00","6462.155","HOT_SWEEP_60","60","0.146947414"
"2026-08-04 11:44:49.196 +07:00","6462.854","HOT_SWEEP_60","60","0.147525162"
"2026-08-04 11:44:49.892 +07:00","6463.552","HOT_SWEEP_60","60","0.147858575"
"2026-08-04 11:44:50.584 +07:00","6464.243","HOT_SWEEP_60","60","0.147364035"
"2026-08-04 11:44:51.274 +07:00","6464.934","HOT_SWEEP_60","60","0.147436112"
"2026-08-04 11:44:51.960 +07:00","6465.621","HOT_SWEEP_60","60","0.147603944"
"2026-08-04 11:44:52.679 +07:00","6466.34","HOT_SWEEP_60","60","0.147262275"
"2026-08-04 11:44:53.365 +07:00","6467.024","HOT_SWEEP_60","60","0.146858752"
"2026-08-04 11:44:54.046 +07:00","6467.706","HOT_SWEEP_60","60","0.147426739"
"2026-08-04 11:44:54.749 +07:00","6468.402","HOT_SWEEP_60","60","0.146665961"
"2026-08-04 11:44:55.435 +07:00","6469.094","HOT_SWEEP_60","60","0.146392792"
"2026-08-04 11:44:56.124 +07:00","6469.785","HOT_SWEEP_60","60","0.146818757"
"2026-08-04 11:44:56.810 +07:00","6470.469","HOT_SWEEP_60","60","0.146690041"
"2026-08-04 11:44:57.500 +07:00","6471.153","HOT_SWEEP_60","60","0.146114796"
"2026-08-04 11:44:58.194 +07:00","6471.853","HOT_SWEEP_60","60","0.146620169"
"2026-08-04 11:44:58.884 +07:00","6472.529","HOT_SWEEP_60","60","0.14721483"
"2026-08-04 11:44:59.589 +07:00","6473.25","HOT_SWEEP_60","60","0.146785945"
"2026-08-04 11:45:00.272 +07:00","6473.933","HOT_SWEEP_60","60","0.146629766"
"2026-08-04 11:45:00.959 +07:00","6474.62","HOT_SWEEP_60","60","0.147552937"
"2026-08-04 11:45:01.652 +07:00","6475.297","HOT_SWEEP_60","60","0.147062868"
"2026-08-04 11:45:02.343 +07:00","6476.004","HOT_SWEEP_60","60","0.146670967"
"2026-08-04 11:45:03.028 +07:00","6476.685","HOT_SWEEP_60","60","0.147681639"
"2026-08-04 11:45:03.705 +07:00","6477.366","HOT_SWEEP_60","60","0.147365242"
"2026-08-04 11:45:04.396 +07:00","6478.055","HOT_SWEEP_60","60","0.146794409"
"2026-08-04 11:45:05.074 +07:00","6478.735","HOT_SWEEP_60","60","0.148281604"
"2026-08-04 11:45:05.767 +07:00","6479.422","HOT_SWEEP_60","60","0.147789374"
"2026-08-04 11:45:06.507 +07:00","6480.166","HOT_SWEEP_60","60","0.147340044"
"2026-08-04 11:45:07.198 +07:00","6480.854","HOT_SWEEP_60","60","0.148298815"
"2026-08-04 11:45:07.885 +07:00","6481.546","HOT_SWEEP_60","60","0.148495749"
"2026-08-04 11:45:08.574 +07:00","6482.235","HOT_SWEEP_60","60","0.14827475"
"2026-08-04 11:45:09.264 +07:00","6482.921","HOT_SWEEP_60","60","0.148540586"
"2026-08-04 11:45:09.948 +07:00","6483.607","HOT_SWEEP_60","60","0.149107814"
"2026-08-04 11:45:10.637 +07:00","6484.298","HOT_SWEEP_60","60","0.148656458"
"2026-08-04 11:45:11.334 +07:00","6484.984","HOT_SWEEP_60","60","0.148617566"
"2026-08-04 11:45:12.007 +07:00","6485.668","HOT_SWEEP_60","60","0.149015039"
"2026-08-04 11:45:12.710 +07:00","6486.369","HOT_SWEEP_60","60","0.148824245"
"2026-08-04 11:45:13.415 +07:00","6487.074","HOT_SWEEP_60","60","0.14842765"
"2026-08-04 11:45:14.099 +07:00","6487.76","HOT_SWEEP_60","60","0.149176717"
"2026-08-04 11:45:14.793 +07:00","6488.452","HOT_SWEEP_60","60","0.148764387"
"2026-08-04 11:45:15.480 +07:00","6489.141","HOT_SWEEP_60","60","0.147798985"
"2026-08-04 11:45:16.162 +07:00","6489.823","HOT_SWEEP_60","60","0.148673743"
"2026-08-04 11:45:16.859 +07:00","6490.516","HOT_SWEEP_60","60","0.148829579"
"2026-08-04 11:45:17.554 +07:00","6491.213","HOT_SWEEP_60","60","0.148059547"
"2026-08-04 11:45:18.230 +07:00","6491.891","HOT_SWEEP_60","60","0.148385957"
"2026-08-04 11:45:18.909 +07:00","6492.57","HOT_SWEEP_60","60","0.148646459"
"2026-08-04 11:45:19.605 +07:00","6493.263","HOT_SWEEP_60","60","0.147858262"
"2026-08-04 11:45:20.310 +07:00","6493.971","HOT_SWEEP_60","60","0.147703469"
"2026-08-04 11:45:21.012 +07:00","6494.671","HOT_SWEEP_60","60","0.14825277"
"2026-08-04 11:45:21.693 +07:00","6495.354","HOT_SWEEP_60","60","0.147583336"
"2026-08-04 11:45:22.384 +07:00","6496.043","HOT_SWEEP_60","60","0.147294134"
"2026-08-04 11:45:23.068 +07:00","6496.727","HOT_SWEEP_60","60","0.147929907"
"2026-08-04 11:45:23.761 +07:00","6497.419","HOT_SWEEP_60","60","0.147286326"
"2026-08-04 11:45:24.455 +07:00","6498.114","HOT_SWEEP_60","60","0.146735534"
"2026-08-04 11:45:25.125 +07:00","6498.786","HOT_SWEEP_60","60","0.147793055"
"2026-08-04 11:45:25.811 +07:00","6499.472","HOT_SWEEP_60","60","0.147814304"
"2026-08-04 11:45:26.493 +07:00","6500.154","HOT_SWEEP_60","60","0.147354707"
"2026-08-04 11:45:27.198 +07:00","6500.857","HOT_SWEEP_60","60","0.147932202"
"2026-08-04 11:45:27.892 +07:00","6501.549","HOT_SWEEP_60","60","0.148497015"
"2026-08-04 11:45:28.586 +07:00","6502.235","HOT_SWEEP_60","60","0.147777513"
"2026-08-04 11:45:29.268 +07:00","6502.927","HOT_SWEEP_60","60","0.147651121"
"2026-08-04 11:45:29.962 +07:00","6503.62","HOT_SWEEP_60","60","0.148686737"
"2026-08-04 11:45:30.657 +07:00","6504.318","HOT_SWEEP_60","60","0.148040682"
"2026-08-04 11:45:31.352 +07:00","6505.01","HOT_SWEEP_60","60","0.147754088"
"2026-08-04 11:45:32.022 +07:00","6505.683","HOT_SWEEP_60","60","0.148640484"
"2026-08-04 11:45:32.717 +07:00","6506.376","HOT_SWEEP_60","60","0.147722453"
"2026-08-04 11:45:33.402 +07:00","6507.061","HOT_SWEEP_60","60","0.14728564"
"2026-08-04 11:45:34.134 +07:00","6507.793","HOT_SWEEP_60","60","0.148372784"
"2026-08-04 11:45:34.821 +07:00","6508.477","HOT_SWEEP_60","60","0.148035973"
"2026-08-04 11:45:35.512 +07:00","6509.171","HOT_SWEEP_60","60","0.147874981"
"2026-08-04 11:45:36.200 +07:00","6509.857","HOT_SWEEP_60","60","0.148764729"
"2026-08-04 11:45:36.887 +07:00","6510.548","HOT_SWEEP_60","60","0.148859352"
"2026-08-04 11:45:37.573 +07:00","6511.232","HOT_SWEEP_60","60","0.148614019"
"2026-08-04 11:45:38.256 +07:00","6511.917","HOT_SWEEP_60","60","0.148946539"
"2026-08-04 11:45:38.932 +07:00","6512.594","HOT_SWEEP_60","60","0.149569497"
"2026-08-04 11:45:39.630 +07:00","6513.281","HOT_SWEEP_60","60","0.149070114"
"2026-08-04 11:45:40.309 +07:00","6513.97","HOT_SWEEP_60","60","0.148766845"
"2026-08-04 11:45:41.029 +07:00","6514.685","HOT_SWEEP_60","60","0.149388716"
"2026-08-04 11:45:41.719 +07:00","6515.378","HOT_SWEEP_60","60","0.149063945"
"2026-08-04 11:45:42.414 +07:00","6516.071","HOT_SWEEP_60","60","0.148444921"
"2026-08-04 11:45:43.089 +07:00","6516.75","HOT_SWEEP_60","60","0.149245381"
"2026-08-04 11:45:43.801 +07:00","6517.462","HOT_SWEEP_60","60","0.148705393"
"2026-08-04 11:45:44.478 +07:00","6518.139","HOT_SWEEP_60","60","0.148222759"
"2026-08-04 11:45:45.160 +07:00","6518.819","HOT_SWEEP_60","60","0.14914915"
"2026-08-04 11:45:45.846 +07:00","6519.501","HOT_SWEEP_60","60","0.148737207"
"2026-08-04 11:45:46.532 +07:00","6520.191","HOT_SWEEP_60","60","0.148134023"
"2026-08-04 11:45:47.223 +07:00","6520.879","HOT_SWEEP_60","60","0.14881058"
"2026-08-04 11:45:47.941 +07:00","6521.601","HOT_SWEEP_60","60","0.149122044"
"2026-08-04 11:45:48.631 +07:00","6522.289","HOT_SWEEP_60","60","0.148262799"
"2026-08-04 11:45:49.327 +07:00","6522.982","HOT_SWEEP_60","60","0.148171812"
"2026-08-04 11:45:50.015 +07:00","6523.676","HOT_SWEEP_60","60","0.14868091"
"2026-08-04 11:45:50.702 +07:00","6524.361","HOT_SWEEP_60","60","0.148066059"
"2026-08-04 11:45:51.375 +07:00","6525.036","HOT_SWEEP_60","60","0.14746812"
"2026-08-04 11:45:52.093 +07:00","6525.74","HOT_SWEEP_60","60","0.147897303"
"2026-08-04 11:45:52.780 +07:00","6526.441","HOT_SWEEP_60","60","0.14748545"
"2026-08-04 11:45:53.469 +07:00","6527.13","HOT_SWEEP_60","60","0.147269234"
"2026-08-04 11:45:54.154 +07:00","6527.804","HOT_SWEEP_60","60","0.147720903"
"2026-08-04 11:45:54.857 +07:00","6528.518","HOT_SWEEP_60","60","0.147477359"
"2026-08-04 11:45:55.548 +07:00","6529.209","HOT_SWEEP_60","60","0.146919057"
"2026-08-04 11:45:56.224 +07:00","6529.885","HOT_SWEEP_60","60","0.147094056"
"2026-08-04 11:45:56.905 +07:00","6530.564","HOT_SWEEP_60","60","0.147493348"
"2026-08-04 11:45:57.597 +07:00","6531.256","HOT_SWEEP_60","60","0.146544024"
"2026-08-04 11:45:58.279 +07:00","6531.937","HOT_SWEEP_60","60","0.146513849"
"2026-08-04 11:45:58.954 +07:00","6532.615","HOT_SWEEP_60","60","0.147288233"
"2026-08-04 11:45:59.662 +07:00","6533.321","HOT_SWEEP_60","60","0.146313399"
"2026-08-04 11:46:00.340 +07:00","6534.001","HOT_SWEEP_60","60","0.145858839"
"2026-08-04 11:46:01.033 +07:00","6534.692","HOT_SWEEP_60","60","0.146991447"
"2026-08-04 11:46:01.735 +07:00","6535.395","HOT_SWEEP_60","60","0.146007106"
"2026-08-04 11:46:02.417 +07:00","6536.078","HOT_SWEEP_60","60","0.145453766"
"2026-08-04 11:46:03.107 +07:00","6536.768","HOT_SWEEP_60","60","0.146839783"
"2026-08-04 11:46:03.801 +07:00","6537.455","HOT_SWEEP_60","60","0.146311849"
"2026-08-04 11:46:04.493 +07:00","6538.15","HOT_SWEEP_60","60","0.145906121"
"2026-08-04 11:46:05.187 +07:00","6538.845","HOT_SWEEP_60","60","0.14696455"
"2026-08-04 11:46:05.871 +07:00","6539.516","HOT_SWEEP_60","60","0.146793514"
"2026-08-04 11:46:06.566 +07:00","6540.222","HOT_SWEEP_60","60","0.146646664"
"2026-08-04 11:46:07.247 +07:00","6540.909","HOT_SWEEP_60","60","0.14695701"
"2026-08-04 11:46:07.947 +07:00","6541.606","HOT_SWEEP_60","60","0.147328019"
"2026-08-04 11:46:08.655 +07:00","6542.314","HOT_SWEEP_60","60","0.147103757"
"2026-08-04 11:46:09.341 +07:00","6542.986","HOT_SWEEP_60","60","0.147157162"
"2026-08-04 11:46:10.029 +07:00","6543.688","HOT_SWEEP_60","60","0.147707105"
"2026-08-04 11:46:10.725 +07:00","6544.385","HOT_SWEEP_60","60","0.147468552"
"2026-08-04 11:46:11.404 +07:00","6545.065","HOT_SWEEP_60","60","0.14685373"
"2026-08-04 11:46:12.097 +07:00","6545.748","HOT_SWEEP_60","60","0.147459567"
"2026-08-04 11:46:12.779 +07:00","6546.438","HOT_SWEEP_60","60","0.147218928"
"2026-08-04 11:46:13.470 +07:00","6547.127","HOT_SWEEP_60","60","0.146312773"
"2026-08-04 11:46:14.162 +07:00","6547.821","HOT_SWEEP_60","60","0.147512287"
"2026-08-04 11:46:14.834 +07:00","6548.495","HOT_SWEEP_60","60","0.147337452"
"2026-08-04 11:46:15.527 +07:00","6549.185","HOT_SWEEP_60","60","0.146441892"
"2026-08-04 11:46:16.227 +07:00","6549.886","HOT_SWEEP_60","60","0.147364348"
"2026-08-04 11:46:16.914 +07:00","6550.573","HOT_SWEEP_60","60","0.147615969"
"2026-08-04 11:46:17.596 +07:00","6551.255","HOT_SWEEP_60","60","0.146504015"
"2026-08-04 11:46:18.279 +07:00","6551.935","HOT_SWEEP_60","60","0.14713034"
"2026-08-04 11:46:18.976 +07:00","6552.633","HOT_SWEEP_60","60","0.148057252"
"2026-08-04 11:46:19.657 +07:00","6553.313","HOT_SWEEP_60","60","0.147343516"
"2026-08-04 11:46:20.342 +07:00","6554.001","HOT_SWEEP_60","60","0.147196308"
"2026-08-04 11:46:21.039 +07:00","6554.7","HOT_SWEEP_60","60","0.147852689"
"2026-08-04 11:46:21.725 +07:00","6555.384","HOT_SWEEP_60","60","0.147013575"
"2026-08-04 11:46:22.463 +07:00","6556.121","HOT_SWEEP_60","60","0.146645948"
"2026-08-04 11:46:23.150 +07:00","6556.811","HOT_SWEEP_60","60","0.146966428"
"2026-08-04 11:46:23.832 +07:00","6557.491","HOT_SWEEP_60","60","0.146574721"
"2026-08-04 11:46:24.518 +07:00","6558.177","HOT_SWEEP_60","60","0.146300286"
"2026-08-04 11:46:25.198 +07:00","6558.859","HOT_SWEEP_60","60","0.146866187"
"2026-08-04 11:46:25.883 +07:00","6559.544","HOT_SWEEP_60","60","0.146719277"
"2026-08-04 11:46:26.573 +07:00","6560.218","HOT_SWEEP_60","60","0.146234334"
"2026-08-04 11:46:27.264 +07:00","6560.925","HOT_SWEEP_60","60","0.146537885"
"2026-08-04 11:46:27.950 +07:00","6561.611","HOT_SWEEP_60","60","0.14709425"
"2026-08-04 11:46:28.645 +07:00","6562.304","HOT_SWEEP_60","60","0.146437138"
"2026-08-04 11:46:29.392 +07:00","6563.049","HOT_SWEEP_60","60","0.146418884"
"2026-08-04 11:46:30.075 +07:00","6563.734","HOT_SWEEP_60","60","0.147430927"
"2026-08-04 11:46:30.760 +07:00","6564.421","HOT_SWEEP_60","60","0.147037312"
"2026-08-04 11:46:31.457 +07:00","6565.116","HOT_SWEEP_60","60","0.146754891"
"2026-08-04 11:46:32.137 +07:00","6565.796","HOT_SWEEP_60","60","0.147359461"
"2026-08-04 11:46:32.830 +07:00","6566.488","HOT_SWEEP_60","60","0.1469585"
"2026-08-04 11:46:33.526 +07:00","6567.182","HOT_SWEEP_60","60","0.14668566"
"2026-08-04 11:46:34.222 +07:00","6567.878","HOT_SWEEP_60","60","0.14790155"
"2026-08-04 11:46:34.916 +07:00","6568.577","HOT_SWEEP_60","60","0.147796929"
"2026-08-04 11:46:35.603 +07:00","6569.254","HOT_SWEEP_60","60","0.147857711"
"2026-08-04 11:46:36.326 +07:00","6569.981","HOT_SWEEP_60","60","0.148364216"
"2026-08-04 11:46:37.014 +07:00","6570.673","HOT_SWEEP_60","60","0.148323104"
"2026-08-04 11:46:37.703 +07:00","6571.362","HOT_SWEEP_60","60","0.148325101"
"2026-08-04 11:46:38.401 +07:00","6572.06","HOT_SWEEP_60","60","0.148062617"
"2026-08-04 11:46:39.074 +07:00","6572.735","HOT_SWEEP_60","60","0.148818925"
"2026-08-04 11:46:39.774 +07:00","6573.428","HOT_SWEEP_60","60","0.148455694"
"2026-08-04 11:46:40.463 +07:00","6574.124","HOT_SWEEP_60","60","0.147831172"
"2026-08-04 11:46:41.163 +07:00","6574.824","HOT_SWEEP_60","60","0.14803125"
"2026-08-04 11:46:41.848 +07:00","6575.509","HOT_SWEEP_60","60","0.147890389"
"2026-08-04 11:46:42.538 +07:00","6576.199","HOT_SWEEP_60","60","0.147524819"
"2026-08-04 11:46:43.256 +07:00","6576.91","HOT_SWEEP_60","60","0.147923142"
"2026-08-04 11:46:43.948 +07:00","6577.607","HOT_SWEEP_60","60","0.148295984"
"2026-08-04 11:46:44.644 +07:00","6578.306","HOT_SWEEP_60","60","0.147644058"
"2026-08-04 11:46:45.332 +07:00","6578.989","HOT_SWEEP_60","60","0.147744045"
"2026-08-04 11:46:46.024 +07:00","6579.677","HOT_SWEEP_60","60","0.148008272"
"2026-08-04 11:46:46.726 +07:00","6580.378","HOT_SWEEP_60","60","0.147497863"
"2026-08-04 11:46:47.430 +07:00","6581.089","HOT_SWEEP_60","60","0.147632554"
"2026-08-04 11:46:48.118 +07:00","6581.777","HOT_SWEEP_60","60","0.147564322"
"2026-08-04 11:46:48.797 +07:00","6582.457","HOT_SWEEP_60","60","0.146873444"
"2026-08-04 11:46:49.490 +07:00","6583.145","HOT_SWEEP_60","60","0.146578342"
"2026-08-04 11:46:50.225 +07:00","6583.884","HOT_SWEEP_60","60","0.146825239"
"2026-08-04 11:46:50.919 +07:00","6584.577","HOT_SWEEP_60","60","0.146741807"
"2026-08-04 11:46:51.610 +07:00","6585.267","HOT_SWEEP_60","60","0.146598488"
"2026-08-04 11:46:52.294 +07:00","6585.953","HOT_SWEEP_60","60","0.146631673"
"2026-08-04 11:46:52.978 +07:00","6586.639","HOT_SWEEP_60","60","0.14668408"
"2026-08-04 11:46:53.680 +07:00","6587.336","HOT_SWEEP_60","60","0.146608502"
"2026-08-04 11:46:54.369 +07:00","6588.031","HOT_SWEEP_60","60","0.146304175"
"2026-08-04 11:46:55.063 +07:00","6588.72","HOT_SWEEP_60","60","0.147044614"
"2026-08-04 11:46:55.746 +07:00","6589.405","HOT_SWEEP_60","60","0.146821588"
"2026-08-04 11:46:56.442 +07:00","6590.102","HOT_SWEEP_60","60","0.146566421"
"2026-08-04 11:46:57.142 +07:00","6590.801","HOT_SWEEP_60","60","0.147327647"
"2026-08-04 11:46:57.832 +07:00","6591.491","HOT_SWEEP_60","60","0.146628082"
"2026-08-04 11:46:58.525 +07:00","6592.184","HOT_SWEEP_60","60","0.146432251"
"2026-08-04 11:46:59.213 +07:00","6592.869","HOT_SWEEP_60","60","0.147729665"
"2026-08-04 11:46:59.904 +07:00","6593.562","HOT_SWEEP_60","60","0.147518173"
"2026-08-04 11:47:00.598 +07:00","6594.257","HOT_SWEEP_60","60","0.147145569"
"2026-08-04 11:47:01.284 +07:00","6594.94","HOT_SWEEP_60","60","0.148028105"
"2026-08-04 11:47:01.978 +07:00","6595.635","HOT_SWEEP_60","60","0.148475811"
"2026-08-04 11:47:02.675 +07:00","6596.335","HOT_SWEEP_60","60","0.148371369"
"2026-08-04 11:47:03.361 +07:00","6597.015","HOT_SWEEP_60","60","0.14828752"
"2026-08-04 11:47:04.084 +07:00","6597.743","HOT_SWEEP_60","60","0.148901075"
"2026-08-04 11:47:04.778 +07:00","6598.437","HOT_SWEEP_60","60","0.149033859"
"2026-08-04 11:47:05.469 +07:00","6599.128","HOT_SWEEP_60","60","0.148540214"
"2026-08-04 11:47:06.154 +07:00","6599.813","HOT_SWEEP_60","60","0.148992434"
"2026-08-04 11:47:06.853 +07:00","6600.498","HOT_SWEEP_60","60","0.148861498"
"2026-08-04 11:47:07.538 +07:00","6601.197","HOT_SWEEP_60","60","0.148522988"
"2026-08-04 11:47:08.229 +07:00","6601.888","HOT_SWEEP_60","60","0.149021327"
"2026-08-04 11:47:08.933 +07:00","6602.591","HOT_SWEEP_60","60","0.149004057"
"2026-08-04 11:47:09.622 +07:00","6603.281","HOT_SWEEP_60","60","0.148339972"
"2026-08-04 11:47:10.321 +07:00","6603.98","HOT_SWEEP_60","60","0.148809001"
"2026-08-04 11:47:11.031 +07:00","6604.692","HOT_SWEEP_60","60","0.149184853"
"2026-08-04 11:47:11.717 +07:00","6605.376","HOT_SWEEP_60","60","0.14842689"
"2026-08-04 11:47:12.402 +07:00","6606.063","HOT_SWEEP_60","60","0.148296058"
"2026-08-04 11:47:13.088 +07:00","6606.749","HOT_SWEEP_60","60","0.148840815"
"2026-08-04 11:47:13.757 +07:00","6607.418","HOT_SWEEP_60","60","0.148740098"
"2026-08-04 11:47:14.451 +07:00","6608.11","HOT_SWEEP_60","60","0.148390681"
"2026-08-04 11:47:15.132 +07:00","6608.793","HOT_SWEEP_60","60","0.149206474"
"2026-08-04 11:47:15.800 +07:00","6609.461","HOT_SWEEP_60","60","0.148500964"
"2026-08-04 11:47:16.510 +07:00","6610.168","HOT_SWEEP_60","60","0.148158252"
"2026-08-04 11:47:17.200 +07:00","6610.861","HOT_SWEEP_60","60","0.149157956"
"2026-08-04 11:47:17.899 +07:00","6611.56","HOT_SWEEP_60","60","0.148733541"
"2026-08-04 11:47:18.576 +07:00","6612.237","HOT_SWEEP_60","60","0.148195729"
"2026-08-04 11:47:19.269 +07:00","6612.93","HOT_SWEEP_60","60","0.14886637"
"2026-08-04 11:47:19.962 +07:00","6613.619","HOT_SWEEP_60","60","0.149343535"
"2026-08-04 11:47:20.635 +07:00","6614.296","HOT_SWEEP_60","60","0.148307785"
"2026-08-04 11:47:21.315 +07:00","6614.974","HOT_SWEEP_60","60","0.148215994"
"2026-08-04 11:47:21.995 +07:00","6615.642","HOT_SWEEP_60","60","0.148801491"
"2026-08-04 11:47:22.675 +07:00","6616.336","HOT_SWEEP_60","60","0.148114786"
"2026-08-04 11:47:23.364 +07:00","6617.019","HOT_SWEEP_60","60","0.147820503"
"2026-08-04 11:47:24.050 +07:00","6617.707","HOT_SWEEP_60","60","0.149010494"
"2026-08-04 11:47:24.764 +07:00","6618.409","HOT_SWEEP_60","60","0.148041055"
"2026-08-04 11:47:25.473 +07:00","6619.116","HOT_SWEEP_60","60","0.147722721"
"2026-08-04 11:47:26.149 +07:00","6619.81","HOT_SWEEP_60","60","0.148963302"
"2026-08-04 11:47:26.840 +07:00","6620.501","HOT_SWEEP_60","60","0.148312882"
"2026-08-04 11:47:27.525 +07:00","6621.187","HOT_SWEEP_60","60","0.147429794"
"2026-08-04 11:47:28.222 +07:00","6621.878","HOT_SWEEP_60","60","0.149135783"
"2026-08-04 11:47:28.909 +07:00","6622.569","HOT_SWEEP_60","60","0.14903979"
"2026-08-04 11:47:29.595 +07:00","6623.253","HOT_SWEEP_60","60","0.148616388"
"2026-08-04 11:47:30.291 +07:00","6623.948","HOT_SWEEP_60","60","0.149625093"
"2026-08-04 11:47:30.987 +07:00","6624.646","HOT_SWEEP_60","60","0.149801329"
"2026-08-04 11:47:31.704 +07:00","6625.363","HOT_SWEEP_60","60","0.149732083"
"2026-08-04 11:47:32.392 +07:00","6626.053","HOT_SWEEP_60","60","0.14942649"
"2026-08-04 11:47:33.096 +07:00","6626.736","HOT_SWEEP_60","60","0.150069624"
"2026-08-04 11:47:33.800 +07:00","6627.445","HOT_SWEEP_60","60","0.149707839"
"2026-08-04 11:47:34.509 +07:00","6628.153","HOT_SWEEP_60","60","0.14951098"
"2026-08-04 11:47:35.210 +07:00","6628.859","HOT_SWEEP_60","60","0.1496934"
"2026-08-04 11:47:35.900 +07:00","6629.545","HOT_SWEEP_60","60","0.149674937"
"2026-08-04 11:47:36.594 +07:00","6630.248","HOT_SWEEP_60","60","0.149389625"
"2026-08-04 11:47:37.298 +07:00","6630.94","HOT_SWEEP_60","60","0.149403349"
"2026-08-04 11:47:37.999 +07:00","6631.644","HOT_SWEEP_60","60","0.149322197"
"2026-08-04 11:47:38.740 +07:00","6632.378","HOT_SWEEP_60","60","0.148967743"
"2026-08-04 11:47:39.441 +07:00","6633.087","HOT_SWEEP_60","60","0.149208203"
"2026-08-04 11:47:40.156 +07:00","6633.792","HOT_SWEEP_60","60","0.148701042"
"2026-08-04 11:47:40.840 +07:00","6634.501","HOT_SWEEP_60","60","0.148662776"
"2026-08-04 11:47:41.565 +07:00","6635.21","HOT_SWEEP_60","60","0.149006441"
"2026-08-04 11:47:42.263 +07:00","6635.908","HOT_SWEEP_60","60","0.148507401"
"2026-08-04 11:47:42.969 +07:00","6636.604","HOT_SWEEP_60","60","0.148517162"
"2026-08-04 11:47:43.666 +07:00","6637.313","HOT_SWEEP_60","60","0.148852304"
"2026-08-04 11:47:44.366 +07:00","6638.012","HOT_SWEEP_60","60","0.147725105"
"2026-08-04 11:47:45.056 +07:00","6638.717","HOT_SWEEP_60","60","0.147648513"
"2026-08-04 11:47:45.814 +07:00","6639.438","HOT_SWEEP_60","60","0.148049057"
"2026-08-04 11:47:46.541 +07:00","6640.171","HOT_SWEEP_60","60","0.147727683"
"2026-08-04 11:47:47.232 +07:00","6640.88","HOT_SWEEP_60","60","0.14752312"
"2026-08-04 11:47:48.256 +07:00","6641.914","HOT_SWEEP_55","55","0.148630947"
"2026-08-04 11:47:48.942 +07:00","6642.601","HOT_SWEEP_55","55","0.150034562"
"2026-08-04 11:47:49.645 +07:00","6643.302","HOT_SWEEP_55","55","0.148474902"
"2026-08-04 11:47:50.333 +07:00","6643.993","HOT_SWEEP_55","55","0.14712888"
"2026-08-04 11:47:51.026 +07:00","6644.684","HOT_SWEEP_55","55","0.148165107"
"2026-08-04 11:47:51.709 +07:00","6645.371","HOT_SWEEP_55","55","0.145693809"
"2026-08-04 11:47:52.399 +07:00","6646.054","HOT_SWEEP_55","55","0.142576486"
"2026-08-04 11:47:53.089 +07:00","6646.75","HOT_SWEEP_55","55","0.142154768"
"2026-08-04 11:47:53.775 +07:00","6647.436","HOT_SWEEP_55","55","0.140013948"
"2026-08-04 11:47:54.460 +07:00","6648.121","HOT_SWEEP_55","55","0.135499507"
"2026-08-04 11:47:55.163 +07:00","6648.822","HOT_SWEEP_55","55","0.133342668"
"2026-08-04 11:47:55.851 +07:00","6649.509","HOT_SWEEP_55","55","0.130466312"
"2026-08-04 11:47:56.544 +07:00","6650.203","HOT_SWEEP_55","55","0.127178937"
"2026-08-04 11:47:57.231 +07:00","6650.891","HOT_SWEEP_55","55","0.124912798"
"2026-08-04 11:47:57.918 +07:00","6651.579","HOT_SWEEP_55","55","0.123560771"
"2026-08-04 11:47:58.610 +07:00","6652.269","HOT_SWEEP_55","55","0.121116005"
"2026-08-04 11:47:59.295 +07:00","6652.954","HOT_SWEEP_55","55","0.119446315"
"2026-08-04 11:48:00.003 +07:00","6653.664","HOT_SWEEP_55","55","0.118815318"
"2026-08-04 11:48:00.688 +07:00","6654.341","HOT_SWEEP_55","55","0.117057368"
"2026-08-04 11:48:01.372 +07:00","6655.033","HOT_SWEEP_55","55","0.115425766"
"2026-08-04 11:48:02.065 +07:00","6655.725","HOT_SWEEP_55","55","0.115085281"
"2026-08-04 11:48:02.755 +07:00","6656.416","HOT_SWEEP_55","55","0.113342524"
"2026-08-04 11:48:03.427 +07:00","6657.088","HOT_SWEEP_55","55","0.112106539"
"2026-08-04 11:48:04.112 +07:00","6657.773","HOT_SWEEP_55","55","0.112485573"
"2026-08-04 11:48:04.788 +07:00","6658.449","HOT_SWEEP_55","55","0.111218967"
"2026-08-04 11:48:05.459 +07:00","6659.12","HOT_SWEEP_55","55","0.109747589"
"2026-08-04 11:48:06.141 +07:00","6659.802","HOT_SWEEP_55","55","0.110557318"
"2026-08-04 11:48:06.863 +07:00","6660.524","HOT_SWEEP_55","55","0.109980986"
"2026-08-04 11:48:07.549 +07:00","6661.207","HOT_SWEEP_55","55","0.108578369"
"2026-08-04 11:48:08.231 +07:00","6661.891","HOT_SWEEP_55","55","0.108875319"
"2026-08-04 11:48:08.927 +07:00","6662.584","HOT_SWEEP_55","55","0.10919787"
"2026-08-04 11:48:09.601 +07:00","6663.262","HOT_SWEEP_55","55","0.108055793"
"2026-08-04 11:48:10.297 +07:00","6663.951","HOT_SWEEP_55","55","0.107815757"
"2026-08-04 11:48:10.996 +07:00","6664.653","HOT_SWEEP_55","55","0.108600833"
"2026-08-04 11:48:11.691 +07:00","6665.348","HOT_SWEEP_55","55","0.107663892"
"2026-08-04 11:48:12.378 +07:00","6666.034","HOT_SWEEP_55","55","0.107059263"
"2026-08-04 11:48:13.092 +07:00","6666.747","HOT_SWEEP_55","55","0.107554331"
"2026-08-04 11:48:13.809 +07:00","6667.47","HOT_SWEEP_55","55","0.107156992"
"2026-08-04 11:48:14.500 +07:00","6668.159","HOT_SWEEP_55","55","0.106654726"
"2026-08-04 11:48:15.186 +07:00","6668.832","HOT_SWEEP_55","55","0.106911503"
"2026-08-04 11:48:15.879 +07:00","6669.525","HOT_SWEEP_55","55","0.106903076"
"2026-08-04 11:48:16.561 +07:00","6670.216","HOT_SWEEP_55","55","0.106224"
"2026-08-04 11:48:17.252 +07:00","6670.913","HOT_SWEEP_55","55","0.106462762"
"2026-08-04 11:48:17.937 +07:00","6671.591","HOT_SWEEP_55","55","0.106378816"
"2026-08-04 11:48:18.630 +07:00","6672.288","HOT_SWEEP_55","55","0.105793752"
"2026-08-04 11:48:19.325 +07:00","6672.98","HOT_SWEEP_55","55","0.10628815"
"2026-08-04 11:48:20.013 +07:00","6673.674","HOT_SWEEP_55","55","0.106409766"
"2026-08-04 11:48:20.718 +07:00","6674.376","HOT_SWEEP_55","55","0.105812408"
"2026-08-04 11:48:21.405 +07:00","6675.063","HOT_SWEEP_55","55","0.10554745"
"2026-08-04 11:48:22.101 +07:00","6675.759","HOT_SWEEP_55","55","0.106350683"
"2026-08-04 11:48:22.794 +07:00","6676.455","HOT_SWEEP_55","55","0.105645038"
"2026-08-04 11:48:23.477 +07:00","6677.138","HOT_SWEEP_55","55","0.105464637"
"2026-08-04 11:48:24.156 +07:00","6677.817","HOT_SWEEP_55","55","0.106112145"
"2026-08-04 11:48:24.858 +07:00","6678.519","HOT_SWEEP_55","55","0.106012985"
"2026-08-04 11:48:25.549 +07:00","6679.208","HOT_SWEEP_55","55","0.105662778"
"2026-08-04 11:48:26.235 +07:00","6679.893","HOT_SWEEP_55","55","0.106192306"
"2026-08-04 11:48:26.930 +07:00","6680.589","HOT_SWEEP_55","55","0.106712148"
"2026-08-04 11:48:27.641 +07:00","6681.302","HOT_SWEEP_55","55","0.106168129"
"2026-08-04 11:48:28.337 +07:00","6681.993","HOT_SWEEP_55","55","0.106197998"
"2026-08-04 11:48:29.031 +07:00","6682.685","HOT_SWEEP_55","55","0.106871888"
"2026-08-04 11:48:29.719 +07:00","6683.375","HOT_SWEEP_55","55","0.106576756"
"2026-08-04 11:48:30.427 +07:00","6684.08","HOT_SWEEP_55","55","0.106486663"
"2026-08-04 11:48:31.115 +07:00","6684.772","HOT_SWEEP_55","55","0.107418492"
"2026-08-04 11:48:31.790 +07:00","6685.451","HOT_SWEEP_55","55","0.10723792"
"2026-08-04 11:48:32.472 +07:00","6686.13","HOT_SWEEP_55","55","0.107175291"
"2026-08-04 11:48:33.156 +07:00","6686.817","HOT_SWEEP_55","55","0.108035706"
"2026-08-04 11:48:33.849 +07:00","6687.509","HOT_SWEEP_55","55","0.108011976"
"2026-08-04 11:48:34.563 +07:00","6688.222","HOT_SWEEP_55","55","0.107965805"
"2026-08-04 11:48:35.259 +07:00","6688.918","HOT_SWEEP_55","55","0.10925059"
"2026-08-04 11:48:35.934 +07:00","6689.595","HOT_SWEEP_55","55","0.10983564"
"2026-08-04 11:48:36.626 +07:00","6690.28","HOT_SWEEP_55","55","0.109612271"
"2026-08-04 11:48:37.316 +07:00","6690.973","HOT_SWEEP_55","55","0.110020235"
"2026-08-04 11:48:38.002 +07:00","6691.663","HOT_SWEEP_55","55","0.110796988"
"2026-08-04 11:48:38.696 +07:00","6692.352","HOT_SWEEP_55","55","0.110442057"
"2026-08-04 11:48:39.381 +07:00","6693.042","HOT_SWEEP_55","55","0.110369503"
"2026-08-04 11:48:40.049 +07:00","6693.71","HOT_SWEEP_55","55","0.111049712"
"2026-08-04 11:48:40.743 +07:00","6694.4","HOT_SWEEP_55","55","0.110575482"
"2026-08-04 11:48:41.461 +07:00","6695.118","HOT_SWEEP_55","55","0.109988138"
"2026-08-04 11:48:42.158 +07:00","6695.819","HOT_SWEEP_55","55","0.110994145"
"2026-08-04 11:48:42.845 +07:00","6696.49","HOT_SWEEP_55","55","0.111049786"
"2026-08-04 11:48:43.544 +07:00","6697.201","HOT_SWEEP_55","55","0.110291287"
"2026-08-04 11:48:44.239 +07:00","6697.9","HOT_SWEEP_55","55","0.111378647"
"2026-08-04 11:48:44.930 +07:00","6698.591","HOT_SWEEP_55","55","0.111784674"
"2026-08-04 11:48:45.611 +07:00","6699.272","HOT_SWEEP_55","55","0.111328937"
"2026-08-04 11:48:46.295 +07:00","6699.956","HOT_SWEEP_55","55","0.111550868"
"2026-08-04 11:48:46.995 +07:00","6700.655","HOT_SWEEP_55","55","0.112505578"
"2026-08-04 11:48:47.673 +07:00","6701.332","HOT_SWEEP_55","55","0.11209897"
"2026-08-04 11:48:48.403 +07:00","6702.06","HOT_SWEEP_55","55","0.112403728"
"2026-08-04 11:48:49.091 +07:00","6702.751","HOT_SWEEP_55","55","0.112705506"
"2026-08-04 11:48:49.780 +07:00","6703.439","HOT_SWEEP_55","55","0.112124108"
"2026-08-04 11:48:50.494 +07:00","6704.154","HOT_SWEEP_55","55","0.111994885"
"2026-08-04 11:48:51.191 +07:00","6704.85","HOT_SWEEP_55","55","0.112325191"
"2026-08-04 11:48:51.867 +07:00","6705.528","HOT_SWEEP_55","55","0.112140618"
"2026-08-04 11:48:52.548 +07:00","6706.208","HOT_SWEEP_55","55","0.111831807"
"2026-08-04 11:48:53.242 +07:00","6706.9","HOT_SWEEP_55","55","0.112671375"
"2026-08-04 11:48:53.924 +07:00","6707.585","HOT_SWEEP_55","55","0.112675205"
"2026-08-04 11:48:54.617 +07:00","6708.276","HOT_SWEEP_55","55","0.112405457"
"2026-08-04 11:48:55.351 +07:00","6709.012","HOT_SWEEP_55","55","0.112587854"
"2026-08-04 11:48:56.047 +07:00","6709.705","HOT_SWEEP_55","55","0.113304101"
"2026-08-04 11:48:56.723 +07:00","6710.384","HOT_SWEEP_55","55","0.113168396"
"2026-08-04 11:48:57.420 +07:00","6711.079","HOT_SWEEP_55","55","0.113256618"
"2026-08-04 11:48:58.116 +07:00","6711.774","HOT_SWEEP_55","55","0.114038393"
"2026-08-04 11:48:58.808 +07:00","6712.465","HOT_SWEEP_55","55","0.113653578"
"2026-08-04 11:48:59.511 +07:00","6713.17","HOT_SWEEP_55","55","0.113693237"
"2026-08-04 11:49:00.200 +07:00","6713.859","HOT_SWEEP_55","55","0.114279494"
"2026-08-04 11:49:00.889 +07:00","6714.55","HOT_SWEEP_55","55","0.114423111"
"2026-08-04 11:49:01.579 +07:00","6715.238","HOT_SWEEP_55","55","0.114564419"
"2026-08-04 11:49:02.285 +07:00","6715.943","HOT_SWEEP_55","55","0.115340009"
"2026-08-04 11:49:02.959 +07:00","6716.62","HOT_SWEEP_55","55","0.11579223"
"2026-08-04 11:49:03.639 +07:00","6717.301","HOT_SWEEP_55","55","0.115658365"
"2026-08-04 11:49:04.327 +07:00","6717.983","HOT_SWEEP_55","55","0.116182901"
"2026-08-04 11:49:05.023 +07:00","6718.673","HOT_SWEEP_55","55","0.117078282"
"2026-08-04 11:49:05.714 +07:00","6719.372","HOT_SWEEP_55","55","0.117129944"
"2026-08-04 11:49:06.407 +07:00","6720.063","HOT_SWEEP_55","55","0.117012486"
"2026-08-04 11:49:07.094 +07:00","6720.752","HOT_SWEEP_55","55","0.118080139"
"2026-08-04 11:49:07.791 +07:00","6721.451","HOT_SWEEP_55","55","0.117768444"
"2026-08-04 11:49:08.471 +07:00","6722.13","HOT_SWEEP_55","55","0.117274046"
"2026-08-04 11:49:09.207 +07:00","6722.863","HOT_SWEEP_55","55","0.118436895"
"2026-08-04 11:49:09.928 +07:00","6723.584","HOT_SWEEP_55","55","0.11851082"
"2026-08-04 11:49:10.616 +07:00","6724.274","HOT_SWEEP_55","55","0.118101873"
"2026-08-04 11:49:11.308 +07:00","6724.965","HOT_SWEEP_55","55","0.118559793"
"2026-08-04 11:49:12.009 +07:00","6725.664","HOT_SWEEP_55","55","0.118565992"
"2026-08-04 11:49:12.722 +07:00","6726.372","HOT_SWEEP_55","55","0.118072234"
"2026-08-04 11:49:13.409 +07:00","6727.069","HOT_SWEEP_55","55","0.118107103"
"2026-08-04 11:49:14.094 +07:00","6727.753","HOT_SWEEP_55","55","0.118226267"
"2026-08-04 11:49:14.801 +07:00","6728.456","HOT_SWEEP_55","55","0.117917754"
"2026-08-04 11:49:15.490 +07:00","6729.148","HOT_SWEEP_55","55","0.118058577"
"2026-08-04 11:49:16.195 +07:00","6729.852","HOT_SWEEP_55","55","0.117662273"
"2026-08-04 11:49:16.878 +07:00","6730.537","HOT_SWEEP_55","55","0.117283747"
"2026-08-04 11:49:17.555 +07:00","6731.216","HOT_SWEEP_55","55","0.117201224"
"2026-08-04 11:49:18.247 +07:00","6731.908","HOT_SWEEP_55","55","0.117550112"
"2026-08-04 11:49:18.933 +07:00","6732.594","HOT_SWEEP_55","55","0.117738008"
"2026-08-04 11:49:19.623 +07:00","6733.282","HOT_SWEEP_55","55","0.117367372"
"2026-08-04 11:49:20.324 +07:00","6733.983","HOT_SWEEP_55","55","0.117746219"
"2026-08-04 11:49:20.993 +07:00","6734.654","HOT_SWEEP_55","55","0.118338123"
"2026-08-04 11:49:21.682 +07:00","6735.343","HOT_SWEEP_55","55","0.117845833"
"2026-08-04 11:49:22.373 +07:00","6736.029","HOT_SWEEP_55","55","0.117809132"
"2026-08-04 11:49:23.104 +07:00","6736.761","HOT_SWEEP_55","55","0.119167343"
"2026-08-04 11:49:23.804 +07:00","6737.461","HOT_SWEEP_55","55","0.118900143"
"2026-08-04 11:49:24.488 +07:00","6738.149","HOT_SWEEP_55","55","0.11870148"
"2026-08-04 11:49:25.179 +07:00","6738.832","HOT_SWEEP_55","55","0.119621411"
"2026-08-04 11:49:25.872 +07:00","6739.531","HOT_SWEEP_55","55","0.11948166"
"2026-08-04 11:49:26.572 +07:00","6740.231","HOT_SWEEP_55","55","0.119336762"
"2026-08-04 11:49:27.253 +07:00","6740.913","HOT_SWEEP_55","55","0.120264135"
"2026-08-04 11:49:27.938 +07:00","6741.597","HOT_SWEEP_55","55","0.120330237"
"2026-08-04 11:49:28.639 +07:00","6742.296","HOT_SWEEP_55","55","0.120161317"
"2026-08-04 11:49:29.322 +07:00","6742.984","HOT_SWEEP_55","55","0.120907232"
"2026-08-04 11:49:30.045 +07:00","6743.705","HOT_SWEEP_55","55","0.121167973"
"2026-08-04 11:49:30.746 +07:00","6744.401","HOT_SWEEP_55","55","0.120975733"
"2026-08-04 11:49:31.462 +07:00","6745.121","HOT_SWEEP_55","55","0.120991744"
"2026-08-04 11:49:32.142 +07:00","6745.801","HOT_SWEEP_55","55","0.121392511"
"2026-08-04 11:49:32.826 +07:00","6746.486","HOT_SWEEP_55","55","0.121365465"
"2026-08-04 11:49:33.520 +07:00","6747.179","HOT_SWEEP_55","55","0.120984174"
"2026-08-04 11:49:34.205 +07:00","6747.866","HOT_SWEEP_55","55","0.121491946"
"2026-08-04 11:49:34.887 +07:00","6748.546","HOT_SWEEP_55","55","0.121562347"
"2026-08-04 11:49:35.578 +07:00","6749.239","HOT_SWEEP_55","55","0.121244863"
"2026-08-04 11:49:36.276 +07:00","6749.933","HOT_SWEEP_55","55","0.121673778"
"2026-08-04 11:49:37.019 +07:00","6750.676","HOT_SWEEP_55","55","0.121894911"
"2026-08-04 11:49:37.726 +07:00","6751.385","HOT_SWEEP_55","55","0.121347129"
"2026-08-04 11:49:38.418 +07:00","6752.075","HOT_SWEEP_55","55","0.121344998"
"2026-08-04 11:49:39.113 +07:00","6752.772","HOT_SWEEP_55","55","0.121504903"
"2026-08-04 11:49:39.797 +07:00","6753.451","HOT_SWEEP_55","55","0.120946288"
"2026-08-04 11:49:40.480 +07:00","6754.13","HOT_SWEEP_55","55","0.121027112"
"2026-08-04 11:49:41.175 +07:00","6754.833","HOT_SWEEP_55","55","0.121168658"
"2026-08-04 11:49:41.857 +07:00","6755.518","HOT_SWEEP_55","55","0.120689631"
"2026-08-04 11:49:42.538 +07:00","6756.199","HOT_SWEEP_55","55","0.120410934"
"2026-08-04 11:49:43.225 +07:00","6756.884","HOT_SWEEP_55","55","0.12047331"
"2026-08-04 11:49:43.945 +07:00","6757.598","HOT_SWEEP_55","55","0.120249949"
"2026-08-04 11:49:44.620 +07:00","6758.281","HOT_SWEEP_55","55","0.119775549"
"2026-08-04 11:49:45.311 +07:00","6758.97","HOT_SWEEP_55","55","0.120273806"
"2026-08-04 11:49:45.997 +07:00","6759.653","HOT_SWEEP_55","55","0.12102481"
"2026-08-04 11:49:46.693 +07:00","6760.35","HOT_SWEEP_55","55","0.120435119"
"2026-08-04 11:49:47.379 +07:00","6761.034","HOT_SWEEP_55","55","0.120496891"
"2026-08-04 11:49:48.061 +07:00","6761.72","HOT_SWEEP_55","55","0.121388391"
"2026-08-04 11:49:48.749 +07:00","6762.409","HOT_SWEEP_55","55","0.120732471"
"2026-08-04 11:49:49.441 +07:00","6763.1","HOT_SWEEP_55","55","0.120640382"
"2026-08-04 11:49:50.117 +07:00","6763.778","HOT_SWEEP_55","55","0.122076415"
"2026-08-04 11:49:50.824 +07:00","6764.485","HOT_SWEEP_55","55","0.121389724"
"2026-08-04 11:49:51.516 +07:00","6765.177","HOT_SWEEP_55","55","0.121528901"
"2026-08-04 11:49:52.209 +07:00","6765.868","HOT_SWEEP_55","55","0.122674271"
"2026-08-04 11:49:52.885 +07:00","6766.546","HOT_SWEEP_55","55","0.122212231"
"2026-08-04 11:49:53.582 +07:00","6767.237","HOT_SWEEP_55","55","0.121915542"
"2026-08-04 11:49:54.273 +07:00","6767.934","HOT_SWEEP_55","55","0.123065077"
"2026-08-04 11:49:54.969 +07:00","6768.624","HOT_SWEEP_55","55","0.12323229"
"2026-08-04 11:49:55.658 +07:00","6769.319","HOT_SWEEP_55","55","0.122934565"
"2026-08-04 11:49:56.359 +07:00","6770.018","HOT_SWEEP_55","55","0.123521701"
"2026-08-04 11:49:57.055 +07:00","6770.712","HOT_SWEEP_55","55","0.123824678"
"2026-08-04 11:49:57.760 +07:00","6771.421","HOT_SWEEP_55","55","0.123825885"
"2026-08-04 11:49:58.438 +07:00","6772.099","HOT_SWEEP_55","55","0.123455927"
"2026-08-04 11:49:59.114 +07:00","6772.775","HOT_SWEEP_55","55","0.12403661"
"2026-08-04 11:49:59.798 +07:00","6773.456","HOT_SWEEP_55","55","0.123941399"
"2026-08-04 11:50:00.536 +07:00","6774.191","HOT_SWEEP_55","55","0.123391606"
"2026-08-04 11:50:01.226 +07:00","6774.881","HOT_SWEEP_55","55","0.124061525"
"2026-08-04 11:50:01.933 +07:00","6775.59","HOT_SWEEP_55","55","0.124446705"
"2026-08-04 11:50:02.631 +07:00","6776.288","HOT_SWEEP_55","55","0.124111749"
"2026-08-04 11:50:03.311 +07:00","6776.967","HOT_SWEEP_55","55","0.124504425"
"2026-08-04 11:50:03.994 +07:00","6777.655","HOT_SWEEP_55","55","0.124508604"
"2026-08-04 11:50:04.704 +07:00","6778.363","HOT_SWEEP_55","55","0.123824045"
"2026-08-04 11:50:05.405 +07:00","6779.061","HOT_SWEEP_55","55","0.123983458"
"2026-08-04 11:50:06.090 +07:00","6779.748","HOT_SWEEP_55","55","0.124098361"
"2026-08-04 11:50:06.783 +07:00","6780.441","HOT_SWEEP_55","55","0.123589382"
"2026-08-04 11:50:07.469 +07:00","6781.129","HOT_SWEEP_55","55","0.123555467"
"2026-08-04 11:50:08.165 +07:00","6781.821","HOT_SWEEP_55","55","0.123725057"
"2026-08-04 11:50:08.855 +07:00","6782.514","HOT_SWEEP_55","55","0.123060346"
"2026-08-04 11:50:09.545 +07:00","6783.202","HOT_SWEEP_55","55","0.122630261"
"2026-08-04 11:50:10.244 +07:00","6783.901","HOT_SWEEP_55","55","0.123132303"
"2026-08-04 11:50:10.927 +07:00","6784.587","HOT_SWEEP_55","55","0.123028122"
"2026-08-04 11:50:11.648 +07:00","6785.306","HOT_SWEEP_55","55","0.122716881"
"2026-08-04 11:50:12.333 +07:00","6785.993","HOT_SWEEP_55","55","0.123062253"
"2026-08-04 11:50:13.016 +07:00","6786.675","HOT_SWEEP_55","55","0.123679519"
"2026-08-04 11:50:13.714 +07:00","6787.373","HOT_SWEEP_55","55","0.123166785"
"2026-08-04 11:50:14.423 +07:00","6788.082","HOT_SWEEP_55","55","0.123190485"
"2026-08-04 11:50:15.113 +07:00","6788.773","HOT_SWEEP_55","55","0.123762406"
"2026-08-04 11:50:15.797 +07:00","6789.455","HOT_SWEEP_55","55","0.123371184"
"2026-08-04 11:50:16.488 +07:00","6790.148","HOT_SWEEP_55","55","0.123431578"
"2026-08-04 11:50:17.181 +07:00","6790.84","HOT_SWEEP_55","55","0.124145068"
"2026-08-04 11:50:17.864 +07:00","6791.522","HOT_SWEEP_55","55","0.12380749"
"2026-08-04 11:50:18.588 +07:00","6792.247","HOT_SWEEP_55","55","0.123607598"
"2026-08-04 11:50:19.275 +07:00","6792.935","HOT_SWEEP_55","55","0.124569818"
"2026-08-04 11:50:19.967 +07:00","6793.626","HOT_SWEEP_55","55","0.124753989"
"2026-08-04 11:50:20.670 +07:00","6794.324","HOT_SWEEP_55","55","0.124824107"
"2026-08-04 11:50:21.366 +07:00","6795.024","HOT_SWEEP_55","55","0.125689536"
"2026-08-04 11:50:22.044 +07:00","6795.705","HOT_SWEEP_55","55","0.125988469"
"2026-08-04 11:50:22.732 +07:00","6796.393","HOT_SWEEP_55","55","0.12599583"
"2026-08-04 11:50:23.416 +07:00","6797.077","HOT_SWEEP_55","55","0.125925034"
"2026-08-04 11:50:24.107 +07:00","6797.768","HOT_SWEEP_55","55","0.126761228"
"2026-08-04 11:50:24.804 +07:00","6798.463","HOT_SWEEP_55","55","0.126939908"
"2026-08-04 11:50:25.514 +07:00","6799.172","HOT_SWEEP_55","55","0.126684234"
"2026-08-04 11:50:26.206 +07:00","6799.867","HOT_SWEEP_55","55","0.127264053"
"2026-08-04 11:50:26.897 +07:00","6800.558","HOT_SWEEP_55","55","0.127000108"
"2026-08-04 11:50:27.584 +07:00","6801.237","HOT_SWEEP_55","55","0.126434892"
"2026-08-04 11:50:28.270 +07:00","6801.927","HOT_SWEEP_55","55","0.127388626"
"2026-08-04 11:50:28.956 +07:00","6802.613","HOT_SWEEP_55","55","0.127549157"
"2026-08-04 11:50:29.641 +07:00","6803.3","HOT_SWEEP_55","55","0.126583517"
"2026-08-04 11:50:30.339 +07:00","6803.993","HOT_SWEEP_55","55","0.127502039"
"2026-08-04 11:50:31.010 +07:00","6804.671","HOT_SWEEP_55","55","0.127567172"
"2026-08-04 11:50:31.687 +07:00","6805.348","HOT_SWEEP_55","55","0.126470238"
"2026-08-04 11:50:32.410 +07:00","6806.07","HOT_SWEEP_55","55","0.126966611"
"2026-08-04 11:50:33.089 +07:00","6806.75","HOT_SWEEP_55","55","0.127578318"
"2026-08-04 11:50:33.796 +07:00","6807.441","HOT_SWEEP_55","55","0.126726702"
"2026-08-04 11:50:34.488 +07:00","6808.149","HOT_SWEEP_55","55","0.126439035"
"2026-08-04 11:50:35.179 +07:00","6808.824","HOT_SWEEP_55","55","0.126752228"
"2026-08-04 11:50:35.863 +07:00","6809.523","HOT_SWEEP_55","55","0.126125962"
"2026-08-04 11:50:36.550 +07:00","6810.211","HOT_SWEEP_55","55","0.125801742"
"2026-08-04 11:50:37.243 +07:00","6810.902","HOT_SWEEP_55","55","0.126511306"
"2026-08-04 11:50:37.928 +07:00","6811.573","HOT_SWEEP_55","55","0.126176476"
"2026-08-04 11:50:38.621 +07:00","6812.276","HOT_SWEEP_55","55","0.125444502"
"2026-08-04 11:50:39.319 +07:00","6812.98","HOT_SWEEP_55","55","0.12582767"
"2026-08-04 11:50:40.007 +07:00","6813.658","HOT_SWEEP_55","55","0.126321062"
"2026-08-04 11:50:40.697 +07:00","6814.356","HOT_SWEEP_55","55","0.125577047"
"2026-08-04 11:50:41.384 +07:00","6815.043","HOT_SWEEP_55","55","0.126008034"
"2026-08-04 11:50:42.074 +07:00","6815.731","HOT_SWEEP_55","55","0.126954645"
"2026-08-04 11:50:42.766 +07:00","6816.418","HOT_SWEEP_55","55","0.126280531"
"2026-08-04 11:50:43.452 +07:00","6817.113","HOT_SWEEP_55","55","0.126150534"
"2026-08-04 11:50:44.143 +07:00","6817.804","HOT_SWEEP_55","55","0.127065048"
"2026-08-04 11:50:44.830 +07:00","6818.489","HOT_SWEEP_55","55","0.126595497"
"2026-08-04 11:50:45.530 +07:00","6819.187","HOT_SWEEP_55","55","0.126533344"
"2026-08-04 11:50:46.267 +07:00","6819.924","HOT_SWEEP_55","55","0.127663672"
"2026-08-04 11:50:46.956 +07:00","6820.606","HOT_SWEEP_55","55","0.127380788"
"2026-08-04 11:50:47.649 +07:00","6821.302","HOT_SWEEP_55","55","0.127347201"
"2026-08-04 11:50:48.334 +07:00","6821.991","HOT_SWEEP_55","55","0.12798962"
"2026-08-04 11:50:49.033 +07:00","6822.691","HOT_SWEEP_55","55","0.128099829"
"2026-08-04 11:50:49.731 +07:00","6823.39","HOT_SWEEP_55","55","0.128061131"
"2026-08-04 11:50:50.415 +07:00","6824.072","HOT_SWEEP_55","55","0.128260657"
"2026-08-04 11:50:51.122 +07:00","6824.778","HOT_SWEEP_55","55","0.128542945"
"2026-08-04 11:50:51.802 +07:00","6825.463","HOT_SWEEP_55","55","0.12857753"
"2026-08-04 11:50:52.500 +07:00","6826.156","HOT_SWEEP_55","55","0.128341585"
"2026-08-04 11:50:53.233 +07:00","6826.879","HOT_SWEEP_55","55","0.128794"
"2026-08-04 11:50:53.927 +07:00","6827.584","HOT_SWEEP_55","55","0.128882512"
"2026-08-04 11:50:54.638 +07:00","6828.261","HOT_SWEEP_55","55","0.128558114"
"2026-08-04 11:50:55.330 +07:00","6828.987","HOT_SWEEP_55","55","0.12891522"
"2026-08-04 11:50:56.022 +07:00","6829.68","HOT_SWEEP_55","55","0.128965288"
"2026-08-04 11:50:56.715 +07:00","6830.374","HOT_SWEEP_55","55","0.128725559"
"2026-08-04 11:50:57.413 +07:00","6831.063","HOT_SWEEP_55","55","0.129193977"
"2026-08-04 11:50:58.085 +07:00","6831.746","HOT_SWEEP_55","55","0.129267663"
"2026-08-04 11:50:58.790 +07:00","6832.449","HOT_SWEEP_55","55","0.128984094"
"2026-08-04 11:50:59.478 +07:00","6833.123","HOT_SWEEP_55","55","0.129346937"
"2026-08-04 11:51:00.185 +07:00","6833.846","HOT_SWEEP_55","55","0.12916638"
"2026-08-04 11:51:00.884 +07:00","6834.545","HOT_SWEEP_55","55","0.128612325"
"2026-08-04 11:51:01.570 +07:00","6835.227","HOT_SWEEP_55","55","0.128500745"
"2026-08-04 11:51:02.263 +07:00","6835.922","HOT_SWEEP_55","55","0.128851503"
"2026-08-04 11:51:02.960 +07:00","6836.617","HOT_SWEEP_55","55","0.128562719"
"2026-08-04 11:51:03.657 +07:00","6837.316","HOT_SWEEP_55","55","0.128225535"
"2026-08-04 11:51:04.357 +07:00","6838.014","HOT_SWEEP_55","55","0.128359467"
"2026-08-04 11:51:05.049 +07:00","6838.708","HOT_SWEEP_55","55","0.12855646"
"2026-08-04 11:51:05.747 +07:00","6839.403","HOT_SWEEP_55","55","0.128263608"
"2026-08-04 11:51:06.425 +07:00","6840.086","HOT_SWEEP_55","55","0.128325731"
"2026-08-04 11:51:07.140 +07:00","6840.799","HOT_SWEEP_55","55","0.128878713"
"2026-08-04 11:51:07.831 +07:00","6841.489","HOT_SWEEP_55","55","0.128740922"
"2026-08-04 11:51:08.529 +07:00","6842.186","HOT_SWEEP_55","55","0.128575534"
"2026-08-04 11:51:09.231 +07:00","6842.89","HOT_SWEEP_55","55","0.12898393"
"2026-08-04 11:51:09.928 +07:00","6843.585","HOT_SWEEP_55","55","0.128811151"
"2026-08-04 11:51:10.619 +07:00","6844.278","HOT_SWEEP_55","55","0.128835842"
"2026-08-04 11:51:11.317 +07:00","6844.976","HOT_SWEEP_55","55","0.129457504"
"2026-08-04 11:51:12.010 +07:00","6845.669","HOT_SWEEP_55","55","0.12946476"
"2026-08-04 11:51:12.706 +07:00","6846.365","HOT_SWEEP_55","55","0.129429221"
"2026-08-04 11:51:13.396 +07:00","6847.053","HOT_SWEEP_55","55","0.130040452"
"2026-08-04 11:51:14.165 +07:00","6847.824","HOT_SWEEP_55","55","0.130248219"
"2026-08-04 11:51:14.853 +07:00","6848.512","HOT_SWEEP_55","55","0.130470484"
"2026-08-04 11:51:15.543 +07:00","6849.202","HOT_SWEEP_55","55","0.130804524"
"2026-08-04 11:51:16.246 +07:00","6849.904","HOT_SWEEP_55","55","0.130799443"
"2026-08-04 11:51:16.915 +07:00","6850.576","HOT_SWEEP_55","55","0.131021306"
"2026-08-04 11:51:17.599 +07:00","6851.256","HOT_SWEEP_55","55","0.130892307"
"2026-08-04 11:51:18.281 +07:00","6851.938","HOT_SWEEP_55","55","0.131254062"
"2026-08-04 11:51:18.973 +07:00","6852.63","HOT_SWEEP_55","55","0.131208912"
"2026-08-04 11:51:19.666 +07:00","6853.326","HOT_SWEEP_55","55","0.130656838"
"2026-08-04 11:51:20.352 +07:00","6854.011","HOT_SWEEP_55","55","0.130835116"
"2026-08-04 11:51:21.073 +07:00","6854.73","HOT_SWEEP_55","55","0.131215125"
"2026-08-04 11:51:21.776 +07:00","6855.436","HOT_SWEEP_55","55","0.130535081"
"2026-08-04 11:51:22.464 +07:00","6856.123","HOT_SWEEP_55","55","0.130431876"
"2026-08-04 11:51:23.156 +07:00","6856.815","HOT_SWEEP_55","55","0.130659938"
"2026-08-04 11:51:23.845 +07:00","6857.504","HOT_SWEEP_55","55","0.129910141"
"2026-08-04 11:51:24.536 +07:00","6858.193","HOT_SWEEP_55","55","0.129558489"
"2026-08-04 11:51:25.227 +07:00","6858.885","HOT_SWEEP_55","55","0.129691467"
"2026-08-04 11:51:25.917 +07:00","6859.573","HOT_SWEEP_55","55","0.129332706"
"2026-08-04 11:51:26.601 +07:00","6860.261","HOT_SWEEP_55","55","0.129151821"
"2026-08-04 11:51:27.298 +07:00","6860.953","HOT_SWEEP_55","55","0.129386961"
"2026-08-04 11:51:28.034 +07:00","6861.693","HOT_SWEEP_55","55","0.129022166"
"2026-08-04 11:51:28.725 +07:00","6862.386","HOT_SWEEP_55","55","0.128751054"
"2026-08-04 11:51:29.408 +07:00","6863.069","HOT_SWEEP_55","55","0.128914073"
"2026-08-04 11:51:30.140 +07:00","6863.797","HOT_SWEEP_55","55","0.129625231"
"2026-08-04 11:51:30.839 +07:00","6864.498","HOT_SWEEP_55","55","0.12954697"
"2026-08-04 11:51:31.545 +07:00","6865.202","HOT_SWEEP_55","55","0.129741982"
"2026-08-04 11:51:32.245 +07:00","6865.901","HOT_SWEEP_55","55","0.130180329"
"2026-08-04 11:51:32.944 +07:00","6866.605","HOT_SWEEP_55","55","0.130124375"
"2026-08-04 11:51:33.630 +07:00","6867.291","HOT_SWEEP_55","55","0.130543947"
"2026-08-04 11:51:34.317 +07:00","6867.974","HOT_SWEEP_55","55","0.130936667"
"2026-08-04 11:51:35.026 +07:00","6868.687","HOT_SWEEP_55","55","0.130930215"
"2026-08-04 11:51:35.708 +07:00","6869.363","HOT_SWEEP_55","55","0.131068856"
"2026-08-04 11:51:36.402 +07:00","6870.062","HOT_SWEEP_55","55","0.131598115"
"2026-08-04 11:51:37.092 +07:00","6870.737","HOT_SWEEP_55","55","0.131458297"
"2026-08-04 11:51:37.789 +07:00","6871.448","HOT_SWEEP_55","55","0.131224155"
"2026-08-04 11:51:38.474 +07:00","6872.132","HOT_SWEEP_55","55","0.131300598"
"2026-08-04 11:51:39.163 +07:00","6872.821","HOT_SWEEP_55","55","0.131679565"
"2026-08-04 11:51:39.837 +07:00","6873.498","HOT_SWEEP_55","55","0.131240472"
"2026-08-04 11:51:40.517 +07:00","6874.174","HOT_SWEEP_55","55","0.130664319"
"2026-08-04 11:51:41.214 +07:00","6874.875","HOT_SWEEP_55","55","0.131279498"
"2026-08-04 11:51:41.928 +07:00","6875.589","HOT_SWEEP_55","55","0.130817488"
"2026-08-04 11:51:42.604 +07:00","6876.265","HOT_SWEEP_55","55","0.129999921"
"2026-08-04 11:51:43.302 +07:00","6876.959","HOT_SWEEP_55","55","0.130710959"
"2026-08-04 11:51:43.993 +07:00","6877.652","HOT_SWEEP_55","55","0.130776525"
"2026-08-04 11:51:44.683 +07:00","6878.342","HOT_SWEEP_55","55","0.129984707"
"2026-08-04 11:51:45.379 +07:00","6879.04","HOT_SWEEP_55","55","0.130627811"
"2026-08-04 11:51:46.072 +07:00","6879.731","HOT_SWEEP_55","55","0.130872697"
"2026-08-04 11:51:46.756 +07:00","6880.413","HOT_SWEEP_55","55","0.129844561"
"2026-08-04 11:51:47.435 +07:00","6881.094","HOT_SWEEP_55","55","0.130015805"
"2026-08-04 11:51:48.129 +07:00","6881.786","HOT_SWEEP_55","55","0.130379245"
"2026-08-04 11:51:48.862 +07:00","6882.521","HOT_SWEEP_55","55","0.129338667"
"2026-08-04 11:51:49.546 +07:00","6883.205","HOT_SWEEP_55","55","0.129096746"
"2026-08-04 11:51:50.233 +07:00","6883.892","HOT_SWEEP_55","55","0.12920621"
"2026-08-04 11:51:50.933 +07:00","6884.592","HOT_SWEEP_55","55","0.128195509"
"2026-08-04 11:51:51.628 +07:00","6885.287","HOT_SWEEP_55","55","0.127691388"
"2026-08-04 11:51:52.308 +07:00","6885.969","HOT_SWEEP_55","55","0.12779215"
"2026-08-04 11:51:53.005 +07:00","6886.658","HOT_SWEEP_55","55","0.127427876"
"2026-08-04 11:51:53.698 +07:00","6887.357","HOT_SWEEP_55","55","0.126903743"
"2026-08-04 11:51:54.380 +07:00","6888.039","HOT_SWEEP_55","55","0.127066359"
"2026-08-04 11:51:55.056 +07:00","6888.717","HOT_SWEEP_55","55","0.127314776"
"2026-08-04 11:51:55.781 +07:00","6889.44","HOT_SWEEP_55","55","0.127011329"
"2026-08-04 11:51:56.467 +07:00","6890.128","HOT_SWEEP_55","55","0.126993984"
"2026-08-04 11:51:57.170 +07:00","6890.828","HOT_SWEEP_55","55","0.127779365"
"2026-08-04 11:51:57.864 +07:00","6891.52","HOT_SWEEP_55","55","0.127168149"
"2026-08-04 11:51:58.546 +07:00","6892.2","HOT_SWEEP_55","55","0.127197221"
"2026-08-04 11:51:59.244 +07:00","6892.899","HOT_SWEEP_55","55","0.128095895"
"2026-08-04 11:51:59.931 +07:00","6893.592","HOT_SWEEP_55","55","0.127494514"
"2026-08-04 11:52:00.629 +07:00","6894.288","HOT_SWEEP_55","55","0.127473354"
"2026-08-04 11:52:01.308 +07:00","6894.969","HOT_SWEEP_55","55","0.128474325"
"2026-08-04 11:52:02.006 +07:00","6895.661","HOT_SWEEP_55","55","0.128336892"
"2026-08-04 11:52:02.745 +07:00","6896.406","HOT_SWEEP_55","55","0.128184468"
"2026-08-04 11:52:03.427 +07:00","6897.086","HOT_SWEEP_55","55","0.12864092"
"2026-08-04 11:52:04.098 +07:00","6897.759","HOT_SWEEP_55","55","0.128805146"
"2026-08-04 11:52:04.781 +07:00","6898.442","HOT_SWEEP_55","55","0.129079849"
"2026-08-04 11:52:05.474 +07:00","6899.119","HOT_SWEEP_55","55","0.129211783"
"2026-08-04 11:52:06.169 +07:00","6899.826","HOT_SWEEP_55","55","0.130010456"
"2026-08-04 11:52:06.879 +07:00","6900.53","HOT_SWEEP_55","55","0.130148888"
"2026-08-04 11:52:07.566 +07:00","6901.225","HOT_SWEEP_55","55","0.130068347"
"2026-08-04 11:52:08.256 +07:00","6901.913","HOT_SWEEP_55","55","0.130925089"
"2026-08-04 11:52:08.948 +07:00","6902.608","HOT_SWEEP_55","55","0.130695909"
"2026-08-04 11:52:09.659 +07:00","6903.318","HOT_SWEEP_55","55","0.130490452"
"2026-08-04 11:52:10.350 +07:00","6904.008","HOT_SWEEP_55","55","0.131655589"
"2026-08-04 11:52:11.046 +07:00","6904.702","HOT_SWEEP_55","55","0.131978795"
"2026-08-04 11:52:11.734 +07:00","6905.395","HOT_SWEEP_55","55","0.131461814"
"2026-08-04 11:52:12.440 +07:00","6906.101","HOT_SWEEP_55","55","0.132223636"
"2026-08-04 11:52:13.130 +07:00","6906.785","HOT_SWEEP_55","55","0.132623434"
"2026-08-04 11:52:13.816 +07:00","6907.464","HOT_SWEEP_55","55","0.13212052"
"2026-08-04 11:52:14.493 +07:00","6908.154","HOT_SWEEP_55","55","0.132465914"
"2026-08-04 11:52:15.196 +07:00","6908.854","HOT_SWEEP_55","55","0.132704288"
"2026-08-04 11:52:15.888 +07:00","6909.533","HOT_SWEEP_55","55","0.132322207"
"2026-08-04 11:52:16.581 +07:00","6910.242","HOT_SWEEP_55","55","0.132228315"
"2026-08-04 11:52:17.267 +07:00","6910.924","HOT_SWEEP_55","55","0.132798672"
"2026-08-04 11:52:17.955 +07:00","6911.615","HOT_SWEEP_55","55","0.132497877"
"2026-08-04 11:52:18.653 +07:00","6912.309","HOT_SWEEP_55","55","0.132184342"
"2026-08-04 11:52:19.347 +07:00","6913.006","HOT_SWEEP_55","55","0.132782787"
"2026-08-04 11:52:20.038 +07:00","6913.683","HOT_SWEEP_55","55","0.132811412"
"2026-08-04 11:52:20.726 +07:00","6914.385","HOT_SWEEP_55","55","0.132443815"
"2026-08-04 11:52:21.412 +07:00","6915.073","HOT_SWEEP_55","55","0.132890061"
"2026-08-04 11:52:22.091 +07:00","6915.752","HOT_SWEEP_55","55","0.133613124"
"2026-08-04 11:52:22.780 +07:00","6916.434","HOT_SWEEP_55","55","0.133008242"
"2026-08-04 11:52:23.504 +07:00","6917.165","HOT_SWEEP_55","55","0.133120626"
"2026-08-04 11:52:24.201 +07:00","6917.86","HOT_SWEEP_55","55","0.133754194"
"2026-08-04 11:52:24.888 +07:00","6918.549","HOT_SWEEP_55","55","0.133390844"
"2026-08-04 11:52:25.579 +07:00","6919.24","HOT_SWEEP_55","55","0.133402541"
"2026-08-04 11:52:26.260 +07:00","6919.921","HOT_SWEEP_55","55","0.13425383"
"2026-08-04 11:52:26.953 +07:00","6920.612","HOT_SWEEP_55","55","0.133597374"
"2026-08-04 11:52:27.642 +07:00","6921.302","HOT_SWEEP_55","55","0.133296713"
"2026-08-04 11:52:28.328 +07:00","6921.989","HOT_SWEEP_55","55","0.134199619"
"2026-08-04 11:52:29.005 +07:00","6922.666","HOT_SWEEP_55","55","0.134062156"
"2026-08-04 11:52:29.703 +07:00","6923.364","HOT_SWEEP_55","55","0.133565322"
"2026-08-04 11:52:30.407 +07:00","6924.068","HOT_SWEEP_55","55","0.134553581"
"2026-08-04 11:52:31.094 +07:00","6924.753","HOT_SWEEP_55","55","0.135068744"
"2026-08-04 11:52:31.784 +07:00","6925.445","HOT_SWEEP_55","55","0.134149104"
"2026-08-04 11:52:32.479 +07:00","6926.138","HOT_SWEEP_55","55","0.134402528"
"2026-08-04 11:52:33.162 +07:00","6926.817","HOT_SWEEP_55","55","0.135022178"
"2026-08-04 11:52:33.846 +07:00","6927.507","HOT_SWEEP_55","55","0.134762853"
"2026-08-04 11:52:34.532 +07:00","6928.183","HOT_SWEEP_55","55","0.134477913"
"2026-08-04 11:52:35.223 +07:00","6928.88","HOT_SWEEP_55","55","0.13562201"
"2026-08-04 11:52:35.899 +07:00","6929.56","HOT_SWEEP_55","55","0.134847775"
"2026-08-04 11:52:36.590 +07:00","6930.249","HOT_SWEEP_55","55","0.134369284"
"2026-08-04 11:52:37.292 +07:00","6930.951","HOT_SWEEP_55","55","0.135294929"
"2026-08-04 11:52:37.973 +07:00","6931.632","HOT_SWEEP_55","55","0.134843558"
"2026-08-04 11:52:38.675 +07:00","6932.321","HOT_SWEEP_55","55","0.134220466"
"2026-08-04 11:52:39.374 +07:00","6933.035","HOT_SWEEP_55","55","0.135256484"
"2026-08-04 11:52:40.069 +07:00","6933.727","HOT_SWEEP_55","55","0.135594159"
"2026-08-04 11:52:40.761 +07:00","6934.42","HOT_SWEEP_55","55","0.134674877"
"2026-08-04 11:52:41.459 +07:00","6935.117","HOT_SWEEP_55","55","0.135412008"
"2026-08-04 11:52:42.152 +07:00","6935.811","HOT_SWEEP_55","55","0.13570264"
"2026-08-04 11:52:42.838 +07:00","6936.498","HOT_SWEEP_55","55","0.135127649"
"2026-08-04 11:52:43.512 +07:00","6937.173","HOT_SWEEP_55","55","0.135114059"
"2026-08-04 11:52:44.223 +07:00","6937.882","HOT_SWEEP_55","55","0.13533394"
"2026-08-04 11:52:44.914 +07:00","6938.571","HOT_SWEEP_55","55","0.134657174"
"2026-08-04 11:52:45.599 +07:00","6939.255","HOT_SWEEP_55","55","0.13435483"
"2026-08-04 11:52:46.288 +07:00","6939.948","HOT_SWEEP_55","55","0.134652734"
"2026-08-04 11:52:46.982 +07:00","6940.623","HOT_SWEEP_55","55","0.133837417"
"2026-08-04 11:52:47.671 +07:00","6941.322","HOT_SWEEP_55","55","0.133646697"
"2026-08-04 11:52:48.366 +07:00","6942.024","HOT_SWEEP_55","55","0.134046793"
"2026-08-04 11:52:49.054 +07:00","6942.713","HOT_SWEEP_55","55","0.133955032"
"2026-08-04 11:52:49.749 +07:00","6943.404","HOT_SWEEP_55","55","0.133293301"
"2026-08-04 11:52:50.451 +07:00","6944.109","HOT_SWEEP_55","55","0.134129763"
"2026-08-04 11:52:51.173 +07:00","6944.83","HOT_SWEEP_55","55","0.134870291"
"2026-08-04 11:52:51.861 +07:00","6945.522","HOT_SWEEP_55","55","0.134500846"
"2026-08-04 11:52:52.552 +07:00","6946.213","HOT_SWEEP_55","55","0.134510145"
"2026-08-04 11:52:53.235 +07:00","6946.896","HOT_SWEEP_55","55","0.135332122"
"2026-08-04 11:52:53.935 +07:00","6947.593","HOT_SWEEP_55","55","0.135011494"
"2026-08-04 11:52:54.635 +07:00","6948.292","HOT_SWEEP_55","55","0.13448517"
"2026-08-04 11:52:55.331 +07:00","6948.99","HOT_SWEEP_55","55","0.135238945"
"2026-08-04 11:52:56.016 +07:00","6949.677","HOT_SWEEP_55","55","0.134999812"
"2026-08-04 11:52:56.718 +07:00","6950.378","HOT_SWEEP_55","55","0.135062292"
"2026-08-04 11:52:57.417 +07:00","6951.076","HOT_SWEEP_55","55","0.135498151"
"2026-08-04 11:52:58.140 +07:00","6951.801","HOT_SWEEP_55","55","0.135518938"
"2026-08-04 11:52:58.831 +07:00","6952.487","HOT_SWEEP_55","55","0.135547131"
"2026-08-04 11:52:59.503 +07:00","6953.164","HOT_SWEEP_55","55","0.13590312"
"2026-08-04 11:53:00.192 +07:00","6953.849","HOT_SWEEP_55","55","0.135969222"
"2026-08-04 11:53:00.877 +07:00","6954.538","HOT_SWEEP_55","55","0.135823652"
"2026-08-04 11:53:01.566 +07:00","6955.22","HOT_SWEEP_55","55","0.135774747"
"2026-08-04 11:53:02.252 +07:00","6955.913","HOT_SWEEP_55","55","0.13631396"
"2026-08-04 11:53:02.929 +07:00","6956.59","HOT_SWEEP_55","55","0.135991529"
"2026-08-04 11:53:03.629 +07:00","6957.29","HOT_SWEEP_55","55","0.135463446"
"2026-08-04 11:53:04.327 +07:00","6957.985","HOT_SWEEP_55","55","0.136193559"
"2026-08-04 11:53:05.031 +07:00","6958.689","HOT_SWEEP_55","55","0.135948613"
"2026-08-04 11:53:05.729 +07:00","6959.388","HOT_SWEEP_55","55","0.13505289"
"2026-08-04 11:53:06.414 +07:00","6960.073","HOT_SWEEP_55","55","0.135848179"
"2026-08-04 11:53:07.104 +07:00","6960.761","HOT_SWEEP_55","55","0.136250868"
"2026-08-04 11:53:07.785 +07:00","6961.444","HOT_SWEEP_55","55","0.135590166"
"2026-08-04 11:53:08.479 +07:00","6962.137","HOT_SWEEP_55","55","0.136446923"
"2026-08-04 11:53:09.161 +07:00","6962.82","HOT_SWEEP_55","55","0.136750713"
"2026-08-04 11:53:09.855 +07:00","6963.512","HOT_SWEEP_55","55","0.135934055"
"2026-08-04 11:53:10.542 +07:00","6964.199","HOT_SWEEP_55","55","0.136130244"
"2026-08-04 11:53:11.230 +07:00","6964.889","HOT_SWEEP_55","55","0.13659808"
"2026-08-04 11:53:11.951 +07:00","6965.609","HOT_SWEEP_55","55","0.13563171"
"2026-08-04 11:53:12.649 +07:00","6966.308","HOT_SWEEP_55","55","0.1353136"
"2026-08-04 11:53:13.333 +07:00","6966.992","HOT_SWEEP_55","55","0.135956496"
"2026-08-04 11:53:14.008 +07:00","6967.669","HOT_SWEEP_55","55","0.13537176"
"2026-08-04 11:53:14.701 +07:00","6968.359","HOT_SWEEP_55","55","0.134962931"
"2026-08-04 11:53:15.407 +07:00","6969.062","HOT_SWEEP_55","55","0.135224342"
"2026-08-04 11:53:16.095 +07:00","6969.756","HOT_SWEEP_55","55","0.135558203"
"2026-08-04 11:53:16.791 +07:00","6970.448","HOT_SWEEP_55","55","0.135237977"
"2026-08-04 11:53:17.473 +07:00","6971.118","HOT_SWEEP_55","55","0.135405093"
"2026-08-04 11:53:18.157 +07:00","6971.816","HOT_SWEEP_55","55","0.135993212"
"2026-08-04 11:53:18.867 +07:00","6972.526","HOT_SWEEP_55","55","0.135677442"
"2026-08-04 11:53:19.561 +07:00","6973.213","HOT_SWEEP_55","55","0.135815188"
"2026-08-04 11:53:20.257 +07:00","6973.916","HOT_SWEEP_55","55","0.136564076"
"2026-08-04 11:53:20.925 +07:00","6974.586","HOT_SWEEP_55","55","0.136110857"
"2026-08-04 11:53:21.625 +07:00","6975.284","HOT_SWEEP_55","55","0.135665447"
"2026-08-04 11:53:22.300 +07:00","6975.961","HOT_SWEEP_55","55","0.136478588"
"2026-08-04 11:53:22.985 +07:00","6976.644","HOT_SWEEP_55","55","0.135799617"
"2026-08-04 11:53:23.679 +07:00","6977.339","HOT_SWEEP_55","55","0.135386363"
"2026-08-04 11:53:24.373 +07:00","6978.03","HOT_SWEEP_55","55","0.136531025"
"2026-08-04 11:53:25.073 +07:00","6978.727","HOT_SWEEP_55","55","0.136402726"
"2026-08-04 11:53:25.773 +07:00","6979.434","HOT_SWEEP_55","55","0.135999382"
"2026-08-04 11:53:26.467 +07:00","6980.128","HOT_SWEEP_55","55","0.136738032"
"2026-08-04 11:53:27.142 +07:00","6980.803","HOT_SWEEP_55","55","0.13738516"
"2026-08-04 11:53:27.838 +07:00","6981.49","HOT_SWEEP_55","55","0.136911422"
"2026-08-04 11:53:28.520 +07:00","6982.179","HOT_SWEEP_55","55","0.137467906"
"2026-08-04 11:53:29.202 +07:00","6982.861","HOT_SWEEP_55","55","0.138379484"
"2026-08-04 11:53:29.895 +07:00","6983.552","HOT_SWEEP_55","55","0.137959749"
"2026-08-04 11:53:30.587 +07:00","6984.245","HOT_SWEEP_55","55","0.137777656"
"2026-08-04 11:53:31.273 +07:00","6984.934","HOT_SWEEP_55","55","0.138648167"
"2026-08-04 11:53:31.960 +07:00","6985.618","HOT_SWEEP_55","55","0.138173074"
"2026-08-04 11:53:32.698 +07:00","6986.358","HOT_SWEEP_55","55","0.137573212"
"2026-08-04 11:53:33.383 +07:00","6987.042","HOT_SWEEP_55","55","0.138561413"
"2026-08-04 11:53:34.055 +07:00","6987.716","HOT_SWEEP_55","55","0.138238326"
"2026-08-04 11:53:34.731 +07:00","6988.392","HOT_SWEEP_55","55","0.137630373"
"2026-08-04 11:53:35.411 +07:00","6989.07","HOT_SWEEP_55","55","0.138386324"
"2026-08-04 11:53:36.099 +07:00","6989.758","HOT_SWEEP_55","55","0.138806373"
"2026-08-04 11:53:36.782 +07:00","6990.438","HOT_SWEEP_55","55","0.137942567"
"2026-08-04 11:53:37.475 +07:00","6991.133","HOT_SWEEP_55","55","0.138789445"
"2026-08-04 11:53:38.167 +07:00","6991.826","HOT_SWEEP_55","55","0.139511079"
"2026-08-04 11:53:38.834 +07:00","6992.496","HOT_SWEEP_55","55","0.138534695"
"2026-08-04 11:53:39.541 +07:00","6993.198","HOT_SWEEP_55","55","0.138831303"
"2026-08-04 11:53:40.227 +07:00","6993.885","HOT_SWEEP_55","55","0.139692396"
"2026-08-04 11:53:40.914 +07:00","6994.574","HOT_SWEEP_55","55","0.138621509"
"2026-08-04 11:53:41.602 +07:00","6995.258","HOT_SWEEP_55","55","0.138253957"
"2026-08-04 11:53:42.283 +07:00","6995.942","HOT_SWEEP_55","55","0.139353842"
"2026-08-04 11:53:42.981 +07:00","6996.64","HOT_SWEEP_55","55","0.138297513"
"2026-08-04 11:53:43.669 +07:00","6997.326","HOT_SWEEP_55","55","0.13760218"
"2026-08-04 11:53:44.360 +07:00","6998.021","HOT_SWEEP_55","55","0.138474748"
"2026-08-04 11:53:45.055 +07:00","6998.714","HOT_SWEEP_55","55","0.138034463"
"2026-08-04 11:53:45.744 +07:00","6999.401","HOT_SWEEP_55","55","0.137586519"
"2026-08-04 11:53:46.470 +07:00","7000.128","HOT_SWEEP_55","55","0.138389617"
"2026-08-04 11:53:47.157 +07:00","7000.816","HOT_SWEEP_55","55","0.138825282"
"2026-08-04 11:53:47.843 +07:00","7001.503","HOT_SWEEP_55","55","0.1385189"
"2026-08-04 11:53:48.530 +07:00","7002.191","HOT_SWEEP_55","55","0.139117092"
"2026-08-04 11:53:49.214 +07:00","7002.873","HOT_SWEEP_55","55","0.139740363"
"2026-08-04 11:53:49.907 +07:00","7003.565","HOT_SWEEP_55","55","0.139323324"
"2026-08-04 11:53:50.582 +07:00","7004.243","HOT_SWEEP_55","55","0.13945213"
"2026-08-04 11:53:51.283 +07:00","7004.934","HOT_SWEEP_55","55","0.140146166"
"2026-08-04 11:53:51.974 +07:00","7005.633","HOT_SWEEP_55","55","0.139705479"
"2026-08-04 11:53:52.643 +07:00","7006.304","HOT_SWEEP_55","55","0.139493197"
"2026-08-04 11:53:53.387 +07:00","7007.048","HOT_SWEEP_55","55","0.140512258"
"2026-08-04 11:53:54.074 +07:00","7007.731","HOT_SWEEP_55","55","0.140138119"
"2026-08-04 11:53:54.753 +07:00","7008.412","HOT_SWEEP_55","55","0.139856398"
"2026-08-04 11:53:55.443 +07:00","7009.101","HOT_SWEEP_55","55","0.140388742"
"2026-08-04 11:53:56.127 +07:00","7009.788","HOT_SWEEP_55","55","0.14053686"
"2026-08-04 11:53:56.811 +07:00","7010.472","HOT_SWEEP_55","55","0.140131786"
"2026-08-04 11:53:57.494 +07:00","7011.155","HOT_SWEEP_55","55","0.140815392"
"2026-08-04 11:53:58.184 +07:00","7011.845","HOT_SWEEP_55","55","0.141048685"
"2026-08-04 11:53:58.873 +07:00","7012.522","HOT_SWEEP_55","55","0.140514895"
"2026-08-04 11:53:59.566 +07:00","7013.223","HOT_SWEEP_55","55","0.140674338"
"2026-08-04 11:54:00.296 +07:00","7013.955","HOT_SWEEP_55","55","0.141377032"
"2026-08-04 11:54:00.993 +07:00","7014.649","HOT_SWEEP_55","55","0.14113307"
"2026-08-04 11:54:01.691 +07:00","7015.346","HOT_SWEEP_55","55","0.14059034"
"2026-08-04 11:54:02.386 +07:00","7016.045","HOT_SWEEP_55","55","0.141158894"
"2026-08-04 11:54:03.070 +07:00","7016.728","HOT_SWEEP_55","55","0.140963286"
"2026-08-04 11:54:03.761 +07:00","7017.422","HOT_SWEEP_55","55","0.140671089"
"2026-08-04 11:54:04.438 +07:00","7018.099","HOT_SWEEP_55","55","0.14125064"
"2026-08-04 11:54:05.114 +07:00","7018.776","HOT_SWEEP_55","55","0.141678542"
"2026-08-04 11:54:05.814 +07:00","7019.473","HOT_SWEEP_55","55","0.141166911"
"2026-08-04 11:54:06.502 +07:00","7020.16","HOT_SWEEP_55","55","0.141573459"
"2026-08-04 11:54:07.280 +07:00","7020.936","HOT_SWEEP_55","55","0.141637489"
"2026-08-04 11:54:07.986 +07:00","7021.642","HOT_SWEEP_55","55","0.141180083"
"2026-08-04 11:54:08.693 +07:00","7022.349","HOT_SWEEP_55","55","0.14128682"
"2026-08-04 11:54:09.379 +07:00","7023.034","HOT_SWEEP_55","55","0.14127247"
"2026-08-04 11:54:10.081 +07:00","7023.737","HOT_SWEEP_55","55","0.141072288"
"2026-08-04 11:54:10.781 +07:00","7024.442","HOT_SWEEP_55","55","0.141141579"
"2026-08-04 11:54:11.467 +07:00","7025.128","HOT_SWEEP_55","55","0.140693203"
"2026-08-04 11:54:12.151 +07:00","7025.809","HOT_SWEEP_55","55","0.14075543"
"2026-08-04 11:54:12.836 +07:00","7026.497","HOT_SWEEP_55","55","0.140918866"
"2026-08-04 11:54:13.525 +07:00","7027.186","HOT_SWEEP_55","55","0.140595362"
"2026-08-04 11:54:14.228 +07:00","7027.887","HOT_SWEEP_55","55","0.140607849"
"2026-08-04 11:54:14.909 +07:00","7028.568","HOT_SWEEP_55","55","0.140209287"
"2026-08-04 11:54:15.598 +07:00","7029.257","HOT_SWEEP_55","55","0.140113801"
"2026-08-04 11:54:16.294 +07:00","7029.955","HOT_SWEEP_55","55","0.140951842"
"2026-08-04 11:54:16.982 +07:00","7030.639","HOT_SWEEP_55","55","0.14048858"
"2026-08-04 11:54:17.672 +07:00","7031.333","HOT_SWEEP_55","55","0.140258774"
"2026-08-04 11:54:18.363 +07:00","7032.023","HOT_SWEEP_55","55","0.141313061"
"2026-08-04 11:54:19.038 +07:00","7032.699","HOT_SWEEP_55","55","0.140726343"
"2026-08-04 11:54:19.725 +07:00","7033.382","HOT_SWEEP_55","55","0.140243679"
"2026-08-04 11:54:20.412 +07:00","7034.071","HOT_SWEEP_55","55","0.141299769"
"2026-08-04 11:54:21.117 +07:00","7034.773","HOT_SWEEP_55","55","0.141527176"
"2026-08-04 11:54:21.788 +07:00","7035.449","HOT_SWEEP_55","55","0.141004086"
"2026-08-04 11:54:22.493 +07:00","7036.152","HOT_SWEEP_55","55","0.14214626"
"2026-08-04 11:54:23.181 +07:00","7036.84","HOT_SWEEP_55","55","0.142822057"
"2026-08-04 11:54:23.875 +07:00","7037.534","HOT_SWEEP_55","55","0.142249063"
"2026-08-04 11:54:24.576 +07:00","7038.231","HOT_SWEEP_55","55","0.142271742"
"2026-08-04 11:54:25.278 +07:00","7038.927","HOT_SWEEP_55","55","0.143213317"
"2026-08-04 11:54:25.957 +07:00","7039.616","HOT_SWEEP_55","55","0.142617017"
"2026-08-04 11:54:26.641 +07:00","7040.3","HOT_SWEEP_55","55","0.142395288"
"2026-08-04 11:54:27.327 +07:00","7040.981","HOT_SWEEP_55","55","0.14334923"
"2026-08-04 11:54:28.036 +07:00","7041.681","HOT_SWEEP_55","55","0.142563626"
"2026-08-04 11:54:28.720 +07:00","7042.379","HOT_SWEEP_55","55","0.142149836"
"2026-08-04 11:54:29.405 +07:00","7043.066","HOT_SWEEP_55","55","0.142807633"
"2026-08-04 11:54:30.099 +07:00","7043.757","HOT_SWEEP_55","55","0.142602116"
"2026-08-04 11:54:30.783 +07:00","7044.444","HOT_SWEEP_55","55","0.141900882"
"2026-08-04 11:54:31.462 +07:00","7045.123","HOT_SWEEP_55","55","0.142624214"
"2026-08-04 11:54:32.170 +07:00","7045.824","HOT_SWEEP_55","55","0.142717332"
"2026-08-04 11:54:32.869 +07:00","7046.526","HOT_SWEEP_55","55","0.141773939"
"2026-08-04 11:54:33.556 +07:00","7047.214","HOT_SWEEP_55","55","0.141964465"
"2026-08-04 11:54:34.247 +07:00","7047.906","HOT_SWEEP_55","55","0.142092139"
"2026-08-04 11:54:34.953 +07:00","7048.608","HOT_SWEEP_55","55","0.141288266"
"2026-08-04 11:54:35.655 +07:00","7049.312","HOT_SWEEP_55","55","0.14114514"
"2026-08-04 11:54:36.359 +07:00","7050.018","HOT_SWEEP_55","55","0.141467229"
"2026-08-04 11:54:37.047 +07:00","7050.708","HOT_SWEEP_55","55","0.140676662"
"2026-08-04 11:54:37.751 +07:00","7051.409","HOT_SWEEP_55","55","0.140390605"
"2026-08-04 11:54:38.447 +07:00","7052.104","HOT_SWEEP_55","55","0.140611678"
"2026-08-04 11:54:39.132 +07:00","7052.789","HOT_SWEEP_55","55","0.140501961"
"2026-08-04 11:54:39.825 +07:00","7053.483","HOT_SWEEP_55","55","0.140498027"
"2026-08-04 11:54:40.515 +07:00","7054.174","HOT_SWEEP_55","55","0.140736967"
"2026-08-04 11:54:41.213 +07:00","7054.873","HOT_SWEEP_55","55","0.141007453"
"2026-08-04 11:54:41.960 +07:00","7055.614","HOT_SWEEP_55","55","0.140878588"
"2026-08-04 11:54:42.641 +07:00","7056.302","HOT_SWEEP_55","55","0.140809432"
"2026-08-04 11:54:43.333 +07:00","7056.994","HOT_SWEEP_55","55","0.141008466"
"2026-08-04 11:54:44.029 +07:00","7057.686","HOT_SWEEP_55","55","0.140970156"
"2026-08-04 11:54:44.713 +07:00","7058.374","HOT_SWEEP_55","55","0.141068548"
"2026-08-04 11:54:45.404 +07:00","7059.063","HOT_SWEEP_55","55","0.141244978"
"2026-08-04 11:54:46.084 +07:00","7059.743","HOT_SWEEP_55","55","0.140808761"
"2026-08-04 11:54:46.765 +07:00","7060.426","HOT_SWEEP_55","55","0.140280187"
"2026-08-04 11:54:47.466 +07:00","7061.125","HOT_SWEEP_55","55","0.141033292"
"2026-08-04 11:54:48.159 +07:00","7061.819","HOT_SWEEP_55","55","0.140975401"
"2026-08-04 11:54:48.864 +07:00","7062.523","HOT_SWEEP_55","55","0.140824229"
"2026-08-04 11:54:49.542 +07:00","7063.203","HOT_SWEEP_55","55","0.141337246"
"2026-08-04 11:54:50.217 +07:00","7063.878","HOT_SWEEP_55","55","0.142137229"
"2026-08-04 11:54:50.907 +07:00","7064.568","HOT_SWEEP_55","55","0.141482711"
"2026-08-04 11:54:51.596 +07:00","7065.257","HOT_SWEEP_55","55","0.141447037"
"2026-08-04 11:54:52.286 +07:00","7065.945","HOT_SWEEP_55","55","0.142641902"
"2026-08-04 11:54:52.986 +07:00","7066.644","HOT_SWEEP_55","55","0.142173067"
"2026-08-04 11:54:53.676 +07:00","7067.335","HOT_SWEEP_55","55","0.141941398"
"2026-08-04 11:54:54.356 +07:00","7068.017","HOT_SWEEP_55","55","0.142764106"
"2026-08-04 11:54:55.056 +07:00","7068.714","HOT_SWEEP_55","55","0.142565697"
"2026-08-04 11:54:55.802 +07:00","7069.443","HOT_SWEEP_55","55","0.141860634"
"2026-08-04 11:54:56.498 +07:00","7070.157","HOT_SWEEP_55","55","0.142628059"
"2026-08-04 11:54:57.201 +07:00","7070.857","HOT_SWEEP_55","55","0.14242579"
"2026-08-04 11:54:57.878 +07:00","7071.537","HOT_SWEEP_55","55","0.142251179"
"2026-08-04 11:54:58.564 +07:00","7072.223","HOT_SWEEP_55","55","0.142594486"
"2026-08-04 11:54:59.260 +07:00","7072.919","HOT_SWEEP_55","55","0.142407447"
"2026-08-04 11:54:59.946 +07:00","7073.604","HOT_SWEEP_55","55","0.142104149"
"2026-08-04 11:55:00.630 +07:00","7074.289","HOT_SWEEP_55","55","0.142430082"
"2026-08-04 11:55:01.306 +07:00","7074.967","HOT_SWEEP_55","55","0.142848268"
"2026-08-04 11:55:02.006 +07:00","7075.665","HOT_SWEEP_55","55","0.142173052"
"2026-08-04 11:55:02.712 +07:00","7076.369","HOT_SWEEP_55","55","0.142165095"
"2026-08-04 11:55:03.395 +07:00","7077.05","HOT_SWEEP_55","55","0.142636105"
"2026-08-04 11:55:04.091 +07:00","7077.752","HOT_SWEEP_55","55","0.141964585"
"2026-08-04 11:55:04.776 +07:00","7078.434","HOT_SWEEP_55","55","0.14127472"
"2026-08-04 11:55:05.450 +07:00","7079.111","HOT_SWEEP_55","55","0.142196625"
"2026-08-04 11:55:06.140 +07:00","7079.795","HOT_SWEEP_55","55","0.142564654"
"2026-08-04 11:55:06.831 +07:00","7080.49","HOT_SWEEP_55","55","0.141725123"
"2026-08-04 11:55:07.524 +07:00","7081.178","HOT_SWEEP_55","55","0.142234206"
"2026-08-04 11:55:08.236 +07:00","7081.892","HOT_SWEEP_55","55","0.142769292"
"2026-08-04 11:55:08.927 +07:00","7082.584","HOT_SWEEP_55","55","0.142232135"
"2026-08-04 11:55:09.685 +07:00","7083.341","HOT_SWEEP_55","55","0.142232746"
"2026-08-04 11:55:10.386 +07:00","7084.045","HOT_SWEEP_55","55","0.142570585"
"2026-08-04 11:55:11.063 +07:00","7084.724","HOT_SWEEP_55","55","0.14257881"
"2026-08-04 11:55:11.764 +07:00","7085.422","HOT_SWEEP_55","55","0.142706975"
"2026-08-04 11:55:12.464 +07:00","7086.117","HOT_SWEEP_55","55","0.142701715"
"2026-08-04 11:55:13.152 +07:00","7086.811","HOT_SWEEP_55","55","0.142686799"
"2026-08-04 11:55:13.840 +07:00","7087.498","HOT_SWEEP_55","55","0.142783687"
"2026-08-04 11:55:14.536 +07:00","7088.196","HOT_SWEEP_55","55","0.143032715"
"2026-08-04 11:55:15.206 +07:00","7088.867","HOT_SWEEP_55","55","0.143036932"
"2026-08-04 11:55:15.893 +07:00","7089.552","HOT_SWEEP_55","55","0.143175438"
"2026-08-04 11:55:16.613 +07:00","7090.272","HOT_SWEEP_55","55","0.143372238"
"2026-08-04 11:55:17.306 +07:00","7090.965","HOT_SWEEP_55","55","0.143907771"
"2026-08-04 11:55:17.986 +07:00","7091.641","HOT_SWEEP_55","55","0.143795744"
"2026-08-04 11:55:18.683 +07:00","7092.341","HOT_SWEEP_55","55","0.14337869"
"2026-08-04 11:55:19.366 +07:00","7093.025","HOT_SWEEP_55","55","0.143969715"
"2026-08-04 11:55:20.048 +07:00","7093.707","HOT_SWEEP_55","55","0.14350085"
"2026-08-04 11:55:20.731 +07:00","7094.392","HOT_SWEEP_55","55","0.143234536"
"2026-08-04 11:55:21.408 +07:00","7095.069","HOT_SWEEP_55","55","0.14406915"
"2026-08-04 11:55:22.102 +07:00","7095.763","HOT_SWEEP_55","55","0.14358753"
"2026-08-04 11:55:22.793 +07:00","7096.438","HOT_SWEEP_55","55","0.14262411"
"2026-08-04 11:55:23.491 +07:00","7097.152","HOT_SWEEP_55","55","0.143526927"
"2026-08-04 11:55:24.171 +07:00","7097.83","HOT_SWEEP_55","55","0.143736318"
"2026-08-04 11:55:24.862 +07:00","7098.52","HOT_SWEEP_55","55","0.14241904"
"2026-08-04 11:55:25.547 +07:00","7099.208","HOT_SWEEP_55","55","0.143305719"
"2026-08-04 11:55:26.243 +07:00","7099.902","HOT_SWEEP_55","55","0.143839151"
"2026-08-04 11:55:26.931 +07:00","7100.59","HOT_SWEEP_55","55","0.142669991"
"2026-08-04 11:55:27.621 +07:00","7101.266","HOT_SWEEP_55","55","0.142639697"
"2026-08-04 11:55:28.306 +07:00","7101.967","HOT_SWEEP_55","55","0.143517271"
"2026-08-04 11:55:28.983 +07:00","7102.645","HOT_SWEEP_55","55","0.142560378"
"2026-08-04 11:55:29.661 +07:00","7103.322","HOT_SWEEP_55","55","0.142126992"
"2026-08-04 11:55:30.367 +07:00","7104.028","HOT_SWEEP_55","55","0.143062636"
"2026-08-04 11:55:31.065 +07:00","7104.722","HOT_SWEEP_55","55","0.14251554"
"2026-08-04 11:55:31.785 +07:00","7105.446","HOT_SWEEP_55","55","0.142113328"
"2026-08-04 11:55:32.476 +07:00","7106.135","HOT_SWEEP_55","55","0.142366022"
"2026-08-04 11:55:33.159 +07:00","7106.805","HOT_SWEEP_55","55","0.14244996"
"2026-08-04 11:55:33.863 +07:00","7107.518","HOT_SWEEP_55","55","0.141911581"
"2026-08-04 11:55:34.559 +07:00","7108.204","HOT_SWEEP_55","55","0.142199025"
"2026-08-04 11:55:35.251 +07:00","7108.912","HOT_SWEEP_55","55","0.142322019"
"2026-08-04 11:55:35.942 +07:00","7109.599","HOT_SWEEP_55","55","0.141877279"
"2026-08-04 11:55:36.641 +07:00","7110.3","HOT_SWEEP_55","55","0.142162651"
"2026-08-04 11:55:37.358 +07:00","7111.015","HOT_SWEEP_55","55","0.142374143"
"2026-08-04 11:55:38.059 +07:00","7111.715","HOT_SWEEP_55","55","0.14195925"
"2026-08-04 11:55:38.760 +07:00","7112.417","HOT_SWEEP_55","55","0.14183417"
"2026-08-04 11:55:39.447 +07:00","7113.105","HOT_SWEEP_55","55","0.142664254"
"2026-08-04 11:55:40.141 +07:00","7113.8","HOT_SWEEP_55","55","0.14233458"
"2026-08-04 11:55:40.840 +07:00","7114.499","HOT_SWEEP_55","55","0.142594367"
"2026-08-04 11:55:41.522 +07:00","7115.181","HOT_SWEEP_55","55","0.143116355"
"2026-08-04 11:55:42.207 +07:00","7115.865","HOT_SWEEP_55","55","0.143035561"
"2026-08-04 11:55:42.900 +07:00","7116.557","HOT_SWEEP_55","55","0.14286916"
"2026-08-04 11:55:43.595 +07:00","7117.253","HOT_SWEEP_55","55","0.143435448"
"2026-08-04 11:55:44.303 +07:00","7117.963","HOT_SWEEP_55","55","0.143695265"
"2026-08-04 11:55:44.976 +07:00","7118.637","HOT_SWEEP_55","55","0.143505588"
"2026-08-04 11:55:45.680 +07:00","7119.338","HOT_SWEEP_55","55","0.143383712"
"2026-08-04 11:55:46.363 +07:00","7120.02","HOT_SWEEP_55","55","0.143668979"
"2026-08-04 11:55:47.049 +07:00","7120.709","HOT_SWEEP_55","55","0.143391222"
"2026-08-04 11:55:47.735 +07:00","7121.395","HOT_SWEEP_55","55","0.142882019"
"2026-08-04 11:55:48.428 +07:00","7122.089","HOT_SWEEP_55","55","0.143739253"
"2026-08-04 11:55:49.106 +07:00","7122.767","HOT_SWEEP_55","55","0.143648669"
"2026-08-04 11:55:49.783 +07:00","7123.444","HOT_SWEEP_55","55","0.142829597"
"2026-08-04 11:55:50.462 +07:00","7124.123","HOT_SWEEP_55","55","0.143671155"
"2026-08-04 11:55:51.163 +07:00","7124.824","HOT_SWEEP_55","55","0.143755853"
"2026-08-04 11:55:51.835 +07:00","7125.496","HOT_SWEEP_55","55","0.142724887"
"2026-08-04 11:55:52.531 +07:00","7126.19","HOT_SWEEP_55","55","0.143836409"
"2026-08-04 11:55:53.227 +07:00","7126.885","HOT_SWEEP_55","55","0.144530669"
"2026-08-04 11:55:53.904 +07:00","7127.565","HOT_SWEEP_55","55","0.143493593"
"2026-08-04 11:55:54.596 +07:00","7128.248","HOT_SWEEP_55","55","0.143794641"
"2026-08-04 11:55:55.277 +07:00","7128.938","HOT_SWEEP_55","55","0.144763678"
"2026-08-04 11:55:55.966 +07:00","7129.626","HOT_SWEEP_55","55","0.143554658"
"2026-08-04 11:55:56.648 +07:00","7130.308","HOT_SWEEP_55","55","0.143753126"
"2026-08-04 11:55:57.317 +07:00","7130.978","HOT_SWEEP_55","55","0.144913584"
"2026-08-04 11:55:58.041 +07:00","7131.701","HOT_SWEEP_55","55","0.143785924"
"2026-08-04 11:55:58.724 +07:00","7132.376","HOT_SWEEP_55","55","0.143437296"
"2026-08-04 11:55:59.415 +07:00","7133.073","HOT_SWEEP_55","55","0.144299522"
"2026-08-04 11:56:00.109 +07:00","7133.764","HOT_SWEEP_55","55","0.143406957"
"2026-08-04 11:56:00.808 +07:00","7134.467","HOT_SWEEP_55","55","0.142876372"
"2026-08-04 11:56:01.491 +07:00","7135.148","HOT_SWEEP_55","55","0.143535674"
"2026-08-04 11:56:02.184 +07:00","7135.841","HOT_SWEEP_55","55","0.143300489"
"2026-08-04 11:56:02.864 +07:00","7136.525","HOT_SWEEP_55","55","0.142598838"
"2026-08-04 11:56:03.560 +07:00","7137.22","HOT_SWEEP_55","55","0.143191054"
"2026-08-04 11:56:04.252 +07:00","7137.912","HOT_SWEEP_55","55","0.143563658"
"2026-08-04 11:56:04.956 +07:00","7138.616","HOT_SWEEP_55","55","0.143093154"
"2026-08-04 11:56:05.650 +07:00","7139.311","HOT_SWEEP_55","55","0.143225431"
"2026-08-04 11:56:06.342 +07:00","7140.002","HOT_SWEEP_55","55","0.143845841"
"2026-08-04 11:56:07.014 +07:00","7140.675","HOT_SWEEP_55","55","0.143434674"
"2026-08-04 11:56:07.705 +07:00","7141.364","HOT_SWEEP_55","55","0.143299192"
"2026-08-04 11:56:08.403 +07:00","7142.061","HOT_SWEEP_55","55","0.144410402"
"2026-08-04 11:56:09.091 +07:00","7142.736","HOT_SWEEP_55","55","0.143900901"
"2026-08-04 11:56:09.771 +07:00","7143.43","HOT_SWEEP_55","55","0.143301278"
"2026-08-04 11:56:10.464 +07:00","7144.125","HOT_SWEEP_55","55","0.144518688"
"2026-08-04 11:56:11.149 +07:00","7144.809","HOT_SWEEP_55","55","0.144029871"
"2026-08-04 11:56:11.853 +07:00","7145.512","HOT_SWEEP_55","55","0.143492296"
"2026-08-04 11:56:12.540 +07:00","7146.197","HOT_SWEEP_55","55","0.144465491"
"2026-08-04 11:56:13.221 +07:00","7146.88","HOT_SWEEP_55","55","0.144801423"
"2026-08-04 11:56:13.900 +07:00","7147.561","HOT_SWEEP_55","55","0.14432925"
"2026-08-04 11:56:14.585 +07:00","7148.244","HOT_SWEEP_55","55","0.144765943"
"2026-08-04 11:56:15.271 +07:00","7148.931","HOT_SWEEP_55","55","0.145683154"
"2026-08-04 11:56:15.959 +07:00","7149.62","HOT_SWEEP_55","55","0.145006269"
"2026-08-04 11:56:16.657 +07:00","7150.315","HOT_SWEEP_55","55","0.145539209"
"2026-08-04 11:56:17.350 +07:00","7151.005","HOT_SWEEP_55","55","0.146279603"
"2026-08-04 11:56:18.038 +07:00","7151.697","HOT_SWEEP_55","55","0.145474583"
"2026-08-04 11:56:18.745 +07:00","7152.395","HOT_SWEEP_55","55","0.145101324"
"2026-08-04 11:56:19.434 +07:00","7153.094","HOT_SWEEP_55","55","0.146015167"
"2026-08-04 11:56:20.118 +07:00","7153.779","HOT_SWEEP_55","55","0.145370871"
"2026-08-04 11:56:20.809 +07:00","7154.47","HOT_SWEEP_55","55","0.14453949"
"2026-08-04 11:56:21.489 +07:00","7155.15","HOT_SWEEP_55","55","0.145261675"
"2026-08-04 11:56:22.173 +07:00","7155.834","HOT_SWEEP_55","55","0.145034701"
"2026-08-04 11:56:22.857 +07:00","7156.518","HOT_SWEEP_55","55","0.144281894"
"2026-08-04 11:56:23.553 +07:00","7157.214","HOT_SWEEP_55","55","0.144888207"
"2026-08-04 11:56:24.230 +07:00","7157.891","HOT_SWEEP_55","55","0.144807443"
"2026-08-04 11:56:24.923 +07:00","7158.581","HOT_SWEEP_55","55","0.143953145"
"2026-08-04 11:56:25.629 +07:00","7159.288","HOT_SWEEP_55","55","0.144445539"
"2026-08-04 11:56:26.309 +07:00","7159.97","HOT_SWEEP_55","55","0.144975394"
"2026-08-04 11:56:26.981 +07:00","7160.643","HOT_SWEEP_55","55","0.144211143"
"2026-08-04 11:56:27.661 +07:00","7161.319","HOT_SWEEP_55","55","0.144198865"
"2026-08-04 11:56:28.351 +07:00","7162","HOT_SWEEP_55","55","0.145259261"
"2026-08-04 11:56:29.031 +07:00","7162.692","HOT_SWEEP_55","55","0.144024163"
"2026-08-04 11:56:29.726 +07:00","7163.375","HOT_SWEEP_55","55","0.143446133"
"2026-08-04 11:56:30.409 +07:00","7164.07","HOT_SWEEP_55","55","0.144400746"
"2026-08-04 11:56:31.092 +07:00","7164.753","HOT_SWEEP_55","55","0.144007057"
"2026-08-04 11:56:31.775 +07:00","7165.436","HOT_SWEEP_55","55","0.143305004"
"2026-08-04 11:56:32.474 +07:00","7166.135","HOT_SWEEP_55","55","0.144420758"
"2026-08-04 11:56:33.157 +07:00","7166.818","HOT_SWEEP_55","55","0.144461393"
"2026-08-04 11:56:33.850 +07:00","7167.51","HOT_SWEEP_55","55","0.143660784"
"2026-08-04 11:56:34.541 +07:00","7168.202","HOT_SWEEP_55","55","0.1445048"
"2026-08-04 11:56:35.233 +07:00","7168.885","HOT_SWEEP_55","55","0.144914359"
"2026-08-04 11:56:35.917 +07:00","7169.568","HOT_SWEEP_55","55","0.144135803"
"2026-08-04 11:56:36.593 +07:00","7170.254","HOT_SWEEP_55","55","0.144583717"
"2026-08-04 11:56:37.257 +07:00","7170.918","HOT_SWEEP_55","55","0.145484477"
"2026-08-04 11:56:37.956 +07:00","7171.617","HOT_SWEEP_55","55","0.144272238"
"2026-08-04 11:56:38.638 +07:00","7172.299","HOT_SWEEP_55","55","0.144449309"
"2026-08-04 11:56:39.353 +07:00","7173.014","HOT_SWEEP_55","55","0.145336464"
"2026-08-04 11:56:40.037 +07:00","7173.698","HOT_SWEEP_55","55","0.144237518"
"2026-08-04 11:56:40.722 +07:00","7174.383","HOT_SWEEP_55","55","0.143637478"
"2026-08-04 11:56:41.413 +07:00","7175.072","HOT_SWEEP_55","55","0.145164534"
"2026-08-04 11:56:42.102 +07:00","7175.763","HOT_SWEEP_55","55","0.144285128"
"2026-08-04 11:56:42.797 +07:00","7176.453","HOT_SWEEP_55","55","0.143695593"
"2026-08-04 11:56:43.486 +07:00","7177.147","HOT_SWEEP_55","55","0.14509429"
"2026-08-04 11:56:44.177 +07:00","7177.837","HOT_SWEEP_55","55","0.144539684"
"2026-08-04 11:56:44.866 +07:00","7178.526","HOT_SWEEP_55","55","0.14411208"
"2026-08-04 11:56:45.549 +07:00","7179.208","HOT_SWEEP_55","55","0.144847319"
"2026-08-04 11:56:46.243 +07:00","7179.904","HOT_SWEEP_55","55","0.145257592"
"2026-08-04 11:56:46.917 +07:00","7180.578","HOT_SWEEP_55","55","0.144918963"
"2026-08-04 11:56:47.602 +07:00","7181.247","HOT_SWEEP_55","55","0.145635396"
"2026-08-04 11:56:48.291 +07:00","7181.95","HOT_SWEEP_55","55","0.145991832"
"2026-08-04 11:56:48.979 +07:00","7182.638","HOT_SWEEP_55","55","0.145420879"
"2026-08-04 11:56:49.664 +07:00","7183.323","HOT_SWEEP_55","55","0.145682171"
"2026-08-04 11:56:50.343 +07:00","7184.003","HOT_SWEEP_55","55","0.146673575"
"2026-08-04 11:56:51.039 +07:00","7184.698","HOT_SWEEP_55","55","0.146017954"
"2026-08-04 11:56:51.732 +07:00","7185.393","HOT_SWEEP_55","55","0.145539418"
"2026-08-04 11:56:52.426 +07:00","7186.083","HOT_SWEEP_55","55","0.146780193"
"2026-08-04 11:56:53.123 +07:00","7186.784","HOT_SWEEP_55","55","0.146045312"
"2026-08-04 11:56:53.810 +07:00","7187.469","HOT_SWEEP_55","55","0.144970879"
"2026-08-04 11:56:54.484 +07:00","7188.145","HOT_SWEEP_55","55","0.146085352"
"2026-08-04 11:56:55.161 +07:00","7188.821","HOT_SWEEP_55","55","0.145939484"
"2026-08-04 11:56:55.846 +07:00","7189.507","HOT_SWEEP_55","55","0.144960687"
"2026-08-04 11:56:56.535 +07:00","7190.196","HOT_SWEEP_55","55","0.146004066"
"2026-08-04 11:56:57.228 +07:00","7190.887","HOT_SWEEP_55","55","0.14603734"
"2026-08-04 11:56:57.912 +07:00","7191.557","HOT_SWEEP_55","55","0.145085678"
"2026-08-04 11:56:58.598 +07:00","7192.259","HOT_SWEEP_55","55","0.146037668"
"2026-08-04 11:56:59.283 +07:00","7192.942","HOT_SWEEP_55","55","0.146732092"
"2026-08-04 11:56:59.975 +07:00","7193.636","HOT_SWEEP_55","55","0.145629376"
"2026-08-04 11:57:00.675 +07:00","7194.334","HOT_SWEEP_55","55","0.145760566"
"2026-08-04 11:57:01.367 +07:00","7195.026","HOT_SWEEP_55","55","0.146740347"
"2026-08-04 11:57:02.050 +07:00","7195.709","HOT_SWEEP_55","55","0.14570412"
"2026-08-04 11:57:02.741 +07:00","7196.401","HOT_SWEEP_55","55","0.145513922"
"2026-08-04 11:57:03.433 +07:00","7197.093","HOT_SWEEP_55","55","0.146209031"
"2026-08-04 11:57:04.111 +07:00","7197.77","HOT_SWEEP_55","55","0.145552874"
"2026-08-04 11:57:04.799 +07:00","7198.46","HOT_SWEEP_55","55","0.145029351"
"2026-08-04 11:57:05.492 +07:00","7199.152","HOT_SWEEP_55","55","0.145433128"
"2026-08-04 11:57:06.184 +07:00","7199.844","HOT_SWEEP_55","55","0.145051956"
"2026-08-04 11:57:06.885 +07:00","7200.546","HOT_SWEEP_55","55","0.144424468"
"2026-08-04 11:57:07.558 +07:00","7201.219","HOT_SWEEP_55","55","0.145459682"
"2026-08-04 11:57:08.257 +07:00","7201.919","HOT_SWEEP_55","55","0.145693123"
"2026-08-04 11:57:08.944 +07:00","7202.601","HOT_SWEEP_55","55","0.144953981"
"2026-08-04 11:57:09.631 +07:00","7203.291","HOT_SWEEP_55","55","0.145302176"
"2026-08-04 11:57:10.322 +07:00","7203.983","HOT_SWEEP_55","55","0.145962909"
"2026-08-04 11:57:10.999 +07:00","7204.66","HOT_SWEEP_55","55","0.145066023"
"2026-08-04 11:57:11.689 +07:00","7205.35","HOT_SWEEP_55","55","0.145111591"
"2026-08-04 11:57:12.374 +07:00","7206.032","HOT_SWEEP_55","55","0.146469116"
"2026-08-04 11:57:13.059 +07:00","7206.72","HOT_SWEEP_55","55","0.145669892"
"2026-08-04 11:57:13.773 +07:00","7207.434","HOT_SWEEP_55","55","0.14551869"
"2026-08-04 11:57:14.454 +07:00","7208.115","HOT_SWEEP_55","55","0.146541402"
"2026-08-04 11:57:15.161 +07:00","7208.807","HOT_SWEEP_55","55","0.145740956"
"2026-08-04 11:57:15.858 +07:00","7209.517","HOT_SWEEP_55","55","0.145198956"
"2026-08-04 11:57:16.540 +07:00","7210.2","HOT_SWEEP_55","55","0.146329746"
"2026-08-04 11:57:17.205 +07:00","7210.866","HOT_SWEEP_55","55","0.146334797"
"2026-08-04 11:57:17.890 +07:00","7211.549","HOT_SWEEP_55","55","0.145732924"
"2026-08-04 11:57:18.581 +07:00","7212.24","HOT_SWEEP_55","55","0.146614149"
"2026-08-04 11:57:19.264 +07:00","7212.925","HOT_SWEEP_55","55","0.146743849"
"2026-08-04 11:57:19.952 +07:00","7213.597","HOT_SWEEP_55","55","0.146208644"
"2026-08-04 11:57:20.653 +07:00","7214.314","HOT_SWEEP_55","55","0.146729514"
"2026-08-04 11:57:21.345 +07:00","7215.004","HOT_SWEEP_55","55","0.147240505"
"2026-08-04 11:57:22.027 +07:00","7215.688","HOT_SWEEP_55","55","0.146621972"
"2026-08-04 11:57:22.720 +07:00","7216.379","HOT_SWEEP_55","55","0.146394089"
"2026-08-04 11:57:23.417 +07:00","7217.075","HOT_SWEEP_55","55","0.147330761"
"2026-08-04 11:57:24.101 +07:00","7217.762","HOT_SWEEP_55","55","0.146744341"
"2026-08-04 11:57:24.806 +07:00","7218.465","HOT_SWEEP_55","55","0.146265864"
"2026-08-04 11:57:25.487 +07:00","7219.146","HOT_SWEEP_55","55","0.147195011"
"2026-08-04 11:57:26.175 +07:00","7219.836","HOT_SWEEP_55","55","0.146613583"
"2026-08-04 11:57:26.869 +07:00","7220.528","HOT_SWEEP_55","55","0.145774692"
"2026-08-04 11:57:27.588 +07:00","7221.247","HOT_SWEEP_55","55","0.146592751"
"2026-08-04 11:57:28.271 +07:00","7221.93","HOT_SWEEP_55","55","0.146953374"
"2026-08-04 11:57:28.965 +07:00","7222.622","HOT_SWEEP_55","55","0.146141961"
"2026-08-04 11:57:29.661 +07:00","7223.317","HOT_SWEEP_55","55","0.146834657"
"2026-08-04 11:57:30.349 +07:00","7224.01","HOT_SWEEP_55","55","0.147171408"
"2026-08-04 11:57:31.029 +07:00","7224.69","HOT_SWEEP_55","55","0.146262854"
"2026-08-04 11:57:31.708 +07:00","7225.367","HOT_SWEEP_55","55","0.146415904"
"2026-08-04 11:57:32.394 +07:00","7226.055","HOT_SWEEP_55","55","0.146965966"
"2026-08-04 11:57:33.071 +07:00","7226.732","HOT_SWEEP_55","55","0.146491766"
"2026-08-04 11:57:33.752 +07:00","7227.413","HOT_SWEEP_55","55","0.14642328"
"2026-08-04 11:57:34.478 +07:00","7228.133","HOT_SWEEP_55","55","0.147167489"
"2026-08-04 11:57:35.159 +07:00","7228.814","HOT_SWEEP_55","55","0.146471709"
"2026-08-04 11:57:35.862 +07:00","7229.519","HOT_SWEEP_55","55","0.146149039"
"2026-08-04 11:57:36.562 +07:00","7230.218","HOT_SWEEP_55","55","0.146892354"
"2026-08-04 11:57:37.260 +07:00","7230.915","HOT_SWEEP_55","55","0.147101805"
"2026-08-04 11:57:37.948 +07:00","7231.605","HOT_SWEEP_55","55","0.14662835"
"2026-08-04 11:57:38.634 +07:00","7232.292","HOT_SWEEP_55","55","0.147365928"
"2026-08-04 11:57:39.324 +07:00","7232.985","HOT_SWEEP_55","55","0.147989005"
"2026-08-04 11:57:40.014 +07:00","7233.663","HOT_SWEEP_55","55","0.147535637"
"2026-08-04 11:57:40.698 +07:00","7234.349","HOT_SWEEP_55","55","0.147845522"
"2026-08-04 11:57:41.401 +07:00","7235.06","HOT_SWEEP_55","55","0.148599148"
"2026-08-04 11:57:42.086 +07:00","7235.747","HOT_SWEEP_55","55","0.14808856"
"2026-08-04 11:57:42.785 +07:00","7236.441","HOT_SWEEP_55","55","0.148098305"
"2026-08-04 11:57:43.472 +07:00","7237.131","HOT_SWEEP_55","55","0.149100751"
"2026-08-04 11:57:44.158 +07:00","7237.819","HOT_SWEEP_55","55","0.148400381"
"2026-08-04 11:57:44.845 +07:00","7238.503","HOT_SWEEP_55","55","0.148148105"
"2026-08-04 11:57:45.538 +07:00","7239.198","HOT_SWEEP_55","55","0.149242878"
"2026-08-04 11:57:46.229 +07:00","7239.888","HOT_SWEEP_55","55","0.148831919"
"2026-08-04 11:57:46.911 +07:00","7240.569","HOT_SWEEP_55","55","0.148365229"
"2026-08-04 11:57:47.597 +07:00","7241.256","HOT_SWEEP_55","55","0.149433434"
"2026-08-04 11:57:48.337 +07:00","7241.968","HOT_SWEEP_55","55","0.149637222"
"2026-08-04 11:57:49.042 +07:00","7242.669","HOT_SWEEP_55","55","0.149332359"
"2026-08-04 11:57:49.720 +07:00","7243.381","HOT_SWEEP_55","55","0.149664342"
"2026-08-04 11:57:50.414 +07:00","7244.06","HOT_SWEEP_55","55","0.150059015"
"2026-08-04 11:57:51.113 +07:00","7244.763","HOT_SWEEP_55","55","0.149844259"
"2026-08-04 11:57:51.815 +07:00","7245.466","HOT_SWEEP_55","55","0.149586394"
"2026-08-04 11:57:52.539 +07:00","7246.165","HOT_SWEEP_55","55","0.149785757"
"2026-08-04 11:57:53.265 +07:00","7246.883","HOT_SWEEP_55","55","0.15017131"
"2026-08-04 11:57:53.966 +07:00","7247.615","HOT_SWEEP_55","55","0.150305882"
"2026-08-04 11:57:54.685 +07:00","7248.327","HOT_SWEEP_55","55","0.15007779"
"2026-08-04 11:57:55.412 +07:00","7249.063","HOT_SWEEP_55","55","0.149974108"
"2026-08-04 11:57:56.099 +07:00","7249.76","HOT_SWEEP_55","55","0.150276348"
"2026-08-04 11:57:56.811 +07:00","7250.456","HOT_SWEEP_55","55","0.150201783"
"2026-08-04 11:57:57.501 +07:00","7251.162","HOT_SWEEP_55","55","0.149551138"
"2026-08-04 11:57:58.218 +07:00","7251.863","HOT_SWEEP_55","55","0.150058225"
"2026-08-04 11:57:58.947 +07:00","7252.583","HOT_SWEEP_55","55","0.150449857"
"2026-08-04 11:57:59.643 +07:00","7253.289","HOT_SWEEP_55","55","0.14947778"
"2026-08-04 11:58:00.347 +07:00","7253.993","HOT_SWEEP_55","55","0.149673298"
"2026-08-04 11:58:01.042 +07:00","7254.687","HOT_SWEEP_55","55","0.150079101"
"2026-08-04 11:58:01.742 +07:00","7255.391","HOT_SWEEP_55","55","0.149203077"
"2026-08-04 11:58:02.446 +07:00","7256.107","HOT_SWEEP_55","55","0.149002582"
"2026-08-04 11:58:03.154 +07:00","7256.788","HOT_SWEEP_55","55","0.14935258"
"2026-08-04 11:58:03.851 +07:00","7257.496","HOT_SWEEP_55","55","0.149113864"
"2026-08-04 11:58:04.547 +07:00","7258.192","HOT_SWEEP_55","55","0.148928702"
"2026-08-04 11:58:05.242 +07:00","7258.888","HOT_SWEEP_55","55","0.149208337"
"2026-08-04 11:58:05.933 +07:00","7259.594","HOT_SWEEP_55","55","0.149546385"
"2026-08-04 11:58:06.631 +07:00","7260.278","HOT_SWEEP_55","55","0.149745151"
"2026-08-04 11:58:07.337 +07:00","7260.971","HOT_SWEEP_55","55","0.149753675"
"2026-08-04 11:58:08.039 +07:00","7261.672","HOT_SWEEP_55","55","0.14982371"
"2026-08-04 11:58:08.753 +07:00","7262.388","HOT_SWEEP_55","55","0.150232464"
"2026-08-04 11:58:09.505 +07:00","7263.151","HOT_SWEEP_55","55","0.150276929"
"2026-08-04 11:58:10.212 +07:00","7263.858","HOT_SWEEP_55","55","0.150777057"
"2026-08-04 11:58:10.910 +07:00","7264.553","HOT_SWEEP_55","55","0.150988489"
"2026-08-04 11:58:11.616 +07:00","7265.254","HOT_SWEEP_55","55","0.150837734"
"2026-08-04 11:58:12.309 +07:00","7265.955","HOT_SWEEP_55","55","0.151312903"
"2026-08-04 11:58:13.008 +07:00","7266.641","HOT_SWEEP_55","55","0.151412636"
"2026-08-04 11:58:13.705 +07:00","7267.351","HOT_SWEEP_55","55","0.151027799"
"2026-08-04 11:58:14.416 +07:00","7268.058","HOT_SWEEP_55","55","0.150827706"
"2026-08-04 11:58:15.099 +07:00","7268.744","HOT_SWEEP_55","55","0.151301056"
"2026-08-04 11:58:15.855 +07:00","7269.457","HOT_SWEEP_55","55","0.15115428"
"2026-08-04 11:58:16.620 +07:00","7270.268","HOT_SWEEP_55","55","0.150598615"
"2026-08-04 11:58:17.321 +07:00","7270.959","HOT_SWEEP_55","55","0.150831342"
"2026-08-04 11:58:18.007 +07:00","7271.652","HOT_SWEEP_55","55","0.151547223"
"2026-08-04 11:58:18.696 +07:00","7272.341","HOT_SWEEP_55","55","0.150367051"
"2026-08-04 11:58:19.398 +07:00","7273.045","HOT_SWEEP_55","55","0.150232404"
"2026-08-04 11:58:20.088 +07:00","7273.734","HOT_SWEEP_55","55","0.150860116"
"2026-08-04 11:58:20.790 +07:00","7274.428","HOT_SWEEP_55","55","0.150373086"
"2026-08-04 11:58:21.502 +07:00","7275.128","HOT_SWEEP_55","55","0.150414735"
"2026-08-04 11:58:22.213 +07:00","7275.857","HOT_SWEEP_55","55","0.151164189"
"2026-08-04 11:58:22.912 +07:00","7276.551","HOT_SWEEP_55","55","0.151217282"
"2026-08-04 11:58:23.630 +07:00","7277.275","HOT_SWEEP_55","55","0.150895864"
"2026-08-04 11:58:24.354 +07:00","7277.966","HOT_SWEEP_55","55","0.151233852"
"2026-08-04 11:58:25.046 +07:00","7278.697","HOT_SWEEP_55","55","0.151611537"
"2026-08-04 11:58:25.746 +07:00","7279.375","HOT_SWEEP_55","55","0.151688188"
"2026-08-04 11:58:26.448 +07:00","7280.082","HOT_SWEEP_55","55","0.151778489"
"2026-08-04 11:58:27.151 +07:00","7280.794","HOT_SWEEP_55","55","0.152351767"
"2026-08-04 11:58:27.852 +07:00","7281.499","HOT_SWEEP_55","55","0.152254626"
"2026-08-04 11:58:28.556 +07:00","7282.199","HOT_SWEEP_55","55","0.15141578"
"2026-08-04 11:58:29.259 +07:00","7282.897","HOT_SWEEP_55","55","0.151720315"
"2026-08-04 11:58:29.967 +07:00","7283.611","HOT_SWEEP_55","55","0.152162105"
"2026-08-04 11:58:30.679 +07:00","7284.328","HOT_SWEEP_55","55","0.151806951"
"2026-08-04 11:58:31.366 +07:00","7285.027","HOT_SWEEP_55","55","0.151949406"
"2026-08-04 11:58:32.060 +07:00","7285.712","HOT_SWEEP_55","55","0.151989311"
"2026-08-04 11:58:32.759 +07:00","7286.404","HOT_SWEEP_55","55","0.152155071"
"2026-08-04 11:58:33.463 +07:00","7287.099","HOT_SWEEP_55","55","0.151978344"
"2026-08-04 11:58:34.171 +07:00","7287.811","HOT_SWEEP_55","55","0.151822984"
"2026-08-04 11:58:34.854 +07:00","7288.5","HOT_SWEEP_55","55","0.151904702"
"2026-08-04 11:58:35.553 +07:00","7289.196","HOT_SWEEP_55","55","0.151927829"
"2026-08-04 11:58:36.255 +07:00","7289.905","HOT_SWEEP_55","55","0.151925057"
"2026-08-04 11:58:36.953 +07:00","7290.6","HOT_SWEEP_55","55","0.151718497"
"2026-08-04 11:58:37.677 +07:00","7291.326","HOT_SWEEP_55","55","0.151454419"
"2026-08-04 11:58:38.370 +07:00","7292.007","HOT_SWEEP_55","55","0.151284099"
"2026-08-04 11:58:39.069 +07:00","7292.721","HOT_SWEEP_55","55","0.151207238"
"2026-08-04 11:58:39.772 +07:00","7293.42","HOT_SWEEP_55","55","0.151039049"
"2026-08-04 11:58:40.463 +07:00","7294.115","HOT_SWEEP_55","55","0.150864631"
"2026-08-04 11:58:41.164 +07:00","7294.806","HOT_SWEEP_55","55","0.150884479"
"2026-08-04 11:58:41.882 +07:00","7295.526","HOT_SWEEP_55","55","0.151043713"
"2026-08-04 11:58:42.577 +07:00","7296.226","HOT_SWEEP_55","55","0.151254669"
"2026-08-04 11:58:43.295 +07:00","7296.936","HOT_SWEEP_55","55","0.151061028"
"2026-08-04 11:58:43.992 +07:00","7297.643","HOT_SWEEP_55","55","0.151580349"
"2026-08-04 11:58:44.724 +07:00","7298.374","HOT_SWEEP_55","55","0.151716724"
"2026-08-04 11:58:45.428 +07:00","7299.076","HOT_SWEEP_55","55","0.151954338"
"2026-08-04 11:58:46.128 +07:00","7299.776","HOT_SWEEP_55","55","0.152703032"
"2026-08-04 11:58:46.828 +07:00","7300.474","HOT_SWEEP_55","55","0.152449906"
"2026-08-04 11:58:47.543 +07:00","7301.19","HOT_SWEEP_55","55","0.152408704"
"2026-08-04 11:58:48.243 +07:00","7301.889","HOT_SWEEP_55","55","0.152968526"
"2026-08-04 11:58:48.940 +07:00","7302.59","HOT_SWEEP_55","55","0.153010398"
"2026-08-04 11:58:49.645 +07:00","7303.291","HOT_SWEEP_55","55","0.152428716"
"2026-08-04 11:58:50.344 +07:00","7303.99","HOT_SWEEP_55","55","0.152898595"
"2026-08-04 11:58:51.055 +07:00","7304.705","HOT_SWEEP_55","55","0.152804568"
"2026-08-04 11:58:51.793 +07:00","7305.439","HOT_SWEEP_55","55","0.152159244"
"2026-08-04 11:58:52.491 +07:00","7306.137","HOT_SWEEP_55","55","0.151445344"
"2026-08-04 11:58:53.185 +07:00","7306.834","HOT_SWEEP_55","55","0.15131852"
"2026-08-04 11:58:53.891 +07:00","7307.54","HOT_SWEEP_55","55","0.151353523"
"2026-08-04 11:58:54.602 +07:00","7308.253","HOT_SWEEP_55","55","0.150460288"
"2026-08-04 11:58:55.306 +07:00","7308.953","HOT_SWEEP_55","55","0.150677249"
"2026-08-04 11:58:56.007 +07:00","7309.653","HOT_SWEEP_55","55","0.150955096"
"2026-08-04 11:58:56.711 +07:00","7310.354","HOT_SWEEP_55","55","0.150432676"
"2026-08-04 11:58:57.413 +07:00","7311.052","HOT_SWEEP_55","55","0.150739729"
"2026-08-04 11:58:58.122 +07:00","7311.769","HOT_SWEEP_55","55","0.151253626"
"2026-08-04 11:58:58.853 +07:00","7312.502","HOT_SWEEP_55","55","0.150883123"
"2026-08-04 11:58:59.567 +07:00","7313.201","HOT_SWEEP_55","55","0.151036054"
"2026-08-04 11:59:00.266 +07:00","7313.917","HOT_SWEEP_55","55","0.151454568"
"2026-08-04 11:59:00.972 +07:00","7314.617","HOT_SWEEP_55","55","0.151600197"
"2026-08-04 11:59:01.667 +07:00","7315.316","HOT_SWEEP_55","55","0.151590556"
"2026-08-04 11:59:02.369 +07:00","7316.016","HOT_SWEEP_55","55","0.152202576"
"2026-08-04 11:59:03.065 +07:00","7316.714","HOT_SWEEP_55","55","0.15287587"
"2026-08-04 11:59:03.778 +07:00","7317.419","HOT_SWEEP_55","55","0.152701974"
"2026-08-04 11:59:04.487 +07:00","7318.134","HOT_SWEEP_55","55","0.152519211"
"2026-08-04 11:59:05.200 +07:00","7318.847","HOT_SWEEP_55","55","0.153138906"
"2026-08-04 11:59:05.930 +07:00","7319.58","HOT_SWEEP_55","55","0.153141662"
"2026-08-04 11:59:06.630 +07:00","7320.28","HOT_SWEEP_55","55","0.152333319"
"2026-08-04 11:59:07.336 +07:00","7320.981","HOT_SWEEP_55","55","0.152825847"
"2026-08-04 11:59:08.029 +07:00","7321.679","HOT_SWEEP_55","55","0.153457016"
"2026-08-04 11:59:08.727 +07:00","7322.379","HOT_SWEEP_55","55","0.152793899"
"2026-08-04 11:59:09.435 +07:00","7323.08","HOT_SWEEP_55","55","0.152502507"
"2026-08-04 11:59:10.115 +07:00","7323.776","HOT_SWEEP_55","55","0.152626708"
"2026-08-04 11:59:10.834 +07:00","7324.47","HOT_SWEEP_55","55","0.152192324"
"2026-08-04 11:59:11.542 +07:00","7325.187","HOT_SWEEP_55","55","0.151629657"
"2026-08-04 11:59:12.241 +07:00","7325.89","HOT_SWEEP_55","55","0.152005464"
"2026-08-04 11:59:12.961 +07:00","7326.609","HOT_SWEEP_55","55","0.152239859"
"2026-08-04 11:59:13.663 +07:00","7327.311","HOT_SWEEP_55","55","0.151946202"
"2026-08-04 11:59:14.358 +07:00","7328.009","HOT_SWEEP_55","55","0.152249426"
"2026-08-04 11:59:15.063 +07:00","7328.711","HOT_SWEEP_55","55","0.152252525"
"2026-08-04 11:59:15.782 +07:00","7329.426","HOT_SWEEP_55","55","0.152020574"
"2026-08-04 11:59:16.492 +07:00","7330.142","HOT_SWEEP_55","55","0.15194194"
"2026-08-04 11:59:17.193 +07:00","7330.842","HOT_SWEEP_55","55","0.15231894"
"2026-08-04 11:59:17.892 +07:00","7331.542","HOT_SWEEP_55","55","0.15219295"
"2026-08-04 11:59:18.595 +07:00","7332.241","HOT_SWEEP_55","55","0.152054876"
"2026-08-04 11:59:19.295 +07:00","7332.941","HOT_SWEEP_55","55","0.152180612"
"2026-08-04 11:59:20.023 +07:00","7333.674","HOT_SWEEP_55","55","0.152509362"
"2026-08-04 11:59:20.725 +07:00","7334.374","HOT_SWEEP_55","55","0.152353346"
"2026-08-04 11:59:21.428 +07:00","7335.074","HOT_SWEEP_55","55","0.152360827"
"2026-08-04 11:59:22.132 +07:00","7335.773","HOT_SWEEP_55","55","0.152995527"
"2026-08-04 11:59:22.841 +07:00","7336.487","HOT_SWEEP_55","55","0.152675763"
"2026-08-04 11:59:23.541 +07:00","7337.19","HOT_SWEEP_55","55","0.152566135"
"2026-08-04 11:59:24.240 +07:00","7337.889","HOT_SWEEP_55","55","0.153172284"
"2026-08-04 11:59:24.936 +07:00","7338.587","HOT_SWEEP_55","55","0.153294057"
"2026-08-04 11:59:25.639 +07:00","7339.291","HOT_SWEEP_55","55","0.15295282"
"2026-08-04 11:59:26.339 +07:00","7339.986","HOT_SWEEP_55","55","0.153127998"
"2026-08-04 11:59:27.073 +07:00","7340.72","HOT_SWEEP_55","55","0.152932867"
"2026-08-04 11:59:27.774 +07:00","7341.421","HOT_SWEEP_55","55","0.152459964"
"2026-08-04 11:59:28.468 +07:00","7342.118","HOT_SWEEP_55","55","0.152110904"
"2026-08-04 11:59:29.168 +07:00","7342.82","HOT_SWEEP_55","55","0.152176827"
"2026-08-04 11:59:29.875 +07:00","7343.52","HOT_SWEEP_55","55","0.152012065"
"2026-08-04 11:59:30.588 +07:00","7344.236","HOT_SWEEP_55","55","0.15156956"
"2026-08-04 11:59:31.287 +07:00","7344.935","HOT_SWEEP_55","55","0.151520699"
"2026-08-04 11:59:31.984 +07:00","7345.634","HOT_SWEEP_55","55","0.151647776"
"2026-08-04 11:59:32.687 +07:00","7346.334","HOT_SWEEP_55","55","0.150865316"
"2026-08-04 11:59:33.386 +07:00","7347.033","HOT_SWEEP_55","55","0.150890827"
"2026-08-04 11:59:34.122 +07:00","7347.768","HOT_SWEEP_55","55","0.151509538"
"2026-08-04 11:59:34.838 +07:00","7348.468","HOT_SWEEP_55","55","0.150877744"
"2026-08-04 11:59:35.531 +07:00","7349.182","HOT_SWEEP_55","55","0.150596619"
"2026-08-04 11:59:36.236 +07:00","7349.883","HOT_SWEEP_55","55","0.15070504"
"2026-08-04 11:59:36.932 +07:00","7350.583","HOT_SWEEP_55","55","0.150789589"
"2026-08-04 11:59:37.638 +07:00","7351.282","HOT_SWEEP_55","55","0.150502294"
"2026-08-04 11:59:38.337 +07:00","7351.981","HOT_SWEEP_55","55","0.150786579"
"2026-08-04 11:59:39.033 +07:00","7352.681","HOT_SWEEP_55","55","0.151261121"
"2026-08-04 11:59:39.734 +07:00","7353.381","HOT_SWEEP_55","55","0.151293546"
"2026-08-04 11:59:40.431 +07:00","7354.081","HOT_SWEEP_55","55","0.151379183"
"2026-08-04 11:59:41.148 +07:00","7354.797","HOT_SWEEP_55","55","0.151537821"
"2026-08-04 11:59:41.851 +07:00","7355.498","HOT_SWEEP_55","55","0.151765972"
"2026-08-04 11:59:42.550 +07:00","7356.198","HOT_SWEEP_55","55","0.151997671"
"2026-08-04 11:59:43.249 +07:00","7356.896","HOT_SWEEP_55","55","0.152290985"
"2026-08-04 11:59:43.946 +07:00","7357.595","HOT_SWEEP_55","55","0.152533799"
"2026-08-04 11:59:44.647 +07:00","7358.295","HOT_SWEEP_55","55","0.15259321"
"2026-08-04 11:59:45.352 +07:00","7358.994","HOT_SWEEP_55","55","0.152737811"
"2026-08-04 11:59:46.046 +07:00","7359.695","HOT_SWEEP_55","55","0.152415842"
"2026-08-04 11:59:46.770 +07:00","7360.395","HOT_SWEEP_55","55","0.152479544"
"2026-08-04 11:59:47.500 +07:00","7361.131","HOT_SWEEP_55","55","0.152436525"
"2026-08-04 11:59:48.261 +07:00","7361.91","HOT_SWEEP_55","55","0.152679279"
"2026-08-04 11:59:48.956 +07:00","7362.608","HOT_SWEEP_55","55","0.152707785"
"2026-08-04 11:59:49.660 +07:00","7363.312","HOT_SWEEP_55","55","0.151796594"
"2026-08-04 11:59:50.357 +07:00","7364.006","HOT_SWEEP_55","55","0.152464122"
"2026-08-04 11:59:51.061 +07:00","7364.708","HOT_SWEEP_55","55","0.152716681"
"2026-08-04 11:59:51.760 +07:00","7365.409","HOT_SWEEP_55","55","0.151432261"
"2026-08-04 11:59:52.461 +07:00","7366.108","HOT_SWEEP_55","55","0.151594549"
"2026-08-04 11:59:53.167 +07:00","7366.803","HOT_SWEEP_55","55","0.152374014"
"2026-08-04 11:59:53.860 +07:00","7367.509","HOT_SWEEP_55","55","0.151466578"
"2026-08-04 11:59:54.562 +07:00","7368.209","HOT_SWEEP_55","55","0.151128173"
"2026-08-04 11:59:55.297 +07:00","7368.945","HOT_SWEEP_55","55","0.151617974"
"2026-08-04 11:59:56.000 +07:00","7369.641","HOT_SWEEP_55","55","0.15191108"
"2026-08-04 11:59:56.692 +07:00","7370.34","HOT_SWEEP_55","55","0.15178974"
"2026-08-04 11:59:57.401 +07:00","7371.04","HOT_SWEEP_55","55","0.152080134"
"2026-08-04 11:59:58.109 +07:00","7371.756","HOT_SWEEP_55","55","0.152580202"
"2026-08-04 11:59:58.813 +07:00","7372.454","HOT_SWEEP_55","55","0.152426451"
"2026-08-04 11:59:59.523 +07:00","7373.172","HOT_SWEEP_55","55","0.152410775"
"2026-08-04 12:00:00.223 +07:00","7373.872","HOT_SWEEP_55","55","0.153073028"
"2026-08-04 12:00:00.918 +07:00","7374.57","HOT_SWEEP_55","55","0.153006822"
"2026-08-04 12:00:01.621 +07:00","7375.271","HOT_SWEEP_55","55","0.152740523"
"2026-08-04 12:00:02.355 +07:00","7376.004","HOT_SWEEP_55","55","0.153615117"
"2026-08-04 12:00:03.061 +07:00","7376.704","HOT_SWEEP_55","55","0.153712243"
"2026-08-04 12:00:03.754 +07:00","7377.403","HOT_SWEEP_55","55","0.153415158"
"2026-08-04 12:00:04.453 +07:00","7378.103","HOT_SWEEP_55","55","0.153411269"
"2026-08-04 12:00:05.154 +07:00","7378.801","HOT_SWEEP_55","55","0.153525829"
"2026-08-04 12:00:05.871 +07:00","7379.503","HOT_SWEEP_55","55","0.153575704"
"2026-08-04 12:00:06.580 +07:00","7380.221","HOT_SWEEP_55","55","0.153224021"
"2026-08-04 12:00:07.296 +07:00","7380.932","HOT_SWEEP_55","55","0.153165013"
"2026-08-04 12:00:07.988 +07:00","7381.633","HOT_SWEEP_55","55","0.153619468"
"2026-08-04 12:00:08.686 +07:00","7382.333","HOT_SWEEP_55","55","0.152987316"
"2026-08-04 12:00:09.463 +07:00","7383.058","HOT_SWEEP_55","55","0.153186411"
"2026-08-04 12:00:10.155 +07:00","7383.807","HOT_SWEEP_55","55","0.153760284"
"2026-08-04 12:00:10.862 +07:00","7384.506","HOT_SWEEP_55","55","0.152940184"
"2026-08-04 12:00:11.560 +07:00","7385.209","HOT_SWEEP_55","55","0.152734563"
"2026-08-04 12:00:12.260 +07:00","7385.905","HOT_SWEEP_55","55","0.153514534"
"2026-08-04 12:00:12.984 +07:00","7386.609","HOT_SWEEP_55","55","0.153424382"
"2026-08-04 12:00:13.703 +07:00","7387.346","HOT_SWEEP_55","55","0.152911469"
"2026-08-04 12:00:14.435 +07:00","7388.063","HOT_SWEEP_55","55","0.153896555"
"2026-08-04 12:00:15.146 +07:00","7388.782","HOT_SWEEP_55","55","0.154728293"
"2026-08-04 12:00:15.865 +07:00","7389.505","HOT_SWEEP_55","55","0.153806075"
"2026-08-04 12:00:16.611 +07:00","7390.247","HOT_SWEEP_55","55","0.153443232"
"2026-08-04 12:00:17.351 +07:00","7390.965","HOT_SWEEP_55","55","0.154621124"
"2026-08-04 12:00:18.061 +07:00","7391.708","HOT_SWEEP_55","55","0.155026302"
"2026-08-04 12:00:18.795 +07:00","7392.415","HOT_SWEEP_55","55","0.153656065"
"2026-08-04 12:00:19.505 +07:00","7393.149","HOT_SWEEP_55","55","0.154664844"
"2026-08-04 12:00:20.249 +07:00","7393.864","HOT_SWEEP_55","55","0.156093493"
"2026-08-04 12:00:20.950 +07:00","7394.596","HOT_SWEEP_55","55","0.154488415"
"2026-08-04 12:00:21.648 +07:00","7395.294","HOT_SWEEP_55","55","0.153658211"
"2026-08-04 12:00:22.365 +07:00","7396.002","HOT_SWEEP_55","55","0.154971078"
"2026-08-04 12:00:23.070 +07:00","7396.713","HOT_SWEEP_55","55","0.155200213"
"2026-08-04 12:00:23.802 +07:00","7397.444","HOT_SWEEP_55","55","0.153484002"
"2026-08-04 12:00:24.516 +07:00","7398.16","HOT_SWEEP_55","55","0.154171199"
"2026-08-04 12:00:25.212 +07:00","7398.857","HOT_SWEEP_55","55","0.155240133"
"2026-08-04 12:00:25.912 +07:00","7399.559","HOT_SWEEP_55","55","0.154389158"
"2026-08-04 12:00:26.616 +07:00","7400.26","HOT_SWEEP_55","55","0.15373145"
"2026-08-04 12:00:27.311 +07:00","7400.958","HOT_SWEEP_55","55","0.154400229"
"2026-08-04 12:00:28.025 +07:00","7401.675","HOT_SWEEP_55","55","0.154835626"
"2026-08-04 12:00:28.731 +07:00","7402.377","HOT_SWEEP_55","55","0.154392213"
"2026-08-04 12:00:29.425 +07:00","7403.074","HOT_SWEEP_55","55","0.154727221"
"2026-08-04 12:00:30.130 +07:00","7403.773","HOT_SWEEP_55","55","0.155199647"
"2026-08-04 12:00:30.876 +07:00","7404.523","HOT_SWEEP_55","55","0.155062512"
"2026-08-04 12:00:31.586 +07:00","7405.223","HOT_SWEEP_55","55","0.154681593"
"2026-08-04 12:00:32.297 +07:00","7405.942","HOT_SWEEP_55","55","0.154965907"
"2026-08-04 12:00:33.015 +07:00","7406.656","HOT_SWEEP_55","55","0.155000925"
"2026-08-04 12:00:33.718 +07:00","7407.357","HOT_SWEEP_55","55","0.15429911"
"2026-08-04 12:00:34.426 +07:00","7408.071","HOT_SWEEP_55","55","0.154927254"
"2026-08-04 12:00:35.125 +07:00","7408.772","HOT_SWEEP_55","55","0.15530695"
"2026-08-04 12:00:35.826 +07:00","7409.473","HOT_SWEEP_55","55","0.1545064"
"2026-08-04 12:00:36.546 +07:00","7410.172","HOT_SWEEP_55","55","0.154369563"
"2026-08-04 12:00:37.241 +07:00","7410.887","HOT_SWEEP_55","55","0.154931396"
"2026-08-04 12:00:37.958 +07:00","7411.604","HOT_SWEEP_55","55","0.154386088"
"2026-08-04 12:00:38.652 +07:00","7412.301","HOT_SWEEP_55","55","0.153347522"
"2026-08-04 12:00:39.358 +07:00","7413.002","HOT_SWEEP_55","55","0.153738841"
"2026-08-04 12:00:40.056 +07:00","7413.702","HOT_SWEEP_55","55","0.154021725"
"2026-08-04 12:00:40.760 +07:00","7414.404","HOT_SWEEP_55","55","0.153711721"
"2026-08-04 12:00:41.458 +07:00","7415.1","HOT_SWEEP_55","55","0.153778762"
"2026-08-04 12:00:42.171 +07:00","7415.817","HOT_SWEEP_55","55","0.154013008"
"2026-08-04 12:00:42.886 +07:00","7416.532","HOT_SWEEP_55","55","0.153474852"
"2026-08-04 12:00:43.588 +07:00","7417.234","HOT_SWEEP_55","55","0.153320685"
"2026-08-04 12:00:44.289 +07:00","7417.933","HOT_SWEEP_55","55","0.153767496"
"2026-08-04 12:00:45.031 +07:00","7418.651","HOT_SWEEP_55","55","0.153931245"
"2026-08-04 12:00:45.744 +07:00","7419.385","HOT_SWEEP_55","55","0.154153615"
"2026-08-04 12:00:46.451 +07:00","7420.084","HOT_SWEEP_55","55","0.154744506"
"2026-08-04 12:00:47.150 +07:00","7420.8","HOT_SWEEP_55","55","0.155441687"
"2026-08-04 12:00:47.853 +07:00","7421.498","HOT_SWEEP_55","55","0.154837623"
"2026-08-04 12:00:48.549 +07:00","7422.198","HOT_SWEEP_55","55","0.154694766"
"2026-08-04 12:00:49.250 +07:00","7422.897","HOT_SWEEP_55","55","0.155543596"
"2026-08-04 12:00:49.953 +07:00","7423.597","HOT_SWEEP_55","55","0.155670866"
"2026-08-04 12:00:50.653 +07:00","7424.298","HOT_SWEEP_55","55","0.155514687"
"2026-08-04 12:00:51.354 +07:00","7424.995","HOT_SWEEP_55","55","0.156086758"
"2026-08-04 12:00:52.082 +07:00","7425.73","HOT_SWEEP_55","55","0.156541631"
"2026-08-04 12:00:52.795 +07:00","7426.431","HOT_SWEEP_55","55","0.156064361"
"2026-08-04 12:00:53.501 +07:00","7427.146","HOT_SWEEP_55","55","0.15642333"
"2026-08-04 12:00:54.202 +07:00","7427.849","HOT_SWEEP_55","55","0.156520247"
"2026-08-04 12:00:54.894 +07:00","7428.541","HOT_SWEEP_55","55","0.156327695"
"2026-08-04 12:00:55.606 +07:00","7429.253","HOT_SWEEP_55","55","0.155985773"
"2026-08-04 12:00:56.298 +07:00","7429.945","HOT_SWEEP_55","55","0.156102255"
"2026-08-04 12:00:57.009 +07:00","7430.654","HOT_SWEEP_55","55","0.156224102"
"2026-08-04 12:00:57.709 +07:00","7431.357","HOT_SWEEP_55","55","0.155469507"
"2026-08-04 12:00:58.420 +07:00","7432.063","HOT_SWEEP_55","55","0.155941039"
"2026-08-04 12:00:59.152 +07:00","7432.794","HOT_SWEEP_55","55","0.15605168"
"2026-08-04 12:00:59.853 +07:00","7433.494","HOT_SWEEP_55","55","0.155335188"
"2026-08-04 12:01:00.563 +07:00","7434.209","HOT_SWEEP_55","55","0.155078799"
"2026-08-04 12:01:01.265 +07:00","7434.908","HOT_SWEEP_55","55","0.155657023"
"2026-08-04 12:01:01.955 +07:00","7435.599","HOT_SWEEP_55","55","0.15565677"
"2026-08-04 12:01:02.669 +07:00","7436.305","HOT_SWEEP_55","55","0.155482084"
"2026-08-04 12:01:03.359 +07:00","7437.004","HOT_SWEEP_55","55","0.155744314"
"2026-08-04 12:01:04.050 +07:00","7437.695","HOT_SWEEP_55","55","0.156203628"
"2026-08-04 12:01:04.746 +07:00","7438.391","HOT_SWEEP_55","55","0.156153455"
"2026-08-04 12:01:05.447 +07:00","7439.097","HOT_SWEEP_55","55","0.156097442"
"2026-08-04 12:01:06.178 +07:00","7439.828","HOT_SWEEP_55","55","0.156565145"
"2026-08-04 12:01:06.876 +07:00","7440.527","HOT_SWEEP_55","55","0.1565651"
"2026-08-04 12:01:07.570 +07:00","7441.223","HOT_SWEEP_55","55","0.156399608"
"2026-08-04 12:01:08.265 +07:00","7441.91","HOT_SWEEP_55","55","0.156778947"
"2026-08-04 12:01:08.953 +07:00","7442.605","HOT_SWEEP_55","55","0.156713277"
"2026-08-04 12:01:09.657 +07:00","7443.299","HOT_SWEEP_55","55","0.156766668"
"2026-08-04 12:01:10.354 +07:00","7444.004","HOT_SWEEP_55","55","0.157190412"
"2026-08-04 12:01:11.049 +07:00","7444.696","HOT_SWEEP_55","55","0.157076061"
"2026-08-04 12:01:11.741 +07:00","7445.395","HOT_SWEEP_55","55","0.157214433"
"2026-08-04 12:01:12.446 +07:00","7446.089","HOT_SWEEP_55","55","0.157395869"
"2026-08-04 12:01:13.175 +07:00","7446.821","HOT_SWEEP_55","55","0.157404363"
"2026-08-04 12:01:13.922 +07:00","7447.538","HOT_SWEEP_55","55","0.157709554"
"2026-08-04 12:01:14.629 +07:00","7448.282","HOT_SWEEP_55","55","0.157589316"
"2026-08-04 12:01:15.335 +07:00","7448.977","HOT_SWEEP_55","55","0.157671228"
"2026-08-04 12:01:16.043 +07:00","7449.686","HOT_SWEEP_55","55","0.157991543"
"2026-08-04 12:01:16.735 +07:00","7450.385","HOT_SWEEP_55","55","0.157282323"
"2026-08-04 12:01:17.418 +07:00","7451.07","HOT_SWEEP_55","55","0.157608539"
"2026-08-04 12:01:18.137 +07:00","7451.786","HOT_SWEEP_55","55","0.157809407"
"2026-08-04 12:01:18.848 +07:00","7452.486","HOT_SWEEP_55","55","0.157022759"
"2026-08-04 12:01:19.549 +07:00","7453.193","HOT_SWEEP_55","55","0.156866983"
"2026-08-04 12:01:20.284 +07:00","7453.915","HOT_SWEEP_55","55","0.157481521"
"2026-08-04 12:01:20.987 +07:00","7454.628","HOT_SWEEP_55","55","0.157362714"
"2026-08-04 12:01:21.721 +07:00","7455.347","HOT_SWEEP_55","55","0.156922415"
"2026-08-04 12:01:22.451 +07:00","7456.083","HOT_SWEEP_55","55","0.157270491"
"2026-08-04 12:01:23.145 +07:00","7456.791","HOT_SWEEP_55","55","0.157905012"
"2026-08-04 12:01:23.847 +07:00","7457.496","HOT_SWEEP_55","55","0.157313198"
"2026-08-04 12:01:24.553 +07:00","7458.202","HOT_SWEEP_55","55","0.157250196"
"2026-08-04 12:01:25.247 +07:00","7458.897","HOT_SWEEP_55","55","0.15828976"
"2026-08-04 12:01:25.945 +07:00","7459.596","HOT_SWEEP_55","55","0.157876536"
"2026-08-04 12:01:26.650 +07:00","7460.298","HOT_SWEEP_55","55","0.157337829"
"2026-08-04 12:01:27.378 +07:00","7461.028","HOT_SWEEP_55","55","0.158197746"
"2026-08-04 12:01:28.087 +07:00","7461.73","HOT_SWEEP_55","55","0.158357427"
"2026-08-04 12:01:28.776 +07:00","7462.428","HOT_SWEEP_55","55","0.157643706"
"2026-08-04 12:01:29.481 +07:00","7463.127","HOT_SWEEP_55","55","0.158263087"
"2026-08-04 12:01:30.190 +07:00","7463.827","HOT_SWEEP_55","55","0.158517852"
"2026-08-04 12:01:30.917 +07:00","7464.546","HOT_SWEEP_55","55","0.158275545"
"2026-08-04 12:01:31.611 +07:00","7465.26","HOT_SWEEP_55","55","0.157961354"
"2026-08-04 12:01:32.320 +07:00","7465.961","HOT_SWEEP_55","55","0.158209428"
"2026-08-04 12:01:33.027 +07:00","7466.676","HOT_SWEEP_55","55","0.158171445"
"2026-08-04 12:01:33.725 +07:00","7467.376","HOT_SWEEP_55","55","0.157393783"
"2026-08-04 12:01:34.439 +07:00","7468.092","HOT_SWEEP_55","55","0.157591298"
"2026-08-04 12:01:35.143 +07:00","7468.79","HOT_SWEEP_55","55","0.15788725"
"2026-08-04 12:01:35.839 +07:00","7469.491","HOT_SWEEP_55","55","0.157134429"
"2026-08-04 12:01:36.550 +07:00","7470.192","HOT_SWEEP_55","55","0.156952903"
"2026-08-04 12:01:37.269 +07:00","7470.91","HOT_SWEEP_55","55","0.157350555"
"2026-08-04 12:01:37.973 +07:00","7471.623","HOT_SWEEP_55","55","0.157035887"
"2026-08-04 12:01:38.674 +07:00","7472.323","HOT_SWEEP_55","55","0.156613737"
"2026-08-04 12:01:39.375 +07:00","7473.023","HOT_SWEEP_55","55","0.157141402"
"2026-08-04 12:01:40.075 +07:00","7473.725","HOT_SWEEP_55","55","0.157425866"
"2026-08-04 12:01:40.790 +07:00","7474.436","HOT_SWEEP_55","55","0.157232195"
"2026-08-04 12:01:41.554 +07:00","7475.189","HOT_SWEEP_55","55","0.157569945"
"2026-08-04 12:01:42.271 +07:00","7475.909","HOT_SWEEP_55","55","0.158368394"
"2026-08-04 12:01:43.013 +07:00","7476.621","HOT_SWEEP_55","55","0.158040345"
"2026-08-04 12:01:43.724 +07:00","7477.368","HOT_SWEEP_55","55","0.157423884"
"2026-08-04 12:01:44.446 +07:00","7478.075","HOT_SWEEP_55","55","0.158724651"
"2026-08-04 12:01:45.140 +07:00","7478.787","HOT_SWEEP_55","55","0.159183115"
"2026-08-04 12:01:45.850 +07:00","7479.49","HOT_SWEEP_55","55","0.158052415"
"2026-08-04 12:01:46.553 +07:00","7480.203","HOT_SWEEP_55","55","0.1587127"
"2026-08-04 12:01:47.260 +07:00","7480.906","HOT_SWEEP_55","55","0.159928426"
"2026-08-04 12:01:47.959 +07:00","7481.606","HOT_SWEEP_55","55","0.15871866"
"2026-08-04 12:01:48.692 +07:00","7482.336","HOT_SWEEP_55","55","0.157869697"
"2026-08-04 12:01:49.407 +07:00","7483.05","HOT_SWEEP_55","55","0.15866372"
"2026-08-04 12:01:50.101 +07:00","7483.752","HOT_SWEEP_55","55","0.159338698"
"2026-08-04 12:01:50.803 +07:00","7484.451","HOT_SWEEP_55","55","0.158064634"
"2026-08-04 12:01:51.499 +07:00","7485.149","HOT_SWEEP_55","55","0.158024311"
"2026-08-04 12:01:52.200 +07:00","7485.851","HOT_SWEEP_55","55","0.158493817"
"2026-08-04 12:01:52.902 +07:00","7486.55","HOT_SWEEP_55","55","0.157877505"
"2026-08-04 12:01:53.605 +07:00","7487.25","HOT_SWEEP_55","55","0.157613933"
"2026-08-04 12:01:54.319 +07:00","7487.952","HOT_SWEEP_55","55","0.157859474"
"2026-08-04 12:01:55.018 +07:00","7488.666","HOT_SWEEP_55","55","0.157765329"
"2026-08-04 12:01:55.733 +07:00","7489.384","HOT_SWEEP_55","55","0.157721862"
"2026-08-04 12:01:56.445 +07:00","7490.082","HOT_SWEEP_55","55","0.157960385"
"2026-08-04 12:01:57.146 +07:00","7490.796","HOT_SWEEP_55","55","0.158070788"
"2026-08-04 12:01:57.856 +07:00","7491.495","HOT_SWEEP_55","55","0.157969981"
"2026-08-04 12:01:58.549 +07:00","7492.198","HOT_SWEEP_55","55","0.158390731"
"2026-08-04 12:01:59.245 +07:00","7492.897","HOT_SWEEP_55","55","0.159090996"
"2026-08-04 12:01:59.944 +07:00","7493.596","HOT_SWEEP_55","55","0.159151822"
"2026-08-04 12:02:00.650 +07:00","7494.298","HOT_SWEEP_55","55","0.158915073"
"2026-08-04 12:02:01.347 +07:00","7494.996","HOT_SWEEP_55","55","0.159366995"
"2026-08-04 12:02:02.049 +07:00","7495.696","HOT_SWEEP_55","55","0.159680113"
"2026-08-04 12:02:02.778 +07:00","7496.429","HOT_SWEEP_55","55","0.159384325"
"2026-08-04 12:02:03.479 +07:00","7497.129","HOT_SWEEP_55","55","0.159713238"
"2026-08-04 12:02:04.178 +07:00","7497.827","HOT_SWEEP_55","55","0.159857392"
"2026-08-04 12:02:04.884 +07:00","7498.529","HOT_SWEEP_55","55","0.160044342"
"2026-08-04 12:02:05.577 +07:00","7499.227","HOT_SWEEP_55","55","0.159517705"
"2026-08-04 12:02:06.279 +07:00","7499.927","HOT_SWEEP_55","55","0.159307271"
"2026-08-04 12:02:06.976 +07:00","7500.627","HOT_SWEEP_55","55","0.158879131"
"2026-08-04 12:02:07.677 +07:00","7501.325","HOT_SWEEP_55","55","0.158627301"
"2026-08-04 12:02:08.376 +07:00","7502.026","HOT_SWEEP_55","55","0.158855587"
"2026-08-04 12:02:09.078 +07:00","7502.726","HOT_SWEEP_55","55","0.159138232"
"2026-08-04 12:02:09.825 +07:00","7503.459","HOT_SWEEP_55","55","0.158527821"
"2026-08-04 12:02:10.524 +07:00","7504.174","HOT_SWEEP_55","55","0.158708051"
"2026-08-04 12:02:11.223 +07:00","7504.873","HOT_SWEEP_55","55","0.15875712"
"2026-08-04 12:02:11.928 +07:00","7505.577","HOT_SWEEP_55","55","0.157890692"
"2026-08-04 12:02:12.621 +07:00","7506.273","HOT_SWEEP_55","55","0.157925799"
"2026-08-04 12:02:13.325 +07:00","7506.973","HOT_SWEEP_55","55","0.158189937"
"2026-08-04 12:02:14.021 +07:00","7507.674","HOT_SWEEP_55","55","0.158686429"
"2026-08-04 12:02:14.724 +07:00","7508.376","HOT_SWEEP_55","55","0.158543602"
"2026-08-04 12:02:15.420 +07:00","7509.07","HOT_SWEEP_55","55","0.158528417"
"2026-08-04 12:02:16.123 +07:00","7509.77","HOT_SWEEP_55","55","0.158685565"
"2026-08-04 12:02:16.851 +07:00","7510.503","HOT_SWEEP_55","55","0.158757299"
"2026-08-04 12:02:17.553 +07:00","7511.203","HOT_SWEEP_55","55","0.158778459"
"2026-08-04 12:02:18.257 +07:00","7511.904","HOT_SWEEP_55","55","0.159295052"
"2026-08-04 12:02:18.956 +07:00","7512.604","HOT_SWEEP_55","55","0.15923807"
"2026-08-04 12:02:19.653 +07:00","7513.304","HOT_SWEEP_55","55","0.159073204"
"2026-08-04 12:02:20.346 +07:00","7513.997","HOT_SWEEP_55","55","0.159606054"
"2026-08-04 12:02:21.054 +07:00","7514.705","HOT_SWEEP_55","55","0.159324944"
"2026-08-04 12:02:21.756 +07:00","7515.402","HOT_SWEEP_55","55","0.159022242"
"2026-08-04 12:02:22.454 +07:00","7516.104","HOT_SWEEP_55","55","0.159529954"
"2026-08-04 12:02:23.155 +07:00","7516.801","HOT_SWEEP_55","55","0.159604728"
"2026-08-04 12:02:23.882 +07:00","7517.534","HOT_SWEEP_55","55","0.159529835"
"2026-08-04 12:02:24.581 +07:00","7518.226","HOT_SWEEP_55","55","0.158935621"
"2026-08-04 12:02:25.276 +07:00","7518.927","HOT_SWEEP_55","55","0.1589849"
"2026-08-04 12:02:25.979 +07:00","7519.628","HOT_SWEEP_55","55","0.159180939"
"2026-08-04 12:02:26.657 +07:00","7520.318","HOT_SWEEP_55","55","0.158782437"
"2026-08-04 12:02:27.352 +07:00","7520.997","HOT_SWEEP_55","55","0.158418983"
"2026-08-04 12:02:28.040 +07:00","7521.681","HOT_SWEEP_55","55","0.158590853"
"2026-08-04 12:02:28.739 +07:00","7522.385","HOT_SWEEP_55","55","0.158390284"
"2026-08-04 12:02:29.451 +07:00","7523.102","HOT_SWEEP_55","55","0.157968849"
"2026-08-04 12:02:30.150 +07:00","7523.797","HOT_SWEEP_55","55","0.158056468"
"2026-08-04 12:02:30.876 +07:00","7524.505","HOT_SWEEP_55","55","0.157552928"
"2026-08-04 12:02:31.567 +07:00","7525.214","HOT_SWEEP_55","55","0.158103719"
"2026-08-04 12:02:32.274 +07:00","7525.911","HOT_SWEEP_55","55","0.15792796"
"2026-08-04 12:02:32.970 +07:00","7526.623","HOT_SWEEP_55","55","0.157726407"
"2026-08-04 12:02:33.657 +07:00","7527.318","HOT_SWEEP_55","55","0.158108085"
"2026-08-04 12:02:34.342 +07:00","7527.994","HOT_SWEEP_55","55","0.158179998"
"2026-08-04 12:02:35.045 +07:00","7528.689","HOT_SWEEP_55","55","0.158281639"
"2026-08-04 12:02:35.729 +07:00","7529.381","HOT_SWEEP_55","55","0.158567235"
"2026-08-04 12:02:36.421 +07:00","7530.072","HOT_SWEEP_55","55","0.15827316"
"2026-08-04 12:02:37.118 +07:00","7530.768","HOT_SWEEP_55","55","0.158091247"
"2026-08-04 12:02:37.828 +07:00","7531.48","HOT_SWEEP_55","55","0.159042656"
"2026-08-04 12:02:38.521 +07:00","7532.169","HOT_SWEEP_55","55","0.158777982"
"2026-08-04 12:02:39.213 +07:00","7532.858","HOT_SWEEP_55","55","0.158407256"
"2026-08-04 12:02:39.909 +07:00","7533.558","HOT_SWEEP_55","55","0.15899393"
"2026-08-04 12:02:40.605 +07:00","7534.25","HOT_SWEEP_55","55","0.159429282"
"2026-08-04 12:02:41.303 +07:00","7534.939","HOT_SWEEP_55","55","0.159288511"
"2026-08-04 12:02:41.997 +07:00","7535.642","HOT_SWEEP_55","55","0.159303635"
"2026-08-04 12:02:42.685 +07:00","7536.346","HOT_SWEEP_55","55","0.159872323"
"2026-08-04 12:02:43.379 +07:00","7537.04","HOT_SWEEP_55","55","0.160113603"
"2026-08-04 12:02:44.077 +07:00","7537.722","HOT_SWEEP_55","55","0.159931406"
"2026-08-04 12:02:44.805 +07:00","7538.45","HOT_SWEEP_55","55","0.160410017"
"2026-08-04 12:02:45.506 +07:00","7539.155","HOT_SWEEP_55","55","0.160792246"
"2026-08-04 12:02:46.204 +07:00","7539.853","HOT_SWEEP_55","55","0.160924524"
"2026-08-04 12:02:46.894 +07:00","7540.539","HOT_SWEEP_55","55","0.161070064"
"2026-08-04 12:02:47.596 +07:00","7541.247","HOT_SWEEP_55","55","0.161055118"
"2026-08-04 12:02:48.334 +07:00","7541.95","HOT_SWEEP_55","55","0.160750747"
"2026-08-04 12:02:49.040 +07:00","7542.691","HOT_SWEEP_55","55","0.160671085"
"2026-08-04 12:02:49.736 +07:00","7543.383","HOT_SWEEP_55","55","0.16005379"
"2026-08-04 12:02:50.442 +07:00","7544.096","HOT_SWEEP_55","55","0.160150036"
"2026-08-04 12:02:51.189 +07:00","7544.815","HOT_SWEEP_55","55","0.160291255"
"2026-08-04 12:02:51.981 +07:00","7545.604","HOT_SWEEP_55","55","0.159264788"
"2026-08-04 12:02:52.694 +07:00","7546.338","HOT_SWEEP_55","55","0.158866942"
"2026-08-04 12:02:53.410 +07:00","7547.038","HOT_SWEEP_55","55","0.159867957"
"2026-08-04 12:02:54.107 +07:00","7547.752","HOT_SWEEP_55","55","0.159638792"
"2026-08-04 12:02:54.799 +07:00","7548.449","HOT_SWEEP_55","55","0.158321679"
"2026-08-04 12:02:55.498 +07:00","7549.149","HOT_SWEEP_55","55","0.159818754"
"2026-08-04 12:02:56.196 +07:00","7549.84","HOT_SWEEP_55","55","0.160786182"
"2026-08-04 12:02:56.902 +07:00","7550.551","HOT_SWEEP_55","55","0.160043523"
"2026-08-04 12:02:57.588 +07:00","7551.233","HOT_SWEEP_55","55","0.160564855"
"2026-08-04 12:02:58.285 +07:00","7551.934","HOT_SWEEP_55","55","0.161757037"
"2026-08-04 12:02:59.016 +07:00","7552.661","HOT_SWEEP_55","55","0.161288783"
"2026-08-04 12:02:59.719 +07:00","7553.36","HOT_SWEEP_55","55","0.161058813"
"2026-08-04 12:03:00.429 +07:00","7554.064","HOT_SWEEP_55","55","0.161384061"
"2026-08-04 12:03:01.148 +07:00","7554.786","HOT_SWEEP_55","55","0.161569372"
"2026-08-04 12:03:01.851 +07:00","7555.5","HOT_SWEEP_55","55","0.161369026"
"2026-08-04 12:03:02.549 +07:00","7556.194","HOT_SWEEP_55","55","0.161736563"
"2026-08-04 12:03:03.251 +07:00","7556.9","HOT_SWEEP_55","55","0.16172877"
"2026-08-04 12:03:03.946 +07:00","7557.593","HOT_SWEEP_55","55","0.161226749"
"2026-08-04 12:03:04.639 +07:00","7558.285","HOT_SWEEP_55","55","0.160821244"
"2026-08-04 12:03:05.333 +07:00","7558.978","HOT_SWEEP_55","55","0.160942733"
"2026-08-04 12:03:06.059 +07:00","7559.704","HOT_SWEEP_55","55","0.160690695"
"2026-08-04 12:03:06.762 +07:00","7560.398","HOT_SWEEP_55","55","0.159901962"
"2026-08-04 12:03:07.456 +07:00","7561.105","HOT_SWEEP_55","55","0.159907594"
"2026-08-04 12:03:08.158 +07:00","7561.805","HOT_SWEEP_55","55","0.160174102"
"2026-08-04 12:03:08.874 +07:00","7562.501","HOT_SWEEP_55","55","0.16019477"
"2026-08-04 12:03:09.574 +07:00","7563.222","HOT_SWEEP_55","55","0.160029203"
"2026-08-04 12:03:10.280 +07:00","7563.925","HOT_SWEEP_55","55","0.160177931"
"2026-08-04 12:03:10.963 +07:00","7564.624","HOT_SWEEP_55","55","0.160006285"
"2026-08-04 12:03:11.654 +07:00","7565.299","HOT_SWEEP_55","55","0.15991196"
"2026-08-04 12:03:12.333 +07:00","7565.978","HOT_SWEEP_55","55","0.160054505"
"2026-08-04 12:03:13.061 +07:00","7566.706","HOT_SWEEP_55","55","0.160294443"
"2026-08-04 12:03:13.745 +07:00","7567.406","HOT_SWEEP_55","55","0.160998255"
"2026-08-04 12:03:14.475 +07:00","7568.11","HOT_SWEEP_55","55","0.161070138"
"2026-08-04 12:03:15.196 +07:00","7568.825","HOT_SWEEP_55","55","0.16131565"
"2026-08-04 12:03:15.891 +07:00","7569.535","HOT_SWEEP_55","55","0.161270216"
"2026-08-04 12:03:16.596 +07:00","7570.234","HOT_SWEEP_55","55","0.161119983"
"2026-08-04 12:03:17.315 +07:00","7570.959","HOT_SWEEP_55","55","0.161397189"
"2026-08-04 12:03:18.024 +07:00","7571.666","HOT_SWEEP_55","55","0.161636144"
"2026-08-04 12:03:18.735 +07:00","7572.38","HOT_SWEEP_55","55","0.161420822"
"2026-08-04 12:03:19.449 +07:00","7573.075","HOT_SWEEP_55","55","0.162320212"
"2026-08-04 12:03:20.209 +07:00","7573.865","HOT_SWEEP_55","55","0.162369147"
"2026-08-04 12:03:20.918 +07:00","7574.565","HOT_SWEEP_55","55","0.161166012"
"2026-08-04 12:03:21.611 +07:00","7575.257","HOT_SWEEP_55","55","0.161730871"
"2026-08-04 12:03:22.327 +07:00","7575.958","HOT_SWEEP_55","55","0.162154227"
"2026-08-04 12:03:23.019 +07:00","7576.665","HOT_SWEEP_55","55","0.161079377"
"2026-08-04 12:03:23.729 +07:00","7577.378","HOT_SWEEP_55","55","0.160545647"
"2026-08-04 12:03:24.433 +07:00","7578.072","HOT_SWEEP_55","55","0.161338598"
"2026-08-04 12:03:25.127 +07:00","7578.775","HOT_SWEEP_55","55","0.161296844"
"2026-08-04 12:03:25.827 +07:00","7579.47","HOT_SWEEP_55","55","0.160254687"
"2026-08-04 12:03:26.529 +07:00","7580.176","HOT_SWEEP_55","55","0.160346001"
"2026-08-04 12:03:27.277 +07:00","7580.919","HOT_SWEEP_55","55","0.160874069"
"2026-08-04 12:03:27.996 +07:00","7581.63","HOT_SWEEP_55","55","0.16003105"
"2026-08-04 12:03:28.707 +07:00","7582.337","HOT_SWEEP_55","55","0.159714431"
"2026-08-04 12:03:29.411 +07:00","7583.05","HOT_SWEEP_55","55","0.160056502"
"2026-08-04 12:03:30.107 +07:00","7583.768","HOT_SWEEP_55","55","0.16032958"
"2026-08-04 12:03:30.804 +07:00","7584.449","HOT_SWEEP_55","55","0.15973796"
"2026-08-04 12:03:31.503 +07:00","7585.145","HOT_SWEEP_55","55","0.160113975"
"2026-08-04 12:03:32.239 +07:00","7585.867","HOT_SWEEP_55","55","0.160605565"
"2026-08-04 12:03:32.946 +07:00","7586.591","HOT_SWEEP_55","55","0.160498783"
"2026-08-04 12:03:33.659 +07:00","7587.296","HOT_SWEEP_55","55","0.160546184"
"2026-08-04 12:03:34.380 +07:00","7588.029","HOT_SWEEP_55","55","0.161575466"
"2026-08-04 12:03:35.095 +07:00","7588.741","HOT_SWEEP_55","55","0.161294475"
"2026-08-04 12:03:35.801 +07:00","7589.449","HOT_SWEEP_55","55","0.160424694"
"2026-08-04 12:03:36.498 +07:00","7590.147","HOT_SWEEP_55","55","0.16113393"
"2026-08-04 12:03:37.189 +07:00","7590.835","HOT_SWEEP_55","55","0.161296338"
"2026-08-04 12:03:37.880 +07:00","7591.529","HOT_SWEEP_55","55","0.160555318"
"2026-08-04 12:03:38.586 +07:00","7592.219","HOT_SWEEP_55","55","0.160863429"
"2026-08-04 12:03:39.314 +07:00","7592.941","HOT_SWEEP_55","55","0.161063582"
"2026-08-04 12:03:40.030 +07:00","7593.662","HOT_SWEEP_55","55","0.160254672"
"2026-08-04 12:03:40.734 +07:00","7594.383","HOT_SWEEP_55","55","0.159903795"
"2026-08-04 12:03:41.444 +07:00","7595.094","HOT_SWEEP_55","55","0.160128713"
"2026-08-04 12:03:42.169 +07:00","7595.798","HOT_SWEEP_55","55","0.160495549"
"2026-08-04 12:03:42.873 +07:00","7596.506","HOT_SWEEP_55","55","0.159991995"
"2026-08-04 12:03:43.577 +07:00","7597.212","HOT_SWEEP_55","55","0.160369128"
"2026-08-04 12:03:44.280 +07:00","7597.93","HOT_SWEEP_55","55","0.16066657"
"2026-08-04 12:03:44.984 +07:00","7598.63","HOT_SWEEP_55","55","0.159798518"
"2026-08-04 12:03:45.678 +07:00","7599.327","HOT_SWEEP_55","55","0.159441844"
"2026-08-04 12:03:46.381 +07:00","7600.026","HOT_SWEEP_55","55","0.15992026"
"2026-08-04 12:03:47.078 +07:00","7600.728","HOT_SWEEP_55","55","0.159900367"
"2026-08-04 12:03:47.759 +07:00","7601.419","HOT_SWEEP_55","55","0.159347594"
"2026-08-04 12:03:48.495 +07:00","7602.146","HOT_SWEEP_55","55","0.159527257"
"2026-08-04 12:03:49.187 +07:00","7602.832","HOT_SWEEP_55","55","0.159917995"
"2026-08-04 12:03:49.879 +07:00","7603.524","HOT_SWEEP_55","55","0.159449637"
"2026-08-04 12:03:50.574 +07:00","7604.226","HOT_SWEEP_55","55","0.15941149"
"2026-08-04 12:03:51.254 +07:00","7604.915","HOT_SWEEP_55","55","0.159710869"
"2026-08-04 12:03:51.943 +07:00","7605.604","HOT_SWEEP_55","55","0.16030176"
"2026-08-04 12:03:52.640 +07:00","7606.301","HOT_SWEEP_55","55","0.160504296"
"2026-08-04 12:03:53.336 +07:00","7606.984","HOT_SWEEP_55","55","0.160722524"
"2026-08-04 12:03:54.022 +07:00","7607.683","HOT_SWEEP_55","55","0.160534546"
"2026-08-04 12:03:54.716 +07:00","7608.371","HOT_SWEEP_55","55","0.160899371"
"2026-08-04 12:03:55.436 +07:00","7609.081","HOT_SWEEP_55","55","0.160852253"
"2026-08-04 12:03:56.134 +07:00","7609.783","HOT_SWEEP_55","55","0.160423398"
"2026-08-04 12:03:56.824 +07:00","7610.485","HOT_SWEEP_55","55","0.161269844"
"2026-08-04 12:03:57.517 +07:00","7611.167","HOT_SWEEP_55","55","0.161245793"
"2026-08-04 12:03:58.204 +07:00","7611.865","HOT_SWEEP_55","55","0.160680979"
"2026-08-04 12:03:58.908 +07:00","7612.556","HOT_SWEEP_55","55","0.160739094"
"2026-08-04 12:03:59.590 +07:00","7613.251","HOT_SWEEP_55","55","0.160504162"
"2026-08-04 12:04:00.292 +07:00","7613.94","HOT_SWEEP_55","55","0.159841463"
"2026-08-04 12:04:00.976 +07:00","7614.637","HOT_SWEEP_55","55","0.160316944"
"2026-08-04 12:04:01.670 +07:00","7615.331","HOT_SWEEP_55","55","0.160536349"
"2026-08-04 12:04:02.416 +07:00","7616.063","HOT_SWEEP_55","55","0.159815893"
"2026-08-04 12:04:03.107 +07:00","7616.748","HOT_SWEEP_55","55","0.159833431"
"2026-08-04 12:04:03.790 +07:00","7617.451","HOT_SWEEP_55","55","0.159643605"
"2026-08-04 12:04:04.495 +07:00","7618.139","HOT_SWEEP_55","55","0.159214348"
"2026-08-04 12:04:05.187 +07:00","7618.847","HOT_SWEEP_55","55","0.158991873"
"2026-08-04 12:04:05.885 +07:00","7619.53","HOT_SWEEP_55","55","0.15879932"
"2026-08-04 12:04:06.571 +07:00","7620.232","HOT_SWEEP_55","55","0.159187406"
"2026-08-04 12:04:07.271 +07:00","7620.916","HOT_SWEEP_55","55","0.158959061"
"2026-08-04 12:04:07.969 +07:00","7621.614","HOT_SWEEP_55","55","0.158750892"
"2026-08-04 12:04:08.668 +07:00","7622.313","HOT_SWEEP_55","55","0.15890418"
"2026-08-04 12:04:09.385 +07:00","7623.031","HOT_SWEEP_55","55","0.15887472"
"2026-08-04 12:04:10.091 +07:00","7623.729","HOT_SWEEP_55","55","0.158443168"
"2026-08-04 12:04:10.770 +07:00","7624.431","HOT_SWEEP_55","55","0.158813238"
"2026-08-04 12:04:11.472 +07:00","7625.116","HOT_SWEEP_55","55","0.158630103"
"2026-08-04 12:04:12.181 +07:00","7625.83","HOT_SWEEP_55","55","0.158654243"
"2026-08-04 12:04:12.883 +07:00","7626.528","HOT_SWEEP_55","55","0.159241781"
"2026-08-04 12:04:13.582 +07:00","7627.228","HOT_SWEEP_55","55","0.158849046"
"2026-08-04 12:04:14.290 +07:00","7627.931","HOT_SWEEP_55","55","0.159069732"
"2026-08-04 12:04:14.998 +07:00","7628.648","HOT_SWEEP_55","55","0.159269542"
"2026-08-04 12:04:15.696 +07:00","7629.34","HOT_SWEEP_55","55","0.159154683"
"2026-08-04 12:04:16.413 +07:00","7630.06","HOT_SWEEP_55","55","0.159407943"
"2026-08-04 12:04:17.119 +07:00","7630.757","HOT_SWEEP_55","55","0.159595475"
"2026-08-04 12:04:17.817 +07:00","7631.46","HOT_SWEEP_55","55","0.159723878"
"2026-08-04 12:04:18.525 +07:00","7632.177","HOT_SWEEP_55","55","0.160088927"
"2026-08-04 12:04:19.226 +07:00","7632.877","HOT_SWEEP_55","55","0.160247505"
"2026-08-04 12:04:19.930 +07:00","7633.575","HOT_SWEEP_55","55","0.160002321"
"2026-08-04 12:04:20.631 +07:00","7634.274","HOT_SWEEP_55","55","0.160388201"
"2026-08-04 12:04:21.328 +07:00","7634.977","HOT_SWEEP_55","55","0.16029194"
"2026-08-04 12:04:22.028 +07:00","7635.678","HOT_SWEEP_55","55","0.159918517"
"2026-08-04 12:04:22.721 +07:00","7636.37","HOT_SWEEP_55","55","0.159511551"
"2026-08-04 12:04:23.446 +07:00","7637.095","HOT_SWEEP_55","55","0.159400225"
"2026-08-04 12:04:24.129 +07:00","7637.79","HOT_SWEEP_55","55","0.159256339"
"2026-08-04 12:04:24.836 +07:00","7638.497","HOT_SWEEP_55","55","0.158675954"
"2026-08-04 12:04:25.528 +07:00","7639.172","HOT_SWEEP_55","55","0.158710212"
"2026-08-04 12:04:26.224 +07:00","7639.876","HOT_SWEEP_55","55","0.158797368"
"2026-08-04 12:04:26.928 +07:00","7640.575","HOT_SWEEP_55","55","0.158576623"
"2026-08-04 12:04:27.626 +07:00","7641.276","HOT_SWEEP_55","55","0.158199757"
"2026-08-04 12:04:28.314 +07:00","7641.965","HOT_SWEEP_55","55","0.158118457"
"2026-08-04 12:04:29.014 +07:00","7642.655","HOT_SWEEP_55","55","0.15826489"
"2026-08-04 12:04:29.710 +07:00","7643.357","HOT_SWEEP_55","55","0.15867272"
"2026-08-04 12:04:30.424 +07:00","7644.076","HOT_SWEEP_55","55","0.158705011"
"2026-08-04 12:04:31.112 +07:00","7644.763","HOT_SWEEP_55","55","0.159111783"
"2026-08-04 12:04:31.803 +07:00","7645.449","HOT_SWEEP_55","55","0.159575254"
"2026-08-04 12:04:32.510 +07:00","7646.158","HOT_SWEEP_55","55","0.159104764"
"2026-08-04 12:04:33.213 +07:00","7646.855","HOT_SWEEP_55","55","0.158944458"
"2026-08-04 12:04:33.910 +07:00","7647.551","HOT_SWEEP_55","55","0.159308121"
"2026-08-04 12:04:34.607 +07:00","7648.254","HOT_SWEEP_55","55","0.159657329"
"2026-08-04 12:04:35.303 +07:00","7648.951","HOT_SWEEP_55","55","0.160012573"
"2026-08-04 12:04:36.017 +07:00","7649.651","HOT_SWEEP_55","55","0.160094887"
"2026-08-04 12:04:36.714 +07:00","7650.359","HOT_SWEEP_55","55","0.160178632"
"2026-08-04 12:04:37.443 +07:00","7651.093","HOT_SWEEP_55","55","0.160295635"
"2026-08-04 12:04:38.123 +07:00","7651.784","HOT_SWEEP_55","55","0.160041139"
"2026-08-04 12:04:38.804 +07:00","7652.449","HOT_SWEEP_55","55","0.159775108"
"2026-08-04 12:04:39.505 +07:00","7653.156","HOT_SWEEP_55","55","0.160065532"
"2026-08-04 12:04:40.222 +07:00","7653.856","HOT_SWEEP_55","55","0.16016674"
"2026-08-04 12:04:40.919 +07:00","7654.564","HOT_SWEEP_55","55","0.160202906"
"2026-08-04 12:04:41.638 +07:00","7655.27","HOT_SWEEP_55","55","0.159997359"
"2026-08-04 12:04:42.340 +07:00","7655.983","HOT_SWEEP_55","55","0.159607872"
"2026-08-04 12:04:43.055 +07:00","7656.68","HOT_SWEEP_55","55","0.159387782"
"2026-08-04 12:04:43.751 +07:00","7657.396","HOT_SWEEP_55","55","0.158959165"
"2026-08-04 12:04:44.470 +07:00","7658.106","HOT_SWEEP_55","55","0.159133598"
"2026-08-04 12:04:45.173 +07:00","7658.816","HOT_SWEEP_55","55","0.159210876"
"2026-08-04 12:04:45.876 +07:00","7659.521","HOT_SWEEP_55","55","0.158720836"
"2026-08-04 12:04:46.565 +07:00","7660.215","HOT_SWEEP_55","55","0.158904225"
"2026-08-04 12:04:47.264 +07:00","7660.908","HOT_SWEEP_55","55","0.158969194"
"2026-08-04 12:04:47.961 +07:00","7661.612","HOT_SWEEP_55","55","0.158474684"
"2026-08-04 12:04:48.664 +07:00","7662.311","HOT_SWEEP_55","55","0.158600882"
"2026-08-04 12:04:49.373 +07:00","7663.021","HOT_SWEEP_55","55","0.159255296"
"2026-08-04 12:04:50.091 +07:00","7663.719","HOT_SWEEP_55","55","0.159122035"
"2026-08-04 12:04:50.786 +07:00","7664.442","HOT_SWEEP_55","55","0.159424663"
"2026-08-04 12:04:51.515 +07:00","7665.165","HOT_SWEEP_55","55","0.159441382"
"2026-08-04 12:04:52.213 +07:00","7665.864","HOT_SWEEP_55","55","0.159801722"
"2026-08-04 12:04:52.913 +07:00","7666.558","HOT_SWEEP_55","55","0.160163492"
"2026-08-04 12:04:53.608 +07:00","7667.261","HOT_SWEEP_55","55","0.1603854"
"2026-08-04 12:04:54.309 +07:00","7667.958","HOT_SWEEP_55","55","0.160722226"
"2026-08-04 12:04:55.020 +07:00","7668.656","HOT_SWEEP_55","55","0.160599455"
"2026-08-04 12:04:55.739 +07:00","7669.374","HOT_SWEEP_55","55","0.160417244"
"2026-08-04 12:04:56.450 +07:00","7670.094","HOT_SWEEP_55","55","0.160657793"
"2026-08-04 12:04:57.156 +07:00","7670.799","HOT_SWEEP_55","55","0.160636991"
"2026-08-04 12:04:57.845 +07:00","7671.49","HOT_SWEEP_55","55","0.15992561"
"2026-08-04 12:04:58.557 +07:00","7672.208","HOT_SWEEP_55","55","0.160528034"
"2026-08-04 12:04:59.275 +07:00","7672.91","HOT_SWEEP_55","55","0.16057083"
"2026-08-04 12:04:59.983 +07:00","7673.628","HOT_SWEEP_55","55","0.16002287"
"2026-08-04 12:05:00.675 +07:00","7674.318","HOT_SWEEP_55","55","0.159847751"
"2026-08-04 12:05:01.369 +07:00","7675.015","HOT_SWEEP_55","55","0.160129219"
"2026-08-04 12:05:02.077 +07:00","7675.725","HOT_SWEEP_55","55","0.15962257999999999"
"2026-08-04 12:05:02.752 +07:00","7676.413","HOT_SWEEP_55","55","0.1591198"
"2026-08-04 12:05:03.443 +07:00","7677.092","HOT_SWEEP_55","55","0.159163013"
"2026-08-04 12:05:04.133 +07:00","7677.778","HOT_SWEEP_55","55","0.159252241"
"2026-08-04 12:05:04.848 +07:00","7678.479","HOT_SWEEP_55","55","0.159123078"
"2026-08-04 12:05:05.554 +07:00","7679.215","HOT_SWEEP_55","55","0.15881452"
"2026-08-04 12:05:06.248 +07:00","7679.901","HOT_SWEEP_55","55","0.158854455"
"2026-08-04 12:05:06.935 +07:00","7680.58","HOT_SWEEP_55","55","0.158552736"
"2026-08-04 12:05:07.626 +07:00","7681.262","HOT_SWEEP_55","55","0.158623129"
"2026-08-04 12:05:08.324 +07:00","7681.974","HOT_SWEEP_55","55","0.15838553"
"2026-08-04 12:05:09.018 +07:00","7682.66","HOT_SWEEP_55","55","0.15856722"
"2026-08-04 12:05:09.716 +07:00","7683.351","HOT_SWEEP_55","55","0.159048945"
"2026-08-04 12:05:10.419 +07:00","7684.063","HOT_SWEEP_55","55","0.158769757"
"2026-08-04 12:05:11.111 +07:00","7684.758","HOT_SWEEP_55","55","0.15866673"
"2026-08-04 12:05:11.800 +07:00","7685.449","HOT_SWEEP_55","55","0.159175053"
"2026-08-04 12:05:12.528 +07:00","7686.18","HOT_SWEEP_55","55","0.159018621"
"2026-08-04 12:05:13.239 +07:00","7686.884","HOT_SWEEP_55","55","0.159004539"
"2026-08-04 12:05:13.920 +07:00","7687.581","HOT_SWEEP_55","55","0.159642547"
"2026-08-04 12:05:14.634 +07:00","7688.279","HOT_SWEEP_55","55","0.159715146"
"2026-08-04 12:05:15.331 +07:00","7688.977","HOT_SWEEP_55","55","0.159989461"
"2026-08-04 12:05:16.022 +07:00","7689.669","HOT_SWEEP_55","55","0.160220429"
"2026-08-04 12:05:16.726 +07:00","7690.371","HOT_SWEEP_55","55","0.160271749"
"2026-08-04 12:05:17.432 +07:00","7691.083","HOT_SWEEP_55","55","0.160502151"
"2026-08-04 12:05:18.134 +07:00","7691.78","HOT_SWEEP_55","55","0.160633653"
"2026-08-04 12:05:18.845 +07:00","7692.489","HOT_SWEEP_55","55","0.16048561"
"2026-08-04 12:05:19.561 +07:00","7693.206","HOT_SWEEP_55","55","0.16083473"
"2026-08-04 12:05:20.582 +07:00","7694.243","HOT_SWEEP_50","50","0.162853703"
"2026-08-04 12:05:21.266 +07:00","7694.927","HOT_SWEEP_50","50","0.165415525"
"2026-08-04 12:05:21.950 +07:00","7695.606","HOT_SWEEP_50","50","0.167635992"
"2026-08-04 12:05:22.631 +07:00","7696.289","HOT_SWEEP_50","50","0.168478668"
"2026-08-04 12:05:23.314 +07:00","7696.975","HOT_SWEEP_50","50","0.168719202"
"2026-08-04 12:05:23.998 +07:00","7697.657","HOT_SWEEP_50","50","0.168914929"
"2026-08-04 12:05:24.684 +07:00","7698.343","HOT_SWEEP_50","50","0.168855697"
"2026-08-04 12:05:25.366 +07:00","7699.028","HOT_SWEEP_50","50","0.168004721"
"2026-08-04 12:05:26.049 +07:00","7699.71","HOT_SWEEP_50","50","0.166450709"
"2026-08-04 12:05:26.757 +07:00","7700.414","HOT_SWEEP_50","50","0.164810136"
"2026-08-04 12:05:27.454 +07:00","7701.112","HOT_SWEEP_50","50","0.161178634"
"2026-08-04 12:05:28.145 +07:00","7701.792","HOT_SWEEP_50","50","0.156451106"
"2026-08-04 12:05:28.841 +07:00","7702.5","HOT_SWEEP_50","50","0.151558086"
"2026-08-04 12:05:29.536 +07:00","7703.192","HOT_SWEEP_50","50","0.148373932"
"2026-08-04 12:05:30.217 +07:00","7703.877","HOT_SWEEP_50","50","0.145186722"
"2026-08-04 12:05:30.897 +07:00","7704.558","HOT_SWEEP_50","50","0.141606465"
"2026-08-04 12:05:31.595 +07:00","7705.256","HOT_SWEEP_50","50","0.138673559"
"2026-08-04 12:05:32.289 +07:00","7705.948","HOT_SWEEP_50","50","0.136467308"
"2026-08-04 12:05:32.979 +07:00","7706.625","HOT_SWEEP_50","50","0.133706719"
"2026-08-04 12:05:33.674 +07:00","7707.335","HOT_SWEEP_50","50","0.131195515"
"2026-08-04 12:05:34.356 +07:00","7708.003","HOT_SWEEP_50","50","0.129443675"
"2026-08-04 12:05:35.047 +07:00","7708.706","HOT_SWEEP_50","50","0.127121761"
"2026-08-04 12:05:35.720 +07:00","7709.381","HOT_SWEEP_50","50","0.124430574"
"2026-08-04 12:05:36.401 +07:00","7710.06","HOT_SWEEP_50","50","0.123850822"
"2026-08-04 12:05:37.091 +07:00","7710.752","HOT_SWEEP_50","50","0.122456059"
"2026-08-04 12:05:37.775 +07:00","7711.436","HOT_SWEEP_50","50","0.119857475"
"2026-08-04 12:05:38.463 +07:00","7712.124","HOT_SWEEP_50","50","0.119568802"
"2026-08-04 12:05:39.146 +07:00","7712.807","HOT_SWEEP_50","50","0.118824646"
"2026-08-04 12:05:39.846 +07:00","7713.505","HOT_SWEEP_50","50","0.116618313"
"2026-08-04 12:05:40.541 +07:00","7714.202","HOT_SWEEP_50","50","0.116569445"
"2026-08-04 12:05:41.229 +07:00","7714.889","HOT_SWEEP_50","50","0.116540097"
"2026-08-04 12:05:41.926 +07:00","7715.585","HOT_SWEEP_50","50","0.114527784"
"2026-08-04 12:05:42.631 +07:00","7716.291","HOT_SWEEP_50","50","0.114045724"
"2026-08-04 12:05:43.328 +07:00","7716.987","HOT_SWEEP_50","50","0.113798931"
"2026-08-04 12:05:44.015 +07:00","7717.673","HOT_SWEEP_50","50","0.112341329"
"2026-08-04 12:05:44.702 +07:00","7718.362","HOT_SWEEP_50","50","0.111758851"
"2026-08-04 12:05:45.394 +07:00","7719.053","HOT_SWEEP_50","50","0.111859098"
"2026-08-04 12:05:46.083 +07:00","7719.742","HOT_SWEEP_50","50","0.111081883"
"2026-08-04 12:05:46.768 +07:00","7720.429","HOT_SWEEP_50","50","0.110374071"
"2026-08-04 12:05:47.508 +07:00","7721.165","HOT_SWEEP_50","50","0.110223033"
"2026-08-04 12:05:48.193 +07:00","7721.852","HOT_SWEEP_50","50","0.110140875"
"2026-08-04 12:05:48.880 +07:00","7722.541","HOT_SWEEP_50","50","0.109657779"
"2026-08-04 12:05:49.565 +07:00","7723.226","HOT_SWEEP_50","50","0.109581985"
"2026-08-04 12:05:50.233 +07:00","7723.894","HOT_SWEEP_50","50","0.109870456"
"2026-08-04 12:05:50.925 +07:00","7724.584","HOT_SWEEP_50","50","0.109169766"
"2026-08-04 12:05:51.616 +07:00","7725.278","HOT_SWEEP_50","50","0.109056875"
"2026-08-04 12:05:52.298 +07:00","7725.959","HOT_SWEEP_50","50","0.109579422"
"2026-08-04 12:05:52.982 +07:00","7726.641","HOT_SWEEP_50","50","0.1086879"
"2026-08-04 12:05:53.652 +07:00","7727.313","HOT_SWEEP_50","50","0.108492471"
"2026-08-04 12:05:54.357 +07:00","7728.019","HOT_SWEEP_50","50","0.109676979"
"2026-08-04 12:05:55.043 +07:00","7728.699","HOT_SWEEP_50","50","0.108871222"
"2026-08-04 12:05:55.733 +07:00","7729.394","HOT_SWEEP_50","50","0.108005121"
"2026-08-04 12:05:56.419 +07:00","7730.08","HOT_SWEEP_50","50","0.109372415"
"2026-08-04 12:05:57.110 +07:00","7730.763","HOT_SWEEP_50","50","0.109450147"
"2026-08-04 12:05:57.785 +07:00","7731.446","HOT_SWEEP_50","50","0.108815052"
"2026-08-04 12:05:58.468 +07:00","7732.129","HOT_SWEEP_50","50","0.110099614"
"2026-08-04 12:05:59.157 +07:00","7732.818","HOT_SWEEP_50","50","0.110600546"
"2026-08-04 12:05:59.842 +07:00","7733.5","HOT_SWEEP_50","50","0.1099208"
"2026-08-04 12:06:00.516 +07:00","7734.177","HOT_SWEEP_50","50","0.111101963"
"2026-08-04 12:06:01.205 +07:00","7734.866","HOT_SWEEP_50","50","0.11181061"
"2026-08-04 12:06:01.890 +07:00","7735.549","HOT_SWEEP_50","50","0.110981226"
"2026-08-04 12:06:02.598 +07:00","7736.255","HOT_SWEEP_50","50","0.111866355"
"2026-08-04 12:06:03.286 +07:00","7736.947","HOT_SWEEP_50","50","0.112973586"
"2026-08-04 12:06:03.971 +07:00","7737.631","HOT_SWEEP_50","50","0.112194821"
"2026-08-04 12:06:04.642 +07:00","7738.303","HOT_SWEEP_50","50","0.112052605"
"2026-08-04 12:06:05.347 +07:00","7739.008","HOT_SWEEP_50","50","0.113257326"
"2026-08-04 12:06:06.022 +07:00","7739.683","HOT_SWEEP_50","50","0.112924621"
"2026-08-04 12:06:06.709 +07:00","7740.37","HOT_SWEEP_50","50","0.112181462"
"2026-08-04 12:06:07.396 +07:00","7741.057","HOT_SWEEP_50","50","0.113094665"
"2026-08-04 12:06:08.104 +07:00","7741.765","HOT_SWEEP_50","50","0.112743691"
"2026-08-04 12:06:08.799 +07:00","7742.458","HOT_SWEEP_50","50","0.112100206"
"2026-08-04 12:06:09.471 +07:00","7743.132","HOT_SWEEP_50","50","0.112873912"
"2026-08-04 12:06:10.159 +07:00","7743.818","HOT_SWEEP_50","50","0.113247909"
"2026-08-04 12:06:10.862 +07:00","7744.522","HOT_SWEEP_50","50","0.11225275"
"2026-08-04 12:06:11.547 +07:00","7745.208","HOT_SWEEP_50","50","0.11308147"
"2026-08-04 12:06:12.235 +07:00","7745.888","HOT_SWEEP_50","50","0.113527499"
"2026-08-04 12:06:12.917 +07:00","7746.575","HOT_SWEEP_50","50","0.112251855"
"2026-08-04 12:06:13.611 +07:00","7747.268","HOT_SWEEP_50","50","0.112996355"
"2026-08-04 12:06:14.294 +07:00","7747.949","HOT_SWEEP_50","50","0.113705836"
"2026-08-04 12:06:14.999 +07:00","7748.655","HOT_SWEEP_50","50","0.113032699"
"2026-08-04 12:06:15.677 +07:00","7749.338","HOT_SWEEP_50","50","0.112762406"
"2026-08-04 12:06:16.367 +07:00","7750.027","HOT_SWEEP_50","50","0.113563977"
"2026-08-04 12:06:17.055 +07:00","7750.715","HOT_SWEEP_50","50","0.112701401"
"2026-08-04 12:06:17.739 +07:00","7751.4","HOT_SWEEP_50","50","0.112255432"
"2026-08-04 12:06:18.430 +07:00","7752.091","HOT_SWEEP_50","50","0.113117315"
"2026-08-04 12:06:19.124 +07:00","7752.783","HOT_SWEEP_50","50","0.11313957"
"2026-08-04 12:06:19.810 +07:00","7753.468","HOT_SWEEP_50","50","0.112708494"
"2026-08-04 12:06:20.495 +07:00","7754.154","HOT_SWEEP_50","50","0.113523349"
"2026-08-04 12:06:21.187 +07:00","7754.848","HOT_SWEEP_50","50","0.114112124"
"2026-08-04 12:06:21.908 +07:00","7755.567","HOT_SWEEP_50","50","0.113298342"
"2026-08-04 12:06:22.599 +07:00","7756.254","HOT_SWEEP_50","50","0.11384885"
"2026-08-04 12:06:23.293 +07:00","7756.952","HOT_SWEEP_50","50","0.114716113"
"2026-08-04 12:06:23.975 +07:00","7757.626","HOT_SWEEP_50","50","0.114254698"
"2026-08-04 12:06:24.674 +07:00","7758.319","HOT_SWEEP_50","50","0.114388548"
"2026-08-04 12:06:25.361 +07:00","7759.022","HOT_SWEEP_50","50","0.115388669"
"2026-08-04 12:06:26.053 +07:00","7759.712","HOT_SWEEP_50","50","0.11487142"
"2026-08-04 12:06:26.744 +07:00","7760.404","HOT_SWEEP_50","50","0.114515379"
"2026-08-04 12:06:27.432 +07:00","7761.079","HOT_SWEEP_50","50","0.115409993"
"2026-08-04 12:06:28.122 +07:00","7761.781","HOT_SWEEP_50","50","0.114935949"
"2026-08-04 12:06:28.844 +07:00","7762.505","HOT_SWEEP_50","50","0.115193225"
"2026-08-04 12:06:29.538 +07:00","7763.195","HOT_SWEEP_50","50","0.116105698"
"2026-08-04 12:06:30.236 +07:00","7763.895","HOT_SWEEP_50","50","0.116373874"
"2026-08-04 12:06:30.919 +07:00","7764.581","HOT_SWEEP_50","50","0.116162106"
"2026-08-04 12:06:31.604 +07:00","7765.263","HOT_SWEEP_50","50","0.116913974"
"2026-08-04 12:06:32.288 +07:00","7765.945","HOT_SWEEP_50","50","0.117266156"
"2026-08-04 12:06:32.968 +07:00","7766.629","HOT_SWEEP_50","50","0.117147163"
"2026-08-04 12:06:33.673 +07:00","7767.323","HOT_SWEEP_50","50","0.117550299"
"2026-08-04 12:06:34.366 +07:00","7768.025","HOT_SWEEP_50","50","0.118087508"
"2026-08-04 12:06:35.062 +07:00","7768.724","HOT_SWEEP_50","50","0.11798086"
"2026-08-04 12:06:35.803 +07:00","7769.462","HOT_SWEEP_50","50","0.117436923"
"2026-08-04 12:06:36.496 +07:00","7770.151","HOT_SWEEP_50","50","0.117981412"
"2026-08-04 12:06:37.180 +07:00","7770.841","HOT_SWEEP_50","50","0.118097149"
"2026-08-04 12:06:37.874 +07:00","7771.527","HOT_SWEEP_50","50","0.117934152"
"2026-08-04 12:06:38.564 +07:00","7772.225","HOT_SWEEP_50","50","0.118613183"
"2026-08-04 12:06:39.252 +07:00","7772.907","HOT_SWEEP_50","50","0.118955776"
"2026-08-04 12:06:39.939 +07:00","7773.6","HOT_SWEEP_50","50","0.118491866"
"2026-08-04 12:06:40.616 +07:00","7774.277","HOT_SWEEP_50","50","0.118849978"
"2026-08-04 12:06:41.316 +07:00","7774.975","HOT_SWEEP_50","50","0.119259492"
"2026-08-04 12:06:42.008 +07:00","7775.666","HOT_SWEEP_50","50","0.118745305"
"2026-08-04 12:06:42.714 +07:00","7776.375","HOT_SWEEP_50","50","0.118935205"
"2026-08-04 12:06:43.400 +07:00","7777.061","HOT_SWEEP_50","50","0.119251713"
"2026-08-04 12:06:44.078 +07:00","7777.739","HOT_SWEEP_50","50","0.118686102"
"2026-08-04 12:06:44.767 +07:00","7778.416","HOT_SWEEP_50","50","0.118242361"
"2026-08-04 12:06:45.454 +07:00","7779.115","HOT_SWEEP_50","50","0.118818797"
"2026-08-04 12:06:46.149 +07:00","7779.806","HOT_SWEEP_50","50","0.118660055"
"2026-08-04 12:06:46.843 +07:00","7780.498","HOT_SWEEP_50","50","0.118146241"
"2026-08-04 12:06:47.527 +07:00","7781.18","HOT_SWEEP_50","50","0.118922733"
"2026-08-04 12:06:48.213 +07:00","7781.872","HOT_SWEEP_50","50","0.119275212"
"2026-08-04 12:06:48.908 +07:00","7782.568","HOT_SWEEP_50","50","0.118676797"
"2026-08-04 12:06:49.612 +07:00","7783.273","HOT_SWEEP_50","50","0.119078875"
"2026-08-04 12:06:50.313 +07:00","7783.972","HOT_SWEEP_50","50","0.120067857"
"2026-08-04 12:06:50.990 +07:00","7784.651","HOT_SWEEP_50","50","0.119492948"
"2026-08-04 12:06:51.683 +07:00","7785.341","HOT_SWEEP_50","50","0.119367257"
"2026-08-04 12:06:52.379 +07:00","7786.037","HOT_SWEEP_50","50","0.120466806"
"2026-08-04 12:06:53.079 +07:00","7786.734","HOT_SWEEP_50","50","0.119737387"
"2026-08-04 12:06:53.757 +07:00","7787.416","HOT_SWEEP_50","50","0.119436786"
"2026-08-04 12:06:54.453 +07:00","7788.11","HOT_SWEEP_50","50","0.120467186"
"2026-08-04 12:06:55.138 +07:00","7788.799","HOT_SWEEP_50","50","0.120267451"
"2026-08-04 12:06:55.817 +07:00","7789.478","HOT_SWEEP_50","50","0.119994223"
"2026-08-04 12:06:56.540 +07:00","7790.199","HOT_SWEEP_50","50","0.121255301"
"2026-08-04 12:06:57.225 +07:00","7790.886","HOT_SWEEP_50","50","0.121707901"
"2026-08-04 12:06:57.926 +07:00","7791.585","HOT_SWEEP_50","50","0.121449091"
"2026-08-04 12:06:58.609 +07:00","7792.26","HOT_SWEEP_50","50","0.122576416"
"2026-08-04 12:06:59.284 +07:00","7792.945","HOT_SWEEP_50","50","0.122972056"
"2026-08-04 12:06:59.976 +07:00","7793.633","HOT_SWEEP_50","50","0.122766539"
"2026-08-04 12:07:00.679 +07:00","7794.324","HOT_SWEEP_50","50","0.12329483"
"2026-08-04 12:07:01.372 +07:00","7795.023","HOT_SWEEP_50","50","0.124031842"
"2026-08-04 12:07:02.054 +07:00","7795.699","HOT_SWEEP_50","50","0.123838387"
"2026-08-04 12:07:02.751 +07:00","7796.412","HOT_SWEEP_50","50","0.123690285"
"2026-08-04 12:07:03.458 +07:00","7797.115","HOT_SWEEP_50","50","0.124423005"
"2026-08-04 12:07:04.146 +07:00","7797.803","HOT_SWEEP_50","50","0.124218687"
"2026-08-04 12:07:04.834 +07:00","7798.493","HOT_SWEEP_50","50","0.123526715"
"2026-08-04 12:07:05.526 +07:00","7799.183","HOT_SWEEP_50","50","0.124242708"
"2026-08-04 12:07:06.222 +07:00","7799.882","HOT_SWEEP_50","50","0.124357678"
"2026-08-04 12:07:06.912 +07:00","7800.564","HOT_SWEEP_50","50","0.123750411"
"2026-08-04 12:07:07.603 +07:00","7801.248","HOT_SWEEP_50","50","0.124476239"
"2026-08-04 12:07:08.288 +07:00","7801.946","HOT_SWEEP_50","50","0.124979153"
"2026-08-04 12:07:08.993 +07:00","7802.649","HOT_SWEEP_50","50","0.124002382"
"2026-08-04 12:07:09.690 +07:00","7803.347","HOT_SWEEP_50","50","0.124596357"
"2026-08-04 12:07:10.438 +07:00","7804.098","HOT_SWEEP_50","50","0.12486653"
"2026-08-04 12:07:11.121 +07:00","7804.776","HOT_SWEEP_50","50","0.124698855"
"2026-08-04 12:07:11.804 +07:00","7805.463","HOT_SWEEP_50","50","0.124883041"
"2026-08-04 12:07:12.514 +07:00","7806.171","HOT_SWEEP_50","50","0.125030071"
"2026-08-04 12:07:13.202 +07:00","7806.857","HOT_SWEEP_50","50","0.12509793"
"2026-08-04 12:07:13.888 +07:00","7807.543","HOT_SWEEP_50","50","0.125116974"
"2026-08-04 12:07:14.582 +07:00","7808.227","HOT_SWEEP_50","50","0.12536712"
"2026-08-04 12:07:15.261 +07:00","7808.922","HOT_SWEEP_50","50","0.125856489"
"2026-08-04 12:07:15.956 +07:00","7809.602","HOT_SWEEP_50","50","0.125914812"
"2026-08-04 12:07:16.648 +07:00","7810.307","HOT_SWEEP_50","50","0.125942469"
"2026-08-04 12:07:17.345 +07:00","7811.006","HOT_SWEEP_50","50","0.126446962"
"2026-08-04 12:07:18.028 +07:00","7811.687","HOT_SWEEP_50","50","0.125976831"
"2026-08-04 12:07:18.716 +07:00","7812.377","HOT_SWEEP_50","50","0.125966698"
"2026-08-04 12:07:19.411 +07:00","7813.054","HOT_SWEEP_50","50","0.126833647"
"2026-08-04 12:07:20.093 +07:00","7813.754","HOT_SWEEP_50","50","0.126420304"
"2026-08-04 12:07:20.774 +07:00","7814.431","HOT_SWEEP_50","50","0.12616694"
"2026-08-04 12:07:21.459 +07:00","7815.118","HOT_SWEEP_50","50","0.127216861"
"2026-08-04 12:07:22.145 +07:00","7815.806","HOT_SWEEP_50","50","0.126375049"
"2026-08-04 12:07:22.822 +07:00","7816.482","HOT_SWEEP_50","50","0.1259875"
"2026-08-04 12:07:23.515 +07:00","7817.176","HOT_SWEEP_50","50","0.127449363"
"2026-08-04 12:07:24.226 +07:00","7817.887","HOT_SWEEP_50","50","0.127788991"
"2026-08-04 12:07:24.921 +07:00","7818.582","HOT_SWEEP_50","50","0.127185866"
"2026-08-04 12:07:25.613 +07:00","7819.274","HOT_SWEEP_50","50","0.128248841"
"2026-08-04 12:07:26.307 +07:00","7819.964","HOT_SWEEP_50","50","0.129036278"
"2026-08-04 12:07:26.991 +07:00","7820.636","HOT_SWEEP_50","50","0.128106251"
"2026-08-04 12:07:27.684 +07:00","7821.343","HOT_SWEEP_50","50","0.128427297"
"2026-08-04 12:07:28.372 +07:00","7822.02","HOT_SWEEP_50","50","0.12921609"
"2026-08-04 12:07:29.056 +07:00","7822.717","HOT_SWEEP_50","50","0.12893489"
"2026-08-04 12:07:29.749 +07:00","7823.397","HOT_SWEEP_50","50","0.128608838"
"2026-08-04 12:07:30.444 +07:00","7824.103","HOT_SWEEP_50","50","0.129146099"
"2026-08-04 12:07:31.172 +07:00","7824.833","HOT_SWEEP_50","50","0.128739178"
"2026-08-04 12:07:31.851 +07:00","7825.512","HOT_SWEEP_50","50","0.128107011"
"2026-08-04 12:07:32.527 +07:00","7826.188","HOT_SWEEP_50","50","0.128537565"
"2026-08-04 12:07:33.218 +07:00","7826.877","HOT_SWEEP_50","50","0.128763318"
"2026-08-04 12:07:33.904 +07:00","7827.563","HOT_SWEEP_50","50","0.128208905"
"2026-08-04 12:07:34.595 +07:00","7828.24","HOT_SWEEP_50","50","0.129005313"
"2026-08-04 12:07:35.288 +07:00","7828.933","HOT_SWEEP_50","50","0.129255429"
"2026-08-04 12:07:35.987 +07:00","7829.647","HOT_SWEEP_50","50","0.128284425"
"2026-08-04 12:07:36.679 +07:00","7830.334","HOT_SWEEP_50","50","0.128711373"
"2026-08-04 12:07:37.369 +07:00","7831.03","HOT_SWEEP_50","50","0.128849268"
"2026-08-04 12:07:38.083 +07:00","7831.744","HOT_SWEEP_50","50","0.128566757"
"2026-08-04 12:07:38.765 +07:00","7832.424","HOT_SWEEP_50","50","0.128527194"
"2026-08-04 12:07:39.456 +07:00","7833.101","HOT_SWEEP_50","50","0.129089788"
"2026-08-04 12:07:40.137 +07:00","7833.798","HOT_SWEEP_50","50","0.128289774"
"2026-08-04 12:07:40.832 +07:00","7834.492","HOT_SWEEP_50","50","0.127952665"
"2026-08-04 12:07:41.522 +07:00","7835.181","HOT_SWEEP_50","50","0.128299534"
"2026-08-04 12:07:42.199 +07:00","7835.861","HOT_SWEEP_50","50","0.128061295"
"2026-08-04 12:07:42.881 +07:00","7836.542","HOT_SWEEP_50","50","0.12773338"
"2026-08-04 12:07:43.560 +07:00","7837.205","HOT_SWEEP_50","50","0.128492162"
"2026-08-04 12:07:44.249 +07:00","7837.91","HOT_SWEEP_50","50","0.129209518"
"2026-08-04 12:07:44.948 +07:00","7838.609","HOT_SWEEP_50","50","0.128056318"
"2026-08-04 12:07:45.659 +07:00","7839.317","HOT_SWEEP_50","50","0.128589958"
"2026-08-04 12:07:46.336 +07:00","7839.997","HOT_SWEEP_50","50","0.129523069"
"2026-08-04 12:07:47.029 +07:00","7840.69","HOT_SWEEP_50","50","0.12905629"
"2026-08-04 12:07:47.714 +07:00","7841.359","HOT_SWEEP_50","50","0.128983319"
"2026-08-04 12:07:48.403 +07:00","7842.062","HOT_SWEEP_50","50","0.130049035"
"2026-08-04 12:07:49.080 +07:00","7842.741","HOT_SWEEP_50","50","0.129306287"
"2026-08-04 12:07:49.780 +07:00","7843.441","HOT_SWEEP_50","50","0.129045084"
"2026-08-04 12:07:50.456 +07:00","7844.117","HOT_SWEEP_50","50","0.129994556"
"2026-08-04 12:07:51.160 +07:00","7844.819","HOT_SWEEP_50","50","0.129517391"
"2026-08-04 12:07:51.865 +07:00","7845.524","HOT_SWEEP_50","50","0.129176423"
"2026-08-04 12:07:52.556 +07:00","7846.217","HOT_SWEEP_50","50","0.130168557"
"2026-08-04 12:07:53.246 +07:00","7846.893","HOT_SWEEP_50","50","0.130326629"
"2026-08-04 12:07:53.931 +07:00","7847.587","HOT_SWEEP_50","50","0.129714698"
"2026-08-04 12:07:54.623 +07:00","7848.283","HOT_SWEEP_50","50","0.130814448"
"2026-08-04 12:07:55.316 +07:00","7848.973","HOT_SWEEP_50","50","0.131325603"
"2026-08-04 12:07:55.993 +07:00","7849.654","HOT_SWEEP_50","50","0.130782336"
"2026-08-04 12:07:56.674 +07:00","7850.335","HOT_SWEEP_50","50","0.131163239"
"2026-08-04 12:07:57.352 +07:00","7850.997","HOT_SWEEP_50","50","0.131907061"
"2026-08-04 12:07:58.045 +07:00","7851.703","HOT_SWEEP_50","50","0.131374717"
"2026-08-04 12:07:58.744 +07:00","7852.403","HOT_SWEEP_50","50","0.131285444"
"2026-08-04 12:07:59.436 +07:00","7853.088","HOT_SWEEP_50","50","0.132156014"
"2026-08-04 12:08:00.128 +07:00","7853.773","HOT_SWEEP_50","50","0.131410152"
"2026-08-04 12:08:00.807 +07:00","7854.468","HOT_SWEEP_50","50","0.130387932"
"2026-08-04 12:08:01.504 +07:00","7855.164","HOT_SWEEP_50","50","0.131300658"
"2026-08-04 12:08:02.196 +07:00","7855.855","HOT_SWEEP_50","50","0.131080598"
"2026-08-04 12:08:02.891 +07:00","7856.535","HOT_SWEEP_50","50","0.130275339"
"2026-08-04 12:08:03.572 +07:00","7857.217","HOT_SWEEP_50","50","0.131140918"
"2026-08-04 12:08:04.265 +07:00","7857.911","HOT_SWEEP_50","50","0.131306022"
"2026-08-04 12:08:04.957 +07:00","7858.604","HOT_SWEEP_50","50","0.130276531"
"2026-08-04 12:08:05.660 +07:00","7859.321","HOT_SWEEP_50","50","0.130986795"
"2026-08-04 12:08:06.349 +07:00","7860.01","HOT_SWEEP_50","50","0.13132067"
"2026-08-04 12:08:07.051 +07:00","7860.712","HOT_SWEEP_50","50","0.130741507"
"2026-08-04 12:08:07.740 +07:00","7861.401","HOT_SWEEP_50","50","0.131180525"
"2026-08-04 12:08:08.433 +07:00","7862.093","HOT_SWEEP_50","50","0.131577134"
"2026-08-04 12:08:09.123 +07:00","7862.782","HOT_SWEEP_50","50","0.130955622"
"2026-08-04 12:08:09.803 +07:00","7863.464","HOT_SWEEP_50","50","0.130641803"
"2026-08-04 12:08:10.500 +07:00","7864.161","HOT_SWEEP_50","50","0.13118875"
"2026-08-04 12:08:11.176 +07:00","7864.837","HOT_SWEEP_50","50","0.130935028"
"2026-08-04 12:08:11.869 +07:00","7865.514","HOT_SWEEP_50","50","0.130528376"
"2026-08-04 12:08:12.587 +07:00","7866.246","HOT_SWEEP_50","50","0.131082207"
"2026-08-04 12:08:13.275 +07:00","7866.935","HOT_SWEEP_50","50","0.131308198"
"2026-08-04 12:08:13.951 +07:00","7867.612","HOT_SWEEP_50","50","0.130627558"
"2026-08-04 12:08:14.636 +07:00","7868.297","HOT_SWEEP_50","50","0.131043062"
"2026-08-04 12:08:15.329 +07:00","7868.988","HOT_SWEEP_50","50","0.131692857"
"2026-08-04 12:08:16.006 +07:00","7869.667","HOT_SWEEP_50","50","0.130929559"
"2026-08-04 12:08:16.705 +07:00","7870.364","HOT_SWEEP_50","50","0.131016254"
"2026-08-04 12:08:17.396 +07:00","7871.057","HOT_SWEEP_50","50","0.132034436"
"2026-08-04 12:08:18.073 +07:00","7871.734","HOT_SWEEP_50","50","0.131117195"
"2026-08-04 12:08:18.764 +07:00","7872.425","HOT_SWEEP_50","50","0.130975097"
"2026-08-04 12:08:19.464 +07:00","7873.125","HOT_SWEEP_50","50","0.13197349"
"2026-08-04 12:08:20.162 +07:00","7873.82","HOT_SWEEP_50","50","0.131330535"
"2026-08-04 12:08:20.864 +07:00","7874.513","HOT_SWEEP_50","50","0.130991459"
"2026-08-04 12:08:21.561 +07:00","7875.218","HOT_SWEEP_50","50","0.132099628"
"2026-08-04 12:08:22.254 +07:00","7875.913","HOT_SWEEP_50","50","0.132081926"
"2026-08-04 12:08:22.930 +07:00","7876.591","HOT_SWEEP_50","50","0.13189736"
"2026-08-04 12:08:23.614 +07:00","7877.275","HOT_SWEEP_50","50","0.133157581"
"2026-08-04 12:08:24.292 +07:00","7877.952","HOT_SWEEP_50","50","0.133259252"
"2026-08-04 12:08:24.985 +07:00","7878.647","HOT_SWEEP_50","50","0.132905096"
"2026-08-04 12:08:25.671 +07:00","7879.332","HOT_SWEEP_50","50","0.133748889"
"2026-08-04 12:08:26.376 +07:00","7880.021","HOT_SWEEP_50","50","0.134459466"
"2026-08-04 12:08:27.067 +07:00","7880.728","HOT_SWEEP_50","50","0.134012535"
"2026-08-04 12:08:27.746 +07:00","7881.407","HOT_SWEEP_50","50","0.13402088"
"2026-08-04 12:08:28.427 +07:00","7882.088","HOT_SWEEP_50","50","0.134910911"
"2026-08-04 12:08:29.113 +07:00","7882.767","HOT_SWEEP_50","50","0.13445881"
"2026-08-04 12:08:29.807 +07:00","7883.464","HOT_SWEEP_50","50","0.133793458"
"2026-08-04 12:08:30.491 +07:00","7884.152","HOT_SWEEP_50","50","0.134760693"
"2026-08-04 12:08:31.190 +07:00","7884.85","HOT_SWEEP_50","50","0.134588867"
"2026-08-04 12:08:31.881 +07:00","7885.526","HOT_SWEEP_50","50","0.133878976"
"2026-08-04 12:08:32.570 +07:00","7886.229","HOT_SWEEP_50","50","0.134913132"
"2026-08-04 12:08:33.259 +07:00","7886.92","HOT_SWEEP_50","50","0.134960443"
"2026-08-04 12:08:33.967 +07:00","7887.612","HOT_SWEEP_50","50","0.134256452"
"2026-08-04 12:08:34.656 +07:00","7888.317","HOT_SWEEP_50","50","0.135070577"
"2026-08-04 12:08:35.339 +07:00","7889","HOT_SWEEP_50","50","0.135402173"
"2026-08-04 12:08:36.018 +07:00","7889.679","HOT_SWEEP_50","50","0.134483069"
"2026-08-04 12:08:36.707 +07:00","7890.368","HOT_SWEEP_50","50","0.135054022"
"2026-08-04 12:08:37.390 +07:00","7891.051","HOT_SWEEP_50","50","0.13570492"
"2026-08-04 12:08:38.069 +07:00","7891.727","HOT_SWEEP_50","50","0.134653121"
"2026-08-04 12:08:38.760 +07:00","7892.421","HOT_SWEEP_50","50","0.134693012"
"2026-08-04 12:08:39.451 +07:00","7893.096","HOT_SWEEP_50","50","0.135274917"
"2026-08-04 12:08:40.171 +07:00","7893.816","HOT_SWEEP_50","50","0.134224415"
"2026-08-04 12:08:40.861 +07:00","7894.522","HOT_SWEEP_50","50","0.133632958"
"2026-08-04 12:08:41.537 +07:00","7895.198","HOT_SWEEP_50","50","0.134135529"
"2026-08-04 12:08:42.239 +07:00","7895.9","HOT_SWEEP_50","50","0.134243459"
"2026-08-04 12:08:42.930 +07:00","7896.575","HOT_SWEEP_50","50","0.133602142"
"2026-08-04 12:08:43.620 +07:00","7897.281","HOT_SWEEP_50","50","0.134127855"
"2026-08-04 12:08:44.302 +07:00","7897.964","HOT_SWEEP_50","50","0.134812936"
"2026-08-04 12:08:44.982 +07:00","7898.642","HOT_SWEEP_50","50","0.134460062"
"2026-08-04 12:08:45.663 +07:00","7899.324","HOT_SWEEP_50","50","0.135328084"
"2026-08-04 12:08:46.351 +07:00","7900.012","HOT_SWEEP_50","50","0.136107534"
"2026-08-04 12:08:47.082 +07:00","7900.742","HOT_SWEEP_50","50","0.135543376"
"2026-08-04 12:08:47.774 +07:00","7901.435","HOT_SWEEP_50","50","0.135860085"
"2026-08-04 12:08:48.450 +07:00","7902.111","HOT_SWEEP_50","50","0.136869818"
"2026-08-04 12:08:49.149 +07:00","7902.81","HOT_SWEEP_50","50","0.136039421"
"2026-08-04 12:08:49.827 +07:00","7903.488","HOT_SWEEP_50","50","0.135874271"
"2026-08-04 12:08:50.534 +07:00","7904.18","HOT_SWEEP_50","50","0.136922255"
"2026-08-04 12:08:51.216 +07:00","7904.877","HOT_SWEEP_50","50","0.13612791899999999"
"2026-08-04 12:08:51.910 +07:00","7905.555","HOT_SWEEP_50","50","0.135889053"
"2026-08-04 12:08:52.603 +07:00","7906.248","HOT_SWEEP_50","50","0.136287585"
"2026-08-04 12:08:53.282 +07:00","7906.943","HOT_SWEEP_50","50","0.136221111"
"2026-08-04 12:08:53.979 +07:00","7907.638","HOT_SWEEP_50","50","0.135960728"
"2026-08-04 12:08:54.671 +07:00","7908.316","HOT_SWEEP_50","50","0.136698872"
"2026-08-04 12:08:55.363 +07:00","7909.008","HOT_SWEEP_50","50","0.137299404"
"2026-08-04 12:08:56.038 +07:00","7909.699","HOT_SWEEP_50","50","0.136614874"
"2026-08-04 12:08:56.723 +07:00","7910.384","HOT_SWEEP_50","50","0.136878788"
"2026-08-04 12:08:57.415 +07:00","7911.06","HOT_SWEEP_50","50","0.137418509"
"2026-08-04 12:08:58.095 +07:00","7911.756","HOT_SWEEP_50","50","0.136966407"
"2026-08-04 12:08:58.775 +07:00","7912.434","HOT_SWEEP_50","50","0.136381686"
"2026-08-04 12:08:59.468 +07:00","7913.113","HOT_SWEEP_50","50","0.137529567"
"2026-08-04 12:09:00.143 +07:00","7913.804","HOT_SWEEP_50","50","0.136951238"
"2026-08-04 12:09:00.860 +07:00","7914.519","HOT_SWEEP_50","50","0.136232033"
"2026-08-04 12:09:01.550 +07:00","7915.21","HOT_SWEEP_50","50","0.137114495"
"2026-08-04 12:09:02.241 +07:00","7915.889","HOT_SWEEP_50","50","0.137022182"
"2026-08-04 12:09:02.930 +07:00","7916.588","HOT_SWEEP_50","50","0.136283591"
"2026-08-04 12:09:03.619 +07:00","7917.264","HOT_SWEEP_50","50","0.137177199"
"2026-08-04 12:09:04.309 +07:00","7917.97","HOT_SWEEP_50","50","0.137546837"
"2026-08-04 12:09:04.995 +07:00","7918.656","HOT_SWEEP_50","50","0.136545211"
"2026-08-04 12:09:05.688 +07:00","7919.347","HOT_SWEEP_50","50","0.137714386"
"2026-08-04 12:09:06.379 +07:00","7920.024","HOT_SWEEP_50","50","0.137974277"
"2026-08-04 12:09:07.064 +07:00","7920.725","HOT_SWEEP_50","50","0.136883378"
"2026-08-04 12:09:07.772 +07:00","7921.432","HOT_SWEEP_50","50","0.13731232299999999"
"2026-08-04 12:09:08.465 +07:00","7922.123","HOT_SWEEP_50","50","0.137567952"
"2026-08-04 12:09:09.142 +07:00","7922.803","HOT_SWEEP_50","50","0.136580348"
"2026-08-04 12:09:09.824 +07:00","7923.483","HOT_SWEEP_50","50","0.136458516"
"2026-08-04 12:09:10.515 +07:00","7924.176","HOT_SWEEP_50","50","0.13733466"
"2026-08-04 12:09:11.210 +07:00","7924.867","HOT_SWEEP_50","50","0.136650354"
"2026-08-04 12:09:11.905 +07:00","7925.566","HOT_SWEEP_50","50","0.136076808"
"2026-08-04 12:09:12.584 +07:00","7926.244","HOT_SWEEP_50","50","0.136142567"
"2026-08-04 12:09:13.259 +07:00","7926.92","HOT_SWEEP_50","50","0.13612175"
"2026-08-04 12:09:13.942 +07:00","7927.604","HOT_SWEEP_50","50","0.13569355"
"2026-08-04 12:09:14.667 +07:00","7928.327","HOT_SWEEP_50","50","0.136245638"
"2026-08-04 12:09:15.356 +07:00","7929.017","HOT_SWEEP_50","50","0.137165502"
"2026-08-04 12:09:16.037 +07:00","7929.698","HOT_SWEEP_50","50","0.136499777"
"2026-08-04 12:09:16.720 +07:00","7930.381","HOT_SWEEP_50","50","0.136569291"
"2026-08-04 12:09:17.411 +07:00","7931.057","HOT_SWEEP_50","50","0.13711533"
"2026-08-04 12:09:18.104 +07:00","7931.762","HOT_SWEEP_50","50","0.136215538"
"2026-08-04 12:09:18.784 +07:00","7932.445","HOT_SWEEP_50","50","0.136112779"
"2026-08-04 12:09:19.463 +07:00","7933.11","HOT_SWEEP_50","50","0.137284592"
"2026-08-04 12:09:20.140 +07:00","7933.802","HOT_SWEEP_50","50","0.136413708"
"2026-08-04 12:09:20.840 +07:00","7934.499","HOT_SWEEP_50","50","0.136055857"
"2026-08-04 12:09:21.546 +07:00","7935.206","HOT_SWEEP_50","50","0.137320071"
"2026-08-04 12:09:22.231 +07:00","7935.892","HOT_SWEEP_50","50","0.136889607"
"2026-08-04 12:09:22.904 +07:00","7936.565","HOT_SWEEP_50","50","0.136292011"
"2026-08-04 12:09:23.585 +07:00","7937.244","HOT_SWEEP_50","50","0.137832195"
"2026-08-04 12:09:24.279 +07:00","7937.922","HOT_SWEEP_50","50","0.138101101"
"2026-08-04 12:09:24.961 +07:00","7938.622","HOT_SWEEP_50","50","0.137786418"
"2026-08-04 12:09:25.650 +07:00","7939.311","HOT_SWEEP_50","50","0.139062211"
"2026-08-04 12:09:26.346 +07:00","7940.005","HOT_SWEEP_50","50","0.139676362"
"2026-08-04 12:09:27.035 +07:00","7940.696","HOT_SWEEP_50","50","0.138813257"
"2026-08-04 12:09:27.715 +07:00","7941.376","HOT_SWEEP_50","50","0.13952665"
"2026-08-04 12:09:28.413 +07:00","7942.074","HOT_SWEEP_50","50","0.140265793"
"2026-08-04 12:09:29.104 +07:00","7942.763","HOT_SWEEP_50","50","0.139139131"
"2026-08-04 12:09:29.779 +07:00","7943.44","HOT_SWEEP_50","50","0.13907066"
"2026-08-04 12:09:30.466 +07:00","7944.125","HOT_SWEEP_50","50","0.140000269"
"2026-08-04 12:09:31.142 +07:00","7944.803","HOT_SWEEP_50","50","0.139157623"
"2026-08-04 12:09:31.838 +07:00","7945.494","HOT_SWEEP_50","50","0.138587207"
"2026-08-04 12:09:32.534 +07:00","7946.193","HOT_SWEEP_50","50","0.13966234"
"2026-08-04 12:09:33.225 +07:00","7946.885","HOT_SWEEP_50","50","0.139092758"
"2026-08-04 12:09:33.901 +07:00","7947.562","HOT_SWEEP_50","50","0.138586238"
"2026-08-04 12:09:34.591 +07:00","7948.248","HOT_SWEEP_50","50","0.139667362"
"2026-08-04 12:09:35.278 +07:00","7948.939","HOT_SWEEP_50","50","0.139748946"
"2026-08-04 12:09:35.969 +07:00","7949.614","HOT_SWEEP_50","50","0.138941377"
"2026-08-04 12:09:36.661 +07:00","7950.306","HOT_SWEEP_50","50","0.140131295"
"2026-08-04 12:09:37.346 +07:00","7951.005","HOT_SWEEP_50","50","0.140631944"
"2026-08-04 12:09:38.033 +07:00","7951.694","HOT_SWEEP_50","50","0.139592037"
"2026-08-04 12:09:38.710 +07:00","7952.37","HOT_SWEEP_50","50","0.140336484"
"2026-08-04 12:09:39.391 +07:00","7953.052","HOT_SWEEP_50","50","0.140763983"
"2026-08-04 12:09:40.076 +07:00","7953.734","HOT_SWEEP_50","50","0.139738604"
"2026-08-04 12:09:40.749 +07:00","7954.41","HOT_SWEEP_50","50","0.140143707"
"2026-08-04 12:09:41.442 +07:00","7955.1","HOT_SWEEP_50","50","0.141048223"
"2026-08-04 12:09:42.173 +07:00","7955.819","HOT_SWEEP_50","50","0.139753252"
"2026-08-04 12:09:42.853 +07:00","7956.51","HOT_SWEEP_50","50","0.139799312"
"2026-08-04 12:09:43.525 +07:00","7957.186","HOT_SWEEP_50","50","0.140484124"
"2026-08-04 12:09:44.206 +07:00","7957.867","HOT_SWEEP_50","50","0.139859363"
"2026-08-04 12:09:44.887 +07:00","7958.547","HOT_SWEEP_50","50","0.139215335"
"2026-08-04 12:09:45.578 +07:00","7959.237","HOT_SWEEP_50","50","0.140260905"
"2026-08-04 12:09:46.263 +07:00","7959.918","HOT_SWEEP_50","50","0.140023619"
"2026-08-04 12:09:46.958 +07:00","7960.617","HOT_SWEEP_50","50","0.139228195"
"2026-08-04 12:09:47.658 +07:00","7961.317","HOT_SWEEP_50","50","0.139906868"
"2026-08-04 12:09:48.353 +07:00","7962.012","HOT_SWEEP_50","50","0.140181616"
"2026-08-04 12:09:49.087 +07:00","7962.732","HOT_SWEEP_50","50","0.139460355"
"2026-08-04 12:09:49.777 +07:00","7963.438","HOT_SWEEP_50","50","0.139291435"
"2026-08-04 12:09:50.453 +07:00","7964.114","HOT_SWEEP_50","50","0.139983997"
"2026-08-04 12:09:51.154 +07:00","7964.815","HOT_SWEEP_50","50","0.139477342"
"2026-08-04 12:09:51.846 +07:00","7965.491","HOT_SWEEP_50","50","0.139465243"
"2026-08-04 12:09:52.538 +07:00","7966.195","HOT_SWEEP_50","50","0.13999927"
"2026-08-04 12:09:53.233 +07:00","7966.894","HOT_SWEEP_50","50","0.139860004"
"2026-08-04 12:09:53.914 +07:00","7967.571","HOT_SWEEP_50","50","0.139760166"
"2026-08-04 12:09:54.604 +07:00","7968.25","HOT_SWEEP_50","50","0.140285447"
"2026-08-04 12:09:55.279 +07:00","7968.94","HOT_SWEEP_50","50","0.140147746"
"2026-08-04 12:09:55.992 +07:00","7969.653","HOT_SWEEP_50","50","0.140003055"
"2026-08-04 12:09:56.680 +07:00","7970.341","HOT_SWEEP_50","50","0.1410712"
"2026-08-04 12:09:57.366 +07:00","7971.027","HOT_SWEEP_50","50","0.141553134"
"2026-08-04 12:09:58.066 +07:00","7971.725","HOT_SWEEP_50","50","0.140918821"
"2026-08-04 12:09:58.758 +07:00","7972.415","HOT_SWEEP_50","50","0.141650155"
"2026-08-04 12:09:59.449 +07:00","7973.11","HOT_SWEEP_50","50","0.142234996"
"2026-08-04 12:10:00.130 +07:00","7973.791","HOT_SWEEP_50","50","0.14171204"
"2026-08-04 12:10:00.807 +07:00","7974.456","HOT_SWEEP_50","50","0.141899377"
"2026-08-04 12:10:01.501 +07:00","7975.162","HOT_SWEEP_50","50","0.142802954"
"2026-08-04 12:10:02.180 +07:00","7975.841","HOT_SWEEP_50","50","0.142371014"
"2026-08-04 12:10:02.910 +07:00","7976.569","HOT_SWEEP_50","50","0.141824469"
"2026-08-04 12:10:03.601 +07:00","7977.26","HOT_SWEEP_50","50","0.142524645"
"2026-08-04 12:10:04.296 +07:00","7977.957","HOT_SWEEP_50","50","0.142624721"
"2026-08-04 12:10:04.983 +07:00","7978.642","HOT_SWEEP_50","50","0.142124772"
"2026-08-04 12:10:05.655 +07:00","7979.316","HOT_SWEEP_50","50","0.142697632"
"2026-08-04 12:10:06.347 +07:00","7980.004","HOT_SWEEP_50","50","0.142636448"
"2026-08-04 12:10:07.030 +07:00","7980.675","HOT_SWEEP_50","50","0.141721219"
"2026-08-04 12:10:07.723 +07:00","7981.379","HOT_SWEEP_50","50","0.142260954"
"2026-08-04 12:10:08.415 +07:00","7982.06","HOT_SWEEP_50","50","0.142430693"
"2026-08-04 12:10:09.093 +07:00","7982.754","HOT_SWEEP_50","50","0.141372591"
"2026-08-04 12:10:09.790 +07:00","7983.452","HOT_SWEEP_50","50","0.141976923"
"2026-08-04 12:10:10.497 +07:00","7984.158","HOT_SWEEP_50","50","0.142438501"
"2026-08-04 12:10:11.181 +07:00","7984.84","HOT_SWEEP_50","50","0.140806869"
"2026-08-04 12:10:11.875 +07:00","7985.527","HOT_SWEEP_50","50","0.140498787"
"2026-08-04 12:10:12.551 +07:00","7986.213","HOT_SWEEP_50","50","0.141125694"
"2026-08-04 12:10:13.242 +07:00","7986.903","HOT_SWEEP_50","50","0.140667796"
"2026-08-04 12:10:13.939 +07:00","7987.601","HOT_SWEEP_50","50","0.140149608"
"2026-08-04 12:10:14.618 +07:00","7988.265","HOT_SWEEP_50","50","0.140813231"
"2026-08-04 12:10:15.296 +07:00","7988.957","HOT_SWEEP_50","50","0.140768066"
"2026-08-04 12:10:15.996 +07:00","7989.655","HOT_SWEEP_50","50","0.140110448"
"2026-08-04 12:10:16.688 +07:00","7990.349","HOT_SWEEP_50","50","0.140548438"
"2026-08-04 12:10:17.380 +07:00","7991.039","HOT_SWEEP_50","50","0.141228452"
"2026-08-04 12:10:18.063 +07:00","7991.722","HOT_SWEEP_50","50","0.140624985"
"2026-08-04 12:10:18.756 +07:00","7992.401","HOT_SWEEP_50","50","0.141012624"
"2026-08-04 12:10:19.449 +07:00","7993.108","HOT_SWEEP_50","50","0.141933367"
"2026-08-04 12:10:20.123 +07:00","7993.784","HOT_SWEEP_50","50","0.140966266"
"2026-08-04 12:10:20.820 +07:00","7994.481","HOT_SWEEP_50","50","0.140938431"
"2026-08-04 12:10:21.500 +07:00","7995.161","HOT_SWEEP_50","50","0.1420324"
"2026-08-04 12:10:22.193 +07:00","7995.851","HOT_SWEEP_50","50","0.141256899"
"2026-08-04 12:10:22.888 +07:00","7996.549","HOT_SWEEP_50","50","0.141254038"
"2026-08-04 12:10:23.611 +07:00","7997.272","HOT_SWEEP_50","50","0.14230369"
"2026-08-04 12:10:24.277 +07:00","7997.938","HOT_SWEEP_50","50","0.142027617"
"2026-08-04 12:10:24.975 +07:00","7998.634","HOT_SWEEP_50","50","0.141656697"
"2026-08-04 12:10:25.668 +07:00","7999.328","HOT_SWEEP_50","50","0.142791033"
"2026-08-04 12:10:26.352 +07:00","8000.013","HOT_SWEEP_50","50","0.142961264"
"2026-08-04 12:10:27.036 +07:00","8000.697","HOT_SWEEP_50","50","0.142546132"
"2026-08-04 12:10:27.718 +07:00","8001.373","HOT_SWEEP_50","50","0.143271059"
"2026-08-04 12:10:28.412 +07:00","8002.057","HOT_SWEEP_50","50","0.143725634"
"2026-08-04 12:10:29.101 +07:00","8002.756","HOT_SWEEP_50","50","0.143168703"
"2026-08-04 12:10:29.784 +07:00","8003.445","HOT_SWEEP_50","50","0.14321214"
"2026-08-04 12:10:30.483 +07:00","8004.14","HOT_SWEEP_50","50","0.143975675"
"2026-08-04 12:10:31.170 +07:00","8004.818","HOT_SWEEP_50","50","0.143102676"
"2026-08-04 12:10:31.853 +07:00","8005.511","HOT_SWEEP_50","50","0.14290686"
"2026-08-04 12:10:32.548 +07:00","8006.206","HOT_SWEEP_50","50","0.14365463"
"2026-08-04 12:10:33.241 +07:00","8006.896","HOT_SWEEP_50","50","0.142933279"
"2026-08-04 12:10:33.932 +07:00","8007.578","HOT_SWEEP_50","50","0.142290413"
"2026-08-04 12:10:34.623 +07:00","8008.268","HOT_SWEEP_50","50","0.143258542"
"2026-08-04 12:10:35.315 +07:00","8008.976","HOT_SWEEP_50","50","0.143079519"
"2026-08-04 12:10:35.997 +07:00","8009.657","HOT_SWEEP_50","50","0.142206863"
"2026-08-04 12:10:36.681 +07:00","8010.335","HOT_SWEEP_50","50","0.14316766"
"2026-08-04 12:10:37.396 +07:00","8011.055","HOT_SWEEP_50","50","0.143398747"
"2026-08-04 12:10:38.063 +07:00","8011.724","HOT_SWEEP_50","50","0.142476127"
"2026-08-04 12:10:38.768 +07:00","8012.413","HOT_SWEEP_50","50","0.142907828"
"2026-08-04 12:10:39.461 +07:00","8013.106","HOT_SWEEP_50","50","0.143176898"
"2026-08-04 12:10:40.146 +07:00","8013.807","HOT_SWEEP_50","50","0.142333433"
"2026-08-04 12:10:40.830 +07:00","8014.491","HOT_SWEEP_50","50","0.142404169"
"2026-08-04 12:10:41.522 +07:00","8015.181","HOT_SWEEP_50","50","0.142888218"
"2026-08-04 12:10:42.195 +07:00","8015.856","HOT_SWEEP_50","50","0.142022878"
"2026-08-04 12:10:42.885 +07:00","8016.539","HOT_SWEEP_50","50","0.141795829"
"2026-08-04 12:10:43.573 +07:00","8017.223","HOT_SWEEP_50","50","0.142439812"
"2026-08-04 12:10:44.286 +07:00","8017.937","HOT_SWEEP_50","50","0.141643524"
"2026-08-04 12:10:44.961 +07:00","8018.622","HOT_SWEEP_50","50","0.141309753"
"2026-08-04 12:10:45.642 +07:00","8019.303","HOT_SWEEP_50","50","0.142102644"
"2026-08-04 12:10:46.328 +07:00","8019.989","HOT_SWEEP_50","50","0.142291427"
"2026-08-04 12:10:47.010 +07:00","8020.671","HOT_SWEEP_50","50","0.141736463"
"2026-08-04 12:10:47.693 +07:00","8021.354","HOT_SWEEP_50","50","0.142597109"
"2026-08-04 12:10:48.383 +07:00","8022.037","HOT_SWEEP_50","50","0.143514603"
"2026-08-04 12:10:49.085 +07:00","8022.737","HOT_SWEEP_50","50","0.142372951"
"2026-08-04 12:10:49.766 +07:00","8023.418","HOT_SWEEP_50","50","0.142731056"
"2026-08-04 12:10:50.442 +07:00","8024.103","HOT_SWEEP_50","50","0.143628001"
"2026-08-04 12:10:51.141 +07:00","8024.802","HOT_SWEEP_50","50","0.142849058"
"2026-08-04 12:10:51.824 +07:00","8025.485","HOT_SWEEP_50","50","0.142351776"
"2026-08-04 12:10:52.506 +07:00","8026.167","HOT_SWEEP_50","50","0.143497497"
"2026-08-04 12:10:53.189 +07:00","8026.85","HOT_SWEEP_50","50","0.142390937"
"2026-08-04 12:10:53.878 +07:00","8027.534","HOT_SWEEP_50","50","0.14151521"
"2026-08-04 12:10:54.557 +07:00","8028.218","HOT_SWEEP_50","50","0.142623931"
"2026-08-04 12:10:55.239 +07:00","8028.9","HOT_SWEEP_50","50","0.141680002"
"2026-08-04 12:10:55.922 +07:00","8029.583","HOT_SWEEP_50","50","0.141181141"
"2026-08-04 12:10:56.603 +07:00","8030.264","HOT_SWEEP_50","50","0.142657876"
"2026-08-04 12:10:57.303 +07:00","8030.964","HOT_SWEEP_50","50","0.142217457"
"2026-08-04 12:10:58.020 +07:00","8031.681","HOT_SWEEP_50","50","0.141115516"
"2026-08-04 12:10:58.706 +07:00","8032.367","HOT_SWEEP_50","50","0.142372578"
"2026-08-04 12:10:59.397 +07:00","8033.048","HOT_SWEEP_50","50","0.142745405"
"2026-08-04 12:11:00.086 +07:00","8033.747","HOT_SWEEP_50","50","0.142192394"
"2026-08-04 12:11:00.774 +07:00","8034.435","HOT_SWEEP_50","50","0.143004417"
"2026-08-04 12:11:01.454 +07:00","8035.115","HOT_SWEEP_50","50","0.143684238"
"2026-08-04 12:11:02.152 +07:00","8035.797","HOT_SWEEP_50","50","0.143029898"
"2026-08-04 12:11:02.835 +07:00","8036.496","HOT_SWEEP_50","50","0.143434078"
"2026-08-04 12:11:03.519 +07:00","8037.18","HOT_SWEEP_50","50","0.144043386"
"2026-08-04 12:11:04.201 +07:00","8037.862","HOT_SWEEP_50","50","0.143211365"
"2026-08-04 12:11:04.908 +07:00","8038.569","HOT_SWEEP_50","50","0.143175095"
"2026-08-04 12:11:05.585 +07:00","8039.246","HOT_SWEEP_50","50","0.14423126"
"2026-08-04 12:11:06.277 +07:00","8039.928","HOT_SWEEP_50","50","0.143777683"
"2026-08-04 12:11:06.966 +07:00","8040.627","HOT_SWEEP_50","50","0.14282462"
"2026-08-04 12:11:07.658 +07:00","8041.319","HOT_SWEEP_50","50","0.143933415"
"2026-08-04 12:11:08.334 +07:00","8041.995","HOT_SWEEP_50","50","0.144033626"
"2026-08-04 12:11:09.015 +07:00","8042.676","HOT_SWEEP_50","50","0.142938226"
"2026-08-04 12:11:09.700 +07:00","8043.361","HOT_SWEEP_50","50","0.143725172"
"2026-08-04 12:11:10.392 +07:00","8044.053","HOT_SWEEP_50","50","0.144109204"
"2026-08-04 12:11:11.065 +07:00","8044.727","HOT_SWEEP_50","50","0.143185914"
"2026-08-04 12:11:11.781 +07:00","8045.439","HOT_SWEEP_50","50","0.144319087"
"2026-08-04 12:11:12.464 +07:00","8046.125","HOT_SWEEP_50","50","0.144636005"
"2026-08-04 12:11:13.157 +07:00","8046.818","HOT_SWEEP_50","50","0.143406957"
"2026-08-04 12:11:13.856 +07:00","8047.513","HOT_SWEEP_50","50","0.143758342"
"2026-08-04 12:11:14.528 +07:00","8048.189","HOT_SWEEP_50","50","0.144464105"
"2026-08-04 12:11:15.213 +07:00","8048.874","HOT_SWEEP_50","50","0.143428728"
"2026-08-04 12:11:15.904 +07:00","8049.563","HOT_SWEEP_50","50","0.143300563"
"2026-08-04 12:11:16.579 +07:00","8050.24","HOT_SWEEP_50","50","0.144022316"
"2026-08-04 12:11:17.283 +07:00","8050.944","HOT_SWEEP_50","50","0.143295005"
"2026-08-04 12:11:17.961 +07:00","8051.622","HOT_SWEEP_50","50","0.143070579"
"2026-08-04 12:11:18.661 +07:00","8052.322","HOT_SWEEP_50","50","0.143384531"
"2026-08-04 12:11:19.353 +07:00","8053.012","HOT_SWEEP_50","50","0.143559366"
"2026-08-04 12:11:20.045 +07:00","8053.706","HOT_SWEEP_50","50","0.142813787"
"2026-08-04 12:11:20.726 +07:00","8054.387","HOT_SWEEP_50","50","0.143387049"
"2026-08-04 12:11:21.418 +07:00","8055.077","HOT_SWEEP_50","50","0.144059703"
"2026-08-04 12:11:22.096 +07:00","8055.757","HOT_SWEEP_50","50","0.143117234"
"2026-08-04 12:11:22.777 +07:00","8056.438","HOT_SWEEP_50","50","0.14353931"
"2026-08-04 12:11:23.460 +07:00","8057.121","HOT_SWEEP_50","50","0.144477397"
"2026-08-04 12:11:24.146 +07:00","8057.807","HOT_SWEEP_50","50","0.143747017"
"2026-08-04 12:11:24.836 +07:00","8058.493","HOT_SWEEP_50","50","0.143858507"
"2026-08-04 12:11:25.547 +07:00","8059.202","HOT_SWEEP_50","50","0.145247728"
"2026-08-04 12:11:26.232 +07:00","8059.877","HOT_SWEEP_50","50","0.144395724"
"2026-08-04 12:11:26.921 +07:00","8060.582","HOT_SWEEP_50","50","0.144179016"
"2026-08-04 12:11:27.608 +07:00","8061.269","HOT_SWEEP_50","50","0.145415902"
"2026-08-04 12:11:28.298 +07:00","8061.957","HOT_SWEEP_50","50","0.144464836"
"2026-08-04 12:11:28.975 +07:00","8062.636","HOT_SWEEP_50","50","0.143988445"
"2026-08-04 12:11:29.670 +07:00","8063.327","HOT_SWEEP_50","50","0.145306036"
"2026-08-04 12:11:30.360 +07:00","8064.019","HOT_SWEEP_50","50","0.145229787"
"2026-08-04 12:11:31.037 +07:00","8064.698","HOT_SWEEP_50","50","0.144539505"
"2026-08-04 12:11:31.721 +07:00","8065.382","HOT_SWEEP_50","50","0.145586655"
"2026-08-04 12:11:32.460 +07:00","8066.115","HOT_SWEEP_50","50","0.145564988"
"2026-08-04 12:11:33.146 +07:00","8066.798","HOT_SWEEP_50","50","0.145201102"
"2026-08-04 12:11:33.830 +07:00","8067.489","HOT_SWEEP_50","50","0.145743281"
"2026-08-04 12:11:34.509 +07:00","8068.17","HOT_SWEEP_50","50","0.146411911"
"2026-08-04 12:11:35.186 +07:00","8068.847","HOT_SWEEP_50","50","0.146082431"
"2026-08-04 12:11:35.871 +07:00","8069.532","HOT_SWEEP_50","50","0.145993337"
"2026-08-04 12:11:36.552 +07:00","8070.213","HOT_SWEEP_50","50","0.14677754"
"2026-08-04 12:11:37.235 +07:00","8070.896","HOT_SWEEP_50","50","0.146127924"
"2026-08-04 12:11:37.920 +07:00","8071.581","HOT_SWEEP_50","50","0.145499095"
"2026-08-04 12:11:38.601 +07:00","8072.262","HOT_SWEEP_50","50","0.146666229"
"2026-08-04 12:11:39.302 +07:00","8072.963","HOT_SWEEP_50","50","0.146472737"
"2026-08-04 12:11:39.985 +07:00","8073.646","HOT_SWEEP_50","50","0.145348698"
"2026-08-04 12:11:40.674 +07:00","8074.328","HOT_SWEEP_50","50","0.146417573"
"2026-08-04 12:11:41.351 +07:00","8075.012","HOT_SWEEP_50","50","0.146581411"
"2026-08-04 12:11:42.027 +07:00","8075.679","HOT_SWEEP_50","50","0.145208299"
"2026-08-04 12:11:42.725 +07:00","8076.384","HOT_SWEEP_50","50","0.146542057"
"2026-08-04 12:11:43.415 +07:00","8077.076","HOT_SWEEP_50","50","0.147077233"
"2026-08-04 12:11:44.098 +07:00","8077.759","HOT_SWEEP_50","50","0.146095231"
"2026-08-04 12:11:44.782 +07:00","8078.443","HOT_SWEEP_50","50","0.14712891"
"2026-08-04 12:11:45.466 +07:00","8079.127","HOT_SWEEP_50","50","0.147229001"
"2026-08-04 12:11:46.175 +07:00","8079.837","HOT_SWEEP_50","50","0.145667762"
"2026-08-04 12:11:46.867 +07:00","8080.525","HOT_SWEEP_50","50","0.145886153"
"2026-08-04 12:11:47.569 +07:00","8081.228","HOT_SWEEP_50","50","0.146352887"
"2026-08-04 12:11:48.246 +07:00","8081.907","HOT_SWEEP_50","50","0.145386055"
"2026-08-04 12:11:48.939 +07:00","8082.588","HOT_SWEEP_50","50","0.14524737"
"2026-08-04 12:11:49.628 +07:00","8083.289","HOT_SWEEP_50","50","0.146029025"
"2026-08-04 12:11:50.323 +07:00","8083.977","HOT_SWEEP_50","50","0.145166025"
"2026-08-04 12:11:51.011 +07:00","8084.672","HOT_SWEEP_50","50","0.144303337"
"2026-08-04 12:11:51.701 +07:00","8085.355","HOT_SWEEP_50","50","0.144606709"
"2026-08-04 12:11:52.378 +07:00","8086.039","HOT_SWEEP_50","50","0.144810408"
"2026-08-04 12:11:53.077 +07:00","8086.738","HOT_SWEEP_50","50","0.144319683"
"2026-08-04 12:11:53.768 +07:00","8087.423","HOT_SWEEP_50","50","0.144609064"
"2026-08-04 12:11:54.443 +07:00","8088.104","HOT_SWEEP_50","50","0.145585284"
"2026-08-04 12:11:55.134 +07:00","8088.795","HOT_SWEEP_50","50","0.14465116"
"2026-08-04 12:11:55.834 +07:00","8089.487","HOT_SWEEP_50","50","0.144978195"
"2026-08-04 12:11:56.510 +07:00","8090.171","HOT_SWEEP_50","50","0.145560429"
"2026-08-04 12:11:57.192 +07:00","8090.853","HOT_SWEEP_50","50","0.144614309"
"2026-08-04 12:11:57.875 +07:00","8091.536","HOT_SWEEP_50","50","0.144613296"
"2026-08-04 12:11:58.565 +07:00","8092.222","HOT_SWEEP_50","50","0.145927697"
"2026-08-04 12:11:59.242 +07:00","8092.903","HOT_SWEEP_50","50","0.144734174"
"2026-08-04 12:11:59.946 +07:00","8093.607","HOT_SWEEP_50","50","0.144441336"
"2026-08-04 12:12:00.633 +07:00","8094.292","HOT_SWEEP_50","50","0.145965174"
"2026-08-04 12:12:01.330 +07:00","8094.984","HOT_SWEEP_50","50","0.145108685"
"2026-08-04 12:12:02.006 +07:00","8095.667","HOT_SWEEP_50","50","0.144549057"
"2026-08-04 12:12:02.690 +07:00","8096.351","HOT_SWEEP_50","50","0.145834535"
"2026-08-04 12:12:03.373 +07:00","8097.034","HOT_SWEEP_50","50","0.145775571"
"2026-08-04 12:12:04.063 +07:00","8097.724","HOT_SWEEP_50","50","0.145165548"
"2026-08-04 12:12:04.739 +07:00","8098.4","HOT_SWEEP_50","50","0.14631556"
"2026-08-04 12:12:05.433 +07:00","8099.092","HOT_SWEEP_50","50","0.1468371"
"2026-08-04 12:12:06.120 +07:00","8099.781","HOT_SWEEP_50","50","0.146198899"
"2026-08-04 12:12:06.841 +07:00","8100.502","HOT_SWEEP_50","50","0.146927625"
"2026-08-04 12:12:07.522 +07:00","8101.183","HOT_SWEEP_50","50","0.147528961"
"2026-08-04 12:12:08.206 +07:00","8101.867","HOT_SWEEP_50","50","0.147080705"
"2026-08-04 12:12:08.889 +07:00","8102.55","HOT_SWEEP_50","50","0.146906704"
"2026-08-04 12:12:09.579 +07:00","8103.24","HOT_SWEEP_50","50","0.147696108"
"2026-08-04 12:12:10.253 +07:00","8103.915","HOT_SWEEP_50","50","0.146905571"
"2026-08-04 12:12:10.946 +07:00","8104.603","HOT_SWEEP_50","50","0.146581724"
"2026-08-04 12:12:11.642 +07:00","8105.298","HOT_SWEEP_50","50","0.147641867"
"2026-08-04 12:12:12.329 +07:00","8105.988","HOT_SWEEP_50","50","0.147214308"
"2026-08-04 12:12:13.003 +07:00","8106.664","HOT_SWEEP_50","50","0.146446183"
"2026-08-04 12:12:13.703 +07:00","8107.364","HOT_SWEEP_50","50","0.147421643"
"2026-08-04 12:12:14.410 +07:00","8108.069","HOT_SWEEP_50","50","0.147642866"
"2026-08-04 12:12:15.095 +07:00","8108.754","HOT_SWEEP_50","50","0.146237746"
"2026-08-04 12:12:15.769 +07:00","8109.43","HOT_SWEEP_50","50","0.147161037"
"2026-08-04 12:12:16.463 +07:00","8110.122","HOT_SWEEP_50","50","0.14751187"
"2026-08-04 12:12:17.150 +07:00","8110.811","HOT_SWEEP_50","50","0.146377206"
"2026-08-04 12:12:17.846 +07:00","8111.5","HOT_SWEEP_50","50","0.146964759"
"2026-08-04 12:12:18.516 +07:00","8112.177","HOT_SWEEP_50","50","0.147313684"
"2026-08-04 12:12:19.199 +07:00","8112.86","HOT_SWEEP_50","50","0.146230265"
"2026-08-04 12:12:19.882 +07:00","8113.543","HOT_SWEEP_50","50","0.14633575099999999"
"2026-08-04 12:12:20.598 +07:00","8114.259","HOT_SWEEP_50","50","0.146990269"
"2026-08-04 12:12:21.281 +07:00","8114.942","HOT_SWEEP_50","50","0.145941913"
"2026-08-04 12:12:21.961 +07:00","8115.622","HOT_SWEEP_50","50","0.145773783"
"2026-08-04 12:12:22.649 +07:00","8116.31","HOT_SWEEP_50","50","0.146456003"
"2026-08-04 12:12:23.356 +07:00","8117.015","HOT_SWEEP_50","50","0.145969048"
"2026-08-04 12:12:24.030 +07:00","8117.691","HOT_SWEEP_50","50","0.14535889"
"2026-08-04 12:12:24.714 +07:00","8118.375","HOT_SWEEP_50","50","0.145893142"
"2026-08-04 12:12:25.397 +07:00","8119.058","HOT_SWEEP_50","50","0.145868748"
"2026-08-04 12:12:26.079 +07:00","8119.74","HOT_SWEEP_50","50","0.144925162"
"2026-08-04 12:12:26.762 +07:00","8120.423","HOT_SWEEP_50","50","0.145732954"
"2026-08-04 12:12:27.477 +07:00","8121.138","HOT_SWEEP_50","50","0.146374226"
"2026-08-04 12:12:28.160 +07:00","8121.821","HOT_SWEEP_50","50","0.145321265"
"2026-08-04 12:12:28.843 +07:00","8122.504","HOT_SWEEP_50","50","0.145567209"
"2026-08-04 12:12:29.542 +07:00","8123.203","HOT_SWEEP_50","50","0.146632612"
"2026-08-04 12:12:30.226 +07:00","8123.887","HOT_SWEEP_50","50","0.145870581"
"2026-08-04 12:12:30.911 +07:00","8124.572","HOT_SWEEP_50","50","0.145885438"
"2026-08-04 12:12:31.602 +07:00","8125.261","HOT_SWEEP_50","50","0.147174791"
"2026-08-04 12:12:32.291 +07:00","8125.952","HOT_SWEEP_50","50","0.146333247"
"2026-08-04 12:12:32.984 +07:00","8126.641","HOT_SWEEP_50","50","0.146178171"
"2026-08-04 12:12:33.665 +07:00","8127.319","HOT_SWEEP_50","50","0.147187367"
"2026-08-04 12:12:34.377 +07:00","8128.038","HOT_SWEEP_50","50","0.146456674"
"2026-08-04 12:12:35.058 +07:00","8128.719","HOT_SWEEP_50","50","0.146209106"
"2026-08-04 12:12:35.751 +07:00","8129.401","HOT_SWEEP_50","50","0.147515371"
"2026-08-04 12:12:36.431 +07:00","8130.092","HOT_SWEEP_50","50","0.14759402"
"2026-08-04 12:12:37.123 +07:00","8130.768","HOT_SWEEP_50","50","0.146564454"
"2026-08-04 12:12:37.805 +07:00","8131.466","HOT_SWEEP_50","50","0.147599876"
"2026-08-04 12:12:38.489 +07:00","8132.15","HOT_SWEEP_50","50","0.148040488"
"2026-08-04 12:12:39.174 +07:00","8132.835","HOT_SWEEP_50","50","0.147550732"
"2026-08-04 12:12:39.849 +07:00","8133.508","HOT_SWEEP_50","50","0.148173511"
"2026-08-04 12:12:40.521 +07:00","8134.182","HOT_SWEEP_50","50","0.149131343"
"2026-08-04 12:12:41.244 +07:00","8134.903","HOT_SWEEP_50","50","0.148236066"
"2026-08-04 12:12:41.921 +07:00","8135.582","HOT_SWEEP_50","50","0.147974938"
"2026-08-04 12:12:42.604 +07:00","8136.265","HOT_SWEEP_50","50","0.148965001"
"2026-08-04 12:12:43.287 +07:00","8136.948","HOT_SWEEP_50","50","0.148032427"
"2026-08-04 12:12:43.978 +07:00","8137.637","HOT_SWEEP_50","50","0.14781937"
"2026-08-04 12:12:44.678 +07:00","8138.337","HOT_SWEEP_50","50","0.148837715"
"2026-08-04 12:12:45.360 +07:00","8139.017","HOT_SWEEP_50","50","0.148620889"
"2026-08-04 12:12:46.035 +07:00","8139.696","HOT_SWEEP_50","50","0.147404939"
"2026-08-04 12:12:46.718 +07:00","8140.379","HOT_SWEEP_50","50","0.148395702"
"2026-08-04 12:12:47.407 +07:00","8141.066","HOT_SWEEP_50","50","0.148397312"
"2026-08-04 12:12:48.127 +07:00","8141.786","HOT_SWEEP_50","50","0.147500724"
"2026-08-04 12:12:48.801 +07:00","8142.462","HOT_SWEEP_50","50","0.148544699"
"2026-08-04 12:12:49.484 +07:00","8143.145","HOT_SWEEP_50","50","0.149195284"
"2026-08-04 12:12:50.166 +07:00","8143.827","HOT_SWEEP_50","50","0.148379132"
"2026-08-04 12:12:50.857 +07:00","8144.519","HOT_SWEEP_50","50","0.149058297"
"2026-08-04 12:12:51.533 +07:00","8145.194","HOT_SWEEP_50","50","0.149886444"
"2026-08-04 12:12:52.216 +07:00","8145.877","HOT_SWEEP_50","50","0.148461133"
"2026-08-04 12:12:52.900 +07:00","8146.561","HOT_SWEEP_50","50","0.149052694"
"2026-08-04 12:12:53.582 +07:00","8147.243","HOT_SWEEP_50","50","0.14980948"
"2026-08-04 12:12:54.272 +07:00","8147.917","HOT_SWEEP_50","50","0.148731396"
"2026-08-04 12:12:54.996 +07:00","8148.642","HOT_SWEEP_50","50","0.148453519"
"2026-08-04 12:12:55.695 +07:00","8149.356","HOT_SWEEP_50","50","0.149295256"
"2026-08-04 12:12:56.401 +07:00","8150.051","HOT_SWEEP_50","50","0.148319066"
"2026-08-04 12:12:57.102 +07:00","8150.756","HOT_SWEEP_50","50","0.147653222"
"2026-08-04 12:12:57.795 +07:00","8151.456","HOT_SWEEP_50","50","0.147918969"
"2026-08-04 12:12:58.485 +07:00","8152.14","HOT_SWEEP_50","50","0.147951141"
"2026-08-04 12:12:59.160 +07:00","8152.821","HOT_SWEEP_50","50","0.147699744"
"2026-08-04 12:12:59.846 +07:00","8153.507","HOT_SWEEP_50","50","0.147775501"
"2026-08-04 12:13:00.535 +07:00","8154.196","HOT_SWEEP_50","50","0.14819023"
"2026-08-04 12:13:01.211 +07:00","8154.873","HOT_SWEEP_50","50","0.147736296"
"2026-08-04 12:13:01.910 +07:00","8155.571","HOT_SWEEP_50","50","0.147867128"
"2026-08-04 12:13:02.594 +07:00","8156.255","HOT_SWEEP_50","50","0.148551971"
"2026-08-04 12:13:03.276 +07:00","8156.937","HOT_SWEEP_50","50","0.148217335"
"2026-08-04 12:13:03.961 +07:00","8157.622","HOT_SWEEP_50","50","0.148194999"
"2026-08-04 12:13:04.627 +07:00","8158.288","HOT_SWEEP_50","50","0.149617523"
"2026-08-04 12:13:05.318 +07:00","8158.972","HOT_SWEEP_50","50","0.148811728"
"2026-08-04 12:13:05.992 +07:00","8159.653","HOT_SWEEP_50","50","0.148061916"
"2026-08-04 12:13:06.683 +07:00","8160.338","HOT_SWEEP_50","50","0.149505228"
"2026-08-04 12:13:07.370 +07:00","8161.019","HOT_SWEEP_50","50","0.148989782"
"2026-08-04 12:13:08.057 +07:00","8161.718","HOT_SWEEP_50","50","0.148077071"
"2026-08-04 12:13:08.764 +07:00","8162.421","HOT_SWEEP_50","50","0.149689198"
"2026-08-04 12:13:09.441 +07:00","8163.102","HOT_SWEEP_50","50","0.149921134"
"2026-08-04 12:13:10.124 +07:00","8163.785","HOT_SWEEP_50","50","0.148975387"
"2026-08-04 12:13:10.807 +07:00","8164.468","HOT_SWEEP_50","50","0.150173113"
"2026-08-04 12:13:11.490 +07:00","8165.151","HOT_SWEEP_50","50","0.150887534"
"2026-08-04 12:13:12.174 +07:00","8165.835","HOT_SWEEP_50","50","0.149957001"
"2026-08-04 12:13:12.860 +07:00","8166.521","HOT_SWEEP_50","50","0.150664285"
"2026-08-04 12:13:13.543 +07:00","8167.204","HOT_SWEEP_50","50","0.151629418"
"2026-08-04 12:13:14.236 +07:00","8167.897","HOT_SWEEP_50","50","0.150926977"
"2026-08-04 12:13:14.920 +07:00","8168.581","HOT_SWEEP_50","50","0.151072159"
"2026-08-04 12:13:15.638 +07:00","8169.299","HOT_SWEEP_50","50","0.152133808"
"2026-08-04 12:13:16.321 +07:00","8169.982","HOT_SWEEP_50","50","0.151617363"
"2026-08-04 12:13:17.004 +07:00","8170.665","HOT_SWEEP_50","50","0.150973409"
"2026-08-04 12:13:17.696 +07:00","8171.355","HOT_SWEEP_50","50","0.151755765"
"2026-08-04 12:13:18.393 +07:00","8172.045","HOT_SWEEP_50","50","0.151547685"
"2026-08-04 12:13:19.070 +07:00","8172.731","HOT_SWEEP_50","50","0.150745034"
"2026-08-04 12:13:19.761 +07:00","8173.422","HOT_SWEEP_50","50","0.151584059"
"2026-08-04 12:13:20.433 +07:00","8174.094","HOT_SWEEP_50","50","0.151636854"
"2026-08-04 12:13:21.118 +07:00","8174.779","HOT_SWEEP_50","50","0.15048708"
"2026-08-04 12:13:21.802 +07:00","8175.463","HOT_SWEEP_50","50","0.151460826"
"2026-08-04 12:13:22.505 +07:00","8176.166","HOT_SWEEP_50","50","0.151422739"
"2026-08-04 12:13:23.193 +07:00","8176.846","HOT_SWEEP_50","50","0.150158778"
"2026-08-04 12:13:23.876 +07:00","8177.535","HOT_SWEEP_50","50","0.150890857"
"2026-08-04 12:13:24.550 +07:00","8178.211","HOT_SWEEP_50","50","0.151561618"
"2026-08-04 12:13:25.217 +07:00","8178.878","HOT_SWEEP_50","50","0.150100306"
"2026-08-04 12:13:25.899 +07:00","8179.56","HOT_SWEEP_50","50","0.150461733"
"2026-08-04 12:13:26.590 +07:00","8180.251","HOT_SWEEP_50","50","0.151661098"
"2026-08-04 12:13:27.282 +07:00","8180.943","HOT_SWEEP_50","50","0.150278598"
"2026-08-04 12:13:27.965 +07:00","8181.626","HOT_SWEEP_50","50","0.149959147"
"2026-08-04 12:13:28.649 +07:00","8182.31","HOT_SWEEP_50","50","0.151112527"
"2026-08-04 12:13:29.374 +07:00","8183.008","HOT_SWEEP_50","50","0.150369152"
"2026-08-04 12:13:30.055 +07:00","8183.709","HOT_SWEEP_50","50","0.149439901"
"2026-08-04 12:13:30.731 +07:00","8184.392","HOT_SWEEP_50","50","0.150246859"
"2026-08-04 12:13:31.412 +07:00","8185.073","HOT_SWEEP_50","50","0.150051236"
"2026-08-04 12:13:32.104 +07:00","8185.765","HOT_SWEEP_50","50","0.148999512"
"2026-08-04 12:13:32.796 +07:00","8186.457","HOT_SWEEP_50","50","0.149723813"
"2026-08-04 12:13:33.485 +07:00","8187.146","HOT_SWEEP_50","50","0.149855152"
"2026-08-04 12:13:34.163 +07:00","8187.824","HOT_SWEEP_50","50","0.149023265"
"2026-08-04 12:13:34.829 +07:00","8188.49","HOT_SWEEP_50","50","0.149737388"
"2026-08-04 12:13:35.511 +07:00","8189.172","HOT_SWEEP_50","50","0.150214121"
"2026-08-04 12:13:36.219 +07:00","8189.874","HOT_SWEEP_50","50","0.149169579"
"2026-08-04 12:13:36.895 +07:00","8190.556","HOT_SWEEP_50","50","0.149628967"
"2026-08-04 12:13:37.576 +07:00","8191.237","HOT_SWEEP_50","50","0.150811523"
"2026-08-04 12:13:38.268 +07:00","8191.922","HOT_SWEEP_50","50","0.149670154"
"2026-08-04 12:13:38.943 +07:00","8192.604","HOT_SWEEP_50","50","0.149439409"
"2026-08-04 12:13:39.627 +07:00","8193.288","HOT_SWEEP_50","50","0.15073806"
"2026-08-04 12:13:40.318 +07:00","8193.97","HOT_SWEEP_50","50","0.149488181"
"2026-08-04 12:13:40.991 +07:00","8194.653","HOT_SWEEP_50","50","0.148862928"
"2026-08-04 12:13:41.681 +07:00","8195.342","HOT_SWEEP_50","50","0.150323257"
"2026-08-04 12:13:42.358 +07:00","8196.019","HOT_SWEEP_50","50","0.149485767"
"2026-08-04 12:13:43.058 +07:00","8196.719","HOT_SWEEP_50","50","0.148680687"
"2026-08-04 12:13:43.741 +07:00","8197.402","HOT_SWEEP_50","50","0.149989083"
"2026-08-04 12:13:44.436 +07:00","8198.095","HOT_SWEEP_50","50","0.149680108"
"2026-08-04 12:13:45.122 +07:00","8198.783","HOT_SWEEP_50","50","0.148700193"
"2026-08-04 12:13:45.804 +07:00","8199.465","HOT_SWEEP_50","50","0.149948329"
"2026-08-04 12:13:46.496 +07:00","8200.151","HOT_SWEEP_50","50","0.150276199"
"2026-08-04 12:13:47.178 +07:00","8200.839","HOT_SWEEP_50","50","0.149620414"
"2026-08-04 12:13:47.856 +07:00","8201.517","HOT_SWEEP_50","50","0.150527969"
"2026-08-04 12:13:48.537 +07:00","8202.198","HOT_SWEEP_50","50","0.150953084"
"2026-08-04 12:13:49.222 +07:00","8202.883","HOT_SWEEP_50","50","0.150083184"
"2026-08-04 12:13:49.945 +07:00","8203.599","HOT_SWEEP_50","50","0.15049915"
"2026-08-04 12:13:50.647 +07:00","8204.296","HOT_SWEEP_50","50","0.151348948"
"2026-08-04 12:13:51.320 +07:00","8204.981","HOT_SWEEP_50","50","0.150793046"
"2026-08-04 12:13:52.014 +07:00","8205.671","HOT_SWEEP_50","50","0.150214717"
"2026-08-04 12:13:52.701 +07:00","8206.362","HOT_SWEEP_50","50","0.151158988"
"2026-08-04 12:13:53.387 +07:00","8207.048","HOT_SWEEP_50","50","0.150413513"
"2026-08-04 12:13:54.079 +07:00","8207.738","HOT_SWEEP_50","50","0.149431303"
"2026-08-04 12:13:54.752 +07:00","8208.413","HOT_SWEEP_50","50","0.15022321"
"2026-08-04 12:13:55.435 +07:00","8209.096","HOT_SWEEP_50","50","0.150333092"
"2026-08-04 12:13:56.118 +07:00","8209.779","HOT_SWEEP_50","50","0.149197906"
"2026-08-04 12:13:56.833 +07:00","8210.494","HOT_SWEEP_50","50","0.149809942"
"2026-08-04 12:13:57.527 +07:00","8211.184","HOT_SWEEP_50","50","0.14977923"
"2026-08-04 12:13:58.214 +07:00","8211.861","HOT_SWEEP_50","50","0.148535997"
"2026-08-04 12:13:58.900 +07:00","8212.561","HOT_SWEEP_50","50","0.149514422"
"2026-08-04 12:13:59.585 +07:00","8213.246","HOT_SWEEP_50","50","0.149742723"
"2026-08-04 12:14:00.267 +07:00","8213.928","HOT_SWEEP_50","50","0.148858234"
"2026-08-04 12:14:00.949 +07:00","8214.61","HOT_SWEEP_50","50","0.149082273"
"2026-08-04 12:14:01.633 +07:00","8215.294","HOT_SWEEP_50","50","0.149625227"
"2026-08-04 12:14:02.312 +07:00","8215.957","HOT_SWEEP_50","50","0.148531035"
"2026-08-04 12:14:02.998 +07:00","8216.659","HOT_SWEEP_50","50","0.148378983"
"2026-08-04 12:14:03.705 +07:00","8217.359","HOT_SWEEP_50","50","0.14923653"
"2026-08-04 12:14:04.390 +07:00","8218.041","HOT_SWEEP_50","50","0.148717269"
"2026-08-04 12:14:05.063 +07:00","8218.724","HOT_SWEEP_50","50","0.148085564"
"2026-08-04 12:14:05.747 +07:00","8219.408","HOT_SWEEP_50","50","0.149007052"
"2026-08-04 12:14:06.428 +07:00","8220.089","HOT_SWEEP_50","50","0.148817196"
"2026-08-04 12:14:07.108 +07:00","8220.755","HOT_SWEEP_50","50","0.147685125"
"2026-08-04 12:14:07.794 +07:00","8221.455","HOT_SWEEP_50","50","0.148719966"
"2026-08-04 12:14:08.478 +07:00","8222.139","HOT_SWEEP_50","50","0.14923057"
"2026-08-04 12:14:09.162 +07:00","8222.823","HOT_SWEEP_50","50","0.147950366"
"2026-08-04 12:14:09.851 +07:00","8223.511","HOT_SWEEP_50","50","0.149029389"
"2026-08-04 12:14:10.560 +07:00","8224.221","HOT_SWEEP_50","50","0.1496564"
"2026-08-04 12:14:11.246 +07:00","8224.907","HOT_SWEEP_50","50","0.148590386"
"2026-08-04 12:14:11.925 +07:00","8225.586","HOT_SWEEP_50","50","0.149193466"
"2026-08-04 12:14:12.611 +07:00","8226.272","HOT_SWEEP_50","50","0.150245801"
"2026-08-04 12:14:13.293 +07:00","8226.954","HOT_SWEEP_50","50","0.149513602"
"2026-08-04 12:14:13.977 +07:00","8227.638","HOT_SWEEP_50","50","0.149393633"
"2026-08-04 12:14:14.663 +07:00","8228.324","HOT_SWEEP_50","50","0.150636792"
"2026-08-04 12:14:15.342 +07:00","8229.004","HOT_SWEEP_50","50","0.149577409"
"2026-08-04 12:14:16.035 +07:00","8229.694","HOT_SWEEP_50","50","0.149197936"
"2026-08-04 12:14:16.703 +07:00","8230.364","HOT_SWEEP_50","50","0.150229767"
"2026-08-04 12:14:17.424 +07:00","8231.085","HOT_SWEEP_50","50","0.149634883"
"2026-08-04 12:14:18.111 +07:00","8231.772","HOT_SWEEP_50","50","0.148990616"
"2026-08-04 12:14:18.795 +07:00","8232.456","HOT_SWEEP_50","50","0.149791658"
"2026-08-04 12:14:19.492 +07:00","8233.153","HOT_SWEEP_50","50","0.149722889"
"2026-08-04 12:14:20.175 +07:00","8233.836","HOT_SWEEP_50","50","0.148832828"
"2026-08-04 12:14:20.866 +07:00","8234.519","HOT_SWEEP_50","50","0.149983704"
"2026-08-04 12:14:21.549 +07:00","8235.2","HOT_SWEEP_50","50","0.150350079"
"2026-08-04 12:14:22.232 +07:00","8235.889","HOT_SWEEP_50","50","0.149961203"
"2026-08-04 12:14:22.907 +07:00","8236.568","HOT_SWEEP_50","50","0.150787801"
"2026-08-04 12:14:23.588 +07:00","8237.25","HOT_SWEEP_50","50","0.151560217"
"2026-08-04 12:14:24.306 +07:00","8237.967","HOT_SWEEP_50","50","0.151023537"
"2026-08-04 12:14:24.990 +07:00","8238.651","HOT_SWEEP_50","50","0.150581107"
"2026-08-04 12:14:25.671 +07:00","8239.332","HOT_SWEEP_50","50","0.151724592"
"2026-08-04 12:14:26.355 +07:00","8240.016","HOT_SWEEP_50","50","0.15091905"
"2026-08-04 12:14:27.035 +07:00","8240.696","HOT_SWEEP_50","50","0.150406733"
"2026-08-04 12:14:27.720 +07:00","8241.381","HOT_SWEEP_50","50","0.1514965"
"2026-08-04 12:14:28.401 +07:00","8242.062","HOT_SWEEP_50","50","0.150996312"
"2026-08-04 12:14:29.084 +07:00","8242.745","HOT_SWEEP_50","50","0.149648041"
"2026-08-04 12:14:29.770 +07:00","8243.431","HOT_SWEEP_50","50","0.150508732"
"2026-08-04 12:14:30.446 +07:00","8244.107","HOT_SWEEP_50","50","0.150343686"
"2026-08-04 12:14:31.148 +07:00","8244.81","HOT_SWEEP_50","50","0.14915137"
"2026-08-04 12:14:31.817 +07:00","8245.478","HOT_SWEEP_50","50","0.150629684"
"2026-08-04 12:14:32.507 +07:00","8246.168","HOT_SWEEP_50","50","0.151195198"
"2026-08-04 12:14:33.194 +07:00","8246.853","HOT_SWEEP_50","50","0.149769619"
"2026-08-04 12:14:33.866 +07:00","8247.527","HOT_SWEEP_50","50","0.150666118"
"2026-08-04 12:14:34.551 +07:00","8248.212","HOT_SWEEP_50","50","0.151259452"
"2026-08-04 12:14:35.233 +07:00","8248.894","HOT_SWEEP_50","50","0.149794966"
"2026-08-04 12:14:35.916 +07:00","8249.577","HOT_SWEEP_50","50","0.150577843"
"2026-08-04 12:14:36.598 +07:00","8250.259","HOT_SWEEP_50","50","0.151608229"
"2026-08-04 12:14:37.277 +07:00","8250.936","HOT_SWEEP_50","50","0.150204971"
"2026-08-04 12:14:37.982 +07:00","8251.643","HOT_SWEEP_50","50","0.150506362"
"2026-08-04 12:14:38.679 +07:00","8252.324","HOT_SWEEP_50","50","0.151567072"
"2026-08-04 12:14:39.365 +07:00","8253.026","HOT_SWEEP_50","50","0.150153786"
"2026-08-04 12:14:40.046 +07:00","8253.707","HOT_SWEEP_50","50","0.149709642"
"2026-08-04 12:14:40.729 +07:00","8254.39","HOT_SWEEP_50","50","0.15065138"
"2026-08-04 12:14:41.412 +07:00","8255.073","HOT_SWEEP_50","50","0.150044709"
"2026-08-04 12:14:42.103 +07:00","8255.762","HOT_SWEEP_50","50","0.149262413"
"2026-08-04 12:14:42.800 +07:00","8256.46","HOT_SWEEP_50","50","0.150223166"
"2026-08-04 12:14:43.488 +07:00","8257.143","HOT_SWEEP_50","50","0.150156483"
"2026-08-04 12:14:44.167 +07:00","8257.828","HOT_SWEEP_50","50","0.149369672"
"2026-08-04 12:14:44.863 +07:00","8258.524","HOT_SWEEP_50","50","0.150066823"
"2026-08-04 12:14:45.545 +07:00","8259.206","HOT_SWEEP_50","50","0.150554925"
"2026-08-04 12:14:46.239 +07:00","8259.896","HOT_SWEEP_50","50","0.14958249"
"2026-08-04 12:14:46.908 +07:00","8260.569","HOT_SWEEP_50","50","0.150117248"
"2026-08-04 12:14:47.599 +07:00","8261.258","HOT_SWEEP_50","50","0.15118511"
"2026-08-04 12:14:48.279 +07:00","8261.932","HOT_SWEEP_50","50","0.150181741"
"2026-08-04 12:14:48.952 +07:00","8262.613","HOT_SWEEP_50","50","0.150409907"
"2026-08-04 12:14:49.634 +07:00","8263.295","HOT_SWEEP_50","50","0.151266813"
"2026-08-04 12:14:50.319 +07:00","8263.98","HOT_SWEEP_50","50","0.150395587"
"2026-08-04 12:14:50.998 +07:00","8264.66","HOT_SWEEP_50","50","0.150033161"
"2026-08-04 12:14:51.702 +07:00","8265.363","HOT_SWEEP_50","50","0.151392266"
"2026-08-04 12:14:52.379 +07:00","8266.04","HOT_SWEEP_50","50","0.150483876"
"2026-08-04 12:14:53.063 +07:00","8266.724","HOT_SWEEP_50","50","0.149941251"
"2026-08-04 12:14:53.743 +07:00","8267.404","HOT_SWEEP_50","50","0.151688874"
"2026-08-04 12:14:54.425 +07:00","8268.086","HOT_SWEEP_50","50","0.150851235"
"2026-08-04 12:14:55.115 +07:00","8268.774","HOT_SWEEP_50","50","0.149938583"
"2026-08-04 12:14:55.786 +07:00","8269.447","HOT_SWEEP_50","50","0.151580378"
"2026-08-04 12:14:56.470 +07:00","8270.131","HOT_SWEEP_50","50","0.151646361"
"2026-08-04 12:14:57.150 +07:00","8270.811","HOT_SWEEP_50","50","0.150534913"
"2026-08-04 12:14:57.833 +07:00","8271.494","HOT_SWEEP_50","50","0.151874065"
"2026-08-04 12:14:58.546 +07:00","8272.207","HOT_SWEEP_50","50","0.152051389"
"2026-08-04 12:14:59.229 +07:00","8272.89","HOT_SWEEP_50","50","0.151143983"
"2026-08-04 12:14:59.910 +07:00","8273.571","HOT_SWEEP_50","50","0.152110159"
"2026-08-04 12:15:00.602 +07:00","8274.261","HOT_SWEEP_50","50","0.152870804"
"2026-08-04 12:15:01.281 +07:00","8274.94","HOT_SWEEP_50","50","0.152182162"
"2026-08-04 12:15:01.974 +07:00","8275.624","HOT_SWEEP_50","50","0.152503461"
"2026-08-04 12:15:02.657 +07:00","8276.316","HOT_SWEEP_50","50","0.153097332"
"2026-08-04 12:15:03.340 +07:00","8277.001","HOT_SWEEP_50","50","0.152051136"
"2026-08-04 12:15:04.028 +07:00","8277.689","HOT_SWEEP_50","50","0.151780158"
"2026-08-04 12:15:04.701 +07:00","8278.362","HOT_SWEEP_50","50","0.153058976"
"2026-08-04 12:15:05.428 +07:00","8279.085","HOT_SWEEP_50","50","0.152770922"
"2026-08-04 12:15:06.108 +07:00","8279.769","HOT_SWEEP_50","50","0.152028531"
"2026-08-04 12:15:06.798 +07:00","8280.459","HOT_SWEEP_50","50","0.152996585"
"2026-08-04 12:15:07.494 +07:00","8281.143","HOT_SWEEP_50","50","0.152812392"
"2026-08-04 12:15:08.191 +07:00","8281.85","HOT_SWEEP_50","50","0.151875153"
"2026-08-04 12:15:08.872 +07:00","8282.531","HOT_SWEEP_50","50","0.15284127"
"2026-08-04 12:15:09.567 +07:00","8283.226","HOT_SWEEP_50","50","0.153468966"
"2026-08-04 12:15:10.246 +07:00","8283.897","HOT_SWEEP_50","50","0.152911454"
"2026-08-04 12:15:10.932 +07:00","8284.593","HOT_SWEEP_50","50","0.153657511"
"2026-08-04 12:15:11.610 +07:00","8285.271","HOT_SWEEP_50","50","0.153725594"
"2026-08-04 12:15:12.320 +07:00","8285.981","HOT_SWEEP_50","50","0.152451664"
"2026-08-04 12:15:13.012 +07:00","8286.662","HOT_SWEEP_50","50","0.152553961"
"2026-08-04 12:15:13.695 +07:00","8287.357","HOT_SWEEP_50","50","0.152823508"
"2026-08-04 12:15:14.380 +07:00","8288.041","HOT_SWEEP_50","50","0.151772857"
"2026-08-04 12:15:15.068 +07:00","8288.723","HOT_SWEEP_50","50","0.151472449"
"2026-08-04 12:15:15.746 +07:00","8289.405","HOT_SWEEP_50","50","0.152150854"
"2026-08-04 12:15:16.440 +07:00","8290.101","HOT_SWEEP_50","50","0.151354939"
"2026-08-04 12:15:17.123 +07:00","8290.782","HOT_SWEEP_50","50","0.150460467"
"2026-08-04 12:15:17.808 +07:00","8291.469","HOT_SWEEP_50","50","0.151221588"
"2026-08-04 12:15:18.499 +07:00","8292.158","HOT_SWEEP_50","50","0.151339665"
"2026-08-04 12:15:19.203 +07:00","8292.864","HOT_SWEEP_50","50","0.15077737"
"2026-08-04 12:15:19.886 +07:00","8293.547","HOT_SWEEP_50","50","0.151525438"
"2026-08-04 12:15:20.576 +07:00","8294.228","HOT_SWEEP_50","50","0.152341321"
"2026-08-04 12:15:21.275 +07:00","8294.927","HOT_SWEEP_50","50","0.151644155"
"2026-08-04 12:15:21.969 +07:00","8295.614","HOT_SWEEP_50","50","0.152249247"
"2026-08-04 12:15:22.668 +07:00","8296.316","HOT_SWEEP_50","50","0.153104514"
"2026-08-04 12:15:23.357 +07:00","8297.003","HOT_SWEEP_50","50","0.152313903"
"2026-08-04 12:15:24.056 +07:00","8297.706","HOT_SWEEP_50","50","0.152415067"
"2026-08-04 12:15:24.761 +07:00","8298.406","HOT_SWEEP_50","50","0.153262809"
"2026-08-04 12:15:25.457 +07:00","8299.11","HOT_SWEEP_50","50","0.152592614"
"2026-08-04 12:15:26.166 +07:00","8299.812","HOT_SWEEP_50","50","0.152328372"
"2026-08-04 12:15:26.866 +07:00","8300.514","HOT_SWEEP_50","50","0.15299052"
"2026-08-04 12:15:27.559 +07:00","8301.205","HOT_SWEEP_50","50","0.152787849"
"2026-08-04 12:15:28.257 +07:00","8301.909","HOT_SWEEP_50","50","0.152594715"
"2026-08-04 12:15:28.952 +07:00","8302.606","HOT_SWEEP_50","50","0.153173342"
"2026-08-04 12:15:29.648 +07:00","8303.299","HOT_SWEEP_50","50","0.153117403"
"2026-08-04 12:15:30.356 +07:00","8304.001","HOT_SWEEP_50","50","0.153198317"
"2026-08-04 12:15:31.051 +07:00","8304.706","HOT_SWEEP_50","50","0.153579339"
"2026-08-04 12:15:31.748 +07:00","8305.392","HOT_SWEEP_50","50","0.153633147"
"2026-08-04 12:15:32.445 +07:00","8306.096","HOT_SWEEP_50","50","0.154115319"
"2026-08-04 12:15:33.184 +07:00","8306.829","HOT_SWEEP_50","50","0.154283822"
"2026-08-04 12:15:33.879 +07:00","8307.532","HOT_SWEEP_50","50","0.154270023"
"2026-08-04 12:15:34.577 +07:00","8308.222","HOT_SWEEP_50","50","0.154441327"
"2026-08-04 12:15:35.277 +07:00","8308.924","HOT_SWEEP_50","50","0.154760092"
"2026-08-04 12:15:35.970 +07:00","8309.615","HOT_SWEEP_50","50","0.15448907"
"2026-08-04 12:15:36.674 +07:00","8310.32","HOT_SWEEP_50","50","0.154516831"
"2026-08-04 12:15:37.360 +07:00","8311.005","HOT_SWEEP_50","50","0.154436558"
"2026-08-04 12:15:38.056 +07:00","8311.703","HOT_SWEEP_50","50","0.154222086"
"2026-08-04 12:15:38.762 +07:00","8312.395","HOT_SWEEP_50","50","0.15398483"
"2026-08-04 12:15:39.465 +07:00","8313.106","HOT_SWEEP_50","50","0.153276712"
"2026-08-04 12:15:40.191 +07:00","8313.832","HOT_SWEEP_50","50","0.153132319"
"2026-08-04 12:15:40.885 +07:00","8314.53","HOT_SWEEP_50","50","0.152960151"
"2026-08-04 12:15:41.579 +07:00","8315.235","HOT_SWEEP_50","50","0.152969092"
"2026-08-04 12:15:42.275 +07:00","8315.927","HOT_SWEEP_50","50","0.152609512"
"2026-08-04 12:15:42.974 +07:00","8316.623","HOT_SWEEP_50","50","0.152194113"
"2026-08-04 12:15:43.669 +07:00","8317.318","HOT_SWEEP_50","50","0.152199253"
"2026-08-04 12:15:44.366 +07:00","8318.012","HOT_SWEEP_50","50","0.152047798"
"2026-08-04 12:15:45.065 +07:00","8318.714","HOT_SWEEP_50","50","0.152222604"
"2026-08-04 12:15:45.758 +07:00","8319.403","HOT_SWEEP_50","50","0.152406186"
"2026-08-04 12:15:46.456 +07:00","8320.103","HOT_SWEEP_50","50","0.152703032"
"2026-08-04 12:15:47.184 +07:00","8320.835","HOT_SWEEP_50","50","0.152585655"
"2026-08-04 12:15:47.894 +07:00","8321.527","HOT_SWEEP_50","50","0.152882725"
"2026-08-04 12:15:48.591 +07:00","8322.236","HOT_SWEEP_50","50","0.152784601"
"2026-08-04 12:15:49.286 +07:00","8322.929","HOT_SWEEP_50","50","0.153175741"
"2026-08-04 12:15:49.983 +07:00","8323.628","HOT_SWEEP_50","50","0.153462023"
"2026-08-04 12:15:50.683 +07:00","8324.333","HOT_SWEEP_50","50","0.153272554"
"2026-08-04 12:15:51.389 +07:00","8325.034","HOT_SWEEP_50","50","0.15361695"
"2026-08-04 12:15:52.083 +07:00","8325.728","HOT_SWEEP_50","50","0.153344035"
"2026-08-04 12:15:52.782 +07:00","8326.427","HOT_SWEEP_50","50","0.153191"
"2026-08-04 12:15:53.484 +07:00","8327.125","HOT_SWEEP_50","50","0.153326482"
"2026-08-04 12:15:54.192 +07:00","8327.845","HOT_SWEEP_50","50","0.153285503"
"2026-08-04 12:15:54.888 +07:00","8328.529","HOT_SWEEP_50","50","0.153092504"
"2026-08-04 12:15:55.581 +07:00","8329.225","HOT_SWEEP_50","50","0.153083533"
"2026-08-04 12:15:56.281 +07:00","8329.93","HOT_SWEEP_50","50","0.152602449"
"2026-08-04 12:15:56.970 +07:00","8330.615","HOT_SWEEP_50","50","0.152582332"
"2026-08-04 12:15:57.666 +07:00","8331.313","HOT_SWEEP_50","50","0.152707741"
"2026-08-04 12:15:58.366 +07:00","8332.009","HOT_SWEEP_50","50","0.152247146"
"2026-08-04 12:15:59.062 +07:00","8332.716","HOT_SWEEP_50","50","0.152446568"
"2026-08-04 12:15:59.759 +07:00","8333.404","HOT_SWEEP_50","50","0.152611181"
"2026-08-04 12:16:00.456 +07:00","8334.101","HOT_SWEEP_50","50","0.152152508"
"2026-08-04 12:16:01.185 +07:00","8334.837","HOT_SWEEP_50","50","0.15215306"
"2026-08-04 12:16:01.880 +07:00","8335.523","HOT_SWEEP_50","50","0.152066961"
"2026-08-04 12:16:02.576 +07:00","8336.222","HOT_SWEEP_50","50","0.151973918"
"2026-08-04 12:16:03.276 +07:00","8336.92","HOT_SWEEP_50","50","0.151840001"
"2026-08-04 12:16:03.972 +07:00","8337.618","HOT_SWEEP_50","50","0.151786178"
"2026-08-04 12:16:04.668 +07:00","8338.321","HOT_SWEEP_50","50","0.152018934"
"2026-08-04 12:16:05.368 +07:00","8339.011","HOT_SWEEP_50","50","0.152023003"
"2026-08-04 12:16:06.064 +07:00","8339.711","HOT_SWEEP_50","50","0.151639149"
"2026-08-04 12:16:06.760 +07:00","8340.411","HOT_SWEEP_50","50","0.151385754"
"2026-08-04 12:16:07.459 +07:00","8341.104","HOT_SWEEP_50","50","0.151247993"
"2026-08-04 12:16:08.188 +07:00","8341.833","HOT_SWEEP_50","50","0.151196331"
"2026-08-04 12:16:08.885 +07:00","8342.53","HOT_SWEEP_50","50","0.151372582"
"2026-08-04 12:16:09.583 +07:00","8343.229","HOT_SWEEP_50","50","0.151331991"
"2026-08-04 12:16:10.281 +07:00","8343.936","HOT_SWEEP_50","50","0.151676759"
"2026-08-04 12:16:10.993 +07:00","8344.647","HOT_SWEEP_50","50","0.152003378"
"2026-08-04 12:16:11.692 +07:00","8345.343","HOT_SWEEP_50","50","0.151709884"
"2026-08-04 12:16:12.385 +07:00","8346.03","HOT_SWEEP_50","50","0.152145475"
"2026-08-04 12:16:13.083 +07:00","8346.734","HOT_SWEEP_50","50","0.152410612"
"2026-08-04 12:16:13.777 +07:00","8347.428","HOT_SWEEP_50","50","0.152401552"
"2026-08-04 12:16:14.489 +07:00","8348.139","HOT_SWEEP_50","50","0.152801067"
"2026-08-04 12:16:15.204 +07:00","8348.849","HOT_SWEEP_50","50","0.152697727"
"2026-08-04 12:16:15.903 +07:00","8349.544","HOT_SWEEP_50","50","0.152586415"
"2026-08-04 12:16:16.598 +07:00","8350.241","HOT_SWEEP_50","50","0.152630657"
"2026-08-04 12:16:17.297 +07:00","8350.946","HOT_SWEEP_50","50","0.152409747"
"2026-08-04 12:16:17.986 +07:00","8351.631","HOT_SWEEP_50","50","0.152243823"
"2026-08-04 12:16:18.683 +07:00","8352.336","HOT_SWEEP_50","50","0.152533412"
"2026-08-04 12:16:19.384 +07:00","8353.033","HOT_SWEEP_50","50","0.15213351"
"2026-08-04 12:16:20.086 +07:00","8353.74","HOT_SWEEP_50","50","0.152239546"
"2026-08-04 12:16:20.783 +07:00","8354.432","HOT_SWEEP_50","50","0.152376801"
"2026-08-04 12:16:21.479 +07:00","8355.128","HOT_SWEEP_50","50","0.152059823"
"2026-08-04 12:16:22.190 +07:00","8355.836","HOT_SWEEP_50","50","0.152261853"
"2026-08-04 12:16:22.873 +07:00","8356.534","HOT_SWEEP_50","50","0.152141839"
"2026-08-04 12:16:23.577 +07:00","8357.222","HOT_SWEEP_50","50","0.152118847"
"2026-08-04 12:16:24.275 +07:00","8357.927","HOT_SWEEP_50","50","0.151935831"
"2026-08-04 12:16:24.958 +07:00","8358.617","HOT_SWEEP_50","50","0.151960284"
"2026-08-04 12:16:25.665 +07:00","8359.294","HOT_SWEEP_50","50","0.152014077"
"2026-08-04 12:16:26.359 +07:00","8360.01","HOT_SWEEP_50","50","0.151746124"
"2026-08-04 12:16:27.057 +07:00","8360.704","HOT_SWEEP_50","50","0.151640713"
"2026-08-04 12:16:27.750 +07:00","8361.395","HOT_SWEEP_50","50","0.152046114"
"2026-08-04 12:16:28.441 +07:00","8362.089","HOT_SWEEP_50","50","0.152110621"
"2026-08-04 12:16:29.166 +07:00","8362.817","HOT_SWEEP_50","50","0.152288482"
"2026-08-04 12:16:29.882 +07:00","8363.511","HOT_SWEEP_50","50","0.15279153"
"2026-08-04 12:16:30.575 +07:00","8364.218","HOT_SWEEP_50","50","0.152765304"
"2026-08-04 12:16:31.266 +07:00","8364.911","HOT_SWEEP_50","50","0.15276581"
"2026-08-04 12:16:31.949 +07:00","8365.595","HOT_SWEEP_50","50","0.153331682"
"2026-08-04 12:16:32.641 +07:00","8366.293","HOT_SWEEP_50","50","0.153519183"
"2026-08-04 12:16:33.334 +07:00","8366.979","HOT_SWEEP_50","50","0.153922096"
"2026-08-04 12:16:34.018 +07:00","8367.679","HOT_SWEEP_50","50","0.154556409"
"2026-08-04 12:16:34.708 +07:00","8368.369","HOT_SWEEP_50","50","0.154780611"
"2026-08-04 12:16:35.401 +07:00","8369.046","HOT_SWEEP_50","50","0.154593378"
"2026-08-04 12:16:36.118 +07:00","8369.747","HOT_SWEEP_50","50","0.154606357"
"2026-08-04 12:16:36.809 +07:00","8370.47","HOT_SWEEP_50","50","0.155232832"
"2026-08-04 12:16:37.501 +07:00","8371.146","HOT_SWEEP_50","50","0.154617339"
"2026-08-04 12:16:38.194 +07:00","8371.844","HOT_SWEEP_50","50","0.1540986"
"2026-08-04 12:16:38.878 +07:00","8372.523","HOT_SWEEP_50","50","0.154467553"
"2026-08-04 12:16:39.569 +07:00","8373.219","HOT_SWEEP_50","50","0.154007882"
"2026-08-04 12:16:40.262 +07:00","8373.906","HOT_SWEEP_50","50","0.153071508"
"2026-08-04 12:16:40.953 +07:00","8374.607","HOT_SWEEP_50","50","0.153701022"
"2026-08-04 12:16:41.645 +07:00","8375.283","HOT_SWEEP_50","50","0.153477862"
"2026-08-04 12:16:42.343 +07:00","8375.988","HOT_SWEEP_50","50","0.152672127"
"2026-08-04 12:16:43.068 +07:00","8376.723","HOT_SWEEP_50","50","0.153148174"
"2026-08-04 12:16:43.758 +07:00","8377.409","HOT_SWEEP_50","50","0.153082371"
"2026-08-04 12:16:44.444 +07:00","8378.09","HOT_SWEEP_50","50","0.152597114"
"2026-08-04 12:16:45.131 +07:00","8378.786","HOT_SWEEP_50","50","0.152964875"
"2026-08-04 12:16:45.822 +07:00","8379.467","HOT_SWEEP_50","50","0.153357103"
"2026-08-04 12:16:46.513 +07:00","8380.158","HOT_SWEEP_50","50","0.152793646"
"2026-08-04 12:16:47.206 +07:00","8380.859","HOT_SWEEP_50","50","0.152598828"
"2026-08-04 12:16:47.890 +07:00","8381.547","HOT_SWEEP_50","50","0.152873129"
"2026-08-04 12:16:48.582 +07:00","8382.228","HOT_SWEEP_50","50","0.152829736"
"2026-08-04 12:16:49.272 +07:00","8382.917","HOT_SWEEP_50","50","0.152588978"
"2026-08-04 12:16:49.990 +07:00","8383.636","HOT_SWEEP_50","50","0.152963728"
"2026-08-04 12:16:50.682 +07:00","8384.327","HOT_SWEEP_50","50","0.153357849"
"2026-08-04 12:16:51.390 +07:00","8385.033","HOT_SWEEP_50","50","0.152807713"
"2026-08-04 12:16:52.082 +07:00","8385.731","HOT_SWEEP_50","50","0.152811483"
"2026-08-04 12:16:52.767 +07:00","8386.412","HOT_SWEEP_50","50","0.153356969"
"2026-08-04 12:16:53.462 +07:00","8387.102","HOT_SWEEP_50","50","0.15278627"
"2026-08-04 12:16:54.142 +07:00","8387.803","HOT_SWEEP_50","50","0.152817875"
"2026-08-04 12:16:54.838 +07:00","8388.492","HOT_SWEEP_50","50","0.15349485"
"2026-08-04 12:16:55.534 +07:00","8389.172","HOT_SWEEP_50","50","0.153237849"
"2026-08-04 12:16:56.227 +07:00","8389.887","HOT_SWEEP_50","50","0.153063342"
"2026-08-04 12:16:56.949 +07:00","8390.595","HOT_SWEEP_50","50","0.15384011"
"2026-08-04 12:16:57.661 +07:00","8391.285","HOT_SWEEP_50","50","0.153932303"
"2026-08-04 12:16:58.342 +07:00","8392.001","HOT_SWEEP_50","50","0.153952241"
"2026-08-04 12:16:59.038 +07:00","8392.679","HOT_SWEEP_50","50","0.154573828"
"2026-08-04 12:16:59.724 +07:00","8393.369","HOT_SWEEP_50","50","0.154700726"
"2026-08-04 12:17:00.419 +07:00","8394.065","HOT_SWEEP_50","50","0.154391766"
"2026-08-04 12:17:01.127 +07:00","8394.778","HOT_SWEEP_50","50","0.154682145"
"2026-08-04 12:17:01.816 +07:00","8395.466","HOT_SWEEP_50","50","0.154732659"
"2026-08-04 12:17:02.504 +07:00","8396.147","HOT_SWEEP_50","50","0.154367208"
"2026-08-04 12:17:03.194 +07:00","8396.831","HOT_SWEEP_50","50","0.153887585"
"2026-08-04 12:17:03.910 +07:00","8397.555","HOT_SWEEP_50","50","0.154017836"
"2026-08-04 12:17:04.604 +07:00","8398.245","HOT_SWEEP_50","50","0.153979033"
"2026-08-04 12:17:05.310 +07:00","8398.961","HOT_SWEEP_50","50","0.153276339"
"2026-08-04 12:17:05.996 +07:00","8399.639","HOT_SWEEP_50","50","0.153468341"
"2026-08-04 12:17:06.712 +07:00","8400.353","HOT_SWEEP_50","50","0.153570771"
"2026-08-04 12:17:07.413 +07:00","8401.048","HOT_SWEEP_50","50","0.153086081"
"2026-08-04 12:17:08.105 +07:00","8401.74","HOT_SWEEP_50","50","0.152843803"
"2026-08-04 12:17:08.802 +07:00","8402.447","HOT_SWEEP_50","50","0.152612701"
"2026-08-04 12:17:09.492 +07:00","8403.137","HOT_SWEEP_50","50","0.15229249"
"2026-08-04 12:17:10.194 +07:00","8403.855","HOT_SWEEP_50","50","0.152236581"
"2026-08-04 12:17:10.916 +07:00","8404.57","HOT_SWEEP_50","50","0.151637033"
"2026-08-04 12:17:11.602 +07:00","8405.247","HOT_SWEEP_50","50","0.151292235"
"2026-08-04 12:17:12.299 +07:00","8405.939","HOT_SWEEP_50","50","0.151257426"
"2026-08-04 12:17:12.986 +07:00","8406.647","HOT_SWEEP_50","50","0.150948271"
"2026-08-04 12:17:13.691 +07:00","8407.345","HOT_SWEEP_50","50","0.150838226"
"2026-08-04 12:17:14.378 +07:00","8408.023","HOT_SWEEP_50","50","0.150677815"
"2026-08-04 12:17:15.077 +07:00","8408.722","HOT_SWEEP_50","50","0.150648803"
"2026-08-04 12:17:15.763 +07:00","8409.425","HOT_SWEEP_50","50","0.151234701"
"2026-08-04 12:17:16.472 +07:00","8410.119","HOT_SWEEP_50","50","0.15079543"
"2026-08-04 12:17:17.159 +07:00","8410.812","HOT_SWEEP_50","50","0.150849253"
"2026-08-04 12:17:17.877 +07:00","8411.522","HOT_SWEEP_50","50","0.1514256"
"2026-08-04 12:17:18.568 +07:00","8412.207","HOT_SWEEP_50","50","0.1510102"
"2026-08-04 12:17:19.258 +07:00","8412.906","HOT_SWEEP_50","50","0.150804311"
"2026-08-04 12:17:19.950 +07:00","8413.596","HOT_SWEEP_50","50","0.151134104"
"2026-08-04 12:17:20.646 +07:00","8414.291","HOT_SWEEP_50","50","0.150912374"
"2026-08-04 12:17:21.347 +07:00","8414.986","HOT_SWEEP_50","50","0.150728196"
"2026-08-04 12:17:22.051 +07:00","8415.699","HOT_SWEEP_50","50","0.151176304"
"2026-08-04 12:17:22.746 +07:00","8416.389","HOT_SWEEP_50","50","0.150928423"
"2026-08-04 12:17:23.438 +07:00","8417.081","HOT_SWEEP_50","50","0.150699675"
"2026-08-04 12:17:24.126 +07:00","8417.778","HOT_SWEEP_50","50","0.15077363"
"2026-08-04 12:17:24.859 +07:00","8418.504","HOT_SWEEP_50","50","0.15091522"
"2026-08-04 12:17:25.553 +07:00","8419.214","HOT_SWEEP_50","50","0.150727063"
"2026-08-04 12:17:26.246 +07:00","8419.896","HOT_SWEEP_50","50","0.150580823"
"2026-08-04 12:17:26.955 +07:00","8420.605","HOT_SWEEP_50","50","0.150813818"
"2026-08-04 12:17:27.644 +07:00","8421.291","HOT_SWEEP_50","50","0.15089494"
"2026-08-04 12:17:28.337 +07:00","8421.985","HOT_SWEEP_50","50","0.150607616"
"2026-08-04 12:17:29.039 +07:00","8422.688","HOT_SWEEP_50","50","0.150705889"
"2026-08-04 12:17:29.740 +07:00","8423.381","HOT_SWEEP_50","50","0.150523484"