timestamp_local,elapsed_s,phase,duty_pct,on_ms,off_ms,telemetry_valid,mq8_status,mq8_v,mq135_v,mq3_v,mq5_v,mq4_v,mq7_v,mq6_v,mq2_v,status_json
"2026-08-04 09:54:53.595 +07:00","1.989","HOT_BASELINE_100","100","1000","0","1","0","-0.000858024","0.004127664","0.005092538","-0.002537865","0.001869561","-0.012120645","-0.020642459","-0.002934198","{""deviceId"":""1001"",""nodeId"":4097,""targetChId"":""0010"",""mode"":""inference"",""uptimeMs"":2030092,""debugEnabled"":true,""power"":{""mode"":""24v"",""externalPower"":true,""batteryMv"":65535,""batteryValid"":false,""batteryDetected"":false,""batterySenseStatus"":""not_detected"",""batteryLow"":false,""batteryCritical"":false,""sourceAmbiguous"":false,""serviceHoldActive"":false,""serviceHoldEffective"":false},""batterySession"":{""state"":""inactive"",""startedMs"":0,""stateStartedMs"":0,""validSampleBatches"":0,""requiredSampleBatches"":10,""alarmTxAttempts"":0,""alarmTxAttemptLimit"":3,""alarmAckReceived"":false,""pendingAlarm"":false,""pendingSaveRequired"":false,""persistenceFaultHold"":false,""completionReason"":""session_done""},""bootHealth"":{""adsReady"":true,""adsDrdyLevel"":0,""adsDrdyPulldownLevel"":0,""adsDrdyPullupLevel"":0,""adsMisoPulldownLevel"":0,""adsMisoPullupLevel"":1,""adsCsLevel"":1,""adsSyncLevel"":1,""adsStatus"":54,""adsMux"":15,""adsAdcon"":6,""adsDrate"":240,""adsReason"":""ok"",""tcaOk"":true,""mcpOkCount"":8,""mcpOk"":[true,true,true,true,true,true,true,true],""mcpAddrMask"":[1,1,1,1,1,1,1,1],""mcpControlTested"":true,""mcpControlOkCount"":8,""mcpControlOk"":[true,true,true,true,true,true,true,true],""dacReady"":true,""radioReady"":true,""mlReady"":true,""nullingProfileApplied"":true,""modelProfileReady"":false},""runtimeMcpCode"":[255,519,795,706,799,865,665,139],""model"":{""profileId"":""cnn-dualbranch-datasheet-v1-unbound"",""scalerProfileId"":""cnn-dualbranch-datasheet-v1-unbound"",""productionApproved"":true,""boundNullingProfileId"":8,""activeNullingProfileId"":9,""bindingValid"":true,""bindingModelMatches"":true,""profileReady"":false,""inferenceValid"":false,""sensorFault"":true},""lora"":{""beginState"":0,""lastTxState"":0,""lastTxOk"":false,""txSeq"":0,""txCounter"":0,""aesKeyProvisioned"":true,""aesKeyPresent"":true,""aesKeySource"":""nvs"",""keyId"":1,""lastDownlinkCommandId"":0,""freqMHz"":920,""bwKHz"":125,""sf"":7,""cr"":5,""syncWord"":18,""txPowerDbm"":17,""preamble"":8,""tcxoVoltage"":1.600000024,""xtalVoltage"":0},""dataset"":{""state"":""idle"",""step"":""idle"",""label"":"""",""seq"":0,""targetSamples"":0,""sampleIntervalMs"":500,""maxDurationMs"":0,""useFanIntake"":true,""fanOnMs"":1000,""postFanSettleMs"":0,""nullingProfileId"":9,""queuePending"":0,""queueCapacity"":16,""queueEnqueued"":0,""queueDropped"":0,""publishFailCount"":0,""retryCount"":0,""retryFailCount"":0,""rejectedSamples"":0,""lastRejectReason"":""none"",""lastRejectChannel"":-1,""lastRejectOkFiniteCount"":0,""lastRejectStatus"":255,""lastRejectGain"":0,""lastRejectSaturated"":false},""recovery"":{""wifiReconnectCount"":0,""wifiReconnectFailCount"":0,""mqttReconnectCount"":0,""mqttConnectFailCount"":0,""lastMqttState"":0,""adsRecoveryCount"":0,""adsRecoveryFailCount"":0,""adsReadFailStreak"":0,""lastReason"":""none"",""lastRecoveryMs"":0,""bootRecoveryArmed"":false,""bootRecoveryDueMs"":0,""bootRecoveryReason"":""none"",""bootRecoveryNonAdsFailure"":false,""bootRecoveryRestartCount"":0},""nulling"":{""done"":false,""retryArmed"":false,""attemptCount"":0,""nextRetryMs"":0,""thresholdV"":9.999999747E-06,""minFinalV"":0},""telemetry"":{""valid"":true,""sampleMs"":2029857,""gasClass"":6,""gasName"":""CO2"",""confidence"":0,""alarm"":false,""sensorVoltage"":[-0.000858024,0.004127664,0.005092538,-0.002537865,0.001869561,-0.012120645,-0.020642459,-0.002934198],""sensorGain"":[64,64,64,64,64,64,64,64],""sensorStatus"":[0,0,0,0,0,0,0,0],""featureOrder"":[""MQ8"",""MQ135"",""MQ3"",""MQ5"",""MQ4"",""MQ7"",""MQ6"",""MQ2""]},""alarmLatched"":false}"
"2026-08-04 09:54:54.501 +07:00","2.924","HOT_BASELINE_100","100","1000","0","1","0","-0.000863203","0.004152034","0.005092765","-0.002482153","0.001360997","-0.012187287","-0.020545907","-0.002496719","{""deviceId"":""1001"",""nodeId"":4097,""targetChId"":""0010"",""mode"":""inference"",""uptimeMs"":2031103,""debugEnabled"":true,""power"":{""mode"":""24v"",""externalPower"":true,""batteryMv"":65535,""batteryValid"":false,""batteryDetected"":false,""batterySenseStatus"":""not_detected"",""batteryLow"":false,""batteryCritical"":false,""sourceAmbiguous"":false,""serviceHoldActive"":false,""serviceHoldEffective"":false},""batterySession"":{""state"":""inactive"",""startedMs"":0,""stateStartedMs"":0,""validSampleBatches"":0,""requiredSampleBatches"":10,""alarmTxAttempts"":0,""alarmTxAttemptLimit"":3,""alarmAckReceived"":false,""pendingAlarm"":false,""pendingSaveRequired"":false,""persistenceFaultHold"":false,""completionReason"":""session_done""},""bootHealth"":{""adsReady"":true,""adsDrdyLevel"":0,""adsDrdyPulldownLevel"":0,""adsDrdyPullupLevel"":0,""adsMisoPulldownLevel"":0,""adsMisoPullupLevel"":1,""adsCsLevel"":1,""adsSyncLevel"":1,""adsStatus"":54,""adsMux"":15,""adsAdcon"":6,""adsDrate"":240,""adsReason"":""ok"",""tcaOk"":true,""mcpOkCount"":8,""mcpOk"":[true,true,true,true,true,true,true,true],""mcpAddrMask"":[1,1,1,1,1,1,1,1],""mcpControlTested"":true,""mcpControlOkCount"":8,""mcpControlOk"":[true,true,true,true,true,true,true,true],""dacReady"":true,""radioReady"":true,""mlReady"":true,""nullingProfileApplied"":true,""modelProfileReady"":false},""runtimeMcpCode"":[255,519,795,706,799,865,665,139],""model"":{""profileId"":""cnn-dualbranch-datasheet-v1-unbound"",""scalerProfileId"":""cnn-dualbranch-datasheet-v1-unbound"",""productionApproved"":true,""boundNullingProfileId"":8,""activeNullingProfileId"":9,""bindingValid"":true,""bindingModelMatches"":true,""profileReady"":false,""inferenceValid"":false,""sensorFault"":true},""lora"":{""beginState"":0,""lastTxState"":0,""lastTxOk"":false,""txSeq"":0,""txCounter"":0,""aesKeyProvisioned"":true,""aesKeyPresent"":true,""aesKeySource"":""nvs"",""keyId"":1,""lastDownlinkCommandId"":0,""freqMHz"":920,""bwKHz"":125,""sf"":7,""cr"":5,""syncWord"":18,""txPowerDbm"":17,""preamble"":8,""tcxoVoltage"":1.600000024,""xtalVoltage"":0},""dataset"":{""state"":""idle"",""step"":""idle"",""label"":"""",""seq"":0,""targetSamples"":0,""sampleIntervalMs"":500,""maxDurationMs"":0,""useFanIntake"":true,""fanOnMs"":1000,""postFanSettleMs"":0,""nullingProfileId"":9,""queuePending"":0,""queueCapacity"":16,""queueEnqueued"":0,""queueDropped"":0,""publishFailCount"":0,""retryCount"":0,""retryFailCount"":0,""rejectedSamples"":0,""lastRejectReason"":""none"",""lastRejectChannel"":-1,""lastRejectOkFiniteCount"":0,""lastRejectStatus"":255,""lastRejectGain"":0,""lastRejectSaturated"":false},""recovery"":{""wifiReconnectCount"":0,""wifiReconnectFailCount"":0,""mqttReconnectCount"":0,""mqttConnectFailCount"":0,""lastMqttState"":0,""adsRecoveryCount"":0,""adsRecoveryFailCount"":0,""adsReadFailStreak"":0,""lastReason"":""none"",""lastRecoveryMs"":0,""bootRecoveryArmed"":false,""bootRecoveryDueMs"":0,""bootRecoveryReason"":""none"",""bootRecoveryNonAdsFailure"":false,""bootRecoveryRestartCount"":0},""nulling"":{""done"":false,""retryArmed"":false,""attemptCount"":0,""nextRetryMs"":0,""thresholdV"":9.999999747E-06,""minFinalV"":0},""telemetry"":{""valid"":true,""sampleMs"":2030870,""gasClass"":6,""gasName"":""CO2"",""confidence"":0,""alarm"":false,""sensorVoltage"":[-0.000863203,0.004152034,0.005092765,-0.002482153,0.001360997,-0.012187287,-0.020545907,-0.002496719],""sensorGain"":[64,64,64,64,64,64,64,64],""sensorStatus"":[0,0,0,0,0,0,0,0],""featureOrder"":[""MQ8"",""MQ135"",""MQ3"",""MQ5"",""MQ4"",""MQ7"",""MQ6"",""MQ2""]},""alarmLatched"":false}"
"2026-08-04 09:54:55.200 +07:00","3.621","HOT_BASELINE_100","100","1000","0","1","0","-0.00086493","0.004138212","0.005095324","-0.002473869","0.001580183","-0.012187597","-0.020456677","-0.002283704","{""deviceId"":""1001"",""nodeId"":4097,""targetChId"":""0010"",""mode"":""inference"",""uptimeMs"":2031792,""debugEnabled"":true,""power"":{""mode"":""24v"",""externalPower"":true,""batteryMv"":65535,""batteryValid"":false,""batteryDetected"":false,""batterySenseStatus"":""not_detected"",""batteryLow"":false,""batteryCritical"":false,""sourceAmbiguous"":false,""serviceHoldActive"":false,""serviceHoldEffective"":false},""batterySession"":{""state"":""inactive"",""startedMs"":0,""stateStartedMs"":0,""validSampleBatches"":0,""requiredSampleBatches"":10,""alarmTxAttempts"":0,""alarmTxAttemptLimit"":3,""alarmAckReceived"":false,""pendingAlarm"":false,""pendingSaveRequired"":false,""persistenceFaultHold"":false,""completionReason"":""session_done""},""bootHealth"":{""adsReady"":true,""adsDrdyLevel"":0,""adsDrdyPulldownLevel"":0,""adsDrdyPullupLevel"":0,""adsMisoPulldownLevel"":0,""adsMisoPullupLevel"":1,""adsCsLevel"":1,""adsSyncLevel"":1,""adsStatus"":54,""adsMux"":15,""adsAdcon"":6,""adsDrate"":240,""adsReason"":""ok"",""tcaOk"":true,""mcpOkCount"":8,""mcpOk"":[true,true,true,true,true,true,true,true],""mcpAddrMask"":[1,1,1,1,1,1,1,1],""mcpControlTested"":true,""mcpControlOkCount"":8,""mcpControlOk"":[true,true,true,true,true,true,true,true],""dacReady"":true,""radioReady"":true,""mlReady"":true,""nullingProfileApplied"":true,""modelProfileReady"":false},""runtimeMcpCode"":[255,519,795,706,799,865,665,139],""model"":{""profileId"":""cnn-dualbranch-datasheet-v1-unbound"",""scalerProfileId"":""cnn-dualbranch-datasheet-v1-unbound"",""productionApproved"":true,""boundNullingProfileId"":8,""activeNullingProfileId"":9,""bindingValid"":true,""bindingModelMatches"":true,""profileReady"":false,""inferenceValid"":false,""sensorFault"":true},""lora"":{""beginState"":0,""lastTxState"":0,""lastTxOk"":false,""txSeq"":0,""txCounter"":0,""aesKeyProvisioned"":true,""aesKeyPresent"":true,""aesKeySource"":""nvs"",""keyId"":1,""lastDownlinkCommandId"":0,""freqMHz"":920,""bwKHz"":125,""sf"":7,""cr"":5,""syncWord"":18,""txPowerDbm"":17,""preamble"":8,""tcxoVoltage"":1.600000024,""xtalVoltage"":0},""dataset"":{""state"":""idle"",""step"":""idle"",""label"":"""",""seq"":0,""targetSamples"":0,""sampleIntervalMs"":500,""maxDurationMs"":0,""useFanIntake"":true,""fanOnMs"":1000,""postFanSettleMs"":0,""nullingProfileId"":9,""queuePending"":0,""queueCapacity"":16,""queueEnqueued"":0,""queueDropped"":0,""publishFailCount"":0,""retryCount"":0,""retryFailCount"":0,""rejectedSamples"":0,""lastRejectReason"":""none"",""lastRejectChannel"":-1,""lastRejectOkFiniteCount"":0,""lastRejectStatus"":255,""lastRejectGain"":0,""lastRejectSaturated"":false},""recovery"":{""wifiReconnectCount"":0,""wifiReconnectFailCount"":0,""mqttReconnectCount"":0,""mqttConnectFailCount"":0,""lastMqttState"":0,""adsRecoveryCount"":0,""adsRecoveryFailCount"":0,""adsReadFailStreak"":0,""lastReason"":""none"",""lastRecoveryMs"":0,""bootRecoveryArmed"":false,""bootRecoveryDueMs"":0,""bootRecoveryReason"":""none"",""bootRecoveryNonAdsFailure"":false,""bootRecoveryRestartCount"":0},""nulling"":{""done"":false,""retryArmed"":false,""attemptCount"":0,""nextRetryMs"":0,""thresholdV"":9.999999747E-06,""minFinalV"":0},""telemetry"":{""valid"":true,""sampleMs"":2031381,""gasClass"":6,""gasName"":""CO2"",""confidence"":0,""alarm"":false,""sensorVoltage"":[-0.00086493,0.004138212,0.005095324,-0.002473869,0.001580183,-0.012187597,-0.020456677,-0.002283704],""sensorGain"":[64,64,64,64,64,64,64,64],""sensorStatus"":[0,0,0,0,0,0,0,0],""featureOrder"":[""MQ8"",""MQ135"",""MQ3"",""MQ5"",""MQ4"",""MQ7"",""MQ6"",""MQ2""]},""alarmLatched"":false}"
"2026-08-04 09:54:55.898 +07:00","4.319","HOT_BASELINE_100","100","1000","0","1","0","-0.000865736","0.004115684","0.005141279","-0.002464151","0.000878628","-0.012210001","-0.020452572","-0.003825105","{""deviceId"":""1001"",""nodeId"":4097,""targetChId"":""0010"",""mode"":""inference"",""uptimeMs"":2032498,""debugEnabled"":true,""power"":{""mode"":""24v"",""externalPower"":true,""batteryMv"":65535,""batteryValid"":false,""batteryDetected"":false,""batterySenseStatus"":""not_detected"",""batteryLow"":false,""batteryCritical"":false,""sourceAmbiguous"":false,""serviceHoldActive"":false,""serviceHoldEffective"":false},""batterySession"":{""state"":""inactive"",""startedMs"":0,""stateStartedMs"":0,""validSampleBatches"":0,""requiredSampleBatches"":10,""alarmTxAttempts"":0,""alarmTxAttemptLimit"":3,""alarmAckReceived"":false,""pendingAlarm"":false,""pendingSaveRequired"":false,""persistenceFaultHold"":false,""completionReason"":""session_done""},""bootHealth"":{""adsReady"":true,""adsDrdyLevel"":0,""adsDrdyPulldownLevel"":0,""adsDrdyPullupLevel"":0,""adsMisoPulldownLevel"":0,""adsMisoPullupLevel"":1,""adsCsLevel"":1,""adsSyncLevel"":1,""adsStatus"":54,""adsMux"":15,""adsAdcon"":6,""adsDrate"":240,""adsReason"":""ok"",""tcaOk"":true,""mcpOkCount"":8,""mcpOk"":[true,true,true,true,true,true,true,true],""mcpAddrMask"":[1,1,1,1,1,1,1,1],""mcpControlTested"":true,""mcpControlOkCount"":8,""mcpControlOk"":[true,true,true,true,true,true,true,true],""dacReady"":true,""radioReady"":true,""mlReady"":true,""nullingProfileApplied"":true,""modelProfileReady"":false},""runtimeMcpCode"":[255,519,795,706,799,865,665,139],""model"":{""profileId"":""cnn-dualbranch-datasheet-v1-unbound"",""scalerProfileId"":""cnn-dualbranch-datasheet-v1-unbound"",""productionApproved"":true,""boundNullingProfileId"":8,""activeNullingProfileId"":9,""bindingValid"":true,""bindingModelMatches"":true,""profileReady"":false,""inferenceValid"":false,""sensorFault"":true},""lora"":{""beginState"":0,""lastTxState"":0,""lastTxOk"":false,""txSeq"":0,""txCounter"":0,""aesKeyProvisioned"":true,""aesKeyPresent"":true,""aesKeySource"":""nvs"",""keyId"":1,""lastDownlinkCommandId"":0,""freqMHz"":920,""bwKHz"":125,""sf"":7,""cr"":5,""syncWord"":18,""txPowerDbm"":17,""preamble"":8,""tcxoVoltage"":1.600000024,""xtalVoltage"":0},""dataset"":{""state"":""idle"",""step"":""idle"",""label"":"""",""seq"":0,""targetSamples"":0,""sampleIntervalMs"":500,""maxDurationMs"":0,""useFanIntake"":true,""fanOnMs"":1000,""postFanSettleMs"":0,""nullingProfileId"":9,""queuePending"":0,""queueCapacity"":16,""queueEnqueued"":0,""queueDropped"":0,""publishFailCount"":0,""retryCount"":0,""retryFailCount"":0,""rejectedSamples"":0,""lastRejectReason"":""none"",""lastRejectChannel"":-1,""lastRejectOkFiniteCount"":0,""lastRejectStatus"":255,""lastRejectGain"":0,""lastRejectSaturated"":false},""recovery"":{""wifiReconnectCount"":0,""wifiReconnectFailCount"":0,""mqttReconnectCount"":0,""mqttConnectFailCount"":0,""lastMqttState"":0,""adsRecoveryCount"":0,""adsRecoveryFailCount"":0,""adsReadFailStreak"":0,""lastReason"":""none"",""lastRecoveryMs"":0,""bootRecoveryArmed"":false,""bootRecoveryDueMs"":0,""bootRecoveryReason"":""none"",""bootRecoveryNonAdsFailure"":false,""bootRecoveryRestartCount"":0},""nulling"":{""done"":false,""retryArmed"":false,""attemptCount"":0,""nextRetryMs"":0,""thresholdV"":9.999999747E-06,""minFinalV"":0},""telemetry"":{""valid"":true,""sampleMs"":2032102,""gasClass"":6,""gasName"":""CO2"",""confidence"":0,""alarm"":false,""sensorVoltage"":[-0.000865736,0.004115684,0.005141279,-0.002464151,0.000878628,-0.012210001,-0.020452572,-0.003825105],""sensorGain"":[64,64,64,64,64,64,64,64],""sensorStatus"":[0,0,0,0,0,0,0,0],""featureOrder"":[""MQ8"",""MQ135"",""MQ3"",""MQ5"",""MQ4"",""MQ7"",""MQ6"",""MQ2""]},""alarmLatched"":false}"
"2026-08-04 09:54:56.586 +07:00","5.009","HOT_BASELINE_100","100","1000","0","1","0","-0.000885562","0.004118744","0.005166983","-0.002392152","0.001422384","-0.012160353","-0.020449992","-0.002849965","{""deviceId"":""1001"",""nodeId"":4097,""targetChId"":""0010"",""mode"":""inference"",""uptimeMs"":2033189,""debugEnabled"":true,""power"":{""mode"":""24v"",""externalPower"":true,""batteryMv"":65535,""batteryValid"":false,""batteryDetected"":false,""batterySenseStatus"":""not_detected"",""batteryLow"":false,""batteryCritical"":false,""sourceAmbiguous"":false,""serviceHoldActive"":false,""serviceHoldEffective"":false},""batterySession"":{""state"":""inactive"",""startedMs"":0,""stateStartedMs"":0,""validSampleBatches"":0,""requiredSampleBatches"":10,""alarmTxAttempts"":0,""alarmTxAttemptLimit"":3,""alarmAckReceived"":false,""pendingAlarm"":false,""pendingSaveRequired"":false,""persistenceFaultHold"":false,""completionReason"":""session_done""},""bootHealth"":{""adsReady"":true,""adsDrdyLevel"":0,""adsDrdyPulldownLevel"":0,""adsDrdyPullupLevel"":0,""adsMisoPulldownLevel"":0,""adsMisoPullupLevel"":1,""adsCsLevel"":1,""adsSyncLevel"":1,""adsStatus"":54,""adsMux"":15,""adsAdcon"":6,""adsDrate"":240,""adsReason"":""ok"",""tcaOk"":true,""mcpOkCount"":8,""mcpOk"":[true,true,true,true,true,true,true,true],""mcpAddrMask"":[1,1,1,1,1,1,1,1],""mcpControlTested"":true,""mcpControlOkCount"":8,""mcpControlOk"":[true,true,true,true,true,true,true,true],""dacReady"":true,""radioReady"":true,""mlReady"":true,""nullingProfileApplied"":true,""modelProfileReady"":false},""runtimeMcpCode"":[255,519,795,706,799,865,665,139],""model"":{""profileId"":""cnn-dualbranch-datasheet-v1-unbound"",""scalerProfileId"":""cnn-dualbranch-datasheet-v1-unbound"",""productionApproved"":true,""boundNullingProfileId"":8,""activeNullingProfileId"":9,""bindingValid"":true,""bindingModelMatches"":true,""profileReady"":false,""inferenceValid"":false,""sensorFault"":true},""lora"":{""beginState"":0,""lastTxState"":0,""lastTxOk"":false,""txSeq"":0,""txCounter"":0,""aesKeyProvisioned"":true,""aesKeyPresent"":true,""aesKeySource"":""nvs"",""keyId"":1,""lastDownlinkCommandId"":0,""freqMHz"":920,""bwKHz"":125,""sf"":7,""cr"":5,""syncWord"":18,""txPowerDbm"":17,""preamble"":8,""tcxoVoltage"":1.600000024,""xtalVoltage"":0},""dataset"":{""state"":""idle"",""step"":""idle"",""label"":"""",""seq"":0,""targetSamples"":0,""sampleIntervalMs"":500,""maxDurationMs"":0,""useFanIntake"":true,""fanOnMs"":1000,""postFanSettleMs"":0,""nullingProfileId"":9,""queuePending"":0,""queueCapacity"":16,""queueEnqueued"":0,""queueDropped"":0,""publishFailCount"":0,""retryCount"":0,""retryFailCount"":0,""rejectedSamples"":0,""lastRejectReason"":""none"",""lastRejectChannel"":-1,""lastRejectOkFiniteCount"":0,""lastRejectStatus"":255,""lastRejectGain"":0,""lastRejectSaturated"":false},""recovery"":{""wifiReconnectCount"":0,""wifiReconnectFailCount"":0,""mqttReconnectCount"":0,""mqttConnectFailCount"":0,""lastMqttState"":0,""adsRecoveryCount"":0,""adsRecoveryFailCount"":0,""adsReadFailStreak"":0,""lastReason"":""none"",""lastRecoveryMs"":0,""bootRecoveryArmed"":false,""bootRecoveryDueMs"":0,""bootRecoveryReason"":""none"",""bootRecoveryNonAdsFailure"":false,""bootRecoveryRestartCount"":0},""nulling"":{""done"":false,""retryArmed"":false,""attemptCount"":0,""nextRetryMs"":0,""thresholdV"":9.999999747E-06,""minFinalV"":0},""telemetry"":{""valid"":true,""sampleMs"":2032776,""gasClass"":6,""gasName"":""CO2"",""confidence"":0,""alarm"":false,""sensorVoltage"":[-0.000885562,0.004118744,0.005166983,-0.002392152,0.001422384,-0.012160353,-0.020449992,-0.002849965],""sensorGain"":[64,64,64,64,64,64,64,64],""sensorStatus"":[0,0,0,0,0,0,0,0],""featureOrder"":[""MQ8"",""MQ135"",""MQ3"",""MQ5"",""MQ4"",""MQ7"",""MQ6"",""MQ2""]},""alarmLatched"":false}"
"2026-08-04 09:54:57.275 +07:00","5.696","HOT_BASELINE_100","100","1000","0","1","0","-0.000898204","0.004122194","0.005106965","-0.002398751","0.000319092","-0.012171084","-0.020411547","-0.002819255","{""deviceId"":""1001"",""nodeId"":4097,""targetChId"":""0010"",""mode"":""inference"",""uptimeMs"":2033875,""debugEnabled"":true,""power"":{""mode"":""24v"",""externalPower"":true,""batteryMv"":65535,""batteryValid"":false,""batteryDetected"":false,""batterySenseStatus"":""not_detected"",""batteryLow"":false,""batteryCritical"":false,""sourceAmbiguous"":false,""serviceHoldActive"":false,""serviceHoldEffective"":false},""batterySession"":{""state"":""inactive"",""startedMs"":0,""stateStartedMs"":0,""validSampleBatches"":0,""requiredSampleBatches"":10,""alarmTxAttempts"":0,""alarmTxAttemptLimit"":3,""alarmAckReceived"":false,""pendingAlarm"":false,""pendingSaveRequired"":false,""persistenceFaultHold"":false,""completionReason"":""session_done""},""bootHealth"":{""adsReady"":true,""adsDrdyLevel"":0,""adsDrdyPulldownLevel"":0,""adsDrdyPullupLevel"":0,""adsMisoPulldownLevel"":0,""adsMisoPullupLevel"":1,""adsCsLevel"":1,""adsSyncLevel"":1,""adsStatus"":54,""adsMux"":15,""adsAdcon"":6,""adsDrate"":240,""adsReason"":""ok"",""tcaOk"":true,""mcpOkCount"":8,""mcpOk"":[true,true,true,true,true,true,true,true],""mcpAddrMask"":[1,1,1,1,1,1,1,1],""mcpControlTested"":true,""mcpControlOkCount"":8,""mcpControlOk"":[true,true,true,true,true,true,true,true],""dacReady"":true,""radioReady"":true,""mlReady"":true,""nullingProfileApplied"":true,""modelProfileReady"":false},""runtimeMcpCode"":[255,519,795,706,799,865,665,139],""model"":{""profileId"":""cnn-dualbranch-datasheet-v1-unbound"",""scalerProfileId"":""cnn-dualbranch-datasheet-v1-unbound"",""productionApproved"":true,""boundNullingProfileId"":8,""activeNullingProfileId"":9,""bindingValid"":true,""bindingModelMatches"":true,""profileReady"":false,""inferenceValid"":false,""sensorFault"":true},""lora"":{""beginState"":0,""lastTxState"":0,""lastTxOk"":false,""txSeq"":0,""txCounter"":0,""aesKeyProvisioned"":true,""aesKeyPresent"":true,""aesKeySource"":""nvs"",""keyId"":1,""lastDownlinkCommandId"":0,""freqMHz"":920,""bwKHz"":125,""sf"":7,""cr"":5,""syncWord"":18,""txPowerDbm"":17,""preamble"":8,""tcxoVoltage"":1.600000024,""xtalVoltage"":0},""dataset"":{""state"":""idle"",""step"":""idle"",""label"":"""",""seq"":0,""targetSamples"":0,""sampleIntervalMs"":500,""maxDurationMs"":0,""useFanIntake"":true,""fanOnMs"":1000,""postFanSettleMs"":0,""nullingProfileId"":9,""queuePending"":0,""queueCapacity"":16,""queueEnqueued"":0,""queueDropped"":0,""publishFailCount"":0,""retryCount"":0,""retryFailCount"":0,""rejectedSamples"":0,""lastRejectReason"":""none"",""lastRejectChannel"":-1,""lastRejectOkFiniteCount"":0,""lastRejectStatus"":255,""lastRejectGain"":0,""lastRejectSaturated"":false},""recovery"":{""wifiReconnectCount"":0,""wifiReconnectFailCount"":0,""mqttReconnectCount"":0,""mqttConnectFailCount"":0,""lastMqttState"":0,""adsRecoveryCount"":0,""adsRecoveryFailCount"":0,""adsReadFailStreak"":0,""lastReason"":""none"",""lastRecoveryMs"":0,""bootRecoveryArmed"":false,""bootRecoveryDueMs"":0,""bootRecoveryReason"":""none"",""bootRecoveryNonAdsFailure"":false,""bootRecoveryRestartCount"":0},""nulling"":{""done"":false,""retryArmed"":false,""attemptCount"":0,""nextRetryMs"":0,""thresholdV"":9.999999747E-06,""minFinalV"":0},""telemetry"":{""valid"":true,""sampleMs"":2033467,""gasClass"":6,""gasName"":""CO2"",""confidence"":0,""alarm"":false,""sensorVoltage"":[-0.000898204,0.004122194,0.005106965,-0.002398751,0.000319092,-0.012171084,-0.020411547,-0.002819255],""sensorGain"":[64,64,64,64,64,64,64,64],""sensorStatus"":[0,0,0,0,0,0,0,0],""featureOrder"":[""MQ8"",""MQ135"",""MQ3"",""MQ5"",""MQ4"",""MQ7"",""MQ6"",""MQ2""]},""alarmLatched"":false}"
"2026-08-04 09:54:57.956 +07:00","6.378","HOT_BASELINE_100","100","1000","0","1","0","-0.00091837","0.004094315","0.005109274","-0.002398534","0.002091879","-0.012226017","-0.020438571","-0.002465065","{""deviceId"":""1001"",""nodeId"":4097,""targetChId"":""0010"",""mode"":""inference"",""uptimeMs"":2034558,""debugEnabled"":true,""power"":{""mode"":""24v"",""externalPower"":true,""batteryMv"":65535,""batteryValid"":false,""batteryDetected"":false,""batterySenseStatus"":""not_detected"",""batteryLow"":false,""batteryCritical"":false,""sourceAmbiguous"":false,""serviceHoldActive"":false,""serviceHoldEffective"":false},""batterySession"":{""state"":""inactive"",""startedMs"":0,""stateStartedMs"":0,""validSampleBatches"":0,""requiredSampleBatches"":10,""alarmTxAttempts"":0,""alarmTxAttemptLimit"":3,""alarmAckReceived"":false,""pendingAlarm"":false,""pendingSaveRequired"":false,""persistenceFaultHold"":false,""completionReason"":""session_done""},""bootHealth"":{""adsReady"":true,""adsDrdyLevel"":0,""adsDrdyPulldownLevel"":0,""adsDrdyPullupLevel"":0,""adsMisoPulldownLevel"":0,""adsMisoPullupLevel"":1,""adsCsLevel"":1,""adsSyncLevel"":1,""adsStatus"":54,""adsMux"":15,""adsAdcon"":6,""adsDrate"":240,""adsReason"":""ok"",""tcaOk"":true,""mcpOkCount"":8,""mcpOk"":[true,true,true,true,true,true,true,true],""mcpAddrMask"":[1,1,1,1,1,1,1,1],""mcpControlTested"":true,""mcpControlOkCount"":8,""mcpControlOk"":[true,true,true,true,true,true,true,true],""dacReady"":true,""radioReady"":true,""mlReady"":true,""nullingProfileApplied"":true,""modelProfileReady"":false},""runtimeMcpCode"":[255,519,795,706,799,865,665,139],""model"":{""profileId"":""cnn-dualbranch-datasheet-v1-unbound"",""scalerProfileId"":""cnn-dualbranch-datasheet-v1-unbound"",""productionApproved"":true,""boundNullingProfileId"":8,""activeNullingProfileId"":9,""bindingValid"":true,""bindingModelMatches"":true,""profileReady"":false,""inferenceValid"":false,""sensorFault"":true},""lora"":{""beginState"":0,""lastTxState"":0,""lastTxOk"":false,""txSeq"":0,""txCounter"":0,""aesKeyProvisioned"":true,""aesKeyPresent"":true,""aesKeySource"":""nvs"",""keyId"":1,""lastDownlinkCommandId"":0,""freqMHz"":920,""bwKHz"":125,""sf"":7,""cr"":5,""syncWord"":18,""txPowerDbm"":17,""preamble"":8,""tcxoVoltage"":1.600000024,""xtalVoltage"":0},""dataset"":{""state"":""idle"",""step"":""idle"",""label"":"""",""seq"":0,""targetSamples"":0,""sampleIntervalMs"":500,""maxDurationMs"":0,""useFanIntake"":true,""fanOnMs"":1000,""postFanSettleMs"":0,""nullingProfileId"":9,""queuePending"":0,""queueCapacity"":16,""queueEnqueued"":0,""queueDropped"":0,""publishFailCount"":0,""retryCount"":0,""retryFailCount"":0,""rejectedSamples"":0,""lastRejectReason"":""none"",""lastRejectChannel"":-1,""lastRejectOkFiniteCount"":0,""lastRejectStatus"":255,""lastRejectGain"":0,""lastRejectSaturated"":false},""recovery"":{""wifiReconnectCount"":0,""wifiReconnectFailCount"":0,""mqttReconnectCount"":0,""mqttConnectFailCount"":0,""lastMqttState"":0,""adsRecoveryCount"":0,""adsRecoveryFailCount"":0,""adsReadFailStreak"":0,""lastReason"":""none"",""lastRecoveryMs"":0,""bootRecoveryArmed"":false,""bootRecoveryDueMs"":0,""bootRecoveryReason"":""none"",""bootRecoveryNonAdsFailure"":false,""bootRecoveryRestartCount"":0},""nulling"":{""done"":false,""retryArmed"":false,""attemptCount"":0,""nextRetryMs"":0,""thresholdV"":9.999999747E-06,""minFinalV"":0},""telemetry"":{""valid"":true,""sampleMs"":2034185,""gasClass"":6,""gasName"":""CO2"",""confidence"":0,""alarm"":false,""sensorVoltage"":[-0.00091837,0.004094315,0.005109274,-0.002398534,0.002091879,-0.012226017,-0.020438571,-0.002465065],""sensorGain"":[64,64,64,64,64,64,64,64],""sensorStatus"":[0,0,0,0,0,0,0,0],""featureOrder"":[""MQ8"",""MQ135"",""MQ3"",""MQ5"",""MQ4"",""MQ7"",""MQ6"",""MQ2""]},""alarmLatched"":false}"
"2026-08-04 09:54:58.638 +07:00","7.06","HOT_BASELINE_100","100","1000","0","1","0","-0.000930376","0.004157101","0.005146823","-0.002393094","0.002112085","-0.012216032","-0.020442979","-0.002804815","{""deviceId"":""1001"",""nodeId"":4097,""targetChId"":""0010"",""mode"":""inference"",""uptimeMs"":2035240,""debugEnabled"":true,""power"":{""mode"":""24v"",""externalPower"":true,""batteryMv"":65535,""batteryValid"":false,""batteryDetected"":false,""batterySenseStatus"":""not_detected"",""batteryLow"":false,""batteryCritical"":false,""sourceAmbiguous"":false,""serviceHoldActive"":false,""serviceHoldEffective"":false},""batterySession"":{""state"":""inactive"",""startedMs"":0,""stateStartedMs"":0,""validSampleBatches"":0,""requiredSampleBatches"":10,""alarmTxAttempts"":0,""alarmTxAttemptLimit"":3,""alarmAckReceived"":false,""pendingAlarm"":false,""pendingSaveRequired"":false,""persistenceFaultHold"":false,""completionReason"":""session_done""},""bootHealth"":{""adsReady"":true,""adsDrdyLevel"":0,""adsDrdyPulldownLevel"":0,""adsDrdyPullupLevel"":0,""adsMisoPulldownLevel"":0,""adsMisoPullupLevel"":1,""adsCsLevel"":1,""adsSyncLevel"":1,""adsStatus"":54,""adsMux"":15,""adsAdcon"":6,""adsDrate"":240,""adsReason"":""ok"",""tcaOk"":true,""mcpOkCount"":8,""mcpOk"":[true,true,true,true,true,true,true,true],""mcpAddrMask"":[1,1,1,1,1,1,1,1],""mcpControlTested"":true,""mcpControlOkCount"":8,""mcpControlOk"":[true,true,true,true,true,true,true,true],""dacReady"":true,""radioReady"":true,""mlReady"":true,""nullingProfileApplied"":true,""modelProfileReady"":false},""runtimeMcpCode"":[255,519,795,706,799,865,665,139],""model"":{""profileId"":""cnn-dualbranch-datasheet-v1-unbound"",""scalerProfileId"":""cnn-dualbranch-datasheet-v1-unbound"",""productionApproved"":true,""boundNullingProfileId"":8,""activeNullingProfileId"":9,""bindingValid"":true,""bindingModelMatches"":true,""profileReady"":false,""inferenceValid"":false,""sensorFault"":true},""lora"":{""beginState"":0,""lastTxState"":0,""lastTxOk"":false,""txSeq"":0,""txCounter"":0,""aesKeyProvisioned"":true,""aesKeyPresent"":true,""aesKeySource"":""nvs"",""keyId"":1,""lastDownlinkCommandId"":0,""freqMHz"":920,""bwKHz"":125,""sf"":7,""cr"":5,""syncWord"":18,""txPowerDbm"":17,""preamble"":8,""tcxoVoltage"":1.600000024,""xtalVoltage"":0},""dataset"":{""state"":""idle"",""step"":""idle"",""label"":"""",""seq"":0,""targetSamples"":0,""sampleIntervalMs"":500,""maxDurationMs"":0,""useFanIntake"":true,""fanOnMs"":1000,""postFanSettleMs"":0,""nullingProfileId"":9,""queuePending"":0,""queueCapacity"":16,""queueEnqueued"":0,""queueDropped"":0,""publishFailCount"":0,""retryCount"":0,""retryFailCount"":0,""rejectedSamples"":0,""lastRejectReason"":""none"",""lastRejectChannel"":-1,""lastRejectOkFiniteCount"":0,""lastRejectStatus"":255,""lastRejectGain"":0,""lastRejectSaturated"":false},""recovery"":{""wifiReconnectCount"":0,""wifiReconnectFailCount"":0,""mqttReconnectCount"":0,""mqttConnectFailCount"":0,""lastMqttState"":0,""adsRecoveryCount"":0,""adsRecoveryFailCount"":0,""adsReadFailStreak"":0,""lastReason"":""none"",""lastRecoveryMs"":0,""bootRecoveryArmed"":false,""bootRecoveryDueMs"":0,""bootRecoveryReason"":""none"",""bootRecoveryNonAdsFailure"":false,""bootRecoveryRestartCount"":0},""nulling"":{""done"":false,""retryArmed"":false,""attemptCount"":0,""nextRetryMs"":0,""thresholdV"":9.999999747E-06,""minFinalV"":0},""telemetry"":{""valid"":true,""sampleMs"":2034836,""gasClass"":6,""gasName"":""CO2"",""confidence"":0,""alarm"":false,""sensorVoltage"":[-0.000930376,0.004157101,0.005146823,-0.002393094,0.002112085,-0.012216032,-0.020442979,-0.002804815],""sensorGain"":[64,64,64,64,64,64,64,64],""sensorStatus"":[0,0,0,0,0,0,0,0],""featureOrder"":[""MQ8"",""MQ135"",""MQ3"",""MQ5"",""MQ4"",""MQ7"",""MQ6"",""MQ2""]},""alarmLatched"":false}"
"2026-08-04 09:54:59.339 +07:00","7.76","HOT_BASELINE_100","100","1000","0","1","0","-0.000917197","0.004175424","0.005135085","-0.002381725","0.001677792","-0.012233043","-0.020420033","-0.003859863","{""deviceId"":""1001"",""nodeId"":4097,""targetChId"":""0010"",""mode"":""inference"",""uptimeMs"":2035940,""debugEnabled"":true,""power"":{""mode"":""24v"",""externalPower"":true,""batteryMv"":65535,""batteryValid"":false,""batteryDetected"":false,""batterySenseStatus"":""not_detected"",""batteryLow"":false,""batteryCritical"":false,""sourceAmbiguous"":false,""serviceHoldActive"":false,""serviceHoldEffective"":false},""batterySession"":{""state"":""inactive"",""startedMs"":0,""stateStartedMs"":0,""validSampleBatches"":0,""requiredSampleBatches"":10,""alarmTxAttempts"":0,""alarmTxAttemptLimit"":3,""alarmAckReceived"":false,""pendingAlarm"":false,""pendingSaveRequired"":false,""persistenceFaultHold"":false,""completionReason"":""session_done""},""bootHealth"":{""adsReady"":true,""adsDrdyLevel"":0,""adsDrdyPulldownLevel"":0,""adsDrdyPullupLevel"":0,""adsMisoPulldownLevel"":0,""adsMisoPullupLevel"":1,""adsCsLevel"":1,""adsSyncLevel"":1,""adsStatus"":54,""adsMux"":15,""adsAdcon"":6,""adsDrate"":240,""adsReason"":""ok"",""tcaOk"":true,""mcpOkCount"":8,""mcpOk"":[true,true,true,true,true,true,true,true],""mcpAddrMask"":[1,1,1,1,1,1,1,1],""mcpControlTested"":true,""mcpControlOkCount"":8,""mcpControlOk"":[true,true,true,true,true,true,true,true],""dacReady"":true,""radioReady"":true,""mlReady"":true,""nullingProfileApplied"":true,""modelProfileReady"":false},""runtimeMcpCode"":[255,519,795,706,799,865,665,139],""model"":{""profileId"":""cnn-dualbranch-datasheet-v1-unbound"",""scalerProfileId"":""cnn-dualbranch-datasheet-v1-unbound"",""productionApproved"":true,""boundNullingProfileId"":8,""activeNullingProfileId"":9,""bindingValid"":true,""bindingModelMatches"":true,""profileReady"":false,""inferenceValid"":false,""sensorFault"":true},""lora"":{""beginState"":0,""lastTxState"":0,""lastTxOk"":false,""txSeq"":0,""txCounter"":0,""aesKeyProvisioned"":true,""aesKeyPresent"":true,""aesKeySource"":""nvs"",""keyId"":1,""lastDownlinkCommandId"":0,""freqMHz"":920,""bwKHz"":125,""sf"":7,""cr"":5,""syncWord"":18,""txPowerDbm"":17,""preamble"":8,""tcxoVoltage"":1.600000024,""xtalVoltage"":0},""dataset"":{""state"":""idle"",""step"":""idle"",""label"":"""",""seq"":0,""targetSamples"":0,""sampleIntervalMs"":500,""maxDurationMs"":0,""useFanIntake"":true,""fanOnMs"":1000,""postFanSettleMs"":0,""nullingProfileId"":9,""queuePending"":0,""queueCapacity"":16,""queueEnqueued"":0,""queueDropped"":0,""publishFailCount"":0,""retryCount"":0,""retryFailCount"":0,""rejectedSamples"":0,""lastRejectReason"":""none"",""lastRejectChannel"":-1,""lastRejectOkFiniteCount"":0,""lastRejectStatus"":255,""lastRejectGain"":0,""lastRejectSaturated"":false},""recovery"":{""wifiReconnectCount"":0,""wifiReconnectFailCount"":0,""mqttReconnectCount"":0,""mqttConnectFailCount"":0,""lastMqttState"":0,""adsRecoveryCount"":0,""adsRecoveryFailCount"":0,""adsReadFailStreak"":0,""lastReason"":""none"",""lastRecoveryMs"":0,""bootRecoveryArmed"":false,""bootRecoveryDueMs"":0,""bootRecoveryReason"":""none"",""bootRecoveryNonAdsFailure"":false,""bootRecoveryRestartCount"":0},""nulling"":{""done"":false,""retryArmed"":false,""attemptCount"":0,""nextRetryMs"":0,""thresholdV"":9.999999747E-06,""minFinalV"":0},""telemetry"":{""valid"":true,""sampleMs"":2035518,""gasClass"":6,""gasName"":""CO2"",""confidence"":0,""alarm"":false,""sensorVoltage"":[-0.000917197,0.004175424,0.005135085,-0.002381725,0.001677792,-0.012233043,-0.020420033,-0.003859863],""sensorGain"":[64,64,64,64,64,64,64,64],""sensorStatus"":[0,0,0,0,0,0,0,0],""featureOrder"":[""MQ8"",""MQ135"",""MQ3"",""MQ5"",""MQ4"",""MQ7"",""MQ6"",""MQ2""]},""alarmLatched"":false}"
"2026-08-04 09:55:00.021 +07:00","8.442","HOT_BASELINE_100","100","1000","0","1","0","-0.000919314","0.00425903","0.00504204","-0.002369961","0.00297499","-0.012284594","-0.020402372","-0.003114606","{""deviceId"":""1001"",""nodeId"":4097,""targetChId"":""0010"",""mode"":""inference"",""uptimeMs"":2036621,""debugEnabled"":true,""power"":{""mode"":""24v"",""externalPower"":true,""batteryMv"":65535,""batteryValid"":false,""batteryDetected"":false,""batterySenseStatus"":""not_detected"",""batteryLow"":false,""batteryCritical"":false,""sourceAmbiguous"":false,""serviceHoldActive"":false,""serviceHoldEffective"":false},""batterySession"":{""state"":""inactive"",""startedMs"":0,""stateStartedMs"":0,""validSampleBatches"":0,""requiredSampleBatches"":10,""alarmTxAttempts"":0,""alarmTxAttemptLimit"":3,""alarmAckReceived"":false,""pendingAlarm"":false,""pendingSaveRequired"":false,""persistenceFaultHold"":false,""completionReason"":""session_done""},""bootHealth"":{""adsReady"":true,""adsDrdyLevel"":0,""adsDrdyPulldownLevel"":0,""adsDrdyPullupLevel"":0,""adsMisoPulldownLevel"":0,""adsMisoPullupLevel"":1,""adsCsLevel"":1,""adsSyncLevel"":1,""adsStatus"":54,""adsMux"":15,""adsAdcon"":6,""adsDrate"":240,""adsReason"":""ok"",""tcaOk"":true,""mcpOkCount"":8,""mcpOk"":[true,true,true,true,true,true,true,true],""mcpAddrMask"":[1,1,1,1,1,1,1,1],""mcpControlTested"":true,""mcpControlOkCount"":8,""mcpControlOk"":[true,true,true,true,true,true,true,true],""dacReady"":true,""radioReady"":true,""mlReady"":true,""nullingProfileApplied"":true,""modelProfileReady"":false},""runtimeMcpCode"":[255,519,795,706,799,865,665,139],""model"":{""profileId"":""cnn-dualbranch-datasheet-v1-unbound"",""scalerProfileId"":""cnn-dualbranch-datasheet-v1-unbound"",""productionApproved"":true,""boundNullingProfileId"":8,""activeNullingProfileId"":9,""bindingValid"":true,""bindingModelMatches"":true,""profileReady"":false,""inferenceValid"":false,""sensorFault"":true},""lora"":{""beginState"":0,""lastTxState"":0,""lastTxOk"":false,""txSeq"":0,""txCounter"":0,""aesKeyProvisioned"":true,""aesKeyPresent"":true,""aesKeySource"":""nvs"",""keyId"":1,""lastDownlinkCommandId"":0,""freqMHz"":920,""bwKHz"":125,""sf"":7,""cr"":5,""syncWord"":18,""txPowerDbm"":17,""preamble"":8,""tcxoVoltage"":1.600000024,""xtalVoltage"":0},""dataset"":{""state"":""idle"",""step"":""idle"",""label"":"""",""seq"":0,""targetSamples"":0,""sampleIntervalMs"":500,""maxDurationMs"":0,""useFanIntake"":true,""fanOnMs"":1000,""postFanSettleMs"":0,""nullingProfileId"":9,""queuePending"":0,""queueCapacity"":16,""queueEnqueued"":0,""queueDropped"":0,""publishFailCount"":0,""retryCount"":0,""retryFailCount"":0,""rejectedSamples"":0,""lastRejectReason"":""none"",""lastRejectChannel"":-1,""lastRejectOkFiniteCount"":0,""lastRejectStatus"":255,""lastRejectGain"":0,""lastRejectSaturated"":false},""recovery"":{""wifiReconnectCount"":0,""wifiReconnectFailCount"":0,""mqttReconnectCount"":0,""mqttConnectFailCount"":0,""lastMqttState"":0,""adsRecoveryCount"":0,""adsRecoveryFailCount"":0,""adsReadFailStreak"":0,""lastReason"":""none"",""lastRecoveryMs"":0,""bootRecoveryArmed"":false,""bootRecoveryDueMs"":0,""bootRecoveryReason"":""none"",""bootRecoveryNonAdsFailure"":false,""bootRecoveryRestartCount"":0},""nulling"":{""done"":false,""retryArmed"":false,""attemptCount"":0,""nextRetryMs"":0,""thresholdV"":9.999999747E-06,""minFinalV"":0},""telemetry"":{""valid"":true,""sampleMs"":2036250,""gasClass"":6,""gasName"":""CO2"",""confidence"":0,""alarm"":false,""sensorVoltage"":[-0.000919314,0.00425903,0.00504204,-0.002369961,0.00297499,-0.012284594,-0.020402372,-0.003114606],""sensorGain"":[64,64,64,64,64,64,64,64],""sensorStatus"":[0,0,0,0,0,0,0,0],""featureOrder"":[""MQ8"",""MQ135"",""MQ3"",""MQ5"",""MQ4"",""MQ7"",""MQ6"",""MQ2""]},""alarmLatched"":false}"
"2026-08-04 09:55:00.705 +07:00","9.127","HOT_BASELINE_100","100","1000","0","1","0","-0.000918163","0.00422598","0.005039141","-0.00242087","0.004399812","-0.012236587","-0.020442989","-0.002627869","{""deviceId"":""1001"",""nodeId"":4097,""targetChId"":""0010"",""mode"":""inference"",""uptimeMs"":2037307,""debugEnabled"":true,""power"":{""mode"":""24v"",""externalPower"":true,""batteryMv"":65535,""batteryValid"":false,""batteryDetected"":false,""batterySenseStatus"":""not_detected"",""batteryLow"":false,""batteryCritical"":false,""sourceAmbiguous"":false,""serviceHoldActive"":false,""serviceHoldEffective"":false},""batterySession"":{""state"":""inactive"",""startedMs"":0,""stateStartedMs"":0,""validSampleBatches"":0,""requiredSampleBatches"":10,""alarmTxAttempts"":0,""alarmTxAttemptLimit"":3,""alarmAckReceived"":false,""pendingAlarm"":false,""pendingSaveRequired"":false,""persistenceFaultHold"":false,""completionReason"":""session_done""},""bootHealth"":{""adsReady"":true,""adsDrdyLevel"":0,""adsDrdyPulldownLevel"":0,""adsDrdyPullupLevel"":0,""adsMisoPulldownLevel"":0,""adsMisoPullupLevel"":1,""adsCsLevel"":1,""adsSyncLevel"":1,""adsStatus"":54,""adsMux"":15,""adsAdcon"":6,""adsDrate"":240,""adsReason"":""ok"",""tcaOk"":true,""mcpOkCount"":8,""mcpOk"":[true,true,true,true,true,true,true,true],""mcpAddrMask"":[1,1,1,1,1,1,1,1],""mcpControlTested"":true,""mcpControlOkCount"":8,""mcpControlOk"":[true,true,true,true,true,true,true,true],""dacReady"":true,""radioReady"":true,""mlReady"":true,""nullingProfileApplied"":true,""modelProfileReady"":false},""runtimeMcpCode"":[255,519,795,706,799,865,665,139],""model"":{""profileId"":""cnn-dualbranch-datasheet-v1-unbound"",""scalerProfileId"":""cnn-dualbranch-datasheet-v1-unbound"",""productionApproved"":true,""boundNullingProfileId"":8,""activeNullingProfileId"":9,""bindingValid"":true,""bindingModelMatches"":true,""profileReady"":false,""inferenceValid"":false,""sensorFault"":true},""lora"":{""beginState"":0,""lastTxState"":0,""lastTxOk"":false,""txSeq"":0,""txCounter"":0,""aesKeyProvisioned"":true,""aesKeyPresent"":true,""aesKeySource"":""nvs"",""keyId"":1,""lastDownlinkCommandId"":0,""freqMHz"":920,""bwKHz"":125,""sf"":7,""cr"":5,""syncWord"":18,""txPowerDbm"":17,""preamble"":8,""tcxoVoltage"":1.600000024,""xtalVoltage"":0},""dataset"":{""state"":""idle"",""step"":""idle"",""label"":"""",""seq"":0,""targetSamples"":0,""sampleIntervalMs"":500,""maxDurationMs"":0,""useFanIntake"":true,""fanOnMs"":1000,""postFanSettleMs"":0,""nullingProfileId"":9,""queuePending"":0,""queueCapacity"":16,""queueEnqueued"":0,""queueDropped"":0,""publishFailCount"":0,""retryCount"":0,""retryFailCount"":0,""rejectedSamples"":0,""lastRejectReason"":""none"",""lastRejectChannel"":-1,""lastRejectOkFiniteCount"":0,""lastRejectStatus"":255,""lastRejectGain"":0,""lastRejectSaturated"":false},""recovery"":{""wifiReconnectCount"":0,""wifiReconnectFailCount"":0,""mqttReconnectCount"":0,""mqttConnectFailCount"":0,""lastMqttState"":0,""adsRecoveryCount"":0,""adsRecoveryFailCount"":0,""adsReadFailStreak"":0,""lastReason"":""none"",""lastRecoveryMs"":0,""bootRecoveryArmed"":false,""bootRecoveryDueMs"":0,""bootRecoveryReason"":""none"",""bootRecoveryNonAdsFailure"":false,""bootRecoveryRestartCount"":0},""nulling"":{""done"":false,""retryArmed"":false,""attemptCount"":0,""nextRetryMs"":0,""thresholdV"":9.999999747E-06,""minFinalV"":0},""telemetry"":{""valid"":true,""sampleMs"":2036899,""gasClass"":6,""gasName"":""CO2"",""confidence"":0,""alarm"":false,""sensorVoltage"":[-0.000918163,0.00422598,0.005039141,-0.00242087,0.004399812,-0.012236587,-0.020442989,-0.002627869],""sensorGain"":[64,64,64,64,64,64,64,64],""sensorStatus"":[0,0,0,0,0,0,0,0],""featureOrder"":[""MQ8"",""MQ135"",""MQ3"",""MQ5"",""MQ4"",""MQ7"",""MQ6"",""MQ2""]},""alarmLatched"":false}"
"2026-08-04 09:55:01.404 +07:00","9.826","HOT_BASELINE_100","100","1000","0","1","0","-0.000918008","0.00424089","0.005011277","-0.00243106","0.003051768","-0.012231624","-0.020469468","-0.003499693","{""deviceId"":""1001"",""nodeId"":4097,""targetChId"":""0010"",""mode"":""inference"",""uptimeMs"":2038006,""debugEnabled"":true,""power"":{""mode"":""24v"",""externalPower"":true,""batteryMv"":65535,""batteryValid"":false,""batteryDetected"":false,""batterySenseStatus"":""not_detected"",""batteryLow"":false,""batteryCritical"":false,""sourceAmbiguous"":false,""serviceHoldActive"":false,""serviceHoldEffective"":false},""batterySession"":{""state"":""inactive"",""startedMs"":0,""stateStartedMs"":0,""validSampleBatches"":0,""requiredSampleBatches"":10,""alarmTxAttempts"":0,""alarmTxAttemptLimit"":3,""alarmAckReceived"":false,""pendingAlarm"":false,""pendingSaveRequired"":false,""persistenceFaultHold"":false,""completionReason"":""session_done""},""bootHealth"":{""adsReady"":true,""adsDrdyLevel"":0,""adsDrdyPulldownLevel"":0,""adsDrdyPullupLevel"":0,""adsMisoPulldownLevel"":0,""adsMisoPullupLevel"":1,""adsCsLevel"":1,""adsSyncLevel"":1,""adsStatus"":54,""adsMux"":15,""adsAdcon"":6,""adsDrate"":240,""adsReason"":""ok"",""tcaOk"":true,""mcpOkCount"":8,""mcpOk"":[true,true,true,true,true,true,true,true],""mcpAddrMask"":[1,1,1,1,1,1,1,1],""mcpControlTested"":true,""mcpControlOkCount"":8,""mcpControlOk"":[true,true,true,true,true,true,true,true],""dacReady"":true,""radioReady"":true,""mlReady"":true,""nullingProfileApplied"":true,""modelProfileReady"":false},""runtimeMcpCode"":[255,519,795,706,799,865,665,139],""model"":{""profileId"":""cnn-dualbranch-datasheet-v1-unbound"",""scalerProfileId"":""cnn-dualbranch-datasheet-v1-unbound"",""productionApproved"":true,""boundNullingProfileId"":8,""activeNullingProfileId"":9,""bindingValid"":true,""bindingModelMatches"":true,""profileReady"":false,""inferenceValid"":false,""sensorFault"":true},""lora"":{""beginState"":0,""lastTxState"":0,""lastTxOk"":false,""txSeq"":0,""txCounter"":0,""aesKeyProvisioned"":true,""aesKeyPresent"":true,""aesKeySource"":""nvs"",""keyId"":1,""lastDownlinkCommandId"":0,""freqMHz"":920,""bwKHz"":125,""sf"":7,""cr"":5,""syncWord"":18,""txPowerDbm"":17,""preamble"":8,""tcxoVoltage"":1.600000024,""xtalVoltage"":0},""dataset"":{""state"":""idle"",""step"":""idle"",""label"":"""",""seq"":0,""targetSamples"":0,""sampleIntervalMs"":500,""maxDurationMs"":0,""useFanIntake"":true,""fanOnMs"":1000,""postFanSettleMs"":0,""nullingProfileId"":9,""queuePending"":0,""queueCapacity"":16,""queueEnqueued"":0,""queueDropped"":0,""publishFailCount"":0,""retryCount"":0,""retryFailCount"":0,""rejectedSamples"":0,""lastRejectReason"":""none"",""lastRejectChannel"":-1,""lastRejectOkFiniteCount"":0,""lastRejectStatus"":255,""lastRejectGain"":0,""lastRejectSaturated"":false},""recovery"":{""wifiReconnectCount"":0,""wifiReconnectFailCount"":0,""mqttReconnectCount"":0,""mqttConnectFailCount"":0,""lastMqttState"":0,""adsRecoveryCount"":0,""adsRecoveryFailCount"":0,""adsReadFailStreak"":0,""lastReason"":""none"",""lastRecoveryMs"":0,""bootRecoveryArmed"":false,""bootRecoveryDueMs"":0,""bootRecoveryReason"":""none"",""bootRecoveryNonAdsFailure"":false,""bootRecoveryRestartCount"":0},""nulling"":{""done"":false,""retryArmed"":false,""attemptCount"":0,""nextRetryMs"":0,""thresholdV"":9.999999747E-06,""minFinalV"":0},""telemetry"":{""valid"":true,""sampleMs"":2037585,""gasClass"":6,""gasName"":""CO2"",""confidence"":0,""alarm"":false,""sensorVoltage"":[-0.000918008,0.00424089,0.005011277,-0.00243106,0.003051768,-0.012231624,-0.020469468,-0.003499693],""sensorGain"":[64,64,64,64,64,64,64,64],""sensorStatus"":[0,0,0,0,0,0,0,0],""featureOrder"":[""MQ8"",""MQ135"",""MQ3"",""MQ5"",""MQ4"",""MQ7"",""MQ6"",""MQ2""]},""alarmLatched"":false}"
"2026-08-04 09:55:02.088 +07:00","10.51","HOT_BASELINE_100","100","1000","0","1","0","-0.000939008","0.004260621","0.005014895","-0.002447059","0.002922258","-0.012236104","-0.020483261","-0.0032755","{""deviceId"":""1001"",""nodeId"":4097,""targetChId"":""0010"",""mode"":""inference"",""uptimeMs"":2038690,""debugEnabled"":true,""power"":{""mode"":""24v"",""externalPower"":true,""batteryMv"":65535,""batteryValid"":false,""batteryDetected"":false,""batterySenseStatus"":""not_detected"",""batteryLow"":false,""batteryCritical"":false,""sourceAmbiguous"":false,""serviceHoldActive"":false,""serviceHoldEffective"":false},""batterySession"":{""state"":""inactive"",""startedMs"":0,""stateStartedMs"":0,""validSampleBatches"":0,""requiredSampleBatches"":10,""alarmTxAttempts"":0,""alarmTxAttemptLimit"":3,""alarmAckReceived"":false,""pendingAlarm"":false,""pendingSaveRequired"":false,""persistenceFaultHold"":false,""completionReason"":""session_done""},""bootHealth"":{""adsReady"":true,""adsDrdyLevel"":0,""adsDrdyPulldownLevel"":0,""adsDrdyPullupLevel"":0,""adsMisoPulldownLevel"":0,""adsMisoPullupLevel"":1,""adsCsLevel"":1,""adsSyncLevel"":1,""adsStatus"":54,""adsMux"":15,""adsAdcon"":6,""adsDrate"":240,""adsReason"":""ok"",""tcaOk"":true,""mcpOkCount"":8,""mcpOk"":[true,true,true,true,true,true,true,true],""mcpAddrMask"":[1,1,1,1,1,1,1,1],""mcpControlTested"":true,""mcpControlOkCount"":8,""mcpControlOk"":[true,true,true,true,true,true,true,true],""dacReady"":true,""radioReady"":true,""mlReady"":true,""nullingProfileApplied"":true,""modelProfileReady"":false},""runtimeMcpCode"":[255,519,795,706,799,865,665,139],""model"":{""profileId"":""cnn-dualbranch-datasheet-v1-unbound"",""scalerProfileId"":""cnn-dualbranch-datasheet-v1-unbound"",""productionApproved"":true,""boundNullingProfileId"":8,""activeNullingProfileId"":9,""bindingValid"":true,""bindingModelMatches"":true,""profileReady"":false,""inferenceValid"":false,""sensorFault"":true},""lora"":{""beginState"":0,""lastTxState"":0,""lastTxOk"":false,""txSeq"":0,""txCounter"":0,""aesKeyProvisioned"":true,""aesKeyPresent"":true,""aesKeySource"":""nvs"",""keyId"":1,""lastDownlinkCommandId"":0,""freqMHz"":920,""bwKHz"":125,""sf"":7,""cr"":5,""syncWord"":18,""txPowerDbm"":17,""preamble"":8,""tcxoVoltage"":1.600000024,""xtalVoltage"":0},""dataset"":{""state"":""idle"",""step"":""idle"",""label"":"""",""seq"":0,""targetSamples"":0,""sampleIntervalMs"":500,""maxDurationMs"":0,""useFanIntake"":true,""fanOnMs"":1000,""postFanSettleMs"":0,""nullingProfileId"":9,""queuePending"":0,""queueCapacity"":16,""queueEnqueued"":0,""queueDropped"":0,""publishFailCount"":0,""retryCount"":0,""retryFailCount"":0,""rejectedSamples"":0,""lastRejectReason"":""none"",""lastRejectChannel"":-1,""lastRejectOkFiniteCount"":0,""lastRejectStatus"":255,""lastRejectGain"":0,""lastRejectSaturated"":false},""recovery"":{""wifiReconnectCount"":0,""wifiReconnectFailCount"":0,""mqttReconnectCount"":0,""mqttConnectFailCount"":0,""lastMqttState"":0,""adsRecoveryCount"":0,""adsRecoveryFailCount"":0,""adsReadFailStreak"":0,""lastReason"":""none"",""lastRecoveryMs"":0,""bootRecoveryArmed"":false,""bootRecoveryDueMs"":0,""bootRecoveryReason"":""none"",""bootRecoveryNonAdsFailure"":false,""bootRecoveryRestartCount"":0},""nulling"":{""done"":false,""retryArmed"":false,""attemptCount"":0,""nextRetryMs"":0,""thresholdV"":9.999999747E-06,""minFinalV"":0},""telemetry"":{""valid"":true,""sampleMs"":2038316,""gasClass"":6,""gasName"":""CO2"",""confidence"":0,""alarm"":false,""sensorVoltage"":[-0.000939008,0.004260621,0.005014895,-0.002447059,0.002922258,-0.012236104,-0.020483261,-0.0032755],""sensorGain"":[64,64,64,64,64,64,64,64],""sensorStatus"":[0,0,0,0,0,0,0,0],""featureOrder"":[""MQ8"",""MQ135"",""MQ3"",""MQ5"",""MQ4"",""MQ7"",""MQ6"",""MQ2""]},""alarmLatched"":false}"
"2026-08-04 09:55:02.781 +07:00","11.203","HOT_BASELINE_100","100","1000","0","1","0","-0.000951886","0.004235649","0.004974298","-0.002440203","0.003099184","-0.012232398","-0.020525891","-0.001307389","{""deviceId"":""1001"",""nodeId"":4097,""targetChId"":""0010"",""mode"":""inference"",""uptimeMs"":2039383,""debugEnabled"":true,""power"":{""mode"":""24v"",""externalPower"":true,""batteryMv"":65535,""batteryValid"":false,""batteryDetected"":false,""batterySenseStatus"":""not_detected"",""batteryLow"":false,""batteryCritical"":false,""sourceAmbiguous"":false,""serviceHoldActive"":false,""serviceHoldEffective"":false},""batterySession"":{""state"":""inactive"",""startedMs"":0,""stateStartedMs"":0,""validSampleBatches"":0,""requiredSampleBatches"":10,""alarmTxAttempts"":0,""alarmTxAttemptLimit"":3,""alarmAckReceived"":false,""pendingAlarm"":false,""pendingSaveRequired"":false,""persistenceFaultHold"":false,""completionReason"":""session_done""},""bootHealth"":{""adsReady"":true,""adsDrdyLevel"":0,""adsDrdyPulldownLevel"":0,""adsDrdyPullupLevel"":0,""adsMisoPulldownLevel"":0,""adsMisoPullupLevel"":1,""adsCsLevel"":1,""adsSyncLevel"":1,""adsStatus"":54,""adsMux"":15,""adsAdcon"":6,""adsDrate"":240,""adsReason"":""ok"",""tcaOk"":true,""mcpOkCount"":8,""mcpOk"":[true,true,true,true,true,true,true,true],""mcpAddrMask"":[1,1,1,1,1,1,1,1],""mcpControlTested"":true,""mcpControlOkCount"":8,""mcpControlOk"":[true,true,true,true,true,true,true,true],""dacReady"":true,""radioReady"":true,""mlReady"":true,""nullingProfileApplied"":true,""modelProfileReady"":false},""runtimeMcpCode"":[255,519,795,706,799,865,665,139],""model"":{""profileId"":""cnn-dualbranch-datasheet-v1-unbound"",""scalerProfileId"":""cnn-dualbranch-datasheet-v1-unbound"",""productionApproved"":true,""boundNullingProfileId"":8,""activeNullingProfileId"":9,""bindingValid"":true,""bindingModelMatches"":true,""profileReady"":false,""inferenceValid"":false,""sensorFault"":true},""lora"":{""beginState"":0,""lastTxState"":0,""lastTxOk"":false,""txSeq"":0,""txCounter"":0,""aesKeyProvisioned"":true,""aesKeyPresent"":true,""aesKeySource"":""nvs"",""keyId"":1,""lastDownlinkCommandId"":0,""freqMHz"":920,""bwKHz"":125,""sf"":7,""cr"":5,""syncWord"":18,""txPowerDbm"":17,""preamble"":8,""tcxoVoltage"":1.600000024,""xtalVoltage"":0},""dataset"":{""state"":""idle"",""step"":""idle"",""label"":"""",""seq"":0,""targetSamples"":0,""sampleIntervalMs"":500,""maxDurationMs"":0,""useFanIntake"":true,""fanOnMs"":1000,""postFanSettleMs"":0,""nullingProfileId"":9,""queuePending"":0,""queueCapacity"":16,""queueEnqueued"":0,""queueDropped"":0,""publishFailCount"":0,""retryCount"":0,""retryFailCount"":0,""rejectedSamples"":0,""lastRejectReason"":""none"",""lastRejectChannel"":-1,""lastRejectOkFiniteCount"":0,""lastRejectStatus"":255,""lastRejectGain"":0,""lastRejectSaturated"":false},""recovery"":{""wifiReconnectCount"":0,""wifiReconnectFailCount"":0,""mqttReconnectCount"":0,""mqttConnectFailCount"":0,""lastMqttState"":0,""adsRecoveryCount"":0,""adsRecoveryFailCount"":0,""adsReadFailStreak"":0,""lastReason"":""none"",""lastRecoveryMs"":0,""bootRecoveryArmed"":false,""bootRecoveryDueMs"":0,""bootRecoveryReason"":""none"",""bootRecoveryNonAdsFailure"":false,""bootRecoveryRestartCount"":0},""nulling"":{""done"":false,""retryArmed"":false,""attemptCount"":0,""nextRetryMs"":0,""thresholdV"":9.999999747E-06,""minFinalV"":0},""telemetry"":{""valid"":true,""sampleMs"":2038968,""gasClass"":6,""gasName"":""CO2"",""confidence"":0,""alarm"":false,""sensorVoltage"":[-0.000951886,0.004235649,0.004974298,-0.002440203,0.003099184,-0.012232398,-0.020525891,-0.001307389],""sensorGain"":[64,64,64,64,64,64,64,64],""sensorStatus"":[0,0,0,0,0,0,0,0],""featureOrder"":[""MQ8"",""MQ135"",""MQ3"",""MQ5"",""MQ4"",""MQ7"",""MQ6"",""MQ2""]},""alarmLatched"":false}"
"2026-08-04 09:55:03.489 +07:00","11.909","HOT_BASELINE_100","100","1000","0","1","0","-0.000941069","0.004239072","0.004952845","-0.002503424","0.00191648","-0.012228062","-0.020504702","-0.000940854","{""deviceId"":""1001"",""nodeId"":4097,""targetChId"":""0010"",""mode"":""inference"",""uptimeMs"":2040089,""debugEnabled"":true,""power"":{""mode"":""24v"",""externalPower"":true,""batteryMv"":65535,""batteryValid"":false,""batteryDetected"":false,""batterySenseStatus"":""not_detected"",""batteryLow"":false,""batteryCritical"":false,""sourceAmbiguous"":false,""serviceHoldActive"":false,""serviceHoldEffective"":false},""batterySession"":{""state"":""inactive"",""startedMs"":0,""stateStartedMs"":0,""validSampleBatches"":0,""requiredSampleBatches"":10,""alarmTxAttempts"":0,""alarmTxAttemptLimit"":3,""alarmAckReceived"":false,""pendingAlarm"":false,""pendingSaveRequired"":false,""persistenceFaultHold"":false,""completionReason"":""session_done""},""bootHealth"":{""adsReady"":true,""adsDrdyLevel"":0,""adsDrdyPulldownLevel"":0,""adsDrdyPullupLevel"":0,""adsMisoPulldownLevel"":0,""adsMisoPullupLevel"":1,""adsCsLevel"":1,""adsSyncLevel"":1,""adsStatus"":54,""adsMux"":15,""adsAdcon"":6,""adsDrate"":240,""adsReason"":""ok"",""tcaOk"":true,""mcpOkCount"":8,""mcpOk"":[true,true,true,true,true,true,true,true],""mcpAddrMask"":[1,1,1,1,1,1,1,1],""mcpControlTested"":true,""mcpControlOkCount"":8,""mcpControlOk"":[true,true,true,true,true,true,true,true],""dacReady"":true,""radioReady"":true,""mlReady"":true,""nullingProfileApplied"":true,""modelProfileReady"":false},""runtimeMcpCode"":[255,519,795,706,799,865,665,139],""model"":{""profileId"":""cnn-dualbranch-datasheet-v1-unbound"",""scalerProfileId"":""cnn-dualbranch-datasheet-v1-unbound"",""productionApproved"":true,""boundNullingProfileId"":8,""activeNullingProfileId"":9,""bindingValid"":true,""bindingModelMatches"":true,""profileReady"":false,""inferenceValid"":false,""sensorFault"":true},""lora"":{""beginState"":0,""lastTxState"":0,""lastTxOk"":false,""txSeq"":0,""txCounter"":0,""aesKeyProvisioned"":true,""aesKeyPresent"":true,""aesKeySource"":""nvs"",""keyId"":1,""lastDownlinkCommandId"":0,""freqMHz"":920,""bwKHz"":125,""sf"":7,""cr"":5,""syncWord"":18,""txPowerDbm"":17,""preamble"":8,""tcxoVoltage"":1.600000024,""xtalVoltage"":0},""dataset"":{""state"":""idle"",""step"":""idle"",""label"":"""",""seq"":0,""targetSamples"":0,""sampleIntervalMs"":500,""maxDurationMs"":0,""useFanIntake"":true,""fanOnMs"":1000,""postFanSettleMs"":0,""nullingProfileId"":9,""queuePending"":0,""queueCapacity"":16,""queueEnqueued"":0,""queueDropped"":0,""publishFailCount"":0,""retryCount"":0,""retryFailCount"":0,""rejectedSamples"":0,""lastRejectReason"":""none"",""lastRejectChannel"":-1,""lastRejectOkFiniteCount"":0,""lastRejectStatus"":255,""lastRejectGain"":0,""lastRejectSaturated"":false},""recovery"":{""wifiReconnectCount"":0,""wifiReconnectFailCount"":0,""mqttReconnectCount"":0,""mqttConnectFailCount"":0,""lastMqttState"":0,""adsRecoveryCount"":0,""adsRecoveryFailCount"":0,""adsReadFailStreak"":0,""lastReason"":""none"",""lastRecoveryMs"":0,""bootRecoveryArmed"":false,""bootRecoveryDueMs"":0,""bootRecoveryReason"":""none"",""bootRecoveryNonAdsFailure"":false,""bootRecoveryRestartCount"":0},""nulling"":{""done"":false,""retryArmed"":false,""attemptCount"":0,""nextRetryMs"":0,""thresholdV"":9.999999747E-06,""minFinalV"":0},""telemetry"":{""valid"":true,""sampleMs"":2039661,""gasClass"":6,""gasName"":""CO2"",""confidence"":0,""alarm"":false,""sensorVoltage"":[-0.000941069,0.004239072,0.004952845,-0.002503424,0.00191648,-0.012228062,-0.020504702,-0.000940854],""sensorGain"":[64,64,64,64,64,64,64,64],""sensorStatus"":[0,0,0,0,0,0,0,0],""featureOrder"":[""MQ8"",""MQ135"",""MQ3"",""MQ5"",""MQ4"",""MQ7"",""MQ6"",""MQ2""]},""alarmLatched"":false}"
"2026-08-04 09:55:04.171 +07:00","12.593","HOT_BASELINE_100","100","1000","0","1","0","-0.000931997","0.004226343","0.004992848","-0.002500481","0.001306379","-0.012214603","-0.020549597","-0.000303023","{""deviceId"":""1001"",""nodeId"":4097,""targetChId"":""0010"",""mode"":""inference"",""uptimeMs"":2040771,""debugEnabled"":true,""power"":{""mode"":""24v"",""externalPower"":true,""batteryMv"":65535,""batteryValid"":false,""batteryDetected"":false,""batterySenseStatus"":""not_detected"",""batteryLow"":false,""batteryCritical"":false,""sourceAmbiguous"":false,""serviceHoldActive"":false,""serviceHoldEffective"":false},""batterySession"":{""state"":""inactive"",""startedMs"":0,""stateStartedMs"":0,""validSampleBatches"":0,""requiredSampleBatches"":10,""alarmTxAttempts"":0,""alarmTxAttemptLimit"":3,""alarmAckReceived"":false,""pendingAlarm"":false,""pendingSaveRequired"":false,""persistenceFaultHold"":false,""completionReason"":""session_done""},""bootHealth"":{""adsReady"":true,""adsDrdyLevel"":0,""adsDrdyPulldownLevel"":0,""adsDrdyPullupLevel"":0,""adsMisoPulldownLevel"":0,""adsMisoPullupLevel"":1,""adsCsLevel"":1,""adsSyncLevel"":1,""adsStatus"":54,""adsMux"":15,""adsAdcon"":6,""adsDrate"":240,""adsReason"":""ok"",""tcaOk"":true,""mcpOkCount"":8,""mcpOk"":[true,true,true,true,true,true,true,true],""mcpAddrMask"":[1,1,1,1,1,1,1,1],""mcpControlTested"":true,""mcpControlOkCount"":8,""mcpControlOk"":[true,true,true,true,true,true,true,true],""dacReady"":true,""radioReady"":true,""mlReady"":true,""nullingProfileApplied"":true,""modelProfileReady"":false},""runtimeMcpCode"":[255,519,795,706,799,865,665,139],""model"":{""profileId"":""cnn-dualbranch-datasheet-v1-unbound"",""scalerProfileId"":""cnn-dualbranch-datasheet-v1-unbound"",""productionApproved"":true,""boundNullingProfileId"":8,""activeNullingProfileId"":9,""bindingValid"":true,""bindingModelMatches"":true,""profileReady"":false,""inferenceValid"":false,""sensorFault"":true},""lora"":{""beginState"":0,""lastTxState"":0,""lastTxOk"":false,""txSeq"":0,""txCounter"":0,""aesKeyProvisioned"":true,""aesKeyPresent"":true,""aesKeySource"":""nvs"",""keyId"":1,""lastDownlinkCommandId"":0,""freqMHz"":920,""bwKHz"":125,""sf"":7,""cr"":5,""syncWord"":18,""txPowerDbm"":17,""preamble"":8,""tcxoVoltage"":1.600000024,""xtalVoltage"":0},""dataset"":{""state"":""idle"",""step"":""idle"",""label"":"""",""seq"":0,""targetSamples"":0,""sampleIntervalMs"":500,""maxDurationMs"":0,""useFanIntake"":true,""fanOnMs"":1000,""postFanSettleMs"":0,""nullingProfileId"":9,""queuePending"":0,""queueCapacity"":16,""queueEnqueued"":0,""queueDropped"":0,""publishFailCount"":0,""retryCount"":0,""retryFailCount"":0,""rejectedSamples"":0,""lastRejectReason"":""none"",""lastRejectChannel"":-1,""lastRejectOkFiniteCount"":0,""lastRejectStatus"":255,""lastRejectGain"":0,""lastRejectSaturated"":false},""recovery"":{""wifiReconnectCount"":0,""wifiReconnectFailCount"":0,""mqttReconnectCount"":0,""mqttConnectFailCount"":0,""lastMqttState"":0,""adsRecoveryCount"":0,""adsRecoveryFailCount"":0,""adsReadFailStreak"":0,""lastReason"":""none"",""lastRecoveryMs"":0,""bootRecoveryArmed"":false,""bootRecoveryDueMs"":0,""bootRecoveryReason"":""none"",""bootRecoveryNonAdsFailure"":false,""bootRecoveryRestartCount"":0},""nulling"":{""done"":false,""retryArmed"":false,""attemptCount"":0,""nextRetryMs"":0,""thresholdV"":9.999999747E-06,""minFinalV"":0},""telemetry"":{""valid"":true,""sampleMs"":2040399,""gasClass"":6,""gasName"":""CO2"",""confidence"":0,""alarm"":false,""sensorVoltage"":[-0.000931997,0.004226343,0.004992848,-0.002500481,0.001306379,-0.012214603,-0.020549597,-0.000303023],""sensorGain"":[64,64,64,64,64,64,64,64],""sensorStatus"":[0,0,0,0,0,0,0,0],""featureOrder"":[""MQ8"",""MQ135"",""MQ3"",""MQ5"",""MQ4"",""MQ7"",""MQ6"",""MQ2""]},""alarmLatched"":false}"
"2026-08-04 09:55:04.870 +07:00","13.292","HOT_BASELINE_100","100","1000","0","1","0","-0.000924153","0.004258581","0.00499006","-0.002487765","0.000109356","-0.012230883","-0.020550938","-0.0008357","{""deviceId"":""1001"",""nodeId"":4097,""targetChId"":""0010"",""mode"":""inference"",""uptimeMs"":2041471,""debugEnabled"":true,""power"":{""mode"":""24v"",""externalPower"":true,""batteryMv"":65535,""batteryValid"":false,""batteryDetected"":false,""batterySenseStatus"":""not_detected"",""batteryLow"":false,""batteryCritical"":false,""sourceAmbiguous"":false,""serviceHoldActive"":false,""serviceHoldEffective"":false},""batterySession"":{""state"":""inactive"",""startedMs"":0,""stateStartedMs"":0,""validSampleBatches"":0,""requiredSampleBatches"":10,""alarmTxAttempts"":0,""alarmTxAttemptLimit"":3,""alarmAckReceived"":false,""pendingAlarm"":false,""pendingSaveRequired"":false,""persistenceFaultHold"":false,""completionReason"":""session_done""},""bootHealth"":{""adsReady"":true,""adsDrdyLevel"":0,""adsDrdyPulldownLevel"":0,""adsDrdyPullupLevel"":0,""adsMisoPulldownLevel"":0,""adsMisoPullupLevel"":1,""adsCsLevel"":1,""adsSyncLevel"":1,""adsStatus"":54,""adsMux"":15,""adsAdcon"":6,""adsDrate"":240,""adsReason"":""ok"",""tcaOk"":true,""mcpOkCount"":8,""mcpOk"":[true,true,true,true,true,true,true,true],""mcpAddrMask"":[1,1,1,1,1,1,1,1],""mcpControlTested"":true,""mcpControlOkCount"":8,""mcpControlOk"":[true,true,true,true,true,true,true,true],""dacReady"":true,""radioReady"":true,""mlReady"":true,""nullingProfileApplied"":true,""modelProfileReady"":false},""runtimeMcpCode"":[255,519,795,706,799,865,665,139],""model"":{""profileId"":""cnn-dualbranch-datasheet-v1-unbound"",""scalerProfileId"":""cnn-dualbranch-datasheet-v1-unbound"",""productionApproved"":true,""boundNullingProfileId"":8,""activeNullingProfileId"":9,""bindingValid"":true,""bindingModelMatches"":true,""profileReady"":false,""inferenceValid"":false,""sensorFault"":true},""lora"":{""beginState"":0,""lastTxState"":0,""lastTxOk"":false,""txSeq"":0,""txCounter"":0,""aesKeyProvisioned"":true,""aesKeyPresent"":true,""aesKeySource"":""nvs"",""keyId"":1,""lastDownlinkCommandId"":0,""freqMHz"":920,""bwKHz"":125,""sf"":7,""cr"":5,""syncWord"":18,""txPowerDbm"":17,""preamble"":8,""tcxoVoltage"":1.600000024,""xtalVoltage"":0},""dataset"":{""state"":""idle"",""step"":""idle"",""label"":"""",""seq"":0,""targetSamples"":0,""sampleIntervalMs"":500,""maxDurationMs"":0,""useFanIntake"":true,""fanOnMs"":1000,""postFanSettleMs"":0,""nullingProfileId"":9,""queuePending"":0,""queueCapacity"":16,""queueEnqueued"":0,""queueDropped"":0,""publishFailCount"":0,""retryCount"":0,""retryFailCount"":0,""rejectedSamples"":0,""lastRejectReason"":""none"",""lastRejectChannel"":-1,""lastRejectOkFiniteCount"":0,""lastRejectStatus"":255,""lastRejectGain"":0,""lastRejectSaturated"":false},""recovery"":{""wifiReconnectCount"":0,""wifiReconnectFailCount"":0,""mqttReconnectCount"":0,""mqttConnectFailCount"":0,""lastMqttState"":0,""adsRecoveryCount"":0,""adsRecoveryFailCount"":0,""adsReadFailStreak"":0,""lastReason"":""none"",""lastRecoveryMs"":0,""bootRecoveryArmed"":false,""bootRecoveryDueMs"":0,""bootRecoveryReason"":""none"",""bootRecoveryNonAdsFailure"":false,""bootRecoveryRestartCount"":0},""nulling"":{""done"":false,""retryArmed"":false,""attemptCount"":0,""nextRetryMs"":0,""thresholdV"":9.999999747E-06,""minFinalV"":0},""telemetry"":{""valid"":true,""sampleMs"":2041049,""gasClass"":6,""gasName"":""CO2"",""confidence"":0,""alarm"":false,""sensorVoltage"":[-0.000924153,0.004258581,0.00499006,-0.002487765,0.000109356,-0.012230883,-0.020550938,-0.0008357],""sensorGain"":[64,64,64,64,64,64,64,64],""sensorStatus"":[0,0,0,0,0,0,0,0],""featureOrder"":[""MQ8"",""MQ135"",""MQ3"",""MQ5"",""MQ4"",""MQ7"",""MQ6"",""MQ2""]},""alarmLatched"":false}"
"2026-08-04 09:55:05.554 +07:00","13.975","HOT_BASELINE_100","100","1000","0","1","0","-0.0009335","0.004214986","0.004993992","-0.002535539","0.000170464","-0.012239849","-0.02051786","0.000522093","{""deviceId"":""1001"",""nodeId"":4097,""targetChId"":""0010"",""mode"":""inference"",""uptimeMs"":2042153,""debugEnabled"":true,""power"":{""mode"":""24v"",""externalPower"":true,""batteryMv"":65535,""batteryValid"":false,""batteryDetected"":false,""batterySenseStatus"":""not_detected"",""batteryLow"":false,""batteryCritical"":false,""sourceAmbiguous"":false,""serviceHoldActive"":false,""serviceHoldEffective"":false},""batterySession"":{""state"":""inactive"",""startedMs"":0,""stateStartedMs"":0,""validSampleBatches"":0,""requiredSampleBatches"":10,""alarmTxAttempts"":0,""alarmTxAttemptLimit"":3,""alarmAckReceived"":false,""pendingAlarm"":false,""pendingSaveRequired"":false,""persistenceFaultHold"":false,""completionReason"":""session_done""},""bootHealth"":{""adsReady"":true,""adsDrdyLevel"":0,""adsDrdyPulldownLevel"":0,""adsDrdyPullupLevel"":0,""adsMisoPulldownLevel"":0,""adsMisoPullupLevel"":1,""adsCsLevel"":1,""adsSyncLevel"":1,""adsStatus"":54,""adsMux"":15,""adsAdcon"":6,""adsDrate"":240,""adsReason"":""ok"",""tcaOk"":true,""mcpOkCount"":8,""mcpOk"":[true,true,true,true,true,true,true,true],""mcpAddrMask"":[1,1,1,1,1,1,1,1],""mcpControlTested"":true,""mcpControlOkCount"":8,""mcpControlOk"":[true,true,true,true,true,true,true,true],""dacReady"":true,""radioReady"":true,""mlReady"":true,""nullingProfileApplied"":true,""modelProfileReady"":false},""runtimeMcpCode"":[255,519,795,706,799,865,665,139],""model"":{""profileId"":""cnn-dualbranch-datasheet-v1-unbound"",""scalerProfileId"":""cnn-dualbranch-datasheet-v1-unbound"",""productionApproved"":true,""boundNullingProfileId"":8,""activeNullingProfileId"":9,""bindingValid"":true,""bindingModelMatches"":true,""profileReady"":false,""inferenceValid"":false,""sensorFault"":true},""lora"":{""beginState"":0,""lastTxState"":0,""lastTxOk"":false,""txSeq"":0,""txCounter"":0,""aesKeyProvisioned"":true,""aesKeyPresent"":true,""aesKeySource"":""nvs"",""keyId"":1,""lastDownlinkCommandId"":0,""freqMHz"":920,""bwKHz"":125,""sf"":7,""cr"":5,""syncWord"":18,""txPowerDbm"":17,""preamble"":8,""tcxoVoltage"":1.600000024,""xtalVoltage"":0},""dataset"":{""state"":""idle"",""step"":""idle"",""label"":"""",""seq"":0,""targetSamples"":0,""sampleIntervalMs"":500,""maxDurationMs"":0,""useFanIntake"":true,""fanOnMs"":1000,""postFanSettleMs"":0,""nullingProfileId"":9,""queuePending"":0,""queueCapacity"":16,""queueEnqueued"":0,""queueDropped"":0,""publishFailCount"":0,""retryCount"":0,""retryFailCount"":0,""rejectedSamples"":0,""lastRejectReason"":""none"",""lastRejectChannel"":-1,""lastRejectOkFiniteCount"":0,""lastRejectStatus"":255,""lastRejectGain"":0,""lastRejectSaturated"":false},""recovery"":{""wifiReconnectCount"":0,""wifiReconnectFailCount"":0,""mqttReconnectCount"":0,""mqttConnectFailCount"":0,""lastMqttState"":0,""adsRecoveryCount"":0,""adsRecoveryFailCount"":0,""adsReadFailStreak"":0,""lastReason"":""none"",""lastRecoveryMs"":0,""bootRecoveryArmed"":false,""bootRecoveryDueMs"":0,""bootRecoveryReason"":""none"",""bootRecoveryNonAdsFailure"":false,""bootRecoveryRestartCount"":0},""nulling"":{""done"":false,""retryArmed"":false,""attemptCount"":0,""nextRetryMs"":0,""thresholdV"":9.999999747E-06,""minFinalV"":0},""telemetry"":{""valid"":true,""sampleMs"":2041749,""gasClass"":6,""gasName"":""CO2"",""confidence"":0,""alarm"":false,""sensorVoltage"":[-0.0009335,0.004214986,0.004993992,-0.002535539,0.000170464,-0.012239849,-0.02051786,0.000522093],""sensorGain"":[64,64,64,64,64,64,64,64],""sensorStatus"":[0,0,0,0,0,0,0,0],""featureOrder"":[""MQ8"",""MQ135"",""MQ3"",""MQ5"",""MQ4"",""MQ7"",""MQ6"",""MQ2""]},""alarmLatched"":false}"
"2026-08-04 09:55:06.224 +07:00","14.647","HOT_BASELINE_100","100","1000","0","1","0","-0.000953211","0.004218752","0.004987416","-0.002532037","0.000721422","-0.012241993","-0.020528743","0.000926186","{""deviceId"":""1001"",""nodeId"":4097,""targetChId"":""0010"",""mode"":""inference"",""uptimeMs"":2042835,""debugEnabled"":true,""power"":{""mode"":""24v"",""externalPower"":true,""batteryMv"":65535,""batteryValid"":false,""batteryDetected"":false,""batterySenseStatus"":""not_detected"",""batteryLow"":false,""batteryCritical"":false,""sourceAmbiguous"":false,""serviceHoldActive"":false,""serviceHoldEffective"":false},""batterySession"":{""state"":""inactive"",""startedMs"":0,""stateStartedMs"":0,""validSampleBatches"":0,""requiredSampleBatches"":10,""alarmTxAttempts"":0,""alarmTxAttemptLimit"":3,""alarmAckReceived"":false,""pendingAlarm"":false,""pendingSaveRequired"":false,""persistenceFaultHold"":false,""completionReason"":""session_done""},""bootHealth"":{""adsReady"":true,""adsDrdyLevel"":0,""adsDrdyPulldownLevel"":0,""adsDrdyPullupLevel"":0,""adsMisoPulldownLevel"":0,""adsMisoPullupLevel"":1,""adsCsLevel"":1,""adsSyncLevel"":1,""adsStatus"":54,""adsMux"":15,""adsAdcon"":6,""adsDrate"":240,""adsReason"":""ok"",""tcaOk"":true,""mcpOkCount"":8,""mcpOk"":[true,true,true,true,true,true,true,true],""mcpAddrMask"":[1,1,1,1,1,1,1,1],""mcpControlTested"":true,""mcpControlOkCount"":8,""mcpControlOk"":[true,true,true,true,true,true,true,true],""dacReady"":true,""radioReady"":true,""mlReady"":true,""nullingProfileApplied"":true,""modelProfileReady"":false},""runtimeMcpCode"":[255,519,795,706,799,865,665,139],""model"":{""profileId"":""cnn-dualbranch-datasheet-v1-unbound"",""scalerProfileId"":""cnn-dualbranch-datasheet-v1-unbound"",""productionApproved"":true,""boundNullingProfileId"":8,""activeNullingProfileId"":9,""bindingValid"":true,""bindingModelMatches"":true,""profileReady"":false,""inferenceValid"":false,""sensorFault"":true},""lora"":{""beginState"":0,""lastTxState"":0,""lastTxOk"":false,""txSeq"":0,""txCounter"":0,""aesKeyProvisioned"":true,""aesKeyPresent"":true,""aesKeySource"":""nvs"",""keyId"":1,""lastDownlinkCommandId"":0,""freqMHz"":920,""bwKHz"":125,""sf"":7,""cr"":5,""syncWord"":18,""txPowerDbm"":17,""preamble"":8,""tcxoVoltage"":1.600000024,""xtalVoltage"":0},""dataset"":{""state"":""idle"",""step"":""idle"",""label"":"""",""seq"":0,""targetSamples"":0,""sampleIntervalMs"":500,""maxDurationMs"":0,""useFanIntake"":true,""fanOnMs"":1000,""postFanSettleMs"":0,""nullingProfileId"":9,""queuePending"":0,""queueCapacity"":16,""queueEnqueued"":0,""queueDropped"":0,""publishFailCount"":0,""retryCount"":0,""retryFailCount"":0,""rejectedSamples"":0,""lastRejectReason"":""none"",""lastRejectChannel"":-1,""lastRejectOkFiniteCount"":0,""lastRejectStatus"":255,""lastRejectGain"":0,""lastRejectSaturated"":false},""recovery"":{""wifiReconnectCount"":0,""wifiReconnectFailCount"":0,""mqttReconnectCount"":0,""mqttConnectFailCount"":0,""lastMqttState"":0,""adsRecoveryCount"":0,""adsRecoveryFailCount"":0,""adsReadFailStreak"":0,""lastReason"":""none"",""lastRecoveryMs"":0,""bootRecoveryArmed"":false,""bootRecoveryDueMs"":0,""bootRecoveryReason"":""none"",""bootRecoveryNonAdsFailure"":false,""bootRecoveryRestartCount"":0},""nulling"":{""done"":false,""retryArmed"":false,""attemptCount"":0,""nextRetryMs"":0,""thresholdV"":9.999999747E-06,""minFinalV"":0},""telemetry"":{""valid"":true,""sampleMs"":2042468,""gasClass"":6,""gasName"":""CO2"",""confidence"":0,""alarm"":false,""sensorVoltage"":[-0.000953211,0.004218752,0.004987416,-0.002532037,0.000721422,-0.012241993,-0.020528743,0.000926186],""sensorGain"":[64,64,64,64,64,64,64,64],""sensorStatus"":[0,0,0,0,0,0,0,0],""featureOrder"":[""MQ8"",""MQ135"",""MQ3"",""MQ5"",""MQ4"",""MQ7"",""MQ6"",""MQ2""]},""alarmLatched"":false}"
"2026-08-04 09:55:06.923 +07:00","15.331","HOT_BASELINE_100","100","1000","0","1","0","-0.000962491","0.004131892","0.005075446","-0.002475795","-0.00096833","-0.012203306","-0.020542394","0.001118366","{""deviceId"":""1001"",""nodeId"":4097,""targetChId"":""0010"",""mode"":""inference"",""uptimeMs"":2043524,""debugEnabled"":true,""power"":{""mode"":""24v"",""externalPower"":true,""batteryMv"":65535,""batteryValid"":false,""batteryDetected"":false,""batterySenseStatus"":""not_detected"",""batteryLow"":false,""batteryCritical"":false,""sourceAmbiguous"":false,""serviceHoldActive"":false,""serviceHoldEffective"":false},""batterySession"":{""state"":""inactive"",""startedMs"":0,""stateStartedMs"":0,""validSampleBatches"":0,""requiredSampleBatches"":10,""alarmTxAttempts"":0,""alarmTxAttemptLimit"":3,""alarmAckReceived"":false,""pendingAlarm"":false,""pendingSaveRequired"":false,""persistenceFaultHold"":false,""completionReason"":""session_done""},""bootHealth"":{""adsReady"":true,""adsDrdyLevel"":0,""adsDrdyPulldownLevel"":0,""adsDrdyPullupLevel"":0,""adsMisoPulldownLevel"":0,""adsMisoPullupLevel"":1,""adsCsLevel"":1,""adsSyncLevel"":1,""adsStatus"":54,""adsMux"":15,""adsAdcon"":6,""adsDrate"":240,""adsReason"":""ok"",""tcaOk"":true,""mcpOkCount"":8,""mcpOk"":[true,true,true,true,true,true,true,true],""mcpAddrMask"":[1,1,1,1,1,1,1,1],""mcpControlTested"":true,""mcpControlOkCount"":8,""mcpControlOk"":[true,true,true,true,true,true,true,true],""dacReady"":true,""radioReady"":true,""mlReady"":true,""nullingProfileApplied"":true,""modelProfileReady"":false},""runtimeMcpCode"":[255,519,795,706,799,865,665,139],""model"":{""profileId"":""cnn-dualbranch-datasheet-v1-unbound"",""scalerProfileId"":""cnn-dualbranch-datasheet-v1-unbound"",""productionApproved"":true,""boundNullingProfileId"":8,""activeNullingProfileId"":9,""bindingValid"":true,""bindingModelMatches"":true,""profileReady"":false,""inferenceValid"":false,""sensorFault"":true},""lora"":{""beginState"":0,""lastTxState"":0,""lastTxOk"":false,""txSeq"":0,""txCounter"":0,""aesKeyProvisioned"":true,""aesKeyPresent"":true,""aesKeySource"":""nvs"",""keyId"":1,""lastDownlinkCommandId"":0,""freqMHz"":920,""bwKHz"":125,""sf"":7,""cr"":5,""syncWord"":18,""txPowerDbm"":17,""preamble"":8,""tcxoVoltage"":1.600000024,""xtalVoltage"":0},""dataset"":{""state"":""idle"",""step"":""idle"",""label"":"""",""seq"":0,""targetSamples"":0,""sampleIntervalMs"":500,""maxDurationMs"":0,""useFanIntake"":true,""fanOnMs"":1000,""postFanSettleMs"":0,""nullingProfileId"":9,""queuePending"":0,""queueCapacity"":16,""queueEnqueued"":0,""queueDropped"":0,""publishFailCount"":0,""retryCount"":0,""retryFailCount"":0,""rejectedSamples"":0,""lastRejectReason"":""none"",""lastRejectChannel"":-1,""lastRejectOkFiniteCount"":0,""lastRejectStatus"":255,""lastRejectGain"":0,""lastRejectSaturated"":false},""recovery"":{""wifiReconnectCount"":0,""wifiReconnectFailCount"":0,""mqttReconnectCount"":0,""mqttConnectFailCount"":0,""lastMqttState"":0,""adsRecoveryCount"":0,""adsRecoveryFailCount"":0,""adsReadFailStreak"":0,""lastReason"":""none"",""lastRecoveryMs"":0,""bootRecoveryArmed"":false,""bootRecoveryDueMs"":0,""bootRecoveryReason"":""none"",""bootRecoveryNonAdsFailure"":false,""bootRecoveryRestartCount"":0},""nulling"":{""done"":false,""retryArmed"":false,""attemptCount"":0,""nextRetryMs"":0,""thresholdV"":9.999999747E-06,""minFinalV"":0},""telemetry"":{""valid"":true,""sampleMs"":2043113,""gasClass"":6,""gasName"":""CO2"",""confidence"":0,""alarm"":false,""sensorVoltage"":[-0.000962491,0.004131892,0.005075446,-0.002475795,-0.00096833,-0.012203306,-0.020542394,0.001118366],""sensorGain"":[64,64,64,64,64,64,64,64],""sensorStatus"":[0,0,0,0,0,0,0,0],""featureOrder"":[""MQ8"",""MQ135"",""MQ3"",""MQ5"",""MQ4"",""MQ7"",""MQ6"",""MQ2""]},""alarmLatched"":false}"
"2026-08-04 09:55:07.619 +07:00","16.041","HOT_BASELINE_100","100","1000","0","1","0","-0.000947365","0.004130724","0.00506831","-0.002459962","-0.000929004","-0.012178771","-0.020530181","0.002411021","{""deviceId"":""1001"",""nodeId"":4097,""targetChId"":""0010"",""mode"":""inference"",""uptimeMs"":2044220,""debugEnabled"":true,""power"":{""mode"":""24v"",""externalPower"":true,""batteryMv"":65535,""batteryValid"":false,""batteryDetected"":false,""batterySenseStatus"":""not_detected"",""batteryLow"":false,""batteryCritical"":false,""sourceAmbiguous"":false,""serviceHoldActive"":false,""serviceHoldEffective"":false},""batterySession"":{""state"":""inactive"",""startedMs"":0,""stateStartedMs"":0,""validSampleBatches"":0,""requiredSampleBatches"":10,""alarmTxAttempts"":0,""alarmTxAttemptLimit"":3,""alarmAckReceived"":false,""pendingAlarm"":false,""pendingSaveRequired"":false,""persistenceFaultHold"":false,""completionReason"":""session_done""},""bootHealth"":{""adsReady"":true,""adsDrdyLevel"":0,""adsDrdyPulldownLevel"":0,""adsDrdyPullupLevel"":0,""adsMisoPulldownLevel"":0,""adsMisoPullupLevel"":1,""adsCsLevel"":1,""adsSyncLevel"":1,""adsStatus"":54,""adsMux"":15,""adsAdcon"":6,""adsDrate"":240,""adsReason"":""ok"",""tcaOk"":true,""mcpOkCount"":8,""mcpOk"":[true,true,true,true,true,true,true,true],""mcpAddrMask"":[1,1,1,1,1,1,1,1],""mcpControlTested"":true,""mcpControlOkCount"":8,""mcpControlOk"":[true,true,true,true,true,true,true,true],""dacReady"":true,""radioReady"":true,""mlReady"":true,""nullingProfileApplied"":true,""modelProfileReady"":false},""runtimeMcpCode"":[255,519,795,706,799,865,665,139],""model"":{""profileId"":""cnn-dualbranch-datasheet-v1-unbound"",""scalerProfileId"":""cnn-dualbranch-datasheet-v1-unbound"",""productionApproved"":true,""boundNullingProfileId"":8,""activeNullingProfileId"":9,""bindingValid"":true,""bindingModelMatches"":true,""profileReady"":false,""inferenceValid"":false,""sensorFault"":true},""lora"":{""beginState"":0,""lastTxState"":0,""lastTxOk"":false,""txSeq"":0,""txCounter"":0,""aesKeyProvisioned"":true,""aesKeyPresent"":true,""aesKeySource"":""nvs"",""keyId"":1,""lastDownlinkCommandId"":0,""freqMHz"":920,""bwKHz"":125,""sf"":7,""cr"":5,""syncWord"":18,""txPowerDbm"":17,""preamble"":8,""tcxoVoltage"":1.600000024,""xtalVoltage"":0},""dataset"":{""state"":""idle"",""step"":""idle"",""label"":"""",""seq"":0,""targetSamples"":0,""sampleIntervalMs"":500,""maxDurationMs"":0,""useFanIntake"":true,""fanOnMs"":1000,""postFanSettleMs"":0,""nullingProfileId"":9,""queuePending"":0,""queueCapacity"":16,""queueEnqueued"":0,""queueDropped"":0,""publishFailCount"":0,""retryCount"":0,""retryFailCount"":0,""rejectedSamples"":0,""lastRejectReason"":""none"",""lastRejectChannel"":-1,""lastRejectOkFiniteCount"":0,""lastRejectStatus"":255,""lastRejectGain"":0,""lastRejectSaturated"":false},""recovery"":{""wifiReconnectCount"":0,""wifiReconnectFailCount"":0,""mqttReconnectCount"":0,""mqttConnectFailCount"":0,""lastMqttState"":0,""adsRecoveryCount"":0,""adsRecoveryFailCount"":0,""adsReadFailStreak"":0,""lastReason"":""none"",""lastRecoveryMs"":0,""bootRecoveryArmed"":false,""bootRecoveryDueMs"":0,""bootRecoveryReason"":""none"",""bootRecoveryNonAdsFailure"":false,""bootRecoveryRestartCount"":0},""nulling"":{""done"":false,""retryArmed"":false,""attemptCount"":0,""nextRetryMs"":0,""thresholdV"":9.999999747E-06,""minFinalV"":0},""telemetry"":{""valid"":true,""sampleMs"":2043802,""gasClass"":6,""gasName"":""CO2"",""confidence"":0,""alarm"":false,""sensorVoltage"":[-0.000947365,0.004130724,0.00506831,-0.002459962,-0.000929004,-0.012178771,-0.020530181,0.002411021],""sensorGain"":[64,64,64,64,64,64,64,64],""sensorStatus"":[0,0,0,0,0,0,0,0],""featureOrder"":[""MQ8"",""MQ135"",""MQ3"",""MQ5"",""MQ4"",""MQ7"",""MQ6"",""MQ2""]},""alarmLatched"":false}"
"2026-08-04 09:55:08.302 +07:00","16.724","HOT_BASELINE_100","100","1000","0","1","0","-0.000966397","0.004114828","0.005076787","-0.002437148","-0.001155397","-0.012195429","-0.020520514","0.002818342","{""deviceId"":""1001"",""nodeId"":4097,""targetChId"":""0010"",""mode"":""inference"",""uptimeMs"":2044902,""debugEnabled"":true,""power"":{""mode"":""24v"",""externalPower"":true,""batteryMv"":65535,""batteryValid"":false,""batteryDetected"":false,""batterySenseStatus"":""not_detected"",""batteryLow"":false,""batteryCritical"":false,""sourceAmbiguous"":false,""serviceHoldActive"":false,""serviceHoldEffective"":false},""batterySession"":{""state"":""inactive"",""startedMs"":0,""stateStartedMs"":0,""validSampleBatches"":0,""requiredSampleBatches"":10,""alarmTxAttempts"":0,""alarmTxAttemptLimit"":3,""alarmAckReceived"":false,""pendingAlarm"":false,""pendingSaveRequired"":false,""persistenceFaultHold"":false,""completionReason"":""session_done""},""bootHealth"":{""adsReady"":true,""adsDrdyLevel"":0,""adsDrdyPulldownLevel"":0,""adsDrdyPullupLevel"":0,""adsMisoPulldownLevel"":0,""adsMisoPullupLevel"":1,""adsCsLevel"":1,""adsSyncLevel"":1,""adsStatus"":54,""adsMux"":15,""adsAdcon"":6,""adsDrate"":240,""adsReason"":""ok"",""tcaOk"":true,""mcpOkCount"":8,""mcpOk"":[true,true,true,true,true,true,true,true],""mcpAddrMask"":[1,1,1,1,1,1,1,1],""mcpControlTested"":true,""mcpControlOkCount"":8,""mcpControlOk"":[true,true,true,true,true,true,true,true],""dacReady"":true,""radioReady"":true,""mlReady"":true,""nullingProfileApplied"":true,""modelProfileReady"":false},""runtimeMcpCode"":[255,519,795,706,799,865,665,139],""model"":{""profileId"":""cnn-dualbranch-datasheet-v1-unbound"",""scalerProfileId"":""cnn-dualbranch-datasheet-v1-unbound"",""productionApproved"":true,""boundNullingProfileId"":8,""activeNullingProfileId"":9,""bindingValid"":true,""bindingModelMatches"":true,""profileReady"":false,""inferenceValid"":false,""sensorFault"":true},""lora"":{""beginState"":0,""lastTxState"":0,""lastTxOk"":false,""txSeq"":0,""txCounter"":0,""aesKeyProvisioned"":true,""aesKeyPresent"":true,""aesKeySource"":""nvs"",""keyId"":1,""lastDownlinkCommandId"":0,""freqMHz"":920,""bwKHz"":125,""sf"":7,""cr"":5,""syncWord"":18,""txPowerDbm"":17,""preamble"":8,""tcxoVoltage"":1.600000024,""xtalVoltage"":0},""dataset"":{""state"":""idle"",""step"":""idle"",""label"":"""",""seq"":0,""targetSamples"":0,""sampleIntervalMs"":500,""maxDurationMs"":0,""useFanIntake"":true,""fanOnMs"":1000,""postFanSettleMs"":0,""nullingProfileId"":9,""queuePending"":0,""queueCapacity"":16,""queueEnqueued"":0,""queueDropped"":0,""publishFailCount"":0,""retryCount"":0,""retryFailCount"":0,""rejectedSamples"":0,""lastRejectReason"":""none"",""lastRejectChannel"":-1,""lastRejectOkFiniteCount"":0,""lastRejectStatus"":255,""lastRejectGain"":0,""lastRejectSaturated"":false},""recovery"":{""wifiReconnectCount"":0,""wifiReconnectFailCount"":0,""mqttReconnectCount"":0,""mqttConnectFailCount"":0,""lastMqttState"":0,""adsRecoveryCount"":0,""adsRecoveryFailCount"":0,""adsReadFailStreak"":0,""lastReason"":""none"",""lastRecoveryMs"":0,""bootRecoveryArmed"":false,""bootRecoveryDueMs"":0,""bootRecoveryReason"":""none"",""bootRecoveryNonAdsFailure"":false,""bootRecoveryRestartCount"":0},""nulling"":{""done"":false,""retryArmed"":false,""attemptCount"":0,""nextRetryMs"":0,""thresholdV"":9.999999747E-06,""minFinalV"":0},""telemetry"":{""valid"":true,""sampleMs"":2044530,""gasClass"":6,""gasName"":""CO2"",""confidence"":0,""alarm"":false,""sensorVoltage"":[-0.000966397,0.004114828,0.005076787,-0.002437148,-0.001155397,-0.012195429,-0.020520514,0.002818342],""sensorGain"":[64,64,64,64,64,64,64,64],""sensorStatus"":[0,0,0,0,0,0,0,0],""featureOrder"":[""MQ8"",""MQ135"",""MQ3"",""MQ5"",""MQ4"",""MQ7"",""MQ6"",""MQ2""]},""alarmLatched"":false}"
"2026-08-04 09:55:08.987 +07:00","17.408","HOT_BASELINE_100","100","1000","0","1","0","-0.000951522","0.004112623","0.005080099","-0.002455721","-0.000442942","-0.012260173","-0.020524155","0.004199385","{""deviceId"":""1001"",""nodeId"":4097,""targetChId"":""0010"",""mode"":""inference"",""uptimeMs"":2045585,""debugEnabled"":true,""power"":{""mode"":""24v"",""externalPower"":true,""batteryMv"":65535,""batteryValid"":false,""batteryDetected"":false,""batterySenseStatus"":""not_detected"",""batteryLow"":false,""batteryCritical"":false,""sourceAmbiguous"":false,""serviceHoldActive"":false,""serviceHoldEffective"":false},""batterySession"":{""state"":""inactive"",""startedMs"":0,""stateStartedMs"":0,""validSampleBatches"":0,""requiredSampleBatches"":10,""alarmTxAttempts"":0,""alarmTxAttemptLimit"":3,""alarmAckReceived"":false,""pendingAlarm"":false,""pendingSaveRequired"":false,""persistenceFaultHold"":false,""completionReason"":""session_done""},""bootHealth"":{""adsReady"":true,""adsDrdyLevel"":0,""adsDrdyPulldownLevel"":0,""adsDrdyPullupLevel"":0,""adsMisoPulldownLevel"":0,""adsMisoPullupLevel"":1,""adsCsLevel"":1,""adsSyncLevel"":1,""adsStatus"":54,""adsMux"":15,""adsAdcon"":6,""adsDrate"":240,""adsReason"":""ok"",""tcaOk"":true,""mcpOkCount"":8,""mcpOk"":[true,true,true,true,true,true,true,true],""mcpAddrMask"":[1,1,1,1,1,1,1,1],""mcpControlTested"":true,""mcpControlOkCount"":8,""mcpControlOk"":[true,true,true,true,true,true,true,true],""dacReady"":true,""radioReady"":true,""mlReady"":true,""nullingProfileApplied"":true,""modelProfileReady"":false},""runtimeMcpCode"":[255,519,795,706,799,865,665,139],""model"":{""profileId"":""cnn-dualbranch-datasheet-v1-unbound"",""scalerProfileId"":""cnn-dualbranch-datasheet-v1-unbound"",""productionApproved"":true,""boundNullingProfileId"":8,""activeNullingProfileId"":9,""bindingValid"":true,""bindingModelMatches"":true,""profileReady"":false,""inferenceValid"":false,""sensorFault"":true},""lora"":{""beginState"":0,""lastTxState"":0,""lastTxOk"":false,""txSeq"":0,""txCounter"":0,""aesKeyProvisioned"":true,""aesKeyPresent"":true,""aesKeySource"":""nvs"",""keyId"":1,""lastDownlinkCommandId"":0,""freqMHz"":920,""bwKHz"":125,""sf"":7,""cr"":5,""syncWord"":18,""txPowerDbm"":17,""preamble"":8,""tcxoVoltage"":1.600000024,""xtalVoltage"":0},""dataset"":{""state"":""idle"",""step"":""idle"",""label"":"""",""seq"":0,""targetSamples"":0,""sampleIntervalMs"":500,""maxDurationMs"":0,""useFanIntake"":true,""fanOnMs"":1000,""postFanSettleMs"":0,""nullingProfileId"":9,""queuePending"":0,""queueCapacity"":16,""queueEnqueued"":0,""queueDropped"":0,""publishFailCount"":0,""retryCount"":0,""retryFailCount"":0,""rejectedSamples"":0,""lastRejectReason"":""none"",""lastRejectChannel"":-1,""lastRejectOkFiniteCount"":0,""lastRejectStatus"":255,""lastRejectGain"":0,""lastRejectSaturated"":false},""recovery"":{""wifiReconnectCount"":0,""wifiReconnectFailCount"":0,""mqttReconnectCount"":0,""mqttConnectFailCount"":0,""lastMqttState"":0,""adsRecoveryCount"":0,""adsRecoveryFailCount"":0,""adsReadFailStreak"":0,""lastReason"":""none"",""lastRecoveryMs"":0,""bootRecoveryArmed"":false,""bootRecoveryDueMs"":0,""bootRecoveryReason"":""none"",""bootRecoveryNonAdsFailure"":false,""bootRecoveryRestartCount"":0},""nulling"":{""done"":false,""retryArmed"":false,""attemptCount"":0,""nextRetryMs"":0,""thresholdV"":9.999999747E-06,""minFinalV"":0},""telemetry"":{""valid"":true,""sampleMs"":2045180,""gasClass"":6,""gasName"":""CO2"",""confidence"":0,""alarm"":false,""sensorVoltage"":[-0.000951522,0.004112623,0.005080099,-0.002455721,-0.000442942,-0.012260173,-0.020524155,0.004199385],""sensorGain"":[64,64,64,64,64,64,64,64],""sensorStatus"":[0,0,0,0,0,0,0,0],""featureOrder"":[""MQ8"",""MQ135"",""MQ3"",""MQ5"",""MQ4"",""MQ7"",""MQ6"",""MQ2""]},""alarmLatched"":false}"
"2026-08-04 09:55:09.685 +07:00","18.106","HOT_BASELINE_100","100","1000","0","1","0","-0.000932114","0.004173826","0.005076142","-0.00250855","0.00012557","-0.012226607","-0.020491296","0.002362952","{""deviceId"":""1001"",""nodeId"":4097,""targetChId"":""0010"",""mode"":""inference"",""uptimeMs"":2046284,""debugEnabled"":true,""power"":{""mode"":""24v"",""externalPower"":true,""batteryMv"":65535,""batteryValid"":false,""batteryDetected"":false,""batterySenseStatus"":""not_detected"",""batteryLow"":false,""batteryCritical"":false,""sourceAmbiguous"":false,""serviceHoldActive"":false,""serviceHoldEffective"":false},""batterySession"":{""state"":""inactive"",""startedMs"":0,""stateStartedMs"":0,""validSampleBatches"":0,""requiredSampleBatches"":10,""alarmTxAttempts"":0,""alarmTxAttemptLimit"":3,""alarmAckReceived"":false,""pendingAlarm"":false,""pendingSaveRequired"":false,""persistenceFaultHold"":false,""completionReason"":""session_done""},""bootHealth"":{""adsReady"":true,""adsDrdyLevel"":0,""adsDrdyPulldownLevel"":0,""adsDrdyPullupLevel"":0,""adsMisoPulldownLevel"":0,""adsMisoPullupLevel"":1,""adsCsLevel"":1,""adsSyncLevel"":1,""adsStatus"":54,""adsMux"":15,""adsAdcon"":6,""adsDrate"":240,""adsReason"":""ok"",""tcaOk"":true,""mcpOkCount"":8,""mcpOk"":[true,true,true,true,true,true,true,true],""mcpAddrMask"":[1,1,1,1,1,1,1,1],""mcpControlTested"":true,""mcpControlOkCount"":8,""mcpControlOk"":[true,true,true,true,true,true,true,true],""dacReady"":true,""radioReady"":true,""mlReady"":true,""nullingProfileApplied"":true,""modelProfileReady"":false},""runtimeMcpCode"":[255,519,795,706,799,865,665,139],""model"":{""profileId"":""cnn-dualbranch-datasheet-v1-unbound"",""scalerProfileId"":""cnn-dualbranch-datasheet-v1-unbound"",""productionApproved"":true,""boundNullingProfileId"":8,""activeNullingProfileId"":9,""bindingValid"":true,""bindingModelMatches"":true,""profileReady"":false,""inferenceValid"":false,""sensorFault"":true},""lora"":{""beginState"":0,""lastTxState"":0,""lastTxOk"":false,""txSeq"":0,""txCounter"":0,""aesKeyProvisioned"":true,""aesKeyPresent"":true,""aesKeySource"":""nvs"",""keyId"":1,""lastDownlinkCommandId"":0,""freqMHz"":920,""bwKHz"":125,""sf"":7,""cr"":5,""syncWord"":18,""txPowerDbm"":17,""preamble"":8,""tcxoVoltage"":1.600000024,""xtalVoltage"":0},""dataset"":{""state"":""idle"",""step"":""idle"",""label"":"""",""seq"":0,""targetSamples"":0,""sampleIntervalMs"":500,""maxDurationMs"":0,""useFanIntake"":true,""fanOnMs"":1000,""postFanSettleMs"":0,""nullingProfileId"":9,""queuePending"":0,""queueCapacity"":16,""queueEnqueued"":0,""queueDropped"":0,""publishFailCount"":0,""retryCount"":0,""retryFailCount"":0,""rejectedSamples"":0,""lastRejectReason"":""none"",""lastRejectChannel"":-1,""lastRejectOkFiniteCount"":0,""lastRejectStatus"":255,""lastRejectGain"":0,""lastRejectSaturated"":false},""recovery"":{""wifiReconnectCount"":0,""wifiReconnectFailCount"":0,""mqttReconnectCount"":0,""mqttConnectFailCount"":0,""lastMqttState"":0,""adsRecoveryCount"":0,""adsRecoveryFailCount"":0,""adsReadFailStreak"":0,""lastReason"":""none"",""lastRecoveryMs"":0,""bootRecoveryArmed"":false,""bootRecoveryDueMs"":0,""bootRecoveryReason"":""none"",""bootRecoveryNonAdsFailure"":false,""bootRecoveryRestartCount"":0},""nulling"":{""done"":false,""retryArmed"":false,""attemptCount"":0,""nextRetryMs"":0,""thresholdV"":9.999999747E-06,""minFinalV"":0},""telemetry"":{""valid"":true,""sampleMs"":2045863,""gasClass"":6,""gasName"":""CO2"",""confidence"":0,""alarm"":false,""sensorVoltage"":[-0.000932114,0.004173826,0.005076142,-0.00250855,0.00012557,-0.012226607,-0.020491296,0.002362952],""sensorGain"":[64,64,64,64,64,64,64,64],""sensorStatus"":[0,0,0,0,0,0,0,0],""featureOrder"":[""MQ8"",""MQ135"",""MQ3"",""MQ5"",""MQ4"",""MQ7"",""MQ6"",""MQ2""]},""alarmLatched"":false}"
"2026-08-04 09:55:10.367 +07:00","18.789","HOT_BASELINE_100","100","1000","0","1","0","-0.000931225","0.00418968","0.005068668","-0.002500625","0.00100514","-0.012231303","-0.020509182","0.002441125","{""deviceId"":""1001"",""nodeId"":4097,""targetChId"":""0010"",""mode"":""inference"",""uptimeMs"":2046968,""debugEnabled"":true,""power"":{""mode"":""24v"",""externalPower"":true,""batteryMv"":65535,""batteryValid"":false,""batteryDetected"":false,""batterySenseStatus"":""not_detected"",""batteryLow"":false,""batteryCritical"":false,""sourceAmbiguous"":false,""serviceHoldActive"":false,""serviceHoldEffective"":false},""batterySession"":{""state"":""inactive"",""startedMs"":0,""stateStartedMs"":0,""validSampleBatches"":0,""requiredSampleBatches"":10,""alarmTxAttempts"":0,""alarmTxAttemptLimit"":3,""alarmAckReceived"":false,""pendingAlarm"":false,""pendingSaveRequired"":false,""persistenceFaultHold"":false,""completionReason"":""session_done""},""bootHealth"":{""adsReady"":true,""adsDrdyLevel"":0,""adsDrdyPulldownLevel"":0,""adsDrdyPullupLevel"":0,""adsMisoPulldownLevel"":0,""adsMisoPullupLevel"":1,""adsCsLevel"":1,""adsSyncLevel"":1,""adsStatus"":54,""adsMux"":15,""adsAdcon"":6,""adsDrate"":240,""adsReason"":""ok"",""tcaOk"":true,""mcpOkCount"":8,""mcpOk"":[true,true,true,true,true,true,true,true],""mcpAddrMask"":[1,1,1,1,1,1,1,1],""mcpControlTested"":true,""mcpControlOkCount"":8,""mcpControlOk"":[true,true,true,true,true,true,true,true],""dacReady"":true,""radioReady"":true,""mlReady"":true,""nullingProfileApplied"":true,""modelProfileReady"":false},""runtimeMcpCode"":[255,519,795,706,799,865,665,139],""model"":{""profileId"":""cnn-dualbranch-datasheet-v1-unbound"",""scalerProfileId"":""cnn-dualbranch-datasheet-v1-unbound"",""productionApproved"":true,""boundNullingProfileId"":8,""activeNullingProfileId"":9,""bindingValid"":true,""bindingModelMatches"":true,""profileReady"":false,""inferenceValid"":false,""sensorFault"":true},""lora"":{""beginState"":0,""lastTxState"":0,""lastTxOk"":false,""txSeq"":0,""txCounter"":0,""aesKeyProvisioned"":true,""aesKeyPresent"":true,""aesKeySource"":""nvs"",""keyId"":1,""lastDownlinkCommandId"":0,""freqMHz"":920,""bwKHz"":125,""sf"":7,""cr"":5,""syncWord"":18,""txPowerDbm"":17,""preamble"":8,""tcxoVoltage"":1.600000024,""xtalVoltage"":0},""dataset"":{""state"":""idle"",""step"":""idle"",""label"":"""",""seq"":0,""targetSamples"":0,""sampleIntervalMs"":500,""maxDurationMs"":0,""useFanIntake"":true,""fanOnMs"":1000,""postFanSettleMs"":0,""nullingProfileId"":9,""queuePending"":0,""queueCapacity"":16,""queueEnqueued"":0,""queueDropped"":0,""publishFailCount"":0,""retryCount"":0,""retryFailCount"":0,""rejectedSamples"":0,""lastRejectReason"":""none"",""lastRejectChannel"":-1,""lastRejectOkFiniteCount"":0,""lastRejectStatus"":255,""lastRejectGain"":0,""lastRejectSaturated"":false},""recovery"":{""wifiReconnectCount"":0,""wifiReconnectFailCount"":0,""mqttReconnectCount"":0,""mqttConnectFailCount"":0,""lastMqttState"":0,""adsRecoveryCount"":0,""adsRecoveryFailCount"":0,""adsReadFailStreak"":0,""lastReason"":""none"",""lastRecoveryMs"":0,""bootRecoveryArmed"":false,""bootRecoveryDueMs"":0,""bootRecoveryReason"":""none"",""bootRecoveryNonAdsFailure"":false,""bootRecoveryRestartCount"":0},""nulling"":{""done"":false,""retryArmed"":false,""attemptCount"":0,""nextRetryMs"":0,""thresholdV"":9.999999747E-06,""minFinalV"":0},""telemetry"":{""valid"":true,""sampleMs"":2046594,""gasClass"":6,""gasName"":""CO2"",""confidence"":0,""alarm"":false,""sensorVoltage"":[-0.000931225,0.00418968,0.005068668,-0.002500625,0.00100514,-0.012231303,-0.020509182,0.002441125],""sensorGain"":[64,64,64,64,64,64,64,64],""sensorStatus"":[0,0,0,0,0,0,0,0],""featureOrder"":[""MQ8"",""MQ135"",""MQ3"",""MQ5"",""MQ4"",""MQ7"",""MQ6"",""MQ2""]},""alarmLatched"":false}"
"2026-08-04 09:55:11.060 +07:00","19.477","HOT_BASELINE_100","100","1000","0","1","0","-0.000946984","0.004190582","0.005098538","-0.002511516","0.003098096","-0.012179845","-0.020488068","0.003169776","{""deviceId"":""1001"",""nodeId"":4097,""targetChId"":""0010"",""mode"":""inference"",""uptimeMs"":2047660,""debugEnabled"":true,""power"":{""mode"":""24v"",""externalPower"":true,""batteryMv"":65535,""batteryValid"":false,""batteryDetected"":false,""batterySenseStatus"":""not_detected"",""batteryLow"":false,""batteryCritical"":false,""sourceAmbiguous"":false,""serviceHoldActive"":false,""serviceHoldEffective"":false},""batterySession"":{""state"":""inactive"",""startedMs"":0,""stateStartedMs"":0,""validSampleBatches"":0,""requiredSampleBatches"":10,""alarmTxAttempts"":0,""alarmTxAttemptLimit"":3,""alarmAckReceived"":false,""pendingAlarm"":false,""pendingSaveRequired"":false,""persistenceFaultHold"":false,""completionReason"":""session_done""},""bootHealth"":{""adsReady"":true,""adsDrdyLevel"":0,""adsDrdyPulldownLevel"":0,""adsDrdyPullupLevel"":0,""adsMisoPulldownLevel"":0,""adsMisoPullupLevel"":1,""adsCsLevel"":1,""adsSyncLevel"":1,""adsStatus"":54,""adsMux"":15,""adsAdcon"":6,""adsDrate"":240,""adsReason"":""ok"",""tcaOk"":true,""mcpOkCount"":8,""mcpOk"":[true,true,true,true,true,true,true,true],""mcpAddrMask"":[1,1,1,1,1,1,1,1],""mcpControlTested"":true,""mcpControlOkCount"":8,""mcpControlOk"":[true,true,true,true,true,true,true,true],""dacReady"":true,""radioReady"":true,""mlReady"":true,""nullingProfileApplied"":true,""modelProfileReady"":false},""runtimeMcpCode"":[255,519,795,706,799,865,665,139],""model"":{""profileId"":""cnn-dualbranch-datasheet-v1-unbound"",""scalerProfileId"":""cnn-dualbranch-datasheet-v1-unbound"",""productionApproved"":true,""boundNullingProfileId"":8,""activeNullingProfileId"":9,""bindingValid"":true,""bindingModelMatches"":true,""profileReady"":false,""inferenceValid"":false,""sensorFault"":true},""lora"":{""beginState"":0,""lastTxState"":0,""lastTxOk"":false,""txSeq"":0,""txCounter"":0,""aesKeyProvisioned"":true,""aesKeyPresent"":true,""aesKeySource"":""nvs"",""keyId"":1,""lastDownlinkCommandId"":0,""freqMHz"":920,""bwKHz"":125,""sf"":7,""cr"":5,""syncWord"":18,""txPowerDbm"":17,""preamble"":8,""tcxoVoltage"":1.600000024,""xtalVoltage"":0},""dataset"":{""state"":""idle"",""step"":""idle"",""label"":"""",""seq"":0,""targetSamples"":0,""sampleIntervalMs"":500,""maxDurationMs"":0,""useFanIntake"":true,""fanOnMs"":1000,""postFanSettleMs"":0,""nullingProfileId"":9,""queuePending"":0,""queueCapacity"":16,""queueEnqueued"":0,""queueDropped"":0,""publishFailCount"":0,""retryCount"":0,""retryFailCount"":0,""rejectedSamples"":0,""lastRejectReason"":""none"",""lastRejectChannel"":-1,""lastRejectOkFiniteCount"":0,""lastRejectStatus"":255,""lastRejectGain"":0,""lastRejectSaturated"":false},""recovery"":{""wifiReconnectCount"":0,""wifiReconnectFailCount"":0,""mqttReconnectCount"":0,""mqttConnectFailCount"":0,""lastMqttState"":0,""adsRecoveryCount"":0,""adsRecoveryFailCount"":0,""adsReadFailStreak"":0,""lastReason"":""none"",""lastRecoveryMs"":0,""bootRecoveryArmed"":false,""bootRecoveryDueMs"":0,""bootRecoveryReason"":""none"",""bootRecoveryNonAdsFailure"":false,""bootRecoveryRestartCount"":0},""nulling"":{""done"":false,""retryArmed"":false,""attemptCount"":0,""nextRetryMs"":0,""thresholdV"":9.999999747E-06,""minFinalV"":0},""telemetry"":{""valid"":true,""sampleMs"":2047246,""gasClass"":6,""gasName"":""CO2"",""confidence"":0,""alarm"":false,""sensorVoltage"":[-0.000946984,0.004190582,0.005098538,-0.002511516,0.003098096,-0.012179845,-0.020488068,0.003169776],""sensorGain"":[64,64,64,64,64,64,64,64],""sensorStatus"":[0,0,0,0,0,0,0,0],""featureOrder"":[""MQ8"",""MQ135"",""MQ3"",""MQ5"",""MQ4"",""MQ7"",""MQ6"",""MQ2""]},""alarmLatched"":false}"
"2026-08-04 09:55:11.764 +07:00","20.186","HOT_BASELINE_100","100","1000","0","1","0","-0.000951514","0.004178547","0.005113204","-0.002534076","0.00270337","-0.012179019","-0.020468239","0.002828565","{""deviceId"":""1001"",""nodeId"":4097,""targetChId"":""0010"",""mode"":""inference"",""uptimeMs"":2048364,""debugEnabled"":true,""power"":{""mode"":""24v"",""externalPower"":true,""batteryMv"":65535,""batteryValid"":false,""batteryDetected"":false,""batterySenseStatus"":""not_detected"",""batteryLow"":false,""batteryCritical"":false,""sourceAmbiguous"":false,""serviceHoldActive"":false,""serviceHoldEffective"":false},""batterySession"":{""state"":""inactive"",""startedMs"":0,""stateStartedMs"":0,""validSampleBatches"":0,""requiredSampleBatches"":10,""alarmTxAttempts"":0,""alarmTxAttemptLimit"":3,""alarmAckReceived"":false,""pendingAlarm"":false,""pendingSaveRequired"":false,""persistenceFaultHold"":false,""completionReason"":""session_done""},""bootHealth"":{""adsReady"":true,""adsDrdyLevel"":0,""adsDrdyPulldownLevel"":0,""adsDrdyPullupLevel"":0,""adsMisoPulldownLevel"":0,""adsMisoPullupLevel"":1,""adsCsLevel"":1,""adsSyncLevel"":1,""adsStatus"":54,""adsMux"":15,""adsAdcon"":6,""adsDrate"":240,""adsReason"":""ok"",""tcaOk"":true,""mcpOkCount"":8,""mcpOk"":[true,true,true,true,true,true,true,true],""mcpAddrMask"":[1,1,1,1,1,1,1,1],""mcpControlTested"":true,""mcpControlOkCount"":8,""mcpControlOk"":[true,true,true,true,true,true,true,true],""dacReady"":true,""radioReady"":true,""mlReady"":true,""nullingProfileApplied"":true,""modelProfileReady"":false},""runtimeMcpCode"":[255,519,795,706,799,865,665,139],""model"":{""profileId"":""cnn-dualbranch-datasheet-v1-unbound"",""scalerProfileId"":""cnn-dualbranch-datasheet-v1-unbound"",""productionApproved"":true,""boundNullingProfileId"":8,""activeNullingProfileId"":9,""bindingValid"":true,""bindingModelMatches"":true,""profileReady"":false,""inferenceValid"":false,""sensorFault"":true},""lora"":{""beginState"":0,""lastTxState"":0,""lastTxOk"":false,""txSeq"":0,""txCounter"":0,""aesKeyProvisioned"":true,""aesKeyPresent"":true,""aesKeySource"":""nvs"",""keyId"":1,""lastDownlinkCommandId"":0,""freqMHz"":920,""bwKHz"":125,""sf"":7,""cr"":5,""syncWord"":18,""txPowerDbm"":17,""preamble"":8,""tcxoVoltage"":1.600000024,""xtalVoltage"":0},""dataset"":{""state"":""idle"",""step"":""idle"",""label"":"""",""seq"":0,""targetSamples"":0,""sampleIntervalMs"":500,""maxDurationMs"":0,""useFanIntake"":true,""fanOnMs"":1000,""postFanSettleMs"":0,""nullingProfileId"":9,""queuePending"":0,""queueCapacity"":16,""queueEnqueued"":0,""queueDropped"":0,""publishFailCount"":0,""retryCount"":0,""retryFailCount"":0,""rejectedSamples"":0,""lastRejectReason"":""none"",""lastRejectChannel"":-1,""lastRejectOkFiniteCount"":0,""lastRejectStatus"":255,""lastRejectGain"":0,""lastRejectSaturated"":false},""recovery"":{""wifiReconnectCount"":0,""wifiReconnectFailCount"":0,""mqttReconnectCount"":0,""mqttConnectFailCount"":0,""lastMqttState"":0,""adsRecoveryCount"":0,""adsRecoveryFailCount"":0,""adsReadFailStreak"":0,""lastReason"":""none"",""lastRecoveryMs"":0,""bootRecoveryArmed"":false,""bootRecoveryDueMs"":0,""bootRecoveryReason"":""none"",""bootRecoveryNonAdsFailure"":false,""bootRecoveryRestartCount"":0},""nulling"":{""done"":false,""retryArmed"":false,""attemptCount"":0,""nextRetryMs"":0,""thresholdV"":9.999999747E-06,""minFinalV"":0},""telemetry"":{""valid"":true,""sampleMs"":2047938,""gasClass"":6,""gasName"":""CO2"",""confidence"":0,""alarm"":false,""sensorVoltage"":[-0.000951514,0.004178547,0.005113204,-0.002534076,0.00270337,-0.012179019,-0.020468239,0.002828565],""sensorGain"":[64,64,64,64,64,64,64,64],""sensorStatus"":[0,0,0,0,0,0,0,0],""featureOrder"":[""MQ8"",""MQ135"",""MQ3"",""MQ5"",""MQ4"",""MQ7"",""MQ6"",""MQ2""]},""alarmLatched"":false}"
"2026-08-04 09:55:12.434 +07:00","20.857","HOT_BASELINE_100","100","1000","0","1","0","-0.000958899","0.004167142","0.00508215","-0.002471329","0.003586188","-0.012166362","-0.020507477","0.001533365","{""deviceId"":""1001"",""nodeId"":4097,""targetChId"":""0010"",""mode"":""inference"",""uptimeMs"":2049047,""debugEnabled"":true,""power"":{""mode"":""24v"",""externalPower"":true,""batteryMv"":65535,""batteryValid"":false,""batteryDetected"":false,""batterySenseStatus"":""not_detected"",""batteryLow"":false,""batteryCritical"":false,""sourceAmbiguous"":false,""serviceHoldActive"":false,""serviceHoldEffective"":false},""batterySession"":{""state"":""inactive"",""startedMs"":0,""stateStartedMs"":0,""validSampleBatches"":0,""requiredSampleBatches"":10,""alarmTxAttempts"":0,""alarmTxAttemptLimit"":3,""alarmAckReceived"":false,""pendingAlarm"":false,""pendingSaveRequired"":false,""persistenceFaultHold"":false,""completionReason"":""session_done""},""bootHealth"":{""adsReady"":true,""adsDrdyLevel"":0,""adsDrdyPulldownLevel"":0,""adsDrdyPullupLevel"":0,""adsMisoPulldownLevel"":0,""adsMisoPullupLevel"":1,""adsCsLevel"":1,""adsSyncLevel"":1,""adsStatus"":54,""adsMux"":15,""adsAdcon"":6,""adsDrate"":240,""adsReason"":""ok"",""tcaOk"":true,""mcpOkCount"":8,""mcpOk"":[true,true,true,true,true,true,true,true],""mcpAddrMask"":[1,1,1,1,1,1,1,1],""mcpControlTested"":true,""mcpControlOkCount"":8,""mcpControlOk"":[true,true,true,true,true,true,true,true],""dacReady"":true,""radioReady"":true,""mlReady"":true,""nullingProfileApplied"":true,""modelProfileReady"":false},""runtimeMcpCode"":[255,519,795,706,799,865,665,139],""model"":{""profileId"":""cnn-dualbranch-datasheet-v1-unbound"",""scalerProfileId"":""cnn-dualbranch-datasheet-v1-unbound"",""productionApproved"":true,""boundNullingProfileId"":8,""activeNullingProfileId"":9,""bindingValid"":true,""bindingModelMatches"":true,""profileReady"":false,""inferenceValid"":false,""sensorFault"":true},""lora"":{""beginState"":0,""lastTxState"":0,""lastTxOk"":false,""txSeq"":0,""txCounter"":0,""aesKeyProvisioned"":true,""aesKeyPresent"":true,""aesKeySource"":""nvs"",""keyId"":1,""lastDownlinkCommandId"":0,""freqMHz"":920,""bwKHz"":125,""sf"":7,""cr"":5,""syncWord"":18,""txPowerDbm"":17,""preamble"":8,""tcxoVoltage"":1.600000024,""xtalVoltage"":0},""dataset"":{""state"":""idle"",""step"":""idle"",""label"":"""",""seq"":0,""targetSamples"":0,""sampleIntervalMs"":500,""maxDurationMs"":0,""useFanIntake"":true,""fanOnMs"":1000,""postFanSettleMs"":0,""nullingProfileId"":9,""queuePending"":0,""queueCapacity"":16,""queueEnqueued"":0,""queueDropped"":0,""publishFailCount"":0,""retryCount"":0,""retryFailCount"":0,""rejectedSamples"":0,""lastRejectReason"":""none"",""lastRejectChannel"":-1,""lastRejectOkFiniteCount"":0,""lastRejectStatus"":255,""lastRejectGain"":0,""lastRejectSaturated"":false},""recovery"":{""wifiReconnectCount"":0,""wifiReconnectFailCount"":0,""mqttReconnectCount"":0,""mqttConnectFailCount"":0,""lastMqttState"":0,""adsRecoveryCount"":0,""adsRecoveryFailCount"":0,""adsReadFailStreak"":0,""lastReason"":""none"",""lastRecoveryMs"":0,""bootRecoveryArmed"":false,""bootRecoveryDueMs"":0,""bootRecoveryReason"":""none"",""bootRecoveryNonAdsFailure"":false,""bootRecoveryRestartCount"":0},""nulling"":{""done"":false,""retryArmed"":false,""attemptCount"":0,""nextRetryMs"":0,""thresholdV"":9.999999747E-06,""minFinalV"":0},""telemetry"":{""valid"":true,""sampleMs"":2048674,""gasClass"":6,""gasName"":""CO2"",""confidence"":0,""alarm"":false,""sensorVoltage"":[-0.000958899,0.004167142,0.00508215,-0.002471329,0.003586188,-0.012166362,-0.020507477,0.001533365],""sensorGain"":[64,64,64,64,64,64,64,64],""sensorStatus"":[0,0,0,0,0,0,0,0],""featureOrder"":[""MQ8"",""MQ135"",""MQ3"",""MQ5"",""MQ4"",""MQ7"",""MQ6"",""MQ2""]},""alarmLatched"":false}"
"2026-08-04 09:55:13.112 +07:00","21.535","HOT_BASELINE_100","100","1000","0","1","0","-0.000950509","0.004164459","0.005094687","-0.002512087","0.0042634","-0.012152335","-0.020503219","0.002487621","{""deviceId"":""1001"",""nodeId"":4097,""targetChId"":""0010"",""mode"":""inference"",""uptimeMs"":2049717,""debugEnabled"":true,""power"":{""mode"":""24v"",""externalPower"":true,""batteryMv"":65535,""batteryValid"":false,""batteryDetected"":false,""batterySenseStatus"":""not_detected"",""batteryLow"":false,""batteryCritical"":false,""sourceAmbiguous"":false,""serviceHoldActive"":false,""serviceHoldEffective"":false},""batterySession"":{""state"":""inactive"",""startedMs"":0,""stateStartedMs"":0,""validSampleBatches"":0,""requiredSampleBatches"":10,""alarmTxAttempts"":0,""alarmTxAttemptLimit"":3,""alarmAckReceived"":false,""pendingAlarm"":false,""pendingSaveRequired"":false,""persistenceFaultHold"":false,""completionReason"":""session_done""},""bootHealth"":{""adsReady"":true,""adsDrdyLevel"":0,""adsDrdyPulldownLevel"":0,""adsDrdyPullupLevel"":0,""adsMisoPulldownLevel"":0,""adsMisoPullupLevel"":1,""adsCsLevel"":1,""adsSyncLevel"":1,""adsStatus"":54,""adsMux"":15,""adsAdcon"":6,""adsDrate"":240,""adsReason"":""ok"",""tcaOk"":true,""mcpOkCount"":8,""mcpOk"":[true,true,true,true,true,true,true,true],""mcpAddrMask"":[1,1,1,1,1,1,1,1],""mcpControlTested"":true,""mcpControlOkCount"":8,""mcpControlOk"":[true,true,true,true,true,true,true,true],""dacReady"":true,""radioReady"":true,""mlReady"":true,""nullingProfileApplied"":true,""modelProfileReady"":false},""runtimeMcpCode"":[255,519,795,706,799,865,665,139],""model"":{""profileId"":""cnn-dualbranch-datasheet-v1-unbound"",""scalerProfileId"":""cnn-dualbranch-datasheet-v1-unbound"",""productionApproved"":true,""boundNullingProfileId"":8,""activeNullingProfileId"":9,""bindingValid"":true,""bindingModelMatches"":true,""profileReady"":false,""inferenceValid"":false,""sensorFault"":true},""lora"":{""beginState"":0,""lastTxState"":0,""lastTxOk"":false,""txSeq"":0,""txCounter"":0,""aesKeyProvisioned"":true,""aesKeyPresent"":true,""aesKeySource"":""nvs"",""keyId"":1,""lastDownlinkCommandId"":0,""freqMHz"":920,""bwKHz"":125,""sf"":7,""cr"":5,""syncWord"":18,""txPowerDbm"":17,""preamble"":8,""tcxoVoltage"":1.600000024,""xtalVoltage"":0},""dataset"":{""state"":""idle"",""step"":""idle"",""label"":"""",""seq"":0,""targetSamples"":0,""sampleIntervalMs"":500,""maxDurationMs"":0,""useFanIntake"":true,""fanOnMs"":1000,""postFanSettleMs"":0,""nullingProfileId"":9,""queuePending"":0,""queueCapacity"":16,""queueEnqueued"":0,""queueDropped"":0,""publishFailCount"":0,""retryCount"":0,""retryFailCount"":0,""rejectedSamples"":0,""lastRejectReason"":""none"",""lastRejectChannel"":-1,""lastRejectOkFiniteCount"":0,""lastRejectStatus"":255,""lastRejectGain"":0,""lastRejectSaturated"":false},""recovery"":{""wifiReconnectCount"":0,""wifiReconnectFailCount"":0,""mqttReconnectCount"":0,""mqttConnectFailCount"":0,""lastMqttState"":0,""adsRecoveryCount"":0,""adsRecoveryFailCount"":0,""adsReadFailStreak"":0,""lastReason"":""none"",""lastRecoveryMs"":0,""bootRecoveryArmed"":false,""bootRecoveryDueMs"":0,""bootRecoveryReason"":""none"",""bootRecoveryNonAdsFailure"":false,""bootRecoveryRestartCount"":0},""nulling"":{""done"":false,""retryArmed"":false,""attemptCount"":0,""nextRetryMs"":0,""thresholdV"":9.999999747E-06,""minFinalV"":0},""telemetry"":{""valid"":true,""sampleMs"":2049325,""gasClass"":6,""gasName"":""CO2"",""confidence"":0,""alarm"":false,""sensorVoltage"":[-0.000950509,0.004164459,0.005094687,-0.002512087,0.0042634,-0.012152335,-0.020503219,0.002487621],""sensorGain"":[64,64,64,64,64,64,64,64],""sensorStatus"":[0,0,0,0,0,0,0,0],""featureOrder"":[""MQ8"",""MQ135"",""MQ3"",""MQ5"",""MQ4"",""MQ7"",""MQ6"",""MQ2""]},""alarmLatched"":false}"
"2026-08-04 09:55:13.813 +07:00","22.235","HOT_BASELINE_100","100","1000","0","1","0","-0.000936672","0.004175094","0.005065398","-0.002590697","0.006019844","-0.012191633","-0.020514587","0.003008674","{""deviceId"":""1001"",""nodeId"":4097,""targetChId"":""0010"",""mode"":""inference"",""uptimeMs"":2050409,""debugEnabled"":true,""power"":{""mode"":""24v"",""externalPower"":true,""batteryMv"":65535,""batteryValid"":false,""batteryDetected"":false,""batterySenseStatus"":""not_detected"",""batteryLow"":false,""batteryCritical"":false,""sourceAmbiguous"":false,""serviceHoldActive"":false,""serviceHoldEffective"":false},""batterySession"":{""state"":""inactive"",""startedMs"":0,""stateStartedMs"":0,""validSampleBatches"":0,""requiredSampleBatches"":10,""alarmTxAttempts"":0,""alarmTxAttemptLimit"":3,""alarmAckReceived"":false,""pendingAlarm"":false,""pendingSaveRequired"":false,""persistenceFaultHold"":false,""completionReason"":""session_done""},""bootHealth"":{""adsReady"":true,""adsDrdyLevel"":0,""adsDrdyPulldownLevel"":0,""adsDrdyPullupLevel"":0,""adsMisoPulldownLevel"":0,""adsMisoPullupLevel"":1,""adsCsLevel"":1,""adsSyncLevel"":1,""adsStatus"":54,""adsMux"":15,""adsAdcon"":6,""adsDrate"":240,""adsReason"":""ok"",""tcaOk"":true,""mcpOkCount"":8,""mcpOk"":[true,true,true,true,true,true,true,true],""mcpAddrMask"":[1,1,1,1,1,1,1,1],""mcpControlTested"":true,""mcpControlOkCount"":8,""mcpControlOk"":[true,true,true,true,true,true,true,true],""dacReady"":true,""radioReady"":true,""mlReady"":true,""nullingProfileApplied"":true,""modelProfileReady"":false},""runtimeMcpCode"":[255,519,795,706,799,865,665,139],""model"":{""profileId"":""cnn-dualbranch-datasheet-v1-unbound"",""scalerProfileId"":""cnn-dualbranch-datasheet-v1-unbound"",""productionApproved"":true,""boundNullingProfileId"":8,""activeNullingProfileId"":9,""bindingValid"":true,""bindingModelMatches"":true,""profileReady"":false,""inferenceValid"":false,""sensorFault"":true},""lora"":{""beginState"":0,""lastTxState"":0,""lastTxOk"":false,""txSeq"":0,""txCounter"":0,""aesKeyProvisioned"":true,""aesKeyPresent"":true,""aesKeySource"":""nvs"",""keyId"":1,""lastDownlinkCommandId"":0,""freqMHz"":920,""bwKHz"":125,""sf"":7,""cr"":5,""syncWord"":18,""txPowerDbm"":17,""preamble"":8,""tcxoVoltage"":1.600000024,""xtalVoltage"":0},""dataset"":{""state"":""idle"",""step"":""idle"",""label"":"""",""seq"":0,""targetSamples"":0,""sampleIntervalMs"":500,""maxDurationMs"":0,""useFanIntake"":true,""fanOnMs"":1000,""postFanSettleMs"":0,""nullingProfileId"":9,""queuePending"":0,""queueCapacity"":16,""queueEnqueued"":0,""queueDropped"":0,""publishFailCount"":0,""retryCount"":0,""retryFailCount"":0,""rejectedSamples"":0,""lastRejectReason"":""none"",""lastRejectChannel"":-1,""lastRejectOkFiniteCount"":0,""lastRejectStatus"":255,""lastRejectGain"":0,""lastRejectSaturated"":false},""recovery"":{""wifiReconnectCount"":0,""wifiReconnectFailCount"":0,""mqttReconnectCount"":0,""mqttConnectFailCount"":0,""lastMqttState"":0,""adsRecoveryCount"":0,""adsRecoveryFailCount"":0,""adsReadFailStreak"":0,""lastReason"":""none"",""lastRecoveryMs"":0,""bootRecoveryArmed"":false,""bootRecoveryDueMs"":0,""bootRecoveryReason"":""none"",""bootRecoveryNonAdsFailure"":false,""bootRecoveryRestartCount"":0},""nulling"":{""done"":false,""retryArmed"":false,""attemptCount"":0,""nextRetryMs"":0,""thresholdV"":9.999999747E-06,""minFinalV"":0},""telemetry"":{""valid"":true,""sampleMs"":2049995,""gasClass"":6,""gasName"":""CO2"",""confidence"":0,""alarm"":false,""sensorVoltage"":[-0.000936672,0.004175094,0.005065398,-0.002590697,0.006019844,-0.012191633,-0.020514587,0.003008674],""sensorGain"":[64,64,64,64,64,64,64,64],""sensorStatus"":[0,0,0,0,0,0,0,0],""featureOrder"":[""MQ8"",""MQ135"",""MQ3"",""MQ5"",""MQ4"",""MQ7"",""MQ6"",""MQ2""]},""alarmLatched"":false}"
"2026-08-04 09:55:14.515 +07:00","22.938","HOT_BASELINE_100","100","1000","0","1","0","-0.000950818","0.004164274","0.005083397","-0.002619525","0.004308888","-0.012230166","-0.020534335","0.001665087","{""deviceId"":""1001"",""nodeId"":4097,""targetChId"":""0010"",""mode"":""inference"",""uptimeMs"":2051116,""debugEnabled"":true,""power"":{""mode"":""24v"",""externalPower"":true,""batteryMv"":65535,""batteryValid"":false,""batteryDetected"":false,""batterySenseStatus"":""not_detected"",""batteryLow"":false,""batteryCritical"":false,""sourceAmbiguous"":false,""serviceHoldActive"":false,""serviceHoldEffective"":false},""batterySession"":{""state"":""inactive"",""startedMs"":0,""stateStartedMs"":0,""validSampleBatches"":0,""requiredSampleBatches"":10,""alarmTxAttempts"":0,""alarmTxAttemptLimit"":3,""alarmAckReceived"":false,""pendingAlarm"":false,""pendingSaveRequired"":false,""persistenceFaultHold"":false,""completionReason"":""session_done""},""bootHealth"":{""adsReady"":true,""adsDrdyLevel"":0,""adsDrdyPulldownLevel"":0,""adsDrdyPullupLevel"":0,""adsMisoPulldownLevel"":0,""adsMisoPullupLevel"":1,""adsCsLevel"":1,""adsSyncLevel"":1,""adsStatus"":54,""adsMux"":15,""adsAdcon"":6,""adsDrate"":240,""adsReason"":""ok"",""tcaOk"":true,""mcpOkCount"":8,""mcpOk"":[true,true,true,true,true,true,true,true],""mcpAddrMask"":[1,1,1,1,1,1,1,1],""mcpControlTested"":true,""mcpControlOkCount"":8,""mcpControlOk"":[true,true,true,true,true,true,true,true],""dacReady"":true,""radioReady"":true,""mlReady"":true,""nullingProfileApplied"":true,""modelProfileReady"":false},""runtimeMcpCode"":[255,519,795,706,799,865,665,139],""model"":{""profileId"":""cnn-dualbranch-datasheet-v1-unbound"",""scalerProfileId"":""cnn-dualbranch-datasheet-v1-unbound"",""productionApproved"":true,""boundNullingProfileId"":8,""activeNullingProfileId"":9,""bindingValid"":true,""bindingModelMatches"":true,""profileReady"":false,""inferenceValid"":false,""sensorFault"":true},""lora"":{""beginState"":0,""lastTxState"":0,""lastTxOk"":false,""txSeq"":0,""txCounter"":0,""aesKeyProvisioned"":true,""aesKeyPresent"":true,""aesKeySource"":""nvs"",""keyId"":1,""lastDownlinkCommandId"":0,""freqMHz"":920,""bwKHz"":125,""sf"":7,""cr"":5,""syncWord"":18,""txPowerDbm"":17,""preamble"":8,""tcxoVoltage"":1.600000024,""xtalVoltage"":0},""dataset"":{""state"":""idle"",""step"":""idle"",""label"":"""",""seq"":0,""targetSamples"":0,""sampleIntervalMs"":500,""maxDurationMs"":0,""useFanIntake"":true,""fanOnMs"":1000,""postFanSettleMs"":0,""nullingProfileId"":9,""queuePending"":0,""queueCapacity"":16,""queueEnqueued"":0,""queueDropped"":0,""publishFailCount"":0,""retryCount"":0,""retryFailCount"":0,""rejectedSamples"":0,""lastRejectReason"":""none"",""lastRejectChannel"":-1,""lastRejectOkFiniteCount"":0,""lastRejectStatus"":255,""lastRejectGain"":0,""lastRejectSaturated"":false},""recovery"":{""wifiReconnectCount"":0,""wifiReconnectFailCount"":0,""mqttReconnectCount"":0,""mqttConnectFailCount"":0,""lastMqttState"":0,""adsRecoveryCount"":0,""adsRecoveryFailCount"":0,""adsReadFailStreak"":0,""lastReason"":""none"",""lastRecoveryMs"":0,""bootRecoveryArmed"":false,""bootRecoveryDueMs"":0,""bootRecoveryReason"":""none"",""bootRecoveryNonAdsFailure"":false,""bootRecoveryRestartCount"":0},""nulling"":{""done"":false,""retryArmed"":false,""attemptCount"":0,""nextRetryMs"":0,""thresholdV"":9.999999747E-06,""minFinalV"":0},""telemetry"":{""valid"":true,""sampleMs"":2050719,""gasClass"":6,""gasName"":""CO2"",""confidence"":0,""alarm"":false,""sensorVoltage"":[-0.000950818,0.004164274,0.005083397,-0.002619525,0.004308888,-0.012230166,-0.020534335,0.001665087],""sensorGain"":[64,64,64,64,64,64,64,64],""sensorStatus"":[0,0,0,0,0,0,0,0],""featureOrder"":[""MQ8"",""MQ135"",""MQ3"",""MQ5"",""MQ4"",""MQ7"",""MQ6"",""MQ2""]},""alarmLatched"":false}"
"2026-08-04 09:55:15.198 +07:00","23.619","HOT_BASELINE_100","100","1000","0","1","0","-0.000936462","0.004191574","0.005075966","-0.00261489","0.005692767","-0.012211056","-0.020523427","0.000661324","{""deviceId"":""1001"",""nodeId"":4097,""targetChId"":""0010"",""mode"":""inference"",""uptimeMs"":2051797,""debugEnabled"":true,""power"":{""mode"":""24v"",""externalPower"":true,""batteryMv"":65535,""batteryValid"":false,""batteryDetected"":false,""batterySenseStatus"":""not_detected"",""batteryLow"":false,""batteryCritical"":false,""sourceAmbiguous"":false,""serviceHoldActive"":false,""serviceHoldEffective"":false},""batterySession"":{""state"":""inactive"",""startedMs"":0,""stateStartedMs"":0,""validSampleBatches"":0,""requiredSampleBatches"":10,""alarmTxAttempts"":0,""alarmTxAttemptLimit"":3,""alarmAckReceived"":false,""pendingAlarm"":false,""pendingSaveRequired"":false,""persistenceFaultHold"":false,""completionReason"":""session_done""},""bootHealth"":{""adsReady"":true,""adsDrdyLevel"":0,""adsDrdyPulldownLevel"":0,""adsDrdyPullupLevel"":0,""adsMisoPulldownLevel"":0,""adsMisoPullupLevel"":1,""adsCsLevel"":1,""adsSyncLevel"":1,""adsStatus"":54,""adsMux"":15,""adsAdcon"":6,""adsDrate"":240,""adsReason"":""ok"",""tcaOk"":true,""mcpOkCount"":8,""mcpOk"":[true,true,true,true,true,true,true,true],""mcpAddrMask"":[1,1,1,1,1,1,1,1],""mcpControlTested"":true,""mcpControlOkCount"":8,""mcpControlOk"":[true,true,true,true,true,true,true,true],""dacReady"":true,""radioReady"":true,""mlReady"":true,""nullingProfileApplied"":true,""modelProfileReady"":false},""runtimeMcpCode"":[255,519,795,706,799,865,665,139],""model"":{""profileId"":""cnn-dualbranch-datasheet-v1-unbound"",""scalerProfileId"":""cnn-dualbranch-datasheet-v1-unbound"",""productionApproved"":true,""boundNullingProfileId"":8,""activeNullingProfileId"":9,""bindingValid"":true,""bindingModelMatches"":true,""profileReady"":false,""inferenceValid"":false,""sensorFault"":true},""lora"":{""beginState"":0,""lastTxState"":0,""lastTxOk"":false,""txSeq"":0,""txCounter"":0,""aesKeyProvisioned"":true,""aesKeyPresent"":true,""aesKeySource"":""nvs"",""keyId"":1,""lastDownlinkCommandId"":0,""freqMHz"":920,""bwKHz"":125,""sf"":7,""cr"":5,""syncWord"":18,""txPowerDbm"":17,""preamble"":8,""tcxoVoltage"":1.600000024,""xtalVoltage"":0},""dataset"":{""state"":""idle"",""step"":""idle"",""label"":"""",""seq"":0,""targetSamples"":0,""sampleIntervalMs"":500,""maxDurationMs"":0,""useFanIntake"":true,""fanOnMs"":1000,""postFanSettleMs"":0,""nullingProfileId"":9,""queuePending"":0,""queueCapacity"":16,""queueEnqueued"":0,""queueDropped"":0,""publishFailCount"":0,""retryCount"":0,""retryFailCount"":0,""rejectedSamples"":0,""lastRejectReason"":""none"",""lastRejectChannel"":-1,""lastRejectOkFiniteCount"":0,""lastRejectStatus"":255,""lastRejectGain"":0,""lastRejectSaturated"":false},""recovery"":{""wifiReconnectCount"":0,""wifiReconnectFailCount"":0,""mqttReconnectCount"":0,""mqttConnectFailCount"":0,""lastMqttState"":0,""adsRecoveryCount"":0,""adsRecoveryFailCount"":0,""adsReadFailStreak"":0,""lastReason"":""none"",""lastRecoveryMs"":0,""bootRecoveryArmed"":false,""bootRecoveryDueMs"":0,""bootRecoveryReason"":""none"",""bootRecoveryNonAdsFailure"":false,""bootRecoveryRestartCount"":0},""nulling"":{""done"":false,""retryArmed"":false,""attemptCount"":0,""nextRetryMs"":0,""thresholdV"":9.999999747E-06,""minFinalV"":0},""telemetry"":{""valid"":true,""sampleMs"":2051394,""gasClass"":6,""gasName"":""CO2"",""confidence"":0,""alarm"":false,""sensorVoltage"":[-0.000936462,0.004191574,0.005075966,-0.00261489,0.005692767,-0.012211056,-0.020523427,0.000661324],""sensorGain"":[64,64,64,64,64,64,64,64],""sensorStatus"":[0,0,0,0,0,0,0,0],""featureOrder"":[""MQ8"",""MQ135"",""MQ3"",""MQ5"",""MQ4"",""MQ7"",""MQ6"",""MQ2""]},""alarmLatched"":false}"
"2026-08-04 09:55:15.888 +07:00","24.311","HOT_BASELINE_100","100","1000","0","1","0","-0.000907917","0.004150465","0.005069958","-0.002653146","0.007059924","-0.012179221","-0.020526387","-0.000868325","{""deviceId"":""1001"",""nodeId"":4097,""targetChId"":""0010"",""mode"":""inference"",""uptimeMs"":2052489,""debugEnabled"":true,""power"":{""mode"":""24v"",""externalPower"":true,""batteryMv"":65535,""batteryValid"":false,""batteryDetected"":false,""batterySenseStatus"":""not_detected"",""batteryLow"":false,""batteryCritical"":false,""sourceAmbiguous"":false,""serviceHoldActive"":false,""serviceHoldEffective"":false},""batterySession"":{""state"":""inactive"",""startedMs"":0,""stateStartedMs"":0,""validSampleBatches"":0,""requiredSampleBatches"":10,""alarmTxAttempts"":0,""alarmTxAttemptLimit"":3,""alarmAckReceived"":false,""pendingAlarm"":false,""pendingSaveRequired"":false,""persistenceFaultHold"":false,""completionReason"":""session_done""},""bootHealth"":{""adsReady"":true,""adsDrdyLevel"":0,""adsDrdyPulldownLevel"":0,""adsDrdyPullupLevel"":0,""adsMisoPulldownLevel"":0,""adsMisoPullupLevel"":1,""adsCsLevel"":1,""adsSyncLevel"":1,""adsStatus"":54,""adsMux"":15,""adsAdcon"":6,""adsDrate"":240,""adsReason"":""ok"",""tcaOk"":true,""mcpOkCount"":8,""mcpOk"":[true,true,true,true,true,true,true,true],""mcpAddrMask"":[1,1,1,1,1,1,1,1],""mcpControlTested"":true,""mcpControlOkCount"":8,""mcpControlOk"":[true,true,true,true,true,true,true,true],""dacReady"":true,""radioReady"":true,""mlReady"":true,""nullingProfileApplied"":true,""modelProfileReady"":false},""runtimeMcpCode"":[255,519,795,706,799,865,665,139],""model"":{""profileId"":""cnn-dualbranch-datasheet-v1-unbound"",""scalerProfileId"":""cnn-dualbranch-datasheet-v1-unbound"",""productionApproved"":true,""boundNullingProfileId"":8,""activeNullingProfileId"":9,""bindingValid"":true,""bindingModelMatches"":true,""profileReady"":false,""inferenceValid"":false,""sensorFault"":true},""lora"":{""beginState"":0,""lastTxState"":0,""lastTxOk"":false,""txSeq"":0,""txCounter"":0,""aesKeyProvisioned"":true,""aesKeyPresent"":true,""aesKeySource"":""nvs"",""keyId"":1,""lastDownlinkCommandId"":0,""freqMHz"":920,""bwKHz"":125,""sf"":7,""cr"":5,""syncWord"":18,""txPowerDbm"":17,""preamble"":8,""tcxoVoltage"":1.600000024,""xtalVoltage"":0},""dataset"":{""state"":""idle"",""step"":""idle"",""label"":"""",""seq"":0,""targetSamples"":0,""sampleIntervalMs"":500,""maxDurationMs"":0,""useFanIntake"":true,""fanOnMs"":1000,""postFanSettleMs"":0,""nullingProfileId"":9,""queuePending"":0,""queueCapacity"":16,""queueEnqueued"":0,""queueDropped"":0,""publishFailCount"":0,""retryCount"":0,""retryFailCount"":0,""rejectedSamples"":0,""lastRejectReason"":""none"",""lastRejectChannel"":-1,""lastRejectOkFiniteCount"":0,""lastRejectStatus"":255,""lastRejectGain"":0,""lastRejectSaturated"":false},""recovery"":{""wifiReconnectCount"":0,""wifiReconnectFailCount"":0,""mqttReconnectCount"":0,""mqttConnectFailCount"":0,""lastMqttState"":0,""adsRecoveryCount"":0,""adsRecoveryFailCount"":0,""adsReadFailStreak"":0,""lastReason"":""none"",""lastRecoveryMs"":0,""bootRecoveryArmed"":false,""bootRecoveryDueMs"":0,""bootRecoveryReason"":""none"",""bootRecoveryNonAdsFailure"":false,""bootRecoveryRestartCount"":0},""nulling"":{""done"":false,""retryArmed"":false,""attemptCount"":0,""nextRetryMs"":0,""thresholdV"":9.999999747E-06,""minFinalV"":0},""telemetry"":{""valid"":true,""sampleMs"":2052075,""gasClass"":6,""gasName"":""CO2"",""confidence"":0,""alarm"":false,""sensorVoltage"":[-0.000907917,0.004150465,0.005069958,-0.002653146,0.007059924,-0.012179221,-0.020526387,-0.000868325],""sensorGain"":[64,64,64,64,64,64,64,64],""sensorStatus"":[0,0,0,0,0,0,0,0],""featureOrder"":[""MQ8"",""MQ135"",""MQ3"",""MQ5"",""MQ4"",""MQ7"",""MQ6"",""MQ2""]},""alarmLatched"":false}"
"2026-08-04 09:55:16.561 +07:00","24.984","HOT_BASELINE_100","100","1000","0","1","0","-0.000894004","0.004119584","0.005117941","-0.00261015","0.0063661","-0.012256352","-0.020527309","-0.000725463","{""deviceId"":""1001"",""nodeId"":4097,""targetChId"":""0010"",""mode"":""inference"",""uptimeMs"":2053177,""debugEnabled"":true,""power"":{""mode"":""24v"",""externalPower"":true,""batteryMv"":65535,""batteryValid"":false,""batteryDetected"":false,""batterySenseStatus"":""not_detected"",""batteryLow"":false,""batteryCritical"":false,""sourceAmbiguous"":false,""serviceHoldActive"":false,""serviceHoldEffective"":false},""batterySession"":{""state"":""inactive"",""startedMs"":0,""stateStartedMs"":0,""validSampleBatches"":0,""requiredSampleBatches"":10,""alarmTxAttempts"":0,""alarmTxAttemptLimit"":3,""alarmAckReceived"":false,""pendingAlarm"":false,""pendingSaveRequired"":false,""persistenceFaultHold"":false,""completionReason"":""session_done""},""bootHealth"":{""adsReady"":true,""adsDrdyLevel"":0,""adsDrdyPulldownLevel"":0,""adsDrdyPullupLevel"":0,""adsMisoPulldownLevel"":0,""adsMisoPullupLevel"":1,""adsCsLevel"":1,""adsSyncLevel"":1,""adsStatus"":54,""adsMux"":15,""adsAdcon"":6,""adsDrate"":240,""adsReason"":""ok"",""tcaOk"":true,""mcpOkCount"":8,""mcpOk"":[true,true,true,true,true,true,true,true],""mcpAddrMask"":[1,1,1,1,1,1,1,1],""mcpControlTested"":true,""mcpControlOkCount"":8,""mcpControlOk"":[true,true,true,true,true,true,true,true],""dacReady"":true,""radioReady"":true,""mlReady"":true,""nullingProfileApplied"":true,""modelProfileReady"":false},""runtimeMcpCode"":[255,519,795,706,799,865,665,139],""model"":{""profileId"":""cnn-dualbranch-datasheet-v1-unbound"",""scalerProfileId"":""cnn-dualbranch-datasheet-v1-unbound"",""productionApproved"":true,""boundNullingProfileId"":8,""activeNullingProfileId"":9,""bindingValid"":true,""bindingModelMatches"":true,""profileReady"":false,""inferenceValid"":false,""sensorFault"":true},""lora"":{""beginState"":0,""lastTxState"":0,""lastTxOk"":false,""txSeq"":0,""txCounter"":0,""aesKeyProvisioned"":true,""aesKeyPresent"":true,""aesKeySource"":""nvs"",""keyId"":1,""lastDownlinkCommandId"":0,""freqMHz"":920,""bwKHz"":125,""sf"":7,""cr"":5,""syncWord"":18,""txPowerDbm"":17,""preamble"":8,""tcxoVoltage"":1.600000024,""xtalVoltage"":0},""dataset"":{""state"":""idle"",""step"":""idle"",""label"":"""",""seq"":0,""targetSamples"":0,""sampleIntervalMs"":500,""maxDurationMs"":0,""useFanIntake"":true,""fanOnMs"":1000,""postFanSettleMs"":0,""nullingProfileId"":9,""queuePending"":0,""queueCapacity"":16,""queueEnqueued"":0,""queueDropped"":0,""publishFailCount"":0,""retryCount"":0,""retryFailCount"":0,""rejectedSamples"":0,""lastRejectReason"":""none"",""lastRejectChannel"":-1,""lastRejectOkFiniteCount"":0,""lastRejectStatus"":255,""lastRejectGain"":0,""lastRejectSaturated"":false},""recovery"":{""wifiReconnectCount"":0,""wifiReconnectFailCount"":0,""mqttReconnectCount"":0,""mqttConnectFailCount"":0,""lastMqttState"":0,""adsRecoveryCount"":0,""adsRecoveryFailCount"":0,""adsReadFailStreak"":0,""lastReason"":""none"",""lastRecoveryMs"":0,""bootRecoveryArmed"":false,""bootRecoveryDueMs"":0,""bootRecoveryReason"":""none"",""bootRecoveryNonAdsFailure"":false,""bootRecoveryRestartCount"":0},""nulling"":{""done"":false,""retryArmed"":false,""attemptCount"":0,""nextRetryMs"":0,""thresholdV"":9.999999747E-06,""minFinalV"":0},""telemetry"":{""valid"":true,""sampleMs"":2052799,""gasClass"":6,""gasName"":""CO2"",""confidence"":0,""alarm"":false,""sensorVoltage"":[-0.000894004,0.004119584,0.005117941,-0.00261015,0.0063661,-0.012256352,-0.020527309,-0.000725463],""sensorGain"":[64,64,64,64,64,64,64,64],""sensorStatus"":[0,0,0,0,0,0,0,0],""featureOrder"":[""MQ8"",""MQ135"",""MQ3"",""MQ5"",""MQ4"",""MQ7"",""MQ6"",""MQ2""]},""alarmLatched"":false}"
"2026-08-04 09:55:17.260 +07:00","25.683","HOT_BASELINE_100","100","1000","0","1","0","-0.000900319","0.004102817","0.005111449","-0.002592117","0.007457566","-0.012241529","-0.020517033","-0.002313431","{""deviceId"":""1001"",""nodeId"":4097,""targetChId"":""0010"",""mode"":""inference"",""uptimeMs"":2053862,""debugEnabled"":true,""power"":{""mode"":""24v"",""externalPower"":true,""batteryMv"":65535,""batteryValid"":false,""batteryDetected"":false,""batterySenseStatus"":""not_detected"",""batteryLow"":false,""batteryCritical"":false,""sourceAmbiguous"":false,""serviceHoldActive"":false,""serviceHoldEffective"":false},""batterySession"":{""state"":""inactive"",""startedMs"":0,""stateStartedMs"":0,""validSampleBatches"":0,""requiredSampleBatches"":10,""alarmTxAttempts"":0,""alarmTxAttemptLimit"":3,""alarmAckReceived"":false,""pendingAlarm"":false,""pendingSaveRequired"":false,""persistenceFaultHold"":false,""completionReason"":""session_done""},""bootHealth"":{""adsReady"":true,""adsDrdyLevel"":0,""adsDrdyPulldownLevel"":0,""adsDrdyPullupLevel"":0,""adsMisoPulldownLevel"":0,""adsMisoPullupLevel"":1,""adsCsLevel"":1,""adsSyncLevel"":1,""adsStatus"":54,""adsMux"":15,""adsAdcon"":6,""adsDrate"":240,""adsReason"":""ok"",""tcaOk"":true,""mcpOkCount"":8,""mcpOk"":[true,true,true,true,true,true,true,true],""mcpAddrMask"":[1,1,1,1,1,1,1,1],""mcpControlTested"":true,""mcpControlOkCount"":8,""mcpControlOk"":[true,true,true,true,true,true,true,true],""dacReady"":true,""radioReady"":true,""mlReady"":true,""nullingProfileApplied"":true,""modelProfileReady"":false},""runtimeMcpCode"":[255,519,795,706,799,865,665,139],""model"":{""profileId"":""cnn-dualbranch-datasheet-v1-unbound"",""scalerProfileId"":""cnn-dualbranch-datasheet-v1-unbound"",""productionApproved"":true,""boundNullingProfileId"":8,""activeNullingProfileId"":9,""bindingValid"":true,""bindingModelMatches"":true,""profileReady"":false,""inferenceValid"":false,""sensorFault"":true},""lora"":{""beginState"":0,""lastTxState"":0,""lastTxOk"":false,""txSeq"":0,""txCounter"":0,""aesKeyProvisioned"":true,""aesKeyPresent"":true,""aesKeySource"":""nvs"",""keyId"":1,""lastDownlinkCommandId"":0,""freqMHz"":920,""bwKHz"":125,""sf"":7,""cr"":5,""syncWord"":18,""txPowerDbm"":17,""preamble"":8,""tcxoVoltage"":1.600000024,""xtalVoltage"":0},""dataset"":{""state"":""idle"",""step"":""idle"",""label"":"""",""seq"":0,""targetSamples"":0,""sampleIntervalMs"":500,""maxDurationMs"":0,""useFanIntake"":true,""fanOnMs"":1000,""postFanSettleMs"":0,""nullingProfileId"":9,""queuePending"":0,""queueCapacity"":16,""queueEnqueued"":0,""queueDropped"":0,""publishFailCount"":0,""retryCount"":0,""retryFailCount"":0,""rejectedSamples"":0,""lastRejectReason"":""none"",""lastRejectChannel"":-1,""lastRejectOkFiniteCount"":0,""lastRejectStatus"":255,""lastRejectGain"":0,""lastRejectSaturated"":false},""recovery"":{""wifiReconnectCount"":0,""wifiReconnectFailCount"":0,""mqttReconnectCount"":0,""mqttConnectFailCount"":0,""lastMqttState"":0,""adsRecoveryCount"":0,""adsRecoveryFailCount"":0,""adsReadFailStreak"":0,""lastReason"":""none"",""lastRecoveryMs"":0,""bootRecoveryArmed"":false,""bootRecoveryDueMs"":0,""bootRecoveryReason"":""none"",""bootRecoveryNonAdsFailure"":false,""bootRecoveryRestartCount"":0},""nulling"":{""done"":false,""retryArmed"":false,""attemptCount"":0,""nextRetryMs"":0,""thresholdV"":9.999999747E-06,""minFinalV"":0},""telemetry"":{""valid"":true,""sampleMs"":2053455,""gasClass"":6,""gasName"":""CO2"",""confidence"":0,""alarm"":false,""sensorVoltage"":[-0.000900319,0.004102817,0.005111449,-0.002592117,0.007457566,-0.012241529,-0.020517033,-0.002313431],""sensorGain"":[64,64,64,64,64,64,64,64],""sensorStatus"":[0,0,0,0,0,0,0,0],""featureOrder"":[""MQ8"",""MQ135"",""MQ3"",""MQ5"",""MQ4"",""MQ7"",""MQ6"",""MQ2""]},""alarmLatched"":false}"
"2026-08-04 09:55:17.937 +07:00","26.358","HOT_BASELINE_100","100","1000","0","1","0","-0.00088344","0.004122503","0.0050718","-0.002574808","0.006027721","-0.012283477","-0.020506367","-0.003122378","{""deviceId"":""1001"",""nodeId"":4097,""targetChId"":""0010"",""mode"":""inference"",""uptimeMs"":2054537,""debugEnabled"":true,""power"":{""mode"":""24v"",""externalPower"":true,""batteryMv"":65535,""batteryValid"":false,""batteryDetected"":false,""batterySenseStatus"":""not_detected"",""batteryLow"":false,""batteryCritical"":false,""sourceAmbiguous"":false,""serviceHoldActive"":false,""serviceHoldEffective"":false},""batterySession"":{""state"":""inactive"",""startedMs"":0,""stateStartedMs"":0,""validSampleBatches"":0,""requiredSampleBatches"":10,""alarmTxAttempts"":0,""alarmTxAttemptLimit"":3,""alarmAckReceived"":false,""pendingAlarm"":false,""pendingSaveRequired"":false,""persistenceFaultHold"":false,""completionReason"":""session_done""},""bootHealth"":{""adsReady"":true,""adsDrdyLevel"":0,""adsDrdyPulldownLevel"":0,""adsDrdyPullupLevel"":0,""adsMisoPulldownLevel"":0,""adsMisoPullupLevel"":1,""adsCsLevel"":1,""adsSyncLevel"":1,""adsStatus"":54,""adsMux"":15,""adsAdcon"":6,""adsDrate"":240,""adsReason"":""ok"",""tcaOk"":true,""mcpOkCount"":8,""mcpOk"":[true,true,true,true,true,true,true,true],""mcpAddrMask"":[1,1,1,1,1,1,1,1],""mcpControlTested"":true,""mcpControlOkCount"":8,""mcpControlOk"":[true,true,true,true,true,true,true,true],""dacReady"":true,""radioReady"":true,""mlReady"":true,""nullingProfileApplied"":true,""modelProfileReady"":false},""runtimeMcpCode"":[255,519,795,706,799,865,665,139],""model"":{""profileId"":""cnn-dualbranch-datasheet-v1-unbound"",""scalerProfileId"":""cnn-dualbranch-datasheet-v1-unbound"",""productionApproved"":true,""boundNullingProfileId"":8,""activeNullingProfileId"":9,""bindingValid"":true,""bindingModelMatches"":true,""profileReady"":false,""inferenceValid"":false,""sensorFault"":true},""lora"":{""beginState"":0,""lastTxState"":0,""lastTxOk"":false,""txSeq"":0,""txCounter"":0,""aesKeyProvisioned"":true,""aesKeyPresent"":true,""aesKeySource"":""nvs"",""keyId"":1,""lastDownlinkCommandId"":0,""freqMHz"":920,""bwKHz"":125,""sf"":7,""cr"":5,""syncWord"":18,""txPowerDbm"":17,""preamble"":8,""tcxoVoltage"":1.600000024,""xtalVoltage"":0},""dataset"":{""state"":""idle"",""step"":""idle"",""label"":"""",""seq"":0,""targetSamples"":0,""sampleIntervalMs"":500,""maxDurationMs"":0,""useFanIntake"":true,""fanOnMs"":1000,""postFanSettleMs"":0,""nullingProfileId"":9,""queuePending"":0,""queueCapacity"":16,""queueEnqueued"":0,""queueDropped"":0,""publishFailCount"":0,""retryCount"":0,""retryFailCount"":0,""rejectedSamples"":0,""lastRejectReason"":""none"",""lastRejectChannel"":-1,""lastRejectOkFiniteCount"":0,""lastRejectStatus"":255,""lastRejectGain"":0,""lastRejectSaturated"":false},""recovery"":{""wifiReconnectCount"":0,""wifiReconnectFailCount"":0,""mqttReconnectCount"":0,""mqttConnectFailCount"":0,""lastMqttState"":0,""adsRecoveryCount"":0,""adsRecoveryFailCount"":0,""adsReadFailStreak"":0,""lastReason"":""none"",""lastRecoveryMs"":0,""bootRecoveryArmed"":false,""bootRecoveryDueMs"":0,""bootRecoveryReason"":""none"",""bootRecoveryNonAdsFailure"":false,""bootRecoveryRestartCount"":0},""nulling"":{""done"":false,""retryArmed"":false,""attemptCount"":0,""nextRetryMs"":0,""thresholdV"":9.999999747E-06,""minFinalV"":0},""telemetry"":{""valid"":true,""sampleMs"":2054140,""gasClass"":6,""gasName"":""CO2"",""confidence"":0,""alarm"":false,""sensorVoltage"":[-0.00088344,0.004122503,0.0050718,-0.002574808,0.006027721,-0.012283477,-0.020506367,-0.003122378],""sensorGain"":[64,64,64,64,64,64,64,64],""sensorStatus"":[0,0,0,0,0,0,0,0],""featureOrder"":[""MQ8"",""MQ135"",""MQ3"",""MQ5"",""MQ4"",""MQ7"",""MQ6"",""MQ2""]},""alarmLatched"":false}"
"2026-08-04 09:55:18.629 +07:00","27.05","HOT_BASELINE_100","100","1000","0","1","0","-0.000895843","0.004139022","0.005076094","-0.002567379","0.006021331","-0.012232171","-0.020513678","-0.002500791","{""deviceId"":""1001"",""nodeId"":4097,""targetChId"":""0010"",""mode"":""inference"",""uptimeMs"":2055227,""debugEnabled"":true,""power"":{""mode"":""24v"",""externalPower"":true,""batteryMv"":65535,""batteryValid"":false,""batteryDetected"":false,""batterySenseStatus"":""not_detected"",""batteryLow"":false,""batteryCritical"":false,""sourceAmbiguous"":false,""serviceHoldActive"":false,""serviceHoldEffective"":false},""batterySession"":{""state"":""inactive"",""startedMs"":0,""stateStartedMs"":0,""validSampleBatches"":0,""requiredSampleBatches"":10,""alarmTxAttempts"":0,""alarmTxAttemptLimit"":3,""alarmAckReceived"":false,""pendingAlarm"":false,""pendingSaveRequired"":false,""persistenceFaultHold"":false,""completionReason"":""session_done""},""bootHealth"":{""adsReady"":true,""adsDrdyLevel"":0,""adsDrdyPulldownLevel"":0,""adsDrdyPullupLevel"":0,""adsMisoPulldownLevel"":0,""adsMisoPullupLevel"":1,""adsCsLevel"":1,""adsSyncLevel"":1,""adsStatus"":54,""adsMux"":15,""adsAdcon"":6,""adsDrate"":240,""adsReason"":""ok"",""tcaOk"":true,""mcpOkCount"":8,""mcpOk"":[true,true,true,true,true,true,true,true],""mcpAddrMask"":[1,1,1,1,1,1,1,1],""mcpControlTested"":true,""mcpControlOkCount"":8,""mcpControlOk"":[true,true,true,true,true,true,true,true],""dacReady"":true,""radioReady"":true,""mlReady"":true,""nullingProfileApplied"":true,""modelProfileReady"":false},""runtimeMcpCode"":[255,519,795,706,799,865,665,139],""model"":{""profileId"":""cnn-dualbranch-datasheet-v1-unbound"",""scalerProfileId"":""cnn-dualbranch-datasheet-v1-unbound"",""productionApproved"":true,""boundNullingProfileId"":8,""activeNullingProfileId"":9,""bindingValid"":true,""bindingModelMatches"":true,""profileReady"":false,""inferenceValid"":false,""sensorFault"":true},""lora"":{""beginState"":0,""lastTxState"":0,""lastTxOk"":false,""txSeq"":0,""txCounter"":0,""aesKeyProvisioned"":true,""aesKeyPresent"":true,""aesKeySource"":""nvs"",""keyId"":1,""lastDownlinkCommandId"":0,""freqMHz"":920,""bwKHz"":125,""sf"":7,""cr"":5,""syncWord"":18,""txPowerDbm"":17,""preamble"":8,""tcxoVoltage"":1.600000024,""xtalVoltage"":0},""dataset"":{""state"":""idle"",""step"":""idle"",""label"":"""",""seq"":0,""targetSamples"":0,""sampleIntervalMs"":500,""maxDurationMs"":0,""useFanIntake"":true,""fanOnMs"":1000,""postFanSettleMs"":0,""nullingProfileId"":9,""queuePending"":0,""queueCapacity"":16,""queueEnqueued"":0,""queueDropped"":0,""publishFailCount"":0,""retryCount"":0,""retryFailCount"":0,""rejectedSamples"":0,""lastRejectReason"":""none"",""lastRejectChannel"":-1,""lastRejectOkFiniteCount"":0,""lastRejectStatus"":255,""lastRejectGain"":0,""lastRejectSaturated"":false},""recovery"":{""wifiReconnectCount"":0,""wifiReconnectFailCount"":0,""mqttReconnectCount"":0,""mqttConnectFailCount"":0,""lastMqttState"":0,""adsRecoveryCount"":0,""adsRecoveryFailCount"":0,""adsReadFailStreak"":0,""lastReason"":""none"",""lastRecoveryMs"":0,""bootRecoveryArmed"":false,""bootRecoveryDueMs"":0,""bootRecoveryReason"":""none"",""bootRecoveryNonAdsFailure"":false,""bootRecoveryRestartCount"":0},""nulling"":{""done"":false,""retryArmed"":false,""attemptCount"":0,""nextRetryMs"":0,""thresholdV"":9.999999747E-06,""minFinalV"":0},""telemetry"":{""valid"":true,""sampleMs"":2054847,""gasClass"":6,""gasName"":""CO2"",""confidence"":0,""alarm"":false,""sensorVoltage"":[-0.000895843,0.004139022,0.005076094,-0.002567379,0.006021331,-0.012232171,-0.020513678,-0.002500791],""sensorGain"":[64,64,64,64,64,64,64,64],""sensorStatus"":[0,0,0,0,0,0,0,0],""featureOrder"":[""MQ8"",""MQ135"",""MQ3"",""MQ5"",""MQ4"",""MQ7"",""MQ6"",""MQ2""]},""alarmLatched"":false}"
"2026-08-04 09:55:19.316 +07:00","27.738","HOT_BASELINE_100","100","1000","0","1","0","-0.000896416","0.004125733","0.005051834","-0.002583455","0.005468122","-0.01224104","-0.020496476","-0.001109231","{""deviceId"":""1001"",""nodeId"":4097,""targetChId"":""0010"",""mode"":""inference"",""uptimeMs"":2055913,""debugEnabled"":true,""power"":{""mode"":""24v"",""externalPower"":true,""batteryMv"":65535,""batteryValid"":false,""batteryDetected"":false,""batterySenseStatus"":""not_detected"",""batteryLow"":false,""batteryCritical"":false,""sourceAmbiguous"":false,""serviceHoldActive"":false,""serviceHoldEffective"":false},""batterySession"":{""state"":""inactive"",""startedMs"":0,""stateStartedMs"":0,""validSampleBatches"":0,""requiredSampleBatches"":10,""alarmTxAttempts"":0,""alarmTxAttemptLimit"":3,""alarmAckReceived"":false,""pendingAlarm"":false,""pendingSaveRequired"":false,""persistenceFaultHold"":false,""completionReason"":""session_done""},""bootHealth"":{""adsReady"":true,""adsDrdyLevel"":0,""adsDrdyPulldownLevel"":0,""adsDrdyPullupLevel"":0,""adsMisoPulldownLevel"":0,""adsMisoPullupLevel"":1,""adsCsLevel"":1,""adsSyncLevel"":1,""adsStatus"":54,""adsMux"":15,""adsAdcon"":6,""adsDrate"":240,""adsReason"":""ok"",""tcaOk"":true,""mcpOkCount"":8,""mcpOk"":[true,true,true,true,true,true,true,true],""mcpAddrMask"":[1,1,1,1,1,1,1,1],""mcpControlTested"":true,""mcpControlOkCount"":8,""mcpControlOk"":[true,true,true,true,true,true,true,true],""dacReady"":true,""radioReady"":true,""mlReady"":true,""nullingProfileApplied"":true,""modelProfileReady"":false},""runtimeMcpCode"":[255,519,795,706,799,865,665,139],""model"":{""profileId"":""cnn-dualbranch-datasheet-v1-unbound"",""scalerProfileId"":""cnn-dualbranch-datasheet-v1-unbound"",""productionApproved"":true,""boundNullingProfileId"":8,""activeNullingProfileId"":9,""bindingValid"":true,""bindingModelMatches"":true,""profileReady"":false,""inferenceValid"":false,""sensorFault"":true},""lora"":{""beginState"":0,""lastTxState"":0,""lastTxOk"":false,""txSeq"":0,""txCounter"":0,""aesKeyProvisioned"":true,""aesKeyPresent"":true,""aesKeySource"":""nvs"",""keyId"":1,""lastDownlinkCommandId"":0,""freqMHz"":920,""bwKHz"":125,""sf"":7,""cr"":5,""syncWord"":18,""txPowerDbm"":17,""preamble"":8,""tcxoVoltage"":1.600000024,""xtalVoltage"":0},""dataset"":{""state"":""idle"",""step"":""idle"",""label"":"""",""seq"":0,""targetSamples"":0,""sampleIntervalMs"":500,""maxDurationMs"":0,""useFanIntake"":true,""fanOnMs"":1000,""postFanSettleMs"":0,""nullingProfileId"":9,""queuePending"":0,""queueCapacity"":16,""queueEnqueued"":0,""queueDropped"":0,""publishFailCount"":0,""retryCount"":0,""retryFailCount"":0,""rejectedSamples"":0,""lastRejectReason"":""none"",""lastRejectChannel"":-1,""lastRejectOkFiniteCount"":0,""lastRejectStatus"":255,""lastRejectGain"":0,""lastRejectSaturated"":false},""recovery"":{""wifiReconnectCount"":0,""wifiReconnectFailCount"":0,""mqttReconnectCount"":0,""mqttConnectFailCount"":0,""lastMqttState"":0,""adsRecoveryCount"":0,""adsRecoveryFailCount"":0,""adsReadFailStreak"":0,""lastReason"":""none"",""lastRecoveryMs"":0,""bootRecoveryArmed"":false,""bootRecoveryDueMs"":0,""bootRecoveryReason"":""none"",""bootRecoveryNonAdsFailure"":false,""bootRecoveryRestartCount"":0},""nulling"":{""done"":false,""retryArmed"":false,""attemptCount"":0,""nextRetryMs"":0,""thresholdV"":9.999999747E-06,""minFinalV"":0},""telemetry"":{""valid"":true,""sampleMs"":2055505,""gasClass"":6,""gasName"":""CO2"",""confidence"":0,""alarm"":false,""sensorVoltage"":[-0.000896416,0.004125733,0.005051834,-0.002583455,0.005468122,-0.01224104,-0.020496476,-0.001109231],""sensorGain"":[64,64,64,64,64,64,64,64],""sensorStatus"":[0,0,0,0,0,0,0,0],""featureOrder"":[""MQ8"",""MQ135"",""MQ3"",""MQ5"",""MQ4"",""MQ7"",""MQ6"",""MQ2""]},""alarmLatched"":false}"
"2026-08-04 09:55:20.005 +07:00","28.42","HOT_BASELINE_100","100","1000","0","1","0","-0.000904612","0.004126078","0.005036893","-0.002560239","0.005492224","-0.012271157","-0.020488162","-0.002624533","{""deviceId"":""1001"",""nodeId"":4097,""targetChId"":""0010"",""mode"":""inference"",""uptimeMs"":2056604,""debugEnabled"":true,""power"":{""mode"":""24v"",""externalPower"":true,""batteryMv"":65535,""batteryValid"":false,""batteryDetected"":false,""batterySenseStatus"":""not_detected"",""batteryLow"":false,""batteryCritical"":false,""sourceAmbiguous"":false,""serviceHoldActive"":false,""serviceHoldEffective"":false},""batterySession"":{""state"":""inactive"",""startedMs"":0,""stateStartedMs"":0,""validSampleBatches"":0,""requiredSampleBatches"":10,""alarmTxAttempts"":0,""alarmTxAttemptLimit"":3,""alarmAckReceived"":false,""pendingAlarm"":false,""pendingSaveRequired"":false,""persistenceFaultHold"":false,""completionReason"":""session_done""},""bootHealth"":{""adsReady"":true,""adsDrdyLevel"":0,""adsDrdyPulldownLevel"":0,""adsDrdyPullupLevel"":0,""adsMisoPulldownLevel"":0,""adsMisoPullupLevel"":1,""adsCsLevel"":1,""adsSyncLevel"":1,""adsStatus"":54,""adsMux"":15,""adsAdcon"":6,""adsDrate"":240,""adsReason"":""ok"",""tcaOk"":true,""mcpOkCount"":8,""mcpOk"":[true,true,true,true,true,true,true,true],""mcpAddrMask"":[1,1,1,1,1,1,1,1],""mcpControlTested"":true,""mcpControlOkCount"":8,""mcpControlOk"":[true,true,true,true,true,true,true,true],""dacReady"":true,""radioReady"":true,""mlReady"":true,""nullingProfileApplied"":true,""modelProfileReady"":false},""runtimeMcpCode"":[255,519,795,706,799,865,665,139],""model"":{""profileId"":""cnn-dualbranch-datasheet-v1-unbound"",""scalerProfileId"":""cnn-dualbranch-datasheet-v1-unbound"",""productionApproved"":true,""boundNullingProfileId"":8,""activeNullingProfileId"":9,""bindingValid"":true,""bindingModelMatches"":true,""profileReady"":false,""inferenceValid"":false,""sensorFault"":true},""lora"":{""beginState"":0,""lastTxState"":0,""lastTxOk"":false,""txSeq"":0,""txCounter"":0,""aesKeyProvisioned"":true,""aesKeyPresent"":true,""aesKeySource"":""nvs"",""keyId"":1,""lastDownlinkCommandId"":0,""freqMHz"":920,""bwKHz"":125,""sf"":7,""cr"":5,""syncWord"":18,""txPowerDbm"":17,""preamble"":8,""tcxoVoltage"":1.600000024,""xtalVoltage"":0},""dataset"":{""state"":""idle"",""step"":""idle"",""label"":"""",""seq"":0,""targetSamples"":0,""sampleIntervalMs"":500,""maxDurationMs"":0,""useFanIntake"":true,""fanOnMs"":1000,""postFanSettleMs"":0,""nullingProfileId"":9,""queuePending"":0,""queueCapacity"":16,""queueEnqueued"":0,""queueDropped"":0,""publishFailCount"":0,""retryCount"":0,""retryFailCount"":0,""rejectedSamples"":0,""lastRejectReason"":""none"",""lastRejectChannel"":-1,""lastRejectOkFiniteCount"":0,""lastRejectStatus"":255,""lastRejectGain"":0,""lastRejectSaturated"":false},""recovery"":{""wifiReconnectCount"":0,""wifiReconnectFailCount"":0,""mqttReconnectCount"":0,""mqttConnectFailCount"":0,""lastMqttState"":0,""adsRecoveryCount"":0,""adsRecoveryFailCount"":0,""adsReadFailStreak"":0,""lastReason"":""none"",""lastRecoveryMs"":0,""bootRecoveryArmed"":false,""bootRecoveryDueMs"":0,""bootRecoveryReason"":""none"",""bootRecoveryNonAdsFailure"":false,""bootRecoveryRestartCount"":0},""nulling"":{""done"":false,""retryArmed"":false,""attemptCount"":0,""nextRetryMs"":0,""thresholdV"":9.999999747E-06,""minFinalV"":0},""telemetry"":{""valid"":true,""sampleMs"":2056191,""gasClass"":6,""gasName"":""CO2"",""confidence"":0,""alarm"":false,""sensorVoltage"":[-0.000904612,0.004126078,0.005036893,-0.002560239,0.005492224,-0.012271157,-0.020488162,-0.002624533],""sensorGain"":[64,64,64,64,64,64,64,64],""sensorStatus"":[0,0,0,0,0,0,0,0],""featureOrder"":[""MQ8"",""MQ135"",""MQ3"",""MQ5"",""MQ4"",""MQ7"",""MQ6"",""MQ2""]},""alarmLatched"":false}"
"2026-08-04 09:55:20.689 +07:00","29.112","HOT_BASELINE_100","100","1000","0","1","0","-0.000899932","0.0041337","0.005045","-0.002560345","0.005574726","-0.01221261","-0.020464269","-0.002052719","{""deviceId"":""1001"",""nodeId"":4097,""targetChId"":""0010"",""mode"":""inference"",""uptimeMs"":2057294,""debugEnabled"":true,""power"":{""mode"":""24v"",""externalPower"":true,""batteryMv"":65535,""batteryValid"":false,""batteryDetected"":false,""batterySenseStatus"":""not_detected"",""batteryLow"":false,""batteryCritical"":false,""sourceAmbiguous"":false,""serviceHoldActive"":false,""serviceHoldEffective"":false},""batterySession"":{""state"":""inactive"",""startedMs"":0,""stateStartedMs"":0,""validSampleBatches"":0,""requiredSampleBatches"":10,""alarmTxAttempts"":0,""alarmTxAttemptLimit"":3,""alarmAckReceived"":false,""pendingAlarm"":false,""pendingSaveRequired"":false,""persistenceFaultHold"":false,""completionReason"":""session_done""},""bootHealth"":{""adsReady"":true,""adsDrdyLevel"":0,""adsDrdyPulldownLevel"":0,""adsDrdyPullupLevel"":0,""adsMisoPulldownLevel"":0,""adsMisoPullupLevel"":1,""adsCsLevel"":1,""adsSyncLevel"":1,""adsStatus"":54,""adsMux"":15,""adsAdcon"":6,""adsDrate"":240,""adsReason"":""ok"",""tcaOk"":true,""mcpOkCount"":8,""mcpOk"":[true,true,true,true,true,true,true,true],""mcpAddrMask"":[1,1,1,1,1,1,1,1],""mcpControlTested"":true,""mcpControlOkCount"":8,""mcpControlOk"":[true,true,true,true,true,true,true,true],""dacReady"":true,""radioReady"":true,""mlReady"":true,""nullingProfileApplied"":true,""modelProfileReady"":false},""runtimeMcpCode"":[255,519,795,706,799,865,665,139],""model"":{""profileId"":""cnn-dualbranch-datasheet-v1-unbound"",""scalerProfileId"":""cnn-dualbranch-datasheet-v1-unbound"",""productionApproved"":true,""boundNullingProfileId"":8,""activeNullingProfileId"":9,""bindingValid"":true,""bindingModelMatches"":true,""profileReady"":false,""inferenceValid"":false,""sensorFault"":true},""lora"":{""beginState"":0,""lastTxState"":0,""lastTxOk"":false,""txSeq"":0,""txCounter"":0,""aesKeyProvisioned"":true,""aesKeyPresent"":true,""aesKeySource"":""nvs"",""keyId"":1,""lastDownlinkCommandId"":0,""freqMHz"":920,""bwKHz"":125,""sf"":7,""cr"":5,""syncWord"":18,""txPowerDbm"":17,""preamble"":8,""tcxoVoltage"":1.600000024,""xtalVoltage"":0},""dataset"":{""state"":""idle"",""step"":""idle"",""label"":"""",""seq"":0,""targetSamples"":0,""sampleIntervalMs"":500,""maxDurationMs"":0,""useFanIntake"":true,""fanOnMs"":1000,""postFanSettleMs"":0,""nullingProfileId"":9,""queuePending"":0,""queueCapacity"":16,""queueEnqueued"":0,""queueDropped"":0,""publishFailCount"":0,""retryCount"":0,""retryFailCount"":0,""rejectedSamples"":0,""lastRejectReason"":""none"",""lastRejectChannel"":-1,""lastRejectOkFiniteCount"":0,""lastRejectStatus"":255,""lastRejectGain"":0,""lastRejectSaturated"":false},""recovery"":{""wifiReconnectCount"":0,""wifiReconnectFailCount"":0,""mqttReconnectCount"":0,""mqttConnectFailCount"":0,""lastMqttState"":0,""adsRecoveryCount"":0,""adsRecoveryFailCount"":0,""adsReadFailStreak"":0,""lastReason"":""none"",""lastRecoveryMs"":0,""bootRecoveryArmed"":false,""bootRecoveryDueMs"":0,""bootRecoveryReason"":""none"",""bootRecoveryNonAdsFailure"":false,""bootRecoveryRestartCount"":0},""nulling"":{""done"":false,""retryArmed"":false,""attemptCount"":0,""nextRetryMs"":0,""thresholdV"":9.999999747E-06,""minFinalV"":0},""telemetry"":{""valid"":true,""sampleMs"":2056914,""gasClass"":6,""gasName"":""CO2"",""confidence"":0,""alarm"":false,""sensorVoltage"":[-0.000899932,0.0041337,0.005045,-0.002560345,0.005574726,-0.01221261,-0.020464269,-0.002052719],""sensorGain"":[64,64,64,64,64,64,64,64],""sensorStatus"":[0,0,0,0,0,0,0,0],""featureOrder"":[""MQ8"",""MQ135"",""MQ3"",""MQ5"",""MQ4"",""MQ7"",""MQ6"",""MQ2""]},""alarmLatched"":false}"
"2026-08-04 09:55:21.369 +07:00","29.792","HOT_BASELINE_100","100","1000","0","1","0","-0.000902556","0.004159881","0.005046048","-0.002561515","0.007117198","-0.012146227","-0.020453366","-0.002479631","{""deviceId"":""1001"",""nodeId"":4097,""targetChId"":""0010"",""mode"":""inference"",""uptimeMs"":2057975,""debugEnabled"":true,""power"":{""mode"":""24v"",""externalPower"":true,""batteryMv"":65535,""batteryValid"":false,""batteryDetected"":false,""batterySenseStatus"":""not_detected"",""batteryLow"":false,""batteryCritical"":false,""sourceAmbiguous"":false,""serviceHoldActive"":false,""serviceHoldEffective"":false},""batterySession"":{""state"":""inactive"",""startedMs"":0,""stateStartedMs"":0,""validSampleBatches"":0,""requiredSampleBatches"":10,""alarmTxAttempts"":0,""alarmTxAttemptLimit"":3,""alarmAckReceived"":false,""pendingAlarm"":false,""pendingSaveRequired"":false,""persistenceFaultHold"":false,""completionReason"":""session_done""},""bootHealth"":{""adsReady"":true,""adsDrdyLevel"":0,""adsDrdyPulldownLevel"":0,""adsDrdyPullupLevel"":0,""adsMisoPulldownLevel"":0,""adsMisoPullupLevel"":1,""adsCsLevel"":1,""adsSyncLevel"":1,""adsStatus"":54,""adsMux"":15,""adsAdcon"":6,""adsDrate"":240,""adsReason"":""ok"",""tcaOk"":true,""mcpOkCount"":8,""mcpOk"":[true,true,true,true,true,true,true,true],""mcpAddrMask"":[1,1,1,1,1,1,1,1],""mcpControlTested"":true,""mcpControlOkCount"":8,""mcpControlOk"":[true,true,true,true,true,true,true,true],""dacReady"":true,""radioReady"":true,""mlReady"":true,""nullingProfileApplied"":true,""modelProfileReady"":false},""runtimeMcpCode"":[255,519,795,706,799,865,665,139],""model"":{""profileId"":""cnn-dualbranch-datasheet-v1-unbound"",""scalerProfileId"":""cnn-dualbranch-datasheet-v1-unbound"",""productionApproved"":true,""boundNullingProfileId"":8,""activeNullingProfileId"":9,""bindingValid"":true,""bindingModelMatches"":true,""profileReady"":false,""inferenceValid"":false,""sensorFault"":true},""lora"":{""beginState"":0,""lastTxState"":0,""lastTxOk"":false,""txSeq"":0,""txCounter"":0,""aesKeyProvisioned"":true,""aesKeyPresent"":true,""aesKeySource"":""nvs"",""keyId"":1,""lastDownlinkCommandId"":0,""freqMHz"":920,""bwKHz"":125,""sf"":7,""cr"":5,""syncWord"":18,""txPowerDbm"":17,""preamble"":8,""tcxoVoltage"":1.600000024,""xtalVoltage"":0},""dataset"":{""state"":""idle"",""step"":""idle"",""label"":"""",""seq"":0,""targetSamples"":0,""sampleIntervalMs"":500,""maxDurationMs"":0,""useFanIntake"":true,""fanOnMs"":1000,""postFanSettleMs"":0,""nullingProfileId"":9,""queuePending"":0,""queueCapacity"":16,""queueEnqueued"":0,""queueDropped"":0,""publishFailCount"":0,""retryCount"":0,""retryFailCount"":0,""rejectedSamples"":0,""lastRejectReason"":""none"",""lastRejectChannel"":-1,""lastRejectOkFiniteCount"":0,""lastRejectStatus"":255,""lastRejectGain"":0,""lastRejectSaturated"":false},""recovery"":{""wifiReconnectCount"":0,""wifiReconnectFailCount"":0,""mqttReconnectCount"":0,""mqttConnectFailCount"":0,""lastMqttState"":0,""adsRecoveryCount"":0,""adsRecoveryFailCount"":0,""adsReadFailStreak"":0,""lastReason"":""none"",""lastRecoveryMs"":0,""bootRecoveryArmed"":false,""bootRecoveryDueMs"":0,""bootRecoveryReason"":""none"",""bootRecoveryNonAdsFailure"":false,""bootRecoveryRestartCount"":0},""nulling"":{""done"":false,""retryArmed"":false,""attemptCount"":0,""nextRetryMs"":0,""thresholdV"":9.999999747E-06,""minFinalV"":0},""telemetry"":{""valid"":true,""sampleMs"":2057572,""gasClass"":6,""gasName"":""CO2"",""confidence"":0,""alarm"":false,""sensorVoltage"":[-0.000902556,0.004159881,0.005046048,-0.002561515,0.007117198,-0.012146227,-0.020453366,-0.002479631],""sensorGain"":[64,64,64,64,64,64,64,64],""sensorStatus"":[0,0,0,0,0,0,0,0],""featureOrder"":[""MQ8"",""MQ135"",""MQ3"",""MQ5"",""MQ4"",""MQ7"",""MQ6"",""MQ2""]},""alarmLatched"":false}"
"2026-08-04 09:55:22.051 +07:00","30.474","HOT_BASELINE_100","100","1000","0","1","0","-0.000889455","0.004220289","0.005050172","-0.002578396","0.005341982","-0.012133906","-0.020458668","-0.002555892","{""deviceId"":""1001"",""nodeId"":4097,""targetChId"":""0010"",""mode"":""inference"",""uptimeMs"":2058658,""debugEnabled"":true,""power"":{""mode"":""24v"",""externalPower"":true,""batteryMv"":65535,""batteryValid"":false,""batteryDetected"":false,""batterySenseStatus"":""not_detected"",""batteryLow"":false,""batteryCritical"":false,""sourceAmbiguous"":false,""serviceHoldActive"":false,""serviceHoldEffective"":false},""batterySession"":{""state"":""inactive"",""startedMs"":0,""stateStartedMs"":0,""validSampleBatches"":0,""requiredSampleBatches"":10,""alarmTxAttempts"":0,""alarmTxAttemptLimit"":3,""alarmAckReceived"":false,""pendingAlarm"":false,""pendingSaveRequired"":false,""persistenceFaultHold"":false,""completionReason"":""session_done""},""bootHealth"":{""adsReady"":true,""adsDrdyLevel"":0,""adsDrdyPulldownLevel"":0,""adsDrdyPullupLevel"":0,""adsMisoPulldownLevel"":0,""adsMisoPullupLevel"":1,""adsCsLevel"":1,""adsSyncLevel"":1,""adsStatus"":54,""adsMux"":15,""adsAdcon"":6,""adsDrate"":240,""adsReason"":""ok"",""tcaOk"":true,""mcpOkCount"":8,""mcpOk"":[true,true,true,true,true,true,true,true],""mcpAddrMask"":[1,1,1,1,1,1,1,1],""mcpControlTested"":true,""mcpControlOkCount"":8,""mcpControlOk"":[true,true,true,true,true,true,true,true],""dacReady"":true,""radioReady"":true,""mlReady"":true,""nullingProfileApplied"":true,""modelProfileReady"":false},""runtimeMcpCode"":[255,519,795,706,799,865,665,139],""model"":{""profileId"":""cnn-dualbranch-datasheet-v1-unbound"",""scalerProfileId"":""cnn-dualbranch-datasheet-v1-unbound"",""productionApproved"":true,""boundNullingProfileId"":8,""activeNullingProfileId"":9,""bindingValid"":true,""bindingModelMatches"":true,""profileReady"":false,""inferenceValid"":false,""sensorFault"":true},""lora"":{""beginState"":0,""lastTxState"":0,""lastTxOk"":false,""txSeq"":0,""txCounter"":0,""aesKeyProvisioned"":true,""aesKeyPresent"":true,""aesKeySource"":""nvs"",""keyId"":1,""lastDownlinkCommandId"":0,""freqMHz"":920,""bwKHz"":125,""sf"":7,""cr"":5,""syncWord"":18,""txPowerDbm"":17,""preamble"":8,""tcxoVoltage"":1.600000024,""xtalVoltage"":0},""dataset"":{""state"":""idle"",""step"":""idle"",""label"":"""",""seq"":0,""targetSamples"":0,""sampleIntervalMs"":500,""maxDurationMs"":0,""useFanIntake"":true,""fanOnMs"":1000,""postFanSettleMs"":0,""nullingProfileId"":9,""queuePending"":0,""queueCapacity"":16,""queueEnqueued"":0,""queueDropped"":0,""publishFailCount"":0,""retryCount"":0,""retryFailCount"":0,""rejectedSamples"":0,""lastRejectReason"":""none"",""lastRejectChannel"":-1,""lastRejectOkFiniteCount"":0,""lastRejectStatus"":255,""lastRejectGain"":0,""lastRejectSaturated"":false},""recovery"":{""wifiReconnectCount"":0,""wifiReconnectFailCount"":0,""mqttReconnectCount"":0,""mqttConnectFailCount"":0,""lastMqttState"":0,""adsRecoveryCount"":0,""adsRecoveryFailCount"":0,""adsReadFailStreak"":0,""lastReason"":""none"",""lastRecoveryMs"":0,""bootRecoveryArmed"":false,""bootRecoveryDueMs"":0,""bootRecoveryReason"":""none"",""bootRecoveryNonAdsFailure"":false,""bootRecoveryRestartCount"":0},""nulling"":{""done"":false,""retryArmed"":false,""attemptCount"":0,""nextRetryMs"":0,""thresholdV"":9.999999747E-06,""minFinalV"":0},""telemetry"":{""valid"":true,""sampleMs"":2058253,""gasClass"":6,""gasName"":""CO2"",""confidence"":0,""alarm"":false,""sensorVoltage"":[-0.000889455,0.004220289,0.005050172,-0.002578396,0.005341982,-0.012133906,-0.020458668,-0.002555892],""sensorGain"":[64,64,64,64,64,64,64,64],""sensorStatus"":[0,0,0,0,0,0,0,0],""featureOrder"":[""MQ8"",""MQ135"",""MQ3"",""MQ5"",""MQ4"",""MQ7"",""MQ6"",""MQ2""]},""alarmLatched"":false}"
"2026-08-04 09:55:22.744 +07:00","31.158","HOT_BASELINE_100","100","1000","0","1","0","-0.000930087","0.004249818","0.005058998","-0.002476775","0.003611639","-0.012174972","-0.020463562","-0.000941784","{""deviceId"":""1001"",""nodeId"":4097,""targetChId"":""0010"",""mode"":""inference"",""uptimeMs"":2059343,""debugEnabled"":true,""power"":{""mode"":""24v"",""externalPower"":true,""batteryMv"":65535,""batteryValid"":false,""batteryDetected"":false,""batterySenseStatus"":""not_detected"",""batteryLow"":false,""batteryCritical"":false,""sourceAmbiguous"":false,""serviceHoldActive"":false,""serviceHoldEffective"":false},""batterySession"":{""state"":""inactive"",""startedMs"":0,""stateStartedMs"":0,""validSampleBatches"":0,""requiredSampleBatches"":10,""alarmTxAttempts"":0,""alarmTxAttemptLimit"":3,""alarmAckReceived"":false,""pendingAlarm"":false,""pendingSaveRequired"":false,""persistenceFaultHold"":false,""completionReason"":""session_done""},""bootHealth"":{""adsReady"":true,""adsDrdyLevel"":0,""adsDrdyPulldownLevel"":0,""adsDrdyPullupLevel"":0,""adsMisoPulldownLevel"":0,""adsMisoPullupLevel"":1,""adsCsLevel"":1,""adsSyncLevel"":1,""adsStatus"":54,""adsMux"":15,""adsAdcon"":6,""adsDrate"":240,""adsReason"":""ok"",""tcaOk"":true,""mcpOkCount"":8,""mcpOk"":[true,true,true,true,true,true,true,true],""mcpAddrMask"":[1,1,1,1,1,1,1,1],""mcpControlTested"":true,""mcpControlOkCount"":8,""mcpControlOk"":[true,true,true,true,true,true,true,true],""dacReady"":true,""radioReady"":true,""mlReady"":true,""nullingProfileApplied"":true,""modelProfileReady"":false},""runtimeMcpCode"":[255,519,795,706,799,865,665,139],""model"":{""profileId"":""cnn-dualbranch-datasheet-v1-unbound"",""scalerProfileId"":""cnn-dualbranch-datasheet-v1-unbound"",""productionApproved"":true,""boundNullingProfileId"":8,""activeNullingProfileId"":9,""bindingValid"":true,""bindingModelMatches"":true,""profileReady"":false,""inferenceValid"":false,""sensorFault"":true},""lora"":{""beginState"":0,""lastTxState"":0,""lastTxOk"":false,""txSeq"":0,""txCounter"":0,""aesKeyProvisioned"":true,""aesKeyPresent"":true,""aesKeySource"":""nvs"",""keyId"":1,""lastDownlinkCommandId"":0,""freqMHz"":920,""bwKHz"":125,""sf"":7,""cr"":5,""syncWord"":18,""txPowerDbm"":17,""preamble"":8,""tcxoVoltage"":1.600000024,""xtalVoltage"":0},""dataset"":{""state"":""idle"",""step"":""idle"",""label"":"""",""seq"":0,""targetSamples"":0,""sampleIntervalMs"":500,""maxDurationMs"":0,""useFanIntake"":true,""fanOnMs"":1000,""postFanSettleMs"":0,""nullingProfileId"":9,""queuePending"":0,""queueCapacity"":16,""queueEnqueued"":0,""queueDropped"":0,""publishFailCount"":0,""retryCount"":0,""retryFailCount"":0,""rejectedSamples"":0,""lastRejectReason"":""none"",""lastRejectChannel"":-1,""lastRejectOkFiniteCount"":0,""lastRejectStatus"":255,""lastRejectGain"":0,""lastRejectSaturated"":false},""recovery"":{""wifiReconnectCount"":0,""wifiReconnectFailCount"":0,""mqttReconnectCount"":0,""mqttConnectFailCount"":0,""lastMqttState"":0,""adsRecoveryCount"":0,""adsRecoveryFailCount"":0,""adsReadFailStreak"":0,""lastReason"":""none"",""lastRecoveryMs"":0,""bootRecoveryArmed"":false,""bootRecoveryDueMs"":0,""bootRecoveryReason"":""none"",""bootRecoveryNonAdsFailure"":false,""bootRecoveryRestartCount"":0},""nulling"":{""done"":false,""retryArmed"":false,""attemptCount"":0,""nextRetryMs"":0,""thresholdV"":9.999999747E-06,""minFinalV"":0},""telemetry"":{""valid"":true,""sampleMs"":2058968,""gasClass"":6,""gasName"":""CO2"",""confidence"":0,""alarm"":false,""sensorVoltage"":[-0.000930087,0.004249818,0.005058998,-0.002476775,0.003611639,-0.012174972,-0.020463562,-0.000941784],""sensorGain"":[64,64,64,64,64,64,64,64],""sensorStatus"":[0,0,0,0,0,0,0,0],""featureOrder"":[""MQ8"",""MQ135"",""MQ3"",""MQ5"",""MQ4"",""MQ7"",""MQ6"",""MQ2""]},""alarmLatched"":false}"
"2026-08-04 09:55:23.424 +07:00","31.846","HOT_BASELINE_100","100","1000","0","1","0","-0.000922572","0.004272075","0.005019907","-0.002481851","0.003646689","-0.01211313","-0.020455694","0.000694742","{""deviceId"":""1001"",""nodeId"":4097,""targetChId"":""0010"",""mode"":""inference"",""uptimeMs"":2060022,""debugEnabled"":true,""power"":{""mode"":""24v"",""externalPower"":true,""batteryMv"":65535,""batteryValid"":false,""batteryDetected"":false,""batterySenseStatus"":""not_detected"",""batteryLow"":false,""batteryCritical"":false,""sourceAmbiguous"":false,""serviceHoldActive"":false,""serviceHoldEffective"":false},""batterySession"":{""state"":""inactive"",""startedMs"":0,""stateStartedMs"":0,""validSampleBatches"":0,""requiredSampleBatches"":10,""alarmTxAttempts"":0,""alarmTxAttemptLimit"":3,""alarmAckReceived"":false,""pendingAlarm"":false,""pendingSaveRequired"":false,""persistenceFaultHold"":false,""completionReason"":""session_done""},""bootHealth"":{""adsReady"":true,""adsDrdyLevel"":0,""adsDrdyPulldownLevel"":0,""adsDrdyPullupLevel"":0,""adsMisoPulldownLevel"":0,""adsMisoPullupLevel"":1,""adsCsLevel"":1,""adsSyncLevel"":1,""adsStatus"":54,""adsMux"":15,""adsAdcon"":6,""adsDrate"":240,""adsReason"":""ok"",""tcaOk"":true,""mcpOkCount"":8,""mcpOk"":[true,true,true,true,true,true,true,true],""mcpAddrMask"":[1,1,1,1,1,1,1,1],""mcpControlTested"":true,""mcpControlOkCount"":8,""mcpControlOk"":[true,true,true,true,true,true,true,true],""dacReady"":true,""radioReady"":true,""mlReady"":true,""nullingProfileApplied"":true,""modelProfileReady"":false},""runtimeMcpCode"":[255,519,795,706,799,865,665,139],""model"":{""profileId"":""cnn-dualbranch-datasheet-v1-unbound"",""scalerProfileId"":""cnn-dualbranch-datasheet-v1-unbound"",""productionApproved"":true,""boundNullingProfileId"":8,""activeNullingProfileId"":9,""bindingValid"":true,""bindingModelMatches"":true,""profileReady"":false,""inferenceValid"":false,""sensorFault"":true},""lora"":{""beginState"":0,""lastTxState"":0,""lastTxOk"":false,""txSeq"":0,""txCounter"":0,""aesKeyProvisioned"":true,""aesKeyPresent"":true,""aesKeySource"":""nvs"",""keyId"":1,""lastDownlinkCommandId"":0,""freqMHz"":920,""bwKHz"":125,""sf"":7,""cr"":5,""syncWord"":18,""txPowerDbm"":17,""preamble"":8,""tcxoVoltage"":1.600000024,""xtalVoltage"":0},""dataset"":{""state"":""idle"",""step"":""idle"",""label"":"""",""seq"":0,""targetSamples"":0,""sampleIntervalMs"":500,""maxDurationMs"":0,""useFanIntake"":true,""fanOnMs"":1000,""postFanSettleMs"":0,""nullingProfileId"":9,""queuePending"":0,""queueCapacity"":16,""queueEnqueued"":0,""queueDropped"":0,""publishFailCount"":0,""retryCount"":0,""retryFailCount"":0,""rejectedSamples"":0,""lastRejectReason"":""none"",""lastRejectChannel"":-1,""lastRejectOkFiniteCount"":0,""lastRejectStatus"":255,""lastRejectGain"":0,""lastRejectSaturated"":false},""recovery"":{""wifiReconnectCount"":0,""wifiReconnectFailCount"":0,""mqttReconnectCount"":0,""mqttConnectFailCount"":0,""lastMqttState"":0,""adsRecoveryCount"":0,""adsRecoveryFailCount"":0,""adsReadFailStreak"":0,""lastReason"":""none"",""lastRecoveryMs"":0,""bootRecoveryArmed"":false,""bootRecoveryDueMs"":0,""bootRecoveryReason"":""none"",""bootRecoveryNonAdsFailure"":false,""bootRecoveryRestartCount"":0},""nulling"":{""done"":false,""retryArmed"":false,""attemptCount"":0,""nextRetryMs"":0,""thresholdV"":9.999999747E-06,""minFinalV"":0},""telemetry"":{""valid"":true,""sampleMs"":2059621,""gasClass"":6,""gasName"":""CO2"",""confidence"":0,""alarm"":false,""sensorVoltage"":[-0.000922572,0.004272075,0.005019907,-0.002481851,0.003646689,-0.01211313,-0.020455694,0.000694742],""sensorGain"":[64,64,64,64,64,64,64,64],""sensorStatus"":[0,0,0,0,0,0,0,0],""featureOrder"":[""MQ8"",""MQ135"",""MQ3"",""MQ5"",""MQ4"",""MQ7"",""MQ6"",""MQ2""]},""alarmLatched"":false}"
"2026-08-04 09:55:24.116 +07:00","32.538","HOT_BASELINE_100","100","1000","0","1","0","-0.000909697","0.004273125","0.005044779","-0.002508274","0.003048045","-0.012134133","-0.020447547","0.00192132","{""deviceId"":""1001"",""nodeId"":4097,""targetChId"":""0010"",""mode"":""inference"",""uptimeMs"":2060712,""debugEnabled"":true,""power"":{""mode"":""24v"",""externalPower"":true,""batteryMv"":65535,""batteryValid"":false,""batteryDetected"":false,""batterySenseStatus"":""not_detected"",""batteryLow"":false,""batteryCritical"":false,""sourceAmbiguous"":false,""serviceHoldActive"":false,""serviceHoldEffective"":false},""batterySession"":{""state"":""inactive"",""startedMs"":0,""stateStartedMs"":0,""validSampleBatches"":0,""requiredSampleBatches"":10,""alarmTxAttempts"":0,""alarmTxAttemptLimit"":3,""alarmAckReceived"":false,""pendingAlarm"":false,""pendingSaveRequired"":false,""persistenceFaultHold"":false,""completionReason"":""session_done""},""bootHealth"":{""adsReady"":true,""adsDrdyLevel"":0,""adsDrdyPulldownLevel"":0,""adsDrdyPullupLevel"":0,""adsMisoPulldownLevel"":0,""adsMisoPullupLevel"":1,""adsCsLevel"":1,""adsSyncLevel"":1,""adsStatus"":54,""adsMux"":15,""adsAdcon"":6,""adsDrate"":240,""adsReason"":""ok"",""tcaOk"":true,""mcpOkCount"":8,""mcpOk"":[true,true,true,true,true,true,true,true],""mcpAddrMask"":[1,1,1,1,1,1,1,1],""mcpControlTested"":true,""mcpControlOkCount"":8,""mcpControlOk"":[true,true,true,true,true,true,true,true],""dacReady"":true,""radioReady"":true,""mlReady"":true,""nullingProfileApplied"":true,""modelProfileReady"":false},""runtimeMcpCode"":[255,519,795,706,799,865,665,139],""model"":{""profileId"":""cnn-dualbranch-datasheet-v1-unbound"",""scalerProfileId"":""cnn-dualbranch-datasheet-v1-unbound"",""productionApproved"":true,""boundNullingProfileId"":8,""activeNullingProfileId"":9,""bindingValid"":true,""bindingModelMatches"":true,""profileReady"":false,""inferenceValid"":false,""sensorFault"":true},""lora"":{""beginState"":0,""lastTxState"":0,""lastTxOk"":false,""txSeq"":0,""txCounter"":0,""aesKeyProvisioned"":true,""aesKeyPresent"":true,""aesKeySource"":""nvs"",""keyId"":1,""lastDownlinkCommandId"":0,""freqMHz"":920,""bwKHz"":125,""sf"":7,""cr"":5,""syncWord"":18,""txPowerDbm"":17,""preamble"":8,""tcxoVoltage"":1.600000024,""xtalVoltage"":0},""dataset"":{""state"":""idle"",""step"":""idle"",""label"":"""",""seq"":0,""targetSamples"":0,""sampleIntervalMs"":500,""maxDurationMs"":0,""useFanIntake"":true,""fanOnMs"":1000,""postFanSettleMs"":0,""nullingProfileId"":9,""queuePending"":0,""queueCapacity"":16,""queueEnqueued"":0,""queueDropped"":0,""publishFailCount"":0,""retryCount"":0,""retryFailCount"":0,""rejectedSamples"":0,""lastRejectReason"":""none"",""lastRejectChannel"":-1,""lastRejectOkFiniteCount"":0,""lastRejectStatus"":255,""lastRejectGain"":0,""lastRejectSaturated"":false},""recovery"":{""wifiReconnectCount"":0,""wifiReconnectFailCount"":0,""mqttReconnectCount"":0,""mqttConnectFailCount"":0,""lastMqttState"":0,""adsRecoveryCount"":0,""adsRecoveryFailCount"":0,""adsReadFailStreak"":0,""lastReason"":""none"",""lastRecoveryMs"":0,""bootRecoveryArmed"":false,""bootRecoveryDueMs"":0,""bootRecoveryReason"":""none"",""bootRecoveryNonAdsFailure"":false,""bootRecoveryRestartCount"":0},""nulling"":{""done"":false,""retryArmed"":false,""attemptCount"":0,""nextRetryMs"":0,""thresholdV"":9.999999747E-06,""minFinalV"":0},""telemetry"":{""valid"":true,""sampleMs"":2060300,""gasClass"":6,""gasName"":""CO2"",""confidence"":0,""alarm"":false,""sensorVoltage"":[-0.000909697,0.004273125,0.005044779,-0.002508274,0.003048045,-0.012134133,-0.020447547,0.00192132],""sensorGain"":[64,64,64,64,64,64,64,64],""sensorStatus"":[0,0,0,0,0,0,0,0],""featureOrder"":[""MQ8"",""MQ135"",""MQ3"",""MQ5"",""MQ4"",""MQ7"",""MQ6"",""MQ2""]},""alarmLatched"":false}"
"2026-08-04 09:55:24.812 +07:00","33.234","HOT_BASELINE_100","100","1000","0","1","0","-0.000897486","0.004264429","0.00506176","-0.002506981","0.004295604","-0.012197485","-0.020430965","0.001106217","{""deviceId"":""1001"",""nodeId"":4097,""targetChId"":""0010"",""mode"":""inference"",""uptimeMs"":2061411,""debugEnabled"":true,""power"":{""mode"":""24v"",""externalPower"":true,""batteryMv"":65535,""batteryValid"":false,""batteryDetected"":false,""batterySenseStatus"":""not_detected"",""batteryLow"":false,""batteryCritical"":false,""sourceAmbiguous"":false,""serviceHoldActive"":false,""serviceHoldEffective"":false},""batterySession"":{""state"":""inactive"",""startedMs"":0,""stateStartedMs"":0,""validSampleBatches"":0,""requiredSampleBatches"":10,""alarmTxAttempts"":0,""alarmTxAttemptLimit"":3,""alarmAckReceived"":false,""pendingAlarm"":false,""pendingSaveRequired"":false,""persistenceFaultHold"":false,""completionReason"":""session_done""},""bootHealth"":{""adsReady"":true,""adsDrdyLevel"":0,""adsDrdyPulldownLevel"":0,""adsDrdyPullupLevel"":0,""adsMisoPulldownLevel"":0,""adsMisoPullupLevel"":1,""adsCsLevel"":1,""adsSyncLevel"":1,""adsStatus"":54,""adsMux"":15,""adsAdcon"":6,""adsDrate"":240,""adsReason"":""ok"",""tcaOk"":true,""mcpOkCount"":8,""mcpOk"":[true,true,true,true,true,true,true,true],""mcpAddrMask"":[1,1,1,1,1,1,1,1],""mcpControlTested"":true,""mcpControlOkCount"":8,""mcpControlOk"":[true,true,true,true,true,true,true,true],""dacReady"":true,""radioReady"":true,""mlReady"":true,""nullingProfileApplied"":true,""modelProfileReady"":false},""runtimeMcpCode"":[255,519,795,706,799,865,665,139],""model"":{""profileId"":""cnn-dualbranch-datasheet-v1-unbound"",""scalerProfileId"":""cnn-dualbranch-datasheet-v1-unbound"",""productionApproved"":true,""boundNullingProfileId"":8,""activeNullingProfileId"":9,""bindingValid"":true,""bindingModelMatches"":true,""profileReady"":false,""inferenceValid"":false,""sensorFault"":true},""lora"":{""beginState"":0,""lastTxState"":0,""lastTxOk"":false,""txSeq"":0,""txCounter"":0,""aesKeyProvisioned"":true,""aesKeyPresent"":true,""aesKeySource"":""nvs"",""keyId"":1,""lastDownlinkCommandId"":0,""freqMHz"":920,""bwKHz"":125,""sf"":7,""cr"":5,""syncWord"":18,""txPowerDbm"":17,""preamble"":8,""tcxoVoltage"":1.600000024,""xtalVoltage"":0},""dataset"":{""state"":""idle"",""step"":""idle"",""label"":"""",""seq"":0,""targetSamples"":0,""sampleIntervalMs"":500,""maxDurationMs"":0,""useFanIntake"":true,""fanOnMs"":1000,""postFanSettleMs"":0,""nullingProfileId"":9,""queuePending"":0,""queueCapacity"":16,""queueEnqueued"":0,""queueDropped"":0,""publishFailCount"":0,""retryCount"":0,""retryFailCount"":0,""rejectedSamples"":0,""lastRejectReason"":""none"",""lastRejectChannel"":-1,""lastRejectOkFiniteCount"":0,""lastRejectStatus"":255,""lastRejectGain"":0,""lastRejectSaturated"":false},""recovery"":{""wifiReconnectCount"":0,""wifiReconnectFailCount"":0,""mqttReconnectCount"":0,""mqttConnectFailCount"":0,""lastMqttState"":0,""adsRecoveryCount"":0,""adsRecoveryFailCount"":0,""adsReadFailStreak"":0,""lastReason"":""none"",""lastRecoveryMs"":0,""bootRecoveryArmed"":false,""bootRecoveryDueMs"":0,""bootRecoveryReason"":""none"",""bootRecoveryNonAdsFailure"":false,""bootRecoveryRestartCount"":0},""nulling"":{""done"":false,""retryArmed"":false,""attemptCount"":0,""nextRetryMs"":0,""thresholdV"":9.999999747E-06,""minFinalV"":0},""telemetry"":{""valid"":true,""sampleMs"":2061022,""gasClass"":6,""gasName"":""CO2"",""confidence"":0,""alarm"":false,""sensorVoltage"":[-0.000897486,0.004264429,0.00506176,-0.002506981,0.004295604,-0.012197485,-0.020430965,0.001106217],""sensorGain"":[64,64,64,64,64,64,64,64],""sensorStatus"":[0,0,0,0,0,0,0,0],""featureOrder"":[""MQ8"",""MQ135"",""MQ3"",""MQ5"",""MQ4"",""MQ7"",""MQ6"",""MQ2""]},""alarmLatched"":false}"
"2026-08-04 09:55:25.510 +07:00","33.933","HOT_BASELINE_100","100","1000","0","1","0","-0.000874477","0.004246254","0.005070695","-0.002489963","0.005050134","-0.012295378","-0.020459229","0.001257295","{""deviceId"":""1001"",""nodeId"":4097,""targetChId"":""0010"",""mode"":""inference"",""uptimeMs"":2062112,""debugEnabled"":true,""power"":{""mode"":""24v"",""externalPower"":true,""batteryMv"":65535,""batteryValid"":false,""batteryDetected"":false,""batterySenseStatus"":""not_detected"",""batteryLow"":false,""batteryCritical"":false,""sourceAmbiguous"":false,""serviceHoldActive"":false,""serviceHoldEffective"":false},""batterySession"":{""state"":""inactive"",""startedMs"":0,""stateStartedMs"":0,""validSampleBatches"":0,""requiredSampleBatches"":10,""alarmTxAttempts"":0,""alarmTxAttemptLimit"":3,""alarmAckReceived"":false,""pendingAlarm"":false,""pendingSaveRequired"":false,""persistenceFaultHold"":false,""completionReason"":""session_done""},""bootHealth"":{""adsReady"":true,""adsDrdyLevel"":0,""adsDrdyPulldownLevel"":0,""adsDrdyPullupLevel"":0,""adsMisoPulldownLevel"":0,""adsMisoPullupLevel"":1,""adsCsLevel"":1,""adsSyncLevel"":1,""adsStatus"":54,""adsMux"":15,""adsAdcon"":6,""adsDrate"":240,""adsReason"":""ok"",""tcaOk"":true,""mcpOkCount"":8,""mcpOk"":[true,true,true,true,true,true,true,true],""mcpAddrMask"":[1,1,1,1,1,1,1,1],""mcpControlTested"":true,""mcpControlOkCount"":8,""mcpControlOk"":[true,true,true,true,true,true,true,true],""dacReady"":true,""radioReady"":true,""mlReady"":true,""nullingProfileApplied"":true,""modelProfileReady"":false},""runtimeMcpCode"":[255,519,795,706,799,865,665,139],""model"":{""profileId"":""cnn-dualbranch-datasheet-v1-unbound"",""scalerProfileId"":""cnn-dualbranch-datasheet-v1-unbound"",""productionApproved"":true,""boundNullingProfileId"":8,""activeNullingProfileId"":9,""bindingValid"":true,""bindingModelMatches"":true,""profileReady"":false,""inferenceValid"":false,""sensorFault"":true},""lora"":{""beginState"":0,""lastTxState"":0,""lastTxOk"":false,""txSeq"":0,""txCounter"":0,""aesKeyProvisioned"":true,""aesKeyPresent"":true,""aesKeySource"":""nvs"",""keyId"":1,""lastDownlinkCommandId"":0,""freqMHz"":920,""bwKHz"":125,""sf"":7,""cr"":5,""syncWord"":18,""txPowerDbm"":17,""preamble"":8,""tcxoVoltage"":1.600000024,""xtalVoltage"":0},""dataset"":{""state"":""idle"",""step"":""idle"",""label"":"""",""seq"":0,""targetSamples"":0,""sampleIntervalMs"":500,""maxDurationMs"":0,""useFanIntake"":true,""fanOnMs"":1000,""postFanSettleMs"":0,""nullingProfileId"":9,""queuePending"":0,""queueCapacity"":16,""queueEnqueued"":0,""queueDropped"":0,""publishFailCount"":0,""retryCount"":0,""retryFailCount"":0,""rejectedSamples"":0,""lastRejectReason"":""none"",""lastRejectChannel"":-1,""lastRejectOkFiniteCount"":0,""lastRejectStatus"":255,""lastRejectGain"":0,""lastRejectSaturated"":false},""recovery"":{""wifiReconnectCount"":0,""wifiReconnectFailCount"":0,""mqttReconnectCount"":0,""mqttConnectFailCount"":0,""lastMqttState"":0,""adsRecoveryCount"":0,""adsRecoveryFailCount"":0,""adsReadFailStreak"":0,""lastReason"":""none"",""lastRecoveryMs"":0,""bootRecoveryArmed"":false,""bootRecoveryDueMs"":0,""bootRecoveryReason"":""none"",""bootRecoveryNonAdsFailure"":false,""bootRecoveryRestartCount"":0},""nulling"":{""done"":false,""retryArmed"":false,""attemptCount"":0,""nextRetryMs"":0,""thresholdV"":9.999999747E-06,""minFinalV"":0},""telemetry"":{""valid"":true,""sampleMs"":2061689,""gasClass"":6,""gasName"":""CO2"",""confidence"":0,""alarm"":false,""sensorVoltage"":[-0.000874477,0.004246254,0.005070695,-0.002489963,0.005050134,-0.012295378,-0.020459229,0.001257295],""sensorGain"":[64,64,64,64,64,64,64,64],""sensorStatus"":[0,0,0,0,0,0,0,0],""featureOrder"":[""MQ8"",""MQ135"",""MQ3"",""MQ5"",""MQ4"",""MQ7"",""MQ6"",""MQ2""]},""alarmLatched"":false}"
"2026-08-04 09:55:26.198 +07:00","34.621","HOT_BASELINE_100","100","1000","0","1","0","-0.00085697","0.004242105","0.005067362","-0.002540408","0.00518164","-0.012349764","-0.0204762","-8.5383E-05","{""deviceId"":""1001"",""nodeId"":4097,""targetChId"":""0010"",""mode"":""inference"",""uptimeMs"":2062801,""debugEnabled"":true,""power"":{""mode"":""24v"",""externalPower"":true,""batteryMv"":65535,""batteryValid"":false,""batteryDetected"":false,""batterySenseStatus"":""not_detected"",""batteryLow"":false,""batteryCritical"":false,""sourceAmbiguous"":false,""serviceHoldActive"":false,""serviceHoldEffective"":false},""batterySession"":{""state"":""inactive"",""startedMs"":0,""stateStartedMs"":0,""validSampleBatches"":0,""requiredSampleBatches"":10,""alarmTxAttempts"":0,""alarmTxAttemptLimit"":3,""alarmAckReceived"":false,""pendingAlarm"":false,""pendingSaveRequired"":false,""persistenceFaultHold"":false,""completionReason"":""session_done""},""bootHealth"":{""adsReady"":true,""adsDrdyLevel"":0,""adsDrdyPulldownLevel"":0,""adsDrdyPullupLevel"":0,""adsMisoPulldownLevel"":0,""adsMisoPullupLevel"":1,""adsCsLevel"":1,""adsSyncLevel"":1,""adsStatus"":54,""adsMux"":15,""adsAdcon"":6,""adsDrate"":240,""adsReason"":""ok"",""tcaOk"":true,""mcpOkCount"":8,""mcpOk"":[true,true,true,true,true,true,true,true],""mcpAddrMask"":[1,1,1,1,1,1,1,1],""mcpControlTested"":true,""mcpControlOkCount"":8,""mcpControlOk"":[true,true,true,true,true,true,true,true],""dacReady"":true,""radioReady"":true,""mlReady"":true,""nullingProfileApplied"":true,""modelProfileReady"":false},""runtimeMcpCode"":[255,519,795,706,799,865,665,139],""model"":{""profileId"":""cnn-dualbranch-datasheet-v1-unbound"",""scalerProfileId"":""cnn-dualbranch-datasheet-v1-unbound"",""productionApproved"":true,""boundNullingProfileId"":8,""activeNullingProfileId"":9,""bindingValid"":true,""bindingModelMatches"":true,""profileReady"":false,""inferenceValid"":false,""sensorFault"":true},""lora"":{""beginState"":0,""lastTxState"":0,""lastTxOk"":false,""txSeq"":0,""txCounter"":0,""aesKeyProvisioned"":true,""aesKeyPresent"":true,""aesKeySource"":""nvs"",""keyId"":1,""lastDownlinkCommandId"":0,""freqMHz"":920,""bwKHz"":125,""sf"":7,""cr"":5,""syncWord"":18,""txPowerDbm"":17,""preamble"":8,""tcxoVoltage"":1.600000024,""xtalVoltage"":0},""dataset"":{""state"":""idle"",""step"":""idle"",""label"":"""",""seq"":0,""targetSamples"":0,""sampleIntervalMs"":500,""maxDurationMs"":0,""useFanIntake"":true,""fanOnMs"":1000,""postFanSettleMs"":0,""nullingProfileId"":9,""queuePending"":0,""queueCapacity"":16,""queueEnqueued"":0,""queueDropped"":0,""publishFailCount"":0,""retryCount"":0,""retryFailCount"":0,""rejectedSamples"":0,""lastRejectReason"":""none"",""lastRejectChannel"":-1,""lastRejectOkFiniteCount"":0,""lastRejectStatus"":255,""lastRejectGain"":0,""lastRejectSaturated"":false},""recovery"":{""wifiReconnectCount"":0,""wifiReconnectFailCount"":0,""mqttReconnectCount"":0,""mqttConnectFailCount"":0,""lastMqttState"":0,""adsRecoveryCount"":0,""adsRecoveryFailCount"":0,""adsReadFailStreak"":0,""lastReason"":""none"",""lastRecoveryMs"":0,""bootRecoveryArmed"":false,""bootRecoveryDueMs"":0,""bootRecoveryReason"":""none"",""bootRecoveryNonAdsFailure"":false,""bootRecoveryRestartCount"":0},""nulling"":{""done"":false,""retryArmed"":false,""attemptCount"":0,""nextRetryMs"":0,""thresholdV"":9.999999747E-06,""minFinalV"":0},""telemetry"":{""valid"":true,""sampleMs"":2062390,""gasClass"":6,""gasName"":""CO2"",""confidence"":0,""alarm"":false,""sensorVoltage"":[-0.00085697,0.004242105,0.005067362,-0.002540408,0.00518164,-0.012349764,-0.0204762,-0.000085383],""sensorGain"":[64,64,64,64,64,64,64,64],""sensorStatus"":[0,0,0,0,0,0,0,0],""featureOrder"":[""MQ8"",""MQ135"",""MQ3"",""MQ5"",""MQ4"",""MQ7"",""MQ6"",""MQ2""]},""alarmLatched"":false}"
"2026-08-04 09:55:26.874 +07:00","35.297","HOT_BASELINE_100","100","1000","0","1","0","-0.000855908","0.004251014","0.005082348","-0.002525582","0.003312881","-0.012302835","-0.020464903","0.001264429","{""deviceId"":""1001"",""nodeId"":4097,""targetChId"":""0010"",""mode"":""inference"",""uptimeMs"":2063482,""debugEnabled"":true,""power"":{""mode"":""24v"",""externalPower"":true,""batteryMv"":65535,""batteryValid"":false,""batteryDetected"":false,""batterySenseStatus"":""not_detected"",""batteryLow"":false,""batteryCritical"":false,""sourceAmbiguous"":false,""serviceHoldActive"":false,""serviceHoldEffective"":false},""batterySession"":{""state"":""inactive"",""startedMs"":0,""stateStartedMs"":0,""validSampleBatches"":0,""requiredSampleBatches"":10,""alarmTxAttempts"":0,""alarmTxAttemptLimit"":3,""alarmAckReceived"":false,""pendingAlarm"":false,""pendingSaveRequired"":false,""persistenceFaultHold"":false,""completionReason"":""session_done""},""bootHealth"":{""adsReady"":true,""adsDrdyLevel"":0,""adsDrdyPulldownLevel"":0,""adsDrdyPullupLevel"":0,""adsMisoPulldownLevel"":0,""adsMisoPullupLevel"":1,""adsCsLevel"":1,""adsSyncLevel"":1,""adsStatus"":54,""adsMux"":15,""adsAdcon"":6,""adsDrate"":240,""adsReason"":""ok"",""tcaOk"":true,""mcpOkCount"":8,""mcpOk"":[true,true,true,true,true,true,true,true],""mcpAddrMask"":[1,1,1,1,1,1,1,1],""mcpControlTested"":true,""mcpControlOkCount"":8,""mcpControlOk"":[true,true,true,true,true,true,true,true],""dacReady"":true,""radioReady"":true,""mlReady"":true,""nullingProfileApplied"":true,""modelProfileReady"":false},""runtimeMcpCode"":[255,519,795,706,799,865,665,139],""model"":{""profileId"":""cnn-dualbranch-datasheet-v1-unbound"",""scalerProfileId"":""cnn-dualbranch-datasheet-v1-unbound"",""productionApproved"":true,""boundNullingProfileId"":8,""activeNullingProfileId"":9,""bindingValid"":true,""bindingModelMatches"":true,""profileReady"":false,""inferenceValid"":false,""sensorFault"":true},""lora"":{""beginState"":0,""lastTxState"":0,""lastTxOk"":false,""txSeq"":0,""txCounter"":0,""aesKeyProvisioned"":true,""aesKeyPresent"":true,""aesKeySource"":""nvs"",""keyId"":1,""lastDownlinkCommandId"":0,""freqMHz"":920,""bwKHz"":125,""sf"":7,""cr"":5,""syncWord"":18,""txPowerDbm"":17,""preamble"":8,""tcxoVoltage"":1.600000024,""xtalVoltage"":0},""dataset"":{""state"":""idle"",""step"":""idle"",""label"":"""",""seq"":0,""targetSamples"":0,""sampleIntervalMs"":500,""maxDurationMs"":0,""useFanIntake"":true,""fanOnMs"":1000,""postFanSettleMs"":0,""nullingProfileId"":9,""queuePending"":0,""queueCapacity"":16,""queueEnqueued"":0,""queueDropped"":0,""publishFailCount"":0,""retryCount"":0,""retryFailCount"":0,""rejectedSamples"":0,""lastRejectReason"":""none"",""lastRejectChannel"":-1,""lastRejectOkFiniteCount"":0,""lastRejectStatus"":255,""lastRejectGain"":0,""lastRejectSaturated"":false},""recovery"":{""wifiReconnectCount"":0,""wifiReconnectFailCount"":0,""mqttReconnectCount"":0,""mqttConnectFailCount"":0,""lastMqttState"":0,""adsRecoveryCount"":0,""adsRecoveryFailCount"":0,""adsReadFailStreak"":0,""lastReason"":""none"",""lastRecoveryMs"":0,""bootRecoveryArmed"":false,""bootRecoveryDueMs"":0,""bootRecoveryReason"":""none"",""bootRecoveryNonAdsFailure"":false,""bootRecoveryRestartCount"":0},""nulling"":{""done"":false,""retryArmed"":false,""attemptCount"":0,""nextRetryMs"":0,""thresholdV"":9.999999747E-06,""minFinalV"":0},""telemetry"":{""valid"":true,""sampleMs"":2063111,""gasClass"":6,""gasName"":""CO2"",""confidence"":0,""alarm"":false,""sensorVoltage"":[-0.000855908,0.004251014,0.005082348,-0.002525582,0.003312881,-0.012302835,-0.020464903,0.001264429],""sensorGain"":[64,64,64,64,64,64,64,64],""sensorStatus"":[0,0,0,0,0,0,0,0],""featureOrder"":[""MQ8"",""MQ135"",""MQ3"",""MQ5"",""MQ4"",""MQ7"",""MQ6"",""MQ2""]},""alarmLatched"":false}"
"2026-08-04 09:55:27.556 +07:00","35.979","HOT_BASELINE_100","100","1000","0","1","0","-0.000861532","0.00426122","0.005069234","-0.002516728","0.002162313","-0.012300218","-0.020468641","0.001265185","{""deviceId"":""1001"",""nodeId"":4097,""targetChId"":""0010"",""mode"":""inference"",""uptimeMs"":2064157,""debugEnabled"":true,""power"":{""mode"":""24v"",""externalPower"":true,""batteryMv"":65535,""batteryValid"":false,""batteryDetected"":false,""batterySenseStatus"":""not_detected"",""batteryLow"":false,""batteryCritical"":false,""sourceAmbiguous"":false,""serviceHoldActive"":false,""serviceHoldEffective"":false},""batterySession"":{""state"":""inactive"",""startedMs"":0,""stateStartedMs"":0,""validSampleBatches"":0,""requiredSampleBatches"":10,""alarmTxAttempts"":0,""alarmTxAttemptLimit"":3,""alarmAckReceived"":false,""pendingAlarm"":false,""pendingSaveRequired"":false,""persistenceFaultHold"":false,""completionReason"":""session_done""},""bootHealth"":{""adsReady"":true,""adsDrdyLevel"":0,""adsDrdyPulldownLevel"":0,""adsDrdyPullupLevel"":0,""adsMisoPulldownLevel"":0,""adsMisoPullupLevel"":1,""adsCsLevel"":1,""adsSyncLevel"":1,""adsStatus"":54,""adsMux"":15,""adsAdcon"":6,""adsDrate"":240,""adsReason"":""ok"",""tcaOk"":true,""mcpOkCount"":8,""mcpOk"":[true,true,true,true,true,true,true,true],""mcpAddrMask"":[1,1,1,1,1,1,1,1],""mcpControlTested"":true,""mcpControlOkCount"":8,""mcpControlOk"":[true,true,true,true,true,true,true,true],""dacReady"":true,""radioReady"":true,""mlReady"":true,""nullingProfileApplied"":true,""modelProfileReady"":false},""runtimeMcpCode"":[255,519,795,706,799,865,665,139],""model"":{""profileId"":""cnn-dualbranch-datasheet-v1-unbound"",""scalerProfileId"":""cnn-dualbranch-datasheet-v1-unbound"",""productionApproved"":true,""boundNullingProfileId"":8,""activeNullingProfileId"":9,""bindingValid"":true,""bindingModelMatches"":true,""profileReady"":false,""inferenceValid"":false,""sensorFault"":true},""lora"":{""beginState"":0,""lastTxState"":0,""lastTxOk"":false,""txSeq"":0,""txCounter"":0,""aesKeyProvisioned"":true,""aesKeyPresent"":true,""aesKeySource"":""nvs"",""keyId"":1,""lastDownlinkCommandId"":0,""freqMHz"":920,""bwKHz"":125,""sf"":7,""cr"":5,""syncWord"":18,""txPowerDbm"":17,""preamble"":8,""tcxoVoltage"":1.600000024,""xtalVoltage"":0},""dataset"":{""state"":""idle"",""step"":""idle"",""label"":"""",""seq"":0,""targetSamples"":0,""sampleIntervalMs"":500,""maxDurationMs"":0,""useFanIntake"":true,""fanOnMs"":1000,""postFanSettleMs"":0,""nullingProfileId"":9,""queuePending"":0,""queueCapacity"":16,""queueEnqueued"":0,""queueDropped"":0,""publishFailCount"":0,""retryCount"":0,""retryFailCount"":0,""rejectedSamples"":0,""lastRejectReason"":""none"",""lastRejectChannel"":-1,""lastRejectOkFiniteCount"":0,""lastRejectStatus"":255,""lastRejectGain"":0,""lastRejectSaturated"":false},""recovery"":{""wifiReconnectCount"":0,""wifiReconnectFailCount"":0,""mqttReconnectCount"":0,""mqttConnectFailCount"":0,""lastMqttState"":0,""adsRecoveryCount"":0,""adsRecoveryFailCount"":0,""adsReadFailStreak"":0,""lastReason"":""none"",""lastRecoveryMs"":0,""bootRecoveryArmed"":false,""bootRecoveryDueMs"":0,""bootRecoveryReason"":""none"",""bootRecoveryNonAdsFailure"":false,""bootRecoveryRestartCount"":0},""nulling"":{""done"":false,""retryArmed"":false,""attemptCount"":0,""nextRetryMs"":0,""thresholdV"":9.999999747E-06,""minFinalV"":0},""telemetry"":{""valid"":true,""sampleMs"":2063760,""gasClass"":6,""gasName"":""CO2"",""confidence"":0,""alarm"":false,""sensorVoltage"":[-0.000861532,0.00426122,0.005069234,-0.002516728,0.002162313,-0.012300218,-0.020468641,0.001265185],""sensorGain"":[64,64,64,64,64,64,64,64],""sensorStatus"":[0,0,0,0,0,0,0,0],""featureOrder"":[""MQ8"",""MQ135"",""MQ3"",""MQ5"",""MQ4"",""MQ7"",""MQ6"",""MQ2""]},""alarmLatched"":false}"
"2026-08-04 09:55:28.247 +07:00","36.656","HOT_BASELINE_100","100","1000","0","1","0","-0.000858567","0.004254756","0.005073686","-0.002534202","0.001802609","-0.012360059","-0.020476248","0.001402265","{""deviceId"":""1001"",""nodeId"":4097,""targetChId"":""0010"",""mode"":""inference"",""uptimeMs"":2064846,""debugEnabled"":true,""power"":{""mode"":""24v"",""externalPower"":true,""batteryMv"":65535,""batteryValid"":false,""batteryDetected"":false,""batterySenseStatus"":""not_detected"",""batteryLow"":false,""batteryCritical"":false,""sourceAmbiguous"":false,""serviceHoldActive"":false,""serviceHoldEffective"":false},""batterySession"":{""state"":""inactive"",""startedMs"":0,""stateStartedMs"":0,""validSampleBatches"":0,""requiredSampleBatches"":10,""alarmTxAttempts"":0,""alarmTxAttemptLimit"":3,""alarmAckReceived"":false,""pendingAlarm"":false,""pendingSaveRequired"":false,""persistenceFaultHold"":false,""completionReason"":""session_done""},""bootHealth"":{""adsReady"":true,""adsDrdyLevel"":0,""adsDrdyPulldownLevel"":0,""adsDrdyPullupLevel"":0,""adsMisoPulldownLevel"":0,""adsMisoPullupLevel"":1,""adsCsLevel"":1,""adsSyncLevel"":1,""adsStatus"":54,""adsMux"":15,""adsAdcon"":6,""adsDrate"":240,""adsReason"":""ok"",""tcaOk"":true,""mcpOkCount"":8,""mcpOk"":[true,true,true,true,true,true,true,true],""mcpAddrMask"":[1,1,1,1,1,1,1,1],""mcpControlTested"":true,""mcpControlOkCount"":8,""mcpControlOk"":[true,true,true,true,true,true,true,true],""dacReady"":true,""radioReady"":true,""mlReady"":true,""nullingProfileApplied"":true,""modelProfileReady"":false},""runtimeMcpCode"":[255,519,795,706,799,865,665,139],""model"":{""profileId"":""cnn-dualbranch-datasheet-v1-unbound"",""scalerProfileId"":""cnn-dualbranch-datasheet-v1-unbound"",""productionApproved"":true,""boundNullingProfileId"":8,""activeNullingProfileId"":9,""bindingValid"":true,""bindingModelMatches"":true,""profileReady"":false,""inferenceValid"":false,""sensorFault"":true},""lora"":{""beginState"":0,""lastTxState"":0,""lastTxOk"":false,""txSeq"":0,""txCounter"":0,""aesKeyProvisioned"":true,""aesKeyPresent"":true,""aesKeySource"":""nvs"",""keyId"":1,""lastDownlinkCommandId"":0,""freqMHz"":920,""bwKHz"":125,""sf"":7,""cr"":5,""syncWord"":18,""txPowerDbm"":17,""preamble"":8,""tcxoVoltage"":1.600000024,""xtalVoltage"":0},""dataset"":{""state"":""idle"",""step"":""idle"",""label"":"""",""seq"":0,""targetSamples"":0,""sampleIntervalMs"":500,""maxDurationMs"":0,""useFanIntake"":true,""fanOnMs"":1000,""postFanSettleMs"":0,""nullingProfileId"":9,""queuePending"":0,""queueCapacity"":16,""queueEnqueued"":0,""queueDropped"":0,""publishFailCount"":0,""retryCount"":0,""retryFailCount"":0,""rejectedSamples"":0,""lastRejectReason"":""none"",""lastRejectChannel"":-1,""lastRejectOkFiniteCount"":0,""lastRejectStatus"":255,""lastRejectGain"":0,""lastRejectSaturated"":false},""recovery"":{""wifiReconnectCount"":0,""wifiReconnectFailCount"":0,""mqttReconnectCount"":0,""mqttConnectFailCount"":0,""lastMqttState"":0,""adsRecoveryCount"":0,""adsRecoveryFailCount"":0,""adsReadFailStreak"":0,""lastReason"":""none"",""lastRecoveryMs"":0,""bootRecoveryArmed"":false,""bootRecoveryDueMs"":0,""bootRecoveryReason"":""none"",""bootRecoveryNonAdsFailure"":false,""bootRecoveryRestartCount"":0},""nulling"":{""done"":false,""retryArmed"":false,""attemptCount"":0,""nextRetryMs"":0,""thresholdV"":9.999999747E-06,""minFinalV"":0},""telemetry"":{""valid"":true,""sampleMs"":2064435,""gasClass"":6,""gasName"":""CO2"",""confidence"":0,""alarm"":false,""sensorVoltage"":[-0.000858567,0.004254756,0.005073686,-0.002534202,0.001802609,-0.012360059,-0.020476248,0.001402265],""sensorGain"":[64,64,64,64,64,64,64,64],""sensorStatus"":[0,0,0,0,0,0,0,0],""featureOrder"":[""MQ8"",""MQ135"",""MQ3"",""MQ5"",""MQ4"",""MQ7"",""MQ6"",""MQ2""]},""alarmLatched"":false}"
"2026-08-04 09:55:28.921 +07:00","37.344","HOT_BASELINE_100","100","1000","0","1","0","-0.000870435","0.004175353","0.005074841","-0.002550241","0.002075097","-0.012384219","-0.020475039","0.001700955","{""deviceId"":""1001"",""nodeId"":4097,""targetChId"":""0010"",""mode"":""inference"",""uptimeMs"":2065528,""debugEnabled"":true,""power"":{""mode"":""24v"",""externalPower"":true,""batteryMv"":65535,""batteryValid"":false,""batteryDetected"":false,""batterySenseStatus"":""not_detected"",""batteryLow"":false,""batteryCritical"":false,""sourceAmbiguous"":false,""serviceHoldActive"":false,""serviceHoldEffective"":false},""batterySession"":{""state"":""inactive"",""startedMs"":0,""stateStartedMs"":0,""validSampleBatches"":0,""requiredSampleBatches"":10,""alarmTxAttempts"":0,""alarmTxAttemptLimit"":3,""alarmAckReceived"":false,""pendingAlarm"":false,""pendingSaveRequired"":false,""persistenceFaultHold"":false,""completionReason"":""session_done""},""bootHealth"":{""adsReady"":true,""adsDrdyLevel"":0,""adsDrdyPulldownLevel"":0,""adsDrdyPullupLevel"":0,""adsMisoPulldownLevel"":0,""adsMisoPullupLevel"":1,""adsCsLevel"":1,""adsSyncLevel"":1,""adsStatus"":54,""adsMux"":15,""adsAdcon"":6,""adsDrate"":240,""adsReason"":""ok"",""tcaOk"":true,""mcpOkCount"":8,""mcpOk"":[true,true,true,true,true,true,true,true],""mcpAddrMask"":[1,1,1,1,1,1,1,1],""mcpControlTested"":true,""mcpControlOkCount"":8,""mcpControlOk"":[true,true,true,true,true,true,true,true],""dacReady"":true,""radioReady"":true,""mlReady"":true,""nullingProfileApplied"":true,""modelProfileReady"":false},""runtimeMcpCode"":[255,519,795,706,799,865,665,139],""model"":{""profileId"":""cnn-dualbranch-datasheet-v1-unbound"",""scalerProfileId"":""cnn-dualbranch-datasheet-v1-unbound"",""productionApproved"":true,""boundNullingProfileId"":8,""activeNullingProfileId"":9,""bindingValid"":true,""bindingModelMatches"":true,""profileReady"":false,""inferenceValid"":false,""sensorFault"":true},""lora"":{""beginState"":0,""lastTxState"":0,""lastTxOk"":false,""txSeq"":0,""txCounter"":0,""aesKeyProvisioned"":true,""aesKeyPresent"":true,""aesKeySource"":""nvs"",""keyId"":1,""lastDownlinkCommandId"":0,""freqMHz"":920,""bwKHz"":125,""sf"":7,""cr"":5,""syncWord"":18,""txPowerDbm"":17,""preamble"":8,""tcxoVoltage"":1.600000024,""xtalVoltage"":0},""dataset"":{""state"":""idle"",""step"":""idle"",""label"":"""",""seq"":0,""targetSamples"":0,""sampleIntervalMs"":500,""maxDurationMs"":0,""useFanIntake"":true,""fanOnMs"":1000,""postFanSettleMs"":0,""nullingProfileId"":9,""queuePending"":0,""queueCapacity"":16,""queueEnqueued"":0,""queueDropped"":0,""publishFailCount"":0,""retryCount"":0,""retryFailCount"":0,""rejectedSamples"":0,""lastRejectReason"":""none"",""lastRejectChannel"":-1,""lastRejectOkFiniteCount"":0,""lastRejectStatus"":255,""lastRejectGain"":0,""lastRejectSaturated"":false},""recovery"":{""wifiReconnectCount"":0,""wifiReconnectFailCount"":0,""mqttReconnectCount"":0,""mqttConnectFailCount"":0,""lastMqttState"":0,""adsRecoveryCount"":0,""adsRecoveryFailCount"":0,""adsReadFailStreak"":0,""lastReason"":""none"",""lastRecoveryMs"":0,""bootRecoveryArmed"":false,""bootRecoveryDueMs"":0,""bootRecoveryReason"":""none"",""bootRecoveryNonAdsFailure"":false,""bootRecoveryRestartCount"":0},""nulling"":{""done"":false,""retryArmed"":false,""attemptCount"":0,""nextRetryMs"":0,""thresholdV"":9.999999747E-06,""minFinalV"":0},""telemetry"":{""valid"":true,""sampleMs"":2065156,""gasClass"":6,""gasName"":""CO2"",""confidence"":0,""alarm"":false,""sensorVoltage"":[-0.000870435,0.004175353,0.005074841,-0.002550241,0.002075097,-0.012384219,-0.020475039,0.001700955],""sensorGain"":[64,64,64,64,64,64,64,64],""sensorStatus"":[0,0,0,0,0,0,0,0],""featureOrder"":[""MQ8"",""MQ135"",""MQ3"",""MQ5"",""MQ4"",""MQ7"",""MQ6"",""MQ2""]},""alarmLatched"":false}"
"2026-08-04 09:55:29.601 +07:00","38.022","HOT_BASELINE_100","100","1000","0","1","0","-0.000851388","0.004180161","0.005069333","-0.00259842","0.003856954","-0.012371186","-0.020478416","0.00141797","{""deviceId"":""1001"",""nodeId"":4097,""targetChId"":""0010"",""mode"":""inference"",""uptimeMs"":2066199,""debugEnabled"":true,""power"":{""mode"":""24v"",""externalPower"":true,""batteryMv"":65535,""batteryValid"":false,""batteryDetected"":false,""batterySenseStatus"":""not_detected"",""batteryLow"":false,""batteryCritical"":false,""sourceAmbiguous"":false,""serviceHoldActive"":false,""serviceHoldEffective"":false},""batterySession"":{""state"":""inactive"",""startedMs"":0,""stateStartedMs"":0,""validSampleBatches"":0,""requiredSampleBatches"":10,""alarmTxAttempts"":0,""alarmTxAttemptLimit"":3,""alarmAckReceived"":false,""pendingAlarm"":false,""pendingSaveRequired"":false,""persistenceFaultHold"":false,""completionReason"":""session_done""},""bootHealth"":{""adsReady"":true,""adsDrdyLevel"":0,""adsDrdyPulldownLevel"":0,""adsDrdyPullupLevel"":0,""adsMisoPulldownLevel"":0,""adsMisoPullupLevel"":1,""adsCsLevel"":1,""adsSyncLevel"":1,""adsStatus"":54,""adsMux"":15,""adsAdcon"":6,""adsDrate"":240,""adsReason"":""ok"",""tcaOk"":true,""mcpOkCount"":8,""mcpOk"":[true,true,true,true,true,true,true,true],""mcpAddrMask"":[1,1,1,1,1,1,1,1],""mcpControlTested"":true,""mcpControlOkCount"":8,""mcpControlOk"":[true,true,true,true,true,true,true,true],""dacReady"":true,""radioReady"":true,""mlReady"":true,""nullingProfileApplied"":true,""modelProfileReady"":false},""runtimeMcpCode"":[255,519,795,706,799,865,665,139],""model"":{""profileId"":""cnn-dualbranch-datasheet-v1-unbound"",""scalerProfileId"":""cnn-dualbranch-datasheet-v1-unbound"",""productionApproved"":true,""boundNullingProfileId"":8,""activeNullingProfileId"":9,""bindingValid"":true,""bindingModelMatches"":true,""profileReady"":false,""inferenceValid"":false,""sensorFault"":true},""lora"":{""beginState"":0,""lastTxState"":0,""lastTxOk"":false,""txSeq"":0,""txCounter"":0,""aesKeyProvisioned"":true,""aesKeyPresent"":true,""aesKeySource"":""nvs"",""keyId"":1,""lastDownlinkCommandId"":0,""freqMHz"":920,""bwKHz"":125,""sf"":7,""cr"":5,""syncWord"":18,""txPowerDbm"":17,""preamble"":8,""tcxoVoltage"":1.600000024,""xtalVoltage"":0},""dataset"":{""state"":""idle"",""step"":""idle"",""label"":"""",""seq"":0,""targetSamples"":0,""sampleIntervalMs"":500,""maxDurationMs"":0,""useFanIntake"":true,""fanOnMs"":1000,""postFanSettleMs"":0,""nullingProfileId"":9,""queuePending"":0,""queueCapacity"":16,""queueEnqueued"":0,""queueDropped"":0,""publishFailCount"":0,""retryCount"":0,""retryFailCount"":0,""rejectedSamples"":0,""lastRejectReason"":""none"",""lastRejectChannel"":-1,""lastRejectOkFiniteCount"":0,""lastRejectStatus"":255,""lastRejectGain"":0,""lastRejectSaturated"":false},""recovery"":{""wifiReconnectCount"":0,""wifiReconnectFailCount"":0,""mqttReconnectCount"":0,""mqttConnectFailCount"":0,""lastMqttState"":0,""adsRecoveryCount"":0,""adsRecoveryFailCount"":0,""adsReadFailStreak"":0,""lastReason"":""none"",""lastRecoveryMs"":0,""bootRecoveryArmed"":false,""bootRecoveryDueMs"":0,""bootRecoveryReason"":""none"",""bootRecoveryNonAdsFailure"":false,""bootRecoveryRestartCount"":0},""nulling"":{""done"":false,""retryArmed"":false,""attemptCount"":0,""nextRetryMs"":0,""thresholdV"":9.999999747E-06,""minFinalV"":0},""telemetry"":{""valid"":true,""sampleMs"":2065806,""gasClass"":6,""gasName"":""CO2"",""confidence"":0,""alarm"":false,""sensorVoltage"":[-0.000851388,0.004180161,0.005069333,-0.00259842,0.003856954,-0.012371186,-0.020478416,0.00141797],""sensorGain"":[64,64,64,64,64,64,64,64],""sensorStatus"":[0,0,0,0,0,0,0,0],""featureOrder"":[""MQ8"",""MQ135"",""MQ3"",""MQ5"",""MQ4"",""MQ7"",""MQ6"",""MQ2""]},""alarmLatched"":false}"
"2026-08-04 09:55:30.297 +07:00","38.718","HOT_BASELINE_100","100","1000","0","1","0","-0.000879816","0.004196332","0.005075156","-0.00259297","0.003370367","-0.012371534","-0.020478372","0.001023693","{""deviceId"":""1001"",""nodeId"":4097,""targetChId"":""0010"",""mode"":""inference"",""uptimeMs"":2066894,""debugEnabled"":true,""power"":{""mode"":""24v"",""externalPower"":true,""batteryMv"":65535,""batteryValid"":false,""batteryDetected"":false,""batterySenseStatus"":""not_detected"",""batteryLow"":false,""batteryCritical"":false,""sourceAmbiguous"":false,""serviceHoldActive"":false,""serviceHoldEffective"":false},""batterySession"":{""state"":""inactive"",""startedMs"":0,""stateStartedMs"":0,""validSampleBatches"":0,""requiredSampleBatches"":10,""alarmTxAttempts"":0,""alarmTxAttemptLimit"":3,""alarmAckReceived"":false,""pendingAlarm"":false,""pendingSaveRequired"":false,""persistenceFaultHold"":false,""completionReason"":""session_done""},""bootHealth"":{""adsReady"":true,""adsDrdyLevel"":0,""adsDrdyPulldownLevel"":0,""adsDrdyPullupLevel"":0,""adsMisoPulldownLevel"":0,""adsMisoPullupLevel"":1,""adsCsLevel"":1,""adsSyncLevel"":1,""adsStatus"":54,""adsMux"":15,""adsAdcon"":6,""adsDrate"":240,""adsReason"":""ok"",""tcaOk"":true,""mcpOkCount"":8,""mcpOk"":[true,true,true,true,true,true,true,true],""mcpAddrMask"":[1,1,1,1,1,1,1,1],""mcpControlTested"":true,""mcpControlOkCount"":8,""mcpControlOk"":[true,true,true,true,true,true,true,true],""dacReady"":true,""radioReady"":true,""mlReady"":true,""nullingProfileApplied"":true,""modelProfileReady"":false},""runtimeMcpCode"":[255,519,795,706,799,865,665,139],""model"":{""profileId"":""cnn-dualbranch-datasheet-v1-unbound"",""scalerProfileId"":""cnn-dualbranch-datasheet-v1-unbound"",""productionApproved"":true,""boundNullingProfileId"":8,""activeNullingProfileId"":9,""bindingValid"":true,""bindingModelMatches"":true,""profileReady"":false,""inferenceValid"":false,""sensorFault"":true},""lora"":{""beginState"":0,""lastTxState"":0,""lastTxOk"":false,""txSeq"":0,""txCounter"":0,""aesKeyProvisioned"":true,""aesKeyPresent"":true,""aesKeySource"":""nvs"",""keyId"":1,""lastDownlinkCommandId"":0,""freqMHz"":920,""bwKHz"":125,""sf"":7,""cr"":5,""syncWord"":18,""txPowerDbm"":17,""preamble"":8,""tcxoVoltage"":1.600000024,""xtalVoltage"":0},""dataset"":{""state"":""idle"",""step"":""idle"",""label"":"""",""seq"":0,""targetSamples"":0,""sampleIntervalMs"":500,""maxDurationMs"":0,""useFanIntake"":true,""fanOnMs"":1000,""postFanSettleMs"":0,""nullingProfileId"":9,""queuePending"":0,""queueCapacity"":16,""queueEnqueued"":0,""queueDropped"":0,""publishFailCount"":0,""retryCount"":0,""retryFailCount"":0,""rejectedSamples"":0,""lastRejectReason"":""none"",""lastRejectChannel"":-1,""lastRejectOkFiniteCount"":0,""lastRejectStatus"":255,""lastRejectGain"":0,""lastRejectSaturated"":false},""recovery"":{""wifiReconnectCount"":0,""wifiReconnectFailCount"":0,""mqttReconnectCount"":0,""mqttConnectFailCount"":0,""lastMqttState"":0,""adsRecoveryCount"":0,""adsRecoveryFailCount"":0,""adsReadFailStreak"":0,""lastReason"":""none"",""lastRecoveryMs"":0,""bootRecoveryArmed"":false,""bootRecoveryDueMs"":0,""bootRecoveryReason"":""none"",""bootRecoveryNonAdsFailure"":false,""bootRecoveryRestartCount"":0},""nulling"":{""done"":false,""retryArmed"":false,""attemptCount"":0,""nextRetryMs"":0,""thresholdV"":9.999999747E-06,""minFinalV"":0},""telemetry"":{""valid"":true,""sampleMs"":2066477,""gasClass"":6,""gasName"":""CO2"",""confidence"":0,""alarm"":false,""sensorVoltage"":[-0.000879816,0.004196332,0.005075156,-0.00259297,0.003370367,-0.012371534,-0.020478372,0.001023693],""sensorGain"":[64,64,64,64,64,64,64,64],""sensorStatus"":[0,0,0,0,0,0,0,0],""featureOrder"":[""MQ8"",""MQ135"",""MQ3"",""MQ5"",""MQ4"",""MQ7"",""MQ6"",""MQ2""]},""alarmLatched"":false}"
"2026-08-04 09:55:30.995 +07:00","39.416","HOT_BASELINE_100","100","1000","0","1","0","-0.000897319","0.004157657","0.005063347","-0.002595979","0.00417297","-0.012421203","-0.020505102","0.001449068","{""deviceId"":""1001"",""nodeId"":4097,""targetChId"":""0010"",""mode"":""inference"",""uptimeMs"":2067591,""debugEnabled"":true,""power"":{""mode"":""24v"",""externalPower"":true,""batteryMv"":65535,""batteryValid"":false,""batteryDetected"":false,""batterySenseStatus"":""not_detected"",""batteryLow"":false,""batteryCritical"":false,""sourceAmbiguous"":false,""serviceHoldActive"":false,""serviceHoldEffective"":false},""batterySession"":{""state"":""inactive"",""startedMs"":0,""stateStartedMs"":0,""validSampleBatches"":0,""requiredSampleBatches"":10,""alarmTxAttempts"":0,""alarmTxAttemptLimit"":3,""alarmAckReceived"":false,""pendingAlarm"":false,""pendingSaveRequired"":false,""persistenceFaultHold"":false,""completionReason"":""session_done""},""bootHealth"":{""adsReady"":true,""adsDrdyLevel"":0,""adsDrdyPulldownLevel"":0,""adsDrdyPullupLevel"":0,""adsMisoPulldownLevel"":0,""adsMisoPullupLevel"":1,""adsCsLevel"":1,""adsSyncLevel"":1,""adsStatus"":54,""adsMux"":15,""adsAdcon"":6,""adsDrate"":240,""adsReason"":""ok"",""tcaOk"":true,""mcpOkCount"":8,""mcpOk"":[true,true,true,true,true,true,true,true],""mcpAddrMask"":[1,1,1,1,1,1,1,1],""mcpControlTested"":true,""mcpControlOkCount"":8,""mcpControlOk"":[true,true,true,true,true,true,true,true],""dacReady"":true,""radioReady"":true,""mlReady"":true,""nullingProfileApplied"":true,""modelProfileReady"":false},""runtimeMcpCode"":[255,519,795,706,799,865,665,139],""model"":{""profileId"":""cnn-dualbranch-datasheet-v1-unbound"",""scalerProfileId"":""cnn-dualbranch-datasheet-v1-unbound"",""productionApproved"":true,""boundNullingProfileId"":8,""activeNullingProfileId"":9,""bindingValid"":true,""bindingModelMatches"":true,""profileReady"":false,""inferenceValid"":false,""sensorFault"":true},""lora"":{""beginState"":0,""lastTxState"":0,""lastTxOk"":false,""txSeq"":0,""txCounter"":0,""aesKeyProvisioned"":true,""aesKeyPresent"":true,""aesKeySource"":""nvs"",""keyId"":1,""lastDownlinkCommandId"":0,""freqMHz"":920,""bwKHz"":125,""sf"":7,""cr"":5,""syncWord"":18,""txPowerDbm"":17,""preamble"":8,""tcxoVoltage"":1.600000024,""xtalVoltage"":0},""dataset"":{""state"":""idle"",""step"":""idle"",""label"":"""",""seq"":0,""targetSamples"":0,""sampleIntervalMs"":500,""maxDurationMs"":0,""useFanIntake"":true,""fanOnMs"":1000,""postFanSettleMs"":0,""nullingProfileId"":9,""queuePending"":0,""queueCapacity"":16,""queueEnqueued"":0,""queueDropped"":0,""publishFailCount"":0,""retryCount"":0,""retryFailCount"":0,""rejectedSamples"":0,""lastRejectReason"":""none"",""lastRejectChannel"":-1,""lastRejectOkFiniteCount"":0,""lastRejectStatus"":255,""lastRejectGain"":0,""lastRejectSaturated"":false},""recovery"":{""wifiReconnectCount"":0,""wifiReconnectFailCount"":0,""mqttReconnectCount"":0,""mqttConnectFailCount"":0,""lastMqttState"":0,""adsRecoveryCount"":0,""adsRecoveryFailCount"":0,""adsReadFailStreak"":0,""lastReason"":""none"",""lastRecoveryMs"":0,""bootRecoveryArmed"":false,""bootRecoveryDueMs"":0,""bootRecoveryReason"":""none"",""bootRecoveryNonAdsFailure"":false,""bootRecoveryRestartCount"":0},""nulling"":{""done"":false,""retryArmed"":false,""attemptCount"":0,""nextRetryMs"":0,""thresholdV"":9.999999747E-06,""minFinalV"":0},""telemetry"":{""valid"":true,""sampleMs"":2067204,""gasClass"":6,""gasName"":""CO2"",""confidence"":0,""alarm"":false,""sensorVoltage"":[-0.000897319,0.004157657,0.005063347,-0.002595979,0.00417297,-0.012421203,-0.020505102,0.001449068],""sensorGain"":[64,64,64,64,64,64,64,64],""sensorStatus"":[0,0,0,0,0,0,0,0],""featureOrder"":[""MQ8"",""MQ135"",""MQ3"",""MQ5"",""MQ4"",""MQ7"",""MQ6"",""MQ2""]},""alarmLatched"":false}"
"2026-08-04 09:55:31.688 +07:00","40.111","HOT_BASELINE_100","100","1000","0","1","0","-0.000929906","0.004142578","0.005014537","-0.002552043","0.003809458","-0.012320227","-0.020551238","0.001523565","{""deviceId"":""1001"",""nodeId"":4097,""targetChId"":""0010"",""mode"":""inference"",""uptimeMs"":2068289,""debugEnabled"":true,""power"":{""mode"":""24v"",""externalPower"":true,""batteryMv"":65535,""batteryValid"":false,""batteryDetected"":false,""batterySenseStatus"":""not_detected"",""batteryLow"":false,""batteryCritical"":false,""sourceAmbiguous"":false,""serviceHoldActive"":false,""serviceHoldEffective"":false},""batterySession"":{""state"":""inactive"",""startedMs"":0,""stateStartedMs"":0,""validSampleBatches"":0,""requiredSampleBatches"":10,""alarmTxAttempts"":0,""alarmTxAttemptLimit"":3,""alarmAckReceived"":false,""pendingAlarm"":false,""pendingSaveRequired"":false,""persistenceFaultHold"":false,""completionReason"":""session_done""},""bootHealth"":{""adsReady"":true,""adsDrdyLevel"":0,""adsDrdyPulldownLevel"":0,""adsDrdyPullupLevel"":0,""adsMisoPulldownLevel"":0,""adsMisoPullupLevel"":1,""adsCsLevel"":1,""adsSyncLevel"":1,""adsStatus"":54,""adsMux"":15,""adsAdcon"":6,""adsDrate"":240,""adsReason"":""ok"",""tcaOk"":true,""mcpOkCount"":8,""mcpOk"":[true,true,true,true,true,true,true,true],""mcpAddrMask"":[1,1,1,1,1,1,1,1],""mcpControlTested"":true,""mcpControlOkCount"":8,""mcpControlOk"":[true,true,true,true,true,true,true,true],""dacReady"":true,""radioReady"":true,""mlReady"":true,""nullingProfileApplied"":true,""modelProfileReady"":false},""runtimeMcpCode"":[255,519,795,706,799,865,665,139],""model"":{""profileId"":""cnn-dualbranch-datasheet-v1-unbound"",""scalerProfileId"":""cnn-dualbranch-datasheet-v1-unbound"",""productionApproved"":true,""boundNullingProfileId"":8,""activeNullingProfileId"":9,""bindingValid"":true,""bindingModelMatches"":true,""profileReady"":false,""inferenceValid"":false,""sensorFault"":true},""lora"":{""beginState"":0,""lastTxState"":0,""lastTxOk"":false,""txSeq"":0,""txCounter"":0,""aesKeyProvisioned"":true,""aesKeyPresent"":true,""aesKeySource"":""nvs"",""keyId"":1,""lastDownlinkCommandId"":0,""freqMHz"":920,""bwKHz"":125,""sf"":7,""cr"":5,""syncWord"":18,""txPowerDbm"":17,""preamble"":8,""tcxoVoltage"":1.600000024,""xtalVoltage"":0},""dataset"":{""state"":""idle"",""step"":""idle"",""label"":"""",""seq"":0,""targetSamples"":0,""sampleIntervalMs"":500,""maxDurationMs"":0,""useFanIntake"":true,""fanOnMs"":1000,""postFanSettleMs"":0,""nullingProfileId"":9,""queuePending"":0,""queueCapacity"":16,""queueEnqueued"":0,""queueDropped"":0,""publishFailCount"":0,""retryCount"":0,""retryFailCount"":0,""rejectedSamples"":0,""lastRejectReason"":""none"",""lastRejectChannel"":-1,""lastRejectOkFiniteCount"":0,""lastRejectStatus"":255,""lastRejectGain"":0,""lastRejectSaturated"":false},""recovery"":{""wifiReconnectCount"":0,""wifiReconnectFailCount"":0,""mqttReconnectCount"":0,""mqttConnectFailCount"":0,""lastMqttState"":0,""adsRecoveryCount"":0,""adsRecoveryFailCount"":0,""adsReadFailStreak"":0,""lastReason"":""none"",""lastRecoveryMs"":0,""bootRecoveryArmed"":false,""bootRecoveryDueMs"":0,""bootRecoveryReason"":""none"",""bootRecoveryNonAdsFailure"":false,""bootRecoveryRestartCount"":0},""nulling"":{""done"":false,""retryArmed"":false,""attemptCount"":0,""nextRetryMs"":0,""thresholdV"":9.999999747E-06,""minFinalV"":0},""telemetry"":{""valid"":true,""sampleMs"":2067869,""gasClass"":6,""gasName"":""CO2"",""confidence"":0,""alarm"":false,""sensorVoltage"":[-0.000929906,0.004142578,0.005014537,-0.002552043,0.003809458,-0.012320227,-0.020551238,0.001523565],""sensorGain"":[64,64,64,64,64,64,64,64],""sensorStatus"":[0,0,0,0,0,0,0,0],""featureOrder"":[""MQ8"",""MQ135"",""MQ3"",""MQ5"",""MQ4"",""MQ7"",""MQ6"",""MQ2""]},""alarmLatched"":false}"
"2026-08-04 09:55:32.374 +07:00","40.797","HOT_BASELINE_100","100","1000","0","1","0","-0.000942144","0.004140181","0.004973881","-0.002590155","0.003703662","-0.012238584","-0.020534437","0.000605068","{""deviceId"":""1001"",""nodeId"":4097,""targetChId"":""0010"",""mode"":""inference"",""uptimeMs"":2068974,""debugEnabled"":true,""power"":{""mode"":""24v"",""externalPower"":true,""batteryMv"":65535,""batteryValid"":false,""batteryDetected"":false,""batterySenseStatus"":""not_detected"",""batteryLow"":false,""batteryCritical"":false,""sourceAmbiguous"":false,""serviceHoldActive"":false,""serviceHoldEffective"":false},""batterySession"":{""state"":""inactive"",""startedMs"":0,""stateStartedMs"":0,""validSampleBatches"":0,""requiredSampleBatches"":10,""alarmTxAttempts"":0,""alarmTxAttemptLimit"":3,""alarmAckReceived"":false,""pendingAlarm"":false,""pendingSaveRequired"":false,""persistenceFaultHold"":false,""completionReason"":""session_done""},""bootHealth"":{""adsReady"":true,""adsDrdyLevel"":0,""adsDrdyPulldownLevel"":0,""adsDrdyPullupLevel"":0,""adsMisoPulldownLevel"":0,""adsMisoPullupLevel"":1,""adsCsLevel"":1,""adsSyncLevel"":1,""adsStatus"":54,""adsMux"":15,""adsAdcon"":6,""adsDrate"":240,""adsReason"":""ok"",""tcaOk"":true,""mcpOkCount"":8,""mcpOk"":[true,true,true,true,true,true,true,true],""mcpAddrMask"":[1,1,1,1,1,1,1,1],""mcpControlTested"":true,""mcpControlOkCount"":8,""mcpControlOk"":[true,true,true,true,true,true,true,true],""dacReady"":true,""radioReady"":true,""mlReady"":true,""nullingProfileApplied"":true,""modelProfileReady"":false},""runtimeMcpCode"":[255,519,795,706,799,865,665,139],""model"":{""profileId"":""cnn-dualbranch-datasheet-v1-unbound"",""scalerProfileId"":""cnn-dualbranch-datasheet-v1-unbound"",""productionApproved"":true,""boundNullingProfileId"":8,""activeNullingProfileId"":9,""bindingValid"":true,""bindingModelMatches"":true,""profileReady"":false,""inferenceValid"":false,""sensorFault"":true},""lora"":{""beginState"":0,""lastTxState"":0,""lastTxOk"":false,""txSeq"":0,""txCounter"":0,""aesKeyProvisioned"":true,""aesKeyPresent"":true,""aesKeySource"":""nvs"",""keyId"":1,""lastDownlinkCommandId"":0,""freqMHz"":920,""bwKHz"":125,""sf"":7,""cr"":5,""syncWord"":18,""txPowerDbm"":17,""preamble"":8,""tcxoVoltage"":1.600000024,""xtalVoltage"":0},""dataset"":{""state"":""idle"",""step"":""idle"",""label"":"""",""seq"":0,""targetSamples"":0,""sampleIntervalMs"":500,""maxDurationMs"":0,""useFanIntake"":true,""fanOnMs"":1000,""postFanSettleMs"":0,""nullingProfileId"":9,""queuePending"":0,""queueCapacity"":16,""queueEnqueued"":0,""queueDropped"":0,""publishFailCount"":0,""retryCount"":0,""retryFailCount"":0,""rejectedSamples"":0,""lastRejectReason"":""none"",""lastRejectChannel"":-1,""lastRejectOkFiniteCount"":0,""lastRejectStatus"":255,""lastRejectGain"":0,""lastRejectSaturated"":false},""recovery"":{""wifiReconnectCount"":0,""wifiReconnectFailCount"":0,""mqttReconnectCount"":0,""mqttConnectFailCount"":0,""lastMqttState"":0,""adsRecoveryCount"":0,""adsRecoveryFailCount"":0,""adsReadFailStreak"":0,""lastReason"":""none"",""lastRecoveryMs"":0,""bootRecoveryArmed"":false,""bootRecoveryDueMs"":0,""bootRecoveryReason"":""none"",""bootRecoveryNonAdsFailure"":false,""bootRecoveryRestartCount"":0},""nulling"":{""done"":false,""retryArmed"":false,""attemptCount"":0,""nextRetryMs"":0,""thresholdV"":9.999999747E-06,""minFinalV"":0},""telemetry"":{""valid"":true,""sampleMs"":2068567,""gasClass"":6,""gasName"":""CO2"",""confidence"":0,""alarm"":false,""sensorVoltage"":[-0.000942144,0.004140181,0.004973881,-0.002590155,0.003703662,-0.012238584,-0.020534437,0.000605068],""sensorGain"":[64,64,64,64,64,64,64,64],""sensorStatus"":[0,0,0,0,0,0,0,0],""featureOrder"":[""MQ8"",""MQ135"",""MQ3"",""MQ5"",""MQ4"",""MQ7"",""MQ6"",""MQ2""]},""alarmLatched"":false}"
"2026-08-04 09:55:33.070 +07:00","41.49","HOT_BASELINE_100","100","1000","0","1","0","-0.000940796","0.004107786","0.004973734","-0.002592213","0.005150773","-0.012125665","-0.020527856","0.000382817","{""deviceId"":""1001"",""nodeId"":4097,""targetChId"":""0010"",""mode"":""inference"",""uptimeMs"":2069668,""debugEnabled"":true,""power"":{""mode"":""24v"",""externalPower"":true,""batteryMv"":65535,""batteryValid"":false,""batteryDetected"":false,""batterySenseStatus"":""not_detected"",""batteryLow"":false,""batteryCritical"":false,""sourceAmbiguous"":false,""serviceHoldActive"":false,""serviceHoldEffective"":false},""batterySession"":{""state"":""inactive"",""startedMs"":0,""stateStartedMs"":0,""validSampleBatches"":0,""requiredSampleBatches"":10,""alarmTxAttempts"":0,""alarmTxAttemptLimit"":3,""alarmAckReceived"":false,""pendingAlarm"":false,""pendingSaveRequired"":false,""persistenceFaultHold"":false,""completionReason"":""session_done""},""bootHealth"":{""adsReady"":true,""adsDrdyLevel"":0,""adsDrdyPulldownLevel"":0,""adsDrdyPullupLevel"":0,""adsMisoPulldownLevel"":0,""adsMisoPullupLevel"":1,""adsCsLevel"":1,""adsSyncLevel"":1,""adsStatus"":54,""adsMux"":15,""adsAdcon"":6,""adsDrate"":240,""adsReason"":""ok"",""tcaOk"":true,""mcpOkCount"":8,""mcpOk"":[true,true,true,true,true,true,true,true],""mcpAddrMask"":[1,1,1,1,1,1,1,1],""mcpControlTested"":true,""mcpControlOkCount"":8,""mcpControlOk"":[true,true,true,true,true,true,true,true],""dacReady"":true,""radioReady"":true,""mlReady"":true,""nullingProfileApplied"":true,""modelProfileReady"":false},""runtimeMcpCode"":[255,519,795,706,799,865,665,139],""model"":{""profileId"":""cnn-dualbranch-datasheet-v1-unbound"",""scalerProfileId"":""cnn-dualbranch-datasheet-v1-unbound"",""productionApproved"":true,""boundNullingProfileId"":8,""activeNullingProfileId"":9,""bindingValid"":true,""bindingModelMatches"":true,""profileReady"":false,""inferenceValid"":false,""sensorFault"":true},""lora"":{""beginState"":0,""lastTxState"":0,""lastTxOk"":false,""txSeq"":0,""txCounter"":0,""aesKeyProvisioned"":true,""aesKeyPresent"":true,""aesKeySource"":""nvs"",""keyId"":1,""lastDownlinkCommandId"":0,""freqMHz"":920,""bwKHz"":125,""sf"":7,""cr"":5,""syncWord"":18,""txPowerDbm"":17,""preamble"":8,""tcxoVoltage"":1.600000024,""xtalVoltage"":0},""dataset"":{""state"":""idle"",""step"":""idle"",""label"":"""",""seq"":0,""targetSamples"":0,""sampleIntervalMs"":500,""maxDurationMs"":0,""useFanIntake"":true,""fanOnMs"":1000,""postFanSettleMs"":0,""nullingProfileId"":9,""queuePending"":0,""queueCapacity"":16,""queueEnqueued"":0,""queueDropped"":0,""publishFailCount"":0,""retryCount"":0,""retryFailCount"":0,""rejectedSamples"":0,""lastRejectReason"":""none"",""lastRejectChannel"":-1,""lastRejectOkFiniteCount"":0,""lastRejectStatus"":255,""lastRejectGain"":0,""lastRejectSaturated"":false},""recovery"":{""wifiReconnectCount"":0,""wifiReconnectFailCount"":0,""mqttReconnectCount"":0,""mqttConnectFailCount"":0,""lastMqttState"":0,""adsRecoveryCount"":0,""adsRecoveryFailCount"":0,""adsReadFailStreak"":0,""lastReason"":""none"",""lastRecoveryMs"":0,""bootRecoveryArmed"":false,""bootRecoveryDueMs"":0,""bootRecoveryReason"":""none"",""bootRecoveryNonAdsFailure"":false,""bootRecoveryRestartCount"":0},""nulling"":{""done"":false,""retryArmed"":false,""attemptCount"":0,""nextRetryMs"":0,""thresholdV"":9.999999747E-06,""minFinalV"":0},""telemetry"":{""valid"":true,""sampleMs"":2069284,""gasClass"":6,""gasName"":""CO2"",""confidence"":0,""alarm"":false,""sensorVoltage"":[-0.000940796,0.004107786,0.004973734,-0.002592213,0.005150773,-0.012125665,-0.020527856,0.000382817],""sensorGain"":[64,64,64,64,64,64,64,64],""sensorStatus"":[0,0,0,0,0,0,0,0],""featureOrder"":[""MQ8"",""MQ135"",""MQ3"",""MQ5"",""MQ4"",""MQ7"",""MQ6"",""MQ2""]},""alarmLatched"":false}"
"2026-08-04 09:55:33.747 +07:00","42.17","HOT_BASELINE_100","100","1000","0","1","0","-0.000943292","0.004092157","0.004978051","-0.002577452","0.004818461","-0.012159357","-0.020563006","-0.000925997","{""deviceId"":""1001"",""nodeId"":4097,""targetChId"":""0010"",""mode"":""inference"",""uptimeMs"":2070352,""debugEnabled"":true,""power"":{""mode"":""24v"",""externalPower"":true,""batteryMv"":65535,""batteryValid"":false,""batteryDetected"":false,""batterySenseStatus"":""not_detected"",""batteryLow"":false,""batteryCritical"":false,""sourceAmbiguous"":false,""serviceHoldActive"":false,""serviceHoldEffective"":false},""batterySession"":{""state"":""inactive"",""startedMs"":0,""stateStartedMs"":0,""validSampleBatches"":0,""requiredSampleBatches"":10,""alarmTxAttempts"":0,""alarmTxAttemptLimit"":3,""alarmAckReceived"":false,""pendingAlarm"":false,""pendingSaveRequired"":false,""persistenceFaultHold"":false,""completionReason"":""session_done""},""bootHealth"":{""adsReady"":true,""adsDrdyLevel"":0,""adsDrdyPulldownLevel"":0,""adsDrdyPullupLevel"":0,""adsMisoPulldownLevel"":0,""adsMisoPullupLevel"":1,""adsCsLevel"":1,""adsSyncLevel"":1,""adsStatus"":54,""adsMux"":15,""adsAdcon"":6,""adsDrate"":240,""adsReason"":""ok"",""tcaOk"":true,""mcpOkCount"":8,""mcpOk"":[true,true,true,true,true,true,true,true],""mcpAddrMask"":[1,1,1,1,1,1,1,1],""mcpControlTested"":true,""mcpControlOkCount"":8,""mcpControlOk"":[true,true,true,true,true,true,true,true],""dacReady"":true,""radioReady"":true,""mlReady"":true,""nullingProfileApplied"":true,""modelProfileReady"":false},""runtimeMcpCode"":[255,519,795,706,799,865,665,139],""model"":{""profileId"":""cnn-dualbranch-datasheet-v1-unbound"",""scalerProfileId"":""cnn-dualbranch-datasheet-v1-unbound"",""productionApproved"":true,""boundNullingProfileId"":8,""activeNullingProfileId"":9,""bindingValid"":true,""bindingModelMatches"":true,""profileReady"":false,""inferenceValid"":false,""sensorFault"":true},""lora"":{""beginState"":0,""lastTxState"":0,""lastTxOk"":false,""txSeq"":0,""txCounter"":0,""aesKeyProvisioned"":true,""aesKeyPresent"":true,""aesKeySource"":""nvs"",""keyId"":1,""lastDownlinkCommandId"":0,""freqMHz"":920,""bwKHz"":125,""sf"":7,""cr"":5,""syncWord"":18,""txPowerDbm"":17,""preamble"":8,""tcxoVoltage"":1.600000024,""xtalVoltage"":0},""dataset"":{""state"":""idle"",""step"":""idle"",""label"":"""",""seq"":0,""targetSamples"":0,""sampleIntervalMs"":500,""maxDurationMs"":0,""useFanIntake"":true,""fanOnMs"":1000,""postFanSettleMs"":0,""nullingProfileId"":9,""queuePending"":0,""queueCapacity"":16,""queueEnqueued"":0,""queueDropped"":0,""publishFailCount"":0,""retryCount"":0,""retryFailCount"":0,""rejectedSamples"":0,""lastRejectReason"":""none"",""lastRejectChannel"":-1,""lastRejectOkFiniteCount"":0,""lastRejectStatus"":255,""lastRejectGain"":0,""lastRejectSaturated"":false},""recovery"":{""wifiReconnectCount"":0,""wifiReconnectFailCount"":0,""mqttReconnectCount"":0,""mqttConnectFailCount"":0,""lastMqttState"":0,""adsRecoveryCount"":0,""adsRecoveryFailCount"":0,""adsReadFailStreak"":0,""lastReason"":""none"",""lastRecoveryMs"":0,""bootRecoveryArmed"":false,""bootRecoveryDueMs"":0,""bootRecoveryReason"":""none"",""bootRecoveryNonAdsFailure"":false,""bootRecoveryRestartCount"":0},""nulling"":{""done"":false,""retryArmed"":false,""attemptCount"":0,""nextRetryMs"":0,""thresholdV"":9.999999747E-06,""minFinalV"":0},""telemetry"":{""valid"":true,""sampleMs"":2069946,""gasClass"":6,""gasName"":""CO2"",""confidence"":0,""alarm"":false,""sensorVoltage"":[-0.000943292,0.004092157,0.004978051,-0.002577452,0.004818461,-0.012159357,-0.020563006,-0.000925997],""sensorGain"":[64,64,64,64,64,64,64,64],""sensorStatus"":[0,0,0,0,0,0,0,0],""featureOrder"":[""MQ8"",""MQ135"",""MQ3"",""MQ5"",""MQ4"",""MQ7"",""MQ6"",""MQ2""]},""alarmLatched"":false}"
"2026-08-04 09:55:34.426 +07:00","42.849","HOT_BASELINE_100","100","1000","0","1","0","-0.000949178","0.004077422","0.005003309","-0.002606804","0.005296039","-0.012148078","-0.020571347","-0.00235035","{""deviceId"":""1001"",""nodeId"":4097,""targetChId"":""0010"",""mode"":""inference"",""uptimeMs"":2071035,""debugEnabled"":true,""power"":{""mode"":""24v"",""externalPower"":true,""batteryMv"":65535,""batteryValid"":false,""batteryDetected"":false,""batterySenseStatus"":""not_detected"",""batteryLow"":false,""batteryCritical"":false,""sourceAmbiguous"":false,""serviceHoldActive"":false,""serviceHoldEffective"":false},""batterySession"":{""state"":""inactive"",""startedMs"":0,""stateStartedMs"":0,""validSampleBatches"":0,""requiredSampleBatches"":10,""alarmTxAttempts"":0,""alarmTxAttemptLimit"":3,""alarmAckReceived"":false,""pendingAlarm"":false,""pendingSaveRequired"":false,""persistenceFaultHold"":false,""completionReason"":""session_done""},""bootHealth"":{""adsReady"":true,""adsDrdyLevel"":0,""adsDrdyPulldownLevel"":0,""adsDrdyPullupLevel"":0,""adsMisoPulldownLevel"":0,""adsMisoPullupLevel"":1,""adsCsLevel"":1,""adsSyncLevel"":1,""adsStatus"":54,""adsMux"":15,""adsAdcon"":6,""adsDrate"":240,""adsReason"":""ok"",""tcaOk"":true,""mcpOkCount"":8,""mcpOk"":[true,true,true,true,true,true,true,true],""mcpAddrMask"":[1,1,1,1,1,1,1,1],""mcpControlTested"":true,""mcpControlOkCount"":8,""mcpControlOk"":[true,true,true,true,true,true,true,true],""dacReady"":true,""radioReady"":true,""mlReady"":true,""nullingProfileApplied"":true,""modelProfileReady"":false},""runtimeMcpCode"":[255,519,795,706,799,865,665,139],""model"":{""profileId"":""cnn-dualbranch-datasheet-v1-unbound"",""scalerProfileId"":""cnn-dualbranch-datasheet-v1-unbound"",""productionApproved"":true,""boundNullingProfileId"":8,""activeNullingProfileId"":9,""bindingValid"":true,""bindingModelMatches"":true,""profileReady"":false,""inferenceValid"":false,""sensorFault"":true},""lora"":{""beginState"":0,""lastTxState"":0,""lastTxOk"":false,""txSeq"":0,""txCounter"":0,""aesKeyProvisioned"":true,""aesKeyPresent"":true,""aesKeySource"":""nvs"",""keyId"":1,""lastDownlinkCommandId"":0,""freqMHz"":920,""bwKHz"":125,""sf"":7,""cr"":5,""syncWord"":18,""txPowerDbm"":17,""preamble"":8,""tcxoVoltage"":1.600000024,""xtalVoltage"":0},""dataset"":{""state"":""idle"",""step"":""idle"",""label"":"""",""seq"":0,""targetSamples"":0,""sampleIntervalMs"":500,""maxDurationMs"":0,""useFanIntake"":true,""fanOnMs"":1000,""postFanSettleMs"":0,""nullingProfileId"":9,""queuePending"":0,""queueCapacity"":16,""queueEnqueued"":0,""queueDropped"":0,""publishFailCount"":0,""retryCount"":0,""retryFailCount"":0,""rejectedSamples"":0,""lastRejectReason"":""none"",""lastRejectChannel"":-1,""lastRejectOkFiniteCount"":0,""lastRejectStatus"":255,""lastRejectGain"":0,""lastRejectSaturated"":false},""recovery"":{""wifiReconnectCount"":0,""wifiReconnectFailCount"":0,""mqttReconnectCount"":0,""mqttConnectFailCount"":0,""lastMqttState"":0,""adsRecoveryCount"":0,""adsRecoveryFailCount"":0,""adsReadFailStreak"":0,""lastReason"":""none"",""lastRecoveryMs"":0,""bootRecoveryArmed"":false,""bootRecoveryDueMs"":0,""bootRecoveryReason"":""none"",""bootRecoveryNonAdsFailure"":false,""bootRecoveryRestartCount"":0},""nulling"":{""done"":false,""retryArmed"":false,""attemptCount"":0,""nextRetryMs"":0,""thresholdV"":9.999999747E-06,""minFinalV"":0},""telemetry"":{""valid"":true,""sampleMs"":2070630,""gasClass"":6,""gasName"":""CO2"",""confidence"":0,""alarm"":false,""sensorVoltage"":[-0.000949178,0.004077422,0.005003309,-0.002606804,0.005296039,-0.012148078,-0.020571347,-0.00235035],""sensorGain"":[64,64,64,64,64,64,64,64],""sensorStatus"":[0,0,0,0,0,0,0,0],""featureOrder"":[""MQ8"",""MQ135"",""MQ3"",""MQ5"",""MQ4"",""MQ7"",""MQ6"",""MQ2""]},""alarmLatched"":false}"
"2026-08-04 09:55:35.118 +07:00","43.541","HOT_BASELINE_100","100","1000","0","1","0","-0.000953924","0.004082266","0.005014696","-0.002525769","0.005030821","-0.012152292","-0.020574182","-0.001184827","{""deviceId"":""1001"",""nodeId"":4097,""targetChId"":""0010"",""mode"":""inference"",""uptimeMs"":2071722,""debugEnabled"":true,""power"":{""mode"":""24v"",""externalPower"":true,""batteryMv"":65535,""batteryValid"":false,""batteryDetected"":false,""batterySenseStatus"":""not_detected"",""batteryLow"":false,""batteryCritical"":false,""sourceAmbiguous"":false,""serviceHoldActive"":false,""serviceHoldEffective"":false},""batterySession"":{""state"":""inactive"",""startedMs"":0,""stateStartedMs"":0,""validSampleBatches"":0,""requiredSampleBatches"":10,""alarmTxAttempts"":0,""alarmTxAttemptLimit"":3,""alarmAckReceived"":false,""pendingAlarm"":false,""pendingSaveRequired"":false,""persistenceFaultHold"":false,""completionReason"":""session_done""},""bootHealth"":{""adsReady"":true,""adsDrdyLevel"":0,""adsDrdyPulldownLevel"":0,""adsDrdyPullupLevel"":0,""adsMisoPulldownLevel"":0,""adsMisoPullupLevel"":1,""adsCsLevel"":1,""adsSyncLevel"":1,""adsStatus"":54,""adsMux"":15,""adsAdcon"":6,""adsDrate"":240,""adsReason"":""ok"",""tcaOk"":true,""mcpOkCount"":8,""mcpOk"":[true,true,true,true,true,true,true,true],""mcpAddrMask"":[1,1,1,1,1,1,1,1],""mcpControlTested"":true,""mcpControlOkCount"":8,""mcpControlOk"":[true,true,true,true,true,true,true,true],""dacReady"":true,""radioReady"":true,""mlReady"":true,""nullingProfileApplied"":true,""modelProfileReady"":false},""runtimeMcpCode"":[255,519,795,706,799,865,665,139],""model"":{""profileId"":""cnn-dualbranch-datasheet-v1-unbound"",""scalerProfileId"":""cnn-dualbranch-datasheet-v1-unbound"",""productionApproved"":true,""boundNullingProfileId"":8,""activeNullingProfileId"":9,""bindingValid"":true,""bindingModelMatches"":true,""profileReady"":false,""inferenceValid"":false,""sensorFault"":true},""lora"":{""beginState"":0,""lastTxState"":0,""lastTxOk"":false,""txSeq"":0,""txCounter"":0,""aesKeyProvisioned"":true,""aesKeyPresent"":true,""aesKeySource"":""nvs"",""keyId"":1,""lastDownlinkCommandId"":0,""freqMHz"":920,""bwKHz"":125,""sf"":7,""cr"":5,""syncWord"":18,""txPowerDbm"":17,""preamble"":8,""tcxoVoltage"":1.600000024,""xtalVoltage"":0},""dataset"":{""state"":""idle"",""step"":""idle"",""label"":"""",""seq"":0,""targetSamples"":0,""sampleIntervalMs"":500,""maxDurationMs"":0,""useFanIntake"":true,""fanOnMs"":1000,""postFanSettleMs"":0,""nullingProfileId"":9,""queuePending"":0,""queueCapacity"":16,""queueEnqueued"":0,""queueDropped"":0,""publishFailCount"":0,""retryCount"":0,""retryFailCount"":0,""rejectedSamples"":0,""lastRejectReason"":""none"",""lastRejectChannel"":-1,""lastRejectOkFiniteCount"":0,""lastRejectStatus"":255,""lastRejectGain"":0,""lastRejectSaturated"":false},""recovery"":{""wifiReconnectCount"":0,""wifiReconnectFailCount"":0,""mqttReconnectCount"":0,""mqttConnectFailCount"":0,""lastMqttState"":0,""adsRecoveryCount"":0,""adsRecoveryFailCount"":0,""adsReadFailStreak"":0,""lastReason"":""none"",""lastRecoveryMs"":0,""bootRecoveryArmed"":false,""bootRecoveryDueMs"":0,""bootRecoveryReason"":""none"",""bootRecoveryNonAdsFailure"":false,""bootRecoveryRestartCount"":0},""nulling"":{""done"":false,""retryArmed"":false,""attemptCount"":0,""nextRetryMs"":0,""thresholdV"":9.999999747E-06,""minFinalV"":0},""telemetry"":{""valid"":true,""sampleMs"":2071345,""gasClass"":6,""gasName"":""CO2"",""confidence"":0,""alarm"":false,""sensorVoltage"":[-0.000953924,0.004082266,0.005014696,-0.002525769,0.005030821,-0.012152292,-0.020574182,-0.001184827],""sensorGain"":[64,64,64,64,64,64,64,64],""sensorStatus"":[0,0,0,0,0,0,0,0],""featureOrder"":[""MQ8"",""MQ135"",""MQ3"",""MQ5"",""MQ4"",""MQ7"",""MQ6"",""MQ2""]},""alarmLatched"":false}"
"2026-08-04 09:55:35.818 +07:00","44.239","HOT_BASELINE_100","100","1000","0","1","0","-0.00094026","0.004101166","0.005006533","-0.002506593","0.005708349","-0.012139712","-0.020582549","-0.00010462","{""deviceId"":""1001"",""nodeId"":4097,""targetChId"":""0010"",""mode"":""inference"",""uptimeMs"":2072415,""debugEnabled"":true,""power"":{""mode"":""24v"",""externalPower"":true,""batteryMv"":65535,""batteryValid"":false,""batteryDetected"":false,""batterySenseStatus"":""not_detected"",""batteryLow"":false,""batteryCritical"":false,""sourceAmbiguous"":false,""serviceHoldActive"":false,""serviceHoldEffective"":false},""batterySession"":{""state"":""inactive"",""startedMs"":0,""stateStartedMs"":0,""validSampleBatches"":0,""requiredSampleBatches"":10,""alarmTxAttempts"":0,""alarmTxAttemptLimit"":3,""alarmAckReceived"":false,""pendingAlarm"":false,""pendingSaveRequired"":false,""persistenceFaultHold"":false,""completionReason"":""session_done""},""bootHealth"":{""adsReady"":true,""adsDrdyLevel"":0,""adsDrdyPulldownLevel"":0,""adsDrdyPullupLevel"":0,""adsMisoPulldownLevel"":0,""adsMisoPullupLevel"":1,""adsCsLevel"":1,""adsSyncLevel"":1,""adsStatus"":54,""adsMux"":15,""adsAdcon"":6,""adsDrate"":240,""adsReason"":""ok"",""tcaOk"":true,""mcpOkCount"":8,""mcpOk"":[true,true,true,true,true,true,true,true],""mcpAddrMask"":[1,1,1,1,1,1,1,1],""mcpControlTested"":true,""mcpControlOkCount"":8,""mcpControlOk"":[true,true,true,true,true,true,true,true],""dacReady"":true,""radioReady"":true,""mlReady"":true,""nullingProfileApplied"":true,""modelProfileReady"":false},""runtimeMcpCode"":[255,519,795,706,799,865,665,139],""model"":{""profileId"":""cnn-dualbranch-datasheet-v1-unbound"",""scalerProfileId"":""cnn-dualbranch-datasheet-v1-unbound"",""productionApproved"":true,""boundNullingProfileId"":8,""activeNullingProfileId"":9,""bindingValid"":true,""bindingModelMatches"":true,""profileReady"":false,""inferenceValid"":false,""sensorFault"":true},""lora"":{""beginState"":0,""lastTxState"":0,""lastTxOk"":false,""txSeq"":0,""txCounter"":0,""aesKeyProvisioned"":true,""aesKeyPresent"":true,""aesKeySource"":""nvs"",""keyId"":1,""lastDownlinkCommandId"":0,""freqMHz"":920,""bwKHz"":125,""sf"":7,""cr"":5,""syncWord"":18,""txPowerDbm"":17,""preamble"":8,""tcxoVoltage"":1.600000024,""xtalVoltage"":0},""dataset"":{""state"":""idle"",""step"":""idle"",""label"":"""",""seq"":0,""targetSamples"":0,""sampleIntervalMs"":500,""maxDurationMs"":0,""useFanIntake"":true,""fanOnMs"":1000,""postFanSettleMs"":0,""nullingProfileId"":9,""queuePending"":0,""queueCapacity"":16,""queueEnqueued"":0,""queueDropped"":0,""publishFailCount"":0,""retryCount"":0,""retryFailCount"":0,""rejectedSamples"":0,""lastRejectReason"":""none"",""lastRejectChannel"":-1,""lastRejectOkFiniteCount"":0,""lastRejectStatus"":255,""lastRejectGain"":0,""lastRejectSaturated"":false},""recovery"":{""wifiReconnectCount"":0,""wifiReconnectFailCount"":0,""mqttReconnectCount"":0,""mqttConnectFailCount"":0,""lastMqttState"":0,""adsRecoveryCount"":0,""adsRecoveryFailCount"":0,""adsReadFailStreak"":0,""lastReason"":""none"",""lastRecoveryMs"":0,""bootRecoveryArmed"":false,""bootRecoveryDueMs"":0,""bootRecoveryReason"":""none"",""bootRecoveryNonAdsFailure"":false,""bootRecoveryRestartCount"":0},""nulling"":{""done"":false,""retryArmed"":false,""attemptCount"":0,""nextRetryMs"":0,""thresholdV"":9.999999747E-06,""minFinalV"":0},""telemetry"":{""valid"":true,""sampleMs"":2072000,""gasClass"":6,""gasName"":""CO2"",""confidence"":0,""alarm"":false,""sensorVoltage"":[-0.00094026,0.004101166,0.005006533,-0.002506593,0.005708349,-0.012139712,-0.020582549,-0.00010462],""sensorGain"":[64,64,64,64,64,64,64,64],""sensorStatus"":[0,0,0,0,0,0,0,0],""featureOrder"":[""MQ8"",""MQ135"",""MQ3"",""MQ5"",""MQ4"",""MQ7"",""MQ6"",""MQ2""]},""alarmLatched"":false}"
"2026-08-04 09:55:36.511 +07:00","44.933","HOT_BASELINE_100","100","1000","0","1","0","-0.000941113","0.004094781","0.004981433","-0.002534872","0.005776848","-0.012161328","-0.020572556","0.000144925","{""deviceId"":""1001"",""nodeId"":4097,""targetChId"":""0010"",""mode"":""inference"",""uptimeMs"":2073109,""debugEnabled"":true,""power"":{""mode"":""24v"",""externalPower"":true,""batteryMv"":65535,""batteryValid"":false,""batteryDetected"":false,""batterySenseStatus"":""not_detected"",""batteryLow"":false,""batteryCritical"":false,""sourceAmbiguous"":false,""serviceHoldActive"":false,""serviceHoldEffective"":false},""batterySession"":{""state"":""inactive"",""startedMs"":0,""stateStartedMs"":0,""validSampleBatches"":0,""requiredSampleBatches"":10,""alarmTxAttempts"":0,""alarmTxAttemptLimit"":3,""alarmAckReceived"":false,""pendingAlarm"":false,""pendingSaveRequired"":false,""persistenceFaultHold"":false,""completionReason"":""session_done""},""bootHealth"":{""adsReady"":true,""adsDrdyLevel"":0,""adsDrdyPulldownLevel"":0,""adsDrdyPullupLevel"":0,""adsMisoPulldownLevel"":0,""adsMisoPullupLevel"":1,""adsCsLevel"":1,""adsSyncLevel"":1,""adsStatus"":54,""adsMux"":15,""adsAdcon"":6,""adsDrate"":240,""adsReason"":""ok"",""tcaOk"":true,""mcpOkCount"":8,""mcpOk"":[true,true,true,true,true,true,true,true],""mcpAddrMask"":[1,1,1,1,1,1,1,1],""mcpControlTested"":true,""mcpControlOkCount"":8,""mcpControlOk"":[true,true,true,true,true,true,true,true],""dacReady"":true,""radioReady"":true,""mlReady"":true,""nullingProfileApplied"":true,""modelProfileReady"":false},""runtimeMcpCode"":[255,519,795,706,799,865,665,139],""model"":{""profileId"":""cnn-dualbranch-datasheet-v1-unbound"",""scalerProfileId"":""cnn-dualbranch-datasheet-v1-unbound"",""productionApproved"":true,""boundNullingProfileId"":8,""activeNullingProfileId"":9,""bindingValid"":true,""bindingModelMatches"":true,""profileReady"":false,""inferenceValid"":false,""sensorFault"":true},""lora"":{""beginState"":0,""lastTxState"":0,""lastTxOk"":false,""txSeq"":0,""txCounter"":0,""aesKeyProvisioned"":true,""aesKeyPresent"":true,""aesKeySource"":""nvs"",""keyId"":1,""lastDownlinkCommandId"":0,""freqMHz"":920,""bwKHz"":125,""sf"":7,""cr"":5,""syncWord"":18,""txPowerDbm"":17,""preamble"":8,""tcxoVoltage"":1.600000024,""xtalVoltage"":0},""dataset"":{""state"":""idle"",""step"":""idle"",""label"":"""",""seq"":0,""targetSamples"":0,""sampleIntervalMs"":500,""maxDurationMs"":0,""useFanIntake"":true,""fanOnMs"":1000,""postFanSettleMs"":0,""nullingProfileId"":9,""queuePending"":0,""queueCapacity"":16,""queueEnqueued"":0,""queueDropped"":0,""publishFailCount"":0,""retryCount"":0,""retryFailCount"":0,""rejectedSamples"":0,""lastRejectReason"":""none"",""lastRejectChannel"":-1,""lastRejectOkFiniteCount"":0,""lastRejectStatus"":255,""lastRejectGain"":0,""lastRejectSaturated"":false},""recovery"":{""wifiReconnectCount"":0,""wifiReconnectFailCount"":0,""mqttReconnectCount"":0,""mqttConnectFailCount"":0,""lastMqttState"":0,""adsRecoveryCount"":0,""adsRecoveryFailCount"":0,""adsReadFailStreak"":0,""lastReason"":""none"",""lastRecoveryMs"":0,""bootRecoveryArmed"":false,""bootRecoveryDueMs"":0,""bootRecoveryReason"":""none"",""bootRecoveryNonAdsFailure"":false,""bootRecoveryRestartCount"":0},""nulling"":{""done"":false,""retryArmed"":false,""attemptCount"":0,""nextRetryMs"":0,""thresholdV"":9.999999747E-06,""minFinalV"":0},""telemetry"":{""valid"":true,""sampleMs"":2072698,""gasClass"":6,""gasName"":""CO2"",""confidence"":0,""alarm"":false,""sensorVoltage"":[-0.000941113,0.004094781,0.004981433,-0.002534872,0.005776848,-0.012161328,-0.020572556,0.000144925],""sensorGain"":[64,64,64,64,64,64,64,64],""sensorStatus"":[0,0,0,0,0,0,0,0],""featureOrder"":[""MQ8"",""MQ135"",""MQ3"",""MQ5"",""MQ4"",""MQ7"",""MQ6"",""MQ2""]},""alarmLatched"":false}"
"2026-08-04 09:55:37.198 +07:00","45.621","HOT_BASELINE_100","100","1000","0","1","0","-0.000929132","0.004080718","0.004963182","-0.002545033","0.00476437","-0.012166012","-0.020587347","0.000348785","{""deviceId"":""1001"",""nodeId"":4097,""targetChId"":""0010"",""mode"":""inference"",""uptimeMs"":2073797,""debugEnabled"":true,""power"":{""mode"":""24v"",""externalPower"":true,""batteryMv"":65535,""batteryValid"":false,""batteryDetected"":false,""batterySenseStatus"":""not_detected"",""batteryLow"":false,""batteryCritical"":false,""sourceAmbiguous"":false,""serviceHoldActive"":false,""serviceHoldEffective"":false},""batterySession"":{""state"":""inactive"",""startedMs"":0,""stateStartedMs"":0,""validSampleBatches"":0,""requiredSampleBatches"":10,""alarmTxAttempts"":0,""alarmTxAttemptLimit"":3,""alarmAckReceived"":false,""pendingAlarm"":false,""pendingSaveRequired"":false,""persistenceFaultHold"":false,""completionReason"":""session_done""},""bootHealth"":{""adsReady"":true,""adsDrdyLevel"":0,""adsDrdyPulldownLevel"":0,""adsDrdyPullupLevel"":0,""adsMisoPulldownLevel"":0,""adsMisoPullupLevel"":1,""adsCsLevel"":1,""adsSyncLevel"":1,""adsStatus"":54,""adsMux"":15,""adsAdcon"":6,""adsDrate"":240,""adsReason"":""ok"",""tcaOk"":true,""mcpOkCount"":8,""mcpOk"":[true,true,true,true,true,true,true,true],""mcpAddrMask"":[1,1,1,1,1,1,1,1],""mcpControlTested"":true,""mcpControlOkCount"":8,""mcpControlOk"":[true,true,true,true,true,true,true,true],""dacReady"":true,""radioReady"":true,""mlReady"":true,""nullingProfileApplied"":true,""modelProfileReady"":false},""runtimeMcpCode"":[255,519,795,706,799,865,665,139],""model"":{""profileId"":""cnn-dualbranch-datasheet-v1-unbound"",""scalerProfileId"":""cnn-dualbranch-datasheet-v1-unbound"",""productionApproved"":true,""boundNullingProfileId"":8,""activeNullingProfileId"":9,""bindingValid"":true,""bindingModelMatches"":true,""profileReady"":false,""inferenceValid"":false,""sensorFault"":true},""lora"":{""beginState"":0,""lastTxState"":0,""lastTxOk"":false,""txSeq"":0,""txCounter"":0,""aesKeyProvisioned"":true,""aesKeyPresent"":true,""aesKeySource"":""nvs"",""keyId"":1,""lastDownlinkCommandId"":0,""freqMHz"":920,""bwKHz"":125,""sf"":7,""cr"":5,""syncWord"":18,""txPowerDbm"":17,""preamble"":8,""tcxoVoltage"":1.600000024,""xtalVoltage"":0},""dataset"":{""state"":""idle"",""step"":""idle"",""label"":"""",""seq"":0,""targetSamples"":0,""sampleIntervalMs"":500,""maxDurationMs"":0,""useFanIntake"":true,""fanOnMs"":1000,""postFanSettleMs"":0,""nullingProfileId"":9,""queuePending"":0,""queueCapacity"":16,""queueEnqueued"":0,""queueDropped"":0,""publishFailCount"":0,""retryCount"":0,""retryFailCount"":0,""rejectedSamples"":0,""lastRejectReason"":""none"",""lastRejectChannel"":-1,""lastRejectOkFiniteCount"":0,""lastRejectStatus"":255,""lastRejectGain"":0,""lastRejectSaturated"":false},""recovery"":{""wifiReconnectCount"":0,""wifiReconnectFailCount"":0,""mqttReconnectCount"":0,""mqttConnectFailCount"":0,""lastMqttState"":0,""adsRecoveryCount"":0,""adsRecoveryFailCount"":0,""adsReadFailStreak"":0,""lastReason"":""none"",""lastRecoveryMs"":0,""bootRecoveryArmed"":false,""bootRecoveryDueMs"":0,""bootRecoveryReason"":""none"",""bootRecoveryNonAdsFailure"":false,""bootRecoveryRestartCount"":0},""nulling"":{""done"":false,""retryArmed"":false,""attemptCount"":0,""nextRetryMs"":0,""thresholdV"":9.999999747E-06,""minFinalV"":0},""telemetry"":{""valid"":true,""sampleMs"":2073419,""gasClass"":6,""gasName"":""CO2"",""confidence"":0,""alarm"":false,""sensorVoltage"":[-0.000929132,0.004080718,0.004963182,-0.002545033,0.00476437,-0.012166012,-0.020587347,0.000348785],""sensorGain"":[64,64,64,64,64,64,64,64],""sensorStatus"":[0,0,0,0,0,0,0,0],""featureOrder"":[""MQ8"",""MQ135"",""MQ3"",""MQ5"",""MQ4"",""MQ7"",""MQ6"",""MQ2""]},""alarmLatched"":false}"
"2026-08-04 09:55:37.886 +07:00","46.309","HOT_BASELINE_100","100","1000","0","1","0","-0.000926945","0.004128127","0.004991695","-0.002550586","0.004484344","-0.012116399","-0.020575756","-0.001382426","{""deviceId"":""1001"",""nodeId"":4097,""targetChId"":""0010"",""mode"":""inference"",""uptimeMs"":2074487,""debugEnabled"":true,""power"":{""mode"":""24v"",""externalPower"":true,""batteryMv"":65535,""batteryValid"":false,""batteryDetected"":false,""batterySenseStatus"":""not_detected"",""batteryLow"":false,""batteryCritical"":false,""sourceAmbiguous"":false,""serviceHoldActive"":false,""serviceHoldEffective"":false},""batterySession"":{""state"":""inactive"",""startedMs"":0,""stateStartedMs"":0,""validSampleBatches"":0,""requiredSampleBatches"":10,""alarmTxAttempts"":0,""alarmTxAttemptLimit"":3,""alarmAckReceived"":false,""pendingAlarm"":false,""pendingSaveRequired"":false,""persistenceFaultHold"":false,""completionReason"":""session_done""},""bootHealth"":{""adsReady"":true,""adsDrdyLevel"":0,""adsDrdyPulldownLevel"":0,""adsDrdyPullupLevel"":0,""adsMisoPulldownLevel"":0,""adsMisoPullupLevel"":1,""adsCsLevel"":1,""adsSyncLevel"":1,""adsStatus"":54,""adsMux"":15,""adsAdcon"":6,""adsDrate"":240,""adsReason"":""ok"",""tcaOk"":true,""mcpOkCount"":8,""mcpOk"":[true,true,true,true,true,true,true,true],""mcpAddrMask"":[1,1,1,1,1,1,1,1],""mcpControlTested"":true,""mcpControlOkCount"":8,""mcpControlOk"":[true,true,true,true,true,true,true,true],""dacReady"":true,""radioReady"":true,""mlReady"":true,""nullingProfileApplied"":true,""modelProfileReady"":false},""runtimeMcpCode"":[255,519,795,706,799,865,665,139],""model"":{""profileId"":""cnn-dualbranch-datasheet-v1-unbound"",""scalerProfileId"":""cnn-dualbranch-datasheet-v1-unbound"",""productionApproved"":true,""boundNullingProfileId"":8,""activeNullingProfileId"":9,""bindingValid"":true,""bindingModelMatches"":true,""profileReady"":false,""inferenceValid"":false,""sensorFault"":true},""lora"":{""beginState"":0,""lastTxState"":0,""lastTxOk"":false,""txSeq"":0,""txCounter"":0,""aesKeyProvisioned"":true,""aesKeyPresent"":true,""aesKeySource"":""nvs"",""keyId"":1,""lastDownlinkCommandId"":0,""freqMHz"":920,""bwKHz"":125,""sf"":7,""cr"":5,""syncWord"":18,""txPowerDbm"":17,""preamble"":8,""tcxoVoltage"":1.600000024,""xtalVoltage"":0},""dataset"":{""state"":""idle"",""step"":""idle"",""label"":"""",""seq"":0,""targetSamples"":0,""sampleIntervalMs"":500,""maxDurationMs"":0,""useFanIntake"":true,""fanOnMs"":1000,""postFanSettleMs"":0,""nullingProfileId"":9,""queuePending"":0,""queueCapacity"":16,""queueEnqueued"":0,""queueDropped"":0,""publishFailCount"":0,""retryCount"":0,""retryFailCount"":0,""rejectedSamples"":0,""lastRejectReason"":""none"",""lastRejectChannel"":-1,""lastRejectOkFiniteCount"":0,""lastRejectStatus"":255,""lastRejectGain"":0,""lastRejectSaturated"":false},""recovery"":{""wifiReconnectCount"":0,""wifiReconnectFailCount"":0,""mqttReconnectCount"":0,""mqttConnectFailCount"":0,""lastMqttState"":0,""adsRecoveryCount"":0,""adsRecoveryFailCount"":0,""adsReadFailStreak"":0,""lastReason"":""none"",""lastRecoveryMs"":0,""bootRecoveryArmed"":false,""bootRecoveryDueMs"":0,""bootRecoveryReason"":""none"",""bootRecoveryNonAdsFailure"":false,""bootRecoveryRestartCount"":0},""nulling"":{""done"":false,""retryArmed"":false,""attemptCount"":0,""nextRetryMs"":0,""thresholdV"":9.999999747E-06,""minFinalV"":0},""telemetry"":{""valid"":true,""sampleMs"":2074075,""gasClass"":6,""gasName"":""CO2"",""confidence"":0,""alarm"":false,""sensorVoltage"":[-0.000926945,0.004128127,0.004991695,-0.002550586,0.004484344,-0.012116399,-0.020575756,-0.001382426],""sensorGain"":[64,64,64,64,64,64,64,64],""sensorStatus"":[0,0,0,0,0,0,0,0],""featureOrder"":[""MQ8"",""MQ135"",""MQ3"",""MQ5"",""MQ4"",""MQ7"",""MQ6"",""MQ2""]},""alarmLatched"":false}"
"2026-08-04 09:55:38.574 +07:00","46.997","HOT_BASELINE_100","100","1000","0","1","0","-0.000913332","0.004123861","0.005040129","-0.002596897","0.004251331","-0.012162241","-0.020562371","-0.001045751","{""deviceId"":""1001"",""nodeId"":4097,""targetChId"":""0010"",""mode"":""inference"",""uptimeMs"":2075171,""debugEnabled"":true,""power"":{""mode"":""24v"",""externalPower"":true,""batteryMv"":65535,""batteryValid"":false,""batteryDetected"":false,""batterySenseStatus"":""not_detected"",""batteryLow"":false,""batteryCritical"":false,""sourceAmbiguous"":false,""serviceHoldActive"":false,""serviceHoldEffective"":false},""batterySession"":{""state"":""inactive"",""startedMs"":0,""stateStartedMs"":0,""validSampleBatches"":0,""requiredSampleBatches"":10,""alarmTxAttempts"":0,""alarmTxAttemptLimit"":3,""alarmAckReceived"":false,""pendingAlarm"":false,""pendingSaveRequired"":false,""persistenceFaultHold"":false,""completionReason"":""session_done""},""bootHealth"":{""adsReady"":true,""adsDrdyLevel"":0,""adsDrdyPulldownLevel"":0,""adsDrdyPullupLevel"":0,""adsMisoPulldownLevel"":0,""adsMisoPullupLevel"":1,""adsCsLevel"":1,""adsSyncLevel"":1,""adsStatus"":54,""adsMux"":15,""adsAdcon"":6,""adsDrate"":240,""adsReason"":""ok"",""tcaOk"":true,""mcpOkCount"":8,""mcpOk"":[true,true,true,true,true,true,true,true],""mcpAddrMask"":[1,1,1,1,1,1,1,1],""mcpControlTested"":true,""mcpControlOkCount"":8,""mcpControlOk"":[true,true,true,true,true,true,true,true],""dacReady"":true,""radioReady"":true,""mlReady"":true,""nullingProfileApplied"":true,""modelProfileReady"":false},""runtimeMcpCode"":[255,519,795,706,799,865,665,139],""model"":{""profileId"":""cnn-dualbranch-datasheet-v1-unbound"",""scalerProfileId"":""cnn-dualbranch-datasheet-v1-unbound"",""productionApproved"":true,""boundNullingProfileId"":8,""activeNullingProfileId"":9,""bindingValid"":true,""bindingModelMatches"":true,""profileReady"":false,""inferenceValid"":false,""sensorFault"":true},""lora"":{""beginState"":0,""lastTxState"":0,""lastTxOk"":false,""txSeq"":0,""txCounter"":0,""aesKeyProvisioned"":true,""aesKeyPresent"":true,""aesKeySource"":""nvs"",""keyId"":1,""lastDownlinkCommandId"":0,""freqMHz"":920,""bwKHz"":125,""sf"":7,""cr"":5,""syncWord"":18,""txPowerDbm"":17,""preamble"":8,""tcxoVoltage"":1.600000024,""xtalVoltage"":0},""dataset"":{""state"":""idle"",""step"":""idle"",""label"":"""",""seq"":0,""targetSamples"":0,""sampleIntervalMs"":500,""maxDurationMs"":0,""useFanIntake"":true,""fanOnMs"":1000,""postFanSettleMs"":0,""nullingProfileId"":9,""queuePending"":0,""queueCapacity"":16,""queueEnqueued"":0,""queueDropped"":0,""publishFailCount"":0,""retryCount"":0,""retryFailCount"":0,""rejectedSamples"":0,""lastRejectReason"":""none"",""lastRejectChannel"":-1,""lastRejectOkFiniteCount"":0,""lastRejectStatus"":255,""lastRejectGain"":0,""lastRejectSaturated"":false},""recovery"":{""wifiReconnectCount"":0,""wifiReconnectFailCount"":0,""mqttReconnectCount"":0,""mqttConnectFailCount"":0,""lastMqttState"":0,""adsRecoveryCount"":0,""adsRecoveryFailCount"":0,""adsReadFailStreak"":0,""lastReason"":""none"",""lastRecoveryMs"":0,""bootRecoveryArmed"":false,""bootRecoveryDueMs"":0,""bootRecoveryReason"":""none"",""bootRecoveryNonAdsFailure"":false,""bootRecoveryRestartCount"":0},""nulling"":{""done"":false,""retryArmed"":false,""attemptCount"":0,""nextRetryMs"":0,""thresholdV"":9.999999747E-06,""minFinalV"":0},""telemetry"":{""valid"":true,""sampleMs"":2074765,""gasClass"":6,""gasName"":""CO2"",""confidence"":0,""alarm"":false,""sensorVoltage"":[-0.000913332,0.004123861,0.005040129,-0.002596897,0.004251331,-0.012162241,-0.020562371,-0.001045751],""sensorGain"":[64,64,64,64,64,64,64,64],""sensorStatus"":[0,0,0,0,0,0,0,0],""featureOrder"":[""MQ8"",""MQ135"",""MQ3"",""MQ5"",""MQ4"",""MQ7"",""MQ6"",""MQ2""]},""alarmLatched"":false}"
"2026-08-04 09:55:39.266 +07:00","47.689","HOT_BASELINE_100","100","1000","0","1","0","-0.000907593","0.004083979","0.005052158","-0.002569316","0.003973321","-0.01219582","-0.020538077","-0.001278569","{""deviceId"":""1001"",""nodeId"":4097,""targetChId"":""0010"",""mode"":""inference"",""uptimeMs"":2075868,""debugEnabled"":true,""power"":{""mode"":""24v"",""externalPower"":true,""batteryMv"":65535,""batteryValid"":false,""batteryDetected"":false,""batterySenseStatus"":""not_detected"",""batteryLow"":false,""batteryCritical"":false,""sourceAmbiguous"":false,""serviceHoldActive"":false,""serviceHoldEffective"":false},""batterySession"":{""state"":""inactive"",""startedMs"":0,""stateStartedMs"":0,""validSampleBatches"":0,""requiredSampleBatches"":10,""alarmTxAttempts"":0,""alarmTxAttemptLimit"":3,""alarmAckReceived"":false,""pendingAlarm"":false,""pendingSaveRequired"":false,""persistenceFaultHold"":false,""completionReason"":""session_done""},""bootHealth"":{""adsReady"":true,""adsDrdyLevel"":0,""adsDrdyPulldownLevel"":0,""adsDrdyPullupLevel"":0,""adsMisoPulldownLevel"":0,""adsMisoPullupLevel"":1,""adsCsLevel"":1,""adsSyncLevel"":1,""adsStatus"":54,""adsMux"":15,""adsAdcon"":6,""adsDrate"":240,""adsReason"":""ok"",""tcaOk"":true,""mcpOkCount"":8,""mcpOk"":[true,true,true,true,true,true,true,true],""mcpAddrMask"":[1,1,1,1,1,1,1,1],""mcpControlTested"":true,""mcpControlOkCount"":8,""mcpControlOk"":[true,true,true,true,true,true,true,true],""dacReady"":true,""radioReady"":true,""mlReady"":true,""nullingProfileApplied"":true,""modelProfileReady"":false},""runtimeMcpCode"":[255,519,795,706,799,865,665,139],""model"":{""profileId"":""cnn-dualbranch-datasheet-v1-unbound"",""scalerProfileId"":""cnn-dualbranch-datasheet-v1-unbound"",""productionApproved"":true,""boundNullingProfileId"":8,""activeNullingProfileId"":9,""bindingValid"":true,""bindingModelMatches"":true,""profileReady"":false,""inferenceValid"":false,""sensorFault"":true},""lora"":{""beginState"":0,""lastTxState"":0,""lastTxOk"":false,""txSeq"":0,""txCounter"":0,""aesKeyProvisioned"":true,""aesKeyPresent"":true,""aesKeySource"":""nvs"",""keyId"":1,""lastDownlinkCommandId"":0,""freqMHz"":920,""bwKHz"":125,""sf"":7,""cr"":5,""syncWord"":18,""txPowerDbm"":17,""preamble"":8,""tcxoVoltage"":1.600000024,""xtalVoltage"":0},""dataset"":{""state"":""idle"",""step"":""idle"",""label"":"""",""seq"":0,""targetSamples"":0,""sampleIntervalMs"":500,""maxDurationMs"":0,""useFanIntake"":true,""fanOnMs"":1000,""postFanSettleMs"":0,""nullingProfileId"":9,""queuePending"":0,""queueCapacity"":16,""queueEnqueued"":0,""queueDropped"":0,""publishFailCount"":0,""retryCount"":0,""retryFailCount"":0,""rejectedSamples"":0,""lastRejectReason"":""none"",""lastRejectChannel"":-1,""lastRejectOkFiniteCount"":0,""lastRejectStatus"":255,""lastRejectGain"":0,""lastRejectSaturated"":false},""recovery"":{""wifiReconnectCount"":0,""wifiReconnectFailCount"":0,""mqttReconnectCount"":0,""mqttConnectFailCount"":0,""lastMqttState"":0,""adsRecoveryCount"":0,""adsRecoveryFailCount"":0,""adsReadFailStreak"":0,""lastReason"":""none"",""lastRecoveryMs"":0,""bootRecoveryArmed"":false,""bootRecoveryDueMs"":0,""bootRecoveryReason"":""none"",""bootRecoveryNonAdsFailure"":false,""bootRecoveryRestartCount"":0},""nulling"":{""done"":false,""retryArmed"":false,""attemptCount"":0,""nextRetryMs"":0,""thresholdV"":9.999999747E-06,""minFinalV"":0},""telemetry"":{""valid"":true,""sampleMs"":2075481,""gasClass"":6,""gasName"":""CO2"",""confidence"":0,""alarm"":false,""sensorVoltage"":[-0.000907593,0.004083979,0.005052158,-0.002569316,0.003973321,-0.01219582,-0.020538077,-0.001278569],""sensorGain"":[64,64,64,64,64,64,64,64],""sensorStatus"":[0,0,0,0,0,0,0,0],""featureOrder"":[""MQ8"",""MQ135"",""MQ3"",""MQ5"",""MQ4"",""MQ7"",""MQ6"",""MQ2""]},""alarmLatched"":false}"
"2026-08-04 09:55:39.969 +07:00","48.39","HOT_BASELINE_100","100","1000","0","1","0","-0.00091667","0.004113358","0.00505979","-0.002525195","0.003056691","-0.012275013","-0.020540547","-0.00074868","{""deviceId"":""1001"",""nodeId"":4097,""targetChId"":""0010"",""mode"":""inference"",""uptimeMs"":2076566,""debugEnabled"":true,""power"":{""mode"":""24v"",""externalPower"":true,""batteryMv"":65535,""batteryValid"":false,""batteryDetected"":false,""batterySenseStatus"":""not_detected"",""batteryLow"":false,""batteryCritical"":false,""sourceAmbiguous"":false,""serviceHoldActive"":false,""serviceHoldEffective"":false},""batterySession"":{""state"":""inactive"",""startedMs"":0,""stateStartedMs"":0,""validSampleBatches"":0,""requiredSampleBatches"":10,""alarmTxAttempts"":0,""alarmTxAttemptLimit"":3,""alarmAckReceived"":false,""pendingAlarm"":false,""pendingSaveRequired"":false,""persistenceFaultHold"":false,""completionReason"":""session_done""},""bootHealth"":{""adsReady"":true,""adsDrdyLevel"":0,""adsDrdyPulldownLevel"":0,""adsDrdyPullupLevel"":0,""adsMisoPulldownLevel"":0,""adsMisoPullupLevel"":1,""adsCsLevel"":1,""adsSyncLevel"":1,""adsStatus"":54,""adsMux"":15,""adsAdcon"":6,""adsDrate"":240,""adsReason"":""ok"",""tcaOk"":true,""mcpOkCount"":8,""mcpOk"":[true,true,true,true,true,true,true,true],""mcpAddrMask"":[1,1,1,1,1,1,1,1],""mcpControlTested"":true,""mcpControlOkCount"":8,""mcpControlOk"":[true,true,true,true,true,true,true,true],""dacReady"":true,""radioReady"":true,""mlReady"":true,""nullingProfileApplied"":true,""modelProfileReady"":false},""runtimeMcpCode"":[255,519,795,706,799,865,665,139],""model"":{""profileId"":""cnn-dualbranch-datasheet-v1-unbound"",""scalerProfileId"":""cnn-dualbranch-datasheet-v1-unbound"",""productionApproved"":true,""boundNullingProfileId"":8,""activeNullingProfileId"":9,""bindingValid"":true,""bindingModelMatches"":true,""profileReady"":false,""inferenceValid"":false,""sensorFault"":true},""lora"":{""beginState"":0,""lastTxState"":0,""lastTxOk"":false,""txSeq"":0,""txCounter"":0,""aesKeyProvisioned"":true,""aesKeyPresent"":true,""aesKeySource"":""nvs"",""keyId"":1,""lastDownlinkCommandId"":0,""freqMHz"":920,""bwKHz"":125,""sf"":7,""cr"":5,""syncWord"":18,""txPowerDbm"":17,""preamble"":8,""tcxoVoltage"":1.600000024,""xtalVoltage"":0},""dataset"":{""state"":""idle"",""step"":""idle"",""label"":"""",""seq"":0,""targetSamples"":0,""sampleIntervalMs"":500,""maxDurationMs"":0,""useFanIntake"":true,""fanOnMs"":1000,""postFanSettleMs"":0,""nullingProfileId"":9,""queuePending"":0,""queueCapacity"":16,""queueEnqueued"":0,""queueDropped"":0,""publishFailCount"":0,""retryCount"":0,""retryFailCount"":0,""rejectedSamples"":0,""lastRejectReason"":""none"",""lastRejectChannel"":-1,""lastRejectOkFiniteCount"":0,""lastRejectStatus"":255,""lastRejectGain"":0,""lastRejectSaturated"":false},""recovery"":{""wifiReconnectCount"":0,""wifiReconnectFailCount"":0,""mqttReconnectCount"":0,""mqttConnectFailCount"":0,""lastMqttState"":0,""adsRecoveryCount"":0,""adsRecoveryFailCount"":0,""adsReadFailStreak"":0,""lastReason"":""none"",""lastRecoveryMs"":0,""bootRecoveryArmed"":false,""bootRecoveryDueMs"":0,""bootRecoveryReason"":""none"",""bootRecoveryNonAdsFailure"":false,""bootRecoveryRestartCount"":0},""nulling"":{""done"":false,""retryArmed"":false,""attemptCount"":0,""nextRetryMs"":0,""thresholdV"":9.999999747E-06,""minFinalV"":0},""telemetry"":{""valid"":true,""sampleMs"":2076146,""gasClass"":6,""gasName"":""CO2"",""confidence"":0,""alarm"":false,""sensorVoltage"":[-0.00091667,0.004113358,0.00505979,-0.002525195,0.003056691,-0.012275013,-0.020540547,-0.00074868],""sensorGain"":[64,64,64,64,64,64,64,64],""sensorStatus"":[0,0,0,0,0,0,0,0],""featureOrder"":[""MQ8"",""MQ135"",""MQ3"",""MQ5"",""MQ4"",""MQ7"",""MQ6"",""MQ2""]},""alarmLatched"":false}"
"2026-08-04 09:55:40.669 +07:00","49.09","HOT_BASELINE_100","100","1000","0","1","0","-0.000909832","0.004125078","0.004990682","-0.002536611","0.004885702","-0.012206096","-0.020526798","0.000945675","{""deviceId"":""1001"",""nodeId"":4097,""targetChId"":""0010"",""mode"":""inference"",""uptimeMs"":2077266,""debugEnabled"":true,""power"":{""mode"":""24v"",""externalPower"":true,""batteryMv"":65535,""batteryValid"":false,""batteryDetected"":false,""batterySenseStatus"":""not_detected"",""batteryLow"":false,""batteryCritical"":false,""sourceAmbiguous"":false,""serviceHoldActive"":false,""serviceHoldEffective"":false},""batterySession"":{""state"":""inactive"",""startedMs"":0,""stateStartedMs"":0,""validSampleBatches"":0,""requiredSampleBatches"":10,""alarmTxAttempts"":0,""alarmTxAttemptLimit"":3,""alarmAckReceived"":false,""pendingAlarm"":false,""pendingSaveRequired"":false,""persistenceFaultHold"":false,""completionReason"":""session_done""},""bootHealth"":{""adsReady"":true,""adsDrdyLevel"":0,""adsDrdyPulldownLevel"":0,""adsDrdyPullupLevel"":0,""adsMisoPulldownLevel"":0,""adsMisoPullupLevel"":1,""adsCsLevel"":1,""adsSyncLevel"":1,""adsStatus"":54,""adsMux"":15,""adsAdcon"":6,""adsDrate"":240,""adsReason"":""ok"",""tcaOk"":true,""mcpOkCount"":8,""mcpOk"":[true,true,true,true,true,true,true,true],""mcpAddrMask"":[1,1,1,1,1,1,1,1],""mcpControlTested"":true,""mcpControlOkCount"":8,""mcpControlOk"":[true,true,true,true,true,true,true,true],""dacReady"":true,""radioReady"":true,""mlReady"":true,""nullingProfileApplied"":true,""modelProfileReady"":false},""runtimeMcpCode"":[255,519,795,706,799,865,665,139],""model"":{""profileId"":""cnn-dualbranch-datasheet-v1-unbound"",""scalerProfileId"":""cnn-dualbranch-datasheet-v1-unbound"",""productionApproved"":true,""boundNullingProfileId"":8,""activeNullingProfileId"":9,""bindingValid"":true,""bindingModelMatches"":true,""profileReady"":false,""inferenceValid"":false,""sensorFault"":true},""lora"":{""beginState"":0,""lastTxState"":0,""lastTxOk"":false,""txSeq"":0,""txCounter"":0,""aesKeyProvisioned"":true,""aesKeyPresent"":true,""aesKeySource"":""nvs"",""keyId"":1,""lastDownlinkCommandId"":0,""freqMHz"":920,""bwKHz"":125,""sf"":7,""cr"":5,""syncWord"":18,""txPowerDbm"":17,""preamble"":8,""tcxoVoltage"":1.600000024,""xtalVoltage"":0},""dataset"":{""state"":""idle"",""step"":""idle"",""label"":"""",""seq"":0,""targetSamples"":0,""sampleIntervalMs"":500,""maxDurationMs"":0,""useFanIntake"":true,""fanOnMs"":1000,""postFanSettleMs"":0,""nullingProfileId"":9,""queuePending"":0,""queueCapacity"":16,""queueEnqueued"":0,""queueDropped"":0,""publishFailCount"":0,""retryCount"":0,""retryFailCount"":0,""rejectedSamples"":0,""lastRejectReason"":""none"",""lastRejectChannel"":-1,""lastRejectOkFiniteCount"":0,""lastRejectStatus"":255,""lastRejectGain"":0,""lastRejectSaturated"":false},""recovery"":{""wifiReconnectCount"":0,""wifiReconnectFailCount"":0,""mqttReconnectCount"":0,""mqttConnectFailCount"":0,""lastMqttState"":0,""adsRecoveryCount"":0,""adsRecoveryFailCount"":0,""adsReadFailStreak"":0,""lastReason"":""none"",""lastRecoveryMs"":0,""bootRecoveryArmed"":false,""bootRecoveryDueMs"":0,""bootRecoveryReason"":""none"",""bootRecoveryNonAdsFailure"":false,""bootRecoveryRestartCount"":0},""nulling"":{""done"":false,""retryArmed"":false,""attemptCount"":0,""nextRetryMs"":0,""thresholdV"":9.999999747E-06,""minFinalV"":0},""telemetry"":{""valid"":true,""sampleMs"":2076844,""gasClass"":6,""gasName"":""CO2"",""confidence"":0,""alarm"":false,""sensorVoltage"":[-0.000909832,0.004125078,0.004990682,-0.002536611,0.004885702,-0.012206096,-0.020526798,0.000945675],""sensorGain"":[64,64,64,64,64,64,64,64],""sensorStatus"":[0,0,0,0,0,0,0,0],""featureOrder"":[""MQ8"",""MQ135"",""MQ3"",""MQ5"",""MQ4"",""MQ7"",""MQ6"",""MQ2""]},""alarmLatched"":false}"
"2026-08-04 09:55:41.351 +07:00","49.77","HOT_BASELINE_100","100","1000","0","1","0","-0.000907554","0.004143172","0.004993625","-0.002519604","0.00414547","-0.012216534","-0.020512655","0.00197114","{""deviceId"":""1001"",""nodeId"":4097,""targetChId"":""0010"",""mode"":""inference"",""uptimeMs"":2077948,""debugEnabled"":true,""power"":{""mode"":""24v"",""externalPower"":true,""batteryMv"":65535,""batteryValid"":false,""batteryDetected"":false,""batterySenseStatus"":""not_detected"",""batteryLow"":false,""batteryCritical"":false,""sourceAmbiguous"":false,""serviceHoldActive"":false,""serviceHoldEffective"":false},""batterySession"":{""state"":""inactive"",""startedMs"":0,""stateStartedMs"":0,""validSampleBatches"":0,""requiredSampleBatches"":10,""alarmTxAttempts"":0,""alarmTxAttemptLimit"":3,""alarmAckReceived"":false,""pendingAlarm"":false,""pendingSaveRequired"":false,""persistenceFaultHold"":false,""completionReason"":""session_done""},""bootHealth"":{""adsReady"":true,""adsDrdyLevel"":0,""adsDrdyPulldownLevel"":0,""adsDrdyPullupLevel"":0,""adsMisoPulldownLevel"":0,""adsMisoPullupLevel"":1,""adsCsLevel"":1,""adsSyncLevel"":1,""adsStatus"":54,""adsMux"":15,""adsAdcon"":6,""adsDrate"":240,""adsReason"":""ok"",""tcaOk"":true,""mcpOkCount"":8,""mcpOk"":[true,true,true,true,true,true,true,true],""mcpAddrMask"":[1,1,1,1,1,1,1,1],""mcpControlTested"":true,""mcpControlOkCount"":8,""mcpControlOk"":[true,true,true,true,true,true,true,true],""dacReady"":true,""radioReady"":true,""mlReady"":true,""nullingProfileApplied"":true,""modelProfileReady"":false},""runtimeMcpCode"":[255,519,795,706,799,865,665,139],""model"":{""profileId"":""cnn-dualbranch-datasheet-v1-unbound"",""scalerProfileId"":""cnn-dualbranch-datasheet-v1-unbound"",""productionApproved"":true,""boundNullingProfileId"":8,""activeNullingProfileId"":9,""bindingValid"":true,""bindingModelMatches"":true,""profileReady"":false,""inferenceValid"":false,""sensorFault"":true},""lora"":{""beginState"":0,""lastTxState"":0,""lastTxOk"":false,""txSeq"":0,""txCounter"":0,""aesKeyProvisioned"":true,""aesKeyPresent"":true,""aesKeySource"":""nvs"",""keyId"":1,""lastDownlinkCommandId"":0,""freqMHz"":920,""bwKHz"":125,""sf"":7,""cr"":5,""syncWord"":18,""txPowerDbm"":17,""preamble"":8,""tcxoVoltage"":1.600000024,""xtalVoltage"":0},""dataset"":{""state"":""idle"",""step"":""idle"",""label"":"""",""seq"":0,""targetSamples"":0,""sampleIntervalMs"":500,""maxDurationMs"":0,""useFanIntake"":true,""fanOnMs"":1000,""postFanSettleMs"":0,""nullingProfileId"":9,""queuePending"":0,""queueCapacity"":16,""queueEnqueued"":0,""queueDropped"":0,""publishFailCount"":0,""retryCount"":0,""retryFailCount"":0,""rejectedSamples"":0,""lastRejectReason"":""none"",""lastRejectChannel"":-1,""lastRejectOkFiniteCount"":0,""lastRejectStatus"":255,""lastRejectGain"":0,""lastRejectSaturated"":false},""recovery"":{""wifiReconnectCount"":0,""wifiReconnectFailCount"":0,""mqttReconnectCount"":0,""mqttConnectFailCount"":0,""lastMqttState"":0,""adsRecoveryCount"":0,""adsRecoveryFailCount"":0,""adsReadFailStreak"":0,""lastReason"":""none"",""lastRecoveryMs"":0,""bootRecoveryArmed"":false,""bootRecoveryDueMs"":0,""bootRecoveryReason"":""none"",""bootRecoveryNonAdsFailure"":false,""bootRecoveryRestartCount"":0},""nulling"":{""done"":false,""retryArmed"":false,""attemptCount"":0,""nextRetryMs"":0,""thresholdV"":9.999999747E-06,""minFinalV"":0},""telemetry"":{""valid"":true,""sampleMs"":2077576,""gasClass"":6,""gasName"":""CO2"",""confidence"":0,""alarm"":false,""sensorVoltage"":[-0.000907554,0.004143172,0.004993625,-0.002519604,0.00414547,-0.012216534,-0.020512655,0.00197114],""sensorGain"":[64,64,64,64,64,64,64,64],""sensorStatus"":[0,0,0,0,0,0,0,0],""featureOrder"":[""MQ8"",""MQ135"",""MQ3"",""MQ5"",""MQ4"",""MQ7"",""MQ6"",""MQ2""]},""alarmLatched"":false}"
"2026-08-04 09:55:42.032 +07:00","50.455","HOT_BASELINE_100","100","1000","0","1","0","-0.000906855","0.004107981","0.004965595","-0.002586944","0.005186592","-0.01215105","-0.020507149","0.001449775","{""deviceId"":""1001"",""nodeId"":4097,""targetChId"":""0010"",""mode"":""inference"",""uptimeMs"":2078633,""debugEnabled"":true,""power"":{""mode"":""24v"",""externalPower"":true,""batteryMv"":65535,""batteryValid"":false,""batteryDetected"":false,""batterySenseStatus"":""not_detected"",""batteryLow"":false,""batteryCritical"":false,""sourceAmbiguous"":false,""serviceHoldActive"":false,""serviceHoldEffective"":false},""batterySession"":{""state"":""inactive"",""startedMs"":0,""stateStartedMs"":0,""validSampleBatches"":0,""requiredSampleBatches"":10,""alarmTxAttempts"":0,""alarmTxAttemptLimit"":3,""alarmAckReceived"":false,""pendingAlarm"":false,""pendingSaveRequired"":false,""persistenceFaultHold"":false,""completionReason"":""session_done""},""bootHealth"":{""adsReady"":true,""adsDrdyLevel"":0,""adsDrdyPulldownLevel"":0,""adsDrdyPullupLevel"":0,""adsMisoPulldownLevel"":0,""adsMisoPullupLevel"":1,""adsCsLevel"":1,""adsSyncLevel"":1,""adsStatus"":54,""adsMux"":15,""adsAdcon"":6,""adsDrate"":240,""adsReason"":""ok"",""tcaOk"":true,""mcpOkCount"":8,""mcpOk"":[true,true,true,true,true,true,true,true],""mcpAddrMask"":[1,1,1,1,1,1,1,1],""mcpControlTested"":true,""mcpControlOkCount"":8,""mcpControlOk"":[true,true,true,true,true,true,true,true],""dacReady"":true,""radioReady"":true,""mlReady"":true,""nullingProfileApplied"":true,""modelProfileReady"":false},""runtimeMcpCode"":[255,519,795,706,799,865,665,139],""model"":{""profileId"":""cnn-dualbranch-datasheet-v1-unbound"",""scalerProfileId"":""cnn-dualbranch-datasheet-v1-unbound"",""productionApproved"":true,""boundNullingProfileId"":8,""activeNullingProfileId"":9,""bindingValid"":true,""bindingModelMatches"":true,""profileReady"":false,""inferenceValid"":false,""sensorFault"":true},""lora"":{""beginState"":0,""lastTxState"":0,""lastTxOk"":false,""txSeq"":0,""txCounter"":0,""aesKeyProvisioned"":true,""aesKeyPresent"":true,""aesKeySource"":""nvs"",""keyId"":1,""lastDownlinkCommandId"":0,""freqMHz"":920,""bwKHz"":125,""sf"":7,""cr"":5,""syncWord"":18,""txPowerDbm"":17,""preamble"":8,""tcxoVoltage"":1.600000024,""xtalVoltage"":0},""dataset"":{""state"":""idle"",""step"":""idle"",""label"":"""",""seq"":0,""targetSamples"":0,""sampleIntervalMs"":500,""maxDurationMs"":0,""useFanIntake"":true,""fanOnMs"":1000,""postFanSettleMs"":0,""nullingProfileId"":9,""queuePending"":0,""queueCapacity"":16,""queueEnqueued"":0,""queueDropped"":0,""publishFailCount"":0,""retryCount"":0,""retryFailCount"":0,""rejectedSamples"":0,""lastRejectReason"":""none"",""lastRejectChannel"":-1,""lastRejectOkFiniteCount"":0,""lastRejectStatus"":255,""lastRejectGain"":0,""lastRejectSaturated"":false},""recovery"":{""wifiReconnectCount"":0,""wifiReconnectFailCount"":0,""mqttReconnectCount"":0,""mqttConnectFailCount"":0,""lastMqttState"":0,""adsRecoveryCount"":0,""adsRecoveryFailCount"":0,""adsReadFailStreak"":0,""lastReason"":""none"",""lastRecoveryMs"":0,""bootRecoveryArmed"":false,""bootRecoveryDueMs"":0,""bootRecoveryReason"":""none"",""bootRecoveryNonAdsFailure"":false,""bootRecoveryRestartCount"":0},""nulling"":{""done"":false,""retryArmed"":false,""attemptCount"":0,""nextRetryMs"":0,""thresholdV"":9.999999747E-06,""minFinalV"":0},""telemetry"":{""valid"":true,""sampleMs"":2078226,""gasClass"":6,""gasName"":""CO2"",""confidence"":0,""alarm"":false,""sensorVoltage"":[-0.000906855,0.004107981,0.004965595,-0.002586944,0.005186592,-0.01215105,-0.020507149,0.001449775],""sensorGain"":[64,64,64,64,64,64,64,64],""sensorStatus"":[0,0,0,0,0,0,0,0],""featureOrder"":[""MQ8"",""MQ135"",""MQ3"",""MQ5"",""MQ4"",""MQ7"",""MQ6"",""MQ2""]},""alarmLatched"":false}"
"2026-08-04 09:55:42.717 +07:00","51.14","HOT_BASELINE_100","100","1000","0","1","0","-0.000901131","0.004163378","0.004980653","-0.00254396","0.005785786","-0.012200643","-0.020519894","0.000441117","{""deviceId"":""1001"",""nodeId"":4097,""targetChId"":""0010"",""mode"":""inference"",""uptimeMs"":2079318,""debugEnabled"":true,""power"":{""mode"":""24v"",""externalPower"":true,""batteryMv"":65535,""batteryValid"":false,""batteryDetected"":false,""batterySenseStatus"":""not_detected"",""batteryLow"":false,""batteryCritical"":false,""sourceAmbiguous"":false,""serviceHoldActive"":false,""serviceHoldEffective"":false},""batterySession"":{""state"":""inactive"",""startedMs"":0,""stateStartedMs"":0,""validSampleBatches"":0,""requiredSampleBatches"":10,""alarmTxAttempts"":0,""alarmTxAttemptLimit"":3,""alarmAckReceived"":false,""pendingAlarm"":false,""pendingSaveRequired"":false,""persistenceFaultHold"":false,""completionReason"":""session_done""},""bootHealth"":{""adsReady"":true,""adsDrdyLevel"":0,""adsDrdyPulldownLevel"":0,""adsDrdyPullupLevel"":0,""adsMisoPulldownLevel"":0,""adsMisoPullupLevel"":1,""adsCsLevel"":1,""adsSyncLevel"":1,""adsStatus"":54,""adsMux"":15,""adsAdcon"":6,""adsDrate"":240,""adsReason"":""ok"",""tcaOk"":true,""mcpOkCount"":8,""mcpOk"":[true,true,true,true,true,true,true,true],""mcpAddrMask"":[1,1,1,1,1,1,1,1],""mcpControlTested"":true,""mcpControlOkCount"":8,""mcpControlOk"":[true,true,true,true,true,true,true,true],""dacReady"":true,""radioReady"":true,""mlReady"":true,""nullingProfileApplied"":true,""modelProfileReady"":false},""runtimeMcpCode"":[255,519,795,706,799,865,665,139],""model"":{""profileId"":""cnn-dualbranch-datasheet-v1-unbound"",""scalerProfileId"":""cnn-dualbranch-datasheet-v1-unbound"",""productionApproved"":true,""boundNullingProfileId"":8,""activeNullingProfileId"":9,""bindingValid"":true,""bindingModelMatches"":true,""profileReady"":false,""inferenceValid"":false,""sensorFault"":true},""lora"":{""beginState"":0,""lastTxState"":0,""lastTxOk"":false,""txSeq"":0,""txCounter"":0,""aesKeyProvisioned"":true,""aesKeyPresent"":true,""aesKeySource"":""nvs"",""keyId"":1,""lastDownlinkCommandId"":0,""freqMHz"":920,""bwKHz"":125,""sf"":7,""cr"":5,""syncWord"":18,""txPowerDbm"":17,""preamble"":8,""tcxoVoltage"":1.600000024,""xtalVoltage"":0},""dataset"":{""state"":""idle"",""step"":""idle"",""label"":"""",""seq"":0,""targetSamples"":0,""sampleIntervalMs"":500,""maxDurationMs"":0,""useFanIntake"":true,""fanOnMs"":1000,""postFanSettleMs"":0,""nullingProfileId"":9,""queuePending"":0,""queueCapacity"":16,""queueEnqueued"":0,""queueDropped"":0,""publishFailCount"":0,""retryCount"":0,""retryFailCount"":0,""rejectedSamples"":0,""lastRejectReason"":""none"",""lastRejectChannel"":-1,""lastRejectOkFiniteCount"":0,""lastRejectStatus"":255,""lastRejectGain"":0,""lastRejectSaturated"":false},""recovery"":{""wifiReconnectCount"":0,""wifiReconnectFailCount"":0,""mqttReconnectCount"":0,""mqttConnectFailCount"":0,""lastMqttState"":0,""adsRecoveryCount"":0,""adsRecoveryFailCount"":0,""adsReadFailStreak"":0,""lastReason"":""none"",""lastRecoveryMs"":0,""bootRecoveryArmed"":false,""bootRecoveryDueMs"":0,""bootRecoveryReason"":""none"",""bootRecoveryNonAdsFailure"":false,""bootRecoveryRestartCount"":0},""nulling"":{""done"":false,""retryArmed"":false,""attemptCount"":0,""nextRetryMs"":0,""thresholdV"":9.999999747E-06,""minFinalV"":0},""telemetry"":{""valid"":true,""sampleMs"":2078911,""gasClass"":6,""gasName"":""CO2"",""confidence"":0,""alarm"":false,""sensorVoltage"":[-0.000901131,0.004163378,0.004980653,-0.00254396,0.005785786,-0.012200643,-0.020519894,0.000441117],""sensorGain"":[64,64,64,64,64,64,64,64],""sensorStatus"":[0,0,0,0,0,0,0,0],""featureOrder"":[""MQ8"",""MQ135"",""MQ3"",""MQ5"",""MQ4"",""MQ7"",""MQ6"",""MQ2""]},""alarmLatched"":false}"
"2026-08-04 09:55:43.411 +07:00","51.83","HOT_BASELINE_100","100","1000","0","1","0","-0.000891199","0.004157534","0.005001077","-0.002526191","0.005829455","-0.012194318","-0.02052911","-0.001214091","{""deviceId"":""1001"",""nodeId"":4097,""targetChId"":""0010"",""mode"":""inference"",""uptimeMs"":2080009,""debugEnabled"":true,""power"":{""mode"":""24v"",""externalPower"":true,""batteryMv"":65535,""batteryValid"":false,""batteryDetected"":false,""batterySenseStatus"":""not_detected"",""batteryLow"":false,""batteryCritical"":false,""sourceAmbiguous"":false,""serviceHoldActive"":false,""serviceHoldEffective"":false},""batterySession"":{""state"":""inactive"",""startedMs"":0,""stateStartedMs"":0,""validSampleBatches"":0,""requiredSampleBatches"":10,""alarmTxAttempts"":0,""alarmTxAttemptLimit"":3,""alarmAckReceived"":false,""pendingAlarm"":false,""pendingSaveRequired"":false,""persistenceFaultHold"":false,""completionReason"":""session_done""},""bootHealth"":{""adsReady"":true,""adsDrdyLevel"":0,""adsDrdyPulldownLevel"":0,""adsDrdyPullupLevel"":0,""adsMisoPulldownLevel"":0,""adsMisoPullupLevel"":1,""adsCsLevel"":1,""adsSyncLevel"":1,""adsStatus"":54,""adsMux"":15,""adsAdcon"":6,""adsDrate"":240,""adsReason"":""ok"",""tcaOk"":true,""mcpOkCount"":8,""mcpOk"":[true,true,true,true,true,true,true,true],""mcpAddrMask"":[1,1,1,1,1,1,1,1],""mcpControlTested"":true,""mcpControlOkCount"":8,""mcpControlOk"":[true,true,true,true,true,true,true,true],""dacReady"":true,""radioReady"":true,""mlReady"":true,""nullingProfileApplied"":true,""modelProfileReady"":false},""runtimeMcpCode"":[255,519,795,706,799,865,665,139],""model"":{""profileId"":""cnn-dualbranch-datasheet-v1-unbound"",""scalerProfileId"":""cnn-dualbranch-datasheet-v1-unbound"",""productionApproved"":true,""boundNullingProfileId"":8,""activeNullingProfileId"":9,""bindingValid"":true,""bindingModelMatches"":true,""profileReady"":false,""inferenceValid"":false,""sensorFault"":true},""lora"":{""beginState"":0,""lastTxState"":0,""lastTxOk"":false,""txSeq"":0,""txCounter"":0,""aesKeyProvisioned"":true,""aesKeyPresent"":true,""aesKeySource"":""nvs"",""keyId"":1,""lastDownlinkCommandId"":0,""freqMHz"":920,""bwKHz"":125,""sf"":7,""cr"":5,""syncWord"":18,""txPowerDbm"":17,""preamble"":8,""tcxoVoltage"":1.600000024,""xtalVoltage"":0},""dataset"":{""state"":""idle"",""step"":""idle"",""label"":"""",""seq"":0,""targetSamples"":0,""sampleIntervalMs"":500,""maxDurationMs"":0,""useFanIntake"":true,""fanOnMs"":1000,""postFanSettleMs"":0,""nullingProfileId"":9,""queuePending"":0,""queueCapacity"":16,""queueEnqueued"":0,""queueDropped"":0,""publishFailCount"":0,""retryCount"":0,""retryFailCount"":0,""rejectedSamples"":0,""lastRejectReason"":""none"",""lastRejectChannel"":-1,""lastRejectOkFiniteCount"":0,""lastRejectStatus"":255,""lastRejectGain"":0,""lastRejectSaturated"":false},""recovery"":{""wifiReconnectCount"":0,""wifiReconnectFailCount"":0,""mqttReconnectCount"":0,""mqttConnectFailCount"":0,""lastMqttState"":0,""adsRecoveryCount"":0,""adsRecoveryFailCount"":0,""adsReadFailStreak"":0,""lastReason"":""none"",""lastRecoveryMs"":0,""bootRecoveryArmed"":false,""bootRecoveryDueMs"":0,""bootRecoveryReason"":""none"",""bootRecoveryNonAdsFailure"":false,""bootRecoveryRestartCount"":0},""nulling"":{""done"":false,""retryArmed"":false,""attemptCount"":0,""nextRetryMs"":0,""thresholdV"":9.999999747E-06,""minFinalV"":0},""telemetry"":{""valid"":true,""sampleMs"":2079628,""gasClass"":6,""gasName"":""CO2"",""confidence"":0,""alarm"":false,""sensorVoltage"":[-0.000891199,0.004157534,0.005001077,-0.002526191,0.005829455,-0.012194318,-0.02052911,-0.001214091],""sensorGain"":[64,64,64,64,64,64,64,64],""sensorStatus"":[0,0,0,0,0,0,0,0],""featureOrder"":[""MQ8"",""MQ135"",""MQ3"",""MQ5"",""MQ4"",""MQ7"",""MQ6"",""MQ2""]},""alarmLatched"":false}"
"2026-08-04 09:55:44.099 +07:00","52.522","HOT_BASELINE_100","100","1000","0","1","0","-0.000900632","0.004134167","0.005001592","-0.00252022","0.005877023","-0.012233618","-0.020528825","-0.001337301","{""deviceId"":""1001"",""nodeId"":4097,""targetChId"":""0010"",""mode"":""inference"",""uptimeMs"":2080697,""debugEnabled"":true,""power"":{""mode"":""24v"",""externalPower"":true,""batteryMv"":65535,""batteryValid"":false,""batteryDetected"":false,""batterySenseStatus"":""not_detected"",""batteryLow"":false,""batteryCritical"":false,""sourceAmbiguous"":false,""serviceHoldActive"":false,""serviceHoldEffective"":false},""batterySession"":{""state"":""inactive"",""startedMs"":0,""stateStartedMs"":0,""validSampleBatches"":0,""requiredSampleBatches"":10,""alarmTxAttempts"":0,""alarmTxAttemptLimit"":3,""alarmAckReceived"":false,""pendingAlarm"":false,""pendingSaveRequired"":false,""persistenceFaultHold"":false,""completionReason"":""session_done""},""bootHealth"":{""adsReady"":true,""adsDrdyLevel"":0,""adsDrdyPulldownLevel"":0,""adsDrdyPullupLevel"":0,""adsMisoPulldownLevel"":0,""adsMisoPullupLevel"":1,""adsCsLevel"":1,""adsSyncLevel"":1,""adsStatus"":54,""adsMux"":15,""adsAdcon"":6,""adsDrate"":240,""adsReason"":""ok"",""tcaOk"":true,""mcpOkCount"":8,""mcpOk"":[true,true,true,true,true,true,true,true],""mcpAddrMask"":[1,1,1,1,1,1,1,1],""mcpControlTested"":true,""mcpControlOkCount"":8,""mcpControlOk"":[true,true,true,true,true,true,true,true],""dacReady"":true,""radioReady"":true,""mlReady"":true,""nullingProfileApplied"":true,""modelProfileReady"":false},""runtimeMcpCode"":[255,519,795,706,799,865,665,139],""model"":{""profileId"":""cnn-dualbranch-datasheet-v1-unbound"",""scalerProfileId"":""cnn-dualbranch-datasheet-v1-unbound"",""productionApproved"":true,""boundNullingProfileId"":8,""activeNullingProfileId"":9,""bindingValid"":true,""bindingModelMatches"":true,""profileReady"":false,""inferenceValid"":false,""sensorFault"":true},""lora"":{""beginState"":0,""lastTxState"":0,""lastTxOk"":false,""txSeq"":0,""txCounter"":0,""aesKeyProvisioned"":true,""aesKeyPresent"":true,""aesKeySource"":""nvs"",""keyId"":1,""lastDownlinkCommandId"":0,""freqMHz"":920,""bwKHz"":125,""sf"":7,""cr"":5,""syncWord"":18,""txPowerDbm"":17,""preamble"":8,""tcxoVoltage"":1.600000024,""xtalVoltage"":0},""dataset"":{""state"":""idle"",""step"":""idle"",""label"":"""",""seq"":0,""targetSamples"":0,""sampleIntervalMs"":500,""maxDurationMs"":0,""useFanIntake"":true,""fanOnMs"":1000,""postFanSettleMs"":0,""nullingProfileId"":9,""queuePending"":0,""queueCapacity"":16,""queueEnqueued"":0,""queueDropped"":0,""publishFailCount"":0,""retryCount"":0,""retryFailCount"":0,""rejectedSamples"":0,""lastRejectReason"":""none"",""lastRejectChannel"":-1,""lastRejectOkFiniteCount"":0,""lastRejectStatus"":255,""lastRejectGain"":0,""lastRejectSaturated"":false},""recovery"":{""wifiReconnectCount"":0,""wifiReconnectFailCount"":0,""mqttReconnectCount"":0,""mqttConnectFailCount"":0,""lastMqttState"":0,""adsRecoveryCount"":0,""adsRecoveryFailCount"":0,""adsReadFailStreak"":0,""lastReason"":""none"",""lastRecoveryMs"":0,""bootRecoveryArmed"":false,""bootRecoveryDueMs"":0,""bootRecoveryReason"":""none"",""bootRecoveryNonAdsFailure"":false,""bootRecoveryRestartCount"":0},""nulling"":{""done"":false,""retryArmed"":false,""attemptCount"":0,""nextRetryMs"":0,""thresholdV"":9.999999747E-06,""minFinalV"":0},""telemetry"":{""valid"":true,""sampleMs"":2080287,""gasClass"":6,""gasName"":""CO2"",""confidence"":0,""alarm"":false,""sensorVoltage"":[-0.000900632,0.004134167,0.005001592,-0.00252022,0.005877023,-0.012233618,-0.020528825,-0.001337301],""sensorGain"":[64,64,64,64,64,64,64,64],""sensorStatus"":[0,0,0,0,0,0,0,0],""featureOrder"":[""MQ8"",""MQ135"",""MQ3"",""MQ5"",""MQ4"",""MQ7"",""MQ6"",""MQ2""]},""alarmLatched"":false}"
"2026-08-04 09:55:44.782 +07:00","53.204","HOT_BASELINE_100","100","1000","0","1","0","-0.000893769","0.004196071","0.004994636","-0.002501431","0.005214264","-0.012163905","-0.020509344","-0.000593848","{""deviceId"":""1001"",""nodeId"":4097,""targetChId"":""0010"",""mode"":""inference"",""uptimeMs"":2081380,""debugEnabled"":true,""power"":{""mode"":""24v"",""externalPower"":true,""batteryMv"":65535,""batteryValid"":false,""batteryDetected"":false,""batterySenseStatus"":""not_detected"",""batteryLow"":false,""batteryCritical"":false,""sourceAmbiguous"":false,""serviceHoldActive"":false,""serviceHoldEffective"":false},""batterySession"":{""state"":""inactive"",""startedMs"":0,""stateStartedMs"":0,""validSampleBatches"":0,""requiredSampleBatches"":10,""alarmTxAttempts"":0,""alarmTxAttemptLimit"":3,""alarmAckReceived"":false,""pendingAlarm"":false,""pendingSaveRequired"":false,""persistenceFaultHold"":false,""completionReason"":""session_done""},""bootHealth"":{""adsReady"":true,""adsDrdyLevel"":0,""adsDrdyPulldownLevel"":0,""adsDrdyPullupLevel"":0,""adsMisoPulldownLevel"":0,""adsMisoPullupLevel"":1,""adsCsLevel"":1,""adsSyncLevel"":1,""adsStatus"":54,""adsMux"":15,""adsAdcon"":6,""adsDrate"":240,""adsReason"":""ok"",""tcaOk"":true,""mcpOkCount"":8,""mcpOk"":[true,true,true,true,true,true,true,true],""mcpAddrMask"":[1,1,1,1,1,1,1,1],""mcpControlTested"":true,""mcpControlOkCount"":8,""mcpControlOk"":[true,true,true,true,true,true,true,true],""dacReady"":true,""radioReady"":true,""mlReady"":true,""nullingProfileApplied"":true,""modelProfileReady"":false},""runtimeMcpCode"":[255,519,795,706,799,865,665,139],""model"":{""profileId"":""cnn-dualbranch-datasheet-v1-unbound"",""scalerProfileId"":""cnn-dualbranch-datasheet-v1-unbound"",""productionApproved"":true,""boundNullingProfileId"":8,""activeNullingProfileId"":9,""bindingValid"":true,""bindingModelMatches"":true,""profileReady"":false,""inferenceValid"":false,""sensorFault"":true},""lora"":{""beginState"":0,""lastTxState"":0,""lastTxOk"":false,""txSeq"":0,""txCounter"":0,""aesKeyProvisioned"":true,""aesKeyPresent"":true,""aesKeySource"":""nvs"",""keyId"":1,""lastDownlinkCommandId"":0,""freqMHz"":920,""bwKHz"":125,""sf"":7,""cr"":5,""syncWord"":18,""txPowerDbm"":17,""preamble"":8,""tcxoVoltage"":1.600000024,""xtalVoltage"":0},""dataset"":{""state"":""idle"",""step"":""idle"",""label"":"""",""seq"":0,""targetSamples"":0,""sampleIntervalMs"":500,""maxDurationMs"":0,""useFanIntake"":true,""fanOnMs"":1000,""postFanSettleMs"":0,""nullingProfileId"":9,""queuePending"":0,""queueCapacity"":16,""queueEnqueued"":0,""queueDropped"":0,""publishFailCount"":0,""retryCount"":0,""retryFailCount"":0,""rejectedSamples"":0,""lastRejectReason"":""none"",""lastRejectChannel"":-1,""lastRejectOkFiniteCount"":0,""lastRejectStatus"":255,""lastRejectGain"":0,""lastRejectSaturated"":false},""recovery"":{""wifiReconnectCount"":0,""wifiReconnectFailCount"":0,""mqttReconnectCount"":0,""mqttConnectFailCount"":0,""lastMqttState"":0,""adsRecoveryCount"":0,""adsRecoveryFailCount"":0,""adsReadFailStreak"":0,""lastReason"":""none"",""lastRecoveryMs"":0,""bootRecoveryArmed"":false,""bootRecoveryDueMs"":0,""bootRecoveryReason"":""none"",""bootRecoveryNonAdsFailure"":false,""bootRecoveryRestartCount"":0},""nulling"":{""done"":false,""retryArmed"":false,""attemptCount"":0,""nextRetryMs"":0,""thresholdV"":9.999999747E-06,""minFinalV"":0},""telemetry"":{""valid"":true,""sampleMs"":2080975,""gasClass"":6,""gasName"":""CO2"",""confidence"":0,""alarm"":false,""sensorVoltage"":[-0.000893769,0.004196071,0.004994636,-0.002501431,0.005214264,-0.012163905,-0.020509344,-0.000593848],""sensorGain"":[64,64,64,64,64,64,64,64],""sensorStatus"":[0,0,0,0,0,0,0,0],""featureOrder"":[""MQ8"",""MQ135"",""MQ3"",""MQ5"",""MQ4"",""MQ7"",""MQ6"",""MQ2""]},""alarmLatched"":false}"
"2026-08-04 09:55:45.462 +07:00","53.883","HOT_BASELINE_100","100","1000","0","1","0","-0.000887302","0.004227566","0.004973167","-0.002495946","0.006039378","-0.012168593","-0.020487821","0.000912534","{""deviceId"":""1001"",""nodeId"":4097,""targetChId"":""0010"",""mode"":""inference"",""uptimeMs"":2082059,""debugEnabled"":true,""power"":{""mode"":""24v"",""externalPower"":true,""batteryMv"":65535,""batteryValid"":false,""batteryDetected"":false,""batterySenseStatus"":""not_detected"",""batteryLow"":false,""batteryCritical"":false,""sourceAmbiguous"":false,""serviceHoldActive"":false,""serviceHoldEffective"":false},""batterySession"":{""state"":""inactive"",""startedMs"":0,""stateStartedMs"":0,""validSampleBatches"":0,""requiredSampleBatches"":10,""alarmTxAttempts"":0,""alarmTxAttemptLimit"":3,""alarmAckReceived"":false,""pendingAlarm"":false,""pendingSaveRequired"":false,""persistenceFaultHold"":false,""completionReason"":""session_done""},""bootHealth"":{""adsReady"":true,""adsDrdyLevel"":0,""adsDrdyPulldownLevel"":0,""adsDrdyPullupLevel"":0,""adsMisoPulldownLevel"":0,""adsMisoPullupLevel"":1,""adsCsLevel"":1,""adsSyncLevel"":1,""adsStatus"":54,""adsMux"":15,""adsAdcon"":6,""adsDrate"":240,""adsReason"":""ok"",""tcaOk"":true,""mcpOkCount"":8,""mcpOk"":[true,true,true,true,true,true,true,true],""mcpAddrMask"":[1,1,1,1,1,1,1,1],""mcpControlTested"":true,""mcpControlOkCount"":8,""mcpControlOk"":[true,true,true,true,true,true,true,true],""dacReady"":true,""radioReady"":true,""mlReady"":true,""nullingProfileApplied"":true,""modelProfileReady"":false},""runtimeMcpCode"":[255,519,795,706,799,865,665,139],""model"":{""profileId"":""cnn-dualbranch-datasheet-v1-unbound"",""scalerProfileId"":""cnn-dualbranch-datasheet-v1-unbound"",""productionApproved"":true,""boundNullingProfileId"":8,""activeNullingProfileId"":9,""bindingValid"":true,""bindingModelMatches"":true,""profileReady"":false,""inferenceValid"":false,""sensorFault"":true},""lora"":{""beginState"":0,""lastTxState"":0,""lastTxOk"":false,""txSeq"":0,""txCounter"":0,""aesKeyProvisioned"":true,""aesKeyPresent"":true,""aesKeySource"":""nvs"",""keyId"":1,""lastDownlinkCommandId"":0,""freqMHz"":920,""bwKHz"":125,""sf"":7,""cr"":5,""syncWord"":18,""txPowerDbm"":17,""preamble"":8,""tcxoVoltage"":1.600000024,""xtalVoltage"":0},""dataset"":{""state"":""idle"",""step"":""idle"",""label"":"""",""seq"":0,""targetSamples"":0,""sampleIntervalMs"":500,""maxDurationMs"":0,""useFanIntake"":true,""fanOnMs"":1000,""postFanSettleMs"":0,""nullingProfileId"":9,""queuePending"":0,""queueCapacity"":16,""queueEnqueued"":0,""queueDropped"":0,""publishFailCount"":0,""retryCount"":0,""retryFailCount"":0,""rejectedSamples"":0,""lastRejectReason"":""none"",""lastRejectChannel"":-1,""lastRejectOkFiniteCount"":0,""lastRejectStatus"":255,""lastRejectGain"":0,""lastRejectSaturated"":false},""recovery"":{""wifiReconnectCount"":0,""wifiReconnectFailCount"":0,""mqttReconnectCount"":0,""mqttConnectFailCount"":0,""lastMqttState"":0,""adsRecoveryCount"":0,""adsRecoveryFailCount"":0,""adsReadFailStreak"":0,""lastReason"":""none"",""lastRecoveryMs"":0,""bootRecoveryArmed"":false,""bootRecoveryDueMs"":0,""bootRecoveryReason"":""none"",""bootRecoveryNonAdsFailure"":false,""bootRecoveryRestartCount"":0},""nulling"":{""done"":false,""retryArmed"":false,""attemptCount"":0,""nextRetryMs"":0,""thresholdV"":9.999999747E-06,""minFinalV"":0},""telemetry"":{""valid"":true,""sampleMs"":2081690,""gasClass"":6,""gasName"":""CO2"",""confidence"":0,""alarm"":false,""sensorVoltage"":[-0.000887302,0.004227566,0.004973167,-0.002495946,0.006039378,-0.012168593,-0.020487821,0.000912534],""sensorGain"":[64,64,64,64,64,64,64,64],""sensorStatus"":[0,0,0,0,0,0,0,0],""featureOrder"":[""MQ8"",""MQ135"",""MQ3"",""MQ5"",""MQ4"",""MQ7"",""MQ6"",""MQ2""]},""alarmLatched"":false}"
"2026-08-04 09:55:46.133 +07:00","54.556","HOT_BASELINE_100","100","1000","0","1","0","-0.000893039","0.004278971","0.004987357","-0.002499837","0.00791481","-0.012124087","-0.020524777","0.000504423","{""deviceId"":""1001"",""nodeId"":4097,""targetChId"":""0010"",""mode"":""inference"",""uptimeMs"":2082741,""debugEnabled"":true,""power"":{""mode"":""24v"",""externalPower"":true,""batteryMv"":65535,""batteryValid"":false,""batteryDetected"":false,""batterySenseStatus"":""not_detected"",""batteryLow"":false,""batteryCritical"":false,""sourceAmbiguous"":false,""serviceHoldActive"":false,""serviceHoldEffective"":false},""batterySession"":{""state"":""inactive"",""startedMs"":0,""stateStartedMs"":0,""validSampleBatches"":0,""requiredSampleBatches"":10,""alarmTxAttempts"":0,""alarmTxAttemptLimit"":3,""alarmAckReceived"":false,""pendingAlarm"":false,""pendingSaveRequired"":false,""persistenceFaultHold"":false,""completionReason"":""session_done""},""bootHealth"":{""adsReady"":true,""adsDrdyLevel"":0,""adsDrdyPulldownLevel"":0,""adsDrdyPullupLevel"":0,""adsMisoPulldownLevel"":0,""adsMisoPullupLevel"":1,""adsCsLevel"":1,""adsSyncLevel"":1,""adsStatus"":54,""adsMux"":15,""adsAdcon"":6,""adsDrate"":240,""adsReason"":""ok"",""tcaOk"":true,""mcpOkCount"":8,""mcpOk"":[true,true,true,true,true,true,true,true],""mcpAddrMask"":[1,1,1,1,1,1,1,1],""mcpControlTested"":true,""mcpControlOkCount"":8,""mcpControlOk"":[true,true,true,true,true,true,true,true],""dacReady"":true,""radioReady"":true,""mlReady"":true,""nullingProfileApplied"":true,""modelProfileReady"":false},""runtimeMcpCode"":[255,519,795,706,799,865,665,139],""model"":{""profileId"":""cnn-dualbranch-datasheet-v1-unbound"",""scalerProfileId"":""cnn-dualbranch-datasheet-v1-unbound"",""productionApproved"":true,""boundNullingProfileId"":8,""activeNullingProfileId"":9,""bindingValid"":true,""bindingModelMatches"":true,""profileReady"":false,""inferenceValid"":false,""sensorFault"":true},""lora"":{""beginState"":0,""lastTxState"":0,""lastTxOk"":false,""txSeq"":0,""txCounter"":0,""aesKeyProvisioned"":true,""aesKeyPresent"":true,""aesKeySource"":""nvs"",""keyId"":1,""lastDownlinkCommandId"":0,""freqMHz"":920,""bwKHz"":125,""sf"":7,""cr"":5,""syncWord"":18,""txPowerDbm"":17,""preamble"":8,""tcxoVoltage"":1.600000024,""xtalVoltage"":0},""dataset"":{""state"":""idle"",""step"":""idle"",""label"":"""",""seq"":0,""targetSamples"":0,""sampleIntervalMs"":500,""maxDurationMs"":0,""useFanIntake"":true,""fanOnMs"":1000,""postFanSettleMs"":0,""nullingProfileId"":9,""queuePending"":0,""queueCapacity"":16,""queueEnqueued"":0,""queueDropped"":0,""publishFailCount"":0,""retryCount"":0,""retryFailCount"":0,""rejectedSamples"":0,""lastRejectReason"":""none"",""lastRejectChannel"":-1,""lastRejectOkFiniteCount"":0,""lastRejectStatus"":255,""lastRejectGain"":0,""lastRejectSaturated"":false},""recovery"":{""wifiReconnectCount"":0,""wifiReconnectFailCount"":0,""mqttReconnectCount"":0,""mqttConnectFailCount"":0,""lastMqttState"":0,""adsRecoveryCount"":0,""adsRecoveryFailCount"":0,""adsReadFailStreak"":0,""lastReason"":""none"",""lastRecoveryMs"":0,""bootRecoveryArmed"":false,""bootRecoveryDueMs"":0,""bootRecoveryReason"":""none"",""bootRecoveryNonAdsFailure"":false,""bootRecoveryRestartCount"":0},""nulling"":{""done"":false,""retryArmed"":false,""attemptCount"":0,""nextRetryMs"":0,""thresholdV"":9.999999747E-06,""minFinalV"":0},""telemetry"":{""valid"":true,""sampleMs"":2082337,""gasClass"":6,""gasName"":""CO2"",""confidence"":0,""alarm"":false,""sensorVoltage"":[-0.000893039,0.004278971,0.004987357,-0.002499837,0.00791481,-0.012124087,-0.020524777,0.000504423],""sensorGain"":[64,64,64,64,64,64,64,64],""sensorStatus"":[0,0,0,0,0,0,0,0],""featureOrder"":[""MQ8"",""MQ135"",""MQ3"",""MQ5"",""MQ4"",""MQ7"",""MQ6"",""MQ2""]},""alarmLatched"":false}"
"2026-08-04 09:55:46.829 +07:00","55.242","HOT_BASELINE_100","100","1000","0","1","0","-0.000896221","0.004276922","0.004992742","-0.002495563","0.008193055","-0.012105745","-0.020520383","-0.000146023","{""deviceId"":""1001"",""nodeId"":4097,""targetChId"":""0010"",""mode"":""inference"",""uptimeMs"":2083427,""debugEnabled"":true,""power"":{""mode"":""24v"",""externalPower"":true,""batteryMv"":65535,""batteryValid"":false,""batteryDetected"":false,""batterySenseStatus"":""not_detected"",""batteryLow"":false,""batteryCritical"":false,""sourceAmbiguous"":false,""serviceHoldActive"":false,""serviceHoldEffective"":false},""batterySession"":{""state"":""inactive"",""startedMs"":0,""stateStartedMs"":0,""validSampleBatches"":0,""requiredSampleBatches"":10,""alarmTxAttempts"":0,""alarmTxAttemptLimit"":3,""alarmAckReceived"":false,""pendingAlarm"":false,""pendingSaveRequired"":false,""persistenceFaultHold"":false,""completionReason"":""session_done""},""bootHealth"":{""adsReady"":true,""adsDrdyLevel"":0,""adsDrdyPulldownLevel"":0,""adsDrdyPullupLevel"":0,""adsMisoPulldownLevel"":0,""adsMisoPullupLevel"":1,""adsCsLevel"":1,""adsSyncLevel"":1,""adsStatus"":54,""adsMux"":15,""adsAdcon"":6,""adsDrate"":240,""adsReason"":""ok"",""tcaOk"":true,""mcpOkCount"":8,""mcpOk"":[true,true,true,true,true,true,true,true],""mcpAddrMask"":[1,1,1,1,1,1,1,1],""mcpControlTested"":true,""mcpControlOkCount"":8,""mcpControlOk"":[true,true,true,true,true,true,true,true],""dacReady"":true,""radioReady"":true,""mlReady"":true,""nullingProfileApplied"":true,""modelProfileReady"":false},""runtimeMcpCode"":[255,519,795,706,799,865,665,139],""model"":{""profileId"":""cnn-dualbranch-datasheet-v1-unbound"",""scalerProfileId"":""cnn-dualbranch-datasheet-v1-unbound"",""productionApproved"":true,""boundNullingProfileId"":8,""activeNullingProfileId"":9,""bindingValid"":true,""bindingModelMatches"":true,""profileReady"":false,""inferenceValid"":false,""sensorFault"":true},""lora"":{""beginState"":0,""lastTxState"":0,""lastTxOk"":false,""txSeq"":0,""txCounter"":0,""aesKeyProvisioned"":true,""aesKeyPresent"":true,""aesKeySource"":""nvs"",""keyId"":1,""lastDownlinkCommandId"":0,""freqMHz"":920,""bwKHz"":125,""sf"":7,""cr"":5,""syncWord"":18,""txPowerDbm"":17,""preamble"":8,""tcxoVoltage"":1.600000024,""xtalVoltage"":0},""dataset"":{""state"":""idle"",""step"":""idle"",""label"":"""",""seq"":0,""targetSamples"":0,""sampleIntervalMs"":500,""maxDurationMs"":0,""useFanIntake"":true,""fanOnMs"":1000,""postFanSettleMs"":0,""nullingProfileId"":9,""queuePending"":0,""queueCapacity"":16,""queueEnqueued"":0,""queueDropped"":0,""publishFailCount"":0,""retryCount"":0,""retryFailCount"":0,""rejectedSamples"":0,""lastRejectReason"":""none"",""lastRejectChannel"":-1,""lastRejectOkFiniteCount"":0,""lastRejectStatus"":255,""lastRejectGain"":0,""lastRejectSaturated"":false},""recovery"":{""wifiReconnectCount"":0,""wifiReconnectFailCount"":0,""mqttReconnectCount"":0,""mqttConnectFailCount"":0,""lastMqttState"":0,""adsRecoveryCount"":0,""adsRecoveryFailCount"":0,""adsReadFailStreak"":0,""lastReason"":""none"",""lastRecoveryMs"":0,""bootRecoveryArmed"":false,""bootRecoveryDueMs"":0,""bootRecoveryReason"":""none"",""bootRecoveryNonAdsFailure"":false,""bootRecoveryRestartCount"":0},""nulling"":{""done"":false,""retryArmed"":false,""attemptCount"":0,""nextRetryMs"":0,""thresholdV"":9.999999747E-06,""minFinalV"":0},""telemetry"":{""valid"":true,""sampleMs"":2083019,""gasClass"":6,""gasName"":""CO2"",""confidence"":0,""alarm"":false,""sensorVoltage"":[-0.000896221,0.004276922,0.004992742,-0.002495563,0.008193055,-0.012105745,-0.020520383,-0.000146023],""sensorGain"":[64,64,64,64,64,64,64,64],""sensorStatus"":[0,0,0,0,0,0,0,0],""featureOrder"":[""MQ8"",""MQ135"",""MQ3"",""MQ5"",""MQ4"",""MQ7"",""MQ6"",""MQ2""]},""alarmLatched"":false}"
"2026-08-04 09:55:47.526 +07:00","55.949","HOT_BASELINE_100","100","1000","0","1","0","-0.000903619","0.004261905","0.005053946","-0.002524709","0.006823795","-0.012187934","-0.020507395","-0.000272449","{""deviceId"":""1001"",""nodeId"":4097,""targetChId"":""0010"",""mode"":""inference"",""uptimeMs"":2084130,""debugEnabled"":true,""power"":{""mode"":""24v"",""externalPower"":true,""batteryMv"":65535,""batteryValid"":false,""batteryDetected"":false,""batterySenseStatus"":""not_detected"",""batteryLow"":false,""batteryCritical"":false,""sourceAmbiguous"":false,""serviceHoldActive"":false,""serviceHoldEffective"":false},""batterySession"":{""state"":""inactive"",""startedMs"":0,""stateStartedMs"":0,""validSampleBatches"":0,""requiredSampleBatches"":10,""alarmTxAttempts"":0,""alarmTxAttemptLimit"":3,""alarmAckReceived"":false,""pendingAlarm"":false,""pendingSaveRequired"":false,""persistenceFaultHold"":false,""completionReason"":""session_done""},""bootHealth"":{""adsReady"":true,""adsDrdyLevel"":0,""adsDrdyPulldownLevel"":0,""adsDrdyPullupLevel"":0,""adsMisoPulldownLevel"":0,""adsMisoPullupLevel"":1,""adsCsLevel"":1,""adsSyncLevel"":1,""adsStatus"":54,""adsMux"":15,""adsAdcon"":6,""adsDrate"":240,""adsReason"":""ok"",""tcaOk"":true,""mcpOkCount"":8,""mcpOk"":[true,true,true,true,true,true,true,true],""mcpAddrMask"":[1,1,1,1,1,1,1,1],""mcpControlTested"":true,""mcpControlOkCount"":8,""mcpControlOk"":[true,true,true,true,true,true,true,true],""dacReady"":true,""radioReady"":true,""mlReady"":true,""nullingProfileApplied"":true,""modelProfileReady"":false},""runtimeMcpCode"":[255,519,795,706,799,865,665,139],""model"":{""profileId"":""cnn-dualbranch-datasheet-v1-unbound"",""scalerProfileId"":""cnn-dualbranch-datasheet-v1-unbound"",""productionApproved"":true,""boundNullingProfileId"":8,""activeNullingProfileId"":9,""bindingValid"":true,""bindingModelMatches"":true,""profileReady"":false,""inferenceValid"":false,""sensorFault"":true},""lora"":{""beginState"":0,""lastTxState"":0,""lastTxOk"":false,""txSeq"":0,""txCounter"":0,""aesKeyProvisioned"":true,""aesKeyPresent"":true,""aesKeySource"":""nvs"",""keyId"":1,""lastDownlinkCommandId"":0,""freqMHz"":920,""bwKHz"":125,""sf"":7,""cr"":5,""syncWord"":18,""txPowerDbm"":17,""preamble"":8,""tcxoVoltage"":1.600000024,""xtalVoltage"":0},""dataset"":{""state"":""idle"",""step"":""idle"",""label"":"""",""seq"":0,""targetSamples"":0,""sampleIntervalMs"":500,""maxDurationMs"":0,""useFanIntake"":true,""fanOnMs"":1000,""postFanSettleMs"":0,""nullingProfileId"":9,""queuePending"":0,""queueCapacity"":16,""queueEnqueued"":0,""queueDropped"":0,""publishFailCount"":0,""retryCount"":0,""retryFailCount"":0,""rejectedSamples"":0,""lastRejectReason"":""none"",""lastRejectChannel"":-1,""lastRejectOkFiniteCount"":0,""lastRejectStatus"":255,""lastRejectGain"":0,""lastRejectSaturated"":false},""recovery"":{""wifiReconnectCount"":0,""wifiReconnectFailCount"":0,""mqttReconnectCount"":0,""mqttConnectFailCount"":0,""lastMqttState"":0,""adsRecoveryCount"":0,""adsRecoveryFailCount"":0,""adsReadFailStreak"":0,""lastReason"":""none"",""lastRecoveryMs"":0,""bootRecoveryArmed"":false,""bootRecoveryDueMs"":0,""bootRecoveryReason"":""none"",""bootRecoveryNonAdsFailure"":false,""bootRecoveryRestartCount"":0},""nulling"":{""done"":false,""retryArmed"":false,""attemptCount"":0,""nextRetryMs"":0,""thresholdV"":9.999999747E-06,""minFinalV"":0},""telemetry"":{""valid"":true,""sampleMs"":2083737,""gasClass"":6,""gasName"":""CO2"",""confidence"":0,""alarm"":false,""sensorVoltage"":[-0.000903619,0.004261905,0.005053946,-0.002524709,0.006823795,-0.012187934,-0.020507395,-0.000272449],""sensorGain"":[64,64,64,64,64,64,64,64],""sensorStatus"":[0,0,0,0,0,0,0,0],""featureOrder"":[""MQ8"",""MQ135"",""MQ3"",""MQ5"",""MQ4"",""MQ7"",""MQ6"",""MQ2""]},""alarmLatched"":false}"
"2026-08-04 09:55:48.218 +07:00","56.639","HOT_BASELINE_100","100","1000","0","1","0","-0.000892179","0.004224184","0.005060083","-0.002507595","0.006407712","-0.012200159","-0.020541158","-0.001542928","{""deviceId"":""1001"",""nodeId"":4097,""targetChId"":""0010"",""mode"":""inference"",""uptimeMs"":2084815,""debugEnabled"":true,""power"":{""mode"":""24v"",""externalPower"":true,""batteryMv"":65535,""batteryValid"":false,""batteryDetected"":false,""batterySenseStatus"":""not_detected"",""batteryLow"":false,""batteryCritical"":false,""sourceAmbiguous"":false,""serviceHoldActive"":false,""serviceHoldEffective"":false},""batterySession"":{""state"":""inactive"",""startedMs"":0,""stateStartedMs"":0,""validSampleBatches"":0,""requiredSampleBatches"":10,""alarmTxAttempts"":0,""alarmTxAttemptLimit"":3,""alarmAckReceived"":false,""pendingAlarm"":false,""pendingSaveRequired"":false,""persistenceFaultHold"":false,""completionReason"":""session_done""},""bootHealth"":{""adsReady"":true,""adsDrdyLevel"":0,""adsDrdyPulldownLevel"":0,""adsDrdyPullupLevel"":0,""adsMisoPulldownLevel"":0,""adsMisoPullupLevel"":1,""adsCsLevel"":1,""adsSyncLevel"":1,""adsStatus"":54,""adsMux"":15,""adsAdcon"":6,""adsDrate"":240,""adsReason"":""ok"",""tcaOk"":true,""mcpOkCount"":8,""mcpOk"":[true,true,true,true,true,true,true,true],""mcpAddrMask"":[1,1,1,1,1,1,1,1],""mcpControlTested"":true,""mcpControlOkCount"":8,""mcpControlOk"":[true,true,true,true,true,true,true,true],""dacReady"":true,""radioReady"":true,""mlReady"":true,""nullingProfileApplied"":true,""modelProfileReady"":false},""runtimeMcpCode"":[255,519,795,706,799,865,665,139],""model"":{""profileId"":""cnn-dualbranch-datasheet-v1-unbound"",""scalerProfileId"":""cnn-dualbranch-datasheet-v1-unbound"",""productionApproved"":true,""boundNullingProfileId"":8,""activeNullingProfileId"":9,""bindingValid"":true,""bindingModelMatches"":true,""profileReady"":false,""inferenceValid"":false,""sensorFault"":true},""lora"":{""beginState"":0,""lastTxState"":0,""lastTxOk"":false,""txSeq"":0,""txCounter"":0,""aesKeyProvisioned"":true,""aesKeyPresent"":true,""aesKeySource"":""nvs"",""keyId"":1,""lastDownlinkCommandId"":0,""freqMHz"":920,""bwKHz"":125,""sf"":7,""cr"":5,""syncWord"":18,""txPowerDbm"":17,""preamble"":8,""tcxoVoltage"":1.600000024,""xtalVoltage"":0},""dataset"":{""state"":""idle"",""step"":""idle"",""label"":"""",""seq"":0,""targetSamples"":0,""sampleIntervalMs"":500,""maxDurationMs"":0,""useFanIntake"":true,""fanOnMs"":1000,""postFanSettleMs"":0,""nullingProfileId"":9,""queuePending"":0,""queueCapacity"":16,""queueEnqueued"":0,""queueDropped"":0,""publishFailCount"":0,""retryCount"":0,""retryFailCount"":0,""rejectedSamples"":0,""lastRejectReason"":""none"",""lastRejectChannel"":-1,""lastRejectOkFiniteCount"":0,""lastRejectStatus"":255,""lastRejectGain"":0,""lastRejectSaturated"":false},""recovery"":{""wifiReconnectCount"":0,""wifiReconnectFailCount"":0,""mqttReconnectCount"":0,""mqttConnectFailCount"":0,""lastMqttState"":0,""adsRecoveryCount"":0,""adsRecoveryFailCount"":0,""adsReadFailStreak"":0,""lastReason"":""none"",""lastRecoveryMs"":0,""bootRecoveryArmed"":false,""bootRecoveryDueMs"":0,""bootRecoveryReason"":""none"",""bootRecoveryNonAdsFailure"":false,""bootRecoveryRestartCount"":0},""nulling"":{""done"":false,""retryArmed"":false,""attemptCount"":0,""nextRetryMs"":0,""thresholdV"":9.999999747E-06,""minFinalV"":0},""telemetry"":{""valid"":true,""sampleMs"":2084408,""gasClass"":6,""gasName"":""CO2"",""confidence"":0,""alarm"":false,""sensorVoltage"":[-0.000892179,0.004224184,0.005060083,-0.002507595,0.006407712,-0.012200159,-0.020541158,-0.001542928],""sensorGain"":[64,64,64,64,64,64,64,64],""sensorStatus"":[0,0,0,0,0,0,0,0],""featureOrder"":[""MQ8"",""MQ135"",""MQ3"",""MQ5"",""MQ4"",""MQ7"",""MQ6"",""MQ2""]},""alarmLatched"":false}"
"2026-08-04 09:55:48.903 +07:00","57.326","HOT_BASELINE_100","100","1000","0","1","0","-0.000877091","0.004243768","0.005061362","-0.002445256","0.006436482","-0.012255653","-0.020521265","-0.001101496","{""deviceId"":""1001"",""nodeId"":4097,""targetChId"":""0010"",""mode"":""inference"",""uptimeMs"":2085501,""debugEnabled"":true,""power"":{""mode"":""24v"",""externalPower"":true,""batteryMv"":65535,""batteryValid"":false,""batteryDetected"":false,""batterySenseStatus"":""not_detected"",""batteryLow"":false,""batteryCritical"":false,""sourceAmbiguous"":false,""serviceHoldActive"":false,""serviceHoldEffective"":false},""batterySession"":{""state"":""inactive"",""startedMs"":0,""stateStartedMs"":0,""validSampleBatches"":0,""requiredSampleBatches"":10,""alarmTxAttempts"":0,""alarmTxAttemptLimit"":3,""alarmAckReceived"":false,""pendingAlarm"":false,""pendingSaveRequired"":false,""persistenceFaultHold"":false,""completionReason"":""session_done""},""bootHealth"":{""adsReady"":true,""adsDrdyLevel"":0,""adsDrdyPulldownLevel"":0,""adsDrdyPullupLevel"":0,""adsMisoPulldownLevel"":0,""adsMisoPullupLevel"":1,""adsCsLevel"":1,""adsSyncLevel"":1,""adsStatus"":54,""adsMux"":15,""adsAdcon"":6,""adsDrate"":240,""adsReason"":""ok"",""tcaOk"":true,""mcpOkCount"":8,""mcpOk"":[true,true,true,true,true,true,true,true],""mcpAddrMask"":[1,1,1,1,1,1,1,1],""mcpControlTested"":true,""mcpControlOkCount"":8,""mcpControlOk"":[true,true,true,true,true,true,true,true],""dacReady"":true,""radioReady"":true,""mlReady"":true,""nullingProfileApplied"":true,""modelProfileReady"":false},""runtimeMcpCode"":[255,519,795,706,799,865,665,139],""model"":{""profileId"":""cnn-dualbranch-datasheet-v1-unbound"",""scalerProfileId"":""cnn-dualbranch-datasheet-v1-unbound"",""productionApproved"":true,""boundNullingProfileId"":8,""activeNullingProfileId"":9,""bindingValid"":true,""bindingModelMatches"":true,""profileReady"":false,""inferenceValid"":false,""sensorFault"":true},""lora"":{""beginState"":0,""lastTxState"":0,""lastTxOk"":false,""txSeq"":0,""txCounter"":0,""aesKeyProvisioned"":true,""aesKeyPresent"":true,""aesKeySource"":""nvs"",""keyId"":1,""lastDownlinkCommandId"":0,""freqMHz"":920,""bwKHz"":125,""sf"":7,""cr"":5,""syncWord"":18,""txPowerDbm"":17,""preamble"":8,""tcxoVoltage"":1.600000024,""xtalVoltage"":0},""dataset"":{""state"":""idle"",""step"":""idle"",""label"":"""",""seq"":0,""targetSamples"":0,""sampleIntervalMs"":500,""maxDurationMs"":0,""useFanIntake"":true,""fanOnMs"":1000,""postFanSettleMs"":0,""nullingProfileId"":9,""queuePending"":0,""queueCapacity"":16,""queueEnqueued"":0,""queueDropped"":0,""publishFailCount"":0,""retryCount"":0,""retryFailCount"":0,""rejectedSamples"":0,""lastRejectReason"":""none"",""lastRejectChannel"":-1,""lastRejectOkFiniteCount"":0,""lastRejectStatus"":255,""lastRejectGain"":0,""lastRejectSaturated"":false},""recovery"":{""wifiReconnectCount"":0,""wifiReconnectFailCount"":0,""mqttReconnectCount"":0,""mqttConnectFailCount"":0,""lastMqttState"":0,""adsRecoveryCount"":0,""adsRecoveryFailCount"":0,""adsReadFailStreak"":0,""lastReason"":""none"",""lastRecoveryMs"":0,""bootRecoveryArmed"":false,""bootRecoveryDueMs"":0,""bootRecoveryReason"":""none"",""bootRecoveryNonAdsFailure"":false,""bootRecoveryRestartCount"":0},""nulling"":{""done"":false,""retryArmed"":false,""attemptCount"":0,""nextRetryMs"":0,""thresholdV"":9.999999747E-06,""minFinalV"":0},""telemetry"":{""valid"":true,""sampleMs"":2085093,""gasClass"":6,""gasName"":""CO2"",""confidence"":0,""alarm"":false,""sensorVoltage"":[-0.000877091,0.004243768,0.005061362,-0.002445256,0.006436482,-0.012255653,-0.020521265,-0.001101496],""sensorGain"":[64,64,64,64,64,64,64,64],""sensorStatus"":[0,0,0,0,0,0,0,0],""featureOrder"":[""MQ8"",""MQ135"",""MQ3"",""MQ5"",""MQ4"",""MQ7"",""MQ6"",""MQ2""]},""alarmLatched"":false}"
"2026-08-04 09:55:49.585 +07:00","58.008","HOT_BASELINE_100","100","1000","0","1","0","-0.000922386","0.004235398","0.005070447","-0.002488406","0.006001356","-0.012209279","-0.020488674","-0.00097882","{""deviceId"":""1001"",""nodeId"":4097,""targetChId"":""0010"",""mode"":""inference"",""uptimeMs"":2086189,""debugEnabled"":true,""power"":{""mode"":""24v"",""externalPower"":true,""batteryMv"":65535,""batteryValid"":false,""batteryDetected"":false,""batterySenseStatus"":""not_detected"",""batteryLow"":false,""batteryCritical"":false,""sourceAmbiguous"":false,""serviceHoldActive"":false,""serviceHoldEffective"":false},""batterySession"":{""state"":""inactive"",""startedMs"":0,""stateStartedMs"":0,""validSampleBatches"":0,""requiredSampleBatches"":10,""alarmTxAttempts"":0,""alarmTxAttemptLimit"":3,""alarmAckReceived"":false,""pendingAlarm"":false,""pendingSaveRequired"":false,""persistenceFaultHold"":false,""completionReason"":""session_done""},""bootHealth"":{""adsReady"":true,""adsDrdyLevel"":0,""adsDrdyPulldownLevel"":0,""adsDrdyPullupLevel"":0,""adsMisoPulldownLevel"":0,""adsMisoPullupLevel"":1,""adsCsLevel"":1,""adsSyncLevel"":1,""adsStatus"":54,""adsMux"":15,""adsAdcon"":6,""adsDrate"":240,""adsReason"":""ok"",""tcaOk"":true,""mcpOkCount"":8,""mcpOk"":[true,true,true,true,true,true,true,true],""mcpAddrMask"":[1,1,1,1,1,1,1,1],""mcpControlTested"":true,""mcpControlOkCount"":8,""mcpControlOk"":[true,true,true,true,true,true,true,true],""dacReady"":true,""radioReady"":true,""mlReady"":true,""nullingProfileApplied"":true,""modelProfileReady"":false},""runtimeMcpCode"":[255,519,795,706,799,865,665,139],""model"":{""profileId"":""cnn-dualbranch-datasheet-v1-unbound"",""scalerProfileId"":""cnn-dualbranch-datasheet-v1-unbound"",""productionApproved"":true,""boundNullingProfileId"":8,""activeNullingProfileId"":9,""bindingValid"":true,""bindingModelMatches"":true,""profileReady"":false,""inferenceValid"":false,""sensorFault"":true},""lora"":{""beginState"":0,""lastTxState"":0,""lastTxOk"":false,""txSeq"":0,""txCounter"":0,""aesKeyProvisioned"":true,""aesKeyPresent"":true,""aesKeySource"":""nvs"",""keyId"":1,""lastDownlinkCommandId"":0,""freqMHz"":920,""bwKHz"":125,""sf"":7,""cr"":5,""syncWord"":18,""txPowerDbm"":17,""preamble"":8,""tcxoVoltage"":1.600000024,""xtalVoltage"":0},""dataset"":{""state"":""idle"",""step"":""idle"",""label"":"""",""seq"":0,""targetSamples"":0,""sampleIntervalMs"":500,""maxDurationMs"":0,""useFanIntake"":true,""fanOnMs"":1000,""postFanSettleMs"":0,""nullingProfileId"":9,""queuePending"":0,""queueCapacity"":16,""queueEnqueued"":0,""queueDropped"":0,""publishFailCount"":0,""retryCount"":0,""retryFailCount"":0,""rejectedSamples"":0,""lastRejectReason"":""none"",""lastRejectChannel"":-1,""lastRejectOkFiniteCount"":0,""lastRejectStatus"":255,""lastRejectGain"":0,""lastRejectSaturated"":false},""recovery"":{""wifiReconnectCount"":0,""wifiReconnectFailCount"":0,""mqttReconnectCount"":0,""mqttConnectFailCount"":0,""lastMqttState"":0,""adsRecoveryCount"":0,""adsRecoveryFailCount"":0,""adsReadFailStreak"":0,""lastReason"":""none"",""lastRecoveryMs"":0,""bootRecoveryArmed"":false,""bootRecoveryDueMs"":0,""bootRecoveryReason"":""none"",""bootRecoveryNonAdsFailure"":false,""bootRecoveryRestartCount"":0},""nulling"":{""done"":false,""retryArmed"":false,""attemptCount"":0,""nextRetryMs"":0,""thresholdV"":9.999999747E-06,""minFinalV"":0},""telemetry"":{""valid"":true,""sampleMs"":2085811,""gasClass"":6,""gasName"":""CO2"",""confidence"":0,""alarm"":false,""sensorVoltage"":[-0.000922386,0.004235398,0.005070447,-0.002488406,0.006001356,-0.012209279,-0.020488674,-0.00097882],""sensorGain"":[64,64,64,64,64,64,64,64],""sensorStatus"":[0,0,0,0,0,0,0,0],""featureOrder"":[""MQ8"",""MQ135"",""MQ3"",""MQ5"",""MQ4"",""MQ7"",""MQ6"",""MQ2""]},""alarmLatched"":false}"
"2026-08-04 09:55:50.281 +07:00","58.704","HOT_BASELINE_100","100","1000","0","1","0","-0.000959929","0.004264613","0.005076266","-0.002475024","0.00565889","-0.012197775","-0.020471761","0.000731209","{""deviceId"":""1001"",""nodeId"":4097,""targetChId"":""0010"",""mode"":""inference"",""uptimeMs"":2086879,""debugEnabled"":true,""power"":{""mode"":""24v"",""externalPower"":true,""batteryMv"":65535,""batteryValid"":false,""batteryDetected"":false,""batterySenseStatus"":""not_detected"",""batteryLow"":false,""batteryCritical"":false,""sourceAmbiguous"":false,""serviceHoldActive"":false,""serviceHoldEffective"":false},""batterySession"":{""state"":""inactive"",""startedMs"":0,""stateStartedMs"":0,""validSampleBatches"":0,""requiredSampleBatches"":10,""alarmTxAttempts"":0,""alarmTxAttemptLimit"":3,""alarmAckReceived"":false,""pendingAlarm"":false,""pendingSaveRequired"":false,""persistenceFaultHold"":false,""completionReason"":""session_done""},""bootHealth"":{""adsReady"":true,""adsDrdyLevel"":0,""adsDrdyPulldownLevel"":0,""adsDrdyPullupLevel"":0,""adsMisoPulldownLevel"":0,""adsMisoPullupLevel"":1,""adsCsLevel"":1,""adsSyncLevel"":1,""adsStatus"":54,""adsMux"":15,""adsAdcon"":6,""adsDrate"":240,""adsReason"":""ok"",""tcaOk"":true,""mcpOkCount"":8,""mcpOk"":[true,true,true,true,true,true,true,true],""mcpAddrMask"":[1,1,1,1,1,1,1,1],""mcpControlTested"":true,""mcpControlOkCount"":8,""mcpControlOk"":[true,true,true,true,true,true,true,true],""dacReady"":true,""radioReady"":true,""mlReady"":true,""nullingProfileApplied"":true,""modelProfileReady"":false},""runtimeMcpCode"":[255,519,795,706,799,865,665,139],""model"":{""profileId"":""cnn-dualbranch-datasheet-v1-unbound"",""scalerProfileId"":""cnn-dualbranch-datasheet-v1-unbound"",""productionApproved"":true,""boundNullingProfileId"":8,""activeNullingProfileId"":9,""bindingValid"":true,""bindingModelMatches"":true,""profileReady"":false,""inferenceValid"":false,""sensorFault"":true},""lora"":{""beginState"":0,""lastTxState"":0,""lastTxOk"":false,""txSeq"":0,""txCounter"":0,""aesKeyProvisioned"":true,""aesKeyPresent"":true,""aesKeySource"":""nvs"",""keyId"":1,""lastDownlinkCommandId"":0,""freqMHz"":920,""bwKHz"":125,""sf"":7,""cr"":5,""syncWord"":18,""txPowerDbm"":17,""preamble"":8,""tcxoVoltage"":1.600000024,""xtalVoltage"":0},""dataset"":{""state"":""idle"",""step"":""idle"",""label"":"""",""seq"":0,""targetSamples"":0,""sampleIntervalMs"":500,""maxDurationMs"":0,""useFanIntake"":true,""fanOnMs"":1000,""postFanSettleMs"":0,""nullingProfileId"":9,""queuePending"":0,""queueCapacity"":16,""queueEnqueued"":0,""queueDropped"":0,""publishFailCount"":0,""retryCount"":0,""retryFailCount"":0,""rejectedSamples"":0,""lastRejectReason"":""none"",""lastRejectChannel"":-1,""lastRejectOkFiniteCount"":0,""lastRejectStatus"":255,""lastRejectGain"":0,""lastRejectSaturated"":false},""recovery"":{""wifiReconnectCount"":0,""wifiReconnectFailCount"":0,""mqttReconnectCount"":0,""mqttConnectFailCount"":0,""lastMqttState"":0,""adsRecoveryCount"":0,""adsRecoveryFailCount"":0,""adsReadFailStreak"":0,""lastReason"":""none"",""lastRecoveryMs"":0,""bootRecoveryArmed"":false,""bootRecoveryDueMs"":0,""bootRecoveryReason"":""none"",""bootRecoveryNonAdsFailure"":false,""bootRecoveryRestartCount"":0},""nulling"":{""done"":false,""retryArmed"":false,""attemptCount"":0,""nextRetryMs"":0,""thresholdV"":9.999999747E-06,""minFinalV"":0},""telemetry"":{""valid"":true,""sampleMs"":2086467,""gasClass"":6,""gasName"":""CO2"",""confidence"":0,""alarm"":false,""sensorVoltage"":[-0.000959929,0.004264613,0.005076266,-0.002475024,0.00565889,-0.012197775,-0.020471761,0.000731209],""sensorGain"":[64,64,64,64,64,64,64,64],""sensorStatus"":[0,0,0,0,0,0,0,0],""featureOrder"":[""MQ8"",""MQ135"",""MQ3"",""MQ5"",""MQ4"",""MQ7"",""MQ6"",""MQ2""]},""alarmLatched"":false}"
