timestamp_local,elapsed_s,phase,role,duty_pct,on_ms,off_ms,telemetry_valid,mq8_status,mq8_v,mq135_v,mq3_v,mq5_v,mq4_v,mq7_v,mq6_v,mq2_v,status_json
"2026-08-04 13:15:10.775 +07:00","264.5908785","RECOVERY_100_AFTER_65","RECOVERY","100","1000","0","1","0","-0.001097735","0.004233451","0.005128112","-0.002423099","-0.008881049","-0.011231456","-0.019123347","-0.025029531","{""deviceId"":""1001"",""nodeId"":4097,""targetChId"":""0010"",""mode"":""inference"",""uptimeMs"":14046875,""debugEnabled"":true,""power"":{""mode"":""24v"",""externalPower"":true,""batteryMv"":65535,""batteryValid"":false,""batteryDetected"":false,""batterySenseStatus"":""not_detected"",""batteryLow"":false,""batteryCritical"":false,""sourceAmbiguous"":false,""serviceHoldActive"":false,""serviceHoldEffective"":false},""batterySession"":{""state"":""inactive"",""startedMs"":0,""stateStartedMs"":0,""validSampleBatches"":0,""requiredSampleBatches"":10,""alarmTxAttempts"":0,""alarmTxAttemptLimit"":3,""alarmAckReceived"":false,""pendingAlarm"":false,""pendingSaveRequired"":false,""persistenceFaultHold"":false,""completionReason"":""session_done""},""bootHealth"":{""adsReady"":true,""adsDrdyLevel"":0,""adsDrdyPulldownLevel"":0,""adsDrdyPullupLevel"":0,""adsMisoPulldownLevel"":0,""adsMisoPullupLevel"":1,""adsCsLevel"":1,""adsSyncLevel"":1,""adsStatus"":54,""adsMux"":15,""adsAdcon"":6,""adsDrate"":240,""adsReason"":""ok"",""tcaOk"":true,""mcpOkCount"":8,""mcpOk"":[true,true,true,true,true,true,true,true],""mcpAddrMask"":[1,1,1,1,1,1,1,1],""mcpControlTested"":true,""mcpControlOkCount"":8,""mcpControlOk"":[true,true,true,true,true,true,true,true],""dacReady"":true,""radioReady"":true,""mlReady"":true,""nullingProfileApplied"":true,""modelProfileReady"":false},""runtimeMcpCode"":[255,519,795,706,799,865,665,139],""model"":{""profileId"":""cnn-dualbranch-datasheet-v1-unbound"",""scalerProfileId"":""cnn-dualbranch-datasheet-v1-unbound"",""productionApproved"":true,""boundNullingProfileId"":8,""activeNullingProfileId"":9,""bindingValid"":true,""bindingModelMatches"":true,""profileReady"":false,""inferenceValid"":false,""sensorFault"":true},""lora"":{""beginState"":0,""lastTxState"":0,""lastTxOk"":false,""txSeq"":0,""txCounter"":0,""aesKeyProvisioned"":true,""aesKeyPresent"":true,""aesKeySource"":""nvs"",""keyId"":1,""lastDownlinkCommandId"":0,""freqMHz"":920,""bwKHz"":125,""sf"":7,""cr"":5,""syncWord"":18,""txPowerDbm"":17,""preamble"":8,""tcxoVoltage"":1.600000024,""xtalVoltage"":0},""dataset"":{""state"":""idle"",""step"":""idle"",""label"":"""",""seq"":0,""targetSamples"":0,""sampleIntervalMs"":500,""maxDurationMs"":0,""useFanIntake"":true,""fanOnMs"":1000,""postFanSettleMs"":0,""nullingProfileId"":9,""queuePending"":0,""queueCapacity"":16,""queueEnqueued"":0,""queueDropped"":0,""publishFailCount"":0,""retryCount"":0,""retryFailCount"":0,""rejectedSamples"":0,""lastRejectReason"":""none"",""lastRejectChannel"":-1,""lastRejectOkFiniteCount"":0,""lastRejectStatus"":255,""lastRejectGain"":0,""lastRejectSaturated"":false},""recovery"":{""wifiReconnectCount"":0,""wifiReconnectFailCount"":0,""mqttReconnectCount"":0,""mqttConnectFailCount"":0,""lastMqttState"":0,""adsRecoveryCount"":0,""adsRecoveryFailCount"":0,""adsReadFailStreak"":0,""lastReason"":""none"",""lastRecoveryMs"":0,""bootRecoveryArmed"":false,""bootRecoveryDueMs"":0,""bootRecoveryReason"":""none"",""bootRecoveryNonAdsFailure"":false,""bootRecoveryRestartCount"":0},""nulling"":{""done"":false,""retryArmed"":false,""attemptCount"":0,""nextRetryMs"":0,""thresholdV"":9.999999747E-06,""minFinalV"":0},""telemetry"":{""valid"":true,""sampleMs"":14046641,""gasClass"":6,""gasName"":""CO2"",""confidence"":0,""alarm"":false,""sensorVoltage"":[-0.001097735,0.004233451,0.005128112,-0.002423099,-0.008881049,-0.011231456,-0.019123347,-0.025029531],""sensorGain"":[64,64,64,64,64,64,64,64],""sensorStatus"":[0,0,0,0,0,0,0,0],""featureOrder"":[""MQ8"",""MQ135"",""MQ3"",""MQ5"",""MQ4"",""MQ7"",""MQ6"",""MQ2""]},""alarmLatched"":false}"
"2026-08-04 13:15:11.461 +07:00","265.2766601","RECOVERY_100_AFTER_65","RECOVERY","100","1000","0","1","0","-0.001111935","0.004324597","0.005214894","-0.002445501","-0.00910663","-0.011451593","-0.019420307","-0.02549386","{""deviceId"":""1001"",""nodeId"":4097,""targetChId"":""0010"",""mode"":""inference"",""uptimeMs"":14047561,""debugEnabled"":true,""power"":{""mode"":""24v"",""externalPower"":true,""batteryMv"":65535,""batteryValid"":false,""batteryDetected"":false,""batterySenseStatus"":""not_detected"",""batteryLow"":false,""batteryCritical"":false,""sourceAmbiguous"":false,""serviceHoldActive"":false,""serviceHoldEffective"":false},""batterySession"":{""state"":""inactive"",""startedMs"":0,""stateStartedMs"":0,""validSampleBatches"":0,""requiredSampleBatches"":10,""alarmTxAttempts"":0,""alarmTxAttemptLimit"":3,""alarmAckReceived"":false,""pendingAlarm"":false,""pendingSaveRequired"":false,""persistenceFaultHold"":false,""completionReason"":""session_done""},""bootHealth"":{""adsReady"":true,""adsDrdyLevel"":0,""adsDrdyPulldownLevel"":0,""adsDrdyPullupLevel"":0,""adsMisoPulldownLevel"":0,""adsMisoPullupLevel"":1,""adsCsLevel"":1,""adsSyncLevel"":1,""adsStatus"":54,""adsMux"":15,""adsAdcon"":6,""adsDrate"":240,""adsReason"":""ok"",""tcaOk"":true,""mcpOkCount"":8,""mcpOk"":[true,true,true,true,true,true,true,true],""mcpAddrMask"":[1,1,1,1,1,1,1,1],""mcpControlTested"":true,""mcpControlOkCount"":8,""mcpControlOk"":[true,true,true,true,true,true,true,true],""dacReady"":true,""radioReady"":true,""mlReady"":true,""nullingProfileApplied"":true,""modelProfileReady"":false},""runtimeMcpCode"":[255,519,795,706,799,865,665,139],""model"":{""profileId"":""cnn-dualbranch-datasheet-v1-unbound"",""scalerProfileId"":""cnn-dualbranch-datasheet-v1-unbound"",""productionApproved"":true,""boundNullingProfileId"":8,""activeNullingProfileId"":9,""bindingValid"":true,""bindingModelMatches"":true,""profileReady"":false,""inferenceValid"":false,""sensorFault"":true},""lora"":{""beginState"":0,""lastTxState"":0,""lastTxOk"":false,""txSeq"":0,""txCounter"":0,""aesKeyProvisioned"":true,""aesKeyPresent"":true,""aesKeySource"":""nvs"",""keyId"":1,""lastDownlinkCommandId"":0,""freqMHz"":920,""bwKHz"":125,""sf"":7,""cr"":5,""syncWord"":18,""txPowerDbm"":17,""preamble"":8,""tcxoVoltage"":1.600000024,""xtalVoltage"":0},""dataset"":{""state"":""idle"",""step"":""idle"",""label"":"""",""seq"":0,""targetSamples"":0,""sampleIntervalMs"":500,""maxDurationMs"":0,""useFanIntake"":true,""fanOnMs"":1000,""postFanSettleMs"":0,""nullingProfileId"":9,""queuePending"":0,""queueCapacity"":16,""queueEnqueued"":0,""queueDropped"":0,""publishFailCount"":0,""retryCount"":0,""retryFailCount"":0,""rejectedSamples"":0,""lastRejectReason"":""none"",""lastRejectChannel"":-1,""lastRejectOkFiniteCount"":0,""lastRejectStatus"":255,""lastRejectGain"":0,""lastRejectSaturated"":false},""recovery"":{""wifiReconnectCount"":0,""wifiReconnectFailCount"":0,""mqttReconnectCount"":0,""mqttConnectFailCount"":0,""lastMqttState"":0,""adsRecoveryCount"":0,""adsRecoveryFailCount"":0,""adsReadFailStreak"":0,""lastReason"":""none"",""lastRecoveryMs"":0,""bootRecoveryArmed"":false,""bootRecoveryDueMs"":0,""bootRecoveryReason"":""none"",""bootRecoveryNonAdsFailure"":false,""bootRecoveryRestartCount"":0},""nulling"":{""done"":false,""retryArmed"":false,""attemptCount"":0,""nextRetryMs"":0,""thresholdV"":9.999999747E-06,""minFinalV"":0},""telemetry"":{""valid"":true,""sampleMs"":14047163,""gasClass"":6,""gasName"":""CO2"",""confidence"":0,""alarm"":false,""sensorVoltage"":[-0.001111935,0.004324597,0.005214894,-0.002445501,-0.00910663,-0.011451593,-0.019420307,-0.02549386],""sensorGain"":[64,64,64,64,64,64,64,64],""sensorStatus"":[0,0,0,0,0,0,0,0],""featureOrder"":[""MQ8"",""MQ135"",""MQ3"",""MQ5"",""MQ4"",""MQ7"",""MQ6"",""MQ2""]},""alarmLatched"":false}"
"2026-08-04 13:15:12.144 +07:00","265.9597065","RECOVERY_100_AFTER_65","RECOVERY","100","1000","0","1","0","-0.001101399","0.004317733","0.005119655","-0.002448696","-0.009058511","-0.011456192","-0.019415665","-0.025927627","{""deviceId"":""1001"",""nodeId"":4097,""targetChId"":""0010"",""mode"":""inference"",""uptimeMs"":14048244,""debugEnabled"":true,""power"":{""mode"":""24v"",""externalPower"":true,""batteryMv"":65535,""batteryValid"":false,""batteryDetected"":false,""batterySenseStatus"":""not_detected"",""batteryLow"":false,""batteryCritical"":false,""sourceAmbiguous"":false,""serviceHoldActive"":false,""serviceHoldEffective"":false},""batterySession"":{""state"":""inactive"",""startedMs"":0,""stateStartedMs"":0,""validSampleBatches"":0,""requiredSampleBatches"":10,""alarmTxAttempts"":0,""alarmTxAttemptLimit"":3,""alarmAckReceived"":false,""pendingAlarm"":false,""pendingSaveRequired"":false,""persistenceFaultHold"":false,""completionReason"":""session_done""},""bootHealth"":{""adsReady"":true,""adsDrdyLevel"":0,""adsDrdyPulldownLevel"":0,""adsDrdyPullupLevel"":0,""adsMisoPulldownLevel"":0,""adsMisoPullupLevel"":1,""adsCsLevel"":1,""adsSyncLevel"":1,""adsStatus"":54,""adsMux"":15,""adsAdcon"":6,""adsDrate"":240,""adsReason"":""ok"",""tcaOk"":true,""mcpOkCount"":8,""mcpOk"":[true,true,true,true,true,true,true,true],""mcpAddrMask"":[1,1,1,1,1,1,1,1],""mcpControlTested"":true,""mcpControlOkCount"":8,""mcpControlOk"":[true,true,true,true,true,true,true,true],""dacReady"":true,""radioReady"":true,""mlReady"":true,""nullingProfileApplied"":true,""modelProfileReady"":false},""runtimeMcpCode"":[255,519,795,706,799,865,665,139],""model"":{""profileId"":""cnn-dualbranch-datasheet-v1-unbound"",""scalerProfileId"":""cnn-dualbranch-datasheet-v1-unbound"",""productionApproved"":true,""boundNullingProfileId"":8,""activeNullingProfileId"":9,""bindingValid"":true,""bindingModelMatches"":true,""profileReady"":false,""inferenceValid"":false,""sensorFault"":true},""lora"":{""beginState"":0,""lastTxState"":0,""lastTxOk"":false,""txSeq"":0,""txCounter"":0,""aesKeyProvisioned"":true,""aesKeyPresent"":true,""aesKeySource"":""nvs"",""keyId"":1,""lastDownlinkCommandId"":0,""freqMHz"":920,""bwKHz"":125,""sf"":7,""cr"":5,""syncWord"":18,""txPowerDbm"":17,""preamble"":8,""tcxoVoltage"":1.600000024,""xtalVoltage"":0},""dataset"":{""state"":""idle"",""step"":""idle"",""label"":"""",""seq"":0,""targetSamples"":0,""sampleIntervalMs"":500,""maxDurationMs"":0,""useFanIntake"":true,""fanOnMs"":1000,""postFanSettleMs"":0,""nullingProfileId"":9,""queuePending"":0,""queueCapacity"":16,""queueEnqueued"":0,""queueDropped"":0,""publishFailCount"":0,""retryCount"":0,""retryFailCount"":0,""rejectedSamples"":0,""lastRejectReason"":""none"",""lastRejectChannel"":-1,""lastRejectOkFiniteCount"":0,""lastRejectStatus"":255,""lastRejectGain"":0,""lastRejectSaturated"":false},""recovery"":{""wifiReconnectCount"":0,""wifiReconnectFailCount"":0,""mqttReconnectCount"":0,""mqttConnectFailCount"":0,""lastMqttState"":0,""adsRecoveryCount"":0,""adsRecoveryFailCount"":0,""adsReadFailStreak"":0,""lastReason"":""none"",""lastRecoveryMs"":0,""bootRecoveryArmed"":false,""bootRecoveryDueMs"":0,""bootRecoveryReason"":""none"",""bootRecoveryNonAdsFailure"":false,""bootRecoveryRestartCount"":0},""nulling"":{""done"":false,""retryArmed"":false,""attemptCount"":0,""nextRetryMs"":0,""thresholdV"":9.999999747E-06,""minFinalV"":0},""telemetry"":{""valid"":true,""sampleMs"":14047839,""gasClass"":6,""gasName"":""CO2"",""confidence"":0,""alarm"":false,""sensorVoltage"":[-0.001101399,0.004317733,0.005119655,-0.002448696,-0.009058511,-0.011456192,-0.019415665,-0.025927627],""sensorGain"":[64,64,64,64,64,64,64,64],""sensorStatus"":[0,0,0,0,0,0,0,0],""featureOrder"":[""MQ8"",""MQ135"",""MQ3"",""MQ5"",""MQ4"",""MQ7"",""MQ6"",""MQ2""]},""alarmLatched"":false}"
"2026-08-04 13:15:12.824 +07:00","266.6398627","RECOVERY_100_AFTER_65","RECOVERY","100","1000","0","1","0","-0.001082536","0.004295376","0.005081607","-0.002448463","-0.00915532","-0.011450042","-0.019403208","-0.025913546","{""deviceId"":""1001"",""nodeId"":4097,""targetChId"":""0010"",""mode"":""inference"",""uptimeMs"":14048924,""debugEnabled"":true,""power"":{""mode"":""24v"",""externalPower"":true,""batteryMv"":65535,""batteryValid"":false,""batteryDetected"":false,""batterySenseStatus"":""not_detected"",""batteryLow"":false,""batteryCritical"":false,""sourceAmbiguous"":false,""serviceHoldActive"":false,""serviceHoldEffective"":false},""batterySession"":{""state"":""inactive"",""startedMs"":0,""stateStartedMs"":0,""validSampleBatches"":0,""requiredSampleBatches"":10,""alarmTxAttempts"":0,""alarmTxAttemptLimit"":3,""alarmAckReceived"":false,""pendingAlarm"":false,""pendingSaveRequired"":false,""persistenceFaultHold"":false,""completionReason"":""session_done""},""bootHealth"":{""adsReady"":true,""adsDrdyLevel"":0,""adsDrdyPulldownLevel"":0,""adsDrdyPullupLevel"":0,""adsMisoPulldownLevel"":0,""adsMisoPullupLevel"":1,""adsCsLevel"":1,""adsSyncLevel"":1,""adsStatus"":54,""adsMux"":15,""adsAdcon"":6,""adsDrate"":240,""adsReason"":""ok"",""tcaOk"":true,""mcpOkCount"":8,""mcpOk"":[true,true,true,true,true,true,true,true],""mcpAddrMask"":[1,1,1,1,1,1,1,1],""mcpControlTested"":true,""mcpControlOkCount"":8,""mcpControlOk"":[true,true,true,true,true,true,true,true],""dacReady"":true,""radioReady"":true,""mlReady"":true,""nullingProfileApplied"":true,""modelProfileReady"":false},""runtimeMcpCode"":[255,519,795,706,799,865,665,139],""model"":{""profileId"":""cnn-dualbranch-datasheet-v1-unbound"",""scalerProfileId"":""cnn-dualbranch-datasheet-v1-unbound"",""productionApproved"":true,""boundNullingProfileId"":8,""activeNullingProfileId"":9,""bindingValid"":true,""bindingModelMatches"":true,""profileReady"":false,""inferenceValid"":false,""sensorFault"":true},""lora"":{""beginState"":0,""lastTxState"":0,""lastTxOk"":false,""txSeq"":0,""txCounter"":0,""aesKeyProvisioned"":true,""aesKeyPresent"":true,""aesKeySource"":""nvs"",""keyId"":1,""lastDownlinkCommandId"":0,""freqMHz"":920,""bwKHz"":125,""sf"":7,""cr"":5,""syncWord"":18,""txPowerDbm"":17,""preamble"":8,""tcxoVoltage"":1.600000024,""xtalVoltage"":0},""dataset"":{""state"":""idle"",""step"":""idle"",""label"":"""",""seq"":0,""targetSamples"":0,""sampleIntervalMs"":500,""maxDurationMs"":0,""useFanIntake"":true,""fanOnMs"":1000,""postFanSettleMs"":0,""nullingProfileId"":9,""queuePending"":0,""queueCapacity"":16,""queueEnqueued"":0,""queueDropped"":0,""publishFailCount"":0,""retryCount"":0,""retryFailCount"":0,""rejectedSamples"":0,""lastRejectReason"":""none"",""lastRejectChannel"":-1,""lastRejectOkFiniteCount"":0,""lastRejectStatus"":255,""lastRejectGain"":0,""lastRejectSaturated"":false},""recovery"":{""wifiReconnectCount"":0,""wifiReconnectFailCount"":0,""mqttReconnectCount"":0,""mqttConnectFailCount"":0,""lastMqttState"":0,""adsRecoveryCount"":0,""adsRecoveryFailCount"":0,""adsReadFailStreak"":0,""lastReason"":""none"",""lastRecoveryMs"":0,""bootRecoveryArmed"":false,""bootRecoveryDueMs"":0,""bootRecoveryReason"":""none"",""bootRecoveryNonAdsFailure"":false,""bootRecoveryRestartCount"":0},""nulling"":{""done"":false,""retryArmed"":false,""attemptCount"":0,""nextRetryMs"":0,""thresholdV"":9.999999747E-06,""minFinalV"":0},""telemetry"":{""valid"":true,""sampleMs"":14048554,""gasClass"":6,""gasName"":""CO2"",""confidence"":0,""alarm"":false,""sensorVoltage"":[-0.001082536,0.004295376,0.005081607,-0.002448463,-0.00915532,-0.011450042,-0.019403208,-0.025913546],""sensorGain"":[64,64,64,64,64,64,64,64],""sensorStatus"":[0,0,0,0,0,0,0,0],""featureOrder"":[""MQ8"",""MQ135"",""MQ3"",""MQ5"",""MQ4"",""MQ7"",""MQ6"",""MQ2""]},""alarmLatched"":false}"
"2026-08-04 13:15:13.511 +07:00","267.32687169999997","RECOVERY_100_AFTER_65","RECOVERY","100","1000","0","1","0","-0.001041932","0.004388243","0.005124609","-0.00245226","-0.009361438","-0.011736526","-0.019759238","-0.02582835","{""deviceId"":""1001"",""nodeId"":4097,""targetChId"":""0010"",""mode"":""inference"",""uptimeMs"":14049611,""debugEnabled"":true,""power"":{""mode"":""24v"",""externalPower"":true,""batteryMv"":65535,""batteryValid"":false,""batteryDetected"":false,""batterySenseStatus"":""not_detected"",""batteryLow"":false,""batteryCritical"":false,""sourceAmbiguous"":false,""serviceHoldActive"":false,""serviceHoldEffective"":false},""batterySession"":{""state"":""inactive"",""startedMs"":0,""stateStartedMs"":0,""validSampleBatches"":0,""requiredSampleBatches"":10,""alarmTxAttempts"":0,""alarmTxAttemptLimit"":3,""alarmAckReceived"":false,""pendingAlarm"":false,""pendingSaveRequired"":false,""persistenceFaultHold"":false,""completionReason"":""session_done""},""bootHealth"":{""adsReady"":true,""adsDrdyLevel"":0,""adsDrdyPulldownLevel"":0,""adsDrdyPullupLevel"":0,""adsMisoPulldownLevel"":0,""adsMisoPullupLevel"":1,""adsCsLevel"":1,""adsSyncLevel"":1,""adsStatus"":54,""adsMux"":15,""adsAdcon"":6,""adsDrate"":240,""adsReason"":""ok"",""tcaOk"":true,""mcpOkCount"":8,""mcpOk"":[true,true,true,true,true,true,true,true],""mcpAddrMask"":[1,1,1,1,1,1,1,1],""mcpControlTested"":true,""mcpControlOkCount"":8,""mcpControlOk"":[true,true,true,true,true,true,true,true],""dacReady"":true,""radioReady"":true,""mlReady"":true,""nullingProfileApplied"":true,""modelProfileReady"":false},""runtimeMcpCode"":[255,519,795,706,799,865,665,139],""model"":{""profileId"":""cnn-dualbranch-datasheet-v1-unbound"",""scalerProfileId"":""cnn-dualbranch-datasheet-v1-unbound"",""productionApproved"":true,""boundNullingProfileId"":8,""activeNullingProfileId"":9,""bindingValid"":true,""bindingModelMatches"":true,""profileReady"":false,""inferenceValid"":false,""sensorFault"":true},""lora"":{""beginState"":0,""lastTxState"":0,""lastTxOk"":false,""txSeq"":0,""txCounter"":0,""aesKeyProvisioned"":true,""aesKeyPresent"":true,""aesKeySource"":""nvs"",""keyId"":1,""lastDownlinkCommandId"":0,""freqMHz"":920,""bwKHz"":125,""sf"":7,""cr"":5,""syncWord"":18,""txPowerDbm"":17,""preamble"":8,""tcxoVoltage"":1.600000024,""xtalVoltage"":0},""dataset"":{""state"":""idle"",""step"":""idle"",""label"":"""",""seq"":0,""targetSamples"":0,""sampleIntervalMs"":500,""maxDurationMs"":0,""useFanIntake"":true,""fanOnMs"":1000,""postFanSettleMs"":0,""nullingProfileId"":9,""queuePending"":0,""queueCapacity"":16,""queueEnqueued"":0,""queueDropped"":0,""publishFailCount"":0,""retryCount"":0,""retryFailCount"":0,""rejectedSamples"":0,""lastRejectReason"":""none"",""lastRejectChannel"":-1,""lastRejectOkFiniteCount"":0,""lastRejectStatus"":255,""lastRejectGain"":0,""lastRejectSaturated"":false},""recovery"":{""wifiReconnectCount"":0,""wifiReconnectFailCount"":0,""mqttReconnectCount"":0,""mqttConnectFailCount"":0,""lastMqttState"":0,""adsRecoveryCount"":0,""adsRecoveryFailCount"":0,""adsReadFailStreak"":0,""lastReason"":""none"",""lastRecoveryMs"":0,""bootRecoveryArmed"":false,""bootRecoveryDueMs"":0,""bootRecoveryReason"":""none"",""bootRecoveryNonAdsFailure"":false,""bootRecoveryRestartCount"":0},""nulling"":{""done"":false,""retryArmed"":false,""attemptCount"":0,""nextRetryMs"":0,""thresholdV"":9.999999747E-06,""minFinalV"":0},""telemetry"":{""valid"":true,""sampleMs"":14049202,""gasClass"":6,""gasName"":""CO2"",""confidence"":0,""alarm"":false,""sensorVoltage"":[-0.001041932,0.004388243,0.005124609,-0.00245226,-0.009361438,-0.011736526,-0.019759238,-0.02582835],""sensorGain"":[64,64,64,64,64,64,64,64],""sensorStatus"":[0,0,0,0,0,0,0,0],""featureOrder"":[""MQ8"",""MQ135"",""MQ3"",""MQ5"",""MQ4"",""MQ7"",""MQ6"",""MQ2""]},""alarmLatched"":false}"
"2026-08-04 13:15:14.210 +07:00","268.02597199999997","RECOVERY_100_AFTER_65","RECOVERY","100","1000","0","1","0","-0.001052058","0.004363541","0.00511138","-0.002446258","-0.009609031","-0.012014114","-0.020140938","-0.026293149","{""deviceId"":""1001"",""nodeId"":4097,""targetChId"":""0010"",""mode"":""inference"",""uptimeMs"":14050310,""debugEnabled"":true,""power"":{""mode"":""24v"",""externalPower"":true,""batteryMv"":65535,""batteryValid"":false,""batteryDetected"":false,""batterySenseStatus"":""not_detected"",""batteryLow"":false,""batteryCritical"":false,""sourceAmbiguous"":false,""serviceHoldActive"":false,""serviceHoldEffective"":false},""batterySession"":{""state"":""inactive"",""startedMs"":0,""stateStartedMs"":0,""validSampleBatches"":0,""requiredSampleBatches"":10,""alarmTxAttempts"":0,""alarmTxAttemptLimit"":3,""alarmAckReceived"":false,""pendingAlarm"":false,""pendingSaveRequired"":false,""persistenceFaultHold"":false,""completionReason"":""session_done""},""bootHealth"":{""adsReady"":true,""adsDrdyLevel"":0,""adsDrdyPulldownLevel"":0,""adsDrdyPullupLevel"":0,""adsMisoPulldownLevel"":0,""adsMisoPullupLevel"":1,""adsCsLevel"":1,""adsSyncLevel"":1,""adsStatus"":54,""adsMux"":15,""adsAdcon"":6,""adsDrate"":240,""adsReason"":""ok"",""tcaOk"":true,""mcpOkCount"":8,""mcpOk"":[true,true,true,true,true,true,true,true],""mcpAddrMask"":[1,1,1,1,1,1,1,1],""mcpControlTested"":true,""mcpControlOkCount"":8,""mcpControlOk"":[true,true,true,true,true,true,true,true],""dacReady"":true,""radioReady"":true,""mlReady"":true,""nullingProfileApplied"":true,""modelProfileReady"":false},""runtimeMcpCode"":[255,519,795,706,799,865,665,139],""model"":{""profileId"":""cnn-dualbranch-datasheet-v1-unbound"",""scalerProfileId"":""cnn-dualbranch-datasheet-v1-unbound"",""productionApproved"":true,""boundNullingProfileId"":8,""activeNullingProfileId"":9,""bindingValid"":true,""bindingModelMatches"":true,""profileReady"":false,""inferenceValid"":false,""sensorFault"":true},""lora"":{""beginState"":0,""lastTxState"":0,""lastTxOk"":false,""txSeq"":0,""txCounter"":0,""aesKeyProvisioned"":true,""aesKeyPresent"":true,""aesKeySource"":""nvs"",""keyId"":1,""lastDownlinkCommandId"":0,""freqMHz"":920,""bwKHz"":125,""sf"":7,""cr"":5,""syncWord"":18,""txPowerDbm"":17,""preamble"":8,""tcxoVoltage"":1.600000024,""xtalVoltage"":0},""dataset"":{""state"":""idle"",""step"":""idle"",""label"":"""",""seq"":0,""targetSamples"":0,""sampleIntervalMs"":500,""maxDurationMs"":0,""useFanIntake"":true,""fanOnMs"":1000,""postFanSettleMs"":0,""nullingProfileId"":9,""queuePending"":0,""queueCapacity"":16,""queueEnqueued"":0,""queueDropped"":0,""publishFailCount"":0,""retryCount"":0,""retryFailCount"":0,""rejectedSamples"":0,""lastRejectReason"":""none"",""lastRejectChannel"":-1,""lastRejectOkFiniteCount"":0,""lastRejectStatus"":255,""lastRejectGain"":0,""lastRejectSaturated"":false},""recovery"":{""wifiReconnectCount"":0,""wifiReconnectFailCount"":0,""mqttReconnectCount"":0,""mqttConnectFailCount"":0,""lastMqttState"":0,""adsRecoveryCount"":0,""adsRecoveryFailCount"":0,""adsReadFailStreak"":0,""lastReason"":""none"",""lastRecoveryMs"":0,""bootRecoveryArmed"":false,""bootRecoveryDueMs"":0,""bootRecoveryReason"":""none"",""bootRecoveryNonAdsFailure"":false,""bootRecoveryRestartCount"":0},""nulling"":{""done"":false,""retryArmed"":false,""attemptCount"":0,""nextRetryMs"":0,""thresholdV"":9.999999747E-06,""minFinalV"":0},""telemetry"":{""valid"":true,""sampleMs"":14049889,""gasClass"":6,""gasName"":""CO2"",""confidence"":0,""alarm"":false,""sensorVoltage"":[-0.001052058,0.004363541,0.00511138,-0.002446258,-0.009609031,-0.012014114,-0.020140938,-0.026293149],""sensorGain"":[64,64,64,64,64,64,64,64],""sensorStatus"":[0,0,0,0,0,0,0,0],""featureOrder"":[""MQ8"",""MQ135"",""MQ3"",""MQ5"",""MQ4"",""MQ7"",""MQ6"",""MQ2""]},""alarmLatched"":false}"
"2026-08-04 13:15:14.892 +07:00","268.7081139","RECOVERY_100_AFTER_65","RECOVERY","100","1000","0","1","0","-0.0010676","0.004399764","0.005122493","-0.002537797","-0.009663275","-0.011985086","-0.020151433","-0.026196625","{""deviceId"":""1001"",""nodeId"":4097,""targetChId"":""0010"",""mode"":""inference"",""uptimeMs"":14050993,""debugEnabled"":true,""power"":{""mode"":""24v"",""externalPower"":true,""batteryMv"":65535,""batteryValid"":false,""batteryDetected"":false,""batterySenseStatus"":""not_detected"",""batteryLow"":false,""batteryCritical"":false,""sourceAmbiguous"":false,""serviceHoldActive"":false,""serviceHoldEffective"":false},""batterySession"":{""state"":""inactive"",""startedMs"":0,""stateStartedMs"":0,""validSampleBatches"":0,""requiredSampleBatches"":10,""alarmTxAttempts"":0,""alarmTxAttemptLimit"":3,""alarmAckReceived"":false,""pendingAlarm"":false,""pendingSaveRequired"":false,""persistenceFaultHold"":false,""completionReason"":""session_done""},""bootHealth"":{""adsReady"":true,""adsDrdyLevel"":0,""adsDrdyPulldownLevel"":0,""adsDrdyPullupLevel"":0,""adsMisoPulldownLevel"":0,""adsMisoPullupLevel"":1,""adsCsLevel"":1,""adsSyncLevel"":1,""adsStatus"":54,""adsMux"":15,""adsAdcon"":6,""adsDrate"":240,""adsReason"":""ok"",""tcaOk"":true,""mcpOkCount"":8,""mcpOk"":[true,true,true,true,true,true,true,true],""mcpAddrMask"":[1,1,1,1,1,1,1,1],""mcpControlTested"":true,""mcpControlOkCount"":8,""mcpControlOk"":[true,true,true,true,true,true,true,true],""dacReady"":true,""radioReady"":true,""mlReady"":true,""nullingProfileApplied"":true,""modelProfileReady"":false},""runtimeMcpCode"":[255,519,795,706,799,865,665,139],""model"":{""profileId"":""cnn-dualbranch-datasheet-v1-unbound"",""scalerProfileId"":""cnn-dualbranch-datasheet-v1-unbound"",""productionApproved"":true,""boundNullingProfileId"":8,""activeNullingProfileId"":9,""bindingValid"":true,""bindingModelMatches"":true,""profileReady"":false,""inferenceValid"":false,""sensorFault"":true},""lora"":{""beginState"":0,""lastTxState"":0,""lastTxOk"":false,""txSeq"":0,""txCounter"":0,""aesKeyProvisioned"":true,""aesKeyPresent"":true,""aesKeySource"":""nvs"",""keyId"":1,""lastDownlinkCommandId"":0,""freqMHz"":920,""bwKHz"":125,""sf"":7,""cr"":5,""syncWord"":18,""txPowerDbm"":17,""preamble"":8,""tcxoVoltage"":1.600000024,""xtalVoltage"":0},""dataset"":{""state"":""idle"",""step"":""idle"",""label"":"""",""seq"":0,""targetSamples"":0,""sampleIntervalMs"":500,""maxDurationMs"":0,""useFanIntake"":true,""fanOnMs"":1000,""postFanSettleMs"":0,""nullingProfileId"":9,""queuePending"":0,""queueCapacity"":16,""queueEnqueued"":0,""queueDropped"":0,""publishFailCount"":0,""retryCount"":0,""retryFailCount"":0,""rejectedSamples"":0,""lastRejectReason"":""none"",""lastRejectChannel"":-1,""lastRejectOkFiniteCount"":0,""lastRejectStatus"":255,""lastRejectGain"":0,""lastRejectSaturated"":false},""recovery"":{""wifiReconnectCount"":0,""wifiReconnectFailCount"":0,""mqttReconnectCount"":0,""mqttConnectFailCount"":0,""lastMqttState"":0,""adsRecoveryCount"":0,""adsRecoveryFailCount"":0,""adsReadFailStreak"":0,""lastReason"":""none"",""lastRecoveryMs"":0,""bootRecoveryArmed"":false,""bootRecoveryDueMs"":0,""bootRecoveryReason"":""none"",""bootRecoveryNonAdsFailure"":false,""bootRecoveryRestartCount"":0},""nulling"":{""done"":false,""retryArmed"":false,""attemptCount"":0,""nextRetryMs"":0,""thresholdV"":9.999999747E-06,""minFinalV"":0},""telemetry"":{""valid"":true,""sampleMs"":14050620,""gasClass"":6,""gasName"":""CO2"",""confidence"":0,""alarm"":false,""sensorVoltage"":[-0.0010676,0.004399764,0.005122493,-0.002537797,-0.009663275,-0.011985086,-0.020151433,-0.026196625],""sensorGain"":[64,64,64,64,64,64,64,64],""sensorStatus"":[0,0,0,0,0,0,0,0],""featureOrder"":[""MQ8"",""MQ135"",""MQ3"",""MQ5"",""MQ4"",""MQ7"",""MQ6"",""MQ2""]},""alarmLatched"":false}"
"2026-08-04 13:15:15.576 +07:00","269.3922108","RECOVERY_100_AFTER_65","RECOVERY","100","1000","0","1","0","-0.001002782","0.004433692","0.005266436","-0.002525551","-0.009719709","-0.012003193","-0.020159975","-0.02620169","{""deviceId"":""1001"",""nodeId"":4097,""targetChId"":""0010"",""mode"":""inference"",""uptimeMs"":14051676,""debugEnabled"":true,""power"":{""mode"":""24v"",""externalPower"":true,""batteryMv"":65535,""batteryValid"":false,""batteryDetected"":false,""batterySenseStatus"":""not_detected"",""batteryLow"":false,""batteryCritical"":false,""sourceAmbiguous"":false,""serviceHoldActive"":false,""serviceHoldEffective"":false},""batterySession"":{""state"":""inactive"",""startedMs"":0,""stateStartedMs"":0,""validSampleBatches"":0,""requiredSampleBatches"":10,""alarmTxAttempts"":0,""alarmTxAttemptLimit"":3,""alarmAckReceived"":false,""pendingAlarm"":false,""pendingSaveRequired"":false,""persistenceFaultHold"":false,""completionReason"":""session_done""},""bootHealth"":{""adsReady"":true,""adsDrdyLevel"":0,""adsDrdyPulldownLevel"":0,""adsDrdyPullupLevel"":0,""adsMisoPulldownLevel"":0,""adsMisoPullupLevel"":1,""adsCsLevel"":1,""adsSyncLevel"":1,""adsStatus"":54,""adsMux"":15,""adsAdcon"":6,""adsDrate"":240,""adsReason"":""ok"",""tcaOk"":true,""mcpOkCount"":8,""mcpOk"":[true,true,true,true,true,true,true,true],""mcpAddrMask"":[1,1,1,1,1,1,1,1],""mcpControlTested"":true,""mcpControlOkCount"":8,""mcpControlOk"":[true,true,true,true,true,true,true,true],""dacReady"":true,""radioReady"":true,""mlReady"":true,""nullingProfileApplied"":true,""modelProfileReady"":false},""runtimeMcpCode"":[255,519,795,706,799,865,665,139],""model"":{""profileId"":""cnn-dualbranch-datasheet-v1-unbound"",""scalerProfileId"":""cnn-dualbranch-datasheet-v1-unbound"",""productionApproved"":true,""boundNullingProfileId"":8,""activeNullingProfileId"":9,""bindingValid"":true,""bindingModelMatches"":true,""profileReady"":false,""inferenceValid"":false,""sensorFault"":true},""lora"":{""beginState"":0,""lastTxState"":0,""lastTxOk"":false,""txSeq"":0,""txCounter"":0,""aesKeyProvisioned"":true,""aesKeyPresent"":true,""aesKeySource"":""nvs"",""keyId"":1,""lastDownlinkCommandId"":0,""freqMHz"":920,""bwKHz"":125,""sf"":7,""cr"":5,""syncWord"":18,""txPowerDbm"":17,""preamble"":8,""tcxoVoltage"":1.600000024,""xtalVoltage"":0},""dataset"":{""state"":""idle"",""step"":""idle"",""label"":"""",""seq"":0,""targetSamples"":0,""sampleIntervalMs"":500,""maxDurationMs"":0,""useFanIntake"":true,""fanOnMs"":1000,""postFanSettleMs"":0,""nullingProfileId"":9,""queuePending"":0,""queueCapacity"":16,""queueEnqueued"":0,""queueDropped"":0,""publishFailCount"":0,""retryCount"":0,""retryFailCount"":0,""rejectedSamples"":0,""lastRejectReason"":""none"",""lastRejectChannel"":-1,""lastRejectOkFiniteCount"":0,""lastRejectStatus"":255,""lastRejectGain"":0,""lastRejectSaturated"":false},""recovery"":{""wifiReconnectCount"":0,""wifiReconnectFailCount"":0,""mqttReconnectCount"":0,""mqttConnectFailCount"":0,""lastMqttState"":0,""adsRecoveryCount"":0,""adsRecoveryFailCount"":0,""adsReadFailStreak"":0,""lastReason"":""none"",""lastRecoveryMs"":0,""bootRecoveryArmed"":false,""bootRecoveryDueMs"":0,""bootRecoveryReason"":""none"",""bootRecoveryNonAdsFailure"":false,""bootRecoveryRestartCount"":0},""nulling"":{""done"":false,""retryArmed"":false,""attemptCount"":0,""nextRetryMs"":0,""thresholdV"":9.999999747E-06,""minFinalV"":0},""telemetry"":{""valid"":true,""sampleMs"":14051271,""gasClass"":6,""gasName"":""CO2"",""confidence"":0,""alarm"":false,""sensorVoltage"":[-0.001002782,0.004433692,0.005266436,-0.002525551,-0.009719709,-0.012003193,-0.020159975,-0.02620169],""sensorGain"":[64,64,64,64,64,64,64,64],""sensorStatus"":[0,0,0,0,0,0,0,0],""featureOrder"":[""MQ8"",""MQ135"",""MQ3"",""MQ5"",""MQ4"",""MQ7"",""MQ6"",""MQ2""]},""alarmLatched"":false}"
"2026-08-04 13:15:16.275 +07:00","270.0910791","RECOVERY_100_AFTER_65","RECOVERY","100","1000","0","1","0","-0.001010823","0.004536126","0.005355184","-0.002564036","-0.00996682","-0.012263672","-0.020529745","-0.02665627","{""deviceId"":""1001"",""nodeId"":4097,""targetChId"":""0010"",""mode"":""inference"",""uptimeMs"":14052376,""debugEnabled"":true,""power"":{""mode"":""24v"",""externalPower"":true,""batteryMv"":65535,""batteryValid"":false,""batteryDetected"":false,""batterySenseStatus"":""not_detected"",""batteryLow"":false,""batteryCritical"":false,""sourceAmbiguous"":false,""serviceHoldActive"":false,""serviceHoldEffective"":false},""batterySession"":{""state"":""inactive"",""startedMs"":0,""stateStartedMs"":0,""validSampleBatches"":0,""requiredSampleBatches"":10,""alarmTxAttempts"":0,""alarmTxAttemptLimit"":3,""alarmAckReceived"":false,""pendingAlarm"":false,""pendingSaveRequired"":false,""persistenceFaultHold"":false,""completionReason"":""session_done""},""bootHealth"":{""adsReady"":true,""adsDrdyLevel"":0,""adsDrdyPulldownLevel"":0,""adsDrdyPullupLevel"":0,""adsMisoPulldownLevel"":0,""adsMisoPullupLevel"":1,""adsCsLevel"":1,""adsSyncLevel"":1,""adsStatus"":54,""adsMux"":15,""adsAdcon"":6,""adsDrate"":240,""adsReason"":""ok"",""tcaOk"":true,""mcpOkCount"":8,""mcpOk"":[true,true,true,true,true,true,true,true],""mcpAddrMask"":[1,1,1,1,1,1,1,1],""mcpControlTested"":true,""mcpControlOkCount"":8,""mcpControlOk"":[true,true,true,true,true,true,true,true],""dacReady"":true,""radioReady"":true,""mlReady"":true,""nullingProfileApplied"":true,""modelProfileReady"":false},""runtimeMcpCode"":[255,519,795,706,799,865,665,139],""model"":{""profileId"":""cnn-dualbranch-datasheet-v1-unbound"",""scalerProfileId"":""cnn-dualbranch-datasheet-v1-unbound"",""productionApproved"":true,""boundNullingProfileId"":8,""activeNullingProfileId"":9,""bindingValid"":true,""bindingModelMatches"":true,""profileReady"":false,""inferenceValid"":false,""sensorFault"":true},""lora"":{""beginState"":0,""lastTxState"":0,""lastTxOk"":false,""txSeq"":0,""txCounter"":0,""aesKeyProvisioned"":true,""aesKeyPresent"":true,""aesKeySource"":""nvs"",""keyId"":1,""lastDownlinkCommandId"":0,""freqMHz"":920,""bwKHz"":125,""sf"":7,""cr"":5,""syncWord"":18,""txPowerDbm"":17,""preamble"":8,""tcxoVoltage"":1.600000024,""xtalVoltage"":0},""dataset"":{""state"":""idle"",""step"":""idle"",""label"":"""",""seq"":0,""targetSamples"":0,""sampleIntervalMs"":500,""maxDurationMs"":0,""useFanIntake"":true,""fanOnMs"":1000,""postFanSettleMs"":0,""nullingProfileId"":9,""queuePending"":0,""queueCapacity"":16,""queueEnqueued"":0,""queueDropped"":0,""publishFailCount"":0,""retryCount"":0,""retryFailCount"":0,""rejectedSamples"":0,""lastRejectReason"":""none"",""lastRejectChannel"":-1,""lastRejectOkFiniteCount"":0,""lastRejectStatus"":255,""lastRejectGain"":0,""lastRejectSaturated"":false},""recovery"":{""wifiReconnectCount"":0,""wifiReconnectFailCount"":0,""mqttReconnectCount"":0,""mqttConnectFailCount"":0,""lastMqttState"":0,""adsRecoveryCount"":0,""adsRecoveryFailCount"":0,""adsReadFailStreak"":0,""lastReason"":""none"",""lastRecoveryMs"":0,""bootRecoveryArmed"":false,""bootRecoveryDueMs"":0,""bootRecoveryReason"":""none"",""bootRecoveryNonAdsFailure"":false,""bootRecoveryRestartCount"":0},""nulling"":{""done"":false,""retryArmed"":false,""attemptCount"":0,""nextRetryMs"":0,""thresholdV"":9.999999747E-06,""minFinalV"":0},""telemetry"":{""valid"":true,""sampleMs"":14051954,""gasClass"":6,""gasName"":""CO2"",""confidence"":0,""alarm"":false,""sensorVoltage"":[-0.001010823,0.004536126,0.005355184,-0.002564036,-0.00996682,-0.012263672,-0.020529745,-0.02665627],""sensorGain"":[64,64,64,64,64,64,64,64],""sensorStatus"":[0,0,0,0,0,0,0,0],""featureOrder"":[""MQ8"",""MQ135"",""MQ3"",""MQ5"",""MQ4"",""MQ7"",""MQ6"",""MQ2""]},""alarmLatched"":false}"
"2026-08-04 13:15:17.075 +07:00","270.8909242","RECOVERY_100_AFTER_65","RECOVERY","100","1000","0","1","0","-0.000993429","0.004510417","0.005348652","-0.00257893","-0.009964037","-0.012263547","-0.020529553","-0.026663151","{""deviceId"":""1001"",""nodeId"":4097,""targetChId"":""0010"",""mode"":""inference"",""uptimeMs"":14053175,""debugEnabled"":true,""power"":{""mode"":""24v"",""externalPower"":true,""batteryMv"":65535,""batteryValid"":false,""batteryDetected"":false,""batterySenseStatus"":""not_detected"",""batteryLow"":false,""batteryCritical"":false,""sourceAmbiguous"":false,""serviceHoldActive"":false,""serviceHoldEffective"":false},""batterySession"":{""state"":""inactive"",""startedMs"":0,""stateStartedMs"":0,""validSampleBatches"":0,""requiredSampleBatches"":10,""alarmTxAttempts"":0,""alarmTxAttemptLimit"":3,""alarmAckReceived"":false,""pendingAlarm"":false,""pendingSaveRequired"":false,""persistenceFaultHold"":false,""completionReason"":""session_done""},""bootHealth"":{""adsReady"":true,""adsDrdyLevel"":0,""adsDrdyPulldownLevel"":0,""adsDrdyPullupLevel"":0,""adsMisoPulldownLevel"":0,""adsMisoPullupLevel"":1,""adsCsLevel"":1,""adsSyncLevel"":1,""adsStatus"":54,""adsMux"":15,""adsAdcon"":6,""adsDrate"":240,""adsReason"":""ok"",""tcaOk"":true,""mcpOkCount"":8,""mcpOk"":[true,true,true,true,true,true,true,true],""mcpAddrMask"":[1,1,1,1,1,1,1,1],""mcpControlTested"":true,""mcpControlOkCount"":8,""mcpControlOk"":[true,true,true,true,true,true,true,true],""dacReady"":true,""radioReady"":true,""mlReady"":true,""nullingProfileApplied"":true,""modelProfileReady"":false},""runtimeMcpCode"":[255,519,795,706,799,865,665,139],""model"":{""profileId"":""cnn-dualbranch-datasheet-v1-unbound"",""scalerProfileId"":""cnn-dualbranch-datasheet-v1-unbound"",""productionApproved"":true,""boundNullingProfileId"":8,""activeNullingProfileId"":9,""bindingValid"":true,""bindingModelMatches"":true,""profileReady"":false,""inferenceValid"":false,""sensorFault"":true},""lora"":{""beginState"":0,""lastTxState"":0,""lastTxOk"":false,""txSeq"":0,""txCounter"":0,""aesKeyProvisioned"":true,""aesKeyPresent"":true,""aesKeySource"":""nvs"",""keyId"":1,""lastDownlinkCommandId"":0,""freqMHz"":920,""bwKHz"":125,""sf"":7,""cr"":5,""syncWord"":18,""txPowerDbm"":17,""preamble"":8,""tcxoVoltage"":1.600000024,""xtalVoltage"":0},""dataset"":{""state"":""idle"",""step"":""idle"",""label"":"""",""seq"":0,""targetSamples"":0,""sampleIntervalMs"":500,""maxDurationMs"":0,""useFanIntake"":true,""fanOnMs"":1000,""postFanSettleMs"":0,""nullingProfileId"":9,""queuePending"":0,""queueCapacity"":16,""queueEnqueued"":0,""queueDropped"":0,""publishFailCount"":0,""retryCount"":0,""retryFailCount"":0,""rejectedSamples"":0,""lastRejectReason"":""none"",""lastRejectChannel"":-1,""lastRejectOkFiniteCount"":0,""lastRejectStatus"":255,""lastRejectGain"":0,""lastRejectSaturated"":false},""recovery"":{""wifiReconnectCount"":0,""wifiReconnectFailCount"":0,""mqttReconnectCount"":0,""mqttConnectFailCount"":0,""lastMqttState"":0,""adsRecoveryCount"":0,""adsRecoveryFailCount"":0,""adsReadFailStreak"":0,""lastReason"":""none"",""lastRecoveryMs"":0,""bootRecoveryArmed"":false,""bootRecoveryDueMs"":0,""bootRecoveryReason"":""none"",""bootRecoveryNonAdsFailure"":false,""bootRecoveryRestartCount"":0},""nulling"":{""done"":false,""retryArmed"":false,""attemptCount"":0,""nextRetryMs"":0,""thresholdV"":9.999999747E-06,""minFinalV"":0},""telemetry"":{""valid"":true,""sampleMs"":14052686,""gasClass"":6,""gasName"":""CO2"",""confidence"":0,""alarm"":false,""sensorVoltage"":[-0.000993429,0.004510417,0.005348652,-0.00257893,-0.009964037,-0.012263547,-0.020529553,-0.026663151],""sensorGain"":[64,64,64,64,64,64,64,64],""sensorStatus"":[0,0,0,0,0,0,0,0],""featureOrder"":[""MQ8"",""MQ135"",""MQ3"",""MQ5"",""MQ4"",""MQ7"",""MQ6"",""MQ2""]},""alarmLatched"":false}"
"2026-08-04 13:15:17.775 +07:00","271.5909186","RECOVERY_100_AFTER_65","RECOVERY","100","1000","0","1","0","-0.00098201","0.004523988","0.005306422","-0.002545337","-0.009944393","-0.012325854","-0.020486837","-0.026654199","{""deviceId"":""1001"",""nodeId"":4097,""targetChId"":""0010"",""mode"":""inference"",""uptimeMs"":14053875,""debugEnabled"":true,""power"":{""mode"":""24v"",""externalPower"":true,""batteryMv"":65535,""batteryValid"":false,""batteryDetected"":false,""batterySenseStatus"":""not_detected"",""batteryLow"":false,""batteryCritical"":false,""sourceAmbiguous"":false,""serviceHoldActive"":false,""serviceHoldEffective"":false},""batterySession"":{""state"":""inactive"",""startedMs"":0,""stateStartedMs"":0,""validSampleBatches"":0,""requiredSampleBatches"":10,""alarmTxAttempts"":0,""alarmTxAttemptLimit"":3,""alarmAckReceived"":false,""pendingAlarm"":false,""pendingSaveRequired"":false,""persistenceFaultHold"":false,""completionReason"":""session_done""},""bootHealth"":{""adsReady"":true,""adsDrdyLevel"":0,""adsDrdyPulldownLevel"":0,""adsDrdyPullupLevel"":0,""adsMisoPulldownLevel"":0,""adsMisoPullupLevel"":1,""adsCsLevel"":1,""adsSyncLevel"":1,""adsStatus"":54,""adsMux"":15,""adsAdcon"":6,""adsDrate"":240,""adsReason"":""ok"",""tcaOk"":true,""mcpOkCount"":8,""mcpOk"":[true,true,true,true,true,true,true,true],""mcpAddrMask"":[1,1,1,1,1,1,1,1],""mcpControlTested"":true,""mcpControlOkCount"":8,""mcpControlOk"":[true,true,true,true,true,true,true,true],""dacReady"":true,""radioReady"":true,""mlReady"":true,""nullingProfileApplied"":true,""modelProfileReady"":false},""runtimeMcpCode"":[255,519,795,706,799,865,665,139],""model"":{""profileId"":""cnn-dualbranch-datasheet-v1-unbound"",""scalerProfileId"":""cnn-dualbranch-datasheet-v1-unbound"",""productionApproved"":true,""boundNullingProfileId"":8,""activeNullingProfileId"":9,""bindingValid"":true,""bindingModelMatches"":true,""profileReady"":false,""inferenceValid"":false,""sensorFault"":true},""lora"":{""beginState"":0,""lastTxState"":0,""lastTxOk"":false,""txSeq"":0,""txCounter"":0,""aesKeyProvisioned"":true,""aesKeyPresent"":true,""aesKeySource"":""nvs"",""keyId"":1,""lastDownlinkCommandId"":0,""freqMHz"":920,""bwKHz"":125,""sf"":7,""cr"":5,""syncWord"":18,""txPowerDbm"":17,""preamble"":8,""tcxoVoltage"":1.600000024,""xtalVoltage"":0},""dataset"":{""state"":""idle"",""step"":""idle"",""label"":"""",""seq"":0,""targetSamples"":0,""sampleIntervalMs"":500,""maxDurationMs"":0,""useFanIntake"":true,""fanOnMs"":1000,""postFanSettleMs"":0,""nullingProfileId"":9,""queuePending"":0,""queueCapacity"":16,""queueEnqueued"":0,""queueDropped"":0,""publishFailCount"":0,""retryCount"":0,""retryFailCount"":0,""rejectedSamples"":0,""lastRejectReason"":""none"",""lastRejectChannel"":-1,""lastRejectOkFiniteCount"":0,""lastRejectStatus"":255,""lastRejectGain"":0,""lastRejectSaturated"":false},""recovery"":{""wifiReconnectCount"":0,""wifiReconnectFailCount"":0,""mqttReconnectCount"":0,""mqttConnectFailCount"":0,""lastMqttState"":0,""adsRecoveryCount"":0,""adsRecoveryFailCount"":0,""adsReadFailStreak"":0,""lastReason"":""none"",""lastRecoveryMs"":0,""bootRecoveryArmed"":false,""bootRecoveryDueMs"":0,""bootRecoveryReason"":""none"",""bootRecoveryNonAdsFailure"":false,""bootRecoveryRestartCount"":0},""nulling"":{""done"":false,""retryArmed"":false,""attemptCount"":0,""nextRetryMs"":0,""thresholdV"":9.999999747E-06,""minFinalV"":0},""telemetry"":{""valid"":true,""sampleMs"":14053453,""gasClass"":6,""gasName"":""CO2"",""confidence"":0,""alarm"":false,""sensorVoltage"":[-0.00098201,0.004523988,0.005306422,-0.002545337,-0.009944393,-0.012325854,-0.020486837,-0.026654199],""sensorGain"":[64,64,64,64,64,64,64,64],""sensorStatus"":[0,0,0,0,0,0,0,0],""featureOrder"":[""MQ8"",""MQ135"",""MQ3"",""MQ5"",""MQ4"",""MQ7"",""MQ6"",""MQ2""]},""alarmLatched"":false}"
"2026-08-04 13:15:18.458 +07:00","272.273703","RECOVERY_100_AFTER_65","RECOVERY","100","1000","0","1","0","-0.000968041","0.004500613","0.005305386","-0.002528746","-0.009957805","-0.012288099","-0.020536324","-0.02672621","{""deviceId"":""1001"",""nodeId"":4097,""targetChId"":""0010"",""mode"":""inference"",""uptimeMs"":14054558,""debugEnabled"":true,""power"":{""mode"":""24v"",""externalPower"":true,""batteryMv"":65535,""batteryValid"":false,""batteryDetected"":false,""batterySenseStatus"":""not_detected"",""batteryLow"":false,""batteryCritical"":false,""sourceAmbiguous"":false,""serviceHoldActive"":false,""serviceHoldEffective"":false},""batterySession"":{""state"":""inactive"",""startedMs"":0,""stateStartedMs"":0,""validSampleBatches"":0,""requiredSampleBatches"":10,""alarmTxAttempts"":0,""alarmTxAttemptLimit"":3,""alarmAckReceived"":false,""pendingAlarm"":false,""pendingSaveRequired"":false,""persistenceFaultHold"":false,""completionReason"":""session_done""},""bootHealth"":{""adsReady"":true,""adsDrdyLevel"":0,""adsDrdyPulldownLevel"":0,""adsDrdyPullupLevel"":0,""adsMisoPulldownLevel"":0,""adsMisoPullupLevel"":1,""adsCsLevel"":1,""adsSyncLevel"":1,""adsStatus"":54,""adsMux"":15,""adsAdcon"":6,""adsDrate"":240,""adsReason"":""ok"",""tcaOk"":true,""mcpOkCount"":8,""mcpOk"":[true,true,true,true,true,true,true,true],""mcpAddrMask"":[1,1,1,1,1,1,1,1],""mcpControlTested"":true,""mcpControlOkCount"":8,""mcpControlOk"":[true,true,true,true,true,true,true,true],""dacReady"":true,""radioReady"":true,""mlReady"":true,""nullingProfileApplied"":true,""modelProfileReady"":false},""runtimeMcpCode"":[255,519,795,706,799,865,665,139],""model"":{""profileId"":""cnn-dualbranch-datasheet-v1-unbound"",""scalerProfileId"":""cnn-dualbranch-datasheet-v1-unbound"",""productionApproved"":true,""boundNullingProfileId"":8,""activeNullingProfileId"":9,""bindingValid"":true,""bindingModelMatches"":true,""profileReady"":false,""inferenceValid"":false,""sensorFault"":true},""lora"":{""beginState"":0,""lastTxState"":0,""lastTxOk"":false,""txSeq"":0,""txCounter"":0,""aesKeyProvisioned"":true,""aesKeyPresent"":true,""aesKeySource"":""nvs"",""keyId"":1,""lastDownlinkCommandId"":0,""freqMHz"":920,""bwKHz"":125,""sf"":7,""cr"":5,""syncWord"":18,""txPowerDbm"":17,""preamble"":8,""tcxoVoltage"":1.600000024,""xtalVoltage"":0},""dataset"":{""state"":""idle"",""step"":""idle"",""label"":"""",""seq"":0,""targetSamples"":0,""sampleIntervalMs"":500,""maxDurationMs"":0,""useFanIntake"":true,""fanOnMs"":1000,""postFanSettleMs"":0,""nullingProfileId"":9,""queuePending"":0,""queueCapacity"":16,""queueEnqueued"":0,""queueDropped"":0,""publishFailCount"":0,""retryCount"":0,""retryFailCount"":0,""rejectedSamples"":0,""lastRejectReason"":""none"",""lastRejectChannel"":-1,""lastRejectOkFiniteCount"":0,""lastRejectStatus"":255,""lastRejectGain"":0,""lastRejectSaturated"":false},""recovery"":{""wifiReconnectCount"":0,""wifiReconnectFailCount"":0,""mqttReconnectCount"":0,""mqttConnectFailCount"":0,""lastMqttState"":0,""adsRecoveryCount"":0,""adsRecoveryFailCount"":0,""adsReadFailStreak"":0,""lastReason"":""none"",""lastRecoveryMs"":0,""bootRecoveryArmed"":false,""bootRecoveryDueMs"":0,""bootRecoveryReason"":""none"",""bootRecoveryNonAdsFailure"":false,""bootRecoveryRestartCount"":0},""nulling"":{""done"":false,""retryArmed"":false,""attemptCount"":0,""nextRetryMs"":0,""thresholdV"":9.999999747E-06,""minFinalV"":0},""telemetry"":{""valid"":true,""sampleMs"":14054158,""gasClass"":6,""gasName"":""CO2"",""confidence"":0,""alarm"":false,""sensorVoltage"":[-0.000968041,0.004500613,0.005305386,-0.002528746,-0.009957805,-0.012288099,-0.020536324,-0.02672621],""sensorGain"":[64,64,64,64,64,64,64,64],""sensorStatus"":[0,0,0,0,0,0,0,0],""featureOrder"":[""MQ8"",""MQ135"",""MQ3"",""MQ5"",""MQ4"",""MQ7"",""MQ6"",""MQ2""]},""alarmLatched"":false}"
"2026-08-04 13:15:19.140 +07:00","272.9566154","RECOVERY_100_AFTER_65","RECOVERY","100","1000","0","1","0","-0.000954236","0.004508103","0.005280738","-0.002518413","-0.009913458","-0.012303069","-0.020524103","-0.026741486","{""deviceId"":""1001"",""nodeId"":4097,""targetChId"":""0010"",""mode"":""inference"",""uptimeMs"":14055240,""debugEnabled"":true,""power"":{""mode"":""24v"",""externalPower"":true,""batteryMv"":65535,""batteryValid"":false,""batteryDetected"":false,""batterySenseStatus"":""not_detected"",""batteryLow"":false,""batteryCritical"":false,""sourceAmbiguous"":false,""serviceHoldActive"":false,""serviceHoldEffective"":false},""batterySession"":{""state"":""inactive"",""startedMs"":0,""stateStartedMs"":0,""validSampleBatches"":0,""requiredSampleBatches"":10,""alarmTxAttempts"":0,""alarmTxAttemptLimit"":3,""alarmAckReceived"":false,""pendingAlarm"":false,""pendingSaveRequired"":false,""persistenceFaultHold"":false,""completionReason"":""session_done""},""bootHealth"":{""adsReady"":true,""adsDrdyLevel"":0,""adsDrdyPulldownLevel"":0,""adsDrdyPullupLevel"":0,""adsMisoPulldownLevel"":0,""adsMisoPullupLevel"":1,""adsCsLevel"":1,""adsSyncLevel"":1,""adsStatus"":54,""adsMux"":15,""adsAdcon"":6,""adsDrate"":240,""adsReason"":""ok"",""tcaOk"":true,""mcpOkCount"":8,""mcpOk"":[true,true,true,true,true,true,true,true],""mcpAddrMask"":[1,1,1,1,1,1,1,1],""mcpControlTested"":true,""mcpControlOkCount"":8,""mcpControlOk"":[true,true,true,true,true,true,true,true],""dacReady"":true,""radioReady"":true,""mlReady"":true,""nullingProfileApplied"":true,""modelProfileReady"":false},""runtimeMcpCode"":[255,519,795,706,799,865,665,139],""model"":{""profileId"":""cnn-dualbranch-datasheet-v1-unbound"",""scalerProfileId"":""cnn-dualbranch-datasheet-v1-unbound"",""productionApproved"":true,""boundNullingProfileId"":8,""activeNullingProfileId"":9,""bindingValid"":true,""bindingModelMatches"":true,""profileReady"":false,""inferenceValid"":false,""sensorFault"":true},""lora"":{""beginState"":0,""lastTxState"":0,""lastTxOk"":false,""txSeq"":0,""txCounter"":0,""aesKeyProvisioned"":true,""aesKeyPresent"":true,""aesKeySource"":""nvs"",""keyId"":1,""lastDownlinkCommandId"":0,""freqMHz"":920,""bwKHz"":125,""sf"":7,""cr"":5,""syncWord"":18,""txPowerDbm"":17,""preamble"":8,""tcxoVoltage"":1.600000024,""xtalVoltage"":0},""dataset"":{""state"":""idle"",""step"":""idle"",""label"":"""",""seq"":0,""targetSamples"":0,""sampleIntervalMs"":500,""maxDurationMs"":0,""useFanIntake"":true,""fanOnMs"":1000,""postFanSettleMs"":0,""nullingProfileId"":9,""queuePending"":0,""queueCapacity"":16,""queueEnqueued"":0,""queueDropped"":0,""publishFailCount"":0,""retryCount"":0,""retryFailCount"":0,""rejectedSamples"":0,""lastRejectReason"":""none"",""lastRejectChannel"":-1,""lastRejectOkFiniteCount"":0,""lastRejectStatus"":255,""lastRejectGain"":0,""lastRejectSaturated"":false},""recovery"":{""wifiReconnectCount"":0,""wifiReconnectFailCount"":0,""mqttReconnectCount"":0,""mqttConnectFailCount"":0,""lastMqttState"":0,""adsRecoveryCount"":0,""adsRecoveryFailCount"":0,""adsReadFailStreak"":0,""lastReason"":""none"",""lastRecoveryMs"":0,""bootRecoveryArmed"":false,""bootRecoveryDueMs"":0,""bootRecoveryReason"":""none"",""bootRecoveryNonAdsFailure"":false,""bootRecoveryRestartCount"":0},""nulling"":{""done"":false,""retryArmed"":false,""attemptCount"":0,""nextRetryMs"":0,""thresholdV"":9.999999747E-06,""minFinalV"":0},""telemetry"":{""valid"":true,""sampleMs"":14054868,""gasClass"":6,""gasName"":""CO2"",""confidence"":0,""alarm"":false,""sensorVoltage"":[-0.000954236,0.004508103,0.005280738,-0.002518413,-0.009913458,-0.012303069,-0.020524103,-0.026741486],""sensorGain"":[64,64,64,64,64,64,64,64],""sensorStatus"":[0,0,0,0,0,0,0,0],""featureOrder"":[""MQ8"",""MQ135"",""MQ3"",""MQ5"",""MQ4"",""MQ7"",""MQ6"",""MQ2""]},""alarmLatched"":false}"
"2026-08-04 13:15:19.824 +07:00","273.6398469","RECOVERY_100_AFTER_65","RECOVERY","100","1000","0","1","0","-0.000963105","0.004524934","0.005387399","-0.002519456","-0.009920856","-0.01235618","-0.020510068","-0.026731348","{""deviceId"":""1001"",""nodeId"":4097,""targetChId"":""0010"",""mode"":""inference"",""uptimeMs"":14055924,""debugEnabled"":true,""power"":{""mode"":""24v"",""externalPower"":true,""batteryMv"":65535,""batteryValid"":false,""batteryDetected"":false,""batterySenseStatus"":""not_detected"",""batteryLow"":false,""batteryCritical"":false,""sourceAmbiguous"":false,""serviceHoldActive"":false,""serviceHoldEffective"":false},""batterySession"":{""state"":""inactive"",""startedMs"":0,""stateStartedMs"":0,""validSampleBatches"":0,""requiredSampleBatches"":10,""alarmTxAttempts"":0,""alarmTxAttemptLimit"":3,""alarmAckReceived"":false,""pendingAlarm"":false,""pendingSaveRequired"":false,""persistenceFaultHold"":false,""completionReason"":""session_done""},""bootHealth"":{""adsReady"":true,""adsDrdyLevel"":0,""adsDrdyPulldownLevel"":0,""adsDrdyPullupLevel"":0,""adsMisoPulldownLevel"":0,""adsMisoPullupLevel"":1,""adsCsLevel"":1,""adsSyncLevel"":1,""adsStatus"":54,""adsMux"":15,""adsAdcon"":6,""adsDrate"":240,""adsReason"":""ok"",""tcaOk"":true,""mcpOkCount"":8,""mcpOk"":[true,true,true,true,true,true,true,true],""mcpAddrMask"":[1,1,1,1,1,1,1,1],""mcpControlTested"":true,""mcpControlOkCount"":8,""mcpControlOk"":[true,true,true,true,true,true,true,true],""dacReady"":true,""radioReady"":true,""mlReady"":true,""nullingProfileApplied"":true,""modelProfileReady"":false},""runtimeMcpCode"":[255,519,795,706,799,865,665,139],""model"":{""profileId"":""cnn-dualbranch-datasheet-v1-unbound"",""scalerProfileId"":""cnn-dualbranch-datasheet-v1-unbound"",""productionApproved"":true,""boundNullingProfileId"":8,""activeNullingProfileId"":9,""bindingValid"":true,""bindingModelMatches"":true,""profileReady"":false,""inferenceValid"":false,""sensorFault"":true},""lora"":{""beginState"":0,""lastTxState"":0,""lastTxOk"":false,""txSeq"":0,""txCounter"":0,""aesKeyProvisioned"":true,""aesKeyPresent"":true,""aesKeySource"":""nvs"",""keyId"":1,""lastDownlinkCommandId"":0,""freqMHz"":920,""bwKHz"":125,""sf"":7,""cr"":5,""syncWord"":18,""txPowerDbm"":17,""preamble"":8,""tcxoVoltage"":1.600000024,""xtalVoltage"":0},""dataset"":{""state"":""idle"",""step"":""idle"",""label"":"""",""seq"":0,""targetSamples"":0,""sampleIntervalMs"":500,""maxDurationMs"":0,""useFanIntake"":true,""fanOnMs"":1000,""postFanSettleMs"":0,""nullingProfileId"":9,""queuePending"":0,""queueCapacity"":16,""queueEnqueued"":0,""queueDropped"":0,""publishFailCount"":0,""retryCount"":0,""retryFailCount"":0,""rejectedSamples"":0,""lastRejectReason"":""none"",""lastRejectChannel"":-1,""lastRejectOkFiniteCount"":0,""lastRejectStatus"":255,""lastRejectGain"":0,""lastRejectSaturated"":false},""recovery"":{""wifiReconnectCount"":0,""wifiReconnectFailCount"":0,""mqttReconnectCount"":0,""mqttConnectFailCount"":0,""lastMqttState"":0,""adsRecoveryCount"":0,""adsRecoveryFailCount"":0,""adsReadFailStreak"":0,""lastReason"":""none"",""lastRecoveryMs"":0,""bootRecoveryArmed"":false,""bootRecoveryDueMs"":0,""bootRecoveryReason"":""none"",""bootRecoveryNonAdsFailure"":false,""bootRecoveryRestartCount"":0},""nulling"":{""done"":false,""retryArmed"":false,""attemptCount"":0,""nextRetryMs"":0,""thresholdV"":9.999999747E-06,""minFinalV"":0},""telemetry"":{""valid"":true,""sampleMs"":14055528,""gasClass"":6,""gasName"":""CO2"",""confidence"":0,""alarm"":false,""sensorVoltage"":[-0.000963105,0.004524934,0.005387399,-0.002519456,-0.009920856,-0.01235618,-0.020510068,-0.026731348],""sensorGain"":[64,64,64,64,64,64,64,64],""sensorStatus"":[0,0,0,0,0,0,0,0],""featureOrder"":[""MQ8"",""MQ135"",""MQ3"",""MQ5"",""MQ4"",""MQ7"",""MQ6"",""MQ2""]},""alarmLatched"":false}"
"2026-08-04 13:15:20.523 +07:00","274.3395531","RECOVERY_100_AFTER_65","RECOVERY","100","1000","0","1","0","-0.000971434","0.004506803","0.005467234","-0.002553245","-0.009901069","-0.012335634","-0.020541649","-0.026756402","{""deviceId"":""1001"",""nodeId"":4097,""targetChId"":""0010"",""mode"":""inference"",""uptimeMs"":14056623,""debugEnabled"":true,""power"":{""mode"":""24v"",""externalPower"":true,""batteryMv"":65535,""batteryValid"":false,""batteryDetected"":false,""batterySenseStatus"":""not_detected"",""batteryLow"":false,""batteryCritical"":false,""sourceAmbiguous"":false,""serviceHoldActive"":false,""serviceHoldEffective"":false},""batterySession"":{""state"":""inactive"",""startedMs"":0,""stateStartedMs"":0,""validSampleBatches"":0,""requiredSampleBatches"":10,""alarmTxAttempts"":0,""alarmTxAttemptLimit"":3,""alarmAckReceived"":false,""pendingAlarm"":false,""pendingSaveRequired"":false,""persistenceFaultHold"":false,""completionReason"":""session_done""},""bootHealth"":{""adsReady"":true,""adsDrdyLevel"":0,""adsDrdyPulldownLevel"":0,""adsDrdyPullupLevel"":0,""adsMisoPulldownLevel"":0,""adsMisoPullupLevel"":1,""adsCsLevel"":1,""adsSyncLevel"":1,""adsStatus"":54,""adsMux"":15,""adsAdcon"":6,""adsDrate"":240,""adsReason"":""ok"",""tcaOk"":true,""mcpOkCount"":8,""mcpOk"":[true,true,true,true,true,true,true,true],""mcpAddrMask"":[1,1,1,1,1,1,1,1],""mcpControlTested"":true,""mcpControlOkCount"":8,""mcpControlOk"":[true,true,true,true,true,true,true,true],""dacReady"":true,""radioReady"":true,""mlReady"":true,""nullingProfileApplied"":true,""modelProfileReady"":false},""runtimeMcpCode"":[255,519,795,706,799,865,665,139],""model"":{""profileId"":""cnn-dualbranch-datasheet-v1-unbound"",""scalerProfileId"":""cnn-dualbranch-datasheet-v1-unbound"",""productionApproved"":true,""boundNullingProfileId"":8,""activeNullingProfileId"":9,""bindingValid"":true,""bindingModelMatches"":true,""profileReady"":false,""inferenceValid"":false,""sensorFault"":true},""lora"":{""beginState"":0,""lastTxState"":0,""lastTxOk"":false,""txSeq"":0,""txCounter"":0,""aesKeyProvisioned"":true,""aesKeyPresent"":true,""aesKeySource"":""nvs"",""keyId"":1,""lastDownlinkCommandId"":0,""freqMHz"":920,""bwKHz"":125,""sf"":7,""cr"":5,""syncWord"":18,""txPowerDbm"":17,""preamble"":8,""tcxoVoltage"":1.600000024,""xtalVoltage"":0},""dataset"":{""state"":""idle"",""step"":""idle"",""label"":"""",""seq"":0,""targetSamples"":0,""sampleIntervalMs"":500,""maxDurationMs"":0,""useFanIntake"":true,""fanOnMs"":1000,""postFanSettleMs"":0,""nullingProfileId"":9,""queuePending"":0,""queueCapacity"":16,""queueEnqueued"":0,""queueDropped"":0,""publishFailCount"":0,""retryCount"":0,""retryFailCount"":0,""rejectedSamples"":0,""lastRejectReason"":""none"",""lastRejectChannel"":-1,""lastRejectOkFiniteCount"":0,""lastRejectStatus"":255,""lastRejectGain"":0,""lastRejectSaturated"":false},""recovery"":{""wifiReconnectCount"":0,""wifiReconnectFailCount"":0,""mqttReconnectCount"":0,""mqttConnectFailCount"":0,""lastMqttState"":0,""adsRecoveryCount"":0,""adsRecoveryFailCount"":0,""adsReadFailStreak"":0,""lastReason"":""none"",""lastRecoveryMs"":0,""bootRecoveryArmed"":false,""bootRecoveryDueMs"":0,""bootRecoveryReason"":""none"",""bootRecoveryNonAdsFailure"":false,""bootRecoveryRestartCount"":0},""nulling"":{""done"":false,""retryArmed"":false,""attemptCount"":0,""nextRetryMs"":0,""thresholdV"":9.999999747E-06,""minFinalV"":0},""telemetry"":{""valid"":true,""sampleMs"":14056202,""gasClass"":6,""gasName"":""CO2"",""confidence"":0,""alarm"":false,""sensorVoltage"":[-0.000971434,0.004506803,0.005467234,-0.002553245,-0.009901069,-0.012335634,-0.020541649,-0.026756402],""sensorGain"":[64,64,64,64,64,64,64,64],""sensorStatus"":[0,0,0,0,0,0,0,0],""featureOrder"":[""MQ8"",""MQ135"",""MQ3"",""MQ5"",""MQ4"",""MQ7"",""MQ6"",""MQ2""]},""alarmLatched"":false}"
"2026-08-04 13:15:21.206 +07:00","275.0219054","RECOVERY_100_AFTER_65","RECOVERY","100","1000","0","1","0","-0.000976623","0.004450412","0.005469015","-0.002545257","-0.009886005","-0.012329203","-0.020501375","-0.026758427","{""deviceId"":""1001"",""nodeId"":4097,""targetChId"":""0010"",""mode"":""inference"",""uptimeMs"":14057306,""debugEnabled"":true,""power"":{""mode"":""24v"",""externalPower"":true,""batteryMv"":65535,""batteryValid"":false,""batteryDetected"":false,""batterySenseStatus"":""not_detected"",""batteryLow"":false,""batteryCritical"":false,""sourceAmbiguous"":false,""serviceHoldActive"":false,""serviceHoldEffective"":false},""batterySession"":{""state"":""inactive"",""startedMs"":0,""stateStartedMs"":0,""validSampleBatches"":0,""requiredSampleBatches"":10,""alarmTxAttempts"":0,""alarmTxAttemptLimit"":3,""alarmAckReceived"":false,""pendingAlarm"":false,""pendingSaveRequired"":false,""persistenceFaultHold"":false,""completionReason"":""session_done""},""bootHealth"":{""adsReady"":true,""adsDrdyLevel"":0,""adsDrdyPulldownLevel"":0,""adsDrdyPullupLevel"":0,""adsMisoPulldownLevel"":0,""adsMisoPullupLevel"":1,""adsCsLevel"":1,""adsSyncLevel"":1,""adsStatus"":54,""adsMux"":15,""adsAdcon"":6,""adsDrate"":240,""adsReason"":""ok"",""tcaOk"":true,""mcpOkCount"":8,""mcpOk"":[true,true,true,true,true,true,true,true],""mcpAddrMask"":[1,1,1,1,1,1,1,1],""mcpControlTested"":true,""mcpControlOkCount"":8,""mcpControlOk"":[true,true,true,true,true,true,true,true],""dacReady"":true,""radioReady"":true,""mlReady"":true,""nullingProfileApplied"":true,""modelProfileReady"":false},""runtimeMcpCode"":[255,519,795,706,799,865,665,139],""model"":{""profileId"":""cnn-dualbranch-datasheet-v1-unbound"",""scalerProfileId"":""cnn-dualbranch-datasheet-v1-unbound"",""productionApproved"":true,""boundNullingProfileId"":8,""activeNullingProfileId"":9,""bindingValid"":true,""bindingModelMatches"":true,""profileReady"":false,""inferenceValid"":false,""sensorFault"":true},""lora"":{""beginState"":0,""lastTxState"":0,""lastTxOk"":false,""txSeq"":0,""txCounter"":0,""aesKeyProvisioned"":true,""aesKeyPresent"":true,""aesKeySource"":""nvs"",""keyId"":1,""lastDownlinkCommandId"":0,""freqMHz"":920,""bwKHz"":125,""sf"":7,""cr"":5,""syncWord"":18,""txPowerDbm"":17,""preamble"":8,""tcxoVoltage"":1.600000024,""xtalVoltage"":0},""dataset"":{""state"":""idle"",""step"":""idle"",""label"":"""",""seq"":0,""targetSamples"":0,""sampleIntervalMs"":500,""maxDurationMs"":0,""useFanIntake"":true,""fanOnMs"":1000,""postFanSettleMs"":0,""nullingProfileId"":9,""queuePending"":0,""queueCapacity"":16,""queueEnqueued"":0,""queueDropped"":0,""publishFailCount"":0,""retryCount"":0,""retryFailCount"":0,""rejectedSamples"":0,""lastRejectReason"":""none"",""lastRejectChannel"":-1,""lastRejectOkFiniteCount"":0,""lastRejectStatus"":255,""lastRejectGain"":0,""lastRejectSaturated"":false},""recovery"":{""wifiReconnectCount"":0,""wifiReconnectFailCount"":0,""mqttReconnectCount"":0,""mqttConnectFailCount"":0,""lastMqttState"":0,""adsRecoveryCount"":0,""adsRecoveryFailCount"":0,""adsReadFailStreak"":0,""lastReason"":""none"",""lastRecoveryMs"":0,""bootRecoveryArmed"":false,""bootRecoveryDueMs"":0,""bootRecoveryReason"":""none"",""bootRecoveryNonAdsFailure"":false,""bootRecoveryRestartCount"":0},""nulling"":{""done"":false,""retryArmed"":false,""attemptCount"":0,""nextRetryMs"":0,""thresholdV"":9.999999747E-06,""minFinalV"":0},""telemetry"":{""valid"":true,""sampleMs"":14056943,""gasClass"":6,""gasName"":""CO2"",""confidence"":0,""alarm"":false,""sensorVoltage"":[-0.000976623,0.004450412,0.005469015,-0.002545257,-0.009886005,-0.012329203,-0.020501375,-0.026758427],""sensorGain"":[64,64,64,64,64,64,64,64],""sensorStatus"":[0,0,0,0,0,0,0,0],""featureOrder"":[""MQ8"",""MQ135"",""MQ3"",""MQ5"",""MQ4"",""MQ7"",""MQ6"",""MQ2""]},""alarmLatched"":false}"
"2026-08-04 13:15:21.889 +07:00","275.70496879999996","RECOVERY_100_AFTER_65","RECOVERY","100","1000","0","1","0","-0.000981007","0.00442902","0.005480846","-0.002526638","-0.009886951","-0.012334774","-0.020481393","-0.026796605","{""deviceId"":""1001"",""nodeId"":4097,""targetChId"":""0010"",""mode"":""inference"",""uptimeMs"":14057989,""debugEnabled"":true,""power"":{""mode"":""24v"",""externalPower"":true,""batteryMv"":65535,""batteryValid"":false,""batteryDetected"":false,""batterySenseStatus"":""not_detected"",""batteryLow"":false,""batteryCritical"":false,""sourceAmbiguous"":false,""serviceHoldActive"":false,""serviceHoldEffective"":false},""batterySession"":{""state"":""inactive"",""startedMs"":0,""stateStartedMs"":0,""validSampleBatches"":0,""requiredSampleBatches"":10,""alarmTxAttempts"":0,""alarmTxAttemptLimit"":3,""alarmAckReceived"":false,""pendingAlarm"":false,""pendingSaveRequired"":false,""persistenceFaultHold"":false,""completionReason"":""session_done""},""bootHealth"":{""adsReady"":true,""adsDrdyLevel"":0,""adsDrdyPulldownLevel"":0,""adsDrdyPullupLevel"":0,""adsMisoPulldownLevel"":0,""adsMisoPullupLevel"":1,""adsCsLevel"":1,""adsSyncLevel"":1,""adsStatus"":54,""adsMux"":15,""adsAdcon"":6,""adsDrate"":240,""adsReason"":""ok"",""tcaOk"":true,""mcpOkCount"":8,""mcpOk"":[true,true,true,true,true,true,true,true],""mcpAddrMask"":[1,1,1,1,1,1,1,1],""mcpControlTested"":true,""mcpControlOkCount"":8,""mcpControlOk"":[true,true,true,true,true,true,true,true],""dacReady"":true,""radioReady"":true,""mlReady"":true,""nullingProfileApplied"":true,""modelProfileReady"":false},""runtimeMcpCode"":[255,519,795,706,799,865,665,139],""model"":{""profileId"":""cnn-dualbranch-datasheet-v1-unbound"",""scalerProfileId"":""cnn-dualbranch-datasheet-v1-unbound"",""productionApproved"":true,""boundNullingProfileId"":8,""activeNullingProfileId"":9,""bindingValid"":true,""bindingModelMatches"":true,""profileReady"":false,""inferenceValid"":false,""sensorFault"":true},""lora"":{""beginState"":0,""lastTxState"":0,""lastTxOk"":false,""txSeq"":0,""txCounter"":0,""aesKeyProvisioned"":true,""aesKeyPresent"":true,""aesKeySource"":""nvs"",""keyId"":1,""lastDownlinkCommandId"":0,""freqMHz"":920,""bwKHz"":125,""sf"":7,""cr"":5,""syncWord"":18,""txPowerDbm"":17,""preamble"":8,""tcxoVoltage"":1.600000024,""xtalVoltage"":0},""dataset"":{""state"":""idle"",""step"":""idle"",""label"":"""",""seq"":0,""targetSamples"":0,""sampleIntervalMs"":500,""maxDurationMs"":0,""useFanIntake"":true,""fanOnMs"":1000,""postFanSettleMs"":0,""nullingProfileId"":9,""queuePending"":0,""queueCapacity"":16,""queueEnqueued"":0,""queueDropped"":0,""publishFailCount"":0,""retryCount"":0,""retryFailCount"":0,""rejectedSamples"":0,""lastRejectReason"":""none"",""lastRejectChannel"":-1,""lastRejectOkFiniteCount"":0,""lastRejectStatus"":255,""lastRejectGain"":0,""lastRejectSaturated"":false},""recovery"":{""wifiReconnectCount"":0,""wifiReconnectFailCount"":0,""mqttReconnectCount"":0,""mqttConnectFailCount"":0,""lastMqttState"":0,""adsRecoveryCount"":0,""adsRecoveryFailCount"":0,""adsReadFailStreak"":0,""lastReason"":""none"",""lastRecoveryMs"":0,""bootRecoveryArmed"":false,""bootRecoveryDueMs"":0,""bootRecoveryReason"":""none"",""bootRecoveryNonAdsFailure"":false,""bootRecoveryRestartCount"":0},""nulling"":{""done"":false,""retryArmed"":false,""attemptCount"":0,""nextRetryMs"":0,""thresholdV"":9.999999747E-06,""minFinalV"":0},""telemetry"":{""valid"":true,""sampleMs"":14057594,""gasClass"":6,""gasName"":""CO2"",""confidence"":0,""alarm"":false,""sensorVoltage"":[-0.000981007,0.00442902,0.005480846,-0.002526638,-0.009886951,-0.012334774,-0.020481393,-0.026796605],""sensorGain"":[64,64,64,64,64,64,64,64],""sensorStatus"":[0,0,0,0,0,0,0,0],""featureOrder"":[""MQ8"",""MQ135"",""MQ3"",""MQ5"",""MQ4"",""MQ7"",""MQ6"",""MQ2""]},""alarmLatched"":false}"
"2026-08-04 13:15:22.588 +07:00","276.4041266","RECOVERY_100_AFTER_65","RECOVERY","100","1000","0","1","0","-0.00096897","0.004429889","0.005410387","-0.002546443","-0.009889848","-0.012373383","-0.020486211","-0.026775241","{""deviceId"":""1001"",""nodeId"":4097,""targetChId"":""0010"",""mode"":""inference"",""uptimeMs"":14058688,""debugEnabled"":true,""power"":{""mode"":""24v"",""externalPower"":true,""batteryMv"":65535,""batteryValid"":false,""batteryDetected"":false,""batterySenseStatus"":""not_detected"",""batteryLow"":false,""batteryCritical"":false,""sourceAmbiguous"":false,""serviceHoldActive"":false,""serviceHoldEffective"":false},""batterySession"":{""state"":""inactive"",""startedMs"":0,""stateStartedMs"":0,""validSampleBatches"":0,""requiredSampleBatches"":10,""alarmTxAttempts"":0,""alarmTxAttemptLimit"":3,""alarmAckReceived"":false,""pendingAlarm"":false,""pendingSaveRequired"":false,""persistenceFaultHold"":false,""completionReason"":""session_done""},""bootHealth"":{""adsReady"":true,""adsDrdyLevel"":0,""adsDrdyPulldownLevel"":0,""adsDrdyPullupLevel"":0,""adsMisoPulldownLevel"":0,""adsMisoPullupLevel"":1,""adsCsLevel"":1,""adsSyncLevel"":1,""adsStatus"":54,""adsMux"":15,""adsAdcon"":6,""adsDrate"":240,""adsReason"":""ok"",""tcaOk"":true,""mcpOkCount"":8,""mcpOk"":[true,true,true,true,true,true,true,true],""mcpAddrMask"":[1,1,1,1,1,1,1,1],""mcpControlTested"":true,""mcpControlOkCount"":8,""mcpControlOk"":[true,true,true,true,true,true,true,true],""dacReady"":true,""radioReady"":true,""mlReady"":true,""nullingProfileApplied"":true,""modelProfileReady"":false},""runtimeMcpCode"":[255,519,795,706,799,865,665,139],""model"":{""profileId"":""cnn-dualbranch-datasheet-v1-unbound"",""scalerProfileId"":""cnn-dualbranch-datasheet-v1-unbound"",""productionApproved"":true,""boundNullingProfileId"":8,""activeNullingProfileId"":9,""bindingValid"":true,""bindingModelMatches"":true,""profileReady"":false,""inferenceValid"":false,""sensorFault"":true},""lora"":{""beginState"":0,""lastTxState"":0,""lastTxOk"":false,""txSeq"":0,""txCounter"":0,""aesKeyProvisioned"":true,""aesKeyPresent"":true,""aesKeySource"":""nvs"",""keyId"":1,""lastDownlinkCommandId"":0,""freqMHz"":920,""bwKHz"":125,""sf"":7,""cr"":5,""syncWord"":18,""txPowerDbm"":17,""preamble"":8,""tcxoVoltage"":1.600000024,""xtalVoltage"":0},""dataset"":{""state"":""idle"",""step"":""idle"",""label"":"""",""seq"":0,""targetSamples"":0,""sampleIntervalMs"":500,""maxDurationMs"":0,""useFanIntake"":true,""fanOnMs"":1000,""postFanSettleMs"":0,""nullingProfileId"":9,""queuePending"":0,""queueCapacity"":16,""queueEnqueued"":0,""queueDropped"":0,""publishFailCount"":0,""retryCount"":0,""retryFailCount"":0,""rejectedSamples"":0,""lastRejectReason"":""none"",""lastRejectChannel"":-1,""lastRejectOkFiniteCount"":0,""lastRejectStatus"":255,""lastRejectGain"":0,""lastRejectSaturated"":false},""recovery"":{""wifiReconnectCount"":0,""wifiReconnectFailCount"":0,""mqttReconnectCount"":0,""mqttConnectFailCount"":0,""lastMqttState"":0,""adsRecoveryCount"":0,""adsRecoveryFailCount"":0,""adsReadFailStreak"":0,""lastReason"":""none"",""lastRecoveryMs"":0,""bootRecoveryArmed"":false,""bootRecoveryDueMs"":0,""bootRecoveryReason"":""none"",""bootRecoveryNonAdsFailure"":false,""bootRecoveryRestartCount"":0},""nulling"":{""done"":false,""retryArmed"":false,""attemptCount"":0,""nextRetryMs"":0,""thresholdV"":9.999999747E-06,""minFinalV"":0},""telemetry"":{""valid"":true,""sampleMs"":14058267,""gasClass"":6,""gasName"":""CO2"",""confidence"":0,""alarm"":false,""sensorVoltage"":[-0.00096897,0.004429889,0.005410387,-0.002546443,-0.009889848,-0.012373383,-0.020486211,-0.026775241],""sensorGain"":[64,64,64,64,64,64,64,64],""sensorStatus"":[0,0,0,0,0,0,0,0],""featureOrder"":[""MQ8"",""MQ135"",""MQ3"",""MQ5"",""MQ4"",""MQ7"",""MQ6"",""MQ2""]},""alarmLatched"":false}"
"2026-08-04 13:15:23.272 +07:00","277.0880896","RECOVERY_100_AFTER_65","RECOVERY","100","1000","0","1","0","-0.000922949","0.004393383","0.005434564","-0.002539259","-0.00985836","-0.012392716","-0.020493183","-0.026779901","{""deviceId"":""1001"",""nodeId"":4097,""targetChId"":""0010"",""mode"":""inference"",""uptimeMs"":14059372,""debugEnabled"":true,""power"":{""mode"":""24v"",""externalPower"":true,""batteryMv"":65535,""batteryValid"":false,""batteryDetected"":false,""batterySenseStatus"":""not_detected"",""batteryLow"":false,""batteryCritical"":false,""sourceAmbiguous"":false,""serviceHoldActive"":false,""serviceHoldEffective"":false},""batterySession"":{""state"":""inactive"",""startedMs"":0,""stateStartedMs"":0,""validSampleBatches"":0,""requiredSampleBatches"":10,""alarmTxAttempts"":0,""alarmTxAttemptLimit"":3,""alarmAckReceived"":false,""pendingAlarm"":false,""pendingSaveRequired"":false,""persistenceFaultHold"":false,""completionReason"":""session_done""},""bootHealth"":{""adsReady"":true,""adsDrdyLevel"":0,""adsDrdyPulldownLevel"":0,""adsDrdyPullupLevel"":0,""adsMisoPulldownLevel"":0,""adsMisoPullupLevel"":1,""adsCsLevel"":1,""adsSyncLevel"":1,""adsStatus"":54,""adsMux"":15,""adsAdcon"":6,""adsDrate"":240,""adsReason"":""ok"",""tcaOk"":true,""mcpOkCount"":8,""mcpOk"":[true,true,true,true,true,true,true,true],""mcpAddrMask"":[1,1,1,1,1,1,1,1],""mcpControlTested"":true,""mcpControlOkCount"":8,""mcpControlOk"":[true,true,true,true,true,true,true,true],""dacReady"":true,""radioReady"":true,""mlReady"":true,""nullingProfileApplied"":true,""modelProfileReady"":false},""runtimeMcpCode"":[255,519,795,706,799,865,665,139],""model"":{""profileId"":""cnn-dualbranch-datasheet-v1-unbound"",""scalerProfileId"":""cnn-dualbranch-datasheet-v1-unbound"",""productionApproved"":true,""boundNullingProfileId"":8,""activeNullingProfileId"":9,""bindingValid"":true,""bindingModelMatches"":true,""profileReady"":false,""inferenceValid"":false,""sensorFault"":true},""lora"":{""beginState"":0,""lastTxState"":0,""lastTxOk"":false,""txSeq"":0,""txCounter"":0,""aesKeyProvisioned"":true,""aesKeyPresent"":true,""aesKeySource"":""nvs"",""keyId"":1,""lastDownlinkCommandId"":0,""freqMHz"":920,""bwKHz"":125,""sf"":7,""cr"":5,""syncWord"":18,""txPowerDbm"":17,""preamble"":8,""tcxoVoltage"":1.600000024,""xtalVoltage"":0},""dataset"":{""state"":""idle"",""step"":""idle"",""label"":"""",""seq"":0,""targetSamples"":0,""sampleIntervalMs"":500,""maxDurationMs"":0,""useFanIntake"":true,""fanOnMs"":1000,""postFanSettleMs"":0,""nullingProfileId"":9,""queuePending"":0,""queueCapacity"":16,""queueEnqueued"":0,""queueDropped"":0,""publishFailCount"":0,""retryCount"":0,""retryFailCount"":0,""rejectedSamples"":0,""lastRejectReason"":""none"",""lastRejectChannel"":-1,""lastRejectOkFiniteCount"":0,""lastRejectStatus"":255,""lastRejectGain"":0,""lastRejectSaturated"":false},""recovery"":{""wifiReconnectCount"":0,""wifiReconnectFailCount"":0,""mqttReconnectCount"":0,""mqttConnectFailCount"":0,""lastMqttState"":0,""adsRecoveryCount"":0,""adsRecoveryFailCount"":0,""adsReadFailStreak"":0,""lastReason"":""none"",""lastRecoveryMs"":0,""bootRecoveryArmed"":false,""bootRecoveryDueMs"":0,""bootRecoveryReason"":""none"",""bootRecoveryNonAdsFailure"":false,""bootRecoveryRestartCount"":0},""nulling"":{""done"":false,""retryArmed"":false,""attemptCount"":0,""nextRetryMs"":0,""thresholdV"":9.999999747E-06,""minFinalV"":0},""telemetry"":{""valid"":true,""sampleMs"":14058998,""gasClass"":6,""gasName"":""CO2"",""confidence"":0,""alarm"":false,""sensorVoltage"":[-0.000922949,0.004393383,0.005434564,-0.002539259,-0.00985836,-0.012392716,-0.020493183,-0.026779901],""sensorGain"":[64,64,64,64,64,64,64,64],""sensorStatus"":[0,0,0,0,0,0,0,0],""featureOrder"":[""MQ8"",""MQ135"",""MQ3"",""MQ5"",""MQ4"",""MQ7"",""MQ6"",""MQ2""]},""alarmLatched"":false}"
"2026-08-04 13:15:24.286 +07:00","278.10228539999997","RECOVERY_100_AFTER_65","RECOVERY","100","1000","0","1","0","-0.000586666","0.004403389","0.005508003","-0.00257268","-0.009862185","-0.012337935","-0.020510484","-0.026794646","{""deviceId"":""1001"",""nodeId"":4097,""targetChId"":""0010"",""mode"":""inference"",""uptimeMs"":14060386,""debugEnabled"":true,""power"":{""mode"":""24v"",""externalPower"":true,""batteryMv"":65535,""batteryValid"":false,""batteryDetected"":false,""batterySenseStatus"":""not_detected"",""batteryLow"":false,""batteryCritical"":false,""sourceAmbiguous"":false,""serviceHoldActive"":false,""serviceHoldEffective"":false},""batterySession"":{""state"":""inactive"",""startedMs"":0,""stateStartedMs"":0,""validSampleBatches"":0,""requiredSampleBatches"":10,""alarmTxAttempts"":0,""alarmTxAttemptLimit"":3,""alarmAckReceived"":false,""pendingAlarm"":false,""pendingSaveRequired"":false,""persistenceFaultHold"":false,""completionReason"":""session_done""},""bootHealth"":{""adsReady"":true,""adsDrdyLevel"":0,""adsDrdyPulldownLevel"":0,""adsDrdyPullupLevel"":0,""adsMisoPulldownLevel"":0,""adsMisoPullupLevel"":1,""adsCsLevel"":1,""adsSyncLevel"":1,""adsStatus"":54,""adsMux"":15,""adsAdcon"":6,""adsDrate"":240,""adsReason"":""ok"",""tcaOk"":true,""mcpOkCount"":8,""mcpOk"":[true,true,true,true,true,true,true,true],""mcpAddrMask"":[1,1,1,1,1,1,1,1],""mcpControlTested"":true,""mcpControlOkCount"":8,""mcpControlOk"":[true,true,true,true,true,true,true,true],""dacReady"":true,""radioReady"":true,""mlReady"":true,""nullingProfileApplied"":true,""modelProfileReady"":false},""runtimeMcpCode"":[255,519,795,706,799,865,665,139],""model"":{""profileId"":""cnn-dualbranch-datasheet-v1-unbound"",""scalerProfileId"":""cnn-dualbranch-datasheet-v1-unbound"",""productionApproved"":true,""boundNullingProfileId"":8,""activeNullingProfileId"":9,""bindingValid"":true,""bindingModelMatches"":true,""profileReady"":false,""inferenceValid"":false,""sensorFault"":true},""lora"":{""beginState"":0,""lastTxState"":0,""lastTxOk"":false,""txSeq"":0,""txCounter"":0,""aesKeyProvisioned"":true,""aesKeyPresent"":true,""aesKeySource"":""nvs"",""keyId"":1,""lastDownlinkCommandId"":0,""freqMHz"":920,""bwKHz"":125,""sf"":7,""cr"":5,""syncWord"":18,""txPowerDbm"":17,""preamble"":8,""tcxoVoltage"":1.600000024,""xtalVoltage"":0},""dataset"":{""state"":""idle"",""step"":""idle"",""label"":"""",""seq"":0,""targetSamples"":0,""sampleIntervalMs"":500,""maxDurationMs"":0,""useFanIntake"":true,""fanOnMs"":1000,""postFanSettleMs"":0,""nullingProfileId"":9,""queuePending"":0,""queueCapacity"":16,""queueEnqueued"":0,""queueDropped"":0,""publishFailCount"":0,""retryCount"":0,""retryFailCount"":0,""rejectedSamples"":0,""lastRejectReason"":""none"",""lastRejectChannel"":-1,""lastRejectOkFiniteCount"":0,""lastRejectStatus"":255,""lastRejectGain"":0,""lastRejectSaturated"":false},""recovery"":{""wifiReconnectCount"":0,""wifiReconnectFailCount"":0,""mqttReconnectCount"":0,""mqttConnectFailCount"":0,""lastMqttState"":0,""adsRecoveryCount"":0,""adsRecoveryFailCount"":0,""adsReadFailStreak"":0,""lastReason"":""none"",""lastRecoveryMs"":0,""bootRecoveryArmed"":false,""bootRecoveryDueMs"":0,""bootRecoveryReason"":""none"",""bootRecoveryNonAdsFailure"":false,""bootRecoveryRestartCount"":0},""nulling"":{""done"":false,""retryArmed"":false,""attemptCount"":0,""nextRetryMs"":0,""thresholdV"":9.999999747E-06,""minFinalV"":0},""telemetry"":{""valid"":true,""sampleMs"":14060150,""gasClass"":6,""gasName"":""CO2"",""confidence"":0,""alarm"":false,""sensorVoltage"":[-0.000586666,0.004403389,0.005508003,-0.00257268,-0.009862185,-0.012337935,-0.020510484,-0.026794646],""sensorGain"":[64,64,64,64,64,64,64,64],""sensorStatus"":[0,0,0,0,0,0,0,0],""featureOrder"":[""MQ8"",""MQ135"",""MQ3"",""MQ5"",""MQ4"",""MQ7"",""MQ6"",""MQ2""]},""alarmLatched"":false}"
"2026-08-04 13:15:24.970 +07:00","278.786403","RECOVERY_100_AFTER_65","RECOVERY","100","1000","0","1","0","-0.0005886","0.00438576","0.005491301","-0.002571498","-0.009869754","-0.012367483","-0.020458806","-0.026751768","{""deviceId"":""1001"",""nodeId"":4097,""targetChId"":""0010"",""mode"":""inference"",""uptimeMs"":14061071,""debugEnabled"":true,""power"":{""mode"":""24v"",""externalPower"":true,""batteryMv"":65535,""batteryValid"":false,""batteryDetected"":false,""batterySenseStatus"":""not_detected"",""batteryLow"":false,""batteryCritical"":false,""sourceAmbiguous"":false,""serviceHoldActive"":false,""serviceHoldEffective"":false},""batterySession"":{""state"":""inactive"",""startedMs"":0,""stateStartedMs"":0,""validSampleBatches"":0,""requiredSampleBatches"":10,""alarmTxAttempts"":0,""alarmTxAttemptLimit"":3,""alarmAckReceived"":false,""pendingAlarm"":false,""pendingSaveRequired"":false,""persistenceFaultHold"":false,""completionReason"":""session_done""},""bootHealth"":{""adsReady"":true,""adsDrdyLevel"":0,""adsDrdyPulldownLevel"":0,""adsDrdyPullupLevel"":0,""adsMisoPulldownLevel"":0,""adsMisoPullupLevel"":1,""adsCsLevel"":1,""adsSyncLevel"":1,""adsStatus"":54,""adsMux"":15,""adsAdcon"":6,""adsDrate"":240,""adsReason"":""ok"",""tcaOk"":true,""mcpOkCount"":8,""mcpOk"":[true,true,true,true,true,true,true,true],""mcpAddrMask"":[1,1,1,1,1,1,1,1],""mcpControlTested"":true,""mcpControlOkCount"":8,""mcpControlOk"":[true,true,true,true,true,true,true,true],""dacReady"":true,""radioReady"":true,""mlReady"":true,""nullingProfileApplied"":true,""modelProfileReady"":false},""runtimeMcpCode"":[255,519,795,706,799,865,665,139],""model"":{""profileId"":""cnn-dualbranch-datasheet-v1-unbound"",""scalerProfileId"":""cnn-dualbranch-datasheet-v1-unbound"",""productionApproved"":true,""boundNullingProfileId"":8,""activeNullingProfileId"":9,""bindingValid"":true,""bindingModelMatches"":true,""profileReady"":false,""inferenceValid"":false,""sensorFault"":true},""lora"":{""beginState"":0,""lastTxState"":0,""lastTxOk"":false,""txSeq"":0,""txCounter"":0,""aesKeyProvisioned"":true,""aesKeyPresent"":true,""aesKeySource"":""nvs"",""keyId"":1,""lastDownlinkCommandId"":0,""freqMHz"":920,""bwKHz"":125,""sf"":7,""cr"":5,""syncWord"":18,""txPowerDbm"":17,""preamble"":8,""tcxoVoltage"":1.600000024,""xtalVoltage"":0},""dataset"":{""state"":""idle"",""step"":""idle"",""label"":"""",""seq"":0,""targetSamples"":0,""sampleIntervalMs"":500,""maxDurationMs"":0,""useFanIntake"":true,""fanOnMs"":1000,""postFanSettleMs"":0,""nullingProfileId"":9,""queuePending"":0,""queueCapacity"":16,""queueEnqueued"":0,""queueDropped"":0,""publishFailCount"":0,""retryCount"":0,""retryFailCount"":0,""rejectedSamples"":0,""lastRejectReason"":""none"",""lastRejectChannel"":-1,""lastRejectOkFiniteCount"":0,""lastRejectStatus"":255,""lastRejectGain"":0,""lastRejectSaturated"":false},""recovery"":{""wifiReconnectCount"":0,""wifiReconnectFailCount"":0,""mqttReconnectCount"":0,""mqttConnectFailCount"":0,""lastMqttState"":0,""adsRecoveryCount"":0,""adsRecoveryFailCount"":0,""adsReadFailStreak"":0,""lastReason"":""none"",""lastRecoveryMs"":0,""bootRecoveryArmed"":false,""bootRecoveryDueMs"":0,""bootRecoveryReason"":""none"",""bootRecoveryNonAdsFailure"":false,""bootRecoveryRestartCount"":0},""nulling"":{""done"":false,""retryArmed"":false,""attemptCount"":0,""nextRetryMs"":0,""thresholdV"":9.999999747E-06,""minFinalV"":0},""telemetry"":{""valid"":true,""sampleMs"":14060664,""gasClass"":6,""gasName"":""CO2"",""confidence"":0,""alarm"":false,""sensorVoltage"":[-0.0005886,0.00438576,0.005491301,-0.002571498,-0.009869754,-0.012367483,-0.020458806,-0.026751768],""sensorGain"":[64,64,64,64,64,64,64,64],""sensorStatus"":[0,0,0,0,0,0,0,0],""featureOrder"":[""MQ8"",""MQ135"",""MQ3"",""MQ5"",""MQ4"",""MQ7"",""MQ6"",""MQ2""]},""alarmLatched"":false}"
"2026-08-04 13:15:25.654 +07:00","279.4703823","RECOVERY_100_AFTER_65","RECOVERY","100","1000","0","1","0","-0.000600552","0.004376353","0.005547988","-0.002597198","-0.00992241","-0.012326414","-0.020448815","-0.026760196","{""deviceId"":""1001"",""nodeId"":4097,""targetChId"":""0010"",""mode"":""inference"",""uptimeMs"":14061754,""debugEnabled"":true,""power"":{""mode"":""24v"",""externalPower"":true,""batteryMv"":65535,""batteryValid"":false,""batteryDetected"":false,""batterySenseStatus"":""not_detected"",""batteryLow"":false,""batteryCritical"":false,""sourceAmbiguous"":false,""serviceHoldActive"":false,""serviceHoldEffective"":false},""batterySession"":{""state"":""inactive"",""startedMs"":0,""stateStartedMs"":0,""validSampleBatches"":0,""requiredSampleBatches"":10,""alarmTxAttempts"":0,""alarmTxAttemptLimit"":3,""alarmAckReceived"":false,""pendingAlarm"":false,""pendingSaveRequired"":false,""persistenceFaultHold"":false,""completionReason"":""session_done""},""bootHealth"":{""adsReady"":true,""adsDrdyLevel"":0,""adsDrdyPulldownLevel"":0,""adsDrdyPullupLevel"":0,""adsMisoPulldownLevel"":0,""adsMisoPullupLevel"":1,""adsCsLevel"":1,""adsSyncLevel"":1,""adsStatus"":54,""adsMux"":15,""adsAdcon"":6,""adsDrate"":240,""adsReason"":""ok"",""tcaOk"":true,""mcpOkCount"":8,""mcpOk"":[true,true,true,true,true,true,true,true],""mcpAddrMask"":[1,1,1,1,1,1,1,1],""mcpControlTested"":true,""mcpControlOkCount"":8,""mcpControlOk"":[true,true,true,true,true,true,true,true],""dacReady"":true,""radioReady"":true,""mlReady"":true,""nullingProfileApplied"":true,""modelProfileReady"":false},""runtimeMcpCode"":[255,519,795,706,799,865,665,139],""model"":{""profileId"":""cnn-dualbranch-datasheet-v1-unbound"",""scalerProfileId"":""cnn-dualbranch-datasheet-v1-unbound"",""productionApproved"":true,""boundNullingProfileId"":8,""activeNullingProfileId"":9,""bindingValid"":true,""bindingModelMatches"":true,""profileReady"":false,""inferenceValid"":false,""sensorFault"":true},""lora"":{""beginState"":0,""lastTxState"":0,""lastTxOk"":false,""txSeq"":0,""txCounter"":0,""aesKeyProvisioned"":true,""aesKeyPresent"":true,""aesKeySource"":""nvs"",""keyId"":1,""lastDownlinkCommandId"":0,""freqMHz"":920,""bwKHz"":125,""sf"":7,""cr"":5,""syncWord"":18,""txPowerDbm"":17,""preamble"":8,""tcxoVoltage"":1.600000024,""xtalVoltage"":0},""dataset"":{""state"":""idle"",""step"":""idle"",""label"":"""",""seq"":0,""targetSamples"":0,""sampleIntervalMs"":500,""maxDurationMs"":0,""useFanIntake"":true,""fanOnMs"":1000,""postFanSettleMs"":0,""nullingProfileId"":9,""queuePending"":0,""queueCapacity"":16,""queueEnqueued"":0,""queueDropped"":0,""publishFailCount"":0,""retryCount"":0,""retryFailCount"":0,""rejectedSamples"":0,""lastRejectReason"":""none"",""lastRejectChannel"":-1,""lastRejectOkFiniteCount"":0,""lastRejectStatus"":255,""lastRejectGain"":0,""lastRejectSaturated"":false},""recovery"":{""wifiReconnectCount"":0,""wifiReconnectFailCount"":0,""mqttReconnectCount"":0,""mqttConnectFailCount"":0,""lastMqttState"":0,""adsRecoveryCount"":0,""adsRecoveryFailCount"":0,""adsReadFailStreak"":0,""lastReason"":""none"",""lastRecoveryMs"":0,""bootRecoveryArmed"":false,""bootRecoveryDueMs"":0,""bootRecoveryReason"":""none"",""bootRecoveryNonAdsFailure"":false,""bootRecoveryRestartCount"":0},""nulling"":{""done"":false,""retryArmed"":false,""attemptCount"":0,""nextRetryMs"":0,""thresholdV"":9.999999747E-06,""minFinalV"":0},""telemetry"":{""valid"":true,""sampleMs"":14061349,""gasClass"":6,""gasName"":""CO2"",""confidence"":0,""alarm"":false,""sensorVoltage"":[-0.000600552,0.004376353,0.005547988,-0.002597198,-0.00992241,-0.012326414,-0.020448815,-0.026760196],""sensorGain"":[64,64,64,64,64,64,64,64],""sensorStatus"":[0,0,0,0,0,0,0,0],""featureOrder"":[""MQ8"",""MQ135"",""MQ3"",""MQ5"",""MQ4"",""MQ7"",""MQ6"",""MQ2""]},""alarmLatched"":false}"
"2026-08-04 13:15:26.355 +07:00","280.1709461","RECOVERY_100_AFTER_65","RECOVERY","100","1000","0","1","0","-0.000593934","0.004375113","0.005487904","-0.002612893","-0.009940195","-0.012286963","-0.020458927","-0.026832048","{""deviceId"":""1001"",""nodeId"":4097,""targetChId"":""0010"",""mode"":""inference"",""uptimeMs"":14062453,""debugEnabled"":true,""power"":{""mode"":""24v"",""externalPower"":true,""batteryMv"":65535,""batteryValid"":false,""batteryDetected"":false,""batterySenseStatus"":""not_detected"",""batteryLow"":false,""batteryCritical"":false,""sourceAmbiguous"":false,""serviceHoldActive"":false,""serviceHoldEffective"":false},""batterySession"":{""state"":""inactive"",""startedMs"":0,""stateStartedMs"":0,""validSampleBatches"":0,""requiredSampleBatches"":10,""alarmTxAttempts"":0,""alarmTxAttemptLimit"":3,""alarmAckReceived"":false,""pendingAlarm"":false,""pendingSaveRequired"":false,""persistenceFaultHold"":false,""completionReason"":""session_done""},""bootHealth"":{""adsReady"":true,""adsDrdyLevel"":0,""adsDrdyPulldownLevel"":0,""adsDrdyPullupLevel"":0,""adsMisoPulldownLevel"":0,""adsMisoPullupLevel"":1,""adsCsLevel"":1,""adsSyncLevel"":1,""adsStatus"":54,""adsMux"":15,""adsAdcon"":6,""adsDrate"":240,""adsReason"":""ok"",""tcaOk"":true,""mcpOkCount"":8,""mcpOk"":[true,true,true,true,true,true,true,true],""mcpAddrMask"":[1,1,1,1,1,1,1,1],""mcpControlTested"":true,""mcpControlOkCount"":8,""mcpControlOk"":[true,true,true,true,true,true,true,true],""dacReady"":true,""radioReady"":true,""mlReady"":true,""nullingProfileApplied"":true,""modelProfileReady"":false},""runtimeMcpCode"":[255,519,795,706,799,865,665,139],""model"":{""profileId"":""cnn-dualbranch-datasheet-v1-unbound"",""scalerProfileId"":""cnn-dualbranch-datasheet-v1-unbound"",""productionApproved"":true,""boundNullingProfileId"":8,""activeNullingProfileId"":9,""bindingValid"":true,""bindingModelMatches"":true,""profileReady"":false,""inferenceValid"":false,""sensorFault"":true},""lora"":{""beginState"":0,""lastTxState"":0,""lastTxOk"":false,""txSeq"":0,""txCounter"":0,""aesKeyProvisioned"":true,""aesKeyPresent"":true,""aesKeySource"":""nvs"",""keyId"":1,""lastDownlinkCommandId"":0,""freqMHz"":920,""bwKHz"":125,""sf"":7,""cr"":5,""syncWord"":18,""txPowerDbm"":17,""preamble"":8,""tcxoVoltage"":1.600000024,""xtalVoltage"":0},""dataset"":{""state"":""idle"",""step"":""idle"",""label"":"""",""seq"":0,""targetSamples"":0,""sampleIntervalMs"":500,""maxDurationMs"":0,""useFanIntake"":true,""fanOnMs"":1000,""postFanSettleMs"":0,""nullingProfileId"":9,""queuePending"":0,""queueCapacity"":16,""queueEnqueued"":0,""queueDropped"":0,""publishFailCount"":0,""retryCount"":0,""retryFailCount"":0,""rejectedSamples"":0,""lastRejectReason"":""none"",""lastRejectChannel"":-1,""lastRejectOkFiniteCount"":0,""lastRejectStatus"":255,""lastRejectGain"":0,""lastRejectSaturated"":false},""recovery"":{""wifiReconnectCount"":0,""wifiReconnectFailCount"":0,""mqttReconnectCount"":0,""mqttConnectFailCount"":0,""lastMqttState"":0,""adsRecoveryCount"":0,""adsRecoveryFailCount"":0,""adsReadFailStreak"":0,""lastReason"":""none"",""lastRecoveryMs"":0,""bootRecoveryArmed"":false,""bootRecoveryDueMs"":0,""bootRecoveryReason"":""none"",""bootRecoveryNonAdsFailure"":false,""bootRecoveryRestartCount"":0},""nulling"":{""done"":false,""retryArmed"":false,""attemptCount"":0,""nextRetryMs"":0,""thresholdV"":9.999999747E-06,""minFinalV"":0},""telemetry"":{""valid"":true,""sampleMs"":14062064,""gasClass"":6,""gasName"":""CO2"",""confidence"":0,""alarm"":false,""sensorVoltage"":[-0.000593934,0.004375113,0.005487904,-0.002612893,-0.009940195,-0.012286963,-0.020458927,-0.026832048],""sensorGain"":[64,64,64,64,64,64,64,64],""sensorStatus"":[0,0,0,0,0,0,0,0],""featureOrder"":[""MQ8"",""MQ135"",""MQ3"",""MQ5"",""MQ4"",""MQ7"",""MQ6"",""MQ2""]},""alarmLatched"":false}"
"2026-08-04 13:15:27.053 +07:00","280.8692319","RECOVERY_100_AFTER_65","RECOVERY","100","1000","0","1","0","-0.000597761","0.004353535","0.005476707","-0.002592568","-0.009982964","-0.012292528","-0.02044978","-0.026888439","{""deviceId"":""1001"",""nodeId"":4097,""targetChId"":""0010"",""mode"":""inference"",""uptimeMs"":14063153,""debugEnabled"":true,""power"":{""mode"":""24v"",""externalPower"":true,""batteryMv"":65535,""batteryValid"":false,""batteryDetected"":false,""batterySenseStatus"":""not_detected"",""batteryLow"":false,""batteryCritical"":false,""sourceAmbiguous"":false,""serviceHoldActive"":false,""serviceHoldEffective"":false},""batterySession"":{""state"":""inactive"",""startedMs"":0,""stateStartedMs"":0,""validSampleBatches"":0,""requiredSampleBatches"":10,""alarmTxAttempts"":0,""alarmTxAttemptLimit"":3,""alarmAckReceived"":false,""pendingAlarm"":false,""pendingSaveRequired"":false,""persistenceFaultHold"":false,""completionReason"":""session_done""},""bootHealth"":{""adsReady"":true,""adsDrdyLevel"":0,""adsDrdyPulldownLevel"":0,""adsDrdyPullupLevel"":0,""adsMisoPulldownLevel"":0,""adsMisoPullupLevel"":1,""adsCsLevel"":1,""adsSyncLevel"":1,""adsStatus"":54,""adsMux"":15,""adsAdcon"":6,""adsDrate"":240,""adsReason"":""ok"",""tcaOk"":true,""mcpOkCount"":8,""mcpOk"":[true,true,true,true,true,true,true,true],""mcpAddrMask"":[1,1,1,1,1,1,1,1],""mcpControlTested"":true,""mcpControlOkCount"":8,""mcpControlOk"":[true,true,true,true,true,true,true,true],""dacReady"":true,""radioReady"":true,""mlReady"":true,""nullingProfileApplied"":true,""modelProfileReady"":false},""runtimeMcpCode"":[255,519,795,706,799,865,665,139],""model"":{""profileId"":""cnn-dualbranch-datasheet-v1-unbound"",""scalerProfileId"":""cnn-dualbranch-datasheet-v1-unbound"",""productionApproved"":true,""boundNullingProfileId"":8,""activeNullingProfileId"":9,""bindingValid"":true,""bindingModelMatches"":true,""profileReady"":false,""inferenceValid"":false,""sensorFault"":true},""lora"":{""beginState"":0,""lastTxState"":0,""lastTxOk"":false,""txSeq"":0,""txCounter"":0,""aesKeyProvisioned"":true,""aesKeyPresent"":true,""aesKeySource"":""nvs"",""keyId"":1,""lastDownlinkCommandId"":0,""freqMHz"":920,""bwKHz"":125,""sf"":7,""cr"":5,""syncWord"":18,""txPowerDbm"":17,""preamble"":8,""tcxoVoltage"":1.600000024,""xtalVoltage"":0},""dataset"":{""state"":""idle"",""step"":""idle"",""label"":"""",""seq"":0,""targetSamples"":0,""sampleIntervalMs"":500,""maxDurationMs"":0,""useFanIntake"":true,""fanOnMs"":1000,""postFanSettleMs"":0,""nullingProfileId"":9,""queuePending"":0,""queueCapacity"":16,""queueEnqueued"":0,""queueDropped"":0,""publishFailCount"":0,""retryCount"":0,""retryFailCount"":0,""rejectedSamples"":0,""lastRejectReason"":""none"",""lastRejectChannel"":-1,""lastRejectOkFiniteCount"":0,""lastRejectStatus"":255,""lastRejectGain"":0,""lastRejectSaturated"":false},""recovery"":{""wifiReconnectCount"":0,""wifiReconnectFailCount"":0,""mqttReconnectCount"":0,""mqttConnectFailCount"":0,""lastMqttState"":0,""adsRecoveryCount"":0,""adsRecoveryFailCount"":0,""adsReadFailStreak"":0,""lastReason"":""none"",""lastRecoveryMs"":0,""bootRecoveryArmed"":false,""bootRecoveryDueMs"":0,""bootRecoveryReason"":""none"",""bootRecoveryNonAdsFailure"":false,""bootRecoveryRestartCount"":0},""nulling"":{""done"":false,""retryArmed"":false,""attemptCount"":0,""nextRetryMs"":0,""thresholdV"":9.999999747E-06,""minFinalV"":0},""telemetry"":{""valid"":true,""sampleMs"":14062741,""gasClass"":6,""gasName"":""CO2"",""confidence"":0,""alarm"":false,""sensorVoltage"":[-0.000597761,0.004353535,0.005476707,-0.002592568,-0.009982964,-0.012292528,-0.02044978,-0.026888439],""sensorGain"":[64,64,64,64,64,64,64,64],""sensorStatus"":[0,0,0,0,0,0,0,0],""featureOrder"":[""MQ8"",""MQ135"",""MQ3"",""MQ5"",""MQ4"",""MQ7"",""MQ6"",""MQ2""]},""alarmLatched"":false}"
"2026-08-04 13:15:27.736 +07:00","281.55196939999996","RECOVERY_100_AFTER_65","RECOVERY","100","1000","0","1","0","0.000461885","0.0044391","0.005498019","-0.002597696","-0.009973506","-0.012284797","-0.020474544","-0.026881507","{""deviceId"":""1001"",""nodeId"":4097,""targetChId"":""0010"",""mode"":""inference"",""uptimeMs"":14063836,""debugEnabled"":true,""power"":{""mode"":""24v"",""externalPower"":true,""batteryMv"":65535,""batteryValid"":false,""batteryDetected"":false,""batterySenseStatus"":""not_detected"",""batteryLow"":false,""batteryCritical"":false,""sourceAmbiguous"":false,""serviceHoldActive"":false,""serviceHoldEffective"":false},""batterySession"":{""state"":""inactive"",""startedMs"":0,""stateStartedMs"":0,""validSampleBatches"":0,""requiredSampleBatches"":10,""alarmTxAttempts"":0,""alarmTxAttemptLimit"":3,""alarmAckReceived"":false,""pendingAlarm"":false,""pendingSaveRequired"":false,""persistenceFaultHold"":false,""completionReason"":""session_done""},""bootHealth"":{""adsReady"":true,""adsDrdyLevel"":0,""adsDrdyPulldownLevel"":0,""adsDrdyPullupLevel"":0,""adsMisoPulldownLevel"":0,""adsMisoPullupLevel"":1,""adsCsLevel"":1,""adsSyncLevel"":1,""adsStatus"":54,""adsMux"":15,""adsAdcon"":6,""adsDrate"":240,""adsReason"":""ok"",""tcaOk"":true,""mcpOkCount"":8,""mcpOk"":[true,true,true,true,true,true,true,true],""mcpAddrMask"":[1,1,1,1,1,1,1,1],""mcpControlTested"":true,""mcpControlOkCount"":8,""mcpControlOk"":[true,true,true,true,true,true,true,true],""dacReady"":true,""radioReady"":true,""mlReady"":true,""nullingProfileApplied"":true,""modelProfileReady"":false},""runtimeMcpCode"":[255,519,795,706,799,865,665,139],""model"":{""profileId"":""cnn-dualbranch-datasheet-v1-unbound"",""scalerProfileId"":""cnn-dualbranch-datasheet-v1-unbound"",""productionApproved"":true,""boundNullingProfileId"":8,""activeNullingProfileId"":9,""bindingValid"":true,""bindingModelMatches"":true,""profileReady"":false,""inferenceValid"":false,""sensorFault"":true},""lora"":{""beginState"":0,""lastTxState"":0,""lastTxOk"":false,""txSeq"":0,""txCounter"":0,""aesKeyProvisioned"":true,""aesKeyPresent"":true,""aesKeySource"":""nvs"",""keyId"":1,""lastDownlinkCommandId"":0,""freqMHz"":920,""bwKHz"":125,""sf"":7,""cr"":5,""syncWord"":18,""txPowerDbm"":17,""preamble"":8,""tcxoVoltage"":1.600000024,""xtalVoltage"":0},""dataset"":{""state"":""idle"",""step"":""idle"",""label"":"""",""seq"":0,""targetSamples"":0,""sampleIntervalMs"":500,""maxDurationMs"":0,""useFanIntake"":true,""fanOnMs"":1000,""postFanSettleMs"":0,""nullingProfileId"":9,""queuePending"":0,""queueCapacity"":16,""queueEnqueued"":0,""queueDropped"":0,""publishFailCount"":0,""retryCount"":0,""retryFailCount"":0,""rejectedSamples"":0,""lastRejectReason"":""none"",""lastRejectChannel"":-1,""lastRejectOkFiniteCount"":0,""lastRejectStatus"":255,""lastRejectGain"":0,""lastRejectSaturated"":false},""recovery"":{""wifiReconnectCount"":0,""wifiReconnectFailCount"":0,""mqttReconnectCount"":0,""mqttConnectFailCount"":0,""lastMqttState"":0,""adsRecoveryCount"":0,""adsRecoveryFailCount"":0,""adsReadFailStreak"":0,""lastReason"":""none"",""lastRecoveryMs"":0,""bootRecoveryArmed"":false,""bootRecoveryDueMs"":0,""bootRecoveryReason"":""none"",""bootRecoveryNonAdsFailure"":false,""bootRecoveryRestartCount"":0},""nulling"":{""done"":false,""retryArmed"":false,""attemptCount"":0,""nextRetryMs"":0,""thresholdV"":9.999999747E-06,""minFinalV"":0},""telemetry"":{""valid"":true,""sampleMs"":14063431,""gasClass"":6,""gasName"":""CO2"",""confidence"":0,""alarm"":false,""sensorVoltage"":[0.000461885,0.0044391,0.005498019,-0.002597696,-0.009973506,-0.012284797,-0.020474544,-0.026881507],""sensorGain"":[64,64,64,64,64,64,64,64],""sensorStatus"":[0,0,0,0,0,0,0,0],""featureOrder"":[""MQ8"",""MQ135"",""MQ3"",""MQ5"",""MQ4"",""MQ7"",""MQ6"",""MQ2""]},""alarmLatched"":false}"
"2026-08-04 13:15:28.419 +07:00","282.2356183","RECOVERY_100_AFTER_65","RECOVERY","100","1000","0","1","0","0.001628494","0.004453144","0.005435714","-0.002603977","-0.010002545","-0.012288194","-0.020519596","-0.026833724","{""deviceId"":""1001"",""nodeId"":4097,""targetChId"":""0010"",""mode"":""inference"",""uptimeMs"":14064520,""debugEnabled"":true,""power"":{""mode"":""24v"",""externalPower"":true,""batteryMv"":65535,""batteryValid"":false,""batteryDetected"":false,""batterySenseStatus"":""not_detected"",""batteryLow"":false,""batteryCritical"":false,""sourceAmbiguous"":false,""serviceHoldActive"":false,""serviceHoldEffective"":false},""batterySession"":{""state"":""inactive"",""startedMs"":0,""stateStartedMs"":0,""validSampleBatches"":0,""requiredSampleBatches"":10,""alarmTxAttempts"":0,""alarmTxAttemptLimit"":3,""alarmAckReceived"":false,""pendingAlarm"":false,""pendingSaveRequired"":false,""persistenceFaultHold"":false,""completionReason"":""session_done""},""bootHealth"":{""adsReady"":true,""adsDrdyLevel"":0,""adsDrdyPulldownLevel"":0,""adsDrdyPullupLevel"":0,""adsMisoPulldownLevel"":0,""adsMisoPullupLevel"":1,""adsCsLevel"":1,""adsSyncLevel"":1,""adsStatus"":54,""adsMux"":15,""adsAdcon"":6,""adsDrate"":240,""adsReason"":""ok"",""tcaOk"":true,""mcpOkCount"":8,""mcpOk"":[true,true,true,true,true,true,true,true],""mcpAddrMask"":[1,1,1,1,1,1,1,1],""mcpControlTested"":true,""mcpControlOkCount"":8,""mcpControlOk"":[true,true,true,true,true,true,true,true],""dacReady"":true,""radioReady"":true,""mlReady"":true,""nullingProfileApplied"":true,""modelProfileReady"":false},""runtimeMcpCode"":[255,519,795,706,799,865,665,139],""model"":{""profileId"":""cnn-dualbranch-datasheet-v1-unbound"",""scalerProfileId"":""cnn-dualbranch-datasheet-v1-unbound"",""productionApproved"":true,""boundNullingProfileId"":8,""activeNullingProfileId"":9,""bindingValid"":true,""bindingModelMatches"":true,""profileReady"":false,""inferenceValid"":false,""sensorFault"":true},""lora"":{""beginState"":0,""lastTxState"":0,""lastTxOk"":false,""txSeq"":0,""txCounter"":0,""aesKeyProvisioned"":true,""aesKeyPresent"":true,""aesKeySource"":""nvs"",""keyId"":1,""lastDownlinkCommandId"":0,""freqMHz"":920,""bwKHz"":125,""sf"":7,""cr"":5,""syncWord"":18,""txPowerDbm"":17,""preamble"":8,""tcxoVoltage"":1.600000024,""xtalVoltage"":0},""dataset"":{""state"":""idle"",""step"":""idle"",""label"":"""",""seq"":0,""targetSamples"":0,""sampleIntervalMs"":500,""maxDurationMs"":0,""useFanIntake"":true,""fanOnMs"":1000,""postFanSettleMs"":0,""nullingProfileId"":9,""queuePending"":0,""queueCapacity"":16,""queueEnqueued"":0,""queueDropped"":0,""publishFailCount"":0,""retryCount"":0,""retryFailCount"":0,""rejectedSamples"":0,""lastRejectReason"":""none"",""lastRejectChannel"":-1,""lastRejectOkFiniteCount"":0,""lastRejectStatus"":255,""lastRejectGain"":0,""lastRejectSaturated"":false},""recovery"":{""wifiReconnectCount"":0,""wifiReconnectFailCount"":0,""mqttReconnectCount"":0,""mqttConnectFailCount"":0,""lastMqttState"":0,""adsRecoveryCount"":0,""adsRecoveryFailCount"":0,""adsReadFailStreak"":0,""lastReason"":""none"",""lastRecoveryMs"":0,""bootRecoveryArmed"":false,""bootRecoveryDueMs"":0,""bootRecoveryReason"":""none"",""bootRecoveryNonAdsFailure"":false,""bootRecoveryRestartCount"":0},""nulling"":{""done"":false,""retryArmed"":false,""attemptCount"":0,""nextRetryMs"":0,""thresholdV"":9.999999747E-06,""minFinalV"":0},""telemetry"":{""valid"":true,""sampleMs"":14064146,""gasClass"":6,""gasName"":""CO2"",""confidence"":0,""alarm"":false,""sensorVoltage"":[0.001628494,0.004453144,0.005435714,-0.002603977,-0.010002545,-0.012288194,-0.020519596,-0.026833724],""sensorGain"":[64,64,64,64,64,64,64,64],""sensorStatus"":[0,0,0,0,0,0,0,0],""featureOrder"":[""MQ8"",""MQ135"",""MQ3"",""MQ5"",""MQ4"",""MQ7"",""MQ6"",""MQ2""]},""alarmLatched"":false}"
"2026-08-04 13:15:29.117 +07:00","282.9333924","RECOVERY_100_AFTER_65","RECOVERY","100","1000","0","1","0","0.001587076","0.004455327","0.005391035","-0.002586766","-0.010015924","-0.01223963","-0.020524479","-0.026856061","{""deviceId"":""1001"",""nodeId"":4097,""targetChId"":""0010"",""mode"":""inference"",""uptimeMs"":14065218,""debugEnabled"":true,""power"":{""mode"":""24v"",""externalPower"":true,""batteryMv"":65535,""batteryValid"":false,""batteryDetected"":false,""batterySenseStatus"":""not_detected"",""batteryLow"":false,""batteryCritical"":false,""sourceAmbiguous"":false,""serviceHoldActive"":false,""serviceHoldEffective"":false},""batterySession"":{""state"":""inactive"",""startedMs"":0,""stateStartedMs"":0,""validSampleBatches"":0,""requiredSampleBatches"":10,""alarmTxAttempts"":0,""alarmTxAttemptLimit"":3,""alarmAckReceived"":false,""pendingAlarm"":false,""pendingSaveRequired"":false,""persistenceFaultHold"":false,""completionReason"":""session_done""},""bootHealth"":{""adsReady"":true,""adsDrdyLevel"":0,""adsDrdyPulldownLevel"":0,""adsDrdyPullupLevel"":0,""adsMisoPulldownLevel"":0,""adsMisoPullupLevel"":1,""adsCsLevel"":1,""adsSyncLevel"":1,""adsStatus"":54,""adsMux"":15,""adsAdcon"":6,""adsDrate"":240,""adsReason"":""ok"",""tcaOk"":true,""mcpOkCount"":8,""mcpOk"":[true,true,true,true,true,true,true,true],""mcpAddrMask"":[1,1,1,1,1,1,1,1],""mcpControlTested"":true,""mcpControlOkCount"":8,""mcpControlOk"":[true,true,true,true,true,true,true,true],""dacReady"":true,""radioReady"":true,""mlReady"":true,""nullingProfileApplied"":true,""modelProfileReady"":false},""runtimeMcpCode"":[255,519,795,706,799,865,665,139],""model"":{""profileId"":""cnn-dualbranch-datasheet-v1-unbound"",""scalerProfileId"":""cnn-dualbranch-datasheet-v1-unbound"",""productionApproved"":true,""boundNullingProfileId"":8,""activeNullingProfileId"":9,""bindingValid"":true,""bindingModelMatches"":true,""profileReady"":false,""inferenceValid"":false,""sensorFault"":true},""lora"":{""beginState"":0,""lastTxState"":0,""lastTxOk"":false,""txSeq"":0,""txCounter"":0,""aesKeyProvisioned"":true,""aesKeyPresent"":true,""aesKeySource"":""nvs"",""keyId"":1,""lastDownlinkCommandId"":0,""freqMHz"":920,""bwKHz"":125,""sf"":7,""cr"":5,""syncWord"":18,""txPowerDbm"":17,""preamble"":8,""tcxoVoltage"":1.600000024,""xtalVoltage"":0},""dataset"":{""state"":""idle"",""step"":""idle"",""label"":"""",""seq"":0,""targetSamples"":0,""sampleIntervalMs"":500,""maxDurationMs"":0,""useFanIntake"":true,""fanOnMs"":1000,""postFanSettleMs"":0,""nullingProfileId"":9,""queuePending"":0,""queueCapacity"":16,""queueEnqueued"":0,""queueDropped"":0,""publishFailCount"":0,""retryCount"":0,""retryFailCount"":0,""rejectedSamples"":0,""lastRejectReason"":""none"",""lastRejectChannel"":-1,""lastRejectOkFiniteCount"":0,""lastRejectStatus"":255,""lastRejectGain"":0,""lastRejectSaturated"":false},""recovery"":{""wifiReconnectCount"":0,""wifiReconnectFailCount"":0,""mqttReconnectCount"":0,""mqttConnectFailCount"":0,""lastMqttState"":0,""adsRecoveryCount"":0,""adsRecoveryFailCount"":0,""adsReadFailStreak"":0,""lastReason"":""none"",""lastRecoveryMs"":0,""bootRecoveryArmed"":false,""bootRecoveryDueMs"":0,""bootRecoveryReason"":""none"",""bootRecoveryNonAdsFailure"":false,""bootRecoveryRestartCount"":0},""nulling"":{""done"":false,""retryArmed"":false,""attemptCount"":0,""nextRetryMs"":0,""thresholdV"":9.999999747E-06,""minFinalV"":0},""telemetry"":{""valid"":true,""sampleMs"":14064798,""gasClass"":6,""gasName"":""CO2"",""confidence"":0,""alarm"":false,""sensorVoltage"":[0.001587076,0.004455327,0.005391035,-0.002586766,-0.010015924,-0.01223963,-0.020524479,-0.026856061],""sensorGain"":[64,64,64,64,64,64,64,64],""sensorStatus"":[0,0,0,0,0,0,0,0],""featureOrder"":[""MQ8"",""MQ135"",""MQ3"",""MQ5"",""MQ4"",""MQ7"",""MQ6"",""MQ2""]},""alarmLatched"":false}"
"2026-08-04 13:15:29.802 +07:00","283.6181835","RECOVERY_100_AFTER_65","RECOVERY","100","1000","0","1","0","0.001774372","0.004439717","0.005383358","-0.002589093","-0.010022556","-0.012155693","-0.020507973","-0.026803549","{""deviceId"":""1001"",""nodeId"":4097,""targetChId"":""0010"",""mode"":""inference"",""uptimeMs"":14065902,""debugEnabled"":true,""power"":{""mode"":""24v"",""externalPower"":true,""batteryMv"":65535,""batteryValid"":false,""batteryDetected"":false,""batterySenseStatus"":""not_detected"",""batteryLow"":false,""batteryCritical"":false,""sourceAmbiguous"":false,""serviceHoldActive"":false,""serviceHoldEffective"":false},""batterySession"":{""state"":""inactive"",""startedMs"":0,""stateStartedMs"":0,""validSampleBatches"":0,""requiredSampleBatches"":10,""alarmTxAttempts"":0,""alarmTxAttemptLimit"":3,""alarmAckReceived"":false,""pendingAlarm"":false,""pendingSaveRequired"":false,""persistenceFaultHold"":false,""completionReason"":""session_done""},""bootHealth"":{""adsReady"":true,""adsDrdyLevel"":0,""adsDrdyPulldownLevel"":0,""adsDrdyPullupLevel"":0,""adsMisoPulldownLevel"":0,""adsMisoPullupLevel"":1,""adsCsLevel"":1,""adsSyncLevel"":1,""adsStatus"":54,""adsMux"":15,""adsAdcon"":6,""adsDrate"":240,""adsReason"":""ok"",""tcaOk"":true,""mcpOkCount"":8,""mcpOk"":[true,true,true,true,true,true,true,true],""mcpAddrMask"":[1,1,1,1,1,1,1,1],""mcpControlTested"":true,""mcpControlOkCount"":8,""mcpControlOk"":[true,true,true,true,true,true,true,true],""dacReady"":true,""radioReady"":true,""mlReady"":true,""nullingProfileApplied"":true,""modelProfileReady"":false},""runtimeMcpCode"":[255,519,795,706,799,865,665,139],""model"":{""profileId"":""cnn-dualbranch-datasheet-v1-unbound"",""scalerProfileId"":""cnn-dualbranch-datasheet-v1-unbound"",""productionApproved"":true,""boundNullingProfileId"":8,""activeNullingProfileId"":9,""bindingValid"":true,""bindingModelMatches"":true,""profileReady"":false,""inferenceValid"":false,""sensorFault"":true},""lora"":{""beginState"":0,""lastTxState"":0,""lastTxOk"":false,""txSeq"":0,""txCounter"":0,""aesKeyProvisioned"":true,""aesKeyPresent"":true,""aesKeySource"":""nvs"",""keyId"":1,""lastDownlinkCommandId"":0,""freqMHz"":920,""bwKHz"":125,""sf"":7,""cr"":5,""syncWord"":18,""txPowerDbm"":17,""preamble"":8,""tcxoVoltage"":1.600000024,""xtalVoltage"":0},""dataset"":{""state"":""idle"",""step"":""idle"",""label"":"""",""seq"":0,""targetSamples"":0,""sampleIntervalMs"":500,""maxDurationMs"":0,""useFanIntake"":true,""fanOnMs"":1000,""postFanSettleMs"":0,""nullingProfileId"":9,""queuePending"":0,""queueCapacity"":16,""queueEnqueued"":0,""queueDropped"":0,""publishFailCount"":0,""retryCount"":0,""retryFailCount"":0,""rejectedSamples"":0,""lastRejectReason"":""none"",""lastRejectChannel"":-1,""lastRejectOkFiniteCount"":0,""lastRejectStatus"":255,""lastRejectGain"":0,""lastRejectSaturated"":false},""recovery"":{""wifiReconnectCount"":0,""wifiReconnectFailCount"":0,""mqttReconnectCount"":0,""mqttConnectFailCount"":0,""lastMqttState"":0,""adsRecoveryCount"":0,""adsRecoveryFailCount"":0,""adsReadFailStreak"":0,""lastReason"":""none"",""lastRecoveryMs"":0,""bootRecoveryArmed"":false,""bootRecoveryDueMs"":0,""bootRecoveryReason"":""none"",""bootRecoveryNonAdsFailure"":false,""bootRecoveryRestartCount"":0},""nulling"":{""done"":false,""retryArmed"":false,""attemptCount"":0,""nextRetryMs"":0,""thresholdV"":9.999999747E-06,""minFinalV"":0},""telemetry"":{""valid"":true,""sampleMs"":14065496,""gasClass"":6,""gasName"":""CO2"",""confidence"":0,""alarm"":false,""sensorVoltage"":[0.001774372,0.004439717,0.005383358,-0.002589093,-0.010022556,-0.012155693,-0.020507973,-0.026803549],""sensorGain"":[64,64,64,64,64,64,64,64],""sensorStatus"":[0,0,0,0,0,0,0,0],""featureOrder"":[""MQ8"",""MQ135"",""MQ3"",""MQ5"",""MQ4"",""MQ7"",""MQ6"",""MQ2""]},""alarmLatched"":false}"
"2026-08-04 13:15:30.484 +07:00","284.3005827","RECOVERY_100_AFTER_65","RECOVERY","100","1000","0","1","0","0.001416698","0.004417967","0.005320563","-0.002594032","-0.010024188","-0.012142193","-0.020478595","-0.026803356","{""deviceId"":""1001"",""nodeId"":4097,""targetChId"":""0010"",""mode"":""inference"",""uptimeMs"":14066585,""debugEnabled"":true,""power"":{""mode"":""24v"",""externalPower"":true,""batteryMv"":65535,""batteryValid"":false,""batteryDetected"":false,""batterySenseStatus"":""not_detected"",""batteryLow"":false,""batteryCritical"":false,""sourceAmbiguous"":false,""serviceHoldActive"":false,""serviceHoldEffective"":false},""batterySession"":{""state"":""inactive"",""startedMs"":0,""stateStartedMs"":0,""validSampleBatches"":0,""requiredSampleBatches"":10,""alarmTxAttempts"":0,""alarmTxAttemptLimit"":3,""alarmAckReceived"":false,""pendingAlarm"":false,""pendingSaveRequired"":false,""persistenceFaultHold"":false,""completionReason"":""session_done""},""bootHealth"":{""adsReady"":true,""adsDrdyLevel"":0,""adsDrdyPulldownLevel"":0,""adsDrdyPullupLevel"":0,""adsMisoPulldownLevel"":0,""adsMisoPullupLevel"":1,""adsCsLevel"":1,""adsSyncLevel"":1,""adsStatus"":54,""adsMux"":15,""adsAdcon"":6,""adsDrate"":240,""adsReason"":""ok"",""tcaOk"":true,""mcpOkCount"":8,""mcpOk"":[true,true,true,true,true,true,true,true],""mcpAddrMask"":[1,1,1,1,1,1,1,1],""mcpControlTested"":true,""mcpControlOkCount"":8,""mcpControlOk"":[true,true,true,true,true,true,true,true],""dacReady"":true,""radioReady"":true,""mlReady"":true,""nullingProfileApplied"":true,""modelProfileReady"":false},""runtimeMcpCode"":[255,519,795,706,799,865,665,139],""model"":{""profileId"":""cnn-dualbranch-datasheet-v1-unbound"",""scalerProfileId"":""cnn-dualbranch-datasheet-v1-unbound"",""productionApproved"":true,""boundNullingProfileId"":8,""activeNullingProfileId"":9,""bindingValid"":true,""bindingModelMatches"":true,""profileReady"":false,""inferenceValid"":false,""sensorFault"":true},""lora"":{""beginState"":0,""lastTxState"":0,""lastTxOk"":false,""txSeq"":0,""txCounter"":0,""aesKeyProvisioned"":true,""aesKeyPresent"":true,""aesKeySource"":""nvs"",""keyId"":1,""lastDownlinkCommandId"":0,""freqMHz"":920,""bwKHz"":125,""sf"":7,""cr"":5,""syncWord"":18,""txPowerDbm"":17,""preamble"":8,""tcxoVoltage"":1.600000024,""xtalVoltage"":0},""dataset"":{""state"":""idle"",""step"":""idle"",""label"":"""",""seq"":0,""targetSamples"":0,""sampleIntervalMs"":500,""maxDurationMs"":0,""useFanIntake"":true,""fanOnMs"":1000,""postFanSettleMs"":0,""nullingProfileId"":9,""queuePending"":0,""queueCapacity"":16,""queueEnqueued"":0,""queueDropped"":0,""publishFailCount"":0,""retryCount"":0,""retryFailCount"":0,""rejectedSamples"":0,""lastRejectReason"":""none"",""lastRejectChannel"":-1,""lastRejectOkFiniteCount"":0,""lastRejectStatus"":255,""lastRejectGain"":0,""lastRejectSaturated"":false},""recovery"":{""wifiReconnectCount"":0,""wifiReconnectFailCount"":0,""mqttReconnectCount"":0,""mqttConnectFailCount"":0,""lastMqttState"":0,""adsRecoveryCount"":0,""adsRecoveryFailCount"":0,""adsReadFailStreak"":0,""lastReason"":""none"",""lastRecoveryMs"":0,""bootRecoveryArmed"":false,""bootRecoveryDueMs"":0,""bootRecoveryReason"":""none"",""bootRecoveryNonAdsFailure"":false,""bootRecoveryRestartCount"":0},""nulling"":{""done"":false,""retryArmed"":false,""attemptCount"":0,""nextRetryMs"":0,""thresholdV"":9.999999747E-06,""minFinalV"":0},""telemetry"":{""valid"":true,""sampleMs"":14066212,""gasClass"":6,""gasName"":""CO2"",""confidence"":0,""alarm"":false,""sensorVoltage"":[0.001416698,0.004417967,0.005320563,-0.002594032,-0.010024188,-0.012142193,-0.020478595,-0.026803356],""sensorGain"":[64,64,64,64,64,64,64,64],""sensorStatus"":[0,0,0,0,0,0,0,0],""featureOrder"":[""MQ8"",""MQ135"",""MQ3"",""MQ5"",""MQ4"",""MQ7"",""MQ6"",""MQ2""]},""alarmLatched"":false}"
"2026-08-04 13:15:31.289 +07:00","285.1053779","RECOVERY_100_AFTER_65","RECOVERY","100","1000","0","1","0","0.001882076","0.004404963","0.005347757","-0.002599501","-0.010010467","-0.012216525","-0.020516003","-0.026741739","{""deviceId"":""1001"",""nodeId"":4097,""targetChId"":""0010"",""mode"":""inference"",""uptimeMs"":14067386,""debugEnabled"":true,""power"":{""mode"":""24v"",""externalPower"":true,""batteryMv"":65535,""batteryValid"":false,""batteryDetected"":false,""batterySenseStatus"":""not_detected"",""batteryLow"":false,""batteryCritical"":false,""sourceAmbiguous"":false,""serviceHoldActive"":false,""serviceHoldEffective"":false},""batterySession"":{""state"":""inactive"",""startedMs"":0,""stateStartedMs"":0,""validSampleBatches"":0,""requiredSampleBatches"":10,""alarmTxAttempts"":0,""alarmTxAttemptLimit"":3,""alarmAckReceived"":false,""pendingAlarm"":false,""pendingSaveRequired"":false,""persistenceFaultHold"":false,""completionReason"":""session_done""},""bootHealth"":{""adsReady"":true,""adsDrdyLevel"":0,""adsDrdyPulldownLevel"":0,""adsDrdyPullupLevel"":0,""adsMisoPulldownLevel"":0,""adsMisoPullupLevel"":1,""adsCsLevel"":1,""adsSyncLevel"":1,""adsStatus"":54,""adsMux"":15,""adsAdcon"":6,""adsDrate"":240,""adsReason"":""ok"",""tcaOk"":true,""mcpOkCount"":8,""mcpOk"":[true,true,true,true,true,true,true,true],""mcpAddrMask"":[1,1,1,1,1,1,1,1],""mcpControlTested"":true,""mcpControlOkCount"":8,""mcpControlOk"":[true,true,true,true,true,true,true,true],""dacReady"":true,""radioReady"":true,""mlReady"":true,""nullingProfileApplied"":true,""modelProfileReady"":false},""runtimeMcpCode"":[255,519,795,706,799,865,665,139],""model"":{""profileId"":""cnn-dualbranch-datasheet-v1-unbound"",""scalerProfileId"":""cnn-dualbranch-datasheet-v1-unbound"",""productionApproved"":true,""boundNullingProfileId"":8,""activeNullingProfileId"":9,""bindingValid"":true,""bindingModelMatches"":true,""profileReady"":false,""inferenceValid"":false,""sensorFault"":true},""lora"":{""beginState"":0,""lastTxState"":0,""lastTxOk"":false,""txSeq"":0,""txCounter"":0,""aesKeyProvisioned"":true,""aesKeyPresent"":true,""aesKeySource"":""nvs"",""keyId"":1,""lastDownlinkCommandId"":0,""freqMHz"":920,""bwKHz"":125,""sf"":7,""cr"":5,""syncWord"":18,""txPowerDbm"":17,""preamble"":8,""tcxoVoltage"":1.600000024,""xtalVoltage"":0},""dataset"":{""state"":""idle"",""step"":""idle"",""label"":"""",""seq"":0,""targetSamples"":0,""sampleIntervalMs"":500,""maxDurationMs"":0,""useFanIntake"":true,""fanOnMs"":1000,""postFanSettleMs"":0,""nullingProfileId"":9,""queuePending"":0,""queueCapacity"":16,""queueEnqueued"":0,""queueDropped"":0,""publishFailCount"":0,""retryCount"":0,""retryFailCount"":0,""rejectedSamples"":0,""lastRejectReason"":""none"",""lastRejectChannel"":-1,""lastRejectOkFiniteCount"":0,""lastRejectStatus"":255,""lastRejectGain"":0,""lastRejectSaturated"":false},""recovery"":{""wifiReconnectCount"":0,""wifiReconnectFailCount"":0,""mqttReconnectCount"":0,""mqttConnectFailCount"":0,""lastMqttState"":0,""adsRecoveryCount"":0,""adsRecoveryFailCount"":0,""adsReadFailStreak"":0,""lastReason"":""none"",""lastRecoveryMs"":0,""bootRecoveryArmed"":false,""bootRecoveryDueMs"":0,""bootRecoveryReason"":""none"",""bootRecoveryNonAdsFailure"":false,""bootRecoveryRestartCount"":0},""nulling"":{""done"":false,""retryArmed"":false,""attemptCount"":0,""nextRetryMs"":0,""thresholdV"":9.999999747E-06,""minFinalV"":0},""telemetry"":{""valid"":true,""sampleMs"":14066863,""gasClass"":6,""gasName"":""CO2"",""confidence"":0,""alarm"":false,""sensorVoltage"":[0.001882076,0.004404963,0.005347757,-0.002599501,-0.010010467,-0.012216525,-0.020516003,-0.026741739],""sensorGain"":[64,64,64,64,64,64,64,64],""sensorStatus"":[0,0,0,0,0,0,0,0],""featureOrder"":[""MQ8"",""MQ135"",""MQ3"",""MQ5"",""MQ4"",""MQ7"",""MQ6"",""MQ2""]},""alarmLatched"":false}"
"2026-08-04 13:15:31.969 +07:00","285.78468399999997","RECOVERY_100_AFTER_65","RECOVERY","100","1000","0","1","0","0.00189681","0.004437136","0.00534657","-0.002564995","-0.010015629","-0.012239034","-0.020512328","-0.026723051","{""deviceId"":""1001"",""nodeId"":4097,""targetChId"":""0010"",""mode"":""inference"",""uptimeMs"":14068068,""debugEnabled"":true,""power"":{""mode"":""24v"",""externalPower"":true,""batteryMv"":65535,""batteryValid"":false,""batteryDetected"":false,""batterySenseStatus"":""not_detected"",""batteryLow"":false,""batteryCritical"":false,""sourceAmbiguous"":false,""serviceHoldActive"":false,""serviceHoldEffective"":false},""batterySession"":{""state"":""inactive"",""startedMs"":0,""stateStartedMs"":0,""validSampleBatches"":0,""requiredSampleBatches"":10,""alarmTxAttempts"":0,""alarmTxAttemptLimit"":3,""alarmAckReceived"":false,""pendingAlarm"":false,""pendingSaveRequired"":false,""persistenceFaultHold"":false,""completionReason"":""session_done""},""bootHealth"":{""adsReady"":true,""adsDrdyLevel"":0,""adsDrdyPulldownLevel"":0,""adsDrdyPullupLevel"":0,""adsMisoPulldownLevel"":0,""adsMisoPullupLevel"":1,""adsCsLevel"":1,""adsSyncLevel"":1,""adsStatus"":54,""adsMux"":15,""adsAdcon"":6,""adsDrate"":240,""adsReason"":""ok"",""tcaOk"":true,""mcpOkCount"":8,""mcpOk"":[true,true,true,true,true,true,true,true],""mcpAddrMask"":[1,1,1,1,1,1,1,1],""mcpControlTested"":true,""mcpControlOkCount"":8,""mcpControlOk"":[true,true,true,true,true,true,true,true],""dacReady"":true,""radioReady"":true,""mlReady"":true,""nullingProfileApplied"":true,""modelProfileReady"":false},""runtimeMcpCode"":[255,519,795,706,799,865,665,139],""model"":{""profileId"":""cnn-dualbranch-datasheet-v1-unbound"",""scalerProfileId"":""cnn-dualbranch-datasheet-v1-unbound"",""productionApproved"":true,""boundNullingProfileId"":8,""activeNullingProfileId"":9,""bindingValid"":true,""bindingModelMatches"":true,""profileReady"":false,""inferenceValid"":false,""sensorFault"":true},""lora"":{""beginState"":0,""lastTxState"":0,""lastTxOk"":false,""txSeq"":0,""txCounter"":0,""aesKeyProvisioned"":true,""aesKeyPresent"":true,""aesKeySource"":""nvs"",""keyId"":1,""lastDownlinkCommandId"":0,""freqMHz"":920,""bwKHz"":125,""sf"":7,""cr"":5,""syncWord"":18,""txPowerDbm"":17,""preamble"":8,""tcxoVoltage"":1.600000024,""xtalVoltage"":0},""dataset"":{""state"":""idle"",""step"":""idle"",""label"":"""",""seq"":0,""targetSamples"":0,""sampleIntervalMs"":500,""maxDurationMs"":0,""useFanIntake"":true,""fanOnMs"":1000,""postFanSettleMs"":0,""nullingProfileId"":9,""queuePending"":0,""queueCapacity"":16,""queueEnqueued"":0,""queueDropped"":0,""publishFailCount"":0,""retryCount"":0,""retryFailCount"":0,""rejectedSamples"":0,""lastRejectReason"":""none"",""lastRejectChannel"":-1,""lastRejectOkFiniteCount"":0,""lastRejectStatus"":255,""lastRejectGain"":0,""lastRejectSaturated"":false},""recovery"":{""wifiReconnectCount"":0,""wifiReconnectFailCount"":0,""mqttReconnectCount"":0,""mqttConnectFailCount"":0,""lastMqttState"":0,""adsRecoveryCount"":0,""adsRecoveryFailCount"":0,""adsReadFailStreak"":0,""lastReason"":""none"",""lastRecoveryMs"":0,""bootRecoveryArmed"":false,""bootRecoveryDueMs"":0,""bootRecoveryReason"":""none"",""bootRecoveryNonAdsFailure"":false,""bootRecoveryRestartCount"":0},""nulling"":{""done"":false,""retryArmed"":false,""attemptCount"":0,""nextRetryMs"":0,""thresholdV"":9.999999747E-06,""minFinalV"":0},""telemetry"":{""valid"":true,""sampleMs"":14067664,""gasClass"":6,""gasName"":""CO2"",""confidence"":0,""alarm"":false,""sensorVoltage"":[0.00189681,0.004437136,0.00534657,-0.002564995,-0.010015629,-0.012239034,-0.020512328,-0.026723051],""sensorGain"":[64,64,64,64,64,64,64,64],""sensorStatus"":[0,0,0,0,0,0,0,0],""featureOrder"":[""MQ8"",""MQ135"",""MQ3"",""MQ5"",""MQ4"",""MQ7"",""MQ6"",""MQ2""]},""alarmLatched"":false}"
"2026-08-04 13:15:32.667 +07:00","286.4827118","RECOVERY_100_AFTER_65","RECOVERY","100","1000","0","1","0","0.00189249","0.004446283","0.005353505","-0.002551302","-0.010036815","-0.012230421","-0.020509835","-0.026731675","{""deviceId"":""1001"",""nodeId"":4097,""targetChId"":""0010"",""mode"":""inference"",""uptimeMs"":14068766,""debugEnabled"":true,""power"":{""mode"":""24v"",""externalPower"":true,""batteryMv"":65535,""batteryValid"":false,""batteryDetected"":false,""batterySenseStatus"":""not_detected"",""batteryLow"":false,""batteryCritical"":false,""sourceAmbiguous"":false,""serviceHoldActive"":false,""serviceHoldEffective"":false},""batterySession"":{""state"":""inactive"",""startedMs"":0,""stateStartedMs"":0,""validSampleBatches"":0,""requiredSampleBatches"":10,""alarmTxAttempts"":0,""alarmTxAttemptLimit"":3,""alarmAckReceived"":false,""pendingAlarm"":false,""pendingSaveRequired"":false,""persistenceFaultHold"":false,""completionReason"":""session_done""},""bootHealth"":{""adsReady"":true,""adsDrdyLevel"":0,""adsDrdyPulldownLevel"":0,""adsDrdyPullupLevel"":0,""adsMisoPulldownLevel"":0,""adsMisoPullupLevel"":1,""adsCsLevel"":1,""adsSyncLevel"":1,""adsStatus"":54,""adsMux"":15,""adsAdcon"":6,""adsDrate"":240,""adsReason"":""ok"",""tcaOk"":true,""mcpOkCount"":8,""mcpOk"":[true,true,true,true,true,true,true,true],""mcpAddrMask"":[1,1,1,1,1,1,1,1],""mcpControlTested"":true,""mcpControlOkCount"":8,""mcpControlOk"":[true,true,true,true,true,true,true,true],""dacReady"":true,""radioReady"":true,""mlReady"":true,""nullingProfileApplied"":true,""modelProfileReady"":false},""runtimeMcpCode"":[255,519,795,706,799,865,665,139],""model"":{""profileId"":""cnn-dualbranch-datasheet-v1-unbound"",""scalerProfileId"":""cnn-dualbranch-datasheet-v1-unbound"",""productionApproved"":true,""boundNullingProfileId"":8,""activeNullingProfileId"":9,""bindingValid"":true,""bindingModelMatches"":true,""profileReady"":false,""inferenceValid"":false,""sensorFault"":true},""lora"":{""beginState"":0,""lastTxState"":0,""lastTxOk"":false,""txSeq"":0,""txCounter"":0,""aesKeyProvisioned"":true,""aesKeyPresent"":true,""aesKeySource"":""nvs"",""keyId"":1,""lastDownlinkCommandId"":0,""freqMHz"":920,""bwKHz"":125,""sf"":7,""cr"":5,""syncWord"":18,""txPowerDbm"":17,""preamble"":8,""tcxoVoltage"":1.600000024,""xtalVoltage"":0},""dataset"":{""state"":""idle"",""step"":""idle"",""label"":"""",""seq"":0,""targetSamples"":0,""sampleIntervalMs"":500,""maxDurationMs"":0,""useFanIntake"":true,""fanOnMs"":1000,""postFanSettleMs"":0,""nullingProfileId"":9,""queuePending"":0,""queueCapacity"":16,""queueEnqueued"":0,""queueDropped"":0,""publishFailCount"":0,""retryCount"":0,""retryFailCount"":0,""rejectedSamples"":0,""lastRejectReason"":""none"",""lastRejectChannel"":-1,""lastRejectOkFiniteCount"":0,""lastRejectStatus"":255,""lastRejectGain"":0,""lastRejectSaturated"":false},""recovery"":{""wifiReconnectCount"":0,""wifiReconnectFailCount"":0,""mqttReconnectCount"":0,""mqttConnectFailCount"":0,""lastMqttState"":0,""adsRecoveryCount"":0,""adsRecoveryFailCount"":0,""adsReadFailStreak"":0,""lastReason"":""none"",""lastRecoveryMs"":0,""bootRecoveryArmed"":false,""bootRecoveryDueMs"":0,""bootRecoveryReason"":""none"",""bootRecoveryNonAdsFailure"":false,""bootRecoveryRestartCount"":0},""nulling"":{""done"":false,""retryArmed"":false,""attemptCount"":0,""nextRetryMs"":0,""thresholdV"":9.999999747E-06,""minFinalV"":0},""telemetry"":{""valid"":true,""sampleMs"":14068378,""gasClass"":6,""gasName"":""CO2"",""confidence"":0,""alarm"":false,""sensorVoltage"":[0.00189249,0.004446283,0.005353505,-0.002551302,-0.010036815,-0.012230421,-0.020509835,-0.026731675],""sensorGain"":[64,64,64,64,64,64,64,64],""sensorStatus"":[0,0,0,0,0,0,0,0],""featureOrder"":[""MQ8"",""MQ135"",""MQ3"",""MQ5"",""MQ4"",""MQ7"",""MQ6"",""MQ2""]},""alarmLatched"":false}"
"2026-08-04 13:15:33.366 +07:00","287.18231349999996","RECOVERY_100_AFTER_65","RECOVERY","100","1000","0","1","0","0.001895448","0.004452722","0.005413198","-0.002562248","-0.01001462","-0.012237515","-0.020514864","-0.026667938","{""deviceId"":""1001"",""nodeId"":4097,""targetChId"":""0010"",""mode"":""inference"",""uptimeMs"":14069466,""debugEnabled"":true,""power"":{""mode"":""24v"",""externalPower"":true,""batteryMv"":65535,""batteryValid"":false,""batteryDetected"":false,""batterySenseStatus"":""not_detected"",""batteryLow"":false,""batteryCritical"":false,""sourceAmbiguous"":false,""serviceHoldActive"":false,""serviceHoldEffective"":false},""batterySession"":{""state"":""inactive"",""startedMs"":0,""stateStartedMs"":0,""validSampleBatches"":0,""requiredSampleBatches"":10,""alarmTxAttempts"":0,""alarmTxAttemptLimit"":3,""alarmAckReceived"":false,""pendingAlarm"":false,""pendingSaveRequired"":false,""persistenceFaultHold"":false,""completionReason"":""session_done""},""bootHealth"":{""adsReady"":true,""adsDrdyLevel"":0,""adsDrdyPulldownLevel"":0,""adsDrdyPullupLevel"":0,""adsMisoPulldownLevel"":0,""adsMisoPullupLevel"":1,""adsCsLevel"":1,""adsSyncLevel"":1,""adsStatus"":54,""adsMux"":15,""adsAdcon"":6,""adsDrate"":240,""adsReason"":""ok"",""tcaOk"":true,""mcpOkCount"":8,""mcpOk"":[true,true,true,true,true,true,true,true],""mcpAddrMask"":[1,1,1,1,1,1,1,1],""mcpControlTested"":true,""mcpControlOkCount"":8,""mcpControlOk"":[true,true,true,true,true,true,true,true],""dacReady"":true,""radioReady"":true,""mlReady"":true,""nullingProfileApplied"":true,""modelProfileReady"":false},""runtimeMcpCode"":[255,519,795,706,799,865,665,139],""model"":{""profileId"":""cnn-dualbranch-datasheet-v1-unbound"",""scalerProfileId"":""cnn-dualbranch-datasheet-v1-unbound"",""productionApproved"":true,""boundNullingProfileId"":8,""activeNullingProfileId"":9,""bindingValid"":true,""bindingModelMatches"":true,""profileReady"":false,""inferenceValid"":false,""sensorFault"":true},""lora"":{""beginState"":0,""lastTxState"":0,""lastTxOk"":false,""txSeq"":0,""txCounter"":0,""aesKeyProvisioned"":true,""aesKeyPresent"":true,""aesKeySource"":""nvs"",""keyId"":1,""lastDownlinkCommandId"":0,""freqMHz"":920,""bwKHz"":125,""sf"":7,""cr"":5,""syncWord"":18,""txPowerDbm"":17,""preamble"":8,""tcxoVoltage"":1.600000024,""xtalVoltage"":0},""dataset"":{""state"":""idle"",""step"":""idle"",""label"":"""",""seq"":0,""targetSamples"":0,""sampleIntervalMs"":500,""maxDurationMs"":0,""useFanIntake"":true,""fanOnMs"":1000,""postFanSettleMs"":0,""nullingProfileId"":9,""queuePending"":0,""queueCapacity"":16,""queueEnqueued"":0,""queueDropped"":0,""publishFailCount"":0,""retryCount"":0,""retryFailCount"":0,""rejectedSamples"":0,""lastRejectReason"":""none"",""lastRejectChannel"":-1,""lastRejectOkFiniteCount"":0,""lastRejectStatus"":255,""lastRejectGain"":0,""lastRejectSaturated"":false},""recovery"":{""wifiReconnectCount"":0,""wifiReconnectFailCount"":0,""mqttReconnectCount"":0,""mqttConnectFailCount"":0,""lastMqttState"":0,""adsRecoveryCount"":0,""adsRecoveryFailCount"":0,""adsReadFailStreak"":0,""lastReason"":""none"",""lastRecoveryMs"":0,""bootRecoveryArmed"":false,""bootRecoveryDueMs"":0,""bootRecoveryReason"":""none"",""bootRecoveryNonAdsFailure"":false,""bootRecoveryRestartCount"":0},""nulling"":{""done"":false,""retryArmed"":false,""attemptCount"":0,""nextRetryMs"":0,""thresholdV"":9.999999747E-06,""minFinalV"":0},""telemetry"":{""valid"":true,""sampleMs"":14069044,""gasClass"":6,""gasName"":""CO2"",""confidence"":0,""alarm"":false,""sensorVoltage"":[0.001895448,0.004452722,0.005413198,-0.002562248,-0.01001462,-0.012237515,-0.020514864,-0.026667938],""sensorGain"":[64,64,64,64,64,64,64,64],""sensorStatus"":[0,0,0,0,0,0,0,0],""featureOrder"":[""MQ8"",""MQ135"",""MQ3"",""MQ5"",""MQ4"",""MQ7"",""MQ6"",""MQ2""]},""alarmLatched"":false}"
"2026-08-04 13:15:34.049 +07:00","287.86483549999997","RECOVERY_100_AFTER_65","RECOVERY","100","1000","0","1","0","0.00191659","0.004456718","0.005358292","-0.002567912","-0.010014442","-0.012257887","-0.020520423","-0.026658868","{""deviceId"":""1001"",""nodeId"":4097,""targetChId"":""0010"",""mode"":""inference"",""uptimeMs"":14070149,""debugEnabled"":true,""power"":{""mode"":""24v"",""externalPower"":true,""batteryMv"":65535,""batteryValid"":false,""batteryDetected"":false,""batterySenseStatus"":""not_detected"",""batteryLow"":false,""batteryCritical"":false,""sourceAmbiguous"":false,""serviceHoldActive"":false,""serviceHoldEffective"":false},""batterySession"":{""state"":""inactive"",""startedMs"":0,""stateStartedMs"":0,""validSampleBatches"":0,""requiredSampleBatches"":10,""alarmTxAttempts"":0,""alarmTxAttemptLimit"":3,""alarmAckReceived"":false,""pendingAlarm"":false,""pendingSaveRequired"":false,""persistenceFaultHold"":false,""completionReason"":""session_done""},""bootHealth"":{""adsReady"":true,""adsDrdyLevel"":0,""adsDrdyPulldownLevel"":0,""adsDrdyPullupLevel"":0,""adsMisoPulldownLevel"":0,""adsMisoPullupLevel"":1,""adsCsLevel"":1,""adsSyncLevel"":1,""adsStatus"":54,""adsMux"":15,""adsAdcon"":6,""adsDrate"":240,""adsReason"":""ok"",""tcaOk"":true,""mcpOkCount"":8,""mcpOk"":[true,true,true,true,true,true,true,true],""mcpAddrMask"":[1,1,1,1,1,1,1,1],""mcpControlTested"":true,""mcpControlOkCount"":8,""mcpControlOk"":[true,true,true,true,true,true,true,true],""dacReady"":true,""radioReady"":true,""mlReady"":true,""nullingProfileApplied"":true,""modelProfileReady"":false},""runtimeMcpCode"":[255,519,795,706,799,865,665,139],""model"":{""profileId"":""cnn-dualbranch-datasheet-v1-unbound"",""scalerProfileId"":""cnn-dualbranch-datasheet-v1-unbound"",""productionApproved"":true,""boundNullingProfileId"":8,""activeNullingProfileId"":9,""bindingValid"":true,""bindingModelMatches"":true,""profileReady"":false,""inferenceValid"":false,""sensorFault"":true},""lora"":{""beginState"":0,""lastTxState"":0,""lastTxOk"":false,""txSeq"":0,""txCounter"":0,""aesKeyProvisioned"":true,""aesKeyPresent"":true,""aesKeySource"":""nvs"",""keyId"":1,""lastDownlinkCommandId"":0,""freqMHz"":920,""bwKHz"":125,""sf"":7,""cr"":5,""syncWord"":18,""txPowerDbm"":17,""preamble"":8,""tcxoVoltage"":1.600000024,""xtalVoltage"":0},""dataset"":{""state"":""idle"",""step"":""idle"",""label"":"""",""seq"":0,""targetSamples"":0,""sampleIntervalMs"":500,""maxDurationMs"":0,""useFanIntake"":true,""fanOnMs"":1000,""postFanSettleMs"":0,""nullingProfileId"":9,""queuePending"":0,""queueCapacity"":16,""queueEnqueued"":0,""queueDropped"":0,""publishFailCount"":0,""retryCount"":0,""retryFailCount"":0,""rejectedSamples"":0,""lastRejectReason"":""none"",""lastRejectChannel"":-1,""lastRejectOkFiniteCount"":0,""lastRejectStatus"":255,""lastRejectGain"":0,""lastRejectSaturated"":false},""recovery"":{""wifiReconnectCount"":0,""wifiReconnectFailCount"":0,""mqttReconnectCount"":0,""mqttConnectFailCount"":0,""lastMqttState"":0,""adsRecoveryCount"":0,""adsRecoveryFailCount"":0,""adsReadFailStreak"":0,""lastReason"":""none"",""lastRecoveryMs"":0,""bootRecoveryArmed"":false,""bootRecoveryDueMs"":0,""bootRecoveryReason"":""none"",""bootRecoveryNonAdsFailure"":false,""bootRecoveryRestartCount"":0},""nulling"":{""done"":false,""retryArmed"":false,""attemptCount"":0,""nextRetryMs"":0,""thresholdV"":9.999999747E-06,""minFinalV"":0},""telemetry"":{""valid"":true,""sampleMs"":14069744,""gasClass"":6,""gasName"":""CO2"",""confidence"":0,""alarm"":false,""sensorVoltage"":[0.00191659,0.004456718,0.005358292,-0.002567912,-0.010014442,-0.012257887,-0.020520423,-0.026658868],""sensorGain"":[64,64,64,64,64,64,64,64],""sensorStatus"":[0,0,0,0,0,0,0,0],""featureOrder"":[""MQ8"",""MQ135"",""MQ3"",""MQ5"",""MQ4"",""MQ7"",""MQ6"",""MQ2""]},""alarmLatched"":false}"
"2026-08-04 13:15:34.730 +07:00","288.5458172","RECOVERY_100_AFTER_65","RECOVERY","100","1000","0","1","0","0.000864453","0.004434246","0.005337392","-0.002575249","-0.009985314","-0.012258483","-0.020525042","-0.026640017","{""deviceId"":""1001"",""nodeId"":4097,""targetChId"":""0010"",""mode"":""inference"",""uptimeMs"":14070830,""debugEnabled"":true,""power"":{""mode"":""24v"",""externalPower"":true,""batteryMv"":65535,""batteryValid"":false,""batteryDetected"":false,""batterySenseStatus"":""not_detected"",""batteryLow"":false,""batteryCritical"":false,""sourceAmbiguous"":false,""serviceHoldActive"":false,""serviceHoldEffective"":false},""batterySession"":{""state"":""inactive"",""startedMs"":0,""stateStartedMs"":0,""validSampleBatches"":0,""requiredSampleBatches"":10,""alarmTxAttempts"":0,""alarmTxAttemptLimit"":3,""alarmAckReceived"":false,""pendingAlarm"":false,""pendingSaveRequired"":false,""persistenceFaultHold"":false,""completionReason"":""session_done""},""bootHealth"":{""adsReady"":true,""adsDrdyLevel"":0,""adsDrdyPulldownLevel"":0,""adsDrdyPullupLevel"":0,""adsMisoPulldownLevel"":0,""adsMisoPullupLevel"":1,""adsCsLevel"":1,""adsSyncLevel"":1,""adsStatus"":54,""adsMux"":15,""adsAdcon"":6,""adsDrate"":240,""adsReason"":""ok"",""tcaOk"":true,""mcpOkCount"":8,""mcpOk"":[true,true,true,true,true,true,true,true],""mcpAddrMask"":[1,1,1,1,1,1,1,1],""mcpControlTested"":true,""mcpControlOkCount"":8,""mcpControlOk"":[true,true,true,true,true,true,true,true],""dacReady"":true,""radioReady"":true,""mlReady"":true,""nullingProfileApplied"":true,""modelProfileReady"":false},""runtimeMcpCode"":[255,519,795,706,799,865,665,139],""model"":{""profileId"":""cnn-dualbranch-datasheet-v1-unbound"",""scalerProfileId"":""cnn-dualbranch-datasheet-v1-unbound"",""productionApproved"":true,""boundNullingProfileId"":8,""activeNullingProfileId"":9,""bindingValid"":true,""bindingModelMatches"":true,""profileReady"":false,""inferenceValid"":false,""sensorFault"":true},""lora"":{""beginState"":0,""lastTxState"":0,""lastTxOk"":false,""txSeq"":0,""txCounter"":0,""aesKeyProvisioned"":true,""aesKeyPresent"":true,""aesKeySource"":""nvs"",""keyId"":1,""lastDownlinkCommandId"":0,""freqMHz"":920,""bwKHz"":125,""sf"":7,""cr"":5,""syncWord"":18,""txPowerDbm"":17,""preamble"":8,""tcxoVoltage"":1.600000024,""xtalVoltage"":0},""dataset"":{""state"":""idle"",""step"":""idle"",""label"":"""",""seq"":0,""targetSamples"":0,""sampleIntervalMs"":500,""maxDurationMs"":0,""useFanIntake"":true,""fanOnMs"":1000,""postFanSettleMs"":0,""nullingProfileId"":9,""queuePending"":0,""queueCapacity"":16,""queueEnqueued"":0,""queueDropped"":0,""publishFailCount"":0,""retryCount"":0,""retryFailCount"":0,""rejectedSamples"":0,""lastRejectReason"":""none"",""lastRejectChannel"":-1,""lastRejectOkFiniteCount"":0,""lastRejectStatus"":255,""lastRejectGain"":0,""lastRejectSaturated"":false},""recovery"":{""wifiReconnectCount"":0,""wifiReconnectFailCount"":0,""mqttReconnectCount"":0,""mqttConnectFailCount"":0,""lastMqttState"":0,""adsRecoveryCount"":0,""adsRecoveryFailCount"":0,""adsReadFailStreak"":0,""lastReason"":""none"",""lastRecoveryMs"":0,""bootRecoveryArmed"":false,""bootRecoveryDueMs"":0,""bootRecoveryReason"":""none"",""bootRecoveryNonAdsFailure"":false,""bootRecoveryRestartCount"":0},""nulling"":{""done"":false,""retryArmed"":false,""attemptCount"":0,""nextRetryMs"":0,""thresholdV"":9.999999747E-06,""minFinalV"":0},""telemetry"":{""valid"":true,""sampleMs"":14070459,""gasClass"":6,""gasName"":""CO2"",""confidence"":0,""alarm"":false,""sensorVoltage"":[0.000864453,0.004434246,0.005337392,-0.002575249,-0.009985314,-0.012258483,-0.020525042,-0.026640017],""sensorGain"":[64,64,64,64,64,64,64,64],""sensorStatus"":[0,0,0,0,0,0,0,0],""featureOrder"":[""MQ8"",""MQ135"",""MQ3"",""MQ5"",""MQ4"",""MQ7"",""MQ6"",""MQ2""]},""alarmLatched"":false}"
"2026-08-04 13:15:35.432 +07:00","289.2478891","RECOVERY_100_AFTER_65","RECOVERY","100","1000","0","1","0","-0.000296926","0.004390561","0.005391565","-0.00257439","-0.009945457","-0.012253149","-0.02047259","-0.026685271","{""deviceId"":""1001"",""nodeId"":4097,""targetChId"":""0010"",""mode"":""inference"",""uptimeMs"":14071532,""debugEnabled"":true,""power"":{""mode"":""24v"",""externalPower"":true,""batteryMv"":65535,""batteryValid"":false,""batteryDetected"":false,""batterySenseStatus"":""not_detected"",""batteryLow"":false,""batteryCritical"":false,""sourceAmbiguous"":false,""serviceHoldActive"":false,""serviceHoldEffective"":false},""batterySession"":{""state"":""inactive"",""startedMs"":0,""stateStartedMs"":0,""validSampleBatches"":0,""requiredSampleBatches"":10,""alarmTxAttempts"":0,""alarmTxAttemptLimit"":3,""alarmAckReceived"":false,""pendingAlarm"":false,""pendingSaveRequired"":false,""persistenceFaultHold"":false,""completionReason"":""session_done""},""bootHealth"":{""adsReady"":true,""adsDrdyLevel"":0,""adsDrdyPulldownLevel"":0,""adsDrdyPullupLevel"":0,""adsMisoPulldownLevel"":0,""adsMisoPullupLevel"":1,""adsCsLevel"":1,""adsSyncLevel"":1,""adsStatus"":54,""adsMux"":15,""adsAdcon"":6,""adsDrate"":240,""adsReason"":""ok"",""tcaOk"":true,""mcpOkCount"":8,""mcpOk"":[true,true,true,true,true,true,true,true],""mcpAddrMask"":[1,1,1,1,1,1,1,1],""mcpControlTested"":true,""mcpControlOkCount"":8,""mcpControlOk"":[true,true,true,true,true,true,true,true],""dacReady"":true,""radioReady"":true,""mlReady"":true,""nullingProfileApplied"":true,""modelProfileReady"":false},""runtimeMcpCode"":[255,519,795,706,799,865,665,139],""model"":{""profileId"":""cnn-dualbranch-datasheet-v1-unbound"",""scalerProfileId"":""cnn-dualbranch-datasheet-v1-unbound"",""productionApproved"":true,""boundNullingProfileId"":8,""activeNullingProfileId"":9,""bindingValid"":true,""bindingModelMatches"":true,""profileReady"":false,""inferenceValid"":false,""sensorFault"":true},""lora"":{""beginState"":0,""lastTxState"":0,""lastTxOk"":false,""txSeq"":0,""txCounter"":0,""aesKeyProvisioned"":true,""aesKeyPresent"":true,""aesKeySource"":""nvs"",""keyId"":1,""lastDownlinkCommandId"":0,""freqMHz"":920,""bwKHz"":125,""sf"":7,""cr"":5,""syncWord"":18,""txPowerDbm"":17,""preamble"":8,""tcxoVoltage"":1.600000024,""xtalVoltage"":0},""dataset"":{""state"":""idle"",""step"":""idle"",""label"":"""",""seq"":0,""targetSamples"":0,""sampleIntervalMs"":500,""maxDurationMs"":0,""useFanIntake"":true,""fanOnMs"":1000,""postFanSettleMs"":0,""nullingProfileId"":9,""queuePending"":0,""queueCapacity"":16,""queueEnqueued"":0,""queueDropped"":0,""publishFailCount"":0,""retryCount"":0,""retryFailCount"":0,""rejectedSamples"":0,""lastRejectReason"":""none"",""lastRejectChannel"":-1,""lastRejectOkFiniteCount"":0,""lastRejectStatus"":255,""lastRejectGain"":0,""lastRejectSaturated"":false},""recovery"":{""wifiReconnectCount"":0,""wifiReconnectFailCount"":0,""mqttReconnectCount"":0,""mqttConnectFailCount"":0,""lastMqttState"":0,""adsRecoveryCount"":0,""adsRecoveryFailCount"":0,""adsReadFailStreak"":0,""lastReason"":""none"",""lastRecoveryMs"":0,""bootRecoveryArmed"":false,""bootRecoveryDueMs"":0,""bootRecoveryReason"":""none"",""bootRecoveryNonAdsFailure"":false,""bootRecoveryRestartCount"":0},""nulling"":{""done"":false,""retryArmed"":false,""attemptCount"":0,""nextRetryMs"":0,""thresholdV"":9.999999747E-06,""minFinalV"":0},""telemetry"":{""valid"":true,""sampleMs"":14071108,""gasClass"":6,""gasName"":""CO2"",""confidence"":0,""alarm"":false,""sensorVoltage"":[-0.000296926,0.004390561,0.005391565,-0.00257439,-0.009945457,-0.012253149,-0.02047259,-0.026685271],""sensorGain"":[64,64,64,64,64,64,64,64],""sensorStatus"":[0,0,0,0,0,0,0,0],""featureOrder"":[""MQ8"",""MQ135"",""MQ3"",""MQ5"",""MQ4"",""MQ7"",""MQ6"",""MQ2""]},""alarmLatched"":false}"
"2026-08-04 13:15:36.133 +07:00","289.94865419999996","RECOVERY_100_AFTER_65","RECOVERY","100","1000","0","1","0","-0.000242005","0.004401635","0.005428117","-0.002583859","-0.009524259","-0.012302438","-0.020463755","-0.026657149","{""deviceId"":""1001"",""nodeId"":4097,""targetChId"":""0010"",""mode"":""inference"",""uptimeMs"":14072233,""debugEnabled"":true,""power"":{""mode"":""24v"",""externalPower"":true,""batteryMv"":65535,""batteryValid"":false,""batteryDetected"":false,""batterySenseStatus"":""not_detected"",""batteryLow"":false,""batteryCritical"":false,""sourceAmbiguous"":false,""serviceHoldActive"":false,""serviceHoldEffective"":false},""batterySession"":{""state"":""inactive"",""startedMs"":0,""stateStartedMs"":0,""validSampleBatches"":0,""requiredSampleBatches"":10,""alarmTxAttempts"":0,""alarmTxAttemptLimit"":3,""alarmAckReceived"":false,""pendingAlarm"":false,""pendingSaveRequired"":false,""persistenceFaultHold"":false,""completionReason"":""session_done""},""bootHealth"":{""adsReady"":true,""adsDrdyLevel"":0,""adsDrdyPulldownLevel"":0,""adsDrdyPullupLevel"":0,""adsMisoPulldownLevel"":0,""adsMisoPullupLevel"":1,""adsCsLevel"":1,""adsSyncLevel"":1,""adsStatus"":54,""adsMux"":15,""adsAdcon"":6,""adsDrate"":240,""adsReason"":""ok"",""tcaOk"":true,""mcpOkCount"":8,""mcpOk"":[true,true,true,true,true,true,true,true],""mcpAddrMask"":[1,1,1,1,1,1,1,1],""mcpControlTested"":true,""mcpControlOkCount"":8,""mcpControlOk"":[true,true,true,true,true,true,true,true],""dacReady"":true,""radioReady"":true,""mlReady"":true,""nullingProfileApplied"":true,""modelProfileReady"":false},""runtimeMcpCode"":[255,519,795,706,799,865,665,139],""model"":{""profileId"":""cnn-dualbranch-datasheet-v1-unbound"",""scalerProfileId"":""cnn-dualbranch-datasheet-v1-unbound"",""productionApproved"":true,""boundNullingProfileId"":8,""activeNullingProfileId"":9,""bindingValid"":true,""bindingModelMatches"":true,""profileReady"":false,""inferenceValid"":false,""sensorFault"":true},""lora"":{""beginState"":0,""lastTxState"":0,""lastTxOk"":false,""txSeq"":0,""txCounter"":0,""aesKeyProvisioned"":true,""aesKeyPresent"":true,""aesKeySource"":""nvs"",""keyId"":1,""lastDownlinkCommandId"":0,""freqMHz"":920,""bwKHz"":125,""sf"":7,""cr"":5,""syncWord"":18,""txPowerDbm"":17,""preamble"":8,""tcxoVoltage"":1.600000024,""xtalVoltage"":0},""dataset"":{""state"":""idle"",""step"":""idle"",""label"":"""",""seq"":0,""targetSamples"":0,""sampleIntervalMs"":500,""maxDurationMs"":0,""useFanIntake"":true,""fanOnMs"":1000,""postFanSettleMs"":0,""nullingProfileId"":9,""queuePending"":0,""queueCapacity"":16,""queueEnqueued"":0,""queueDropped"":0,""publishFailCount"":0,""retryCount"":0,""retryFailCount"":0,""rejectedSamples"":0,""lastRejectReason"":""none"",""lastRejectChannel"":-1,""lastRejectOkFiniteCount"":0,""lastRejectStatus"":255,""lastRejectGain"":0,""lastRejectSaturated"":false},""recovery"":{""wifiReconnectCount"":0,""wifiReconnectFailCount"":0,""mqttReconnectCount"":0,""mqttConnectFailCount"":0,""lastMqttState"":0,""adsRecoveryCount"":0,""adsRecoveryFailCount"":0,""adsReadFailStreak"":0,""lastReason"":""none"",""lastRecoveryMs"":0,""bootRecoveryArmed"":false,""bootRecoveryDueMs"":0,""bootRecoveryReason"":""none"",""bootRecoveryNonAdsFailure"":false,""bootRecoveryRestartCount"":0},""nulling"":{""done"":false,""retryArmed"":false,""attemptCount"":0,""nextRetryMs"":0,""thresholdV"":9.999999747E-06,""minFinalV"":0},""telemetry"":{""valid"":true,""sampleMs"":14071810,""gasClass"":6,""gasName"":""CO2"",""confidence"":0,""alarm"":false,""sensorVoltage"":[-0.000242005,0.004401635,0.005428117,-0.002583859,-0.009524259,-0.012302438,-0.020463755,-0.026657149],""sensorGain"":[64,64,64,64,64,64,64,64],""sensorStatus"":[0,0,0,0,0,0,0,0],""featureOrder"":[""MQ8"",""MQ135"",""MQ3"",""MQ5"",""MQ4"",""MQ7"",""MQ6"",""MQ2""]},""alarmLatched"":false}"
"2026-08-04 13:15:36.814 +07:00","290.6304813","RECOVERY_100_AFTER_65","RECOVERY","100","1000","0","1","0","-0.000444906","0.004425651","0.005419626","-0.002594765","-0.009513216","-0.012362142","-0.020485872","-0.026715567","{""deviceId"":""1001"",""nodeId"":4097,""targetChId"":""0010"",""mode"":""inference"",""uptimeMs"":14072914,""debugEnabled"":true,""power"":{""mode"":""24v"",""externalPower"":true,""batteryMv"":65535,""batteryValid"":false,""batteryDetected"":false,""batterySenseStatus"":""not_detected"",""batteryLow"":false,""batteryCritical"":false,""sourceAmbiguous"":false,""serviceHoldActive"":false,""serviceHoldEffective"":false},""batterySession"":{""state"":""inactive"",""startedMs"":0,""stateStartedMs"":0,""validSampleBatches"":0,""requiredSampleBatches"":10,""alarmTxAttempts"":0,""alarmTxAttemptLimit"":3,""alarmAckReceived"":false,""pendingAlarm"":false,""pendingSaveRequired"":false,""persistenceFaultHold"":false,""completionReason"":""session_done""},""bootHealth"":{""adsReady"":true,""adsDrdyLevel"":0,""adsDrdyPulldownLevel"":0,""adsDrdyPullupLevel"":0,""adsMisoPulldownLevel"":0,""adsMisoPullupLevel"":1,""adsCsLevel"":1,""adsSyncLevel"":1,""adsStatus"":54,""adsMux"":15,""adsAdcon"":6,""adsDrate"":240,""adsReason"":""ok"",""tcaOk"":true,""mcpOkCount"":8,""mcpOk"":[true,true,true,true,true,true,true,true],""mcpAddrMask"":[1,1,1,1,1,1,1,1],""mcpControlTested"":true,""mcpControlOkCount"":8,""mcpControlOk"":[true,true,true,true,true,true,true,true],""dacReady"":true,""radioReady"":true,""mlReady"":true,""nullingProfileApplied"":true,""modelProfileReady"":false},""runtimeMcpCode"":[255,519,795,706,799,865,665,139],""model"":{""profileId"":""cnn-dualbranch-datasheet-v1-unbound"",""scalerProfileId"":""cnn-dualbranch-datasheet-v1-unbound"",""productionApproved"":true,""boundNullingProfileId"":8,""activeNullingProfileId"":9,""bindingValid"":true,""bindingModelMatches"":true,""profileReady"":false,""inferenceValid"":false,""sensorFault"":true},""lora"":{""beginState"":0,""lastTxState"":0,""lastTxOk"":false,""txSeq"":0,""txCounter"":0,""aesKeyProvisioned"":true,""aesKeyPresent"":true,""aesKeySource"":""nvs"",""keyId"":1,""lastDownlinkCommandId"":0,""freqMHz"":920,""bwKHz"":125,""sf"":7,""cr"":5,""syncWord"":18,""txPowerDbm"":17,""preamble"":8,""tcxoVoltage"":1.600000024,""xtalVoltage"":0},""dataset"":{""state"":""idle"",""step"":""idle"",""label"":"""",""seq"":0,""targetSamples"":0,""sampleIntervalMs"":500,""maxDurationMs"":0,""useFanIntake"":true,""fanOnMs"":1000,""postFanSettleMs"":0,""nullingProfileId"":9,""queuePending"":0,""queueCapacity"":16,""queueEnqueued"":0,""queueDropped"":0,""publishFailCount"":0,""retryCount"":0,""retryFailCount"":0,""rejectedSamples"":0,""lastRejectReason"":""none"",""lastRejectChannel"":-1,""lastRejectOkFiniteCount"":0,""lastRejectStatus"":255,""lastRejectGain"":0,""lastRejectSaturated"":false},""recovery"":{""wifiReconnectCount"":0,""wifiReconnectFailCount"":0,""mqttReconnectCount"":0,""mqttConnectFailCount"":0,""lastMqttState"":0,""adsRecoveryCount"":0,""adsRecoveryFailCount"":0,""adsReadFailStreak"":0,""lastReason"":""none"",""lastRecoveryMs"":0,""bootRecoveryArmed"":false,""bootRecoveryDueMs"":0,""bootRecoveryReason"":""none"",""bootRecoveryNonAdsFailure"":false,""bootRecoveryRestartCount"":0},""nulling"":{""done"":false,""retryArmed"":false,""attemptCount"":0,""nextRetryMs"":0,""thresholdV"":9.999999747E-06,""minFinalV"":0},""telemetry"":{""valid"":true,""sampleMs"":14072553,""gasClass"":6,""gasName"":""CO2"",""confidence"":0,""alarm"":false,""sensorVoltage"":[-0.000444906,0.004425651,0.005419626,-0.002594765,-0.009513216,-0.012362142,-0.020485872,-0.026715567],""sensorGain"":[64,64,64,64,64,64,64,64],""sensorStatus"":[0,0,0,0,0,0,0,0],""featureOrder"":[""MQ8"",""MQ135"",""MQ3"",""MQ5"",""MQ4"",""MQ7"",""MQ6"",""MQ2""]},""alarmLatched"":false}"
"2026-08-04 13:15:37.499 +07:00","291.314666","RECOVERY_100_AFTER_65","RECOVERY","100","1000","0","1","0","-0.000457375","0.004461555","0.005400077","-0.002598653","-0.009485808","-0.012404609","-0.020527737","-0.02671488","{""deviceId"":""1001"",""nodeId"":4097,""targetChId"":""0010"",""mode"":""inference"",""uptimeMs"":14073598,""debugEnabled"":true,""power"":{""mode"":""24v"",""externalPower"":true,""batteryMv"":65535,""batteryValid"":false,""batteryDetected"":false,""batterySenseStatus"":""not_detected"",""batteryLow"":false,""batteryCritical"":false,""sourceAmbiguous"":false,""serviceHoldActive"":false,""serviceHoldEffective"":false},""batterySession"":{""state"":""inactive"",""startedMs"":0,""stateStartedMs"":0,""validSampleBatches"":0,""requiredSampleBatches"":10,""alarmTxAttempts"":0,""alarmTxAttemptLimit"":3,""alarmAckReceived"":false,""pendingAlarm"":false,""pendingSaveRequired"":false,""persistenceFaultHold"":false,""completionReason"":""session_done""},""bootHealth"":{""adsReady"":true,""adsDrdyLevel"":0,""adsDrdyPulldownLevel"":0,""adsDrdyPullupLevel"":0,""adsMisoPulldownLevel"":0,""adsMisoPullupLevel"":1,""adsCsLevel"":1,""adsSyncLevel"":1,""adsStatus"":54,""adsMux"":15,""adsAdcon"":6,""adsDrate"":240,""adsReason"":""ok"",""tcaOk"":true,""mcpOkCount"":8,""mcpOk"":[true,true,true,true,true,true,true,true],""mcpAddrMask"":[1,1,1,1,1,1,1,1],""mcpControlTested"":true,""mcpControlOkCount"":8,""mcpControlOk"":[true,true,true,true,true,true,true,true],""dacReady"":true,""radioReady"":true,""mlReady"":true,""nullingProfileApplied"":true,""modelProfileReady"":false},""runtimeMcpCode"":[255,519,795,706,799,865,665,139],""model"":{""profileId"":""cnn-dualbranch-datasheet-v1-unbound"",""scalerProfileId"":""cnn-dualbranch-datasheet-v1-unbound"",""productionApproved"":true,""boundNullingProfileId"":8,""activeNullingProfileId"":9,""bindingValid"":true,""bindingModelMatches"":true,""profileReady"":false,""inferenceValid"":false,""sensorFault"":true},""lora"":{""beginState"":0,""lastTxState"":0,""lastTxOk"":false,""txSeq"":0,""txCounter"":0,""aesKeyProvisioned"":true,""aesKeyPresent"":true,""aesKeySource"":""nvs"",""keyId"":1,""lastDownlinkCommandId"":0,""freqMHz"":920,""bwKHz"":125,""sf"":7,""cr"":5,""syncWord"":18,""txPowerDbm"":17,""preamble"":8,""tcxoVoltage"":1.600000024,""xtalVoltage"":0},""dataset"":{""state"":""idle"",""step"":""idle"",""label"":"""",""seq"":0,""targetSamples"":0,""sampleIntervalMs"":500,""maxDurationMs"":0,""useFanIntake"":true,""fanOnMs"":1000,""postFanSettleMs"":0,""nullingProfileId"":9,""queuePending"":0,""queueCapacity"":16,""queueEnqueued"":0,""queueDropped"":0,""publishFailCount"":0,""retryCount"":0,""retryFailCount"":0,""rejectedSamples"":0,""lastRejectReason"":""none"",""lastRejectChannel"":-1,""lastRejectOkFiniteCount"":0,""lastRejectStatus"":255,""lastRejectGain"":0,""lastRejectSaturated"":false},""recovery"":{""wifiReconnectCount"":0,""wifiReconnectFailCount"":0,""mqttReconnectCount"":0,""mqttConnectFailCount"":0,""lastMqttState"":0,""adsRecoveryCount"":0,""adsRecoveryFailCount"":0,""adsReadFailStreak"":0,""lastReason"":""none"",""lastRecoveryMs"":0,""bootRecoveryArmed"":false,""bootRecoveryDueMs"":0,""bootRecoveryReason"":""none"",""bootRecoveryNonAdsFailure"":false,""bootRecoveryRestartCount"":0},""nulling"":{""done"":false,""retryArmed"":false,""attemptCount"":0,""nextRetryMs"":0,""thresholdV"":9.999999747E-06,""minFinalV"":0},""telemetry"":{""valid"":true,""sampleMs"":14073202,""gasClass"":6,""gasName"":""CO2"",""confidence"":0,""alarm"":false,""sensorVoltage"":[-0.000457375,0.004461555,0.005400077,-0.002598653,-0.009485808,-0.012404609,-0.020527737,-0.02671488],""sensorGain"":[64,64,64,64,64,64,64,64],""sensorStatus"":[0,0,0,0,0,0,0,0],""featureOrder"":[""MQ8"",""MQ135"",""MQ3"",""MQ5"",""MQ4"",""MQ7"",""MQ6"",""MQ2""]},""alarmLatched"":false}"
"2026-08-04 13:15:38.282 +07:00","292.0984997","RECOVERY_100_AFTER_65","RECOVERY","100","1000","0","1","0","-0.000921093","0.004455146","0.005417499","-0.002588414","-0.009493931","-0.012402571","-0.020521227","-0.026726285","{""deviceId"":""1001"",""nodeId"":4097,""targetChId"":""0010"",""mode"":""inference"",""uptimeMs"":14074382,""debugEnabled"":true,""power"":{""mode"":""24v"",""externalPower"":true,""batteryMv"":65535,""batteryValid"":false,""batteryDetected"":false,""batterySenseStatus"":""not_detected"",""batteryLow"":false,""batteryCritical"":false,""sourceAmbiguous"":false,""serviceHoldActive"":false,""serviceHoldEffective"":false},""batterySession"":{""state"":""inactive"",""startedMs"":0,""stateStartedMs"":0,""validSampleBatches"":0,""requiredSampleBatches"":10,""alarmTxAttempts"":0,""alarmTxAttemptLimit"":3,""alarmAckReceived"":false,""pendingAlarm"":false,""pendingSaveRequired"":false,""persistenceFaultHold"":false,""completionReason"":""session_done""},""bootHealth"":{""adsReady"":true,""adsDrdyLevel"":0,""adsDrdyPulldownLevel"":0,""adsDrdyPullupLevel"":0,""adsMisoPulldownLevel"":0,""adsMisoPullupLevel"":1,""adsCsLevel"":1,""adsSyncLevel"":1,""adsStatus"":54,""adsMux"":15,""adsAdcon"":6,""adsDrate"":240,""adsReason"":""ok"",""tcaOk"":true,""mcpOkCount"":8,""mcpOk"":[true,true,true,true,true,true,true,true],""mcpAddrMask"":[1,1,1,1,1,1,1,1],""mcpControlTested"":true,""mcpControlOkCount"":8,""mcpControlOk"":[true,true,true,true,true,true,true,true],""dacReady"":true,""radioReady"":true,""mlReady"":true,""nullingProfileApplied"":true,""modelProfileReady"":false},""runtimeMcpCode"":[255,519,795,706,799,865,665,139],""model"":{""profileId"":""cnn-dualbranch-datasheet-v1-unbound"",""scalerProfileId"":""cnn-dualbranch-datasheet-v1-unbound"",""productionApproved"":true,""boundNullingProfileId"":8,""activeNullingProfileId"":9,""bindingValid"":true,""bindingModelMatches"":true,""profileReady"":false,""inferenceValid"":false,""sensorFault"":true},""lora"":{""beginState"":0,""lastTxState"":0,""lastTxOk"":false,""txSeq"":0,""txCounter"":0,""aesKeyProvisioned"":true,""aesKeyPresent"":true,""aesKeySource"":""nvs"",""keyId"":1,""lastDownlinkCommandId"":0,""freqMHz"":920,""bwKHz"":125,""sf"":7,""cr"":5,""syncWord"":18,""txPowerDbm"":17,""preamble"":8,""tcxoVoltage"":1.600000024,""xtalVoltage"":0},""dataset"":{""state"":""idle"",""step"":""idle"",""label"":"""",""seq"":0,""targetSamples"":0,""sampleIntervalMs"":500,""maxDurationMs"":0,""useFanIntake"":true,""fanOnMs"":1000,""postFanSettleMs"":0,""nullingProfileId"":9,""queuePending"":0,""queueCapacity"":16,""queueEnqueued"":0,""queueDropped"":0,""publishFailCount"":0,""retryCount"":0,""retryFailCount"":0,""rejectedSamples"":0,""lastRejectReason"":""none"",""lastRejectChannel"":-1,""lastRejectOkFiniteCount"":0,""lastRejectStatus"":255,""lastRejectGain"":0,""lastRejectSaturated"":false},""recovery"":{""wifiReconnectCount"":0,""wifiReconnectFailCount"":0,""mqttReconnectCount"":0,""mqttConnectFailCount"":0,""lastMqttState"":0,""adsRecoveryCount"":0,""adsRecoveryFailCount"":0,""adsReadFailStreak"":0,""lastReason"":""none"",""lastRecoveryMs"":0,""bootRecoveryArmed"":false,""bootRecoveryDueMs"":0,""bootRecoveryReason"":""none"",""bootRecoveryNonAdsFailure"":false,""bootRecoveryRestartCount"":0},""nulling"":{""done"":false,""retryArmed"":false,""attemptCount"":0,""nextRetryMs"":0,""thresholdV"":9.999999747E-06,""minFinalV"":0},""telemetry"":{""valid"":true,""sampleMs"":14073876,""gasClass"":6,""gasName"":""CO2"",""confidence"":0,""alarm"":false,""sensorVoltage"":[-0.000921093,0.004455146,0.005417499,-0.002588414,-0.009493931,-0.012402571,-0.020521227,-0.026726285],""sensorGain"":[64,64,64,64,64,64,64,64],""sensorStatus"":[0,0,0,0,0,0,0,0],""featureOrder"":[""MQ8"",""MQ135"",""MQ3"",""MQ5"",""MQ4"",""MQ7"",""MQ6"",""MQ2""]},""alarmLatched"":false}"
"2026-08-04 13:15:38.964 +07:00","292.7804284","RECOVERY_100_AFTER_65","RECOVERY","100","1000","0","1","0","-0.000924779","0.004435493","0.005435074","-0.00265384","-0.009493717","-0.012373438","-0.020525338","-0.026724238","{""deviceId"":""1001"",""nodeId"":4097,""targetChId"":""0010"",""mode"":""inference"",""uptimeMs"":14075064,""debugEnabled"":true,""power"":{""mode"":""24v"",""externalPower"":true,""batteryMv"":65535,""batteryValid"":false,""batteryDetected"":false,""batterySenseStatus"":""not_detected"",""batteryLow"":false,""batteryCritical"":false,""sourceAmbiguous"":false,""serviceHoldActive"":false,""serviceHoldEffective"":false},""batterySession"":{""state"":""inactive"",""startedMs"":0,""stateStartedMs"":0,""validSampleBatches"":0,""requiredSampleBatches"":10,""alarmTxAttempts"":0,""alarmTxAttemptLimit"":3,""alarmAckReceived"":false,""pendingAlarm"":false,""pendingSaveRequired"":false,""persistenceFaultHold"":false,""completionReason"":""session_done""},""bootHealth"":{""adsReady"":true,""adsDrdyLevel"":0,""adsDrdyPulldownLevel"":0,""adsDrdyPullupLevel"":0,""adsMisoPulldownLevel"":0,""adsMisoPullupLevel"":1,""adsCsLevel"":1,""adsSyncLevel"":1,""adsStatus"":54,""adsMux"":15,""adsAdcon"":6,""adsDrate"":240,""adsReason"":""ok"",""tcaOk"":true,""mcpOkCount"":8,""mcpOk"":[true,true,true,true,true,true,true,true],""mcpAddrMask"":[1,1,1,1,1,1,1,1],""mcpControlTested"":true,""mcpControlOkCount"":8,""mcpControlOk"":[true,true,true,true,true,true,true,true],""dacReady"":true,""radioReady"":true,""mlReady"":true,""nullingProfileApplied"":true,""modelProfileReady"":false},""runtimeMcpCode"":[255,519,795,706,799,865,665,139],""model"":{""profileId"":""cnn-dualbranch-datasheet-v1-unbound"",""scalerProfileId"":""cnn-dualbranch-datasheet-v1-unbound"",""productionApproved"":true,""boundNullingProfileId"":8,""activeNullingProfileId"":9,""bindingValid"":true,""bindingModelMatches"":true,""profileReady"":false,""inferenceValid"":false,""sensorFault"":true},""lora"":{""beginState"":0,""lastTxState"":0,""lastTxOk"":false,""txSeq"":0,""txCounter"":0,""aesKeyProvisioned"":true,""aesKeyPresent"":true,""aesKeySource"":""nvs"",""keyId"":1,""lastDownlinkCommandId"":0,""freqMHz"":920,""bwKHz"":125,""sf"":7,""cr"":5,""syncWord"":18,""txPowerDbm"":17,""preamble"":8,""tcxoVoltage"":1.600000024,""xtalVoltage"":0},""dataset"":{""state"":""idle"",""step"":""idle"",""label"":"""",""seq"":0,""targetSamples"":0,""sampleIntervalMs"":500,""maxDurationMs"":0,""useFanIntake"":true,""fanOnMs"":1000,""postFanSettleMs"":0,""nullingProfileId"":9,""queuePending"":0,""queueCapacity"":16,""queueEnqueued"":0,""queueDropped"":0,""publishFailCount"":0,""retryCount"":0,""retryFailCount"":0,""rejectedSamples"":0,""lastRejectReason"":""none"",""lastRejectChannel"":-1,""lastRejectOkFiniteCount"":0,""lastRejectStatus"":255,""lastRejectGain"":0,""lastRejectSaturated"":false},""recovery"":{""wifiReconnectCount"":0,""wifiReconnectFailCount"":0,""mqttReconnectCount"":0,""mqttConnectFailCount"":0,""lastMqttState"":0,""adsRecoveryCount"":0,""adsRecoveryFailCount"":0,""adsReadFailStreak"":0,""lastReason"":""none"",""lastRecoveryMs"":0,""bootRecoveryArmed"":false,""bootRecoveryDueMs"":0,""bootRecoveryReason"":""none"",""bootRecoveryNonAdsFailure"":false,""bootRecoveryRestartCount"":0},""nulling"":{""done"":false,""retryArmed"":false,""attemptCount"":0,""nextRetryMs"":0,""thresholdV"":9.999999747E-06,""minFinalV"":0},""telemetry"":{""valid"":true,""sampleMs"":14074707,""gasClass"":6,""gasName"":""CO2"",""confidence"":0,""alarm"":false,""sensorVoltage"":[-0.000924779,0.004435493,0.005435074,-0.00265384,-0.009493717,-0.012373438,-0.020525338,-0.026724238],""sensorGain"":[64,64,64,64,64,64,64,64],""sensorStatus"":[0,0,0,0,0,0,0,0],""featureOrder"":[""MQ8"",""MQ135"",""MQ3"",""MQ5"",""MQ4"",""MQ7"",""MQ6"",""MQ2""]},""alarmLatched"":false}"
"2026-08-04 13:15:39.665 +07:00","293.4806572","RECOVERY_100_AFTER_65","RECOVERY","100","1000","0","1","0","-0.000948075","0.004425001","0.005415496","-0.002692451","-0.009497653","-0.012339821","-0.020525629","-0.026699031","{""deviceId"":""1001"",""nodeId"":4097,""targetChId"":""0010"",""mode"":""inference"",""uptimeMs"":14075764,""debugEnabled"":true,""power"":{""mode"":""24v"",""externalPower"":true,""batteryMv"":65535,""batteryValid"":false,""batteryDetected"":false,""batterySenseStatus"":""not_detected"",""batteryLow"":false,""batteryCritical"":false,""sourceAmbiguous"":false,""serviceHoldActive"":false,""serviceHoldEffective"":false},""batterySession"":{""state"":""inactive"",""startedMs"":0,""stateStartedMs"":0,""validSampleBatches"":0,""requiredSampleBatches"":10,""alarmTxAttempts"":0,""alarmTxAttemptLimit"":3,""alarmAckReceived"":false,""pendingAlarm"":false,""pendingSaveRequired"":false,""persistenceFaultHold"":false,""completionReason"":""session_done""},""bootHealth"":{""adsReady"":true,""adsDrdyLevel"":0,""adsDrdyPulldownLevel"":0,""adsDrdyPullupLevel"":0,""adsMisoPulldownLevel"":0,""adsMisoPullupLevel"":1,""adsCsLevel"":1,""adsSyncLevel"":1,""adsStatus"":54,""adsMux"":15,""adsAdcon"":6,""adsDrate"":240,""adsReason"":""ok"",""tcaOk"":true,""mcpOkCount"":8,""mcpOk"":[true,true,true,true,true,true,true,true],""mcpAddrMask"":[1,1,1,1,1,1,1,1],""mcpControlTested"":true,""mcpControlOkCount"":8,""mcpControlOk"":[true,true,true,true,true,true,true,true],""dacReady"":true,""radioReady"":true,""mlReady"":true,""nullingProfileApplied"":true,""modelProfileReady"":false},""runtimeMcpCode"":[255,519,795,706,799,865,665,139],""model"":{""profileId"":""cnn-dualbranch-datasheet-v1-unbound"",""scalerProfileId"":""cnn-dualbranch-datasheet-v1-unbound"",""productionApproved"":true,""boundNullingProfileId"":8,""activeNullingProfileId"":9,""bindingValid"":true,""bindingModelMatches"":true,""profileReady"":false,""inferenceValid"":false,""sensorFault"":true},""lora"":{""beginState"":0,""lastTxState"":0,""lastTxOk"":false,""txSeq"":0,""txCounter"":0,""aesKeyProvisioned"":true,""aesKeyPresent"":true,""aesKeySource"":""nvs"",""keyId"":1,""lastDownlinkCommandId"":0,""freqMHz"":920,""bwKHz"":125,""sf"":7,""cr"":5,""syncWord"":18,""txPowerDbm"":17,""preamble"":8,""tcxoVoltage"":1.600000024,""xtalVoltage"":0},""dataset"":{""state"":""idle"",""step"":""idle"",""label"":"""",""seq"":0,""targetSamples"":0,""sampleIntervalMs"":500,""maxDurationMs"":0,""useFanIntake"":true,""fanOnMs"":1000,""postFanSettleMs"":0,""nullingProfileId"":9,""queuePending"":0,""queueCapacity"":16,""queueEnqueued"":0,""queueDropped"":0,""publishFailCount"":0,""retryCount"":0,""retryFailCount"":0,""rejectedSamples"":0,""lastRejectReason"":""none"",""lastRejectChannel"":-1,""lastRejectOkFiniteCount"":0,""lastRejectStatus"":255,""lastRejectGain"":0,""lastRejectSaturated"":false},""recovery"":{""wifiReconnectCount"":0,""wifiReconnectFailCount"":0,""mqttReconnectCount"":0,""mqttConnectFailCount"":0,""lastMqttState"":0,""adsRecoveryCount"":0,""adsRecoveryFailCount"":0,""adsReadFailStreak"":0,""lastReason"":""none"",""lastRecoveryMs"":0,""bootRecoveryArmed"":false,""bootRecoveryDueMs"":0,""bootRecoveryReason"":""none"",""bootRecoveryNonAdsFailure"":false,""bootRecoveryRestartCount"":0},""nulling"":{""done"":false,""retryArmed"":false,""attemptCount"":0,""nextRetryMs"":0,""thresholdV"":9.999999747E-06,""minFinalV"":0},""telemetry"":{""valid"":true,""sampleMs"":14075342,""gasClass"":6,""gasName"":""CO2"",""confidence"":0,""alarm"":false,""sensorVoltage"":[-0.000948075,0.004425001,0.005415496,-0.002692451,-0.009497653,-0.012339821,-0.020525629,-0.026699031],""sensorGain"":[64,64,64,64,64,64,64,64],""sensorStatus"":[0,0,0,0,0,0,0,0],""featureOrder"":[""MQ8"",""MQ135"",""MQ3"",""MQ5"",""MQ4"",""MQ7"",""MQ6"",""MQ2""]},""alarmLatched"":false}"
"2026-08-04 13:15:40.363 +07:00","294.1786964","RECOVERY_100_AFTER_65","RECOVERY","100","1000","0","1","0","-0.000954732","0.004417743","0.005383329","-0.002717771","-0.009509942","-0.012320431","-0.020531546","-0.026699036","{""deviceId"":""1001"",""nodeId"":4097,""targetChId"":""0010"",""mode"":""inference"",""uptimeMs"":14076462,""debugEnabled"":true,""power"":{""mode"":""24v"",""externalPower"":true,""batteryMv"":65535,""batteryValid"":false,""batteryDetected"":false,""batterySenseStatus"":""not_detected"",""batteryLow"":false,""batteryCritical"":false,""sourceAmbiguous"":false,""serviceHoldActive"":false,""serviceHoldEffective"":false},""batterySession"":{""state"":""inactive"",""startedMs"":0,""stateStartedMs"":0,""validSampleBatches"":0,""requiredSampleBatches"":10,""alarmTxAttempts"":0,""alarmTxAttemptLimit"":3,""alarmAckReceived"":false,""pendingAlarm"":false,""pendingSaveRequired"":false,""persistenceFaultHold"":false,""completionReason"":""session_done""},""bootHealth"":{""adsReady"":true,""adsDrdyLevel"":0,""adsDrdyPulldownLevel"":0,""adsDrdyPullupLevel"":0,""adsMisoPulldownLevel"":0,""adsMisoPullupLevel"":1,""adsCsLevel"":1,""adsSyncLevel"":1,""adsStatus"":54,""adsMux"":15,""adsAdcon"":6,""adsDrate"":240,""adsReason"":""ok"",""tcaOk"":true,""mcpOkCount"":8,""mcpOk"":[true,true,true,true,true,true,true,true],""mcpAddrMask"":[1,1,1,1,1,1,1,1],""mcpControlTested"":true,""mcpControlOkCount"":8,""mcpControlOk"":[true,true,true,true,true,true,true,true],""dacReady"":true,""radioReady"":true,""mlReady"":true,""nullingProfileApplied"":true,""modelProfileReady"":false},""runtimeMcpCode"":[255,519,795,706,799,865,665,139],""model"":{""profileId"":""cnn-dualbranch-datasheet-v1-unbound"",""scalerProfileId"":""cnn-dualbranch-datasheet-v1-unbound"",""productionApproved"":true,""boundNullingProfileId"":8,""activeNullingProfileId"":9,""bindingValid"":true,""bindingModelMatches"":true,""profileReady"":false,""inferenceValid"":false,""sensorFault"":true},""lora"":{""beginState"":0,""lastTxState"":0,""lastTxOk"":false,""txSeq"":0,""txCounter"":0,""aesKeyProvisioned"":true,""aesKeyPresent"":true,""aesKeySource"":""nvs"",""keyId"":1,""lastDownlinkCommandId"":0,""freqMHz"":920,""bwKHz"":125,""sf"":7,""cr"":5,""syncWord"":18,""txPowerDbm"":17,""preamble"":8,""tcxoVoltage"":1.600000024,""xtalVoltage"":0},""dataset"":{""state"":""idle"",""step"":""idle"",""label"":"""",""seq"":0,""targetSamples"":0,""sampleIntervalMs"":500,""maxDurationMs"":0,""useFanIntake"":true,""fanOnMs"":1000,""postFanSettleMs"":0,""nullingProfileId"":9,""queuePending"":0,""queueCapacity"":16,""queueEnqueued"":0,""queueDropped"":0,""publishFailCount"":0,""retryCount"":0,""retryFailCount"":0,""rejectedSamples"":0,""lastRejectReason"":""none"",""lastRejectChannel"":-1,""lastRejectOkFiniteCount"":0,""lastRejectStatus"":255,""lastRejectGain"":0,""lastRejectSaturated"":false},""recovery"":{""wifiReconnectCount"":0,""wifiReconnectFailCount"":0,""mqttReconnectCount"":0,""mqttConnectFailCount"":0,""lastMqttState"":0,""adsRecoveryCount"":0,""adsRecoveryFailCount"":0,""adsReadFailStreak"":0,""lastReason"":""none"",""lastRecoveryMs"":0,""bootRecoveryArmed"":false,""bootRecoveryDueMs"":0,""bootRecoveryReason"":""none"",""bootRecoveryNonAdsFailure"":false,""bootRecoveryRestartCount"":0},""nulling"":{""done"":false,""retryArmed"":false,""attemptCount"":0,""nextRetryMs"":0,""thresholdV"":9.999999747E-06,""minFinalV"":0},""telemetry"":{""valid"":true,""sampleMs"":14076052,""gasClass"":6,""gasName"":""CO2"",""confidence"":0,""alarm"":false,""sensorVoltage"":[-0.000954732,0.004417743,0.005383329,-0.002717771,-0.009509942,-0.012320431,-0.020531546,-0.026699036],""sensorGain"":[64,64,64,64,64,64,64,64],""sensorStatus"":[0,0,0,0,0,0,0,0],""featureOrder"":[""MQ8"",""MQ135"",""MQ3"",""MQ5"",""MQ4"",""MQ7"",""MQ6"",""MQ2""]},""alarmLatched"":false}"
"2026-08-04 13:15:41.046 +07:00","294.8619997","RECOVERY_100_AFTER_65","RECOVERY","100","1000","0","1","0","-0.000982224","0.0044293859999999996","0.005397859","-0.002706583","-0.009493562","-0.012288663","-0.020543735","-0.026657263","{""deviceId"":""1001"",""nodeId"":4097,""targetChId"":""0010"",""mode"":""inference"",""uptimeMs"":14077146,""debugEnabled"":true,""power"":{""mode"":""24v"",""externalPower"":true,""batteryMv"":65535,""batteryValid"":false,""batteryDetected"":false,""batterySenseStatus"":""not_detected"",""batteryLow"":false,""batteryCritical"":false,""sourceAmbiguous"":false,""serviceHoldActive"":false,""serviceHoldEffective"":false},""batterySession"":{""state"":""inactive"",""startedMs"":0,""stateStartedMs"":0,""validSampleBatches"":0,""requiredSampleBatches"":10,""alarmTxAttempts"":0,""alarmTxAttemptLimit"":3,""alarmAckReceived"":false,""pendingAlarm"":false,""pendingSaveRequired"":false,""persistenceFaultHold"":false,""completionReason"":""session_done""},""bootHealth"":{""adsReady"":true,""adsDrdyLevel"":0,""adsDrdyPulldownLevel"":0,""adsDrdyPullupLevel"":0,""adsMisoPulldownLevel"":0,""adsMisoPullupLevel"":1,""adsCsLevel"":1,""adsSyncLevel"":1,""adsStatus"":54,""adsMux"":15,""adsAdcon"":6,""adsDrate"":240,""adsReason"":""ok"",""tcaOk"":true,""mcpOkCount"":8,""mcpOk"":[true,true,true,true,true,true,true,true],""mcpAddrMask"":[1,1,1,1,1,1,1,1],""mcpControlTested"":true,""mcpControlOkCount"":8,""mcpControlOk"":[true,true,true,true,true,true,true,true],""dacReady"":true,""radioReady"":true,""mlReady"":true,""nullingProfileApplied"":true,""modelProfileReady"":false},""runtimeMcpCode"":[255,519,795,706,799,865,665,139],""model"":{""profileId"":""cnn-dualbranch-datasheet-v1-unbound"",""scalerProfileId"":""cnn-dualbranch-datasheet-v1-unbound"",""productionApproved"":true,""boundNullingProfileId"":8,""activeNullingProfileId"":9,""bindingValid"":true,""bindingModelMatches"":true,""profileReady"":false,""inferenceValid"":false,""sensorFault"":true},""lora"":{""beginState"":0,""lastTxState"":0,""lastTxOk"":false,""txSeq"":0,""txCounter"":0,""aesKeyProvisioned"":true,""aesKeyPresent"":true,""aesKeySource"":""nvs"",""keyId"":1,""lastDownlinkCommandId"":0,""freqMHz"":920,""bwKHz"":125,""sf"":7,""cr"":5,""syncWord"":18,""txPowerDbm"":17,""preamble"":8,""tcxoVoltage"":1.600000024,""xtalVoltage"":0},""dataset"":{""state"":""idle"",""step"":""idle"",""label"":"""",""seq"":0,""targetSamples"":0,""sampleIntervalMs"":500,""maxDurationMs"":0,""useFanIntake"":true,""fanOnMs"":1000,""postFanSettleMs"":0,""nullingProfileId"":9,""queuePending"":0,""queueCapacity"":16,""queueEnqueued"":0,""queueDropped"":0,""publishFailCount"":0,""retryCount"":0,""retryFailCount"":0,""rejectedSamples"":0,""lastRejectReason"":""none"",""lastRejectChannel"":-1,""lastRejectOkFiniteCount"":0,""lastRejectStatus"":255,""lastRejectGain"":0,""lastRejectSaturated"":false},""recovery"":{""wifiReconnectCount"":0,""wifiReconnectFailCount"":0,""mqttReconnectCount"":0,""mqttConnectFailCount"":0,""lastMqttState"":0,""adsRecoveryCount"":0,""adsRecoveryFailCount"":0,""adsReadFailStreak"":0,""lastReason"":""none"",""lastRecoveryMs"":0,""bootRecoveryArmed"":false,""bootRecoveryDueMs"":0,""bootRecoveryReason"":""none"",""bootRecoveryNonAdsFailure"":false,""bootRecoveryRestartCount"":0},""nulling"":{""done"":false,""retryArmed"":false,""attemptCount"":0,""nextRetryMs"":0,""thresholdV"":9.999999747E-06,""minFinalV"":0},""telemetry"":{""valid"":true,""sampleMs"":14076782,""gasClass"":6,""gasName"":""CO2"",""confidence"":0,""alarm"":false,""sensorVoltage"":[-0.000982224,0.004429386,0.005397859,-0.002706583,-0.009493562,-0.012288663,-0.020543735,-0.026657263],""sensorGain"":[64,64,64,64,64,64,64,64],""sensorStatus"":[0,0,0,0,0,0,0,0],""featureOrder"":[""MQ8"",""MQ135"",""MQ3"",""MQ5"",""MQ4"",""MQ7"",""MQ6"",""MQ2""]},""alarmLatched"":false}"
"2026-08-04 13:15:41.730 +07:00","295.54619759999997","RECOVERY_100_AFTER_65","RECOVERY","100","1000","0","1","0","-0.000974925","0.004474939","0.005477457","-0.002686692","-0.009533266","-0.012220643","-0.020545747","-0.026739176","{""deviceId"":""1001"",""nodeId"":4097,""targetChId"":""0010"",""mode"":""inference"",""uptimeMs"":14077829,""debugEnabled"":true,""power"":{""mode"":""24v"",""externalPower"":true,""batteryMv"":65535,""batteryValid"":false,""batteryDetected"":false,""batterySenseStatus"":""not_detected"",""batteryLow"":false,""batteryCritical"":false,""sourceAmbiguous"":false,""serviceHoldActive"":false,""serviceHoldEffective"":false},""batterySession"":{""state"":""inactive"",""startedMs"":0,""stateStartedMs"":0,""validSampleBatches"":0,""requiredSampleBatches"":10,""alarmTxAttempts"":0,""alarmTxAttemptLimit"":3,""alarmAckReceived"":false,""pendingAlarm"":false,""pendingSaveRequired"":false,""persistenceFaultHold"":false,""completionReason"":""session_done""},""bootHealth"":{""adsReady"":true,""adsDrdyLevel"":0,""adsDrdyPulldownLevel"":0,""adsDrdyPullupLevel"":0,""adsMisoPulldownLevel"":0,""adsMisoPullupLevel"":1,""adsCsLevel"":1,""adsSyncLevel"":1,""adsStatus"":54,""adsMux"":15,""adsAdcon"":6,""adsDrate"":240,""adsReason"":""ok"",""tcaOk"":true,""mcpOkCount"":8,""mcpOk"":[true,true,true,true,true,true,true,true],""mcpAddrMask"":[1,1,1,1,1,1,1,1],""mcpControlTested"":true,""mcpControlOkCount"":8,""mcpControlOk"":[true,true,true,true,true,true,true,true],""dacReady"":true,""radioReady"":true,""mlReady"":true,""nullingProfileApplied"":true,""modelProfileReady"":false},""runtimeMcpCode"":[255,519,795,706,799,865,665,139],""model"":{""profileId"":""cnn-dualbranch-datasheet-v1-unbound"",""scalerProfileId"":""cnn-dualbranch-datasheet-v1-unbound"",""productionApproved"":true,""boundNullingProfileId"":8,""activeNullingProfileId"":9,""bindingValid"":true,""bindingModelMatches"":true,""profileReady"":false,""inferenceValid"":false,""sensorFault"":true},""lora"":{""beginState"":0,""lastTxState"":0,""lastTxOk"":false,""txSeq"":0,""txCounter"":0,""aesKeyProvisioned"":true,""aesKeyPresent"":true,""aesKeySource"":""nvs"",""keyId"":1,""lastDownlinkCommandId"":0,""freqMHz"":920,""bwKHz"":125,""sf"":7,""cr"":5,""syncWord"":18,""txPowerDbm"":17,""preamble"":8,""tcxoVoltage"":1.600000024,""xtalVoltage"":0},""dataset"":{""state"":""idle"",""step"":""idle"",""label"":"""",""seq"":0,""targetSamples"":0,""sampleIntervalMs"":500,""maxDurationMs"":0,""useFanIntake"":true,""fanOnMs"":1000,""postFanSettleMs"":0,""nullingProfileId"":9,""queuePending"":0,""queueCapacity"":16,""queueEnqueued"":0,""queueDropped"":0,""publishFailCount"":0,""retryCount"":0,""retryFailCount"":0,""rejectedSamples"":0,""lastRejectReason"":""none"",""lastRejectChannel"":-1,""lastRejectOkFiniteCount"":0,""lastRejectStatus"":255,""lastRejectGain"":0,""lastRejectSaturated"":false},""recovery"":{""wifiReconnectCount"":0,""wifiReconnectFailCount"":0,""mqttReconnectCount"":0,""mqttConnectFailCount"":0,""lastMqttState"":0,""adsRecoveryCount"":0,""adsRecoveryFailCount"":0,""adsReadFailStreak"":0,""lastReason"":""none"",""lastRecoveryMs"":0,""bootRecoveryArmed"":false,""bootRecoveryDueMs"":0,""bootRecoveryReason"":""none"",""bootRecoveryNonAdsFailure"":false,""bootRecoveryRestartCount"":0},""nulling"":{""done"":false,""retryArmed"":false,""attemptCount"":0,""nextRetryMs"":0,""thresholdV"":9.999999747E-06,""minFinalV"":0},""telemetry"":{""valid"":true,""sampleMs"":14077434,""gasClass"":6,""gasName"":""CO2"",""confidence"":0,""alarm"":false,""sensorVoltage"":[-0.000974925,0.004474939,0.005477457,-0.002686692,-0.009533266,-0.012220643,-0.020545747,-0.026739176],""sensorGain"":[64,64,64,64,64,64,64,64],""sensorStatus"":[0,0,0,0,0,0,0,0],""featureOrder"":[""MQ8"",""MQ135"",""MQ3"",""MQ5"",""MQ4"",""MQ7"",""MQ6"",""MQ2""]},""alarmLatched"":false}"
"2026-08-04 13:15:42.429 +07:00","296.2454443","RECOVERY_100_AFTER_65","RECOVERY","100","1000","0","1","0","-0.000985053","0.004514192","0.005423192","-0.002673494","-0.009524668","-0.012224553","-0.020550672","-0.026714291","{""deviceId"":""1001"",""nodeId"":4097,""targetChId"":""0010"",""mode"":""inference"",""uptimeMs"":14078529,""debugEnabled"":true,""power"":{""mode"":""24v"",""externalPower"":true,""batteryMv"":65535,""batteryValid"":false,""batteryDetected"":false,""batterySenseStatus"":""not_detected"",""batteryLow"":false,""batteryCritical"":false,""sourceAmbiguous"":false,""serviceHoldActive"":false,""serviceHoldEffective"":false},""batterySession"":{""state"":""inactive"",""startedMs"":0,""stateStartedMs"":0,""validSampleBatches"":0,""requiredSampleBatches"":10,""alarmTxAttempts"":0,""alarmTxAttemptLimit"":3,""alarmAckReceived"":false,""pendingAlarm"":false,""pendingSaveRequired"":false,""persistenceFaultHold"":false,""completionReason"":""session_done""},""bootHealth"":{""adsReady"":true,""adsDrdyLevel"":0,""adsDrdyPulldownLevel"":0,""adsDrdyPullupLevel"":0,""adsMisoPulldownLevel"":0,""adsMisoPullupLevel"":1,""adsCsLevel"":1,""adsSyncLevel"":1,""adsStatus"":54,""adsMux"":15,""adsAdcon"":6,""adsDrate"":240,""adsReason"":""ok"",""tcaOk"":true,""mcpOkCount"":8,""mcpOk"":[true,true,true,true,true,true,true,true],""mcpAddrMask"":[1,1,1,1,1,1,1,1],""mcpControlTested"":true,""mcpControlOkCount"":8,""mcpControlOk"":[true,true,true,true,true,true,true,true],""dacReady"":true,""radioReady"":true,""mlReady"":true,""nullingProfileApplied"":true,""modelProfileReady"":false},""runtimeMcpCode"":[255,519,795,706,799,865,665,139],""model"":{""profileId"":""cnn-dualbranch-datasheet-v1-unbound"",""scalerProfileId"":""cnn-dualbranch-datasheet-v1-unbound"",""productionApproved"":true,""boundNullingProfileId"":8,""activeNullingProfileId"":9,""bindingValid"":true,""bindingModelMatches"":true,""profileReady"":false,""inferenceValid"":false,""sensorFault"":true},""lora"":{""beginState"":0,""lastTxState"":0,""lastTxOk"":false,""txSeq"":0,""txCounter"":0,""aesKeyProvisioned"":true,""aesKeyPresent"":true,""aesKeySource"":""nvs"",""keyId"":1,""lastDownlinkCommandId"":0,""freqMHz"":920,""bwKHz"":125,""sf"":7,""cr"":5,""syncWord"":18,""txPowerDbm"":17,""preamble"":8,""tcxoVoltage"":1.600000024,""xtalVoltage"":0},""dataset"":{""state"":""idle"",""step"":""idle"",""label"":"""",""seq"":0,""targetSamples"":0,""sampleIntervalMs"":500,""maxDurationMs"":0,""useFanIntake"":true,""fanOnMs"":1000,""postFanSettleMs"":0,""nullingProfileId"":9,""queuePending"":0,""queueCapacity"":16,""queueEnqueued"":0,""queueDropped"":0,""publishFailCount"":0,""retryCount"":0,""retryFailCount"":0,""rejectedSamples"":0,""lastRejectReason"":""none"",""lastRejectChannel"":-1,""lastRejectOkFiniteCount"":0,""lastRejectStatus"":255,""lastRejectGain"":0,""lastRejectSaturated"":false},""recovery"":{""wifiReconnectCount"":0,""wifiReconnectFailCount"":0,""mqttReconnectCount"":0,""mqttConnectFailCount"":0,""lastMqttState"":0,""adsRecoveryCount"":0,""adsRecoveryFailCount"":0,""adsReadFailStreak"":0,""lastReason"":""none"",""lastRecoveryMs"":0,""bootRecoveryArmed"":false,""bootRecoveryDueMs"":0,""bootRecoveryReason"":""none"",""bootRecoveryNonAdsFailure"":false,""bootRecoveryRestartCount"":0},""nulling"":{""done"":false,""retryArmed"":false,""attemptCount"":0,""nextRetryMs"":0,""thresholdV"":9.999999747E-06,""minFinalV"":0},""telemetry"":{""valid"":true,""sampleMs"":14078117,""gasClass"":6,""gasName"":""CO2"",""confidence"":0,""alarm"":false,""sensorVoltage"":[-0.000985053,0.004514192,0.005423192,-0.002673494,-0.009524668,-0.012224553,-0.020550672,-0.026714291],""sensorGain"":[64,64,64,64,64,64,64,64],""sensorStatus"":[0,0,0,0,0,0,0,0],""featureOrder"":[""MQ8"",""MQ135"",""MQ3"",""MQ5"",""MQ4"",""MQ7"",""MQ6"",""MQ2""]},""alarmLatched"":false}"
"2026-08-04 13:15:43.114 +07:00","296.93001849999996","RECOVERY_100_AFTER_65","RECOVERY","100","1000","0","1","0","-0.001012097","0.004506527","0.005439989","-0.002687207","-0.009931734","-0.012171253","-0.020512275","-0.026756454","{""deviceId"":""1001"",""nodeId"":4097,""targetChId"":""0010"",""mode"":""inference"",""uptimeMs"":14079212,""debugEnabled"":true,""power"":{""mode"":""24v"",""externalPower"":true,""batteryMv"":65535,""batteryValid"":false,""batteryDetected"":false,""batterySenseStatus"":""not_detected"",""batteryLow"":false,""batteryCritical"":false,""sourceAmbiguous"":false,""serviceHoldActive"":false,""serviceHoldEffective"":false},""batterySession"":{""state"":""inactive"",""startedMs"":0,""stateStartedMs"":0,""validSampleBatches"":0,""requiredSampleBatches"":10,""alarmTxAttempts"":0,""alarmTxAttemptLimit"":3,""alarmAckReceived"":false,""pendingAlarm"":false,""pendingSaveRequired"":false,""persistenceFaultHold"":false,""completionReason"":""session_done""},""bootHealth"":{""adsReady"":true,""adsDrdyLevel"":0,""adsDrdyPulldownLevel"":0,""adsDrdyPullupLevel"":0,""adsMisoPulldownLevel"":0,""adsMisoPullupLevel"":1,""adsCsLevel"":1,""adsSyncLevel"":1,""adsStatus"":54,""adsMux"":15,""adsAdcon"":6,""adsDrate"":240,""adsReason"":""ok"",""tcaOk"":true,""mcpOkCount"":8,""mcpOk"":[true,true,true,true,true,true,true,true],""mcpAddrMask"":[1,1,1,1,1,1,1,1],""mcpControlTested"":true,""mcpControlOkCount"":8,""mcpControlOk"":[true,true,true,true,true,true,true,true],""dacReady"":true,""radioReady"":true,""mlReady"":true,""nullingProfileApplied"":true,""modelProfileReady"":false},""runtimeMcpCode"":[255,519,795,706,799,865,665,139],""model"":{""profileId"":""cnn-dualbranch-datasheet-v1-unbound"",""scalerProfileId"":""cnn-dualbranch-datasheet-v1-unbound"",""productionApproved"":true,""boundNullingProfileId"":8,""activeNullingProfileId"":9,""bindingValid"":true,""bindingModelMatches"":true,""profileReady"":false,""inferenceValid"":false,""sensorFault"":true},""lora"":{""beginState"":0,""lastTxState"":0,""lastTxOk"":false,""txSeq"":0,""txCounter"":0,""aesKeyProvisioned"":true,""aesKeyPresent"":true,""aesKeySource"":""nvs"",""keyId"":1,""lastDownlinkCommandId"":0,""freqMHz"":920,""bwKHz"":125,""sf"":7,""cr"":5,""syncWord"":18,""txPowerDbm"":17,""preamble"":8,""tcxoVoltage"":1.600000024,""xtalVoltage"":0},""dataset"":{""state"":""idle"",""step"":""idle"",""label"":"""",""seq"":0,""targetSamples"":0,""sampleIntervalMs"":500,""maxDurationMs"":0,""useFanIntake"":true,""fanOnMs"":1000,""postFanSettleMs"":0,""nullingProfileId"":9,""queuePending"":0,""queueCapacity"":16,""queueEnqueued"":0,""queueDropped"":0,""publishFailCount"":0,""retryCount"":0,""retryFailCount"":0,""rejectedSamples"":0,""lastRejectReason"":""none"",""lastRejectChannel"":-1,""lastRejectOkFiniteCount"":0,""lastRejectStatus"":255,""lastRejectGain"":0,""lastRejectSaturated"":false},""recovery"":{""wifiReconnectCount"":0,""wifiReconnectFailCount"":0,""mqttReconnectCount"":0,""mqttConnectFailCount"":0,""lastMqttState"":0,""adsRecoveryCount"":0,""adsRecoveryFailCount"":0,""adsReadFailStreak"":0,""lastReason"":""none"",""lastRecoveryMs"":0,""bootRecoveryArmed"":false,""bootRecoveryDueMs"":0,""bootRecoveryReason"":""none"",""bootRecoveryNonAdsFailure"":false,""bootRecoveryRestartCount"":0},""nulling"":{""done"":false,""retryArmed"":false,""attemptCount"":0,""nextRetryMs"":0,""thresholdV"":9.999999747E-06,""minFinalV"":0},""telemetry"":{""valid"":true,""sampleMs"":14078849,""gasClass"":6,""gasName"":""CO2"",""confidence"":0,""alarm"":false,""sensorVoltage"":[-0.001012097,0.004506527,0.005439989,-0.002687207,-0.009931734,-0.012171253,-0.020512275,-0.026756454],""sensorGain"":[64,64,64,64,64,64,64,64],""sensorStatus"":[0,0,0,0,0,0,0,0],""featureOrder"":[""MQ8"",""MQ135"",""MQ3"",""MQ5"",""MQ4"",""MQ7"",""MQ6"",""MQ2""]},""alarmLatched"":false}"
"2026-08-04 13:15:43.796 +07:00","297.612551","RECOVERY_100_AFTER_65","RECOVERY","100","1000","0","1","0","-0.001013174","0.00449931","0.005458056","-0.002678329","-0.009958562","-0.012175073","-0.020514198","-0.02674157","{""deviceId"":""1001"",""nodeId"":4097,""targetChId"":""0010"",""mode"":""inference"",""uptimeMs"":14079896,""debugEnabled"":true,""power"":{""mode"":""24v"",""externalPower"":true,""batteryMv"":65535,""batteryValid"":false,""batteryDetected"":false,""batterySenseStatus"":""not_detected"",""batteryLow"":false,""batteryCritical"":false,""sourceAmbiguous"":false,""serviceHoldActive"":false,""serviceHoldEffective"":false},""batterySession"":{""state"":""inactive"",""startedMs"":0,""stateStartedMs"":0,""validSampleBatches"":0,""requiredSampleBatches"":10,""alarmTxAttempts"":0,""alarmTxAttemptLimit"":3,""alarmAckReceived"":false,""pendingAlarm"":false,""pendingSaveRequired"":false,""persistenceFaultHold"":false,""completionReason"":""session_done""},""bootHealth"":{""adsReady"":true,""adsDrdyLevel"":0,""adsDrdyPulldownLevel"":0,""adsDrdyPullupLevel"":0,""adsMisoPulldownLevel"":0,""adsMisoPullupLevel"":1,""adsCsLevel"":1,""adsSyncLevel"":1,""adsStatus"":54,""adsMux"":15,""adsAdcon"":6,""adsDrate"":240,""adsReason"":""ok"",""tcaOk"":true,""mcpOkCount"":8,""mcpOk"":[true,true,true,true,true,true,true,true],""mcpAddrMask"":[1,1,1,1,1,1,1,1],""mcpControlTested"":true,""mcpControlOkCount"":8,""mcpControlOk"":[true,true,true,true,true,true,true,true],""dacReady"":true,""radioReady"":true,""mlReady"":true,""nullingProfileApplied"":true,""modelProfileReady"":false},""runtimeMcpCode"":[255,519,795,706,799,865,665,139],""model"":{""profileId"":""cnn-dualbranch-datasheet-v1-unbound"",""scalerProfileId"":""cnn-dualbranch-datasheet-v1-unbound"",""productionApproved"":true,""boundNullingProfileId"":8,""activeNullingProfileId"":9,""bindingValid"":true,""bindingModelMatches"":true,""profileReady"":false,""inferenceValid"":false,""sensorFault"":true},""lora"":{""beginState"":0,""lastTxState"":0,""lastTxOk"":false,""txSeq"":0,""txCounter"":0,""aesKeyProvisioned"":true,""aesKeyPresent"":true,""aesKeySource"":""nvs"",""keyId"":1,""lastDownlinkCommandId"":0,""freqMHz"":920,""bwKHz"":125,""sf"":7,""cr"":5,""syncWord"":18,""txPowerDbm"":17,""preamble"":8,""tcxoVoltage"":1.600000024,""xtalVoltage"":0},""dataset"":{""state"":""idle"",""step"":""idle"",""label"":"""",""seq"":0,""targetSamples"":0,""sampleIntervalMs"":500,""maxDurationMs"":0,""useFanIntake"":true,""fanOnMs"":1000,""postFanSettleMs"":0,""nullingProfileId"":9,""queuePending"":0,""queueCapacity"":16,""queueEnqueued"":0,""queueDropped"":0,""publishFailCount"":0,""retryCount"":0,""retryFailCount"":0,""rejectedSamples"":0,""lastRejectReason"":""none"",""lastRejectChannel"":-1,""lastRejectOkFiniteCount"":0,""lastRejectStatus"":255,""lastRejectGain"":0,""lastRejectSaturated"":false},""recovery"":{""wifiReconnectCount"":0,""wifiReconnectFailCount"":0,""mqttReconnectCount"":0,""mqttConnectFailCount"":0,""lastMqttState"":0,""adsRecoveryCount"":0,""adsRecoveryFailCount"":0,""adsReadFailStreak"":0,""lastReason"":""none"",""lastRecoveryMs"":0,""bootRecoveryArmed"":false,""bootRecoveryDueMs"":0,""bootRecoveryReason"":""none"",""bootRecoveryNonAdsFailure"":false,""bootRecoveryRestartCount"":0},""nulling"":{""done"":false,""retryArmed"":false,""attemptCount"":0,""nextRetryMs"":0,""thresholdV"":9.999999747E-06,""minFinalV"":0},""telemetry"":{""valid"":true,""sampleMs"":14079500,""gasClass"":6,""gasName"":""CO2"",""confidence"":0,""alarm"":false,""sensorVoltage"":[-0.001013174,0.00449931,0.005458056,-0.002678329,-0.009958562,-0.012175073,-0.020514198,-0.02674157],""sensorGain"":[64,64,64,64,64,64,64,64],""sensorStatus"":[0,0,0,0,0,0,0,0],""featureOrder"":[""MQ8"",""MQ135"",""MQ3"",""MQ5"",""MQ4"",""MQ7"",""MQ6"",""MQ2""]},""alarmLatched"":false}"
"2026-08-04 13:15:44.494 +07:00","298.3100192","RECOVERY_100_AFTER_65","RECOVERY","100","1000","0","1","0","-0.001041625","0.004485663","0.005436443","-0.002652024","-0.009977705","-0.012147455","-0.02049716","-0.026740456","{""deviceId"":""1001"",""nodeId"":4097,""targetChId"":""0010"",""mode"":""inference"",""uptimeMs"":14080594,""debugEnabled"":true,""power"":{""mode"":""24v"",""externalPower"":true,""batteryMv"":65535,""batteryValid"":false,""batteryDetected"":false,""batterySenseStatus"":""not_detected"",""batteryLow"":false,""batteryCritical"":false,""sourceAmbiguous"":false,""serviceHoldActive"":false,""serviceHoldEffective"":false},""batterySession"":{""state"":""inactive"",""startedMs"":0,""stateStartedMs"":0,""validSampleBatches"":0,""requiredSampleBatches"":10,""alarmTxAttempts"":0,""alarmTxAttemptLimit"":3,""alarmAckReceived"":false,""pendingAlarm"":false,""pendingSaveRequired"":false,""persistenceFaultHold"":false,""completionReason"":""session_done""},""bootHealth"":{""adsReady"":true,""adsDrdyLevel"":0,""adsDrdyPulldownLevel"":0,""adsDrdyPullupLevel"":0,""adsMisoPulldownLevel"":0,""adsMisoPullupLevel"":1,""adsCsLevel"":1,""adsSyncLevel"":1,""adsStatus"":54,""adsMux"":15,""adsAdcon"":6,""adsDrate"":240,""adsReason"":""ok"",""tcaOk"":true,""mcpOkCount"":8,""mcpOk"":[true,true,true,true,true,true,true,true],""mcpAddrMask"":[1,1,1,1,1,1,1,1],""mcpControlTested"":true,""mcpControlOkCount"":8,""mcpControlOk"":[true,true,true,true,true,true,true,true],""dacReady"":true,""radioReady"":true,""mlReady"":true,""nullingProfileApplied"":true,""modelProfileReady"":false},""runtimeMcpCode"":[255,519,795,706,799,865,665,139],""model"":{""profileId"":""cnn-dualbranch-datasheet-v1-unbound"",""scalerProfileId"":""cnn-dualbranch-datasheet-v1-unbound"",""productionApproved"":true,""boundNullingProfileId"":8,""activeNullingProfileId"":9,""bindingValid"":true,""bindingModelMatches"":true,""profileReady"":false,""inferenceValid"":false,""sensorFault"":true},""lora"":{""beginState"":0,""lastTxState"":0,""lastTxOk"":false,""txSeq"":0,""txCounter"":0,""aesKeyProvisioned"":true,""aesKeyPresent"":true,""aesKeySource"":""nvs"",""keyId"":1,""lastDownlinkCommandId"":0,""freqMHz"":920,""bwKHz"":125,""sf"":7,""cr"":5,""syncWord"":18,""txPowerDbm"":17,""preamble"":8,""tcxoVoltage"":1.600000024,""xtalVoltage"":0},""dataset"":{""state"":""idle"",""step"":""idle"",""label"":"""",""seq"":0,""targetSamples"":0,""sampleIntervalMs"":500,""maxDurationMs"":0,""useFanIntake"":true,""fanOnMs"":1000,""postFanSettleMs"":0,""nullingProfileId"":9,""queuePending"":0,""queueCapacity"":16,""queueEnqueued"":0,""queueDropped"":0,""publishFailCount"":0,""retryCount"":0,""retryFailCount"":0,""rejectedSamples"":0,""lastRejectReason"":""none"",""lastRejectChannel"":-1,""lastRejectOkFiniteCount"":0,""lastRejectStatus"":255,""lastRejectGain"":0,""lastRejectSaturated"":false},""recovery"":{""wifiReconnectCount"":0,""wifiReconnectFailCount"":0,""mqttReconnectCount"":0,""mqttConnectFailCount"":0,""lastMqttState"":0,""adsRecoveryCount"":0,""adsRecoveryFailCount"":0,""adsReadFailStreak"":0,""lastReason"":""none"",""lastRecoveryMs"":0,""bootRecoveryArmed"":false,""bootRecoveryDueMs"":0,""bootRecoveryReason"":""none"",""bootRecoveryNonAdsFailure"":false,""bootRecoveryRestartCount"":0},""nulling"":{""done"":false,""retryArmed"":false,""attemptCount"":0,""nextRetryMs"":0,""thresholdV"":9.999999747E-06,""minFinalV"":0},""telemetry"":{""valid"":true,""sampleMs"":14080174,""gasClass"":6,""gasName"":""CO2"",""confidence"":0,""alarm"":false,""sensorVoltage"":[-0.001041625,0.004485663,0.005436443,-0.002652024,-0.009977705,-0.012147455,-0.02049716,-0.026740456],""sensorGain"":[64,64,64,64,64,64,64,64],""sensorStatus"":[0,0,0,0,0,0,0,0],""featureOrder"":[""MQ8"",""MQ135"",""MQ3"",""MQ5"",""MQ4"",""MQ7"",""MQ6"",""MQ2""]},""alarmLatched"":false}"
"2026-08-04 13:15:45.311 +07:00","299.1273397","RECOVERY_100_AFTER_65","RECOVERY","100","1000","0","1","0","-0.001026717","0.004485284","0.005418164","-0.002652118","-0.009973696","-0.012165447","-0.020484628","-0.026707882","{""deviceId"":""1001"",""nodeId"":4097,""targetChId"":""0010"",""mode"":""inference"",""uptimeMs"":14081410,""debugEnabled"":true,""power"":{""mode"":""24v"",""externalPower"":true,""batteryMv"":65535,""batteryValid"":false,""batteryDetected"":false,""batterySenseStatus"":""not_detected"",""batteryLow"":false,""batteryCritical"":false,""sourceAmbiguous"":false,""serviceHoldActive"":false,""serviceHoldEffective"":false},""batterySession"":{""state"":""inactive"",""startedMs"":0,""stateStartedMs"":0,""validSampleBatches"":0,""requiredSampleBatches"":10,""alarmTxAttempts"":0,""alarmTxAttemptLimit"":3,""alarmAckReceived"":false,""pendingAlarm"":false,""pendingSaveRequired"":false,""persistenceFaultHold"":false,""completionReason"":""session_done""},""bootHealth"":{""adsReady"":true,""adsDrdyLevel"":0,""adsDrdyPulldownLevel"":0,""adsDrdyPullupLevel"":0,""adsMisoPulldownLevel"":0,""adsMisoPullupLevel"":1,""adsCsLevel"":1,""adsSyncLevel"":1,""adsStatus"":54,""adsMux"":15,""adsAdcon"":6,""adsDrate"":240,""adsReason"":""ok"",""tcaOk"":true,""mcpOkCount"":8,""mcpOk"":[true,true,true,true,true,true,true,true],""mcpAddrMask"":[1,1,1,1,1,1,1,1],""mcpControlTested"":true,""mcpControlOkCount"":8,""mcpControlOk"":[true,true,true,true,true,true,true,true],""dacReady"":true,""radioReady"":true,""mlReady"":true,""nullingProfileApplied"":true,""modelProfileReady"":false},""runtimeMcpCode"":[255,519,795,706,799,865,665,139],""model"":{""profileId"":""cnn-dualbranch-datasheet-v1-unbound"",""scalerProfileId"":""cnn-dualbranch-datasheet-v1-unbound"",""productionApproved"":true,""boundNullingProfileId"":8,""activeNullingProfileId"":9,""bindingValid"":true,""bindingModelMatches"":true,""profileReady"":false,""inferenceValid"":false,""sensorFault"":true},""lora"":{""beginState"":0,""lastTxState"":0,""lastTxOk"":false,""txSeq"":0,""txCounter"":0,""aesKeyProvisioned"":true,""aesKeyPresent"":true,""aesKeySource"":""nvs"",""keyId"":1,""lastDownlinkCommandId"":0,""freqMHz"":920,""bwKHz"":125,""sf"":7,""cr"":5,""syncWord"":18,""txPowerDbm"":17,""preamble"":8,""tcxoVoltage"":1.600000024,""xtalVoltage"":0},""dataset"":{""state"":""idle"",""step"":""idle"",""label"":"""",""seq"":0,""targetSamples"":0,""sampleIntervalMs"":500,""maxDurationMs"":0,""useFanIntake"":true,""fanOnMs"":1000,""postFanSettleMs"":0,""nullingProfileId"":9,""queuePending"":0,""queueCapacity"":16,""queueEnqueued"":0,""queueDropped"":0,""publishFailCount"":0,""retryCount"":0,""retryFailCount"":0,""rejectedSamples"":0,""lastRejectReason"":""none"",""lastRejectChannel"":-1,""lastRejectOkFiniteCount"":0,""lastRejectStatus"":255,""lastRejectGain"":0,""lastRejectSaturated"":false},""recovery"":{""wifiReconnectCount"":0,""wifiReconnectFailCount"":0,""mqttReconnectCount"":0,""mqttConnectFailCount"":0,""lastMqttState"":0,""adsRecoveryCount"":0,""adsRecoveryFailCount"":0,""adsReadFailStreak"":0,""lastReason"":""none"",""lastRecoveryMs"":0,""bootRecoveryArmed"":false,""bootRecoveryDueMs"":0,""bootRecoveryReason"":""none"",""bootRecoveryNonAdsFailure"":false,""bootRecoveryRestartCount"":0},""nulling"":{""done"":false,""retryArmed"":false,""attemptCount"":0,""nextRetryMs"":0,""thresholdV"":9.999999747E-06,""minFinalV"":0},""telemetry"":{""valid"":true,""sampleMs"":14080904,""gasClass"":6,""gasName"":""CO2"",""confidence"":0,""alarm"":false,""sensorVoltage"":[-0.001026717,0.004485284,0.005418164,-0.002652118,-0.009973696,-0.012165447,-0.020484628,-0.026707882],""sensorGain"":[64,64,64,64,64,64,64,64],""sensorStatus"":[0,0,0,0,0,0,0,0],""featureOrder"":[""MQ8"",""MQ135"",""MQ3"",""MQ5"",""MQ4"",""MQ7"",""MQ6"",""MQ2""]},""alarmLatched"":false}"
"2026-08-04 13:15:46.011 +07:00","299.8269468","RECOVERY_100_AFTER_65","RECOVERY","100","1000","0","1","0","-0.000996424","0.004483263","0.005368924","-0.002655913","-0.009972541","-0.012176491","-0.020461675","-0.026667371","{""deviceId"":""1001"",""nodeId"":4097,""targetChId"":""0010"",""mode"":""inference"",""uptimeMs"":14082110,""debugEnabled"":true,""power"":{""mode"":""24v"",""externalPower"":true,""batteryMv"":65535,""batteryValid"":false,""batteryDetected"":false,""batterySenseStatus"":""not_detected"",""batteryLow"":false,""batteryCritical"":false,""sourceAmbiguous"":false,""serviceHoldActive"":false,""serviceHoldEffective"":false},""batterySession"":{""state"":""inactive"",""startedMs"":0,""stateStartedMs"":0,""validSampleBatches"":0,""requiredSampleBatches"":10,""alarmTxAttempts"":0,""alarmTxAttemptLimit"":3,""alarmAckReceived"":false,""pendingAlarm"":false,""pendingSaveRequired"":false,""persistenceFaultHold"":false,""completionReason"":""session_done""},""bootHealth"":{""adsReady"":true,""adsDrdyLevel"":0,""adsDrdyPulldownLevel"":0,""adsDrdyPullupLevel"":0,""adsMisoPulldownLevel"":0,""adsMisoPullupLevel"":1,""adsCsLevel"":1,""adsSyncLevel"":1,""adsStatus"":54,""adsMux"":15,""adsAdcon"":6,""adsDrate"":240,""adsReason"":""ok"",""tcaOk"":true,""mcpOkCount"":8,""mcpOk"":[true,true,true,true,true,true,true,true],""mcpAddrMask"":[1,1,1,1,1,1,1,1],""mcpControlTested"":true,""mcpControlOkCount"":8,""mcpControlOk"":[true,true,true,true,true,true,true,true],""dacReady"":true,""radioReady"":true,""mlReady"":true,""nullingProfileApplied"":true,""modelProfileReady"":false},""runtimeMcpCode"":[255,519,795,706,799,865,665,139],""model"":{""profileId"":""cnn-dualbranch-datasheet-v1-unbound"",""scalerProfileId"":""cnn-dualbranch-datasheet-v1-unbound"",""productionApproved"":true,""boundNullingProfileId"":8,""activeNullingProfileId"":9,""bindingValid"":true,""bindingModelMatches"":true,""profileReady"":false,""inferenceValid"":false,""sensorFault"":true},""lora"":{""beginState"":0,""lastTxState"":0,""lastTxOk"":false,""txSeq"":0,""txCounter"":0,""aesKeyProvisioned"":true,""aesKeyPresent"":true,""aesKeySource"":""nvs"",""keyId"":1,""lastDownlinkCommandId"":0,""freqMHz"":920,""bwKHz"":125,""sf"":7,""cr"":5,""syncWord"":18,""txPowerDbm"":17,""preamble"":8,""tcxoVoltage"":1.600000024,""xtalVoltage"":0},""dataset"":{""state"":""idle"",""step"":""idle"",""label"":"""",""seq"":0,""targetSamples"":0,""sampleIntervalMs"":500,""maxDurationMs"":0,""useFanIntake"":true,""fanOnMs"":1000,""postFanSettleMs"":0,""nullingProfileId"":9,""queuePending"":0,""queueCapacity"":16,""queueEnqueued"":0,""queueDropped"":0,""publishFailCount"":0,""retryCount"":0,""retryFailCount"":0,""rejectedSamples"":0,""lastRejectReason"":""none"",""lastRejectChannel"":-1,""lastRejectOkFiniteCount"":0,""lastRejectStatus"":255,""lastRejectGain"":0,""lastRejectSaturated"":false},""recovery"":{""wifiReconnectCount"":0,""wifiReconnectFailCount"":0,""mqttReconnectCount"":0,""mqttConnectFailCount"":0,""lastMqttState"":0,""adsRecoveryCount"":0,""adsRecoveryFailCount"":0,""adsReadFailStreak"":0,""lastReason"":""none"",""lastRecoveryMs"":0,""bootRecoveryArmed"":false,""bootRecoveryDueMs"":0,""bootRecoveryReason"":""none"",""bootRecoveryNonAdsFailure"":false,""bootRecoveryRestartCount"":0},""nulling"":{""done"":false,""retryArmed"":false,""attemptCount"":0,""nextRetryMs"":0,""thresholdV"":9.999999747E-06,""minFinalV"":0},""telemetry"":{""valid"":true,""sampleMs"":14081698,""gasClass"":6,""gasName"":""CO2"",""confidence"":0,""alarm"":false,""sensorVoltage"":[-0.000996424,0.004483263,0.005368924,-0.002655913,-0.009972541,-0.012176491,-0.020461675,-0.026667371],""sensorGain"":[64,64,64,64,64,64,64,64],""sensorStatus"":[0,0,0,0,0,0,0,0],""featureOrder"":[""MQ8"",""MQ135"",""MQ3"",""MQ5"",""MQ4"",""MQ7"",""MQ6"",""MQ2""]},""alarmLatched"":false}"
"2026-08-04 13:15:46.710 +07:00","300.5259038","RECOVERY_100_AFTER_65","RECOVERY","100","1000","0","1","0","-0.000999687","0.004499334","0.005354378","-0.00262062","-0.009961539","-0.012284938","-0.020456575","-0.026661182","{""deviceId"":""1001"",""nodeId"":4097,""targetChId"":""0010"",""mode"":""inference"",""uptimeMs"":14082810,""debugEnabled"":true,""power"":{""mode"":""24v"",""externalPower"":true,""batteryMv"":65535,""batteryValid"":false,""batteryDetected"":false,""batterySenseStatus"":""not_detected"",""batteryLow"":false,""batteryCritical"":false,""sourceAmbiguous"":false,""serviceHoldActive"":false,""serviceHoldEffective"":false},""batterySession"":{""state"":""inactive"",""startedMs"":0,""stateStartedMs"":0,""validSampleBatches"":0,""requiredSampleBatches"":10,""alarmTxAttempts"":0,""alarmTxAttemptLimit"":3,""alarmAckReceived"":false,""pendingAlarm"":false,""pendingSaveRequired"":false,""persistenceFaultHold"":false,""completionReason"":""session_done""},""bootHealth"":{""adsReady"":true,""adsDrdyLevel"":0,""adsDrdyPulldownLevel"":0,""adsDrdyPullupLevel"":0,""adsMisoPulldownLevel"":0,""adsMisoPullupLevel"":1,""adsCsLevel"":1,""adsSyncLevel"":1,""adsStatus"":54,""adsMux"":15,""adsAdcon"":6,""adsDrate"":240,""adsReason"":""ok"",""tcaOk"":true,""mcpOkCount"":8,""mcpOk"":[true,true,true,true,true,true,true,true],""mcpAddrMask"":[1,1,1,1,1,1,1,1],""mcpControlTested"":true,""mcpControlOkCount"":8,""mcpControlOk"":[true,true,true,true,true,true,true,true],""dacReady"":true,""radioReady"":true,""mlReady"":true,""nullingProfileApplied"":true,""modelProfileReady"":false},""runtimeMcpCode"":[255,519,795,706,799,865,665,139],""model"":{""profileId"":""cnn-dualbranch-datasheet-v1-unbound"",""scalerProfileId"":""cnn-dualbranch-datasheet-v1-unbound"",""productionApproved"":true,""boundNullingProfileId"":8,""activeNullingProfileId"":9,""bindingValid"":true,""bindingModelMatches"":true,""profileReady"":false,""inferenceValid"":false,""sensorFault"":true},""lora"":{""beginState"":0,""lastTxState"":0,""lastTxOk"":false,""txSeq"":0,""txCounter"":0,""aesKeyProvisioned"":true,""aesKeyPresent"":true,""aesKeySource"":""nvs"",""keyId"":1,""lastDownlinkCommandId"":0,""freqMHz"":920,""bwKHz"":125,""sf"":7,""cr"":5,""syncWord"":18,""txPowerDbm"":17,""preamble"":8,""tcxoVoltage"":1.600000024,""xtalVoltage"":0},""dataset"":{""state"":""idle"",""step"":""idle"",""label"":"""",""seq"":0,""targetSamples"":0,""sampleIntervalMs"":500,""maxDurationMs"":0,""useFanIntake"":true,""fanOnMs"":1000,""postFanSettleMs"":0,""nullingProfileId"":9,""queuePending"":0,""queueCapacity"":16,""queueEnqueued"":0,""queueDropped"":0,""publishFailCount"":0,""retryCount"":0,""retryFailCount"":0,""rejectedSamples"":0,""lastRejectReason"":""none"",""lastRejectChannel"":-1,""lastRejectOkFiniteCount"":0,""lastRejectStatus"":255,""lastRejectGain"":0,""lastRejectSaturated"":false},""recovery"":{""wifiReconnectCount"":0,""wifiReconnectFailCount"":0,""mqttReconnectCount"":0,""mqttConnectFailCount"":0,""lastMqttState"":0,""adsRecoveryCount"":0,""adsRecoveryFailCount"":0,""adsReadFailStreak"":0,""lastReason"":""none"",""lastRecoveryMs"":0,""bootRecoveryArmed"":false,""bootRecoveryDueMs"":0,""bootRecoveryReason"":""none"",""bootRecoveryNonAdsFailure"":false,""bootRecoveryRestartCount"":0},""nulling"":{""done"":false,""retryArmed"":false,""attemptCount"":0,""nextRetryMs"":0,""thresholdV"":9.999999747E-06,""minFinalV"":0},""telemetry"":{""valid"":true,""sampleMs"":14082398,""gasClass"":6,""gasName"":""CO2"",""confidence"":0,""alarm"":false,""sensorVoltage"":[-0.000999687,0.004499334,0.005354378,-0.00262062,-0.009961539,-0.012284938,-0.020456575,-0.026661182],""sensorGain"":[64,64,64,64,64,64,64,64],""sensorStatus"":[0,0,0,0,0,0,0,0],""featureOrder"":[""MQ8"",""MQ135"",""MQ3"",""MQ5"",""MQ4"",""MQ7"",""MQ6"",""MQ2""]},""alarmLatched"":false}"
"2026-08-04 13:15:47.394 +07:00","301.2097419","RECOVERY_100_AFTER_65","RECOVERY","100","1000","0","1","0","-0.00099773","0.004507364","0.00532056","-0.002605388","-0.009927769","-0.012326417","-0.020452777","-0.026685353","{""deviceId"":""1001"",""nodeId"":4097,""targetChId"":""0010"",""mode"":""inference"",""uptimeMs"":14083493,""debugEnabled"":true,""power"":{""mode"":""24v"",""externalPower"":true,""batteryMv"":65535,""batteryValid"":false,""batteryDetected"":false,""batterySenseStatus"":""not_detected"",""batteryLow"":false,""batteryCritical"":false,""sourceAmbiguous"":false,""serviceHoldActive"":false,""serviceHoldEffective"":false},""batterySession"":{""state"":""inactive"",""startedMs"":0,""stateStartedMs"":0,""validSampleBatches"":0,""requiredSampleBatches"":10,""alarmTxAttempts"":0,""alarmTxAttemptLimit"":3,""alarmAckReceived"":false,""pendingAlarm"":false,""pendingSaveRequired"":false,""persistenceFaultHold"":false,""completionReason"":""session_done""},""bootHealth"":{""adsReady"":true,""adsDrdyLevel"":0,""adsDrdyPulldownLevel"":0,""adsDrdyPullupLevel"":0,""adsMisoPulldownLevel"":0,""adsMisoPullupLevel"":1,""adsCsLevel"":1,""adsSyncLevel"":1,""adsStatus"":54,""adsMux"":15,""adsAdcon"":6,""adsDrate"":240,""adsReason"":""ok"",""tcaOk"":true,""mcpOkCount"":8,""mcpOk"":[true,true,true,true,true,true,true,true],""mcpAddrMask"":[1,1,1,1,1,1,1,1],""mcpControlTested"":true,""mcpControlOkCount"":8,""mcpControlOk"":[true,true,true,true,true,true,true,true],""dacReady"":true,""radioReady"":true,""mlReady"":true,""nullingProfileApplied"":true,""modelProfileReady"":false},""runtimeMcpCode"":[255,519,795,706,799,865,665,139],""model"":{""profileId"":""cnn-dualbranch-datasheet-v1-unbound"",""scalerProfileId"":""cnn-dualbranch-datasheet-v1-unbound"",""productionApproved"":true,""boundNullingProfileId"":8,""activeNullingProfileId"":9,""bindingValid"":true,""bindingModelMatches"":true,""profileReady"":false,""inferenceValid"":false,""sensorFault"":true},""lora"":{""beginState"":0,""lastTxState"":0,""lastTxOk"":false,""txSeq"":0,""txCounter"":0,""aesKeyProvisioned"":true,""aesKeyPresent"":true,""aesKeySource"":""nvs"",""keyId"":1,""lastDownlinkCommandId"":0,""freqMHz"":920,""bwKHz"":125,""sf"":7,""cr"":5,""syncWord"":18,""txPowerDbm"":17,""preamble"":8,""tcxoVoltage"":1.600000024,""xtalVoltage"":0},""dataset"":{""state"":""idle"",""step"":""idle"",""label"":"""",""seq"":0,""targetSamples"":0,""sampleIntervalMs"":500,""maxDurationMs"":0,""useFanIntake"":true,""fanOnMs"":1000,""postFanSettleMs"":0,""nullingProfileId"":9,""queuePending"":0,""queueCapacity"":16,""queueEnqueued"":0,""queueDropped"":0,""publishFailCount"":0,""retryCount"":0,""retryFailCount"":0,""rejectedSamples"":0,""lastRejectReason"":""none"",""lastRejectChannel"":-1,""lastRejectOkFiniteCount"":0,""lastRejectStatus"":255,""lastRejectGain"":0,""lastRejectSaturated"":false},""recovery"":{""wifiReconnectCount"":0,""wifiReconnectFailCount"":0,""mqttReconnectCount"":0,""mqttConnectFailCount"":0,""lastMqttState"":0,""adsRecoveryCount"":0,""adsRecoveryFailCount"":0,""adsReadFailStreak"":0,""lastReason"":""none"",""lastRecoveryMs"":0,""bootRecoveryArmed"":false,""bootRecoveryDueMs"":0,""bootRecoveryReason"":""none"",""bootRecoveryNonAdsFailure"":false,""bootRecoveryRestartCount"":0},""nulling"":{""done"":false,""retryArmed"":false,""attemptCount"":0,""nextRetryMs"":0,""thresholdV"":9.999999747E-06,""minFinalV"":0},""telemetry"":{""valid"":true,""sampleMs"":14083120,""gasClass"":6,""gasName"":""CO2"",""confidence"":0,""alarm"":false,""sensorVoltage"":[-0.00099773,0.004507364,0.00532056,-0.002605388,-0.009927769,-0.012326417,-0.020452777,-0.026685353],""sensorGain"":[64,64,64,64,64,64,64,64],""sensorStatus"":[0,0,0,0,0,0,0,0],""featureOrder"":[""MQ8"",""MQ135"",""MQ3"",""MQ5"",""MQ4"",""MQ7"",""MQ6"",""MQ2""]},""alarmLatched"":false}"
"2026-08-04 13:15:48.077 +07:00","301.8927902","RECOVERY_100_AFTER_65","RECOVERY","100","1000","0","1","0","-0.000992579","0.004499762","0.005274397","-0.002612386","-0.009945552","-0.012368491","-0.020438585","-0.026662385","{""deviceId"":""1001"",""nodeId"":4097,""targetChId"":""0010"",""mode"":""inference"",""uptimeMs"":14084176,""debugEnabled"":true,""power"":{""mode"":""24v"",""externalPower"":true,""batteryMv"":65535,""batteryValid"":false,""batteryDetected"":false,""batterySenseStatus"":""not_detected"",""batteryLow"":false,""batteryCritical"":false,""sourceAmbiguous"":false,""serviceHoldActive"":false,""serviceHoldEffective"":false},""batterySession"":{""state"":""inactive"",""startedMs"":0,""stateStartedMs"":0,""validSampleBatches"":0,""requiredSampleBatches"":10,""alarmTxAttempts"":0,""alarmTxAttemptLimit"":3,""alarmAckReceived"":false,""pendingAlarm"":false,""pendingSaveRequired"":false,""persistenceFaultHold"":false,""completionReason"":""session_done""},""bootHealth"":{""adsReady"":true,""adsDrdyLevel"":0,""adsDrdyPulldownLevel"":0,""adsDrdyPullupLevel"":0,""adsMisoPulldownLevel"":0,""adsMisoPullupLevel"":1,""adsCsLevel"":1,""adsSyncLevel"":1,""adsStatus"":54,""adsMux"":15,""adsAdcon"":6,""adsDrate"":240,""adsReason"":""ok"",""tcaOk"":true,""mcpOkCount"":8,""mcpOk"":[true,true,true,true,true,true,true,true],""mcpAddrMask"":[1,1,1,1,1,1,1,1],""mcpControlTested"":true,""mcpControlOkCount"":8,""mcpControlOk"":[true,true,true,true,true,true,true,true],""dacReady"":true,""radioReady"":true,""mlReady"":true,""nullingProfileApplied"":true,""modelProfileReady"":false},""runtimeMcpCode"":[255,519,795,706,799,865,665,139],""model"":{""profileId"":""cnn-dualbranch-datasheet-v1-unbound"",""scalerProfileId"":""cnn-dualbranch-datasheet-v1-unbound"",""productionApproved"":true,""boundNullingProfileId"":8,""activeNullingProfileId"":9,""bindingValid"":true,""bindingModelMatches"":true,""profileReady"":false,""inferenceValid"":false,""sensorFault"":true},""lora"":{""beginState"":0,""lastTxState"":0,""lastTxOk"":false,""txSeq"":0,""txCounter"":0,""aesKeyProvisioned"":true,""aesKeyPresent"":true,""aesKeySource"":""nvs"",""keyId"":1,""lastDownlinkCommandId"":0,""freqMHz"":920,""bwKHz"":125,""sf"":7,""cr"":5,""syncWord"":18,""txPowerDbm"":17,""preamble"":8,""tcxoVoltage"":1.600000024,""xtalVoltage"":0},""dataset"":{""state"":""idle"",""step"":""idle"",""label"":"""",""seq"":0,""targetSamples"":0,""sampleIntervalMs"":500,""maxDurationMs"":0,""useFanIntake"":true,""fanOnMs"":1000,""postFanSettleMs"":0,""nullingProfileId"":9,""queuePending"":0,""queueCapacity"":16,""queueEnqueued"":0,""queueDropped"":0,""publishFailCount"":0,""retryCount"":0,""retryFailCount"":0,""rejectedSamples"":0,""lastRejectReason"":""none"",""lastRejectChannel"":-1,""lastRejectOkFiniteCount"":0,""lastRejectStatus"":255,""lastRejectGain"":0,""lastRejectSaturated"":false},""recovery"":{""wifiReconnectCount"":0,""wifiReconnectFailCount"":0,""mqttReconnectCount"":0,""mqttConnectFailCount"":0,""lastMqttState"":0,""adsRecoveryCount"":0,""adsRecoveryFailCount"":0,""adsReadFailStreak"":0,""lastReason"":""none"",""lastRecoveryMs"":0,""bootRecoveryArmed"":false,""bootRecoveryDueMs"":0,""bootRecoveryReason"":""none"",""bootRecoveryNonAdsFailure"":false,""bootRecoveryRestartCount"":0},""nulling"":{""done"":false,""retryArmed"":false,""attemptCount"":0,""nextRetryMs"":0,""thresholdV"":9.999999747E-06,""minFinalV"":0},""telemetry"":{""valid"":true,""sampleMs"":14083771,""gasClass"":6,""gasName"":""CO2"",""confidence"":0,""alarm"":false,""sensorVoltage"":[-0.000992579,0.004499762,0.005274397,-0.002612386,-0.009945552,-0.012368491,-0.020438585,-0.026662385],""sensorGain"":[64,64,64,64,64,64,64,64],""sensorStatus"":[0,0,0,0,0,0,0,0],""featureOrder"":[""MQ8"",""MQ135"",""MQ3"",""MQ5"",""MQ4"",""MQ7"",""MQ6"",""MQ2""]},""alarmLatched"":false}"
"2026-08-04 13:15:48.777 +07:00","302.5928284","RECOVERY_100_AFTER_65","RECOVERY","100","1000","0","1","0","-0.000983258","0.004466239","0.005157377","-0.002621715","-0.00992061","-0.012437754","-0.020462614","-0.026556622","{""deviceId"":""1001"",""nodeId"":4097,""targetChId"":""0010"",""mode"":""inference"",""uptimeMs"":14084876,""debugEnabled"":true,""power"":{""mode"":""24v"",""externalPower"":true,""batteryMv"":65535,""batteryValid"":false,""batteryDetected"":false,""batterySenseStatus"":""not_detected"",""batteryLow"":false,""batteryCritical"":false,""sourceAmbiguous"":false,""serviceHoldActive"":false,""serviceHoldEffective"":false},""batterySession"":{""state"":""inactive"",""startedMs"":0,""stateStartedMs"":0,""validSampleBatches"":0,""requiredSampleBatches"":10,""alarmTxAttempts"":0,""alarmTxAttemptLimit"":3,""alarmAckReceived"":false,""pendingAlarm"":false,""pendingSaveRequired"":false,""persistenceFaultHold"":false,""completionReason"":""session_done""},""bootHealth"":{""adsReady"":true,""adsDrdyLevel"":0,""adsDrdyPulldownLevel"":0,""adsDrdyPullupLevel"":0,""adsMisoPulldownLevel"":0,""adsMisoPullupLevel"":1,""adsCsLevel"":1,""adsSyncLevel"":1,""adsStatus"":54,""adsMux"":15,""adsAdcon"":6,""adsDrate"":240,""adsReason"":""ok"",""tcaOk"":true,""mcpOkCount"":8,""mcpOk"":[true,true,true,true,true,true,true,true],""mcpAddrMask"":[1,1,1,1,1,1,1,1],""mcpControlTested"":true,""mcpControlOkCount"":8,""mcpControlOk"":[true,true,true,true,true,true,true,true],""dacReady"":true,""radioReady"":true,""mlReady"":true,""nullingProfileApplied"":true,""modelProfileReady"":false},""runtimeMcpCode"":[255,519,795,706,799,865,665,139],""model"":{""profileId"":""cnn-dualbranch-datasheet-v1-unbound"",""scalerProfileId"":""cnn-dualbranch-datasheet-v1-unbound"",""productionApproved"":true,""boundNullingProfileId"":8,""activeNullingProfileId"":9,""bindingValid"":true,""bindingModelMatches"":true,""profileReady"":false,""inferenceValid"":false,""sensorFault"":true},""lora"":{""beginState"":0,""lastTxState"":0,""lastTxOk"":false,""txSeq"":0,""txCounter"":0,""aesKeyProvisioned"":true,""aesKeyPresent"":true,""aesKeySource"":""nvs"",""keyId"":1,""lastDownlinkCommandId"":0,""freqMHz"":920,""bwKHz"":125,""sf"":7,""cr"":5,""syncWord"":18,""txPowerDbm"":17,""preamble"":8,""tcxoVoltage"":1.600000024,""xtalVoltage"":0},""dataset"":{""state"":""idle"",""step"":""idle"",""label"":"""",""seq"":0,""targetSamples"":0,""sampleIntervalMs"":500,""maxDurationMs"":0,""useFanIntake"":true,""fanOnMs"":1000,""postFanSettleMs"":0,""nullingProfileId"":9,""queuePending"":0,""queueCapacity"":16,""queueEnqueued"":0,""queueDropped"":0,""publishFailCount"":0,""retryCount"":0,""retryFailCount"":0,""rejectedSamples"":0,""lastRejectReason"":""none"",""lastRejectChannel"":-1,""lastRejectOkFiniteCount"":0,""lastRejectStatus"":255,""lastRejectGain"":0,""lastRejectSaturated"":false},""recovery"":{""wifiReconnectCount"":0,""wifiReconnectFailCount"":0,""mqttReconnectCount"":0,""mqttConnectFailCount"":0,""lastMqttState"":0,""adsRecoveryCount"":0,""adsRecoveryFailCount"":0,""adsReadFailStreak"":0,""lastReason"":""none"",""lastRecoveryMs"":0,""bootRecoveryArmed"":false,""bootRecoveryDueMs"":0,""bootRecoveryReason"":""none"",""bootRecoveryNonAdsFailure"":false,""bootRecoveryRestartCount"":0},""nulling"":{""done"":false,""retryArmed"":false,""attemptCount"":0,""nextRetryMs"":0,""thresholdV"":9.999999747E-06,""minFinalV"":0},""telemetry"":{""valid"":true,""sampleMs"":14084464,""gasClass"":6,""gasName"":""CO2"",""confidence"":0,""alarm"":false,""sensorVoltage"":[-0.000983258,0.004466239,0.005157377,-0.002621715,-0.00992061,-0.012437754,-0.020462614,-0.026556622],""sensorGain"":[64,64,64,64,64,64,64,64],""sensorStatus"":[0,0,0,0,0,0,0,0],""featureOrder"":[""MQ8"",""MQ135"",""MQ3"",""MQ5"",""MQ4"",""MQ7"",""MQ6"",""MQ2""]},""alarmLatched"":false}"
"2026-08-04 13:15:49.478 +07:00","303.2937282","RECOVERY_100_AFTER_65","RECOVERY","100","1000","0","1","0","-0.001042794","0.004473642","0.005198005","-0.00267161","-0.009925846","-0.012445337","-0.020482685","-0.026563998","{""deviceId"":""1001"",""nodeId"":4097,""targetChId"":""0010"",""mode"":""inference"",""uptimeMs"":14085575,""debugEnabled"":true,""power"":{""mode"":""24v"",""externalPower"":true,""batteryMv"":65535,""batteryValid"":false,""batteryDetected"":false,""batterySenseStatus"":""not_detected"",""batteryLow"":false,""batteryCritical"":false,""sourceAmbiguous"":false,""serviceHoldActive"":false,""serviceHoldEffective"":false},""batterySession"":{""state"":""inactive"",""startedMs"":0,""stateStartedMs"":0,""validSampleBatches"":0,""requiredSampleBatches"":10,""alarmTxAttempts"":0,""alarmTxAttemptLimit"":3,""alarmAckReceived"":false,""pendingAlarm"":false,""pendingSaveRequired"":false,""persistenceFaultHold"":false,""completionReason"":""session_done""},""bootHealth"":{""adsReady"":true,""adsDrdyLevel"":0,""adsDrdyPulldownLevel"":0,""adsDrdyPullupLevel"":0,""adsMisoPulldownLevel"":0,""adsMisoPullupLevel"":1,""adsCsLevel"":1,""adsSyncLevel"":1,""adsStatus"":54,""adsMux"":15,""adsAdcon"":6,""adsDrate"":240,""adsReason"":""ok"",""tcaOk"":true,""mcpOkCount"":8,""mcpOk"":[true,true,true,true,true,true,true,true],""mcpAddrMask"":[1,1,1,1,1,1,1,1],""mcpControlTested"":true,""mcpControlOkCount"":8,""mcpControlOk"":[true,true,true,true,true,true,true,true],""dacReady"":true,""radioReady"":true,""mlReady"":true,""nullingProfileApplied"":true,""modelProfileReady"":false},""runtimeMcpCode"":[255,519,795,706,799,865,665,139],""model"":{""profileId"":""cnn-dualbranch-datasheet-v1-unbound"",""scalerProfileId"":""cnn-dualbranch-datasheet-v1-unbound"",""productionApproved"":true,""boundNullingProfileId"":8,""activeNullingProfileId"":9,""bindingValid"":true,""bindingModelMatches"":true,""profileReady"":false,""inferenceValid"":false,""sensorFault"":true},""lora"":{""beginState"":0,""lastTxState"":0,""lastTxOk"":false,""txSeq"":0,""txCounter"":0,""aesKeyProvisioned"":true,""aesKeyPresent"":true,""aesKeySource"":""nvs"",""keyId"":1,""lastDownlinkCommandId"":0,""freqMHz"":920,""bwKHz"":125,""sf"":7,""cr"":5,""syncWord"":18,""txPowerDbm"":17,""preamble"":8,""tcxoVoltage"":1.600000024,""xtalVoltage"":0},""dataset"":{""state"":""idle"",""step"":""idle"",""label"":"""",""seq"":0,""targetSamples"":0,""sampleIntervalMs"":500,""maxDurationMs"":0,""useFanIntake"":true,""fanOnMs"":1000,""postFanSettleMs"":0,""nullingProfileId"":9,""queuePending"":0,""queueCapacity"":16,""queueEnqueued"":0,""queueDropped"":0,""publishFailCount"":0,""retryCount"":0,""retryFailCount"":0,""rejectedSamples"":0,""lastRejectReason"":""none"",""lastRejectChannel"":-1,""lastRejectOkFiniteCount"":0,""lastRejectStatus"":255,""lastRejectGain"":0,""lastRejectSaturated"":false},""recovery"":{""wifiReconnectCount"":0,""wifiReconnectFailCount"":0,""mqttReconnectCount"":0,""mqttConnectFailCount"":0,""lastMqttState"":0,""adsRecoveryCount"":0,""adsRecoveryFailCount"":0,""adsReadFailStreak"":0,""lastReason"":""none"",""lastRecoveryMs"":0,""bootRecoveryArmed"":false,""bootRecoveryDueMs"":0,""bootRecoveryReason"":""none"",""bootRecoveryNonAdsFailure"":false,""bootRecoveryRestartCount"":0},""nulling"":{""done"":false,""retryArmed"":false,""attemptCount"":0,""nextRetryMs"":0,""thresholdV"":9.999999747E-06,""minFinalV"":0},""telemetry"":{""valid"":true,""sampleMs"":14085186,""gasClass"":6,""gasName"":""CO2"",""confidence"":0,""alarm"":false,""sensorVoltage"":[-0.001042794,0.004473642,0.005198005,-0.00267161,-0.009925846,-0.012445337,-0.020482685,-0.026563998],""sensorGain"":[64,64,64,64,64,64,64,64],""sensorStatus"":[0,0,0,0,0,0,0,0],""featureOrder"":[""MQ8"",""MQ135"",""MQ3"",""MQ5"",""MQ4"",""MQ7"",""MQ6"",""MQ2""]},""alarmLatched"":false}"
"2026-08-04 13:15:50.158 +07:00","303.9743023","RECOVERY_100_AFTER_65","RECOVERY","100","1000","0","1","0","-0.001070965","0.004518316","0.005197144","-0.002675294","-0.009919726","-0.0124486","-0.020517059","-0.026537523","{""deviceId"":""1001"",""nodeId"":4097,""targetChId"":""0010"",""mode"":""inference"",""uptimeMs"":14086258,""debugEnabled"":true,""power"":{""mode"":""24v"",""externalPower"":true,""batteryMv"":65535,""batteryValid"":false,""batteryDetected"":false,""batterySenseStatus"":""not_detected"",""batteryLow"":false,""batteryCritical"":false,""sourceAmbiguous"":false,""serviceHoldActive"":false,""serviceHoldEffective"":false},""batterySession"":{""state"":""inactive"",""startedMs"":0,""stateStartedMs"":0,""validSampleBatches"":0,""requiredSampleBatches"":10,""alarmTxAttempts"":0,""alarmTxAttemptLimit"":3,""alarmAckReceived"":false,""pendingAlarm"":false,""pendingSaveRequired"":false,""persistenceFaultHold"":false,""completionReason"":""session_done""},""bootHealth"":{""adsReady"":true,""adsDrdyLevel"":0,""adsDrdyPulldownLevel"":0,""adsDrdyPullupLevel"":0,""adsMisoPulldownLevel"":0,""adsMisoPullupLevel"":1,""adsCsLevel"":1,""adsSyncLevel"":1,""adsStatus"":54,""adsMux"":15,""adsAdcon"":6,""adsDrate"":240,""adsReason"":""ok"",""tcaOk"":true,""mcpOkCount"":8,""mcpOk"":[true,true,true,true,true,true,true,true],""mcpAddrMask"":[1,1,1,1,1,1,1,1],""mcpControlTested"":true,""mcpControlOkCount"":8,""mcpControlOk"":[true,true,true,true,true,true,true,true],""dacReady"":true,""radioReady"":true,""mlReady"":true,""nullingProfileApplied"":true,""modelProfileReady"":false},""runtimeMcpCode"":[255,519,795,706,799,865,665,139],""model"":{""profileId"":""cnn-dualbranch-datasheet-v1-unbound"",""scalerProfileId"":""cnn-dualbranch-datasheet-v1-unbound"",""productionApproved"":true,""boundNullingProfileId"":8,""activeNullingProfileId"":9,""bindingValid"":true,""bindingModelMatches"":true,""profileReady"":false,""inferenceValid"":false,""sensorFault"":true},""lora"":{""beginState"":0,""lastTxState"":0,""lastTxOk"":false,""txSeq"":0,""txCounter"":0,""aesKeyProvisioned"":true,""aesKeyPresent"":true,""aesKeySource"":""nvs"",""keyId"":1,""lastDownlinkCommandId"":0,""freqMHz"":920,""bwKHz"":125,""sf"":7,""cr"":5,""syncWord"":18,""txPowerDbm"":17,""preamble"":8,""tcxoVoltage"":1.600000024,""xtalVoltage"":0},""dataset"":{""state"":""idle"",""step"":""idle"",""label"":"""",""seq"":0,""targetSamples"":0,""sampleIntervalMs"":500,""maxDurationMs"":0,""useFanIntake"":true,""fanOnMs"":1000,""postFanSettleMs"":0,""nullingProfileId"":9,""queuePending"":0,""queueCapacity"":16,""queueEnqueued"":0,""queueDropped"":0,""publishFailCount"":0,""retryCount"":0,""retryFailCount"":0,""rejectedSamples"":0,""lastRejectReason"":""none"",""lastRejectChannel"":-1,""lastRejectOkFiniteCount"":0,""lastRejectStatus"":255,""lastRejectGain"":0,""lastRejectSaturated"":false},""recovery"":{""wifiReconnectCount"":0,""wifiReconnectFailCount"":0,""mqttReconnectCount"":0,""mqttConnectFailCount"":0,""lastMqttState"":0,""adsRecoveryCount"":0,""adsRecoveryFailCount"":0,""adsReadFailStreak"":0,""lastReason"":""none"",""lastRecoveryMs"":0,""bootRecoveryArmed"":false,""bootRecoveryDueMs"":0,""bootRecoveryReason"":""none"",""bootRecoveryNonAdsFailure"":false,""bootRecoveryRestartCount"":0},""nulling"":{""done"":false,""retryArmed"":false,""attemptCount"":0,""nextRetryMs"":0,""thresholdV"":9.999999747E-06,""minFinalV"":0},""telemetry"":{""valid"":true,""sampleMs"":14085853,""gasClass"":6,""gasName"":""CO2"",""confidence"":0,""alarm"":false,""sensorVoltage"":[-0.001070965,0.004518316,0.005197144,-0.002675294,-0.009919726,-0.0124486,-0.020517059,-0.026537523],""sensorGain"":[64,64,64,64,64,64,64,64],""sensorStatus"":[0,0,0,0,0,0,0,0],""featureOrder"":[""MQ8"",""MQ135"",""MQ3"",""MQ5"",""MQ4"",""MQ7"",""MQ6"",""MQ2""]},""alarmLatched"":false}"
"2026-08-04 13:15:50.841 +07:00","304.65696379999997","RECOVERY_100_AFTER_65","RECOVERY","100","1000","0","1","0","-0.001048357","0.004499627","0.005168325","-0.002680462","-0.009950643","-0.012454005","-0.020504525","-0.026565298","{""deviceId"":""1001"",""nodeId"":4097,""targetChId"":""0010"",""mode"":""inference"",""uptimeMs"":14086940,""debugEnabled"":true,""power"":{""mode"":""24v"",""externalPower"":true,""batteryMv"":65535,""batteryValid"":false,""batteryDetected"":false,""batterySenseStatus"":""not_detected"",""batteryLow"":false,""batteryCritical"":false,""sourceAmbiguous"":false,""serviceHoldActive"":false,""serviceHoldEffective"":false},""batterySession"":{""state"":""inactive"",""startedMs"":0,""stateStartedMs"":0,""validSampleBatches"":0,""requiredSampleBatches"":10,""alarmTxAttempts"":0,""alarmTxAttemptLimit"":3,""alarmAckReceived"":false,""pendingAlarm"":false,""pendingSaveRequired"":false,""persistenceFaultHold"":false,""completionReason"":""session_done""},""bootHealth"":{""adsReady"":true,""adsDrdyLevel"":0,""adsDrdyPulldownLevel"":0,""adsDrdyPullupLevel"":0,""adsMisoPulldownLevel"":0,""adsMisoPullupLevel"":1,""adsCsLevel"":1,""adsSyncLevel"":1,""adsStatus"":54,""adsMux"":15,""adsAdcon"":6,""adsDrate"":240,""adsReason"":""ok"",""tcaOk"":true,""mcpOkCount"":8,""mcpOk"":[true,true,true,true,true,true,true,true],""mcpAddrMask"":[1,1,1,1,1,1,1,1],""mcpControlTested"":true,""mcpControlOkCount"":8,""mcpControlOk"":[true,true,true,true,true,true,true,true],""dacReady"":true,""radioReady"":true,""mlReady"":true,""nullingProfileApplied"":true,""modelProfileReady"":false},""runtimeMcpCode"":[255,519,795,706,799,865,665,139],""model"":{""profileId"":""cnn-dualbranch-datasheet-v1-unbound"",""scalerProfileId"":""cnn-dualbranch-datasheet-v1-unbound"",""productionApproved"":true,""boundNullingProfileId"":8,""activeNullingProfileId"":9,""bindingValid"":true,""bindingModelMatches"":true,""profileReady"":false,""inferenceValid"":false,""sensorFault"":true},""lora"":{""beginState"":0,""lastTxState"":0,""lastTxOk"":false,""txSeq"":0,""txCounter"":0,""aesKeyProvisioned"":true,""aesKeyPresent"":true,""aesKeySource"":""nvs"",""keyId"":1,""lastDownlinkCommandId"":0,""freqMHz"":920,""bwKHz"":125,""sf"":7,""cr"":5,""syncWord"":18,""txPowerDbm"":17,""preamble"":8,""tcxoVoltage"":1.600000024,""xtalVoltage"":0},""dataset"":{""state"":""idle"",""step"":""idle"",""label"":"""",""seq"":0,""targetSamples"":0,""sampleIntervalMs"":500,""maxDurationMs"":0,""useFanIntake"":true,""fanOnMs"":1000,""postFanSettleMs"":0,""nullingProfileId"":9,""queuePending"":0,""queueCapacity"":16,""queueEnqueued"":0,""queueDropped"":0,""publishFailCount"":0,""retryCount"":0,""retryFailCount"":0,""rejectedSamples"":0,""lastRejectReason"":""none"",""lastRejectChannel"":-1,""lastRejectOkFiniteCount"":0,""lastRejectStatus"":255,""lastRejectGain"":0,""lastRejectSaturated"":false},""recovery"":{""wifiReconnectCount"":0,""wifiReconnectFailCount"":0,""mqttReconnectCount"":0,""mqttConnectFailCount"":0,""lastMqttState"":0,""adsRecoveryCount"":0,""adsRecoveryFailCount"":0,""adsReadFailStreak"":0,""lastReason"":""none"",""lastRecoveryMs"":0,""bootRecoveryArmed"":false,""bootRecoveryDueMs"":0,""bootRecoveryReason"":""none"",""bootRecoveryNonAdsFailure"":false,""bootRecoveryRestartCount"":0},""nulling"":{""done"":false,""retryArmed"":false,""attemptCount"":0,""nextRetryMs"":0,""thresholdV"":9.999999747E-06,""minFinalV"":0},""telemetry"":{""valid"":true,""sampleMs"":14086536,""gasClass"":6,""gasName"":""CO2"",""confidence"":0,""alarm"":false,""sensorVoltage"":[-0.001048357,0.004499627,0.005168325,-0.002680462,-0.009950643,-0.012454005,-0.020504525,-0.026565298],""sensorGain"":[64,64,64,64,64,64,64,64],""sensorStatus"":[0,0,0,0,0,0,0,0],""featureOrder"":[""MQ8"",""MQ135"",""MQ3"",""MQ5"",""MQ4"",""MQ7"",""MQ6"",""MQ2""]},""alarmLatched"":false}"
"2026-08-04 13:15:51.541 +07:00","305.35744569999997","RECOVERY_100_AFTER_65","RECOVERY","100","1000","0","1","0","-0.000995354","0.0045129","0.005220324","-0.002707547","-0.009950576","-0.012459911","-0.020517264","-0.026580358","{""deviceId"":""1001"",""nodeId"":4097,""targetChId"":""0010"",""mode"":""inference"",""uptimeMs"":14087641,""debugEnabled"":true,""power"":{""mode"":""24v"",""externalPower"":true,""batteryMv"":65535,""batteryValid"":false,""batteryDetected"":false,""batterySenseStatus"":""not_detected"",""batteryLow"":false,""batteryCritical"":false,""sourceAmbiguous"":false,""serviceHoldActive"":false,""serviceHoldEffective"":false},""batterySession"":{""state"":""inactive"",""startedMs"":0,""stateStartedMs"":0,""validSampleBatches"":0,""requiredSampleBatches"":10,""alarmTxAttempts"":0,""alarmTxAttemptLimit"":3,""alarmAckReceived"":false,""pendingAlarm"":false,""pendingSaveRequired"":false,""persistenceFaultHold"":false,""completionReason"":""session_done""},""bootHealth"":{""adsReady"":true,""adsDrdyLevel"":0,""adsDrdyPulldownLevel"":0,""adsDrdyPullupLevel"":0,""adsMisoPulldownLevel"":0,""adsMisoPullupLevel"":1,""adsCsLevel"":1,""adsSyncLevel"":1,""adsStatus"":54,""adsMux"":15,""adsAdcon"":6,""adsDrate"":240,""adsReason"":""ok"",""tcaOk"":true,""mcpOkCount"":8,""mcpOk"":[true,true,true,true,true,true,true,true],""mcpAddrMask"":[1,1,1,1,1,1,1,1],""mcpControlTested"":true,""mcpControlOkCount"":8,""mcpControlOk"":[true,true,true,true,true,true,true,true],""dacReady"":true,""radioReady"":true,""mlReady"":true,""nullingProfileApplied"":true,""modelProfileReady"":false},""runtimeMcpCode"":[255,519,795,706,799,865,665,139],""model"":{""profileId"":""cnn-dualbranch-datasheet-v1-unbound"",""scalerProfileId"":""cnn-dualbranch-datasheet-v1-unbound"",""productionApproved"":true,""boundNullingProfileId"":8,""activeNullingProfileId"":9,""bindingValid"":true,""bindingModelMatches"":true,""profileReady"":false,""inferenceValid"":false,""sensorFault"":true},""lora"":{""beginState"":0,""lastTxState"":0,""lastTxOk"":false,""txSeq"":0,""txCounter"":0,""aesKeyProvisioned"":true,""aesKeyPresent"":true,""aesKeySource"":""nvs"",""keyId"":1,""lastDownlinkCommandId"":0,""freqMHz"":920,""bwKHz"":125,""sf"":7,""cr"":5,""syncWord"":18,""txPowerDbm"":17,""preamble"":8,""tcxoVoltage"":1.600000024,""xtalVoltage"":0},""dataset"":{""state"":""idle"",""step"":""idle"",""label"":"""",""seq"":0,""targetSamples"":0,""sampleIntervalMs"":500,""maxDurationMs"":0,""useFanIntake"":true,""fanOnMs"":1000,""postFanSettleMs"":0,""nullingProfileId"":9,""queuePending"":0,""queueCapacity"":16,""queueEnqueued"":0,""queueDropped"":0,""publishFailCount"":0,""retryCount"":0,""retryFailCount"":0,""rejectedSamples"":0,""lastRejectReason"":""none"",""lastRejectChannel"":-1,""lastRejectOkFiniteCount"":0,""lastRejectStatus"":255,""lastRejectGain"":0,""lastRejectSaturated"":false},""recovery"":{""wifiReconnectCount"":0,""wifiReconnectFailCount"":0,""mqttReconnectCount"":0,""mqttConnectFailCount"":0,""lastMqttState"":0,""adsRecoveryCount"":0,""adsRecoveryFailCount"":0,""adsReadFailStreak"":0,""lastReason"":""none"",""lastRecoveryMs"":0,""bootRecoveryArmed"":false,""bootRecoveryDueMs"":0,""bootRecoveryReason"":""none"",""bootRecoveryNonAdsFailure"":false,""bootRecoveryRestartCount"":0},""nulling"":{""done"":false,""retryArmed"":false,""attemptCount"":0,""nextRetryMs"":0,""thresholdV"":9.999999747E-06,""minFinalV"":0},""telemetry"":{""valid"":true,""sampleMs"":14087260,""gasClass"":6,""gasName"":""CO2"",""confidence"":0,""alarm"":false,""sensorVoltage"":[-0.000995354,0.0045129,0.005220324,-0.002707547,-0.009950576,-0.012459911,-0.020517264,-0.026580358],""sensorGain"":[64,64,64,64,64,64,64,64],""sensorStatus"":[0,0,0,0,0,0,0,0],""featureOrder"":[""MQ8"",""MQ135"",""MQ3"",""MQ5"",""MQ4"",""MQ7"",""MQ6"",""MQ2""]},""alarmLatched"":false}"
"2026-08-04 13:15:52.342 +07:00","306.1580667","RECOVERY_100_AFTER_65","RECOVERY","100","1000","0","1","0","-0.001005484","0.004532544","0.005184606","-0.002727253","-0.009965639","-0.012367481","-0.020511318","-0.02658402","{""deviceId"":""1001"",""nodeId"":4097,""targetChId"":""0010"",""mode"":""inference"",""uptimeMs"":14088441,""debugEnabled"":true,""power"":{""mode"":""24v"",""externalPower"":true,""batteryMv"":65535,""batteryValid"":false,""batteryDetected"":false,""batterySenseStatus"":""not_detected"",""batteryLow"":false,""batteryCritical"":false,""sourceAmbiguous"":false,""serviceHoldActive"":false,""serviceHoldEffective"":false},""batterySession"":{""state"":""inactive"",""startedMs"":0,""stateStartedMs"":0,""validSampleBatches"":0,""requiredSampleBatches"":10,""alarmTxAttempts"":0,""alarmTxAttemptLimit"":3,""alarmAckReceived"":false,""pendingAlarm"":false,""pendingSaveRequired"":false,""persistenceFaultHold"":false,""completionReason"":""session_done""},""bootHealth"":{""adsReady"":true,""adsDrdyLevel"":0,""adsDrdyPulldownLevel"":0,""adsDrdyPullupLevel"":0,""adsMisoPulldownLevel"":0,""adsMisoPullupLevel"":1,""adsCsLevel"":1,""adsSyncLevel"":1,""adsStatus"":54,""adsMux"":15,""adsAdcon"":6,""adsDrate"":240,""adsReason"":""ok"",""tcaOk"":true,""mcpOkCount"":8,""mcpOk"":[true,true,true,true,true,true,true,true],""mcpAddrMask"":[1,1,1,1,1,1,1,1],""mcpControlTested"":true,""mcpControlOkCount"":8,""mcpControlOk"":[true,true,true,true,true,true,true,true],""dacReady"":true,""radioReady"":true,""mlReady"":true,""nullingProfileApplied"":true,""modelProfileReady"":false},""runtimeMcpCode"":[255,519,795,706,799,865,665,139],""model"":{""profileId"":""cnn-dualbranch-datasheet-v1-unbound"",""scalerProfileId"":""cnn-dualbranch-datasheet-v1-unbound"",""productionApproved"":true,""boundNullingProfileId"":8,""activeNullingProfileId"":9,""bindingValid"":true,""bindingModelMatches"":true,""profileReady"":false,""inferenceValid"":false,""sensorFault"":true},""lora"":{""beginState"":0,""lastTxState"":0,""lastTxOk"":false,""txSeq"":0,""txCounter"":0,""aesKeyProvisioned"":true,""aesKeyPresent"":true,""aesKeySource"":""nvs"",""keyId"":1,""lastDownlinkCommandId"":0,""freqMHz"":920,""bwKHz"":125,""sf"":7,""cr"":5,""syncWord"":18,""txPowerDbm"":17,""preamble"":8,""tcxoVoltage"":1.600000024,""xtalVoltage"":0},""dataset"":{""state"":""idle"",""step"":""idle"",""label"":"""",""seq"":0,""targetSamples"":0,""sampleIntervalMs"":500,""maxDurationMs"":0,""useFanIntake"":true,""fanOnMs"":1000,""postFanSettleMs"":0,""nullingProfileId"":9,""queuePending"":0,""queueCapacity"":16,""queueEnqueued"":0,""queueDropped"":0,""publishFailCount"":0,""retryCount"":0,""retryFailCount"":0,""rejectedSamples"":0,""lastRejectReason"":""none"",""lastRejectChannel"":-1,""lastRejectOkFiniteCount"":0,""lastRejectStatus"":255,""lastRejectGain"":0,""lastRejectSaturated"":false},""recovery"":{""wifiReconnectCount"":0,""wifiReconnectFailCount"":0,""mqttReconnectCount"":0,""mqttConnectFailCount"":0,""lastMqttState"":0,""adsRecoveryCount"":0,""adsRecoveryFailCount"":0,""adsReadFailStreak"":0,""lastReason"":""none"",""lastRecoveryMs"":0,""bootRecoveryArmed"":false,""bootRecoveryDueMs"":0,""bootRecoveryReason"":""none"",""bootRecoveryNonAdsFailure"":false,""bootRecoveryRestartCount"":0},""nulling"":{""done"":false,""retryArmed"":false,""attemptCount"":0,""nextRetryMs"":0,""thresholdV"":9.999999747E-06,""minFinalV"":0},""telemetry"":{""valid"":true,""sampleMs"":14087919,""gasClass"":6,""gasName"":""CO2"",""confidence"":0,""alarm"":false,""sensorVoltage"":[-0.001005484,0.004532544,0.005184606,-0.002727253,-0.009965639,-0.012367481,-0.020511318,-0.02658402],""sensorGain"":[64,64,64,64,64,64,64,64],""sensorStatus"":[0,0,0,0,0,0,0,0],""featureOrder"":[""MQ8"",""MQ135"",""MQ3"",""MQ5"",""MQ4"",""MQ7"",""MQ6"",""MQ2""]},""alarmLatched"":false}"
"2026-08-04 13:15:53.040 +07:00","306.8565645","RECOVERY_100_AFTER_65","RECOVERY","100","1000","0","1","0","-0.001039543","0.004538638","0.005184735","-0.0026913","-0.009946606","-0.012375264","-0.020516692","-0.026599383","{""deviceId"":""1001"",""nodeId"":4097,""targetChId"":""0010"",""mode"":""inference"",""uptimeMs"":14089140,""debugEnabled"":true,""power"":{""mode"":""24v"",""externalPower"":true,""batteryMv"":65535,""batteryValid"":false,""batteryDetected"":false,""batterySenseStatus"":""not_detected"",""batteryLow"":false,""batteryCritical"":false,""sourceAmbiguous"":false,""serviceHoldActive"":false,""serviceHoldEffective"":false},""batterySession"":{""state"":""inactive"",""startedMs"":0,""stateStartedMs"":0,""validSampleBatches"":0,""requiredSampleBatches"":10,""alarmTxAttempts"":0,""alarmTxAttemptLimit"":3,""alarmAckReceived"":false,""pendingAlarm"":false,""pendingSaveRequired"":false,""persistenceFaultHold"":false,""completionReason"":""session_done""},""bootHealth"":{""adsReady"":true,""adsDrdyLevel"":0,""adsDrdyPulldownLevel"":0,""adsDrdyPullupLevel"":0,""adsMisoPulldownLevel"":0,""adsMisoPullupLevel"":1,""adsCsLevel"":1,""adsSyncLevel"":1,""adsStatus"":54,""adsMux"":15,""adsAdcon"":6,""adsDrate"":240,""adsReason"":""ok"",""tcaOk"":true,""mcpOkCount"":8,""mcpOk"":[true,true,true,true,true,true,true,true],""mcpAddrMask"":[1,1,1,1,1,1,1,1],""mcpControlTested"":true,""mcpControlOkCount"":8,""mcpControlOk"":[true,true,true,true,true,true,true,true],""dacReady"":true,""radioReady"":true,""mlReady"":true,""nullingProfileApplied"":true,""modelProfileReady"":false},""runtimeMcpCode"":[255,519,795,706,799,865,665,139],""model"":{""profileId"":""cnn-dualbranch-datasheet-v1-unbound"",""scalerProfileId"":""cnn-dualbranch-datasheet-v1-unbound"",""productionApproved"":true,""boundNullingProfileId"":8,""activeNullingProfileId"":9,""bindingValid"":true,""bindingModelMatches"":true,""profileReady"":false,""inferenceValid"":false,""sensorFault"":true},""lora"":{""beginState"":0,""lastTxState"":0,""lastTxOk"":false,""txSeq"":0,""txCounter"":0,""aesKeyProvisioned"":true,""aesKeyPresent"":true,""aesKeySource"":""nvs"",""keyId"":1,""lastDownlinkCommandId"":0,""freqMHz"":920,""bwKHz"":125,""sf"":7,""cr"":5,""syncWord"":18,""txPowerDbm"":17,""preamble"":8,""tcxoVoltage"":1.600000024,""xtalVoltage"":0},""dataset"":{""state"":""idle"",""step"":""idle"",""label"":"""",""seq"":0,""targetSamples"":0,""sampleIntervalMs"":500,""maxDurationMs"":0,""useFanIntake"":true,""fanOnMs"":1000,""postFanSettleMs"":0,""nullingProfileId"":9,""queuePending"":0,""queueCapacity"":16,""queueEnqueued"":0,""queueDropped"":0,""publishFailCount"":0,""retryCount"":0,""retryFailCount"":0,""rejectedSamples"":0,""lastRejectReason"":""none"",""lastRejectChannel"":-1,""lastRejectOkFiniteCount"":0,""lastRejectStatus"":255,""lastRejectGain"":0,""lastRejectSaturated"":false},""recovery"":{""wifiReconnectCount"":0,""wifiReconnectFailCount"":0,""mqttReconnectCount"":0,""mqttConnectFailCount"":0,""lastMqttState"":0,""adsRecoveryCount"":0,""adsRecoveryFailCount"":0,""adsReadFailStreak"":0,""lastReason"":""none"",""lastRecoveryMs"":0,""bootRecoveryArmed"":false,""bootRecoveryDueMs"":0,""bootRecoveryReason"":""none"",""bootRecoveryNonAdsFailure"":false,""bootRecoveryRestartCount"":0},""nulling"":{""done"":false,""retryArmed"":false,""attemptCount"":0,""nextRetryMs"":0,""thresholdV"":9.999999747E-06,""minFinalV"":0},""telemetry"":{""valid"":true,""sampleMs"":14088719,""gasClass"":6,""gasName"":""CO2"",""confidence"":0,""alarm"":false,""sensorVoltage"":[-0.001039543,0.004538638,0.005184735,-0.0026913,-0.009946606,-0.012375264,-0.020516692,-0.026599383],""sensorGain"":[64,64,64,64,64,64,64,64],""sensorStatus"":[0,0,0,0,0,0,0,0],""featureOrder"":[""MQ8"",""MQ135"",""MQ3"",""MQ5"",""MQ4"",""MQ7"",""MQ6"",""MQ2""]},""alarmLatched"":false}"
"2026-08-04 13:15:53.741 +07:00","307.5566518","RECOVERY_100_AFTER_65","RECOVERY","100","1000","0","1","0","-0.001020738","0.004541895","0.005206065","-0.002684146","-0.009943433","-0.012347603","-0.020544931","-0.026611496","{""deviceId"":""1001"",""nodeId"":4097,""targetChId"":""0010"",""mode"":""inference"",""uptimeMs"":14089840,""debugEnabled"":true,""power"":{""mode"":""24v"",""externalPower"":true,""batteryMv"":65535,""batteryValid"":false,""batteryDetected"":false,""batterySenseStatus"":""not_detected"",""batteryLow"":false,""batteryCritical"":false,""sourceAmbiguous"":false,""serviceHoldActive"":false,""serviceHoldEffective"":false},""batterySession"":{""state"":""inactive"",""startedMs"":0,""stateStartedMs"":0,""validSampleBatches"":0,""requiredSampleBatches"":10,""alarmTxAttempts"":0,""alarmTxAttemptLimit"":3,""alarmAckReceived"":false,""pendingAlarm"":false,""pendingSaveRequired"":false,""persistenceFaultHold"":false,""completionReason"":""session_done""},""bootHealth"":{""adsReady"":true,""adsDrdyLevel"":0,""adsDrdyPulldownLevel"":0,""adsDrdyPullupLevel"":0,""adsMisoPulldownLevel"":0,""adsMisoPullupLevel"":1,""adsCsLevel"":1,""adsSyncLevel"":1,""adsStatus"":54,""adsMux"":15,""adsAdcon"":6,""adsDrate"":240,""adsReason"":""ok"",""tcaOk"":true,""mcpOkCount"":8,""mcpOk"":[true,true,true,true,true,true,true,true],""mcpAddrMask"":[1,1,1,1,1,1,1,1],""mcpControlTested"":true,""mcpControlOkCount"":8,""mcpControlOk"":[true,true,true,true,true,true,true,true],""dacReady"":true,""radioReady"":true,""mlReady"":true,""nullingProfileApplied"":true,""modelProfileReady"":false},""runtimeMcpCode"":[255,519,795,706,799,865,665,139],""model"":{""profileId"":""cnn-dualbranch-datasheet-v1-unbound"",""scalerProfileId"":""cnn-dualbranch-datasheet-v1-unbound"",""productionApproved"":true,""boundNullingProfileId"":8,""activeNullingProfileId"":9,""bindingValid"":true,""bindingModelMatches"":true,""profileReady"":false,""inferenceValid"":false,""sensorFault"":true},""lora"":{""beginState"":0,""lastTxState"":0,""lastTxOk"":false,""txSeq"":0,""txCounter"":0,""aesKeyProvisioned"":true,""aesKeyPresent"":true,""aesKeySource"":""nvs"",""keyId"":1,""lastDownlinkCommandId"":0,""freqMHz"":920,""bwKHz"":125,""sf"":7,""cr"":5,""syncWord"":18,""txPowerDbm"":17,""preamble"":8,""tcxoVoltage"":1.600000024,""xtalVoltage"":0},""dataset"":{""state"":""idle"",""step"":""idle"",""label"":"""",""seq"":0,""targetSamples"":0,""sampleIntervalMs"":500,""maxDurationMs"":0,""useFanIntake"":true,""fanOnMs"":1000,""postFanSettleMs"":0,""nullingProfileId"":9,""queuePending"":0,""queueCapacity"":16,""queueEnqueued"":0,""queueDropped"":0,""publishFailCount"":0,""retryCount"":0,""retryFailCount"":0,""rejectedSamples"":0,""lastRejectReason"":""none"",""lastRejectChannel"":-1,""lastRejectOkFiniteCount"":0,""lastRejectStatus"":255,""lastRejectGain"":0,""lastRejectSaturated"":false},""recovery"":{""wifiReconnectCount"":0,""wifiReconnectFailCount"":0,""mqttReconnectCount"":0,""mqttConnectFailCount"":0,""lastMqttState"":0,""adsRecoveryCount"":0,""adsRecoveryFailCount"":0,""adsReadFailStreak"":0,""lastReason"":""none"",""lastRecoveryMs"":0,""bootRecoveryArmed"":false,""bootRecoveryDueMs"":0,""bootRecoveryReason"":""none"",""bootRecoveryNonAdsFailure"":false,""bootRecoveryRestartCount"":0},""nulling"":{""done"":false,""retryArmed"":false,""attemptCount"":0,""nextRetryMs"":0,""thresholdV"":9.999999747E-06,""minFinalV"":0},""telemetry"":{""valid"":true,""sampleMs"":14089450,""gasClass"":6,""gasName"":""CO2"",""confidence"":0,""alarm"":false,""sensorVoltage"":[-0.001020738,0.004541895,0.005206065,-0.002684146,-0.009943433,-0.012347603,-0.020544931,-0.026611496],""sensorGain"":[64,64,64,64,64,64,64,64],""sensorStatus"":[0,0,0,0,0,0,0,0],""featureOrder"":[""MQ8"",""MQ135"",""MQ3"",""MQ5"",""MQ4"",""MQ7"",""MQ6"",""MQ2""]},""alarmLatched"":false}"
"2026-08-04 13:15:54.424 +07:00","308.2399771","RECOVERY_100_AFTER_65","RECOVERY","100","1000","0","1","0","-0.001051085","0.004532055","0.005237572","-0.002682034","-0.009946825","-0.012311785","-0.020558137","-0.026622793","{""deviceId"":""1001"",""nodeId"":4097,""targetChId"":""0010"",""mode"":""inference"",""uptimeMs"":14090523,""debugEnabled"":true,""power"":{""mode"":""24v"",""externalPower"":true,""batteryMv"":65535,""batteryValid"":false,""batteryDetected"":false,""batterySenseStatus"":""not_detected"",""batteryLow"":false,""batteryCritical"":false,""sourceAmbiguous"":false,""serviceHoldActive"":false,""serviceHoldEffective"":false},""batterySession"":{""state"":""inactive"",""startedMs"":0,""stateStartedMs"":0,""validSampleBatches"":0,""requiredSampleBatches"":10,""alarmTxAttempts"":0,""alarmTxAttemptLimit"":3,""alarmAckReceived"":false,""pendingAlarm"":false,""pendingSaveRequired"":false,""persistenceFaultHold"":false,""completionReason"":""session_done""},""bootHealth"":{""adsReady"":true,""adsDrdyLevel"":0,""adsDrdyPulldownLevel"":0,""adsDrdyPullupLevel"":0,""adsMisoPulldownLevel"":0,""adsMisoPullupLevel"":1,""adsCsLevel"":1,""adsSyncLevel"":1,""adsStatus"":54,""adsMux"":15,""adsAdcon"":6,""adsDrate"":240,""adsReason"":""ok"",""tcaOk"":true,""mcpOkCount"":8,""mcpOk"":[true,true,true,true,true,true,true,true],""mcpAddrMask"":[1,1,1,1,1,1,1,1],""mcpControlTested"":true,""mcpControlOkCount"":8,""mcpControlOk"":[true,true,true,true,true,true,true,true],""dacReady"":true,""radioReady"":true,""mlReady"":true,""nullingProfileApplied"":true,""modelProfileReady"":false},""runtimeMcpCode"":[255,519,795,706,799,865,665,139],""model"":{""profileId"":""cnn-dualbranch-datasheet-v1-unbound"",""scalerProfileId"":""cnn-dualbranch-datasheet-v1-unbound"",""productionApproved"":true,""boundNullingProfileId"":8,""activeNullingProfileId"":9,""bindingValid"":true,""bindingModelMatches"":true,""profileReady"":false,""inferenceValid"":false,""sensorFault"":true},""lora"":{""beginState"":0,""lastTxState"":0,""lastTxOk"":false,""txSeq"":0,""txCounter"":0,""aesKeyProvisioned"":true,""aesKeyPresent"":true,""aesKeySource"":""nvs"",""keyId"":1,""lastDownlinkCommandId"":0,""freqMHz"":920,""bwKHz"":125,""sf"":7,""cr"":5,""syncWord"":18,""txPowerDbm"":17,""preamble"":8,""tcxoVoltage"":1.600000024,""xtalVoltage"":0},""dataset"":{""state"":""idle"",""step"":""idle"",""label"":"""",""seq"":0,""targetSamples"":0,""sampleIntervalMs"":500,""maxDurationMs"":0,""useFanIntake"":true,""fanOnMs"":1000,""postFanSettleMs"":0,""nullingProfileId"":9,""queuePending"":0,""queueCapacity"":16,""queueEnqueued"":0,""queueDropped"":0,""publishFailCount"":0,""retryCount"":0,""retryFailCount"":0,""rejectedSamples"":0,""lastRejectReason"":""none"",""lastRejectChannel"":-1,""lastRejectOkFiniteCount"":0,""lastRejectStatus"":255,""lastRejectGain"":0,""lastRejectSaturated"":false},""recovery"":{""wifiReconnectCount"":0,""wifiReconnectFailCount"":0,""mqttReconnectCount"":0,""mqttConnectFailCount"":0,""lastMqttState"":0,""adsRecoveryCount"":0,""adsRecoveryFailCount"":0,""adsReadFailStreak"":0,""lastReason"":""none"",""lastRecoveryMs"":0,""bootRecoveryArmed"":false,""bootRecoveryDueMs"":0,""bootRecoveryReason"":""none"",""bootRecoveryNonAdsFailure"":false,""bootRecoveryRestartCount"":0},""nulling"":{""done"":false,""retryArmed"":false,""attemptCount"":0,""nextRetryMs"":0,""thresholdV"":9.999999747E-06,""minFinalV"":0},""telemetry"":{""valid"":true,""sampleMs"":14090128,""gasClass"":6,""gasName"":""CO2"",""confidence"":0,""alarm"":false,""sensorVoltage"":[-0.001051085,0.004532055,0.005237572,-0.002682034,-0.009946825,-0.012311785,-0.020558137,-0.026622793],""sensorGain"":[64,64,64,64,64,64,64,64],""sensorStatus"":[0,0,0,0,0,0,0,0],""featureOrder"":[""MQ8"",""MQ135"",""MQ3"",""MQ5"",""MQ4"",""MQ7"",""MQ6"",""MQ2""]},""alarmLatched"":false}"
"2026-08-04 13:15:55.107 +07:00","308.9231893","RECOVERY_100_AFTER_65","RECOVERY","100","1000","0","1","0","-0.001052166","0.00452721","0.005321752","-0.002675684","-0.009946294","-0.012237789","-0.020580191","-0.026615109","{""deviceId"":""1001"",""nodeId"":4097,""targetChId"":""0010"",""mode"":""inference"",""uptimeMs"":14091206,""debugEnabled"":true,""power"":{""mode"":""24v"",""externalPower"":true,""batteryMv"":65535,""batteryValid"":false,""batteryDetected"":false,""batterySenseStatus"":""not_detected"",""batteryLow"":false,""batteryCritical"":false,""sourceAmbiguous"":false,""serviceHoldActive"":false,""serviceHoldEffective"":false},""batterySession"":{""state"":""inactive"",""startedMs"":0,""stateStartedMs"":0,""validSampleBatches"":0,""requiredSampleBatches"":10,""alarmTxAttempts"":0,""alarmTxAttemptLimit"":3,""alarmAckReceived"":false,""pendingAlarm"":false,""pendingSaveRequired"":false,""persistenceFaultHold"":false,""completionReason"":""session_done""},""bootHealth"":{""adsReady"":true,""adsDrdyLevel"":0,""adsDrdyPulldownLevel"":0,""adsDrdyPullupLevel"":0,""adsMisoPulldownLevel"":0,""adsMisoPullupLevel"":1,""adsCsLevel"":1,""adsSyncLevel"":1,""adsStatus"":54,""adsMux"":15,""adsAdcon"":6,""adsDrate"":240,""adsReason"":""ok"",""tcaOk"":true,""mcpOkCount"":8,""mcpOk"":[true,true,true,true,true,true,true,true],""mcpAddrMask"":[1,1,1,1,1,1,1,1],""mcpControlTested"":true,""mcpControlOkCount"":8,""mcpControlOk"":[true,true,true,true,true,true,true,true],""dacReady"":true,""radioReady"":true,""mlReady"":true,""nullingProfileApplied"":true,""modelProfileReady"":false},""runtimeMcpCode"":[255,519,795,706,799,865,665,139],""model"":{""profileId"":""cnn-dualbranch-datasheet-v1-unbound"",""scalerProfileId"":""cnn-dualbranch-datasheet-v1-unbound"",""productionApproved"":true,""boundNullingProfileId"":8,""activeNullingProfileId"":9,""bindingValid"":true,""bindingModelMatches"":true,""profileReady"":false,""inferenceValid"":false,""sensorFault"":true},""lora"":{""beginState"":0,""lastTxState"":0,""lastTxOk"":false,""txSeq"":0,""txCounter"":0,""aesKeyProvisioned"":true,""aesKeyPresent"":true,""aesKeySource"":""nvs"",""keyId"":1,""lastDownlinkCommandId"":0,""freqMHz"":920,""bwKHz"":125,""sf"":7,""cr"":5,""syncWord"":18,""txPowerDbm"":17,""preamble"":8,""tcxoVoltage"":1.600000024,""xtalVoltage"":0},""dataset"":{""state"":""idle"",""step"":""idle"",""label"":"""",""seq"":0,""targetSamples"":0,""sampleIntervalMs"":500,""maxDurationMs"":0,""useFanIntake"":true,""fanOnMs"":1000,""postFanSettleMs"":0,""nullingProfileId"":9,""queuePending"":0,""queueCapacity"":16,""queueEnqueued"":0,""queueDropped"":0,""publishFailCount"":0,""retryCount"":0,""retryFailCount"":0,""rejectedSamples"":0,""lastRejectReason"":""none"",""lastRejectChannel"":-1,""lastRejectOkFiniteCount"":0,""lastRejectStatus"":255,""lastRejectGain"":0,""lastRejectSaturated"":false},""recovery"":{""wifiReconnectCount"":0,""wifiReconnectFailCount"":0,""mqttReconnectCount"":0,""mqttConnectFailCount"":0,""lastMqttState"":0,""adsRecoveryCount"":0,""adsRecoveryFailCount"":0,""adsReadFailStreak"":0,""lastReason"":""none"",""lastRecoveryMs"":0,""bootRecoveryArmed"":false,""bootRecoveryDueMs"":0,""bootRecoveryReason"":""none"",""bootRecoveryNonAdsFailure"":false,""bootRecoveryRestartCount"":0},""nulling"":{""done"":false,""retryArmed"":false,""attemptCount"":0,""nextRetryMs"":0,""thresholdV"":9.999999747E-06,""minFinalV"":0},""telemetry"":{""valid"":true,""sampleMs"":14090811,""gasClass"":6,""gasName"":""CO2"",""confidence"":0,""alarm"":false,""sensorVoltage"":[-0.001052166,0.00452721,0.005321752,-0.002675684,-0.009946294,-0.012237789,-0.020580191,-0.026615109],""sensorGain"":[64,64,64,64,64,64,64,64],""sensorStatus"":[0,0,0,0,0,0,0,0],""featureOrder"":[""MQ8"",""MQ135"",""MQ3"",""MQ5"",""MQ4"",""MQ7"",""MQ6"",""MQ2""]},""alarmLatched"":false}"
"2026-08-04 13:15:55.804 +07:00","309.6202761","RECOVERY_100_AFTER_65","RECOVERY","100","1000","0","1","0","-0.001060981","0.0045209","0.005376788","-0.002659613","-0.009975569","-0.012239333","-0.020567859","-0.02671409","{""deviceId"":""1001"",""nodeId"":4097,""targetChId"":""0010"",""mode"":""inference"",""uptimeMs"":14091904,""debugEnabled"":true,""power"":{""mode"":""24v"",""externalPower"":true,""batteryMv"":65535,""batteryValid"":false,""batteryDetected"":false,""batterySenseStatus"":""not_detected"",""batteryLow"":false,""batteryCritical"":false,""sourceAmbiguous"":false,""serviceHoldActive"":false,""serviceHoldEffective"":false},""batterySession"":{""state"":""inactive"",""startedMs"":0,""stateStartedMs"":0,""validSampleBatches"":0,""requiredSampleBatches"":10,""alarmTxAttempts"":0,""alarmTxAttemptLimit"":3,""alarmAckReceived"":false,""pendingAlarm"":false,""pendingSaveRequired"":false,""persistenceFaultHold"":false,""completionReason"":""session_done""},""bootHealth"":{""adsReady"":true,""adsDrdyLevel"":0,""adsDrdyPulldownLevel"":0,""adsDrdyPullupLevel"":0,""adsMisoPulldownLevel"":0,""adsMisoPullupLevel"":1,""adsCsLevel"":1,""adsSyncLevel"":1,""adsStatus"":54,""adsMux"":15,""adsAdcon"":6,""adsDrate"":240,""adsReason"":""ok"",""tcaOk"":true,""mcpOkCount"":8,""mcpOk"":[true,true,true,true,true,true,true,true],""mcpAddrMask"":[1,1,1,1,1,1,1,1],""mcpControlTested"":true,""mcpControlOkCount"":8,""mcpControlOk"":[true,true,true,true,true,true,true,true],""dacReady"":true,""radioReady"":true,""mlReady"":true,""nullingProfileApplied"":true,""modelProfileReady"":false},""runtimeMcpCode"":[255,519,795,706,799,865,665,139],""model"":{""profileId"":""cnn-dualbranch-datasheet-v1-unbound"",""scalerProfileId"":""cnn-dualbranch-datasheet-v1-unbound"",""productionApproved"":true,""boundNullingProfileId"":8,""activeNullingProfileId"":9,""bindingValid"":true,""bindingModelMatches"":true,""profileReady"":false,""inferenceValid"":false,""sensorFault"":true},""lora"":{""beginState"":0,""lastTxState"":0,""lastTxOk"":false,""txSeq"":0,""txCounter"":0,""aesKeyProvisioned"":true,""aesKeyPresent"":true,""aesKeySource"":""nvs"",""keyId"":1,""lastDownlinkCommandId"":0,""freqMHz"":920,""bwKHz"":125,""sf"":7,""cr"":5,""syncWord"":18,""txPowerDbm"":17,""preamble"":8,""tcxoVoltage"":1.600000024,""xtalVoltage"":0},""dataset"":{""state"":""idle"",""step"":""idle"",""label"":"""",""seq"":0,""targetSamples"":0,""sampleIntervalMs"":500,""maxDurationMs"":0,""useFanIntake"":true,""fanOnMs"":1000,""postFanSettleMs"":0,""nullingProfileId"":9,""queuePending"":0,""queueCapacity"":16,""queueEnqueued"":0,""queueDropped"":0,""publishFailCount"":0,""retryCount"":0,""retryFailCount"":0,""rejectedSamples"":0,""lastRejectReason"":""none"",""lastRejectChannel"":-1,""lastRejectOkFiniteCount"":0,""lastRejectStatus"":255,""lastRejectGain"":0,""lastRejectSaturated"":false},""recovery"":{""wifiReconnectCount"":0,""wifiReconnectFailCount"":0,""mqttReconnectCount"":0,""mqttConnectFailCount"":0,""lastMqttState"":0,""adsRecoveryCount"":0,""adsRecoveryFailCount"":0,""adsReadFailStreak"":0,""lastReason"":""none"",""lastRecoveryMs"":0,""bootRecoveryArmed"":false,""bootRecoveryDueMs"":0,""bootRecoveryReason"":""none"",""bootRecoveryNonAdsFailure"":false,""bootRecoveryRestartCount"":0},""nulling"":{""done"":false,""retryArmed"":false,""attemptCount"":0,""nextRetryMs"":0,""thresholdV"":9.999999747E-06,""minFinalV"":0},""telemetry"":{""valid"":true,""sampleMs"":14091516,""gasClass"":6,""gasName"":""CO2"",""confidence"":0,""alarm"":false,""sensorVoltage"":[-0.001060981,0.0045209,0.005376788,-0.002659613,-0.009975569,-0.012239333,-0.020567859,-0.02671409],""sensorGain"":[64,64,64,64,64,64,64,64],""sensorStatus"":[0,0,0,0,0,0,0,0],""featureOrder"":[""MQ8"",""MQ135"",""MQ3"",""MQ5"",""MQ4"",""MQ7"",""MQ6"",""MQ2""]},""alarmLatched"":false}"
"2026-08-04 13:15:56.507 +07:00","310.3235836","RECOVERY_100_AFTER_65","RECOVERY","100","1000","0","1","0","-0.000971702","0.004502235","0.005347669","-0.002606523","-0.009990555","-0.012242502","-0.020529659","-0.026734769","{""deviceId"":""1001"",""nodeId"":4097,""targetChId"":""0010"",""mode"":""inference"",""uptimeMs"":14092605,""debugEnabled"":true,""power"":{""mode"":""24v"",""externalPower"":true,""batteryMv"":65535,""batteryValid"":false,""batteryDetected"":false,""batterySenseStatus"":""not_detected"",""batteryLow"":false,""batteryCritical"":false,""sourceAmbiguous"":false,""serviceHoldActive"":false,""serviceHoldEffective"":false},""batterySession"":{""state"":""inactive"",""startedMs"":0,""stateStartedMs"":0,""validSampleBatches"":0,""requiredSampleBatches"":10,""alarmTxAttempts"":0,""alarmTxAttemptLimit"":3,""alarmAckReceived"":false,""pendingAlarm"":false,""pendingSaveRequired"":false,""persistenceFaultHold"":false,""completionReason"":""session_done""},""bootHealth"":{""adsReady"":true,""adsDrdyLevel"":0,""adsDrdyPulldownLevel"":0,""adsDrdyPullupLevel"":0,""adsMisoPulldownLevel"":0,""adsMisoPullupLevel"":1,""adsCsLevel"":1,""adsSyncLevel"":1,""adsStatus"":54,""adsMux"":15,""adsAdcon"":6,""adsDrate"":240,""adsReason"":""ok"",""tcaOk"":true,""mcpOkCount"":8,""mcpOk"":[true,true,true,true,true,true,true,true],""mcpAddrMask"":[1,1,1,1,1,1,1,1],""mcpControlTested"":true,""mcpControlOkCount"":8,""mcpControlOk"":[true,true,true,true,true,true,true,true],""dacReady"":true,""radioReady"":true,""mlReady"":true,""nullingProfileApplied"":true,""modelProfileReady"":false},""runtimeMcpCode"":[255,519,795,706,799,865,665,139],""model"":{""profileId"":""cnn-dualbranch-datasheet-v1-unbound"",""scalerProfileId"":""cnn-dualbranch-datasheet-v1-unbound"",""productionApproved"":true,""boundNullingProfileId"":8,""activeNullingProfileId"":9,""bindingValid"":true,""bindingModelMatches"":true,""profileReady"":false,""inferenceValid"":false,""sensorFault"":true},""lora"":{""beginState"":0,""lastTxState"":0,""lastTxOk"":false,""txSeq"":0,""txCounter"":0,""aesKeyProvisioned"":true,""aesKeyPresent"":true,""aesKeySource"":""nvs"",""keyId"":1,""lastDownlinkCommandId"":0,""freqMHz"":920,""bwKHz"":125,""sf"":7,""cr"":5,""syncWord"":18,""txPowerDbm"":17,""preamble"":8,""tcxoVoltage"":1.600000024,""xtalVoltage"":0},""dataset"":{""state"":""idle"",""step"":""idle"",""label"":"""",""seq"":0,""targetSamples"":0,""sampleIntervalMs"":500,""maxDurationMs"":0,""useFanIntake"":true,""fanOnMs"":1000,""postFanSettleMs"":0,""nullingProfileId"":9,""queuePending"":0,""queueCapacity"":16,""queueEnqueued"":0,""queueDropped"":0,""publishFailCount"":0,""retryCount"":0,""retryFailCount"":0,""rejectedSamples"":0,""lastRejectReason"":""none"",""lastRejectChannel"":-1,""lastRejectOkFiniteCount"":0,""lastRejectStatus"":255,""lastRejectGain"":0,""lastRejectSaturated"":false},""recovery"":{""wifiReconnectCount"":0,""wifiReconnectFailCount"":0,""mqttReconnectCount"":0,""mqttConnectFailCount"":0,""lastMqttState"":0,""adsRecoveryCount"":0,""adsRecoveryFailCount"":0,""adsReadFailStreak"":0,""lastReason"":""none"",""lastRecoveryMs"":0,""bootRecoveryArmed"":false,""bootRecoveryDueMs"":0,""bootRecoveryReason"":""none"",""bootRecoveryNonAdsFailure"":false,""bootRecoveryRestartCount"":0},""nulling"":{""done"":false,""retryArmed"":false,""attemptCount"":0,""nextRetryMs"":0,""thresholdV"":9.999999747E-06,""minFinalV"":0},""telemetry"":{""valid"":true,""sampleMs"":14092182,""gasClass"":6,""gasName"":""CO2"",""confidence"":0,""alarm"":false,""sensorVoltage"":[-0.000971702,0.004502235,0.005347669,-0.002606523,-0.009990555,-0.012242502,-0.020529659,-0.026734769],""sensorGain"":[64,64,64,64,64,64,64,64],""sensorStatus"":[0,0,0,0,0,0,0,0],""featureOrder"":[""MQ8"",""MQ135"",""MQ3"",""MQ5"",""MQ4"",""MQ7"",""MQ6"",""MQ2""]},""alarmLatched"":false}"
"2026-08-04 13:15:57.207 +07:00","311.02284549999996","RECOVERY_100_AFTER_65","RECOVERY","100","1000","0","1","0","-0.000951578","0.004473592","0.005337887","-0.002600525","-0.010025194","-0.012229708","-0.020526301","-0.026769718","{""deviceId"":""1001"",""nodeId"":4097,""targetChId"":""0010"",""mode"":""inference"",""uptimeMs"":14093305,""debugEnabled"":true,""power"":{""mode"":""24v"",""externalPower"":true,""batteryMv"":65535,""batteryValid"":false,""batteryDetected"":false,""batterySenseStatus"":""not_detected"",""batteryLow"":false,""batteryCritical"":false,""sourceAmbiguous"":false,""serviceHoldActive"":false,""serviceHoldEffective"":false},""batterySession"":{""state"":""inactive"",""startedMs"":0,""stateStartedMs"":0,""validSampleBatches"":0,""requiredSampleBatches"":10,""alarmTxAttempts"":0,""alarmTxAttemptLimit"":3,""alarmAckReceived"":false,""pendingAlarm"":false,""pendingSaveRequired"":false,""persistenceFaultHold"":false,""completionReason"":""session_done""},""bootHealth"":{""adsReady"":true,""adsDrdyLevel"":0,""adsDrdyPulldownLevel"":0,""adsDrdyPullupLevel"":0,""adsMisoPulldownLevel"":0,""adsMisoPullupLevel"":1,""adsCsLevel"":1,""adsSyncLevel"":1,""adsStatus"":54,""adsMux"":15,""adsAdcon"":6,""adsDrate"":240,""adsReason"":""ok"",""tcaOk"":true,""mcpOkCount"":8,""mcpOk"":[true,true,true,true,true,true,true,true],""mcpAddrMask"":[1,1,1,1,1,1,1,1],""mcpControlTested"":true,""mcpControlOkCount"":8,""mcpControlOk"":[true,true,true,true,true,true,true,true],""dacReady"":true,""radioReady"":true,""mlReady"":true,""nullingProfileApplied"":true,""modelProfileReady"":false},""runtimeMcpCode"":[255,519,795,706,799,865,665,139],""model"":{""profileId"":""cnn-dualbranch-datasheet-v1-unbound"",""scalerProfileId"":""cnn-dualbranch-datasheet-v1-unbound"",""productionApproved"":true,""boundNullingProfileId"":8,""activeNullingProfileId"":9,""bindingValid"":true,""bindingModelMatches"":true,""profileReady"":false,""inferenceValid"":false,""sensorFault"":true},""lora"":{""beginState"":0,""lastTxState"":0,""lastTxOk"":false,""txSeq"":0,""txCounter"":0,""aesKeyProvisioned"":true,""aesKeyPresent"":true,""aesKeySource"":""nvs"",""keyId"":1,""lastDownlinkCommandId"":0,""freqMHz"":920,""bwKHz"":125,""sf"":7,""cr"":5,""syncWord"":18,""txPowerDbm"":17,""preamble"":8,""tcxoVoltage"":1.600000024,""xtalVoltage"":0},""dataset"":{""state"":""idle"",""step"":""idle"",""label"":"""",""seq"":0,""targetSamples"":0,""sampleIntervalMs"":500,""maxDurationMs"":0,""useFanIntake"":true,""fanOnMs"":1000,""postFanSettleMs"":0,""nullingProfileId"":9,""queuePending"":0,""queueCapacity"":16,""queueEnqueued"":0,""queueDropped"":0,""publishFailCount"":0,""retryCount"":0,""retryFailCount"":0,""rejectedSamples"":0,""lastRejectReason"":""none"",""lastRejectChannel"":-1,""lastRejectOkFiniteCount"":0,""lastRejectStatus"":255,""lastRejectGain"":0,""lastRejectSaturated"":false},""recovery"":{""wifiReconnectCount"":0,""wifiReconnectFailCount"":0,""mqttReconnectCount"":0,""mqttConnectFailCount"":0,""lastMqttState"":0,""adsRecoveryCount"":0,""adsRecoveryFailCount"":0,""adsReadFailStreak"":0,""lastReason"":""none"",""lastRecoveryMs"":0,""bootRecoveryArmed"":false,""bootRecoveryDueMs"":0,""bootRecoveryReason"":""none"",""bootRecoveryNonAdsFailure"":false,""bootRecoveryRestartCount"":0},""nulling"":{""done"":false,""retryArmed"":false,""attemptCount"":0,""nextRetryMs"":0,""thresholdV"":9.999999747E-06,""minFinalV"":0},""telemetry"":{""valid"":true,""sampleMs"":14092893,""gasClass"":6,""gasName"":""CO2"",""confidence"":0,""alarm"":false,""sensorVoltage"":[-0.000951578,0.004473592,0.005337887,-0.002600525,-0.010025194,-0.012229708,-0.020526301,-0.026769718],""sensorGain"":[64,64,64,64,64,64,64,64],""sensorStatus"":[0,0,0,0,0,0,0,0],""featureOrder"":[""MQ8"",""MQ135"",""MQ3"",""MQ5"",""MQ4"",""MQ7"",""MQ6"",""MQ2""]},""alarmLatched"":false}"
"2026-08-04 13:15:57.890 +07:00","311.7058702","RECOVERY_100_AFTER_65","RECOVERY","100","1000","0","1","0","-0.000982064","0.004501043","0.00542907","-0.002604365","-0.010008655","-0.01219506","-0.020611038","-0.026706239","{""deviceId"":""1001"",""nodeId"":4097,""targetChId"":""0010"",""mode"":""inference"",""uptimeMs"":14093987,""debugEnabled"":true,""power"":{""mode"":""24v"",""externalPower"":true,""batteryMv"":65535,""batteryValid"":false,""batteryDetected"":false,""batterySenseStatus"":""not_detected"",""batteryLow"":false,""batteryCritical"":false,""sourceAmbiguous"":false,""serviceHoldActive"":false,""serviceHoldEffective"":false},""batterySession"":{""state"":""inactive"",""startedMs"":0,""stateStartedMs"":0,""validSampleBatches"":0,""requiredSampleBatches"":10,""alarmTxAttempts"":0,""alarmTxAttemptLimit"":3,""alarmAckReceived"":false,""pendingAlarm"":false,""pendingSaveRequired"":false,""persistenceFaultHold"":false,""completionReason"":""session_done""},""bootHealth"":{""adsReady"":true,""adsDrdyLevel"":0,""adsDrdyPulldownLevel"":0,""adsDrdyPullupLevel"":0,""adsMisoPulldownLevel"":0,""adsMisoPullupLevel"":1,""adsCsLevel"":1,""adsSyncLevel"":1,""adsStatus"":54,""adsMux"":15,""adsAdcon"":6,""adsDrate"":240,""adsReason"":""ok"",""tcaOk"":true,""mcpOkCount"":8,""mcpOk"":[true,true,true,true,true,true,true,true],""mcpAddrMask"":[1,1,1,1,1,1,1,1],""mcpControlTested"":true,""mcpControlOkCount"":8,""mcpControlOk"":[true,true,true,true,true,true,true,true],""dacReady"":true,""radioReady"":true,""mlReady"":true,""nullingProfileApplied"":true,""modelProfileReady"":false},""runtimeMcpCode"":[255,519,795,706,799,865,665,139],""model"":{""profileId"":""cnn-dualbranch-datasheet-v1-unbound"",""scalerProfileId"":""cnn-dualbranch-datasheet-v1-unbound"",""productionApproved"":true,""boundNullingProfileId"":8,""activeNullingProfileId"":9,""bindingValid"":true,""bindingModelMatches"":true,""profileReady"":false,""inferenceValid"":false,""sensorFault"":true},""lora"":{""beginState"":0,""lastTxState"":0,""lastTxOk"":false,""txSeq"":0,""txCounter"":0,""aesKeyProvisioned"":true,""aesKeyPresent"":true,""aesKeySource"":""nvs"",""keyId"":1,""lastDownlinkCommandId"":0,""freqMHz"":920,""bwKHz"":125,""sf"":7,""cr"":5,""syncWord"":18,""txPowerDbm"":17,""preamble"":8,""tcxoVoltage"":1.600000024,""xtalVoltage"":0},""dataset"":{""state"":""idle"",""step"":""idle"",""label"":"""",""seq"":0,""targetSamples"":0,""sampleIntervalMs"":500,""maxDurationMs"":0,""useFanIntake"":true,""fanOnMs"":1000,""postFanSettleMs"":0,""nullingProfileId"":9,""queuePending"":0,""queueCapacity"":16,""queueEnqueued"":0,""queueDropped"":0,""publishFailCount"":0,""retryCount"":0,""retryFailCount"":0,""rejectedSamples"":0,""lastRejectReason"":""none"",""lastRejectChannel"":-1,""lastRejectOkFiniteCount"":0,""lastRejectStatus"":255,""lastRejectGain"":0,""lastRejectSaturated"":false},""recovery"":{""wifiReconnectCount"":0,""wifiReconnectFailCount"":0,""mqttReconnectCount"":0,""mqttConnectFailCount"":0,""lastMqttState"":0,""adsRecoveryCount"":0,""adsRecoveryFailCount"":0,""adsReadFailStreak"":0,""lastReason"":""none"",""lastRecoveryMs"":0,""bootRecoveryArmed"":false,""bootRecoveryDueMs"":0,""bootRecoveryReason"":""none"",""bootRecoveryNonAdsFailure"":false,""bootRecoveryRestartCount"":0},""nulling"":{""done"":false,""retryArmed"":false,""attemptCount"":0,""nextRetryMs"":0,""thresholdV"":9.999999747E-06,""minFinalV"":0},""telemetry"":{""valid"":true,""sampleMs"":14093615,""gasClass"":6,""gasName"":""CO2"",""confidence"":0,""alarm"":false,""sensorVoltage"":[-0.000982064,0.004501043,0.00542907,-0.002604365,-0.010008655,-0.01219506,-0.020611038,-0.026706239],""sensorGain"":[64,64,64,64,64,64,64,64],""sensorStatus"":[0,0,0,0,0,0,0,0],""featureOrder"":[""MQ8"",""MQ135"",""MQ3"",""MQ5"",""MQ4"",""MQ7"",""MQ6"",""MQ2""]},""alarmLatched"":false}"
"2026-08-04 13:15:58.588 +07:00","312.4045797","RECOVERY_100_AFTER_65","RECOVERY","100","1000","0","1","0","-0.001020102","0.004494793","0.005415116","-0.00259363","-0.010038894","-0.012110678","-0.020636838","-0.026705613","{""deviceId"":""1001"",""nodeId"":4097,""targetChId"":""0010"",""mode"":""inference"",""uptimeMs"":14094687,""debugEnabled"":true,""power"":{""mode"":""24v"",""externalPower"":true,""batteryMv"":65535,""batteryValid"":false,""batteryDetected"":false,""batterySenseStatus"":""not_detected"",""batteryLow"":false,""batteryCritical"":false,""sourceAmbiguous"":false,""serviceHoldActive"":false,""serviceHoldEffective"":false},""batterySession"":{""state"":""inactive"",""startedMs"":0,""stateStartedMs"":0,""validSampleBatches"":0,""requiredSampleBatches"":10,""alarmTxAttempts"":0,""alarmTxAttemptLimit"":3,""alarmAckReceived"":false,""pendingAlarm"":false,""pendingSaveRequired"":false,""persistenceFaultHold"":false,""completionReason"":""session_done""},""bootHealth"":{""adsReady"":true,""adsDrdyLevel"":0,""adsDrdyPulldownLevel"":0,""adsDrdyPullupLevel"":0,""adsMisoPulldownLevel"":0,""adsMisoPullupLevel"":1,""adsCsLevel"":1,""adsSyncLevel"":1,""adsStatus"":54,""adsMux"":15,""adsAdcon"":6,""adsDrate"":240,""adsReason"":""ok"",""tcaOk"":true,""mcpOkCount"":8,""mcpOk"":[true,true,true,true,true,true,true,true],""mcpAddrMask"":[1,1,1,1,1,1,1,1],""mcpControlTested"":true,""mcpControlOkCount"":8,""mcpControlOk"":[true,true,true,true,true,true,true,true],""dacReady"":true,""radioReady"":true,""mlReady"":true,""nullingProfileApplied"":true,""modelProfileReady"":false},""runtimeMcpCode"":[255,519,795,706,799,865,665,139],""model"":{""profileId"":""cnn-dualbranch-datasheet-v1-unbound"",""scalerProfileId"":""cnn-dualbranch-datasheet-v1-unbound"",""productionApproved"":true,""boundNullingProfileId"":8,""activeNullingProfileId"":9,""bindingValid"":true,""bindingModelMatches"":true,""profileReady"":false,""inferenceValid"":false,""sensorFault"":true},""lora"":{""beginState"":0,""lastTxState"":0,""lastTxOk"":false,""txSeq"":0,""txCounter"":0,""aesKeyProvisioned"":true,""aesKeyPresent"":true,""aesKeySource"":""nvs"",""keyId"":1,""lastDownlinkCommandId"":0,""freqMHz"":920,""bwKHz"":125,""sf"":7,""cr"":5,""syncWord"":18,""txPowerDbm"":17,""preamble"":8,""tcxoVoltage"":1.600000024,""xtalVoltage"":0},""dataset"":{""state"":""idle"",""step"":""idle"",""label"":"""",""seq"":0,""targetSamples"":0,""sampleIntervalMs"":500,""maxDurationMs"":0,""useFanIntake"":true,""fanOnMs"":1000,""postFanSettleMs"":0,""nullingProfileId"":9,""queuePending"":0,""queueCapacity"":16,""queueEnqueued"":0,""queueDropped"":0,""publishFailCount"":0,""retryCount"":0,""retryFailCount"":0,""rejectedSamples"":0,""lastRejectReason"":""none"",""lastRejectChannel"":-1,""lastRejectOkFiniteCount"":0,""lastRejectStatus"":255,""lastRejectGain"":0,""lastRejectSaturated"":false},""recovery"":{""wifiReconnectCount"":0,""wifiReconnectFailCount"":0,""mqttReconnectCount"":0,""mqttConnectFailCount"":0,""lastMqttState"":0,""adsRecoveryCount"":0,""adsRecoveryFailCount"":0,""adsReadFailStreak"":0,""lastReason"":""none"",""lastRecoveryMs"":0,""bootRecoveryArmed"":false,""bootRecoveryDueMs"":0,""bootRecoveryReason"":""none"",""bootRecoveryNonAdsFailure"":false,""bootRecoveryRestartCount"":0},""nulling"":{""done"":false,""retryArmed"":false,""attemptCount"":0,""nextRetryMs"":0,""thresholdV"":9.999999747E-06,""minFinalV"":0},""telemetry"":{""valid"":true,""sampleMs"":14094265,""gasClass"":6,""gasName"":""CO2"",""confidence"":0,""alarm"":false,""sensorVoltage"":[-0.001020102,0.004494793,0.005415116,-0.00259363,-0.010038894,-0.012110678,-0.020636838,-0.026705613],""sensorGain"":[64,64,64,64,64,64,64,64],""sensorStatus"":[0,0,0,0,0,0,0,0],""featureOrder"":[""MQ8"",""MQ135"",""MQ3"",""MQ5"",""MQ4"",""MQ7"",""MQ6"",""MQ2""]},""alarmLatched"":false}"
"2026-08-04 13:15:59.606 +07:00","313.4225356","RECOVERY_100_AFTER_65","RECOVERY","100","1000","0","1","0","-0.001017542","0.004493793","0.005472168","-0.002617314","-0.010074073","-0.012100532","-0.020661058","-0.02668323","{""deviceId"":""1001"",""nodeId"":4097,""targetChId"":""0010"",""mode"":""inference"",""uptimeMs"":14095705,""debugEnabled"":true,""power"":{""mode"":""24v"",""externalPower"":true,""batteryMv"":65535,""batteryValid"":false,""batteryDetected"":false,""batterySenseStatus"":""not_detected"",""batteryLow"":false,""batteryCritical"":false,""sourceAmbiguous"":false,""serviceHoldActive"":false,""serviceHoldEffective"":false},""batterySession"":{""state"":""inactive"",""startedMs"":0,""stateStartedMs"":0,""validSampleBatches"":0,""requiredSampleBatches"":10,""alarmTxAttempts"":0,""alarmTxAttemptLimit"":3,""alarmAckReceived"":false,""pendingAlarm"":false,""pendingSaveRequired"":false,""persistenceFaultHold"":false,""completionReason"":""session_done""},""bootHealth"":{""adsReady"":true,""adsDrdyLevel"":0,""adsDrdyPulldownLevel"":0,""adsDrdyPullupLevel"":0,""adsMisoPulldownLevel"":0,""adsMisoPullupLevel"":1,""adsCsLevel"":1,""adsSyncLevel"":1,""adsStatus"":54,""adsMux"":15,""adsAdcon"":6,""adsDrate"":240,""adsReason"":""ok"",""tcaOk"":true,""mcpOkCount"":8,""mcpOk"":[true,true,true,true,true,true,true,true],""mcpAddrMask"":[1,1,1,1,1,1,1,1],""mcpControlTested"":true,""mcpControlOkCount"":8,""mcpControlOk"":[true,true,true,true,true,true,true,true],""dacReady"":true,""radioReady"":true,""mlReady"":true,""nullingProfileApplied"":true,""modelProfileReady"":false},""runtimeMcpCode"":[255,519,795,706,799,865,665,139],""model"":{""profileId"":""cnn-dualbranch-datasheet-v1-unbound"",""scalerProfileId"":""cnn-dualbranch-datasheet-v1-unbound"",""productionApproved"":true,""boundNullingProfileId"":8,""activeNullingProfileId"":9,""bindingValid"":true,""bindingModelMatches"":true,""profileReady"":false,""inferenceValid"":false,""sensorFault"":true},""lora"":{""beginState"":0,""lastTxState"":0,""lastTxOk"":false,""txSeq"":0,""txCounter"":0,""aesKeyProvisioned"":true,""aesKeyPresent"":true,""aesKeySource"":""nvs"",""keyId"":1,""lastDownlinkCommandId"":0,""freqMHz"":920,""bwKHz"":125,""sf"":7,""cr"":5,""syncWord"":18,""txPowerDbm"":17,""preamble"":8,""tcxoVoltage"":1.600000024,""xtalVoltage"":0},""dataset"":{""state"":""idle"",""step"":""idle"",""label"":"""",""seq"":0,""targetSamples"":0,""sampleIntervalMs"":500,""maxDurationMs"":0,""useFanIntake"":true,""fanOnMs"":1000,""postFanSettleMs"":0,""nullingProfileId"":9,""queuePending"":0,""queueCapacity"":16,""queueEnqueued"":0,""queueDropped"":0,""publishFailCount"":0,""retryCount"":0,""retryFailCount"":0,""rejectedSamples"":0,""lastRejectReason"":""none"",""lastRejectChannel"":-1,""lastRejectOkFiniteCount"":0,""lastRejectStatus"":255,""lastRejectGain"":0,""lastRejectSaturated"":false},""recovery"":{""wifiReconnectCount"":0,""wifiReconnectFailCount"":0,""mqttReconnectCount"":0,""mqttConnectFailCount"":0,""lastMqttState"":0,""adsRecoveryCount"":0,""adsRecoveryFailCount"":0,""adsReadFailStreak"":0,""lastReason"":""none"",""lastRecoveryMs"":0,""bootRecoveryArmed"":false,""bootRecoveryDueMs"":0,""bootRecoveryReason"":""none"",""bootRecoveryNonAdsFailure"":false,""bootRecoveryRestartCount"":0},""nulling"":{""done"":false,""retryArmed"":false,""attemptCount"":0,""nextRetryMs"":0,""thresholdV"":9.999999747E-06,""minFinalV"":0},""telemetry"":{""valid"":true,""sampleMs"":14095470,""gasClass"":6,""gasName"":""CO2"",""confidence"":0,""alarm"":false,""sensorVoltage"":[-0.001017542,0.004493793,0.005472168,-0.002617314,-0.010074073,-0.012100532,-0.020661058,-0.02668323],""sensorGain"":[64,64,64,64,64,64,64,64],""sensorStatus"":[0,0,0,0,0,0,0,0],""featureOrder"":[""MQ8"",""MQ135"",""MQ3"",""MQ5"",""MQ4"",""MQ7"",""MQ6"",""MQ2""]},""alarmLatched"":false}"
"2026-08-04 13:16:00.305 +07:00","314.1206555","RECOVERY_100_AFTER_65","RECOVERY","100","1000","0","1","0","-0.001018149","0.004467988","0.005468945","-0.002622078","-0.010065565","-0.012111851","-0.020650523","-0.026677709","{""deviceId"":""1001"",""nodeId"":4097,""targetChId"":""0010"",""mode"":""inference"",""uptimeMs"":14096403,""debugEnabled"":true,""power"":{""mode"":""24v"",""externalPower"":true,""batteryMv"":65535,""batteryValid"":false,""batteryDetected"":false,""batterySenseStatus"":""not_detected"",""batteryLow"":false,""batteryCritical"":false,""sourceAmbiguous"":false,""serviceHoldActive"":false,""serviceHoldEffective"":false},""batterySession"":{""state"":""inactive"",""startedMs"":0,""stateStartedMs"":0,""validSampleBatches"":0,""requiredSampleBatches"":10,""alarmTxAttempts"":0,""alarmTxAttemptLimit"":3,""alarmAckReceived"":false,""pendingAlarm"":false,""pendingSaveRequired"":false,""persistenceFaultHold"":false,""completionReason"":""session_done""},""bootHealth"":{""adsReady"":true,""adsDrdyLevel"":0,""adsDrdyPulldownLevel"":0,""adsDrdyPullupLevel"":0,""adsMisoPulldownLevel"":0,""adsMisoPullupLevel"":1,""adsCsLevel"":1,""adsSyncLevel"":1,""adsStatus"":54,""adsMux"":15,""adsAdcon"":6,""adsDrate"":240,""adsReason"":""ok"",""tcaOk"":true,""mcpOkCount"":8,""mcpOk"":[true,true,true,true,true,true,true,true],""mcpAddrMask"":[1,1,1,1,1,1,1,1],""mcpControlTested"":true,""mcpControlOkCount"":8,""mcpControlOk"":[true,true,true,true,true,true,true,true],""dacReady"":true,""radioReady"":true,""mlReady"":true,""nullingProfileApplied"":true,""modelProfileReady"":false},""runtimeMcpCode"":[255,519,795,706,799,865,665,139],""model"":{""profileId"":""cnn-dualbranch-datasheet-v1-unbound"",""scalerProfileId"":""cnn-dualbranch-datasheet-v1-unbound"",""productionApproved"":true,""boundNullingProfileId"":8,""activeNullingProfileId"":9,""bindingValid"":true,""bindingModelMatches"":true,""profileReady"":false,""inferenceValid"":false,""sensorFault"":true},""lora"":{""beginState"":0,""lastTxState"":0,""lastTxOk"":false,""txSeq"":0,""txCounter"":0,""aesKeyProvisioned"":true,""aesKeyPresent"":true,""aesKeySource"":""nvs"",""keyId"":1,""lastDownlinkCommandId"":0,""freqMHz"":920,""bwKHz"":125,""sf"":7,""cr"":5,""syncWord"":18,""txPowerDbm"":17,""preamble"":8,""tcxoVoltage"":1.600000024,""xtalVoltage"":0},""dataset"":{""state"":""idle"",""step"":""idle"",""label"":"""",""seq"":0,""targetSamples"":0,""sampleIntervalMs"":500,""maxDurationMs"":0,""useFanIntake"":true,""fanOnMs"":1000,""postFanSettleMs"":0,""nullingProfileId"":9,""queuePending"":0,""queueCapacity"":16,""queueEnqueued"":0,""queueDropped"":0,""publishFailCount"":0,""retryCount"":0,""retryFailCount"":0,""rejectedSamples"":0,""lastRejectReason"":""none"",""lastRejectChannel"":-1,""lastRejectOkFiniteCount"":0,""lastRejectStatus"":255,""lastRejectGain"":0,""lastRejectSaturated"":false},""recovery"":{""wifiReconnectCount"":0,""wifiReconnectFailCount"":0,""mqttReconnectCount"":0,""mqttConnectFailCount"":0,""lastMqttState"":0,""adsRecoveryCount"":0,""adsRecoveryFailCount"":0,""adsReadFailStreak"":0,""lastReason"":""none"",""lastRecoveryMs"":0,""bootRecoveryArmed"":false,""bootRecoveryDueMs"":0,""bootRecoveryReason"":""none"",""bootRecoveryNonAdsFailure"":false,""bootRecoveryRestartCount"":0},""nulling"":{""done"":false,""retryArmed"":false,""attemptCount"":0,""nextRetryMs"":0,""thresholdV"":9.999999747E-06,""minFinalV"":0},""telemetry"":{""valid"":true,""sampleMs"":14096015,""gasClass"":6,""gasName"":""CO2"",""confidence"":0,""alarm"":false,""sensorVoltage"":[-0.001018149,0.004467988,0.005468945,-0.002622078,-0.010065565,-0.012111851,-0.020650523,-0.026677709],""sensorGain"":[64,64,64,64,64,64,64,64],""sensorStatus"":[0,0,0,0,0,0,0,0],""featureOrder"":[""MQ8"",""MQ135"",""MQ3"",""MQ5"",""MQ4"",""MQ7"",""MQ6"",""MQ2""]},""alarmLatched"":false}"
"2026-08-04 13:16:01.003 +07:00","314.8188105","RECOVERY_100_AFTER_65","RECOVERY","100","1000","0","1","0","-0.001016517","0.004470917","0.005436444","-0.002538222","-0.010103189","-0.012098996","-0.020616066","-0.02661128","{""deviceId"":""1001"",""nodeId"":4097,""targetChId"":""0010"",""mode"":""inference"",""uptimeMs"":14097102,""debugEnabled"":true,""power"":{""mode"":""24v"",""externalPower"":true,""batteryMv"":65535,""batteryValid"":false,""batteryDetected"":false,""batterySenseStatus"":""not_detected"",""batteryLow"":false,""batteryCritical"":false,""sourceAmbiguous"":false,""serviceHoldActive"":false,""serviceHoldEffective"":false},""batterySession"":{""state"":""inactive"",""startedMs"":0,""stateStartedMs"":0,""validSampleBatches"":0,""requiredSampleBatches"":10,""alarmTxAttempts"":0,""alarmTxAttemptLimit"":3,""alarmAckReceived"":false,""pendingAlarm"":false,""pendingSaveRequired"":false,""persistenceFaultHold"":false,""completionReason"":""session_done""},""bootHealth"":{""adsReady"":true,""adsDrdyLevel"":0,""adsDrdyPulldownLevel"":0,""adsDrdyPullupLevel"":0,""adsMisoPulldownLevel"":0,""adsMisoPullupLevel"":1,""adsCsLevel"":1,""adsSyncLevel"":1,""adsStatus"":54,""adsMux"":15,""adsAdcon"":6,""adsDrate"":240,""adsReason"":""ok"",""tcaOk"":true,""mcpOkCount"":8,""mcpOk"":[true,true,true,true,true,true,true,true],""mcpAddrMask"":[1,1,1,1,1,1,1,1],""mcpControlTested"":true,""mcpControlOkCount"":8,""mcpControlOk"":[true,true,true,true,true,true,true,true],""dacReady"":true,""radioReady"":true,""mlReady"":true,""nullingProfileApplied"":true,""modelProfileReady"":false},""runtimeMcpCode"":[255,519,795,706,799,865,665,139],""model"":{""profileId"":""cnn-dualbranch-datasheet-v1-unbound"",""scalerProfileId"":""cnn-dualbranch-datasheet-v1-unbound"",""productionApproved"":true,""boundNullingProfileId"":8,""activeNullingProfileId"":9,""bindingValid"":true,""bindingModelMatches"":true,""profileReady"":false,""inferenceValid"":false,""sensorFault"":true},""lora"":{""beginState"":0,""lastTxState"":0,""lastTxOk"":false,""txSeq"":0,""txCounter"":0,""aesKeyProvisioned"":true,""aesKeyPresent"":true,""aesKeySource"":""nvs"",""keyId"":1,""lastDownlinkCommandId"":0,""freqMHz"":920,""bwKHz"":125,""sf"":7,""cr"":5,""syncWord"":18,""txPowerDbm"":17,""preamble"":8,""tcxoVoltage"":1.600000024,""xtalVoltage"":0},""dataset"":{""state"":""idle"",""step"":""idle"",""label"":"""",""seq"":0,""targetSamples"":0,""sampleIntervalMs"":500,""maxDurationMs"":0,""useFanIntake"":true,""fanOnMs"":1000,""postFanSettleMs"":0,""nullingProfileId"":9,""queuePending"":0,""queueCapacity"":16,""queueEnqueued"":0,""queueDropped"":0,""publishFailCount"":0,""retryCount"":0,""retryFailCount"":0,""rejectedSamples"":0,""lastRejectReason"":""none"",""lastRejectChannel"":-1,""lastRejectOkFiniteCount"":0,""lastRejectStatus"":255,""lastRejectGain"":0,""lastRejectSaturated"":false},""recovery"":{""wifiReconnectCount"":0,""wifiReconnectFailCount"":0,""mqttReconnectCount"":0,""mqttConnectFailCount"":0,""lastMqttState"":0,""adsRecoveryCount"":0,""adsRecoveryFailCount"":0,""adsReadFailStreak"":0,""lastReason"":""none"",""lastRecoveryMs"":0,""bootRecoveryArmed"":false,""bootRecoveryDueMs"":0,""bootRecoveryReason"":""none"",""bootRecoveryNonAdsFailure"":false,""bootRecoveryRestartCount"":0},""nulling"":{""done"":false,""retryArmed"":false,""attemptCount"":0,""nextRetryMs"":0,""thresholdV"":9.999999747E-06,""minFinalV"":0},""telemetry"":{""valid"":true,""sampleMs"":14096691,""gasClass"":6,""gasName"":""CO2"",""confidence"":0,""alarm"":false,""sensorVoltage"":[-0.001016517,0.004470917,0.005436444,-0.002538222,-0.010103189,-0.012098996,-0.020616066,-0.02661128],""sensorGain"":[64,64,64,64,64,64,64,64],""sensorStatus"":[0,0,0,0,0,0,0,0],""featureOrder"":[""MQ8"",""MQ135"",""MQ3"",""MQ5"",""MQ4"",""MQ7"",""MQ6"",""MQ2""]},""alarmLatched"":false}"
"2026-08-04 13:16:01.686 +07:00","315.502055","RECOVERY_100_AFTER_65","RECOVERY","100","1000","0","1","0","-0.000984962","0.004467484","0.00537984","-0.00255105","-0.010081399","-0.012201212","-0.02055843","-0.026626831","{""deviceId"":""1001"",""nodeId"":4097,""targetChId"":""0010"",""mode"":""inference"",""uptimeMs"":14097786,""debugEnabled"":true,""power"":{""mode"":""24v"",""externalPower"":true,""batteryMv"":65535,""batteryValid"":false,""batteryDetected"":false,""batterySenseStatus"":""not_detected"",""batteryLow"":false,""batteryCritical"":false,""sourceAmbiguous"":false,""serviceHoldActive"":false,""serviceHoldEffective"":false},""batterySession"":{""state"":""inactive"",""startedMs"":0,""stateStartedMs"":0,""validSampleBatches"":0,""requiredSampleBatches"":10,""alarmTxAttempts"":0,""alarmTxAttemptLimit"":3,""alarmAckReceived"":false,""pendingAlarm"":false,""pendingSaveRequired"":false,""persistenceFaultHold"":false,""completionReason"":""session_done""},""bootHealth"":{""adsReady"":true,""adsDrdyLevel"":0,""adsDrdyPulldownLevel"":0,""adsDrdyPullupLevel"":0,""adsMisoPulldownLevel"":0,""adsMisoPullupLevel"":1,""adsCsLevel"":1,""adsSyncLevel"":1,""adsStatus"":54,""adsMux"":15,""adsAdcon"":6,""adsDrate"":240,""adsReason"":""ok"",""tcaOk"":true,""mcpOkCount"":8,""mcpOk"":[true,true,true,true,true,true,true,true],""mcpAddrMask"":[1,1,1,1,1,1,1,1],""mcpControlTested"":true,""mcpControlOkCount"":8,""mcpControlOk"":[true,true,true,true,true,true,true,true],""dacReady"":true,""radioReady"":true,""mlReady"":true,""nullingProfileApplied"":true,""modelProfileReady"":false},""runtimeMcpCode"":[255,519,795,706,799,865,665,139],""model"":{""profileId"":""cnn-dualbranch-datasheet-v1-unbound"",""scalerProfileId"":""cnn-dualbranch-datasheet-v1-unbound"",""productionApproved"":true,""boundNullingProfileId"":8,""activeNullingProfileId"":9,""bindingValid"":true,""bindingModelMatches"":true,""profileReady"":false,""inferenceValid"":false,""sensorFault"":true},""lora"":{""beginState"":0,""lastTxState"":0,""lastTxOk"":false,""txSeq"":0,""txCounter"":0,""aesKeyProvisioned"":true,""aesKeyPresent"":true,""aesKeySource"":""nvs"",""keyId"":1,""lastDownlinkCommandId"":0,""freqMHz"":920,""bwKHz"":125,""sf"":7,""cr"":5,""syncWord"":18,""txPowerDbm"":17,""preamble"":8,""tcxoVoltage"":1.600000024,""xtalVoltage"":0},""dataset"":{""state"":""idle"",""step"":""idle"",""label"":"""",""seq"":0,""targetSamples"":0,""sampleIntervalMs"":500,""maxDurationMs"":0,""useFanIntake"":true,""fanOnMs"":1000,""postFanSettleMs"":0,""nullingProfileId"":9,""queuePending"":0,""queueCapacity"":16,""queueEnqueued"":0,""queueDropped"":0,""publishFailCount"":0,""retryCount"":0,""retryFailCount"":0,""rejectedSamples"":0,""lastRejectReason"":""none"",""lastRejectChannel"":-1,""lastRejectOkFiniteCount"":0,""lastRejectStatus"":255,""lastRejectGain"":0,""lastRejectSaturated"":false},""recovery"":{""wifiReconnectCount"":0,""wifiReconnectFailCount"":0,""mqttReconnectCount"":0,""mqttConnectFailCount"":0,""lastMqttState"":0,""adsRecoveryCount"":0,""adsRecoveryFailCount"":0,""adsReadFailStreak"":0,""lastReason"":""none"",""lastRecoveryMs"":0,""bootRecoveryArmed"":false,""bootRecoveryDueMs"":0,""bootRecoveryReason"":""none"",""bootRecoveryNonAdsFailure"":false,""bootRecoveryRestartCount"":0},""nulling"":{""done"":false,""retryArmed"":false,""attemptCount"":0,""nextRetryMs"":0,""thresholdV"":9.999999747E-06,""minFinalV"":0},""telemetry"":{""valid"":true,""sampleMs"":14097380,""gasClass"":6,""gasName"":""CO2"",""confidence"":0,""alarm"":false,""sensorVoltage"":[-0.000984962,0.004467484,0.00537984,-0.00255105,-0.010081399,-0.012201212,-0.02055843,-0.026626831],""sensorGain"":[64,64,64,64,64,64,64,64],""sensorStatus"":[0,0,0,0,0,0,0,0],""featureOrder"":[""MQ8"",""MQ135"",""MQ3"",""MQ5"",""MQ4"",""MQ7"",""MQ6"",""MQ2""]},""alarmLatched"":false}"
"2026-08-04 13:16:02.387 +07:00","316.2028494","RECOVERY_100_AFTER_65","RECOVERY","100","1000","0","1","0","-0.000978367","0.004482073","0.005373919","-0.002564608","-0.010058964","-0.012200246999999999","-0.02058151","-0.026549587","{""deviceId"":""1001"",""nodeId"":4097,""targetChId"":""0010"",""mode"":""inference"",""uptimeMs"":14098486,""debugEnabled"":true,""power"":{""mode"":""24v"",""externalPower"":true,""batteryMv"":65535,""batteryValid"":false,""batteryDetected"":false,""batterySenseStatus"":""not_detected"",""batteryLow"":false,""batteryCritical"":false,""sourceAmbiguous"":false,""serviceHoldActive"":false,""serviceHoldEffective"":false},""batterySession"":{""state"":""inactive"",""startedMs"":0,""stateStartedMs"":0,""validSampleBatches"":0,""requiredSampleBatches"":10,""alarmTxAttempts"":0,""alarmTxAttemptLimit"":3,""alarmAckReceived"":false,""pendingAlarm"":false,""pendingSaveRequired"":false,""persistenceFaultHold"":false,""completionReason"":""session_done""},""bootHealth"":{""adsReady"":true,""adsDrdyLevel"":0,""adsDrdyPulldownLevel"":0,""adsDrdyPullupLevel"":0,""adsMisoPulldownLevel"":0,""adsMisoPullupLevel"":1,""adsCsLevel"":1,""adsSyncLevel"":1,""adsStatus"":54,""adsMux"":15,""adsAdcon"":6,""adsDrate"":240,""adsReason"":""ok"",""tcaOk"":true,""mcpOkCount"":8,""mcpOk"":[true,true,true,true,true,true,true,true],""mcpAddrMask"":[1,1,1,1,1,1,1,1],""mcpControlTested"":true,""mcpControlOkCount"":8,""mcpControlOk"":[true,true,true,true,true,true,true,true],""dacReady"":true,""radioReady"":true,""mlReady"":true,""nullingProfileApplied"":true,""modelProfileReady"":false},""runtimeMcpCode"":[255,519,795,706,799,865,665,139],""model"":{""profileId"":""cnn-dualbranch-datasheet-v1-unbound"",""scalerProfileId"":""cnn-dualbranch-datasheet-v1-unbound"",""productionApproved"":true,""boundNullingProfileId"":8,""activeNullingProfileId"":9,""bindingValid"":true,""bindingModelMatches"":true,""profileReady"":false,""inferenceValid"":false,""sensorFault"":true},""lora"":{""beginState"":0,""lastTxState"":0,""lastTxOk"":false,""txSeq"":0,""txCounter"":0,""aesKeyProvisioned"":true,""aesKeyPresent"":true,""aesKeySource"":""nvs"",""keyId"":1,""lastDownlinkCommandId"":0,""freqMHz"":920,""bwKHz"":125,""sf"":7,""cr"":5,""syncWord"":18,""txPowerDbm"":17,""preamble"":8,""tcxoVoltage"":1.600000024,""xtalVoltage"":0},""dataset"":{""state"":""idle"",""step"":""idle"",""label"":"""",""seq"":0,""targetSamples"":0,""sampleIntervalMs"":500,""maxDurationMs"":0,""useFanIntake"":true,""fanOnMs"":1000,""postFanSettleMs"":0,""nullingProfileId"":9,""queuePending"":0,""queueCapacity"":16,""queueEnqueued"":0,""queueDropped"":0,""publishFailCount"":0,""retryCount"":0,""retryFailCount"":0,""rejectedSamples"":0,""lastRejectReason"":""none"",""lastRejectChannel"":-1,""lastRejectOkFiniteCount"":0,""lastRejectStatus"":255,""lastRejectGain"":0,""lastRejectSaturated"":false},""recovery"":{""wifiReconnectCount"":0,""wifiReconnectFailCount"":0,""mqttReconnectCount"":0,""mqttConnectFailCount"":0,""lastMqttState"":0,""adsRecoveryCount"":0,""adsRecoveryFailCount"":0,""adsReadFailStreak"":0,""lastReason"":""none"",""lastRecoveryMs"":0,""bootRecoveryArmed"":false,""bootRecoveryDueMs"":0,""bootRecoveryReason"":""none"",""bootRecoveryNonAdsFailure"":false,""bootRecoveryRestartCount"":0},""nulling"":{""done"":false,""retryArmed"":false,""attemptCount"":0,""nextRetryMs"":0,""thresholdV"":9.999999747E-06,""minFinalV"":0},""telemetry"":{""valid"":true,""sampleMs"":14098096,""gasClass"":6,""gasName"":""CO2"",""confidence"":0,""alarm"":false,""sensorVoltage"":[-0.000978367,0.004482073,0.005373919,-0.002564608,-0.010058964,-0.012200247,-0.02058151,-0.026549587],""sensorGain"":[64,64,64,64,64,64,64,64],""sensorStatus"":[0,0,0,0,0,0,0,0],""featureOrder"":[""MQ8"",""MQ135"",""MQ3"",""MQ5"",""MQ4"",""MQ7"",""MQ6"",""MQ2""]},""alarmLatched"":false}"
"2026-08-04 13:16:03.086 +07:00","316.9024157","RECOVERY_100_AFTER_65","RECOVERY","100","1000","0","1","0","-0.000992768","0.004524264","0.005457554","-0.002583106","-0.010059992","-0.012175525","-0.020616118","-0.026594248","{""deviceId"":""1001"",""nodeId"":4097,""targetChId"":""0010"",""mode"":""inference"",""uptimeMs"":14099184,""debugEnabled"":true,""power"":{""mode"":""24v"",""externalPower"":true,""batteryMv"":65535,""batteryValid"":false,""batteryDetected"":false,""batterySenseStatus"":""not_detected"",""batteryLow"":false,""batteryCritical"":false,""sourceAmbiguous"":false,""serviceHoldActive"":false,""serviceHoldEffective"":false},""batterySession"":{""state"":""inactive"",""startedMs"":0,""stateStartedMs"":0,""validSampleBatches"":0,""requiredSampleBatches"":10,""alarmTxAttempts"":0,""alarmTxAttemptLimit"":3,""alarmAckReceived"":false,""pendingAlarm"":false,""pendingSaveRequired"":false,""persistenceFaultHold"":false,""completionReason"":""session_done""},""bootHealth"":{""adsReady"":true,""adsDrdyLevel"":0,""adsDrdyPulldownLevel"":0,""adsDrdyPullupLevel"":0,""adsMisoPulldownLevel"":0,""adsMisoPullupLevel"":1,""adsCsLevel"":1,""adsSyncLevel"":1,""adsStatus"":54,""adsMux"":15,""adsAdcon"":6,""adsDrate"":240,""adsReason"":""ok"",""tcaOk"":true,""mcpOkCount"":8,""mcpOk"":[true,true,true,true,true,true,true,true],""mcpAddrMask"":[1,1,1,1,1,1,1,1],""mcpControlTested"":true,""mcpControlOkCount"":8,""mcpControlOk"":[true,true,true,true,true,true,true,true],""dacReady"":true,""radioReady"":true,""mlReady"":true,""nullingProfileApplied"":true,""modelProfileReady"":false},""runtimeMcpCode"":[255,519,795,706,799,865,665,139],""model"":{""profileId"":""cnn-dualbranch-datasheet-v1-unbound"",""scalerProfileId"":""cnn-dualbranch-datasheet-v1-unbound"",""productionApproved"":true,""boundNullingProfileId"":8,""activeNullingProfileId"":9,""bindingValid"":true,""bindingModelMatches"":true,""profileReady"":false,""inferenceValid"":false,""sensorFault"":true},""lora"":{""beginState"":0,""lastTxState"":0,""lastTxOk"":false,""txSeq"":0,""txCounter"":0,""aesKeyProvisioned"":true,""aesKeyPresent"":true,""aesKeySource"":""nvs"",""keyId"":1,""lastDownlinkCommandId"":0,""freqMHz"":920,""bwKHz"":125,""sf"":7,""cr"":5,""syncWord"":18,""txPowerDbm"":17,""preamble"":8,""tcxoVoltage"":1.600000024,""xtalVoltage"":0},""dataset"":{""state"":""idle"",""step"":""idle"",""label"":"""",""seq"":0,""targetSamples"":0,""sampleIntervalMs"":500,""maxDurationMs"":0,""useFanIntake"":true,""fanOnMs"":1000,""postFanSettleMs"":0,""nullingProfileId"":9,""queuePending"":0,""queueCapacity"":16,""queueEnqueued"":0,""queueDropped"":0,""publishFailCount"":0,""retryCount"":0,""retryFailCount"":0,""rejectedSamples"":0,""lastRejectReason"":""none"",""lastRejectChannel"":-1,""lastRejectOkFiniteCount"":0,""lastRejectStatus"":255,""lastRejectGain"":0,""lastRejectSaturated"":false},""recovery"":{""wifiReconnectCount"":0,""wifiReconnectFailCount"":0,""mqttReconnectCount"":0,""mqttConnectFailCount"":0,""lastMqttState"":0,""adsRecoveryCount"":0,""adsRecoveryFailCount"":0,""adsReadFailStreak"":0,""lastReason"":""none"",""lastRecoveryMs"":0,""bootRecoveryArmed"":false,""bootRecoveryDueMs"":0,""bootRecoveryReason"":""none"",""bootRecoveryNonAdsFailure"":false,""bootRecoveryRestartCount"":0},""nulling"":{""done"":false,""retryArmed"":false,""attemptCount"":0,""nextRetryMs"":0,""thresholdV"":9.999999747E-06,""minFinalV"":0},""telemetry"":{""valid"":true,""sampleMs"":14098764,""gasClass"":6,""gasName"":""CO2"",""confidence"":0,""alarm"":false,""sensorVoltage"":[-0.000992768,0.004524264,0.005457554,-0.002583106,-0.010059992,-0.012175525,-0.020616118,-0.026594248],""sensorGain"":[64,64,64,64,64,64,64,64],""sensorStatus"":[0,0,0,0,0,0,0,0],""featureOrder"":[""MQ8"",""MQ135"",""MQ3"",""MQ5"",""MQ4"",""MQ7"",""MQ6"",""MQ2""]},""alarmLatched"":false}"
"2026-08-04 13:16:03.785 +07:00","317.6014199","RECOVERY_100_AFTER_65","RECOVERY","100","1000","0","1","0","-0.001009412","0.0045568","0.005455753","-0.00256946","-0.010042963","-0.012198578","-0.020621626","-0.026565056","{""deviceId"":""1001"",""nodeId"":4097,""targetChId"":""0010"",""mode"":""inference"",""uptimeMs"":14099885,""debugEnabled"":true,""power"":{""mode"":""24v"",""externalPower"":true,""batteryMv"":65535,""batteryValid"":false,""batteryDetected"":false,""batterySenseStatus"":""not_detected"",""batteryLow"":false,""batteryCritical"":false,""sourceAmbiguous"":false,""serviceHoldActive"":false,""serviceHoldEffective"":false},""batterySession"":{""state"":""inactive"",""startedMs"":0,""stateStartedMs"":0,""validSampleBatches"":0,""requiredSampleBatches"":10,""alarmTxAttempts"":0,""alarmTxAttemptLimit"":3,""alarmAckReceived"":false,""pendingAlarm"":false,""pendingSaveRequired"":false,""persistenceFaultHold"":false,""completionReason"":""session_done""},""bootHealth"":{""adsReady"":true,""adsDrdyLevel"":0,""adsDrdyPulldownLevel"":0,""adsDrdyPullupLevel"":0,""adsMisoPulldownLevel"":0,""adsMisoPullupLevel"":1,""adsCsLevel"":1,""adsSyncLevel"":1,""adsStatus"":54,""adsMux"":15,""adsAdcon"":6,""adsDrate"":240,""adsReason"":""ok"",""tcaOk"":true,""mcpOkCount"":8,""mcpOk"":[true,true,true,true,true,true,true,true],""mcpAddrMask"":[1,1,1,1,1,1,1,1],""mcpControlTested"":true,""mcpControlOkCount"":8,""mcpControlOk"":[true,true,true,true,true,true,true,true],""dacReady"":true,""radioReady"":true,""mlReady"":true,""nullingProfileApplied"":true,""modelProfileReady"":false},""runtimeMcpCode"":[255,519,795,706,799,865,665,139],""model"":{""profileId"":""cnn-dualbranch-datasheet-v1-unbound"",""scalerProfileId"":""cnn-dualbranch-datasheet-v1-unbound"",""productionApproved"":true,""boundNullingProfileId"":8,""activeNullingProfileId"":9,""bindingValid"":true,""bindingModelMatches"":true,""profileReady"":false,""inferenceValid"":false,""sensorFault"":true},""lora"":{""beginState"":0,""lastTxState"":0,""lastTxOk"":false,""txSeq"":0,""txCounter"":0,""aesKeyProvisioned"":true,""aesKeyPresent"":true,""aesKeySource"":""nvs"",""keyId"":1,""lastDownlinkCommandId"":0,""freqMHz"":920,""bwKHz"":125,""sf"":7,""cr"":5,""syncWord"":18,""txPowerDbm"":17,""preamble"":8,""tcxoVoltage"":1.600000024,""xtalVoltage"":0},""dataset"":{""state"":""idle"",""step"":""idle"",""label"":"""",""seq"":0,""targetSamples"":0,""sampleIntervalMs"":500,""maxDurationMs"":0,""useFanIntake"":true,""fanOnMs"":1000,""postFanSettleMs"":0,""nullingProfileId"":9,""queuePending"":0,""queueCapacity"":16,""queueEnqueued"":0,""queueDropped"":0,""publishFailCount"":0,""retryCount"":0,""retryFailCount"":0,""rejectedSamples"":0,""lastRejectReason"":""none"",""lastRejectChannel"":-1,""lastRejectOkFiniteCount"":0,""lastRejectStatus"":255,""lastRejectGain"":0,""lastRejectSaturated"":false},""recovery"":{""wifiReconnectCount"":0,""wifiReconnectFailCount"":0,""mqttReconnectCount"":0,""mqttConnectFailCount"":0,""lastMqttState"":0,""adsRecoveryCount"":0,""adsRecoveryFailCount"":0,""adsReadFailStreak"":0,""lastReason"":""none"",""lastRecoveryMs"":0,""bootRecoveryArmed"":false,""bootRecoveryDueMs"":0,""bootRecoveryReason"":""none"",""bootRecoveryNonAdsFailure"":false,""bootRecoveryRestartCount"":0},""nulling"":{""done"":false,""retryArmed"":false,""attemptCount"":0,""nextRetryMs"":0,""thresholdV"":9.999999747E-06,""minFinalV"":0},""telemetry"":{""valid"":true,""sampleMs"":14099472,""gasClass"":6,""gasName"":""CO2"",""confidence"":0,""alarm"":false,""sensorVoltage"":[-0.001009412,0.0045568,0.005455753,-0.00256946,-0.010042963,-0.012198578,-0.020621626,-0.026565056],""sensorGain"":[64,64,64,64,64,64,64,64],""sensorStatus"":[0,0,0,0,0,0,0,0],""featureOrder"":[""MQ8"",""MQ135"",""MQ3"",""MQ5"",""MQ4"",""MQ7"",""MQ6"",""MQ2""]},""alarmLatched"":false}"
"2026-08-04 13:16:04.469 +07:00","318.285309","RECOVERY_100_AFTER_65","RECOVERY","100","1000","0","1","0","-0.001006303","0.004545658","0.005387948","-0.002536426","-0.01003395","-0.01217095","-0.020550806","-0.02659147","{""deviceId"":""1001"",""nodeId"":4097,""targetChId"":""0010"",""mode"":""inference"",""uptimeMs"":14100568,""debugEnabled"":true,""power"":{""mode"":""24v"",""externalPower"":true,""batteryMv"":65535,""batteryValid"":false,""batteryDetected"":false,""batterySenseStatus"":""not_detected"",""batteryLow"":false,""batteryCritical"":false,""sourceAmbiguous"":false,""serviceHoldActive"":false,""serviceHoldEffective"":false},""batterySession"":{""state"":""inactive"",""startedMs"":0,""stateStartedMs"":0,""validSampleBatches"":0,""requiredSampleBatches"":10,""alarmTxAttempts"":0,""alarmTxAttemptLimit"":3,""alarmAckReceived"":false,""pendingAlarm"":false,""pendingSaveRequired"":false,""persistenceFaultHold"":false,""completionReason"":""session_done""},""bootHealth"":{""adsReady"":true,""adsDrdyLevel"":0,""adsDrdyPulldownLevel"":0,""adsDrdyPullupLevel"":0,""adsMisoPulldownLevel"":0,""adsMisoPullupLevel"":1,""adsCsLevel"":1,""adsSyncLevel"":1,""adsStatus"":54,""adsMux"":15,""adsAdcon"":6,""adsDrate"":240,""adsReason"":""ok"",""tcaOk"":true,""mcpOkCount"":8,""mcpOk"":[true,true,true,true,true,true,true,true],""mcpAddrMask"":[1,1,1,1,1,1,1,1],""mcpControlTested"":true,""mcpControlOkCount"":8,""mcpControlOk"":[true,true,true,true,true,true,true,true],""dacReady"":true,""radioReady"":true,""mlReady"":true,""nullingProfileApplied"":true,""modelProfileReady"":false},""runtimeMcpCode"":[255,519,795,706,799,865,665,139],""model"":{""profileId"":""cnn-dualbranch-datasheet-v1-unbound"",""scalerProfileId"":""cnn-dualbranch-datasheet-v1-unbound"",""productionApproved"":true,""boundNullingProfileId"":8,""activeNullingProfileId"":9,""bindingValid"":true,""bindingModelMatches"":true,""profileReady"":false,""inferenceValid"":false,""sensorFault"":true},""lora"":{""beginState"":0,""lastTxState"":0,""lastTxOk"":false,""txSeq"":0,""txCounter"":0,""aesKeyProvisioned"":true,""aesKeyPresent"":true,""aesKeySource"":""nvs"",""keyId"":1,""lastDownlinkCommandId"":0,""freqMHz"":920,""bwKHz"":125,""sf"":7,""cr"":5,""syncWord"":18,""txPowerDbm"":17,""preamble"":8,""tcxoVoltage"":1.600000024,""xtalVoltage"":0},""dataset"":{""state"":""idle"",""step"":""idle"",""label"":"""",""seq"":0,""targetSamples"":0,""sampleIntervalMs"":500,""maxDurationMs"":0,""useFanIntake"":true,""fanOnMs"":1000,""postFanSettleMs"":0,""nullingProfileId"":9,""queuePending"":0,""queueCapacity"":16,""queueEnqueued"":0,""queueDropped"":0,""publishFailCount"":0,""retryCount"":0,""retryFailCount"":0,""rejectedSamples"":0,""lastRejectReason"":""none"",""lastRejectChannel"":-1,""lastRejectOkFiniteCount"":0,""lastRejectStatus"":255,""lastRejectGain"":0,""lastRejectSaturated"":false},""recovery"":{""wifiReconnectCount"":0,""wifiReconnectFailCount"":0,""mqttReconnectCount"":0,""mqttConnectFailCount"":0,""lastMqttState"":0,""adsRecoveryCount"":0,""adsRecoveryFailCount"":0,""adsReadFailStreak"":0,""lastReason"":""none"",""lastRecoveryMs"":0,""bootRecoveryArmed"":false,""bootRecoveryDueMs"":0,""bootRecoveryReason"":""none"",""bootRecoveryNonAdsFailure"":false,""bootRecoveryRestartCount"":0},""nulling"":{""done"":false,""retryArmed"":false,""attemptCount"":0,""nextRetryMs"":0,""thresholdV"":9.999999747E-06,""minFinalV"":0},""telemetry"":{""valid"":true,""sampleMs"":14100195,""gasClass"":6,""gasName"":""CO2"",""confidence"":0,""alarm"":false,""sensorVoltage"":[-0.001006303,0.004545658,0.005387948,-0.002536426,-0.01003395,-0.01217095,-0.020550806,-0.02659147],""sensorGain"":[64,64,64,64,64,64,64,64],""sensorStatus"":[0,0,0,0,0,0,0,0],""featureOrder"":[""MQ8"",""MQ135"",""MQ3"",""MQ5"",""MQ4"",""MQ7"",""MQ6"",""MQ2""]},""alarmLatched"":false}"
"2026-08-04 13:16:05.150 +07:00","318.96636229999996","RECOVERY_100_AFTER_65","RECOVERY","100","1000","0","1","0","-0.000990971","0.004528982","0.005396392","-0.002546075","-0.010018585","-0.012231978","-0.020518731","-0.02658906","{""deviceId"":""1001"",""nodeId"":4097,""targetChId"":""0010"",""mode"":""inference"",""uptimeMs"":14101250,""debugEnabled"":true,""power"":{""mode"":""24v"",""externalPower"":true,""batteryMv"":65535,""batteryValid"":false,""batteryDetected"":false,""batterySenseStatus"":""not_detected"",""batteryLow"":false,""batteryCritical"":false,""sourceAmbiguous"":false,""serviceHoldActive"":false,""serviceHoldEffective"":false},""batterySession"":{""state"":""inactive"",""startedMs"":0,""stateStartedMs"":0,""validSampleBatches"":0,""requiredSampleBatches"":10,""alarmTxAttempts"":0,""alarmTxAttemptLimit"":3,""alarmAckReceived"":false,""pendingAlarm"":false,""pendingSaveRequired"":false,""persistenceFaultHold"":false,""completionReason"":""session_done""},""bootHealth"":{""adsReady"":true,""adsDrdyLevel"":0,""adsDrdyPulldownLevel"":0,""adsDrdyPullupLevel"":0,""adsMisoPulldownLevel"":0,""adsMisoPullupLevel"":1,""adsCsLevel"":1,""adsSyncLevel"":1,""adsStatus"":54,""adsMux"":15,""adsAdcon"":6,""adsDrate"":240,""adsReason"":""ok"",""tcaOk"":true,""mcpOkCount"":8,""mcpOk"":[true,true,true,true,true,true,true,true],""mcpAddrMask"":[1,1,1,1,1,1,1,1],""mcpControlTested"":true,""mcpControlOkCount"":8,""mcpControlOk"":[true,true,true,true,true,true,true,true],""dacReady"":true,""radioReady"":true,""mlReady"":true,""nullingProfileApplied"":true,""modelProfileReady"":false},""runtimeMcpCode"":[255,519,795,706,799,865,665,139],""model"":{""profileId"":""cnn-dualbranch-datasheet-v1-unbound"",""scalerProfileId"":""cnn-dualbranch-datasheet-v1-unbound"",""productionApproved"":true,""boundNullingProfileId"":8,""activeNullingProfileId"":9,""bindingValid"":true,""bindingModelMatches"":true,""profileReady"":false,""inferenceValid"":false,""sensorFault"":true},""lora"":{""beginState"":0,""lastTxState"":0,""lastTxOk"":false,""txSeq"":0,""txCounter"":0,""aesKeyProvisioned"":true,""aesKeyPresent"":true,""aesKeySource"":""nvs"",""keyId"":1,""lastDownlinkCommandId"":0,""freqMHz"":920,""bwKHz"":125,""sf"":7,""cr"":5,""syncWord"":18,""txPowerDbm"":17,""preamble"":8,""tcxoVoltage"":1.600000024,""xtalVoltage"":0},""dataset"":{""state"":""idle"",""step"":""idle"",""label"":"""",""seq"":0,""targetSamples"":0,""sampleIntervalMs"":500,""maxDurationMs"":0,""useFanIntake"":true,""fanOnMs"":1000,""postFanSettleMs"":0,""nullingProfileId"":9,""queuePending"":0,""queueCapacity"":16,""queueEnqueued"":0,""queueDropped"":0,""publishFailCount"":0,""retryCount"":0,""retryFailCount"":0,""rejectedSamples"":0,""lastRejectReason"":""none"",""lastRejectChannel"":-1,""lastRejectOkFiniteCount"":0,""lastRejectStatus"":255,""lastRejectGain"":0,""lastRejectSaturated"":false},""recovery"":{""wifiReconnectCount"":0,""wifiReconnectFailCount"":0,""mqttReconnectCount"":0,""mqttConnectFailCount"":0,""lastMqttState"":0,""adsRecoveryCount"":0,""adsRecoveryFailCount"":0,""adsReadFailStreak"":0,""lastReason"":""none"",""lastRecoveryMs"":0,""bootRecoveryArmed"":false,""bootRecoveryDueMs"":0,""bootRecoveryReason"":""none"",""bootRecoveryNonAdsFailure"":false,""bootRecoveryRestartCount"":0},""nulling"":{""done"":false,""retryArmed"":false,""attemptCount"":0,""nextRetryMs"":0,""thresholdV"":9.999999747E-06,""minFinalV"":0},""telemetry"":{""valid"":true,""sampleMs"":14100846,""gasClass"":6,""gasName"":""CO2"",""confidence"":0,""alarm"":false,""sensorVoltage"":[-0.000990971,0.004528982,0.005396392,-0.002546075,-0.010018585,-0.012231978,-0.020518731,-0.02658906],""sensorGain"":[64,64,64,64,64,64,64,64],""sensorStatus"":[0,0,0,0,0,0,0,0],""featureOrder"":[""MQ8"",""MQ135"",""MQ3"",""MQ5"",""MQ4"",""MQ7"",""MQ6"",""MQ2""]},""alarmLatched"":false}"
"2026-08-04 13:16:05.849 +07:00","319.6652532","RECOVERY_100_AFTER_65","RECOVERY","100","1000","0","1","0","-0.00102033","0.004522796","0.005404904","-0.002560913","-0.010026941","-0.012252981","-0.020506212","-0.0266045","{""deviceId"":""1001"",""nodeId"":4097,""targetChId"":""0010"",""mode"":""inference"",""uptimeMs"":14101948,""debugEnabled"":true,""power"":{""mode"":""24v"",""externalPower"":true,""batteryMv"":65535,""batteryValid"":false,""batteryDetected"":false,""batterySenseStatus"":""not_detected"",""batteryLow"":false,""batteryCritical"":false,""sourceAmbiguous"":false,""serviceHoldActive"":false,""serviceHoldEffective"":false},""batterySession"":{""state"":""inactive"",""startedMs"":0,""stateStartedMs"":0,""validSampleBatches"":0,""requiredSampleBatches"":10,""alarmTxAttempts"":0,""alarmTxAttemptLimit"":3,""alarmAckReceived"":false,""pendingAlarm"":false,""pendingSaveRequired"":false,""persistenceFaultHold"":false,""completionReason"":""session_done""},""bootHealth"":{""adsReady"":true,""adsDrdyLevel"":0,""adsDrdyPulldownLevel"":0,""adsDrdyPullupLevel"":0,""adsMisoPulldownLevel"":0,""adsMisoPullupLevel"":1,""adsCsLevel"":1,""adsSyncLevel"":1,""adsStatus"":54,""adsMux"":15,""adsAdcon"":6,""adsDrate"":240,""adsReason"":""ok"",""tcaOk"":true,""mcpOkCount"":8,""mcpOk"":[true,true,true,true,true,true,true,true],""mcpAddrMask"":[1,1,1,1,1,1,1,1],""mcpControlTested"":true,""mcpControlOkCount"":8,""mcpControlOk"":[true,true,true,true,true,true,true,true],""dacReady"":true,""radioReady"":true,""mlReady"":true,""nullingProfileApplied"":true,""modelProfileReady"":false},""runtimeMcpCode"":[255,519,795,706,799,865,665,139],""model"":{""profileId"":""cnn-dualbranch-datasheet-v1-unbound"",""scalerProfileId"":""cnn-dualbranch-datasheet-v1-unbound"",""productionApproved"":true,""boundNullingProfileId"":8,""activeNullingProfileId"":9,""bindingValid"":true,""bindingModelMatches"":true,""profileReady"":false,""inferenceValid"":false,""sensorFault"":true},""lora"":{""beginState"":0,""lastTxState"":0,""lastTxOk"":false,""txSeq"":0,""txCounter"":0,""aesKeyProvisioned"":true,""aesKeyPresent"":true,""aesKeySource"":""nvs"",""keyId"":1,""lastDownlinkCommandId"":0,""freqMHz"":920,""bwKHz"":125,""sf"":7,""cr"":5,""syncWord"":18,""txPowerDbm"":17,""preamble"":8,""tcxoVoltage"":1.600000024,""xtalVoltage"":0},""dataset"":{""state"":""idle"",""step"":""idle"",""label"":"""",""seq"":0,""targetSamples"":0,""sampleIntervalMs"":500,""maxDurationMs"":0,""useFanIntake"":true,""fanOnMs"":1000,""postFanSettleMs"":0,""nullingProfileId"":9,""queuePending"":0,""queueCapacity"":16,""queueEnqueued"":0,""queueDropped"":0,""publishFailCount"":0,""retryCount"":0,""retryFailCount"":0,""rejectedSamples"":0,""lastRejectReason"":""none"",""lastRejectChannel"":-1,""lastRejectOkFiniteCount"":0,""lastRejectStatus"":255,""lastRejectGain"":0,""lastRejectSaturated"":false},""recovery"":{""wifiReconnectCount"":0,""wifiReconnectFailCount"":0,""mqttReconnectCount"":0,""mqttConnectFailCount"":0,""lastMqttState"":0,""adsRecoveryCount"":0,""adsRecoveryFailCount"":0,""adsReadFailStreak"":0,""lastReason"":""none"",""lastRecoveryMs"":0,""bootRecoveryArmed"":false,""bootRecoveryDueMs"":0,""bootRecoveryReason"":""none"",""bootRecoveryNonAdsFailure"":false,""bootRecoveryRestartCount"":0},""nulling"":{""done"":false,""retryArmed"":false,""attemptCount"":0,""nextRetryMs"":0,""thresholdV"":9.999999747E-06,""minFinalV"":0},""telemetry"":{""valid"":true,""sampleMs"":14101528,""gasClass"":6,""gasName"":""CO2"",""confidence"":0,""alarm"":false,""sensorVoltage"":[-0.00102033,0.004522796,0.005404904,-0.002560913,-0.010026941,-0.012252981,-0.020506212,-0.0266045],""sensorGain"":[64,64,64,64,64,64,64,64],""sensorStatus"":[0,0,0,0,0,0,0,0],""featureOrder"":[""MQ8"",""MQ135"",""MQ3"",""MQ5"",""MQ4"",""MQ7"",""MQ6"",""MQ2""]},""alarmLatched"":false}"
"2026-08-04 13:16:06.672 +07:00","320.4883657","RECOVERY_100_AFTER_65","RECOVERY","100","1000","0","1","0","-0.001018326","0.004502297","0.005425655","-0.002520044","-0.009991539","-0.012253987","-0.020509882","-0.026654759","{""deviceId"":""1001"",""nodeId"":4097,""targetChId"":""0010"",""mode"":""inference"",""uptimeMs"":14102768,""debugEnabled"":true,""power"":{""mode"":""24v"",""externalPower"":true,""batteryMv"":65535,""batteryValid"":false,""batteryDetected"":false,""batterySenseStatus"":""not_detected"",""batteryLow"":false,""batteryCritical"":false,""sourceAmbiguous"":false,""serviceHoldActive"":false,""serviceHoldEffective"":false},""batterySession"":{""state"":""inactive"",""startedMs"":0,""stateStartedMs"":0,""validSampleBatches"":0,""requiredSampleBatches"":10,""alarmTxAttempts"":0,""alarmTxAttemptLimit"":3,""alarmAckReceived"":false,""pendingAlarm"":false,""pendingSaveRequired"":false,""persistenceFaultHold"":false,""completionReason"":""session_done""},""bootHealth"":{""adsReady"":true,""adsDrdyLevel"":0,""adsDrdyPulldownLevel"":0,""adsDrdyPullupLevel"":0,""adsMisoPulldownLevel"":0,""adsMisoPullupLevel"":1,""adsCsLevel"":1,""adsSyncLevel"":1,""adsStatus"":54,""adsMux"":15,""adsAdcon"":6,""adsDrate"":240,""adsReason"":""ok"",""tcaOk"":true,""mcpOkCount"":8,""mcpOk"":[true,true,true,true,true,true,true,true],""mcpAddrMask"":[1,1,1,1,1,1,1,1],""mcpControlTested"":true,""mcpControlOkCount"":8,""mcpControlOk"":[true,true,true,true,true,true,true,true],""dacReady"":true,""radioReady"":true,""mlReady"":true,""nullingProfileApplied"":true,""modelProfileReady"":false},""runtimeMcpCode"":[255,519,795,706,799,865,665,139],""model"":{""profileId"":""cnn-dualbranch-datasheet-v1-unbound"",""scalerProfileId"":""cnn-dualbranch-datasheet-v1-unbound"",""productionApproved"":true,""boundNullingProfileId"":8,""activeNullingProfileId"":9,""bindingValid"":true,""bindingModelMatches"":true,""profileReady"":false,""inferenceValid"":false,""sensorFault"":true},""lora"":{""beginState"":0,""lastTxState"":0,""lastTxOk"":false,""txSeq"":0,""txCounter"":0,""aesKeyProvisioned"":true,""aesKeyPresent"":true,""aesKeySource"":""nvs"",""keyId"":1,""lastDownlinkCommandId"":0,""freqMHz"":920,""bwKHz"":125,""sf"":7,""cr"":5,""syncWord"":18,""txPowerDbm"":17,""preamble"":8,""tcxoVoltage"":1.600000024,""xtalVoltage"":0},""dataset"":{""state"":""idle"",""step"":""idle"",""label"":"""",""seq"":0,""targetSamples"":0,""sampleIntervalMs"":500,""maxDurationMs"":0,""useFanIntake"":true,""fanOnMs"":1000,""postFanSettleMs"":0,""nullingProfileId"":9,""queuePending"":0,""queueCapacity"":16,""queueEnqueued"":0,""queueDropped"":0,""publishFailCount"":0,""retryCount"":0,""retryFailCount"":0,""rejectedSamples"":0,""lastRejectReason"":""none"",""lastRejectChannel"":-1,""lastRejectOkFiniteCount"":0,""lastRejectStatus"":255,""lastRejectGain"":0,""lastRejectSaturated"":false},""recovery"":{""wifiReconnectCount"":0,""wifiReconnectFailCount"":0,""mqttReconnectCount"":0,""mqttConnectFailCount"":0,""lastMqttState"":0,""adsRecoveryCount"":0,""adsRecoveryFailCount"":0,""adsReadFailStreak"":0,""lastReason"":""none"",""lastRecoveryMs"":0,""bootRecoveryArmed"":false,""bootRecoveryDueMs"":0,""bootRecoveryReason"":""none"",""bootRecoveryNonAdsFailure"":false,""bootRecoveryRestartCount"":0},""nulling"":{""done"":false,""retryArmed"":false,""attemptCount"":0,""nextRetryMs"":0,""thresholdV"":9.999999747E-06,""minFinalV"":0},""telemetry"":{""valid"":true,""sampleMs"":14102258,""gasClass"":6,""gasName"":""CO2"",""confidence"":0,""alarm"":false,""sensorVoltage"":[-0.001018326,0.004502297,0.005425655,-0.002520044,-0.009991539,-0.012253987,-0.020509882,-0.026654759],""sensorGain"":[64,64,64,64,64,64,64,64],""sensorStatus"":[0,0,0,0,0,0,0,0],""featureOrder"":[""MQ8"",""MQ135"",""MQ3"",""MQ5"",""MQ4"",""MQ7"",""MQ6"",""MQ2""]},""alarmLatched"":false}"
"2026-08-04 13:16:07.365 +07:00","321.1808833","RECOVERY_100_AFTER_65","RECOVERY","100","1000","0","1","0","-0.00102966","0.004519288","0.00542264","-0.002512384","-0.010004213","-0.012220742","-0.020503048","-0.026731838","{""deviceId"":""1001"",""nodeId"":4097,""targetChId"":""0010"",""mode"":""inference"",""uptimeMs"":14103463,""debugEnabled"":true,""power"":{""mode"":""24v"",""externalPower"":true,""batteryMv"":65535,""batteryValid"":false,""batteryDetected"":false,""batterySenseStatus"":""not_detected"",""batteryLow"":false,""batteryCritical"":false,""sourceAmbiguous"":false,""serviceHoldActive"":false,""serviceHoldEffective"":false},""batterySession"":{""state"":""inactive"",""startedMs"":0,""stateStartedMs"":0,""validSampleBatches"":0,""requiredSampleBatches"":10,""alarmTxAttempts"":0,""alarmTxAttemptLimit"":3,""alarmAckReceived"":false,""pendingAlarm"":false,""pendingSaveRequired"":false,""persistenceFaultHold"":false,""completionReason"":""session_done""},""bootHealth"":{""adsReady"":true,""adsDrdyLevel"":0,""adsDrdyPulldownLevel"":0,""adsDrdyPullupLevel"":0,""adsMisoPulldownLevel"":0,""adsMisoPullupLevel"":1,""adsCsLevel"":1,""adsSyncLevel"":1,""adsStatus"":54,""adsMux"":15,""adsAdcon"":6,""adsDrate"":240,""adsReason"":""ok"",""tcaOk"":true,""mcpOkCount"":8,""mcpOk"":[true,true,true,true,true,true,true,true],""mcpAddrMask"":[1,1,1,1,1,1,1,1],""mcpControlTested"":true,""mcpControlOkCount"":8,""mcpControlOk"":[true,true,true,true,true,true,true,true],""dacReady"":true,""radioReady"":true,""mlReady"":true,""nullingProfileApplied"":true,""modelProfileReady"":false},""runtimeMcpCode"":[255,519,795,706,799,865,665,139],""model"":{""profileId"":""cnn-dualbranch-datasheet-v1-unbound"",""scalerProfileId"":""cnn-dualbranch-datasheet-v1-unbound"",""productionApproved"":true,""boundNullingProfileId"":8,""activeNullingProfileId"":9,""bindingValid"":true,""bindingModelMatches"":true,""profileReady"":false,""inferenceValid"":false,""sensorFault"":true},""lora"":{""beginState"":0,""lastTxState"":0,""lastTxOk"":false,""txSeq"":0,""txCounter"":0,""aesKeyProvisioned"":true,""aesKeyPresent"":true,""aesKeySource"":""nvs"",""keyId"":1,""lastDownlinkCommandId"":0,""freqMHz"":920,""bwKHz"":125,""sf"":7,""cr"":5,""syncWord"":18,""txPowerDbm"":17,""preamble"":8,""tcxoVoltage"":1.600000024,""xtalVoltage"":0},""dataset"":{""state"":""idle"",""step"":""idle"",""label"":"""",""seq"":0,""targetSamples"":0,""sampleIntervalMs"":500,""maxDurationMs"":0,""useFanIntake"":true,""fanOnMs"":1000,""postFanSettleMs"":0,""nullingProfileId"":9,""queuePending"":0,""queueCapacity"":16,""queueEnqueued"":0,""queueDropped"":0,""publishFailCount"":0,""retryCount"":0,""retryFailCount"":0,""rejectedSamples"":0,""lastRejectReason"":""none"",""lastRejectChannel"":-1,""lastRejectOkFiniteCount"":0,""lastRejectStatus"":255,""lastRejectGain"":0,""lastRejectSaturated"":false},""recovery"":{""wifiReconnectCount"":0,""wifiReconnectFailCount"":0,""mqttReconnectCount"":0,""mqttConnectFailCount"":0,""lastMqttState"":0,""adsRecoveryCount"":0,""adsRecoveryFailCount"":0,""adsReadFailStreak"":0,""lastReason"":""none"",""lastRecoveryMs"":0,""bootRecoveryArmed"":false,""bootRecoveryDueMs"":0,""bootRecoveryReason"":""none"",""bootRecoveryNonAdsFailure"":false,""bootRecoveryRestartCount"":0},""nulling"":{""done"":false,""retryArmed"":false,""attemptCount"":0,""nextRetryMs"":0,""thresholdV"":9.999999747E-06,""minFinalV"":0},""telemetry"":{""valid"":true,""sampleMs"":14103056,""gasClass"":6,""gasName"":""CO2"",""confidence"":0,""alarm"":false,""sensorVoltage"":[-0.00102966,0.004519288,0.00542264,-0.002512384,-0.010004213,-0.012220742,-0.020503048,-0.026731838],""sensorGain"":[64,64,64,64,64,64,64,64],""sensorStatus"":[0,0,0,0,0,0,0,0],""featureOrder"":[""MQ8"",""MQ135"",""MQ3"",""MQ5"",""MQ4"",""MQ7"",""MQ6"",""MQ2""]},""alarmLatched"":false}"
"2026-08-04 13:16:08.069 +07:00","321.88473139999996","RECOVERY_100_AFTER_65","RECOVERY","100","1000","0","1","0","-0.000994978","0.004523845","0.005432771","-0.002567224","-0.009963299","-0.012231678","-0.020491321","-0.026787331","{""deviceId"":""1001"",""nodeId"":4097,""targetChId"":""0010"",""mode"":""inference"",""uptimeMs"":14104166,""debugEnabled"":true,""power"":{""mode"":""24v"",""externalPower"":true,""batteryMv"":65535,""batteryValid"":false,""batteryDetected"":false,""batterySenseStatus"":""not_detected"",""batteryLow"":false,""batteryCritical"":false,""sourceAmbiguous"":false,""serviceHoldActive"":false,""serviceHoldEffective"":false},""batterySession"":{""state"":""inactive"",""startedMs"":0,""stateStartedMs"":0,""validSampleBatches"":0,""requiredSampleBatches"":10,""alarmTxAttempts"":0,""alarmTxAttemptLimit"":3,""alarmAckReceived"":false,""pendingAlarm"":false,""pendingSaveRequired"":false,""persistenceFaultHold"":false,""completionReason"":""session_done""},""bootHealth"":{""adsReady"":true,""adsDrdyLevel"":0,""adsDrdyPulldownLevel"":0,""adsDrdyPullupLevel"":0,""adsMisoPulldownLevel"":0,""adsMisoPullupLevel"":1,""adsCsLevel"":1,""adsSyncLevel"":1,""adsStatus"":54,""adsMux"":15,""adsAdcon"":6,""adsDrate"":240,""adsReason"":""ok"",""tcaOk"":true,""mcpOkCount"":8,""mcpOk"":[true,true,true,true,true,true,true,true],""mcpAddrMask"":[1,1,1,1,1,1,1,1],""mcpControlTested"":true,""mcpControlOkCount"":8,""mcpControlOk"":[true,true,true,true,true,true,true,true],""dacReady"":true,""radioReady"":true,""mlReady"":true,""nullingProfileApplied"":true,""modelProfileReady"":false},""runtimeMcpCode"":[255,519,795,706,799,865,665,139],""model"":{""profileId"":""cnn-dualbranch-datasheet-v1-unbound"",""scalerProfileId"":""cnn-dualbranch-datasheet-v1-unbound"",""productionApproved"":true,""boundNullingProfileId"":8,""activeNullingProfileId"":9,""bindingValid"":true,""bindingModelMatches"":true,""profileReady"":false,""inferenceValid"":false,""sensorFault"":true},""lora"":{""beginState"":0,""lastTxState"":0,""lastTxOk"":false,""txSeq"":0,""txCounter"":0,""aesKeyProvisioned"":true,""aesKeyPresent"":true,""aesKeySource"":""nvs"",""keyId"":1,""lastDownlinkCommandId"":0,""freqMHz"":920,""bwKHz"":125,""sf"":7,""cr"":5,""syncWord"":18,""txPowerDbm"":17,""preamble"":8,""tcxoVoltage"":1.600000024,""xtalVoltage"":0},""dataset"":{""state"":""idle"",""step"":""idle"",""label"":"""",""seq"":0,""targetSamples"":0,""sampleIntervalMs"":500,""maxDurationMs"":0,""useFanIntake"":true,""fanOnMs"":1000,""postFanSettleMs"":0,""nullingProfileId"":9,""queuePending"":0,""queueCapacity"":16,""queueEnqueued"":0,""queueDropped"":0,""publishFailCount"":0,""retryCount"":0,""retryFailCount"":0,""rejectedSamples"":0,""lastRejectReason"":""none"",""lastRejectChannel"":-1,""lastRejectOkFiniteCount"":0,""lastRejectStatus"":255,""lastRejectGain"":0,""lastRejectSaturated"":false},""recovery"":{""wifiReconnectCount"":0,""wifiReconnectFailCount"":0,""mqttReconnectCount"":0,""mqttConnectFailCount"":0,""lastMqttState"":0,""adsRecoveryCount"":0,""adsRecoveryFailCount"":0,""adsReadFailStreak"":0,""lastReason"":""none"",""lastRecoveryMs"":0,""bootRecoveryArmed"":false,""bootRecoveryDueMs"":0,""bootRecoveryReason"":""none"",""bootRecoveryNonAdsFailure"":false,""bootRecoveryRestartCount"":0},""nulling"":{""done"":false,""retryArmed"":false,""attemptCount"":0,""nextRetryMs"":0,""thresholdV"":9.999999747E-06,""minFinalV"":0},""telemetry"":{""valid"":true,""sampleMs"":14103741,""gasClass"":6,""gasName"":""CO2"",""confidence"":0,""alarm"":false,""sensorVoltage"":[-0.000994978,0.004523845,0.005432771,-0.002567224,-0.009963299,-0.012231678,-0.020491321,-0.026787331],""sensorGain"":[64,64,64,64,64,64,64,64],""sensorStatus"":[0,0,0,0,0,0,0,0],""featureOrder"":[""MQ8"",""MQ135"",""MQ3"",""MQ5"",""MQ4"",""MQ7"",""MQ6"",""MQ2""]},""alarmLatched"":false}"
"2026-08-04 13:16:08.763 +07:00","322.57928649999997","RECOVERY_100_AFTER_65","RECOVERY","100","1000","0","1","0","-0.00101251","0.004543706","0.005388281","-0.002575617","-0.009983577","-0.012188404","-0.020533606","-0.02678664","{""deviceId"":""1001"",""nodeId"":4097,""targetChId"":""0010"",""mode"":""inference"",""uptimeMs"":14104861,""debugEnabled"":true,""power"":{""mode"":""24v"",""externalPower"":true,""batteryMv"":65535,""batteryValid"":false,""batteryDetected"":false,""batterySenseStatus"":""not_detected"",""batteryLow"":false,""batteryCritical"":false,""sourceAmbiguous"":false,""serviceHoldActive"":false,""serviceHoldEffective"":false},""batterySession"":{""state"":""inactive"",""startedMs"":0,""stateStartedMs"":0,""validSampleBatches"":0,""requiredSampleBatches"":10,""alarmTxAttempts"":0,""alarmTxAttemptLimit"":3,""alarmAckReceived"":false,""pendingAlarm"":false,""pendingSaveRequired"":false,""persistenceFaultHold"":false,""completionReason"":""session_done""},""bootHealth"":{""adsReady"":true,""adsDrdyLevel"":0,""adsDrdyPulldownLevel"":0,""adsDrdyPullupLevel"":0,""adsMisoPulldownLevel"":0,""adsMisoPullupLevel"":1,""adsCsLevel"":1,""adsSyncLevel"":1,""adsStatus"":54,""adsMux"":15,""adsAdcon"":6,""adsDrate"":240,""adsReason"":""ok"",""tcaOk"":true,""mcpOkCount"":8,""mcpOk"":[true,true,true,true,true,true,true,true],""mcpAddrMask"":[1,1,1,1,1,1,1,1],""mcpControlTested"":true,""mcpControlOkCount"":8,""mcpControlOk"":[true,true,true,true,true,true,true,true],""dacReady"":true,""radioReady"":true,""mlReady"":true,""nullingProfileApplied"":true,""modelProfileReady"":false},""runtimeMcpCode"":[255,519,795,706,799,865,665,139],""model"":{""profileId"":""cnn-dualbranch-datasheet-v1-unbound"",""scalerProfileId"":""cnn-dualbranch-datasheet-v1-unbound"",""productionApproved"":true,""boundNullingProfileId"":8,""activeNullingProfileId"":9,""bindingValid"":true,""bindingModelMatches"":true,""profileReady"":false,""inferenceValid"":false,""sensorFault"":true},""lora"":{""beginState"":0,""lastTxState"":0,""lastTxOk"":false,""txSeq"":0,""txCounter"":0,""aesKeyProvisioned"":true,""aesKeyPresent"":true,""aesKeySource"":""nvs"",""keyId"":1,""lastDownlinkCommandId"":0,""freqMHz"":920,""bwKHz"":125,""sf"":7,""cr"":5,""syncWord"":18,""txPowerDbm"":17,""preamble"":8,""tcxoVoltage"":1.600000024,""xtalVoltage"":0},""dataset"":{""state"":""idle"",""step"":""idle"",""label"":"""",""seq"":0,""targetSamples"":0,""sampleIntervalMs"":500,""maxDurationMs"":0,""useFanIntake"":true,""fanOnMs"":1000,""postFanSettleMs"":0,""nullingProfileId"":9,""queuePending"":0,""queueCapacity"":16,""queueEnqueued"":0,""queueDropped"":0,""publishFailCount"":0,""retryCount"":0,""retryFailCount"":0,""rejectedSamples"":0,""lastRejectReason"":""none"",""lastRejectChannel"":-1,""lastRejectOkFiniteCount"":0,""lastRejectStatus"":255,""lastRejectGain"":0,""lastRejectSaturated"":false},""recovery"":{""wifiReconnectCount"":0,""wifiReconnectFailCount"":0,""mqttReconnectCount"":0,""mqttConnectFailCount"":0,""lastMqttState"":0,""adsRecoveryCount"":0,""adsRecoveryFailCount"":0,""adsReadFailStreak"":0,""lastReason"":""none"",""lastRecoveryMs"":0,""bootRecoveryArmed"":false,""bootRecoveryDueMs"":0,""bootRecoveryReason"":""none"",""bootRecoveryNonAdsFailure"":false,""bootRecoveryRestartCount"":0},""nulling"":{""done"":false,""retryArmed"":false,""attemptCount"":0,""nextRetryMs"":0,""thresholdV"":9.999999747E-06,""minFinalV"":0},""telemetry"":{""valid"":true,""sampleMs"":14104486,""gasClass"":6,""gasName"":""CO2"",""confidence"":0,""alarm"":false,""sensorVoltage"":[-0.00101251,0.004543706,0.005388281,-0.002575617,-0.009983577,-0.012188404,-0.020533606,-0.02678664],""sensorGain"":[64,64,64,64,64,64,64,64],""sensorStatus"":[0,0,0,0,0,0,0,0],""featureOrder"":[""MQ8"",""MQ135"",""MQ3"",""MQ5"",""MQ4"",""MQ7"",""MQ6"",""MQ2""]},""alarmLatched"":false}"
"2026-08-04 13:16:09.450 +07:00","323.266401","RECOVERY_100_AFTER_65","RECOVERY","100","1000","0","1","0","-0.001019681","0.00447729","0.005414341","-0.002575251","-0.009990372","-0.012212751","-0.020520909","-0.026817197","{""deviceId"":""1001"",""nodeId"":4097,""targetChId"":""0010"",""mode"":""inference"",""uptimeMs"":14105548,""debugEnabled"":true,""power"":{""mode"":""24v"",""externalPower"":true,""batteryMv"":65535,""batteryValid"":false,""batteryDetected"":false,""batterySenseStatus"":""not_detected"",""batteryLow"":false,""batteryCritical"":false,""sourceAmbiguous"":false,""serviceHoldActive"":false,""serviceHoldEffective"":false},""batterySession"":{""state"":""inactive"",""startedMs"":0,""stateStartedMs"":0,""validSampleBatches"":0,""requiredSampleBatches"":10,""alarmTxAttempts"":0,""alarmTxAttemptLimit"":3,""alarmAckReceived"":false,""pendingAlarm"":false,""pendingSaveRequired"":false,""persistenceFaultHold"":false,""completionReason"":""session_done""},""bootHealth"":{""adsReady"":true,""adsDrdyLevel"":0,""adsDrdyPulldownLevel"":0,""adsDrdyPullupLevel"":0,""adsMisoPulldownLevel"":0,""adsMisoPullupLevel"":1,""adsCsLevel"":1,""adsSyncLevel"":1,""adsStatus"":54,""adsMux"":15,""adsAdcon"":6,""adsDrate"":240,""adsReason"":""ok"",""tcaOk"":true,""mcpOkCount"":8,""mcpOk"":[true,true,true,true,true,true,true,true],""mcpAddrMask"":[1,1,1,1,1,1,1,1],""mcpControlTested"":true,""mcpControlOkCount"":8,""mcpControlOk"":[true,true,true,true,true,true,true,true],""dacReady"":true,""radioReady"":true,""mlReady"":true,""nullingProfileApplied"":true,""modelProfileReady"":false},""runtimeMcpCode"":[255,519,795,706,799,865,665,139],""model"":{""profileId"":""cnn-dualbranch-datasheet-v1-unbound"",""scalerProfileId"":""cnn-dualbranch-datasheet-v1-unbound"",""productionApproved"":true,""boundNullingProfileId"":8,""activeNullingProfileId"":9,""bindingValid"":true,""bindingModelMatches"":true,""profileReady"":false,""inferenceValid"":false,""sensorFault"":true},""lora"":{""beginState"":0,""lastTxState"":0,""lastTxOk"":false,""txSeq"":0,""txCounter"":0,""aesKeyProvisioned"":true,""aesKeyPresent"":true,""aesKeySource"":""nvs"",""keyId"":1,""lastDownlinkCommandId"":0,""freqMHz"":920,""bwKHz"":125,""sf"":7,""cr"":5,""syncWord"":18,""txPowerDbm"":17,""preamble"":8,""tcxoVoltage"":1.600000024,""xtalVoltage"":0},""dataset"":{""state"":""idle"",""step"":""idle"",""label"":"""",""seq"":0,""targetSamples"":0,""sampleIntervalMs"":500,""maxDurationMs"":0,""useFanIntake"":true,""fanOnMs"":1000,""postFanSettleMs"":0,""nullingProfileId"":9,""queuePending"":0,""queueCapacity"":16,""queueEnqueued"":0,""queueDropped"":0,""publishFailCount"":0,""retryCount"":0,""retryFailCount"":0,""rejectedSamples"":0,""lastRejectReason"":""none"",""lastRejectChannel"":-1,""lastRejectOkFiniteCount"":0,""lastRejectStatus"":255,""lastRejectGain"":0,""lastRejectSaturated"":false},""recovery"":{""wifiReconnectCount"":0,""wifiReconnectFailCount"":0,""mqttReconnectCount"":0,""mqttConnectFailCount"":0,""lastMqttState"":0,""adsRecoveryCount"":0,""adsRecoveryFailCount"":0,""adsReadFailStreak"":0,""lastReason"":""none"",""lastRecoveryMs"":0,""bootRecoveryArmed"":false,""bootRecoveryDueMs"":0,""bootRecoveryReason"":""none"",""bootRecoveryNonAdsFailure"":false,""bootRecoveryRestartCount"":0},""nulling"":{""done"":false,""retryArmed"":false,""attemptCount"":0,""nextRetryMs"":0,""thresholdV"":9.999999747E-06,""minFinalV"":0},""telemetry"":{""valid"":true,""sampleMs"":14105144,""gasClass"":6,""gasName"":""CO2"",""confidence"":0,""alarm"":false,""sensorVoltage"":[-0.001019681,0.00447729,0.005414341,-0.002575251,-0.009990372,-0.012212751,-0.020520909,-0.026817197],""sensorGain"":[64,64,64,64,64,64,64,64],""sensorStatus"":[0,0,0,0,0,0,0,0],""featureOrder"":[""MQ8"",""MQ135"",""MQ3"",""MQ5"",""MQ4"",""MQ7"",""MQ6"",""MQ2""]},""alarmLatched"":false}"
"2026-08-04 13:16:10.149 +07:00","323.9653452","RECOVERY_100_AFTER_65","RECOVERY","100","1000","0","1","0","-0.001014904","0.004454009","0.005319911","-0.002589507","-0.009974301","-0.012205389","-0.020477505","-0.026772538","{""deviceId"":""1001"",""nodeId"":4097,""targetChId"":""0010"",""mode"":""inference"",""uptimeMs"":14106248,""debugEnabled"":true,""power"":{""mode"":""24v"",""externalPower"":true,""batteryMv"":65535,""batteryValid"":false,""batteryDetected"":false,""batterySenseStatus"":""not_detected"",""batteryLow"":false,""batteryCritical"":false,""sourceAmbiguous"":false,""serviceHoldActive"":false,""serviceHoldEffective"":false},""batterySession"":{""state"":""inactive"",""startedMs"":0,""stateStartedMs"":0,""validSampleBatches"":0,""requiredSampleBatches"":10,""alarmTxAttempts"":0,""alarmTxAttemptLimit"":3,""alarmAckReceived"":false,""pendingAlarm"":false,""pendingSaveRequired"":false,""persistenceFaultHold"":false,""completionReason"":""session_done""},""bootHealth"":{""adsReady"":true,""adsDrdyLevel"":0,""adsDrdyPulldownLevel"":0,""adsDrdyPullupLevel"":0,""adsMisoPulldownLevel"":0,""adsMisoPullupLevel"":1,""adsCsLevel"":1,""adsSyncLevel"":1,""adsStatus"":54,""adsMux"":15,""adsAdcon"":6,""adsDrate"":240,""adsReason"":""ok"",""tcaOk"":true,""mcpOkCount"":8,""mcpOk"":[true,true,true,true,true,true,true,true],""mcpAddrMask"":[1,1,1,1,1,1,1,1],""mcpControlTested"":true,""mcpControlOkCount"":8,""mcpControlOk"":[true,true,true,true,true,true,true,true],""dacReady"":true,""radioReady"":true,""mlReady"":true,""nullingProfileApplied"":true,""modelProfileReady"":false},""runtimeMcpCode"":[255,519,795,706,799,865,665,139],""model"":{""profileId"":""cnn-dualbranch-datasheet-v1-unbound"",""scalerProfileId"":""cnn-dualbranch-datasheet-v1-unbound"",""productionApproved"":true,""boundNullingProfileId"":8,""activeNullingProfileId"":9,""bindingValid"":true,""bindingModelMatches"":true,""profileReady"":false,""inferenceValid"":false,""sensorFault"":true},""lora"":{""beginState"":0,""lastTxState"":0,""lastTxOk"":false,""txSeq"":0,""txCounter"":0,""aesKeyProvisioned"":true,""aesKeyPresent"":true,""aesKeySource"":""nvs"",""keyId"":1,""lastDownlinkCommandId"":0,""freqMHz"":920,""bwKHz"":125,""sf"":7,""cr"":5,""syncWord"":18,""txPowerDbm"":17,""preamble"":8,""tcxoVoltage"":1.600000024,""xtalVoltage"":0},""dataset"":{""state"":""idle"",""step"":""idle"",""label"":"""",""seq"":0,""targetSamples"":0,""sampleIntervalMs"":500,""maxDurationMs"":0,""useFanIntake"":true,""fanOnMs"":1000,""postFanSettleMs"":0,""nullingProfileId"":9,""queuePending"":0,""queueCapacity"":16,""queueEnqueued"":0,""queueDropped"":0,""publishFailCount"":0,""retryCount"":0,""retryFailCount"":0,""rejectedSamples"":0,""lastRejectReason"":""none"",""lastRejectChannel"":-1,""lastRejectOkFiniteCount"":0,""lastRejectStatus"":255,""lastRejectGain"":0,""lastRejectSaturated"":false},""recovery"":{""wifiReconnectCount"":0,""wifiReconnectFailCount"":0,""mqttReconnectCount"":0,""mqttConnectFailCount"":0,""lastMqttState"":0,""adsRecoveryCount"":0,""adsRecoveryFailCount"":0,""adsReadFailStreak"":0,""lastReason"":""none"",""lastRecoveryMs"":0,""bootRecoveryArmed"":false,""bootRecoveryDueMs"":0,""bootRecoveryReason"":""none"",""bootRecoveryNonAdsFailure"":false,""bootRecoveryRestartCount"":0},""nulling"":{""done"":false,""retryArmed"":false,""attemptCount"":0,""nextRetryMs"":0,""thresholdV"":9.999999747E-06,""minFinalV"":0},""telemetry"":{""valid"":true,""sampleMs"":14105826,""gasClass"":6,""gasName"":""CO2"",""confidence"":0,""alarm"":false,""sensorVoltage"":[-0.001014904,0.004454009,0.005319911,-0.002589507,-0.009974301,-0.012205389,-0.020477505,-0.026772538],""sensorGain"":[64,64,64,64,64,64,64,64],""sensorStatus"":[0,0,0,0,0,0,0,0],""featureOrder"":[""MQ8"",""MQ135"",""MQ3"",""MQ5"",""MQ4"",""MQ7"",""MQ6"",""MQ2""]},""alarmLatched"":false}"
"2026-08-04 13:16:10.831 +07:00","324.64705019999997","RECOVERY_100_AFTER_65","RECOVERY","100","1000","0","1","0","-0.000998913","0.004402929","0.005333453","-0.002576758","-0.009963717","-0.012196499","-0.020477915","-0.026788091","{""deviceId"":""1001"",""nodeId"":4097,""targetChId"":""0010"",""mode"":""inference"",""uptimeMs"":14106929,""debugEnabled"":true,""power"":{""mode"":""24v"",""externalPower"":true,""batteryMv"":65535,""batteryValid"":false,""batteryDetected"":false,""batterySenseStatus"":""not_detected"",""batteryLow"":false,""batteryCritical"":false,""sourceAmbiguous"":false,""serviceHoldActive"":false,""serviceHoldEffective"":false},""batterySession"":{""state"":""inactive"",""startedMs"":0,""stateStartedMs"":0,""validSampleBatches"":0,""requiredSampleBatches"":10,""alarmTxAttempts"":0,""alarmTxAttemptLimit"":3,""alarmAckReceived"":false,""pendingAlarm"":false,""pendingSaveRequired"":false,""persistenceFaultHold"":false,""completionReason"":""session_done""},""bootHealth"":{""adsReady"":true,""adsDrdyLevel"":0,""adsDrdyPulldownLevel"":0,""adsDrdyPullupLevel"":0,""adsMisoPulldownLevel"":0,""adsMisoPullupLevel"":1,""adsCsLevel"":1,""adsSyncLevel"":1,""adsStatus"":54,""adsMux"":15,""adsAdcon"":6,""adsDrate"":240,""adsReason"":""ok"",""tcaOk"":true,""mcpOkCount"":8,""mcpOk"":[true,true,true,true,true,true,true,true],""mcpAddrMask"":[1,1,1,1,1,1,1,1],""mcpControlTested"":true,""mcpControlOkCount"":8,""mcpControlOk"":[true,true,true,true,true,true,true,true],""dacReady"":true,""radioReady"":true,""mlReady"":true,""nullingProfileApplied"":true,""modelProfileReady"":false},""runtimeMcpCode"":[255,519,795,706,799,865,665,139],""model"":{""profileId"":""cnn-dualbranch-datasheet-v1-unbound"",""scalerProfileId"":""cnn-dualbranch-datasheet-v1-unbound"",""productionApproved"":true,""boundNullingProfileId"":8,""activeNullingProfileId"":9,""bindingValid"":true,""bindingModelMatches"":true,""profileReady"":false,""inferenceValid"":false,""sensorFault"":true},""lora"":{""beginState"":0,""lastTxState"":0,""lastTxOk"":false,""txSeq"":0,""txCounter"":0,""aesKeyProvisioned"":true,""aesKeyPresent"":true,""aesKeySource"":""nvs"",""keyId"":1,""lastDownlinkCommandId"":0,""freqMHz"":920,""bwKHz"":125,""sf"":7,""cr"":5,""syncWord"":18,""txPowerDbm"":17,""preamble"":8,""tcxoVoltage"":1.600000024,""xtalVoltage"":0},""dataset"":{""state"":""idle"",""step"":""idle"",""label"":"""",""seq"":0,""targetSamples"":0,""sampleIntervalMs"":500,""maxDurationMs"":0,""useFanIntake"":true,""fanOnMs"":1000,""postFanSettleMs"":0,""nullingProfileId"":9,""queuePending"":0,""queueCapacity"":16,""queueEnqueued"":0,""queueDropped"":0,""publishFailCount"":0,""retryCount"":0,""retryFailCount"":0,""rejectedSamples"":0,""lastRejectReason"":""none"",""lastRejectChannel"":-1,""lastRejectOkFiniteCount"":0,""lastRejectStatus"":255,""lastRejectGain"":0,""lastRejectSaturated"":false},""recovery"":{""wifiReconnectCount"":0,""wifiReconnectFailCount"":0,""mqttReconnectCount"":0,""mqttConnectFailCount"":0,""lastMqttState"":0,""adsRecoveryCount"":0,""adsRecoveryFailCount"":0,""adsReadFailStreak"":0,""lastReason"":""none"",""lastRecoveryMs"":0,""bootRecoveryArmed"":false,""bootRecoveryDueMs"":0,""bootRecoveryReason"":""none"",""bootRecoveryNonAdsFailure"":false,""bootRecoveryRestartCount"":0},""nulling"":{""done"":false,""retryArmed"":false,""attemptCount"":0,""nextRetryMs"":0,""thresholdV"":9.999999747E-06,""minFinalV"":0},""telemetry"":{""valid"":true,""sampleMs"":14106568,""gasClass"":6,""gasName"":""CO2"",""confidence"":0,""alarm"":false,""sensorVoltage"":[-0.000998913,0.004402929,0.005333453,-0.002576758,-0.009963717,-0.012196499,-0.020477915,-0.026788091],""sensorGain"":[64,64,64,64,64,64,64,64],""sensorStatus"":[0,0,0,0,0,0,0,0],""featureOrder"":[""MQ8"",""MQ135"",""MQ3"",""MQ5"",""MQ4"",""MQ7"",""MQ6"",""MQ2""]},""alarmLatched"":false}"
"2026-08-04 13:16:11.531 +07:00","325.3476434","RECOVERY_100_AFTER_65","RECOVERY","100","1000","0","1","0","-0.000987196","0.004385832","0.005323303","-0.002627474","-0.00998865","-0.012304885","-0.020465566","-0.026785273","{""deviceId"":""1001"",""nodeId"":4097,""targetChId"":""0010"",""mode"":""inference"",""uptimeMs"":14107630,""debugEnabled"":true,""power"":{""mode"":""24v"",""externalPower"":true,""batteryMv"":65535,""batteryValid"":false,""batteryDetected"":false,""batterySenseStatus"":""not_detected"",""batteryLow"":false,""batteryCritical"":false,""sourceAmbiguous"":false,""serviceHoldActive"":false,""serviceHoldEffective"":false},""batterySession"":{""state"":""inactive"",""startedMs"":0,""stateStartedMs"":0,""validSampleBatches"":0,""requiredSampleBatches"":10,""alarmTxAttempts"":0,""alarmTxAttemptLimit"":3,""alarmAckReceived"":false,""pendingAlarm"":false,""pendingSaveRequired"":false,""persistenceFaultHold"":false,""completionReason"":""session_done""},""bootHealth"":{""adsReady"":true,""adsDrdyLevel"":0,""adsDrdyPulldownLevel"":0,""adsDrdyPullupLevel"":0,""adsMisoPulldownLevel"":0,""adsMisoPullupLevel"":1,""adsCsLevel"":1,""adsSyncLevel"":1,""adsStatus"":54,""adsMux"":15,""adsAdcon"":6,""adsDrate"":240,""adsReason"":""ok"",""tcaOk"":true,""mcpOkCount"":8,""mcpOk"":[true,true,true,true,true,true,true,true],""mcpAddrMask"":[1,1,1,1,1,1,1,1],""mcpControlTested"":true,""mcpControlOkCount"":8,""mcpControlOk"":[true,true,true,true,true,true,true,true],""dacReady"":true,""radioReady"":true,""mlReady"":true,""nullingProfileApplied"":true,""modelProfileReady"":false},""runtimeMcpCode"":[255,519,795,706,799,865,665,139],""model"":{""profileId"":""cnn-dualbranch-datasheet-v1-unbound"",""scalerProfileId"":""cnn-dualbranch-datasheet-v1-unbound"",""productionApproved"":true,""boundNullingProfileId"":8,""activeNullingProfileId"":9,""bindingValid"":true,""bindingModelMatches"":true,""profileReady"":false,""inferenceValid"":false,""sensorFault"":true},""lora"":{""beginState"":0,""lastTxState"":0,""lastTxOk"":false,""txSeq"":0,""txCounter"":0,""aesKeyProvisioned"":true,""aesKeyPresent"":true,""aesKeySource"":""nvs"",""keyId"":1,""lastDownlinkCommandId"":0,""freqMHz"":920,""bwKHz"":125,""sf"":7,""cr"":5,""syncWord"":18,""txPowerDbm"":17,""preamble"":8,""tcxoVoltage"":1.600000024,""xtalVoltage"":0},""dataset"":{""state"":""idle"",""step"":""idle"",""label"":"""",""seq"":0,""targetSamples"":0,""sampleIntervalMs"":500,""maxDurationMs"":0,""useFanIntake"":true,""fanOnMs"":1000,""postFanSettleMs"":0,""nullingProfileId"":9,""queuePending"":0,""queueCapacity"":16,""queueEnqueued"":0,""queueDropped"":0,""publishFailCount"":0,""retryCount"":0,""retryFailCount"":0,""rejectedSamples"":0,""lastRejectReason"":""none"",""lastRejectChannel"":-1,""lastRejectOkFiniteCount"":0,""lastRejectStatus"":255,""lastRejectGain"":0,""lastRejectSaturated"":false},""recovery"":{""wifiReconnectCount"":0,""wifiReconnectFailCount"":0,""mqttReconnectCount"":0,""mqttConnectFailCount"":0,""lastMqttState"":0,""adsRecoveryCount"":0,""adsRecoveryFailCount"":0,""adsReadFailStreak"":0,""lastReason"":""none"",""lastRecoveryMs"":0,""bootRecoveryArmed"":false,""bootRecoveryDueMs"":0,""bootRecoveryReason"":""none"",""bootRecoveryNonAdsFailure"":false,""bootRecoveryRestartCount"":0},""nulling"":{""done"":false,""retryArmed"":false,""attemptCount"":0,""nextRetryMs"":0,""thresholdV"":9.999999747E-06,""minFinalV"":0},""telemetry"":{""valid"":true,""sampleMs"":14107217,""gasClass"":6,""gasName"":""CO2"",""confidence"":0,""alarm"":false,""sensorVoltage"":[-0.000987196,0.004385832,0.005323303,-0.002627474,-0.00998865,-0.012304885,-0.020465566,-0.026785273],""sensorGain"":[64,64,64,64,64,64,64,64],""sensorStatus"":[0,0,0,0,0,0,0,0],""featureOrder"":[""MQ8"",""MQ135"",""MQ3"",""MQ5"",""MQ4"",""MQ7"",""MQ6"",""MQ2""]},""alarmLatched"":false}"
"2026-08-04 13:16:12.234 +07:00","326.050642","RECOVERY_100_AFTER_65","RECOVERY","100","1000","0","1","0","-0.001004752","0.004401139","0.00530913","-0.002602679","-0.010009233","-0.012307844","-0.020482145","-0.026784748","{""deviceId"":""1001"",""nodeId"":4097,""targetChId"":""0010"",""mode"":""inference"",""uptimeMs"":14108331,""debugEnabled"":true,""power"":{""mode"":""24v"",""externalPower"":true,""batteryMv"":65535,""batteryValid"":false,""batteryDetected"":false,""batterySenseStatus"":""not_detected"",""batteryLow"":false,""batteryCritical"":false,""sourceAmbiguous"":false,""serviceHoldActive"":false,""serviceHoldEffective"":false},""batterySession"":{""state"":""inactive"",""startedMs"":0,""stateStartedMs"":0,""validSampleBatches"":0,""requiredSampleBatches"":10,""alarmTxAttempts"":0,""alarmTxAttemptLimit"":3,""alarmAckReceived"":false,""pendingAlarm"":false,""pendingSaveRequired"":false,""persistenceFaultHold"":false,""completionReason"":""session_done""},""bootHealth"":{""adsReady"":true,""adsDrdyLevel"":0,""adsDrdyPulldownLevel"":0,""adsDrdyPullupLevel"":0,""adsMisoPulldownLevel"":0,""adsMisoPullupLevel"":1,""adsCsLevel"":1,""adsSyncLevel"":1,""adsStatus"":54,""adsMux"":15,""adsAdcon"":6,""adsDrate"":240,""adsReason"":""ok"",""tcaOk"":true,""mcpOkCount"":8,""mcpOk"":[true,true,true,true,true,true,true,true],""mcpAddrMask"":[1,1,1,1,1,1,1,1],""mcpControlTested"":true,""mcpControlOkCount"":8,""mcpControlOk"":[true,true,true,true,true,true,true,true],""dacReady"":true,""radioReady"":true,""mlReady"":true,""nullingProfileApplied"":true,""modelProfileReady"":false},""runtimeMcpCode"":[255,519,795,706,799,865,665,139],""model"":{""profileId"":""cnn-dualbranch-datasheet-v1-unbound"",""scalerProfileId"":""cnn-dualbranch-datasheet-v1-unbound"",""productionApproved"":true,""boundNullingProfileId"":8,""activeNullingProfileId"":9,""bindingValid"":true,""bindingModelMatches"":true,""profileReady"":false,""inferenceValid"":false,""sensorFault"":true},""lora"":{""beginState"":0,""lastTxState"":0,""lastTxOk"":false,""txSeq"":0,""txCounter"":0,""aesKeyProvisioned"":true,""aesKeyPresent"":true,""aesKeySource"":""nvs"",""keyId"":1,""lastDownlinkCommandId"":0,""freqMHz"":920,""bwKHz"":125,""sf"":7,""cr"":5,""syncWord"":18,""txPowerDbm"":17,""preamble"":8,""tcxoVoltage"":1.600000024,""xtalVoltage"":0},""dataset"":{""state"":""idle"",""step"":""idle"",""label"":"""",""seq"":0,""targetSamples"":0,""sampleIntervalMs"":500,""maxDurationMs"":0,""useFanIntake"":true,""fanOnMs"":1000,""postFanSettleMs"":0,""nullingProfileId"":9,""queuePending"":0,""queueCapacity"":16,""queueEnqueued"":0,""queueDropped"":0,""publishFailCount"":0,""retryCount"":0,""retryFailCount"":0,""rejectedSamples"":0,""lastRejectReason"":""none"",""lastRejectChannel"":-1,""lastRejectOkFiniteCount"":0,""lastRejectStatus"":255,""lastRejectGain"":0,""lastRejectSaturated"":false},""recovery"":{""wifiReconnectCount"":0,""wifiReconnectFailCount"":0,""mqttReconnectCount"":0,""mqttConnectFailCount"":0,""lastMqttState"":0,""adsRecoveryCount"":0,""adsRecoveryFailCount"":0,""adsReadFailStreak"":0,""lastReason"":""none"",""lastRecoveryMs"":0,""bootRecoveryArmed"":false,""bootRecoveryDueMs"":0,""bootRecoveryReason"":""none"",""bootRecoveryNonAdsFailure"":false,""bootRecoveryRestartCount"":0},""nulling"":{""done"":false,""retryArmed"":false,""attemptCount"":0,""nextRetryMs"":0,""thresholdV"":9.999999747E-06,""minFinalV"":0},""telemetry"":{""valid"":true,""sampleMs"":14107908,""gasClass"":6,""gasName"":""CO2"",""confidence"":0,""alarm"":false,""sensorVoltage"":[-0.001004752,0.004401139,0.00530913,-0.002602679,-0.010009233,-0.012307844,-0.020482145,-0.026784748],""sensorGain"":[64,64,64,64,64,64,64,64],""sensorStatus"":[0,0,0,0,0,0,0,0],""featureOrder"":[""MQ8"",""MQ135"",""MQ3"",""MQ5"",""MQ4"",""MQ7"",""MQ6"",""MQ2""]},""alarmLatched"":false}"
"2026-08-04 13:16:12.933 +07:00","326.7490954","RECOVERY_100_AFTER_65","RECOVERY","100","1000","0","1","0","-0.000978105","0.004336019","0.005280303","-0.002614815","-0.010011071","-0.012377968","-0.020472605","-0.026755352","{""deviceId"":""1001"",""nodeId"":4097,""targetChId"":""0010"",""mode"":""inference"",""uptimeMs"":14109030,""debugEnabled"":true,""power"":{""mode"":""24v"",""externalPower"":true,""batteryMv"":65535,""batteryValid"":false,""batteryDetected"":false,""batterySenseStatus"":""not_detected"",""batteryLow"":false,""batteryCritical"":false,""sourceAmbiguous"":false,""serviceHoldActive"":false,""serviceHoldEffective"":false},""batterySession"":{""state"":""inactive"",""startedMs"":0,""stateStartedMs"":0,""validSampleBatches"":0,""requiredSampleBatches"":10,""alarmTxAttempts"":0,""alarmTxAttemptLimit"":3,""alarmAckReceived"":false,""pendingAlarm"":false,""pendingSaveRequired"":false,""persistenceFaultHold"":false,""completionReason"":""session_done""},""bootHealth"":{""adsReady"":true,""adsDrdyLevel"":0,""adsDrdyPulldownLevel"":0,""adsDrdyPullupLevel"":0,""adsMisoPulldownLevel"":0,""adsMisoPullupLevel"":1,""adsCsLevel"":1,""adsSyncLevel"":1,""adsStatus"":54,""adsMux"":15,""adsAdcon"":6,""adsDrate"":240,""adsReason"":""ok"",""tcaOk"":true,""mcpOkCount"":8,""mcpOk"":[true,true,true,true,true,true,true,true],""mcpAddrMask"":[1,1,1,1,1,1,1,1],""mcpControlTested"":true,""mcpControlOkCount"":8,""mcpControlOk"":[true,true,true,true,true,true,true,true],""dacReady"":true,""radioReady"":true,""mlReady"":true,""nullingProfileApplied"":true,""modelProfileReady"":false},""runtimeMcpCode"":[255,519,795,706,799,865,665,139],""model"":{""profileId"":""cnn-dualbranch-datasheet-v1-unbound"",""scalerProfileId"":""cnn-dualbranch-datasheet-v1-unbound"",""productionApproved"":true,""boundNullingProfileId"":8,""activeNullingProfileId"":9,""bindingValid"":true,""bindingModelMatches"":true,""profileReady"":false,""inferenceValid"":false,""sensorFault"":true},""lora"":{""beginState"":0,""lastTxState"":0,""lastTxOk"":false,""txSeq"":0,""txCounter"":0,""aesKeyProvisioned"":true,""aesKeyPresent"":true,""aesKeySource"":""nvs"",""keyId"":1,""lastDownlinkCommandId"":0,""freqMHz"":920,""bwKHz"":125,""sf"":7,""cr"":5,""syncWord"":18,""txPowerDbm"":17,""preamble"":8,""tcxoVoltage"":1.600000024,""xtalVoltage"":0},""dataset"":{""state"":""idle"",""step"":""idle"",""label"":"""",""seq"":0,""targetSamples"":0,""sampleIntervalMs"":500,""maxDurationMs"":0,""useFanIntake"":true,""fanOnMs"":1000,""postFanSettleMs"":0,""nullingProfileId"":9,""queuePending"":0,""queueCapacity"":16,""queueEnqueued"":0,""queueDropped"":0,""publishFailCount"":0,""retryCount"":0,""retryFailCount"":0,""rejectedSamples"":0,""lastRejectReason"":""none"",""lastRejectChannel"":-1,""lastRejectOkFiniteCount"":0,""lastRejectStatus"":255,""lastRejectGain"":0,""lastRejectSaturated"":false},""recovery"":{""wifiReconnectCount"":0,""wifiReconnectFailCount"":0,""mqttReconnectCount"":0,""mqttConnectFailCount"":0,""lastMqttState"":0,""adsRecoveryCount"":0,""adsRecoveryFailCount"":0,""adsReadFailStreak"":0,""lastReason"":""none"",""lastRecoveryMs"":0,""bootRecoveryArmed"":false,""bootRecoveryDueMs"":0,""bootRecoveryReason"":""none"",""bootRecoveryNonAdsFailure"":false,""bootRecoveryRestartCount"":0},""nulling"":{""done"":false,""retryArmed"":false,""attemptCount"":0,""nextRetryMs"":0,""thresholdV"":9.999999747E-06,""minFinalV"":0},""telemetry"":{""valid"":true,""sampleMs"":14108641,""gasClass"":6,""gasName"":""CO2"",""confidence"":0,""alarm"":false,""sensorVoltage"":[-0.000978105,0.004336019,0.005280303,-0.002614815,-0.010011071,-0.012377968,-0.020472605,-0.026755352],""sensorGain"":[64,64,64,64,64,64,64,64],""sensorStatus"":[0,0,0,0,0,0,0,0],""featureOrder"":[""MQ8"",""MQ135"",""MQ3"",""MQ5"",""MQ4"",""MQ7"",""MQ6"",""MQ2""]},""alarmLatched"":false}"
"2026-08-04 13:16:13.952 +07:00","327.7678962","RECOVERY_100_AFTER_65","RECOVERY","100","1000","0","1","0","-0.00093246","0.004389591","0.005292351","-0.002609892","-0.010007204","-0.012412952","-0.020452049","-0.026584452","{""deviceId"":""1001"",""nodeId"":4097,""targetChId"":""0010"",""mode"":""inference"",""uptimeMs"":14110051,""debugEnabled"":true,""power"":{""mode"":""24v"",""externalPower"":true,""batteryMv"":65535,""batteryValid"":false,""batteryDetected"":false,""batterySenseStatus"":""not_detected"",""batteryLow"":false,""batteryCritical"":false,""sourceAmbiguous"":false,""serviceHoldActive"":false,""serviceHoldEffective"":false},""batterySession"":{""state"":""inactive"",""startedMs"":0,""stateStartedMs"":0,""validSampleBatches"":0,""requiredSampleBatches"":10,""alarmTxAttempts"":0,""alarmTxAttemptLimit"":3,""alarmAckReceived"":false,""pendingAlarm"":false,""pendingSaveRequired"":false,""persistenceFaultHold"":false,""completionReason"":""session_done""},""bootHealth"":{""adsReady"":true,""adsDrdyLevel"":0,""adsDrdyPulldownLevel"":0,""adsDrdyPullupLevel"":0,""adsMisoPulldownLevel"":0,""adsMisoPullupLevel"":1,""adsCsLevel"":1,""adsSyncLevel"":1,""adsStatus"":54,""adsMux"":15,""adsAdcon"":6,""adsDrate"":240,""adsReason"":""ok"",""tcaOk"":true,""mcpOkCount"":8,""mcpOk"":[true,true,true,true,true,true,true,true],""mcpAddrMask"":[1,1,1,1,1,1,1,1],""mcpControlTested"":true,""mcpControlOkCount"":8,""mcpControlOk"":[true,true,true,true,true,true,true,true],""dacReady"":true,""radioReady"":true,""mlReady"":true,""nullingProfileApplied"":true,""modelProfileReady"":false},""runtimeMcpCode"":[255,519,795,706,799,865,665,139],""model"":{""profileId"":""cnn-dualbranch-datasheet-v1-unbound"",""scalerProfileId"":""cnn-dualbranch-datasheet-v1-unbound"",""productionApproved"":true,""boundNullingProfileId"":8,""activeNullingProfileId"":9,""bindingValid"":true,""bindingModelMatches"":true,""profileReady"":false,""inferenceValid"":false,""sensorFault"":true},""lora"":{""beginState"":0,""lastTxState"":0,""lastTxOk"":false,""txSeq"":0,""txCounter"":0,""aesKeyProvisioned"":true,""aesKeyPresent"":true,""aesKeySource"":""nvs"",""keyId"":1,""lastDownlinkCommandId"":0,""freqMHz"":920,""bwKHz"":125,""sf"":7,""cr"":5,""syncWord"":18,""txPowerDbm"":17,""preamble"":8,""tcxoVoltage"":1.600000024,""xtalVoltage"":0},""dataset"":{""state"":""idle"",""step"":""idle"",""label"":"""",""seq"":0,""targetSamples"":0,""sampleIntervalMs"":500,""maxDurationMs"":0,""useFanIntake"":true,""fanOnMs"":1000,""postFanSettleMs"":0,""nullingProfileId"":9,""queuePending"":0,""queueCapacity"":16,""queueEnqueued"":0,""queueDropped"":0,""publishFailCount"":0,""retryCount"":0,""retryFailCount"":0,""rejectedSamples"":0,""lastRejectReason"":""none"",""lastRejectChannel"":-1,""lastRejectOkFiniteCount"":0,""lastRejectStatus"":255,""lastRejectGain"":0,""lastRejectSaturated"":false},""recovery"":{""wifiReconnectCount"":0,""wifiReconnectFailCount"":0,""mqttReconnectCount"":0,""mqttConnectFailCount"":0,""lastMqttState"":0,""adsRecoveryCount"":0,""adsRecoveryFailCount"":0,""adsReadFailStreak"":0,""lastReason"":""none"",""lastRecoveryMs"":0,""bootRecoveryArmed"":false,""bootRecoveryDueMs"":0,""bootRecoveryReason"":""none"",""bootRecoveryNonAdsFailure"":false,""bootRecoveryRestartCount"":0},""nulling"":{""done"":false,""retryArmed"":false,""attemptCount"":0,""nextRetryMs"":0,""thresholdV"":9.999999747E-06,""minFinalV"":0},""telemetry"":{""valid"":true,""sampleMs"":14109818,""gasClass"":6,""gasName"":""CO2"",""confidence"":0,""alarm"":false,""sensorVoltage"":[-0.00093246,0.004389591,0.005292351,-0.002609892,-0.010007204,-0.012412952,-0.020452049,-0.026584452],""sensorGain"":[64,64,64,64,64,64,64,64],""sensorStatus"":[0,0,0,0,0,0,0,0],""featureOrder"":[""MQ8"",""MQ135"",""MQ3"",""MQ5"",""MQ4"",""MQ7"",""MQ6"",""MQ2""]},""alarmLatched"":false}"
"2026-08-04 13:16:14.647 +07:00","328.46357639999997","RECOVERY_100_AFTER_65","RECOVERY","100","1000","0","1","0","-0.000946438","0.004389185","0.005297319","-0.002603746","-0.010026744","-0.012409279","-0.02044023","-0.026579604","{""deviceId"":""1001"",""nodeId"":4097,""targetChId"":""0010"",""mode"":""inference"",""uptimeMs"":14110746,""debugEnabled"":true,""power"":{""mode"":""24v"",""externalPower"":true,""batteryMv"":65535,""batteryValid"":false,""batteryDetected"":false,""batterySenseStatus"":""not_detected"",""batteryLow"":false,""batteryCritical"":false,""sourceAmbiguous"":false,""serviceHoldActive"":false,""serviceHoldEffective"":false},""batterySession"":{""state"":""inactive"",""startedMs"":0,""stateStartedMs"":0,""validSampleBatches"":0,""requiredSampleBatches"":10,""alarmTxAttempts"":0,""alarmTxAttemptLimit"":3,""alarmAckReceived"":false,""pendingAlarm"":false,""pendingSaveRequired"":false,""persistenceFaultHold"":false,""completionReason"":""session_done""},""bootHealth"":{""adsReady"":true,""adsDrdyLevel"":0,""adsDrdyPulldownLevel"":0,""adsDrdyPullupLevel"":0,""adsMisoPulldownLevel"":0,""adsMisoPullupLevel"":1,""adsCsLevel"":1,""adsSyncLevel"":1,""adsStatus"":54,""adsMux"":15,""adsAdcon"":6,""adsDrate"":240,""adsReason"":""ok"",""tcaOk"":true,""mcpOkCount"":8,""mcpOk"":[true,true,true,true,true,true,true,true],""mcpAddrMask"":[1,1,1,1,1,1,1,1],""mcpControlTested"":true,""mcpControlOkCount"":8,""mcpControlOk"":[true,true,true,true,true,true,true,true],""dacReady"":true,""radioReady"":true,""mlReady"":true,""nullingProfileApplied"":true,""modelProfileReady"":false},""runtimeMcpCode"":[255,519,795,706,799,865,665,139],""model"":{""profileId"":""cnn-dualbranch-datasheet-v1-unbound"",""scalerProfileId"":""cnn-dualbranch-datasheet-v1-unbound"",""productionApproved"":true,""boundNullingProfileId"":8,""activeNullingProfileId"":9,""bindingValid"":true,""bindingModelMatches"":true,""profileReady"":false,""inferenceValid"":false,""sensorFault"":true},""lora"":{""beginState"":0,""lastTxState"":0,""lastTxOk"":false,""txSeq"":0,""txCounter"":0,""aesKeyProvisioned"":true,""aesKeyPresent"":true,""aesKeySource"":""nvs"",""keyId"":1,""lastDownlinkCommandId"":0,""freqMHz"":920,""bwKHz"":125,""sf"":7,""cr"":5,""syncWord"":18,""txPowerDbm"":17,""preamble"":8,""tcxoVoltage"":1.600000024,""xtalVoltage"":0},""dataset"":{""state"":""idle"",""step"":""idle"",""label"":"""",""seq"":0,""targetSamples"":0,""sampleIntervalMs"":500,""maxDurationMs"":0,""useFanIntake"":true,""fanOnMs"":1000,""postFanSettleMs"":0,""nullingProfileId"":9,""queuePending"":0,""queueCapacity"":16,""queueEnqueued"":0,""queueDropped"":0,""publishFailCount"":0,""retryCount"":0,""retryFailCount"":0,""rejectedSamples"":0,""lastRejectReason"":""none"",""lastRejectChannel"":-1,""lastRejectOkFiniteCount"":0,""lastRejectStatus"":255,""lastRejectGain"":0,""lastRejectSaturated"":false},""recovery"":{""wifiReconnectCount"":0,""wifiReconnectFailCount"":0,""mqttReconnectCount"":0,""mqttConnectFailCount"":0,""lastMqttState"":0,""adsRecoveryCount"":0,""adsRecoveryFailCount"":0,""adsReadFailStreak"":0,""lastReason"":""none"",""lastRecoveryMs"":0,""bootRecoveryArmed"":false,""bootRecoveryDueMs"":0,""bootRecoveryReason"":""none"",""bootRecoveryNonAdsFailure"":false,""bootRecoveryRestartCount"":0},""nulling"":{""done"":false,""retryArmed"":false,""attemptCount"":0,""nextRetryMs"":0,""thresholdV"":9.999999747E-06,""minFinalV"":0},""telemetry"":{""valid"":true,""sampleMs"":14110329,""gasClass"":6,""gasName"":""CO2"",""confidence"":0,""alarm"":false,""sensorVoltage"":[-0.000946438,0.004389185,0.005297319,-0.002603746,-0.010026744,-0.012409279,-0.02044023,-0.026579604],""sensorGain"":[64,64,64,64,64,64,64,64],""sensorStatus"":[0,0,0,0,0,0,0,0],""featureOrder"":[""MQ8"",""MQ135"",""MQ3"",""MQ5"",""MQ4"",""MQ7"",""MQ6"",""MQ2""]},""alarmLatched"":false}"
"2026-08-04 13:16:15.330 +07:00","329.1465099","RECOVERY_100_AFTER_65","RECOVERY","100","1000","0","1","0","-0.000950179","0.004381989","0.005338774","-0.002583788","-0.010046289","-0.012441699","-0.020438392","-0.026581416","{""deviceId"":""1001"",""nodeId"":4097,""targetChId"":""0010"",""mode"":""inference"",""uptimeMs"":14111428,""debugEnabled"":true,""power"":{""mode"":""24v"",""externalPower"":true,""batteryMv"":65535,""batteryValid"":false,""batteryDetected"":false,""batterySenseStatus"":""not_detected"",""batteryLow"":false,""batteryCritical"":false,""sourceAmbiguous"":false,""serviceHoldActive"":false,""serviceHoldEffective"":false},""batterySession"":{""state"":""inactive"",""startedMs"":0,""stateStartedMs"":0,""validSampleBatches"":0,""requiredSampleBatches"":10,""alarmTxAttempts"":0,""alarmTxAttemptLimit"":3,""alarmAckReceived"":false,""pendingAlarm"":false,""pendingSaveRequired"":false,""persistenceFaultHold"":false,""completionReason"":""session_done""},""bootHealth"":{""adsReady"":true,""adsDrdyLevel"":0,""adsDrdyPulldownLevel"":0,""adsDrdyPullupLevel"":0,""adsMisoPulldownLevel"":0,""adsMisoPullupLevel"":1,""adsCsLevel"":1,""adsSyncLevel"":1,""adsStatus"":54,""adsMux"":15,""adsAdcon"":6,""adsDrate"":240,""adsReason"":""ok"",""tcaOk"":true,""mcpOkCount"":8,""mcpOk"":[true,true,true,true,true,true,true,true],""mcpAddrMask"":[1,1,1,1,1,1,1,1],""mcpControlTested"":true,""mcpControlOkCount"":8,""mcpControlOk"":[true,true,true,true,true,true,true,true],""dacReady"":true,""radioReady"":true,""mlReady"":true,""nullingProfileApplied"":true,""modelProfileReady"":false},""runtimeMcpCode"":[255,519,795,706,799,865,665,139],""model"":{""profileId"":""cnn-dualbranch-datasheet-v1-unbound"",""scalerProfileId"":""cnn-dualbranch-datasheet-v1-unbound"",""productionApproved"":true,""boundNullingProfileId"":8,""activeNullingProfileId"":9,""bindingValid"":true,""bindingModelMatches"":true,""profileReady"":false,""inferenceValid"":false,""sensorFault"":true},""lora"":{""beginState"":0,""lastTxState"":0,""lastTxOk"":false,""txSeq"":0,""txCounter"":0,""aesKeyProvisioned"":true,""aesKeyPresent"":true,""aesKeySource"":""nvs"",""keyId"":1,""lastDownlinkCommandId"":0,""freqMHz"":920,""bwKHz"":125,""sf"":7,""cr"":5,""syncWord"":18,""txPowerDbm"":17,""preamble"":8,""tcxoVoltage"":1.600000024,""xtalVoltage"":0},""dataset"":{""state"":""idle"",""step"":""idle"",""label"":"""",""seq"":0,""targetSamples"":0,""sampleIntervalMs"":500,""maxDurationMs"":0,""useFanIntake"":true,""fanOnMs"":1000,""postFanSettleMs"":0,""nullingProfileId"":9,""queuePending"":0,""queueCapacity"":16,""queueEnqueued"":0,""queueDropped"":0,""publishFailCount"":0,""retryCount"":0,""retryFailCount"":0,""rejectedSamples"":0,""lastRejectReason"":""none"",""lastRejectChannel"":-1,""lastRejectOkFiniteCount"":0,""lastRejectStatus"":255,""lastRejectGain"":0,""lastRejectSaturated"":false},""recovery"":{""wifiReconnectCount"":0,""wifiReconnectFailCount"":0,""mqttReconnectCount"":0,""mqttConnectFailCount"":0,""lastMqttState"":0,""adsRecoveryCount"":0,""adsRecoveryFailCount"":0,""adsReadFailStreak"":0,""lastReason"":""none"",""lastRecoveryMs"":0,""bootRecoveryArmed"":false,""bootRecoveryDueMs"":0,""bootRecoveryReason"":""none"",""bootRecoveryNonAdsFailure"":false,""bootRecoveryRestartCount"":0},""nulling"":{""done"":false,""retryArmed"":false,""attemptCount"":0,""nextRetryMs"":0,""thresholdV"":9.999999747E-06,""minFinalV"":0},""telemetry"":{""valid"":true,""sampleMs"":14111024,""gasClass"":6,""gasName"":""CO2"",""confidence"":0,""alarm"":false,""sensorVoltage"":[-0.000950179,0.004381989,0.005338774,-0.002583788,-0.010046289,-0.012441699,-0.020438392,-0.026581416],""sensorGain"":[64,64,64,64,64,64,64,64],""sensorStatus"":[0,0,0,0,0,0,0,0],""featureOrder"":[""MQ8"",""MQ135"",""MQ3"",""MQ5"",""MQ4"",""MQ7"",""MQ6"",""MQ2""]},""alarmLatched"":false}"
"2026-08-04 13:16:16.031 +07:00","329.8472672","RECOVERY_100_AFTER_65","RECOVERY","100","1000","0","1","0","-0.000966736","0.004449158","0.005313569","-0.00257168","-0.010067252","-0.012414423","-0.020433122","-0.026572753","{""deviceId"":""1001"",""nodeId"":4097,""targetChId"":""0010"",""mode"":""inference"",""uptimeMs"":14112128,""debugEnabled"":true,""power"":{""mode"":""24v"",""externalPower"":true,""batteryMv"":65535,""batteryValid"":false,""batteryDetected"":false,""batterySenseStatus"":""not_detected"",""batteryLow"":false,""batteryCritical"":false,""sourceAmbiguous"":false,""serviceHoldActive"":false,""serviceHoldEffective"":false},""batterySession"":{""state"":""inactive"",""startedMs"":0,""stateStartedMs"":0,""validSampleBatches"":0,""requiredSampleBatches"":10,""alarmTxAttempts"":0,""alarmTxAttemptLimit"":3,""alarmAckReceived"":false,""pendingAlarm"":false,""pendingSaveRequired"":false,""persistenceFaultHold"":false,""completionReason"":""session_done""},""bootHealth"":{""adsReady"":true,""adsDrdyLevel"":0,""adsDrdyPulldownLevel"":0,""adsDrdyPullupLevel"":0,""adsMisoPulldownLevel"":0,""adsMisoPullupLevel"":1,""adsCsLevel"":1,""adsSyncLevel"":1,""adsStatus"":54,""adsMux"":15,""adsAdcon"":6,""adsDrate"":240,""adsReason"":""ok"",""tcaOk"":true,""mcpOkCount"":8,""mcpOk"":[true,true,true,true,true,true,true,true],""mcpAddrMask"":[1,1,1,1,1,1,1,1],""mcpControlTested"":true,""mcpControlOkCount"":8,""mcpControlOk"":[true,true,true,true,true,true,true,true],""dacReady"":true,""radioReady"":true,""mlReady"":true,""nullingProfileApplied"":true,""modelProfileReady"":false},""runtimeMcpCode"":[255,519,795,706,799,865,665,139],""model"":{""profileId"":""cnn-dualbranch-datasheet-v1-unbound"",""scalerProfileId"":""cnn-dualbranch-datasheet-v1-unbound"",""productionApproved"":true,""boundNullingProfileId"":8,""activeNullingProfileId"":9,""bindingValid"":true,""bindingModelMatches"":true,""profileReady"":false,""inferenceValid"":false,""sensorFault"":true},""lora"":{""beginState"":0,""lastTxState"":0,""lastTxOk"":false,""txSeq"":0,""txCounter"":0,""aesKeyProvisioned"":true,""aesKeyPresent"":true,""aesKeySource"":""nvs"",""keyId"":1,""lastDownlinkCommandId"":0,""freqMHz"":920,""bwKHz"":125,""sf"":7,""cr"":5,""syncWord"":18,""txPowerDbm"":17,""preamble"":8,""tcxoVoltage"":1.600000024,""xtalVoltage"":0},""dataset"":{""state"":""idle"",""step"":""idle"",""label"":"""",""seq"":0,""targetSamples"":0,""sampleIntervalMs"":500,""maxDurationMs"":0,""useFanIntake"":true,""fanOnMs"":1000,""postFanSettleMs"":0,""nullingProfileId"":9,""queuePending"":0,""queueCapacity"":16,""queueEnqueued"":0,""queueDropped"":0,""publishFailCount"":0,""retryCount"":0,""retryFailCount"":0,""rejectedSamples"":0,""lastRejectReason"":""none"",""lastRejectChannel"":-1,""lastRejectOkFiniteCount"":0,""lastRejectStatus"":255,""lastRejectGain"":0,""lastRejectSaturated"":false},""recovery"":{""wifiReconnectCount"":0,""wifiReconnectFailCount"":0,""mqttReconnectCount"":0,""mqttConnectFailCount"":0,""lastMqttState"":0,""adsRecoveryCount"":0,""adsRecoveryFailCount"":0,""adsReadFailStreak"":0,""lastReason"":""none"",""lastRecoveryMs"":0,""bootRecoveryArmed"":false,""bootRecoveryDueMs"":0,""bootRecoveryReason"":""none"",""bootRecoveryNonAdsFailure"":false,""bootRecoveryRestartCount"":0},""nulling"":{""done"":false,""retryArmed"":false,""attemptCount"":0,""nextRetryMs"":0,""thresholdV"":9.999999747E-06,""minFinalV"":0},""telemetry"":{""valid"":true,""sampleMs"":14111748,""gasClass"":6,""gasName"":""CO2"",""confidence"":0,""alarm"":false,""sensorVoltage"":[-0.000966736,0.004449158,0.005313569,-0.00257168,-0.010067252,-0.012414423,-0.020433122,-0.026572753],""sensorGain"":[64,64,64,64,64,64,64,64],""sensorStatus"":[0,0,0,0,0,0,0,0],""featureOrder"":[""MQ8"",""MQ135"",""MQ3"",""MQ5"",""MQ4"",""MQ7"",""MQ6"",""MQ2""]},""alarmLatched"":false}"
"2026-08-04 13:16:16.728 +07:00","330.5439601","RECOVERY_100_AFTER_65","RECOVERY","100","1000","0","1","0","-0.000957549","0.004442156","0.005377606","-0.002544696","-0.01008364","-0.012442675","-0.020485114","-0.026559049","{""deviceId"":""1001"",""nodeId"":4097,""targetChId"":""0010"",""mode"":""inference"",""uptimeMs"":14112827,""debugEnabled"":true,""power"":{""mode"":""24v"",""externalPower"":true,""batteryMv"":65535,""batteryValid"":false,""batteryDetected"":false,""batterySenseStatus"":""not_detected"",""batteryLow"":false,""batteryCritical"":false,""sourceAmbiguous"":false,""serviceHoldActive"":false,""serviceHoldEffective"":false},""batterySession"":{""state"":""inactive"",""startedMs"":0,""stateStartedMs"":0,""validSampleBatches"":0,""requiredSampleBatches"":10,""alarmTxAttempts"":0,""alarmTxAttemptLimit"":3,""alarmAckReceived"":false,""pendingAlarm"":false,""pendingSaveRequired"":false,""persistenceFaultHold"":false,""completionReason"":""session_done""},""bootHealth"":{""adsReady"":true,""adsDrdyLevel"":0,""adsDrdyPulldownLevel"":0,""adsDrdyPullupLevel"":0,""adsMisoPulldownLevel"":0,""adsMisoPullupLevel"":1,""adsCsLevel"":1,""adsSyncLevel"":1,""adsStatus"":54,""adsMux"":15,""adsAdcon"":6,""adsDrate"":240,""adsReason"":""ok"",""tcaOk"":true,""mcpOkCount"":8,""mcpOk"":[true,true,true,true,true,true,true,true],""mcpAddrMask"":[1,1,1,1,1,1,1,1],""mcpControlTested"":true,""mcpControlOkCount"":8,""mcpControlOk"":[true,true,true,true,true,true,true,true],""dacReady"":true,""radioReady"":true,""mlReady"":true,""nullingProfileApplied"":true,""modelProfileReady"":false},""runtimeMcpCode"":[255,519,795,706,799,865,665,139],""model"":{""profileId"":""cnn-dualbranch-datasheet-v1-unbound"",""scalerProfileId"":""cnn-dualbranch-datasheet-v1-unbound"",""productionApproved"":true,""boundNullingProfileId"":8,""activeNullingProfileId"":9,""bindingValid"":true,""bindingModelMatches"":true,""profileReady"":false,""inferenceValid"":false,""sensorFault"":true},""lora"":{""beginState"":0,""lastTxState"":0,""lastTxOk"":false,""txSeq"":0,""txCounter"":0,""aesKeyProvisioned"":true,""aesKeyPresent"":true,""aesKeySource"":""nvs"",""keyId"":1,""lastDownlinkCommandId"":0,""freqMHz"":920,""bwKHz"":125,""sf"":7,""cr"":5,""syncWord"":18,""txPowerDbm"":17,""preamble"":8,""tcxoVoltage"":1.600000024,""xtalVoltage"":0},""dataset"":{""state"":""idle"",""step"":""idle"",""label"":"""",""seq"":0,""targetSamples"":0,""sampleIntervalMs"":500,""maxDurationMs"":0,""useFanIntake"":true,""fanOnMs"":1000,""postFanSettleMs"":0,""nullingProfileId"":9,""queuePending"":0,""queueCapacity"":16,""queueEnqueued"":0,""queueDropped"":0,""publishFailCount"":0,""retryCount"":0,""retryFailCount"":0,""rejectedSamples"":0,""lastRejectReason"":""none"",""lastRejectChannel"":-1,""lastRejectOkFiniteCount"":0,""lastRejectStatus"":255,""lastRejectGain"":0,""lastRejectSaturated"":false},""recovery"":{""wifiReconnectCount"":0,""wifiReconnectFailCount"":0,""mqttReconnectCount"":0,""mqttConnectFailCount"":0,""lastMqttState"":0,""adsRecoveryCount"":0,""adsRecoveryFailCount"":0,""adsReadFailStreak"":0,""lastReason"":""none"",""lastRecoveryMs"":0,""bootRecoveryArmed"":false,""bootRecoveryDueMs"":0,""bootRecoveryReason"":""none"",""bootRecoveryNonAdsFailure"":false,""bootRecoveryRestartCount"":0},""nulling"":{""done"":false,""retryArmed"":false,""attemptCount"":0,""nextRetryMs"":0,""thresholdV"":9.999999747E-06,""minFinalV"":0},""telemetry"":{""valid"":true,""sampleMs"":14112406,""gasClass"":6,""gasName"":""CO2"",""confidence"":0,""alarm"":false,""sensorVoltage"":[-0.000957549,0.004442156,0.005377606,-0.002544696,-0.01008364,-0.012442675,-0.020485114,-0.026559049],""sensorGain"":[64,64,64,64,64,64,64,64],""sensorStatus"":[0,0,0,0,0,0,0,0],""featureOrder"":[""MQ8"",""MQ135"",""MQ3"",""MQ5"",""MQ4"",""MQ7"",""MQ6"",""MQ2""]},""alarmLatched"":false}"
"2026-08-04 13:16:17.429 +07:00","331.2450066","RECOVERY_100_AFTER_65","RECOVERY","100","1000","0","1","0","-0.000951144","0.004438585","0.005441078","-0.002568128","-0.010003941","-0.012420252","-0.020500137","-0.026572308","{""deviceId"":""1001"",""nodeId"":4097,""targetChId"":""0010"",""mode"":""inference"",""uptimeMs"":14113527,""debugEnabled"":true,""power"":{""mode"":""24v"",""externalPower"":true,""batteryMv"":65535,""batteryValid"":false,""batteryDetected"":false,""batterySenseStatus"":""not_detected"",""batteryLow"":false,""batteryCritical"":false,""sourceAmbiguous"":false,""serviceHoldActive"":false,""serviceHoldEffective"":false},""batterySession"":{""state"":""inactive"",""startedMs"":0,""stateStartedMs"":0,""validSampleBatches"":0,""requiredSampleBatches"":10,""alarmTxAttempts"":0,""alarmTxAttemptLimit"":3,""alarmAckReceived"":false,""pendingAlarm"":false,""pendingSaveRequired"":false,""persistenceFaultHold"":false,""completionReason"":""session_done""},""bootHealth"":{""adsReady"":true,""adsDrdyLevel"":0,""adsDrdyPulldownLevel"":0,""adsDrdyPullupLevel"":0,""adsMisoPulldownLevel"":0,""adsMisoPullupLevel"":1,""adsCsLevel"":1,""adsSyncLevel"":1,""adsStatus"":54,""adsMux"":15,""adsAdcon"":6,""adsDrate"":240,""adsReason"":""ok"",""tcaOk"":true,""mcpOkCount"":8,""mcpOk"":[true,true,true,true,true,true,true,true],""mcpAddrMask"":[1,1,1,1,1,1,1,1],""mcpControlTested"":true,""mcpControlOkCount"":8,""mcpControlOk"":[true,true,true,true,true,true,true,true],""dacReady"":true,""radioReady"":true,""mlReady"":true,""nullingProfileApplied"":true,""modelProfileReady"":false},""runtimeMcpCode"":[255,519,795,706,799,865,665,139],""model"":{""profileId"":""cnn-dualbranch-datasheet-v1-unbound"",""scalerProfileId"":""cnn-dualbranch-datasheet-v1-unbound"",""productionApproved"":true,""boundNullingProfileId"":8,""activeNullingProfileId"":9,""bindingValid"":true,""bindingModelMatches"":true,""profileReady"":false,""inferenceValid"":false,""sensorFault"":true},""lora"":{""beginState"":0,""lastTxState"":0,""lastTxOk"":false,""txSeq"":0,""txCounter"":0,""aesKeyProvisioned"":true,""aesKeyPresent"":true,""aesKeySource"":""nvs"",""keyId"":1,""lastDownlinkCommandId"":0,""freqMHz"":920,""bwKHz"":125,""sf"":7,""cr"":5,""syncWord"":18,""txPowerDbm"":17,""preamble"":8,""tcxoVoltage"":1.600000024,""xtalVoltage"":0},""dataset"":{""state"":""idle"",""step"":""idle"",""label"":"""",""seq"":0,""targetSamples"":0,""sampleIntervalMs"":500,""maxDurationMs"":0,""useFanIntake"":true,""fanOnMs"":1000,""postFanSettleMs"":0,""nullingProfileId"":9,""queuePending"":0,""queueCapacity"":16,""queueEnqueued"":0,""queueDropped"":0,""publishFailCount"":0,""retryCount"":0,""retryFailCount"":0,""rejectedSamples"":0,""lastRejectReason"":""none"",""lastRejectChannel"":-1,""lastRejectOkFiniteCount"":0,""lastRejectStatus"":255,""lastRejectGain"":0,""lastRejectSaturated"":false},""recovery"":{""wifiReconnectCount"":0,""wifiReconnectFailCount"":0,""mqttReconnectCount"":0,""mqttConnectFailCount"":0,""lastMqttState"":0,""adsRecoveryCount"":0,""adsRecoveryFailCount"":0,""adsReadFailStreak"":0,""lastReason"":""none"",""lastRecoveryMs"":0,""bootRecoveryArmed"":false,""bootRecoveryDueMs"":0,""bootRecoveryReason"":""none"",""bootRecoveryNonAdsFailure"":false,""bootRecoveryRestartCount"":0},""nulling"":{""done"":false,""retryArmed"":false,""attemptCount"":0,""nextRetryMs"":0,""thresholdV"":9.999999747E-06,""minFinalV"":0},""telemetry"":{""valid"":true,""sampleMs"":14113105,""gasClass"":6,""gasName"":""CO2"",""confidence"":0,""alarm"":false,""sensorVoltage"":[-0.000951144,0.004438585,0.005441078,-0.002568128,-0.010003941,-0.012420252,-0.020500137,-0.026572308],""sensorGain"":[64,64,64,64,64,64,64,64],""sensorStatus"":[0,0,0,0,0,0,0,0],""featureOrder"":[""MQ8"",""MQ135"",""MQ3"",""MQ5"",""MQ4"",""MQ7"",""MQ6"",""MQ2""]},""alarmLatched"":false}"
"2026-08-04 13:16:18.113 +07:00","331.9288302","RECOVERY_100_AFTER_65","RECOVERY","100","1000","0","1","0","-0.000958531","0.004451848","0.005426017","-0.00258506","-0.009967847","-0.012359153","-0.020508301","-0.026558589","{""deviceId"":""1001"",""nodeId"":4097,""targetChId"":""0010"",""mode"":""inference"",""uptimeMs"":14114210,""debugEnabled"":true,""power"":{""mode"":""24v"",""externalPower"":true,""batteryMv"":65535,""batteryValid"":false,""batteryDetected"":false,""batterySenseStatus"":""not_detected"",""batteryLow"":false,""batteryCritical"":false,""sourceAmbiguous"":false,""serviceHoldActive"":false,""serviceHoldEffective"":false},""batterySession"":{""state"":""inactive"",""startedMs"":0,""stateStartedMs"":0,""validSampleBatches"":0,""requiredSampleBatches"":10,""alarmTxAttempts"":0,""alarmTxAttemptLimit"":3,""alarmAckReceived"":false,""pendingAlarm"":false,""pendingSaveRequired"":false,""persistenceFaultHold"":false,""completionReason"":""session_done""},""bootHealth"":{""adsReady"":true,""adsDrdyLevel"":0,""adsDrdyPulldownLevel"":0,""adsDrdyPullupLevel"":0,""adsMisoPulldownLevel"":0,""adsMisoPullupLevel"":1,""adsCsLevel"":1,""adsSyncLevel"":1,""adsStatus"":54,""adsMux"":15,""adsAdcon"":6,""adsDrate"":240,""adsReason"":""ok"",""tcaOk"":true,""mcpOkCount"":8,""mcpOk"":[true,true,true,true,true,true,true,true],""mcpAddrMask"":[1,1,1,1,1,1,1,1],""mcpControlTested"":true,""mcpControlOkCount"":8,""mcpControlOk"":[true,true,true,true,true,true,true,true],""dacReady"":true,""radioReady"":true,""mlReady"":true,""nullingProfileApplied"":true,""modelProfileReady"":false},""runtimeMcpCode"":[255,519,795,706,799,865,665,139],""model"":{""profileId"":""cnn-dualbranch-datasheet-v1-unbound"",""scalerProfileId"":""cnn-dualbranch-datasheet-v1-unbound"",""productionApproved"":true,""boundNullingProfileId"":8,""activeNullingProfileId"":9,""bindingValid"":true,""bindingModelMatches"":true,""profileReady"":false,""inferenceValid"":false,""sensorFault"":true},""lora"":{""beginState"":0,""lastTxState"":0,""lastTxOk"":false,""txSeq"":0,""txCounter"":0,""aesKeyProvisioned"":true,""aesKeyPresent"":true,""aesKeySource"":""nvs"",""keyId"":1,""lastDownlinkCommandId"":0,""freqMHz"":920,""bwKHz"":125,""sf"":7,""cr"":5,""syncWord"":18,""txPowerDbm"":17,""preamble"":8,""tcxoVoltage"":1.600000024,""xtalVoltage"":0},""dataset"":{""state"":""idle"",""step"":""idle"",""label"":"""",""seq"":0,""targetSamples"":0,""sampleIntervalMs"":500,""maxDurationMs"":0,""useFanIntake"":true,""fanOnMs"":1000,""postFanSettleMs"":0,""nullingProfileId"":9,""queuePending"":0,""queueCapacity"":16,""queueEnqueued"":0,""queueDropped"":0,""publishFailCount"":0,""retryCount"":0,""retryFailCount"":0,""rejectedSamples"":0,""lastRejectReason"":""none"",""lastRejectChannel"":-1,""lastRejectOkFiniteCount"":0,""lastRejectStatus"":255,""lastRejectGain"":0,""lastRejectSaturated"":false},""recovery"":{""wifiReconnectCount"":0,""wifiReconnectFailCount"":0,""mqttReconnectCount"":0,""mqttConnectFailCount"":0,""lastMqttState"":0,""adsRecoveryCount"":0,""adsRecoveryFailCount"":0,""adsReadFailStreak"":0,""lastReason"":""none"",""lastRecoveryMs"":0,""bootRecoveryArmed"":false,""bootRecoveryDueMs"":0,""bootRecoveryReason"":""none"",""bootRecoveryNonAdsFailure"":false,""bootRecoveryRestartCount"":0},""nulling"":{""done"":false,""retryArmed"":false,""attemptCount"":0,""nextRetryMs"":0,""thresholdV"":9.999999747E-06,""minFinalV"":0},""telemetry"":{""valid"":true,""sampleMs"":14113847,""gasClass"":6,""gasName"":""CO2"",""confidence"":0,""alarm"":false,""sensorVoltage"":[-0.000958531,0.004451848,0.005426017,-0.00258506,-0.009967847,-0.012359153,-0.020508301,-0.026558589],""sensorGain"":[64,64,64,64,64,64,64,64],""sensorStatus"":[0,0,0,0,0,0,0,0],""featureOrder"":[""MQ8"",""MQ135"",""MQ3"",""MQ5"",""MQ4"",""MQ7"",""MQ6"",""MQ2""]},""alarmLatched"":false}"
"2026-08-04 13:16:18.794 +07:00","332.6105622","RECOVERY_100_AFTER_65","RECOVERY","100","1000","0","1","0","-0.000928824","0.004440189","0.00541415","-0.00258667","-0.009953854","-0.012354173","-0.020503642","-0.026544031","{""deviceId"":""1001"",""nodeId"":4097,""targetChId"":""0010"",""mode"":""inference"",""uptimeMs"":14114893,""debugEnabled"":true,""power"":{""mode"":""24v"",""externalPower"":true,""batteryMv"":65535,""batteryValid"":false,""batteryDetected"":false,""batterySenseStatus"":""not_detected"",""batteryLow"":false,""batteryCritical"":false,""sourceAmbiguous"":false,""serviceHoldActive"":false,""serviceHoldEffective"":false},""batterySession"":{""state"":""inactive"",""startedMs"":0,""stateStartedMs"":0,""validSampleBatches"":0,""requiredSampleBatches"":10,""alarmTxAttempts"":0,""alarmTxAttemptLimit"":3,""alarmAckReceived"":false,""pendingAlarm"":false,""pendingSaveRequired"":false,""persistenceFaultHold"":false,""completionReason"":""session_done""},""bootHealth"":{""adsReady"":true,""adsDrdyLevel"":0,""adsDrdyPulldownLevel"":0,""adsDrdyPullupLevel"":0,""adsMisoPulldownLevel"":0,""adsMisoPullupLevel"":1,""adsCsLevel"":1,""adsSyncLevel"":1,""adsStatus"":54,""adsMux"":15,""adsAdcon"":6,""adsDrate"":240,""adsReason"":""ok"",""tcaOk"":true,""mcpOkCount"":8,""mcpOk"":[true,true,true,true,true,true,true,true],""mcpAddrMask"":[1,1,1,1,1,1,1,1],""mcpControlTested"":true,""mcpControlOkCount"":8,""mcpControlOk"":[true,true,true,true,true,true,true,true],""dacReady"":true,""radioReady"":true,""mlReady"":true,""nullingProfileApplied"":true,""modelProfileReady"":false},""runtimeMcpCode"":[255,519,795,706,799,865,665,139],""model"":{""profileId"":""cnn-dualbranch-datasheet-v1-unbound"",""scalerProfileId"":""cnn-dualbranch-datasheet-v1-unbound"",""productionApproved"":true,""boundNullingProfileId"":8,""activeNullingProfileId"":9,""bindingValid"":true,""bindingModelMatches"":true,""profileReady"":false,""inferenceValid"":false,""sensorFault"":true},""lora"":{""beginState"":0,""lastTxState"":0,""lastTxOk"":false,""txSeq"":0,""txCounter"":0,""aesKeyProvisioned"":true,""aesKeyPresent"":true,""aesKeySource"":""nvs"",""keyId"":1,""lastDownlinkCommandId"":0,""freqMHz"":920,""bwKHz"":125,""sf"":7,""cr"":5,""syncWord"":18,""txPowerDbm"":17,""preamble"":8,""tcxoVoltage"":1.600000024,""xtalVoltage"":0},""dataset"":{""state"":""idle"",""step"":""idle"",""label"":"""",""seq"":0,""targetSamples"":0,""sampleIntervalMs"":500,""maxDurationMs"":0,""useFanIntake"":true,""fanOnMs"":1000,""postFanSettleMs"":0,""nullingProfileId"":9,""queuePending"":0,""queueCapacity"":16,""queueEnqueued"":0,""queueDropped"":0,""publishFailCount"":0,""retryCount"":0,""retryFailCount"":0,""rejectedSamples"":0,""lastRejectReason"":""none"",""lastRejectChannel"":-1,""lastRejectOkFiniteCount"":0,""lastRejectStatus"":255,""lastRejectGain"":0,""lastRejectSaturated"":false},""recovery"":{""wifiReconnectCount"":0,""wifiReconnectFailCount"":0,""mqttReconnectCount"":0,""mqttConnectFailCount"":0,""lastMqttState"":0,""adsRecoveryCount"":0,""adsRecoveryFailCount"":0,""adsReadFailStreak"":0,""lastReason"":""none"",""lastRecoveryMs"":0,""bootRecoveryArmed"":false,""bootRecoveryDueMs"":0,""bootRecoveryReason"":""none"",""bootRecoveryNonAdsFailure"":false,""bootRecoveryRestartCount"":0},""nulling"":{""done"":false,""retryArmed"":false,""attemptCount"":0,""nextRetryMs"":0,""thresholdV"":9.999999747E-06,""minFinalV"":0},""telemetry"":{""valid"":true,""sampleMs"":14114488,""gasClass"":6,""gasName"":""CO2"",""confidence"":0,""alarm"":false,""sensorVoltage"":[-0.000928824,0.004440189,0.00541415,-0.00258667,-0.009953854,-0.012354173,-0.020503642,-0.026544031],""sensorGain"":[64,64,64,64,64,64,64,64],""sensorStatus"":[0,0,0,0,0,0,0,0],""featureOrder"":[""MQ8"",""MQ135"",""MQ3"",""MQ5"",""MQ4"",""MQ7"",""MQ6"",""MQ2""]},""alarmLatched"":false}"
"2026-08-04 13:16:19.498 +07:00","333.31407839999997","RECOVERY_100_AFTER_65","RECOVERY","100","1000","0","1","0","-0.000926872","0.0045172","0.005440806","-0.002583339","-0.009780722","-0.012342399","-0.020577373","-0.026579222","{""deviceId"":""1001"",""nodeId"":4097,""targetChId"":""0010"",""mode"":""inference"",""uptimeMs"":14115594,""debugEnabled"":true,""power"":{""mode"":""24v"",""externalPower"":true,""batteryMv"":65535,""batteryValid"":false,""batteryDetected"":false,""batterySenseStatus"":""not_detected"",""batteryLow"":false,""batteryCritical"":false,""sourceAmbiguous"":false,""serviceHoldActive"":false,""serviceHoldEffective"":false},""batterySession"":{""state"":""inactive"",""startedMs"":0,""stateStartedMs"":0,""validSampleBatches"":0,""requiredSampleBatches"":10,""alarmTxAttempts"":0,""alarmTxAttemptLimit"":3,""alarmAckReceived"":false,""pendingAlarm"":false,""pendingSaveRequired"":false,""persistenceFaultHold"":false,""completionReason"":""session_done""},""bootHealth"":{""adsReady"":true,""adsDrdyLevel"":0,""adsDrdyPulldownLevel"":0,""adsDrdyPullupLevel"":0,""adsMisoPulldownLevel"":0,""adsMisoPullupLevel"":1,""adsCsLevel"":1,""adsSyncLevel"":1,""adsStatus"":54,""adsMux"":15,""adsAdcon"":6,""adsDrate"":240,""adsReason"":""ok"",""tcaOk"":true,""mcpOkCount"":8,""mcpOk"":[true,true,true,true,true,true,true,true],""mcpAddrMask"":[1,1,1,1,1,1,1,1],""mcpControlTested"":true,""mcpControlOkCount"":8,""mcpControlOk"":[true,true,true,true,true,true,true,true],""dacReady"":true,""radioReady"":true,""mlReady"":true,""nullingProfileApplied"":true,""modelProfileReady"":false},""runtimeMcpCode"":[255,519,795,706,799,865,665,139],""model"":{""profileId"":""cnn-dualbranch-datasheet-v1-unbound"",""scalerProfileId"":""cnn-dualbranch-datasheet-v1-unbound"",""productionApproved"":true,""boundNullingProfileId"":8,""activeNullingProfileId"":9,""bindingValid"":true,""bindingModelMatches"":true,""profileReady"":false,""inferenceValid"":false,""sensorFault"":true},""lora"":{""beginState"":0,""lastTxState"":0,""lastTxOk"":false,""txSeq"":0,""txCounter"":0,""aesKeyProvisioned"":true,""aesKeyPresent"":true,""aesKeySource"":""nvs"",""keyId"":1,""lastDownlinkCommandId"":0,""freqMHz"":920,""bwKHz"":125,""sf"":7,""cr"":5,""syncWord"":18,""txPowerDbm"":17,""preamble"":8,""tcxoVoltage"":1.600000024,""xtalVoltage"":0},""dataset"":{""state"":""idle"",""step"":""idle"",""label"":"""",""seq"":0,""targetSamples"":0,""sampleIntervalMs"":500,""maxDurationMs"":0,""useFanIntake"":true,""fanOnMs"":1000,""postFanSettleMs"":0,""nullingProfileId"":9,""queuePending"":0,""queueCapacity"":16,""queueEnqueued"":0,""queueDropped"":0,""publishFailCount"":0,""retryCount"":0,""retryFailCount"":0,""rejectedSamples"":0,""lastRejectReason"":""none"",""lastRejectChannel"":-1,""lastRejectOkFiniteCount"":0,""lastRejectStatus"":255,""lastRejectGain"":0,""lastRejectSaturated"":false},""recovery"":{""wifiReconnectCount"":0,""wifiReconnectFailCount"":0,""mqttReconnectCount"":0,""mqttConnectFailCount"":0,""lastMqttState"":0,""adsRecoveryCount"":0,""adsRecoveryFailCount"":0,""adsReadFailStreak"":0,""lastReason"":""none"",""lastRecoveryMs"":0,""bootRecoveryArmed"":false,""bootRecoveryDueMs"":0,""bootRecoveryReason"":""none"",""bootRecoveryNonAdsFailure"":false,""bootRecoveryRestartCount"":0},""nulling"":{""done"":false,""retryArmed"":false,""attemptCount"":0,""nextRetryMs"":0,""thresholdV"":9.999999747E-06,""minFinalV"":0},""telemetry"":{""valid"":true,""sampleMs"":14115176,""gasClass"":6,""gasName"":""CO2"",""confidence"":0,""alarm"":false,""sensorVoltage"":[-0.000926872,0.0045172,0.005440806,-0.002583339,-0.009780722,-0.012342399,-0.020577373,-0.026579222],""sensorGain"":[64,64,64,64,64,64,64,64],""sensorStatus"":[0,0,0,0,0,0,0,0],""featureOrder"":[""MQ8"",""MQ135"",""MQ3"",""MQ5"",""MQ4"",""MQ7"",""MQ6"",""MQ2""]},""alarmLatched"":false}"
"2026-08-04 13:16:20.194 +07:00","334.0105929","RECOVERY_100_AFTER_65","RECOVERY","100","1000","0","1","0","-0.000939863","0.004502718","0.005436462","-0.002574744","-0.009696322","-0.0123984","-0.020621842","-0.026630232","{""deviceId"":""1001"",""nodeId"":4097,""targetChId"":""0010"",""mode"":""inference"",""uptimeMs"":14116293,""debugEnabled"":true,""power"":{""mode"":""24v"",""externalPower"":true,""batteryMv"":65535,""batteryValid"":false,""batteryDetected"":false,""batterySenseStatus"":""not_detected"",""batteryLow"":false,""batteryCritical"":false,""sourceAmbiguous"":false,""serviceHoldActive"":false,""serviceHoldEffective"":false},""batterySession"":{""state"":""inactive"",""startedMs"":0,""stateStartedMs"":0,""validSampleBatches"":0,""requiredSampleBatches"":10,""alarmTxAttempts"":0,""alarmTxAttemptLimit"":3,""alarmAckReceived"":false,""pendingAlarm"":false,""pendingSaveRequired"":false,""persistenceFaultHold"":false,""completionReason"":""session_done""},""bootHealth"":{""adsReady"":true,""adsDrdyLevel"":0,""adsDrdyPulldownLevel"":0,""adsDrdyPullupLevel"":0,""adsMisoPulldownLevel"":0,""adsMisoPullupLevel"":1,""adsCsLevel"":1,""adsSyncLevel"":1,""adsStatus"":54,""adsMux"":15,""adsAdcon"":6,""adsDrate"":240,""adsReason"":""ok"",""tcaOk"":true,""mcpOkCount"":8,""mcpOk"":[true,true,true,true,true,true,true,true],""mcpAddrMask"":[1,1,1,1,1,1,1,1],""mcpControlTested"":true,""mcpControlOkCount"":8,""mcpControlOk"":[true,true,true,true,true,true,true,true],""dacReady"":true,""radioReady"":true,""mlReady"":true,""nullingProfileApplied"":true,""modelProfileReady"":false},""runtimeMcpCode"":[255,519,795,706,799,865,665,139],""model"":{""profileId"":""cnn-dualbranch-datasheet-v1-unbound"",""scalerProfileId"":""cnn-dualbranch-datasheet-v1-unbound"",""productionApproved"":true,""boundNullingProfileId"":8,""activeNullingProfileId"":9,""bindingValid"":true,""bindingModelMatches"":true,""profileReady"":false,""inferenceValid"":false,""sensorFault"":true},""lora"":{""beginState"":0,""lastTxState"":0,""lastTxOk"":false,""txSeq"":0,""txCounter"":0,""aesKeyProvisioned"":true,""aesKeyPresent"":true,""aesKeySource"":""nvs"",""keyId"":1,""lastDownlinkCommandId"":0,""freqMHz"":920,""bwKHz"":125,""sf"":7,""cr"":5,""syncWord"":18,""txPowerDbm"":17,""preamble"":8,""tcxoVoltage"":1.600000024,""xtalVoltage"":0},""dataset"":{""state"":""idle"",""step"":""idle"",""label"":"""",""seq"":0,""targetSamples"":0,""sampleIntervalMs"":500,""maxDurationMs"":0,""useFanIntake"":true,""fanOnMs"":1000,""postFanSettleMs"":0,""nullingProfileId"":9,""queuePending"":0,""queueCapacity"":16,""queueEnqueued"":0,""queueDropped"":0,""publishFailCount"":0,""retryCount"":0,""retryFailCount"":0,""rejectedSamples"":0,""lastRejectReason"":""none"",""lastRejectChannel"":-1,""lastRejectOkFiniteCount"":0,""lastRejectStatus"":255,""lastRejectGain"":0,""lastRejectSaturated"":false},""recovery"":{""wifiReconnectCount"":0,""wifiReconnectFailCount"":0,""mqttReconnectCount"":0,""mqttConnectFailCount"":0,""lastMqttState"":0,""adsRecoveryCount"":0,""adsRecoveryFailCount"":0,""adsReadFailStreak"":0,""lastReason"":""none"",""lastRecoveryMs"":0,""bootRecoveryArmed"":false,""bootRecoveryDueMs"":0,""bootRecoveryReason"":""none"",""bootRecoveryNonAdsFailure"":false,""bootRecoveryRestartCount"":0},""nulling"":{""done"":false,""retryArmed"":false,""attemptCount"":0,""nextRetryMs"":0,""thresholdV"":9.999999747E-06,""minFinalV"":0},""telemetry"":{""valid"":true,""sampleMs"":14115904,""gasClass"":6,""gasName"":""CO2"",""confidence"":0,""alarm"":false,""sensorVoltage"":[-0.000939863,0.004502718,0.005436462,-0.002574744,-0.009696322,-0.0123984,-0.020621842,-0.026630232],""sensorGain"":[64,64,64,64,64,64,64,64],""sensorStatus"":[0,0,0,0,0,0,0,0],""featureOrder"":[""MQ8"",""MQ135"",""MQ3"",""MQ5"",""MQ4"",""MQ7"",""MQ6"",""MQ2""]},""alarmLatched"":false}"
"2026-08-04 13:16:21.193 +07:00","335.009283","RECOVERY_100_AFTER_65","RECOVERY","100","1000","0","1","0","-0.000950568","0.004487447","0.005439526","-0.002526902","-0.009724556","-0.012342265","-0.020654332","-0.026664963","{""deviceId"":""1001"",""nodeId"":4097,""targetChId"":""0010"",""mode"":""inference"",""uptimeMs"":14117304,""debugEnabled"":true,""power"":{""mode"":""24v"",""externalPower"":true,""batteryMv"":65535,""batteryValid"":false,""batteryDetected"":false,""batterySenseStatus"":""not_detected"",""batteryLow"":false,""batteryCritical"":false,""sourceAmbiguous"":false,""serviceHoldActive"":false,""serviceHoldEffective"":false},""batterySession"":{""state"":""inactive"",""startedMs"":0,""stateStartedMs"":0,""validSampleBatches"":0,""requiredSampleBatches"":10,""alarmTxAttempts"":0,""alarmTxAttemptLimit"":3,""alarmAckReceived"":false,""pendingAlarm"":false,""pendingSaveRequired"":false,""persistenceFaultHold"":false,""completionReason"":""session_done""},""bootHealth"":{""adsReady"":true,""adsDrdyLevel"":0,""adsDrdyPulldownLevel"":0,""adsDrdyPullupLevel"":0,""adsMisoPulldownLevel"":0,""adsMisoPullupLevel"":1,""adsCsLevel"":1,""adsSyncLevel"":1,""adsStatus"":54,""adsMux"":15,""adsAdcon"":6,""adsDrate"":240,""adsReason"":""ok"",""tcaOk"":true,""mcpOkCount"":8,""mcpOk"":[true,true,true,true,true,true,true,true],""mcpAddrMask"":[1,1,1,1,1,1,1,1],""mcpControlTested"":true,""mcpControlOkCount"":8,""mcpControlOk"":[true,true,true,true,true,true,true,true],""dacReady"":true,""radioReady"":true,""mlReady"":true,""nullingProfileApplied"":true,""modelProfileReady"":false},""runtimeMcpCode"":[255,519,795,706,799,865,665,139],""model"":{""profileId"":""cnn-dualbranch-datasheet-v1-unbound"",""scalerProfileId"":""cnn-dualbranch-datasheet-v1-unbound"",""productionApproved"":true,""boundNullingProfileId"":8,""activeNullingProfileId"":9,""bindingValid"":true,""bindingModelMatches"":true,""profileReady"":false,""inferenceValid"":false,""sensorFault"":true},""lora"":{""beginState"":0,""lastTxState"":0,""lastTxOk"":false,""txSeq"":0,""txCounter"":0,""aesKeyProvisioned"":true,""aesKeyPresent"":true,""aesKeySource"":""nvs"",""keyId"":1,""lastDownlinkCommandId"":0,""freqMHz"":920,""bwKHz"":125,""sf"":7,""cr"":5,""syncWord"":18,""txPowerDbm"":17,""preamble"":8,""tcxoVoltage"":1.600000024,""xtalVoltage"":0},""dataset"":{""state"":""idle"",""step"":""idle"",""label"":"""",""seq"":0,""targetSamples"":0,""sampleIntervalMs"":500,""maxDurationMs"":0,""useFanIntake"":true,""fanOnMs"":1000,""postFanSettleMs"":0,""nullingProfileId"":9,""queuePending"":0,""queueCapacity"":16,""queueEnqueued"":0,""queueDropped"":0,""publishFailCount"":0,""retryCount"":0,""retryFailCount"":0,""rejectedSamples"":0,""lastRejectReason"":""none"",""lastRejectChannel"":-1,""lastRejectOkFiniteCount"":0,""lastRejectStatus"":255,""lastRejectGain"":0,""lastRejectSaturated"":false},""recovery"":{""wifiReconnectCount"":0,""wifiReconnectFailCount"":0,""mqttReconnectCount"":0,""mqttConnectFailCount"":0,""lastMqttState"":0,""adsRecoveryCount"":0,""adsRecoveryFailCount"":0,""adsReadFailStreak"":0,""lastReason"":""none"",""lastRecoveryMs"":0,""bootRecoveryArmed"":false,""bootRecoveryDueMs"":0,""bootRecoveryReason"":""none"",""bootRecoveryNonAdsFailure"":false,""bootRecoveryRestartCount"":0},""nulling"":{""done"":false,""retryArmed"":false,""attemptCount"":0,""nextRetryMs"":0,""thresholdV"":9.999999747E-06,""minFinalV"":0},""telemetry"":{""valid"":true,""sampleMs"":14117071,""gasClass"":6,""gasName"":""CO2"",""confidence"":0,""alarm"":false,""sensorVoltage"":[-0.000950568,0.004487447,0.005439526,-0.002526902,-0.009724556,-0.012342265,-0.020654332,-0.026664963],""sensorGain"":[64,64,64,64,64,64,64,64],""sensorStatus"":[0,0,0,0,0,0,0,0],""featureOrder"":[""MQ8"",""MQ135"",""MQ3"",""MQ5"",""MQ4"",""MQ7"",""MQ6"",""MQ2""]},""alarmLatched"":false}"
"2026-08-04 13:16:21.891 +07:00","335.7075292","RECOVERY_100_AFTER_65","RECOVERY","100","1000","0","1","0","-0.000942813","0.004470696","0.005427479","-0.002549851","-0.009702838","-0.012303763","-0.020670678","-0.026652839","{""deviceId"":""1001"",""nodeId"":4097,""targetChId"":""0010"",""mode"":""inference"",""uptimeMs"":14117997,""debugEnabled"":true,""power"":{""mode"":""24v"",""externalPower"":true,""batteryMv"":65535,""batteryValid"":false,""batteryDetected"":false,""batterySenseStatus"":""not_detected"",""batteryLow"":false,""batteryCritical"":false,""sourceAmbiguous"":false,""serviceHoldActive"":false,""serviceHoldEffective"":false},""batterySession"":{""state"":""inactive"",""startedMs"":0,""stateStartedMs"":0,""validSampleBatches"":0,""requiredSampleBatches"":10,""alarmTxAttempts"":0,""alarmTxAttemptLimit"":3,""alarmAckReceived"":false,""pendingAlarm"":false,""pendingSaveRequired"":false,""persistenceFaultHold"":false,""completionReason"":""session_done""},""bootHealth"":{""adsReady"":true,""adsDrdyLevel"":0,""adsDrdyPulldownLevel"":0,""adsDrdyPullupLevel"":0,""adsMisoPulldownLevel"":0,""adsMisoPullupLevel"":1,""adsCsLevel"":1,""adsSyncLevel"":1,""adsStatus"":54,""adsMux"":15,""adsAdcon"":6,""adsDrate"":240,""adsReason"":""ok"",""tcaOk"":true,""mcpOkCount"":8,""mcpOk"":[true,true,true,true,true,true,true,true],""mcpAddrMask"":[1,1,1,1,1,1,1,1],""mcpControlTested"":true,""mcpControlOkCount"":8,""mcpControlOk"":[true,true,true,true,true,true,true,true],""dacReady"":true,""radioReady"":true,""mlReady"":true,""nullingProfileApplied"":true,""modelProfileReady"":false},""runtimeMcpCode"":[255,519,795,706,799,865,665,139],""model"":{""profileId"":""cnn-dualbranch-datasheet-v1-unbound"",""scalerProfileId"":""cnn-dualbranch-datasheet-v1-unbound"",""productionApproved"":true,""boundNullingProfileId"":8,""activeNullingProfileId"":9,""bindingValid"":true,""bindingModelMatches"":true,""profileReady"":false,""inferenceValid"":false,""sensorFault"":true},""lora"":{""beginState"":0,""lastTxState"":0,""lastTxOk"":false,""txSeq"":0,""txCounter"":0,""aesKeyProvisioned"":true,""aesKeyPresent"":true,""aesKeySource"":""nvs"",""keyId"":1,""lastDownlinkCommandId"":0,""freqMHz"":920,""bwKHz"":125,""sf"":7,""cr"":5,""syncWord"":18,""txPowerDbm"":17,""preamble"":8,""tcxoVoltage"":1.600000024,""xtalVoltage"":0},""dataset"":{""state"":""idle"",""step"":""idle"",""label"":"""",""seq"":0,""targetSamples"":0,""sampleIntervalMs"":500,""maxDurationMs"":0,""useFanIntake"":true,""fanOnMs"":1000,""postFanSettleMs"":0,""nullingProfileId"":9,""queuePending"":0,""queueCapacity"":16,""queueEnqueued"":0,""queueDropped"":0,""publishFailCount"":0,""retryCount"":0,""retryFailCount"":0,""rejectedSamples"":0,""lastRejectReason"":""none"",""lastRejectChannel"":-1,""lastRejectOkFiniteCount"":0,""lastRejectStatus"":255,""lastRejectGain"":0,""lastRejectSaturated"":false},""recovery"":{""wifiReconnectCount"":0,""wifiReconnectFailCount"":0,""mqttReconnectCount"":0,""mqttConnectFailCount"":0,""lastMqttState"":0,""adsRecoveryCount"":0,""adsRecoveryFailCount"":0,""adsReadFailStreak"":0,""lastReason"":""none"",""lastRecoveryMs"":0,""bootRecoveryArmed"":false,""bootRecoveryDueMs"":0,""bootRecoveryReason"":""none"",""bootRecoveryNonAdsFailure"":false,""bootRecoveryRestartCount"":0},""nulling"":{""done"":false,""retryArmed"":false,""attemptCount"":0,""nextRetryMs"":0,""thresholdV"":9.999999747E-06,""minFinalV"":0},""telemetry"":{""valid"":true,""sampleMs"":14117592,""gasClass"":6,""gasName"":""CO2"",""confidence"":0,""alarm"":false,""sensorVoltage"":[-0.000942813,0.004470696,0.005427479,-0.002549851,-0.009702838,-0.012303763,-0.020670678,-0.026652839],""sensorGain"":[64,64,64,64,64,64,64,64],""sensorStatus"":[0,0,0,0,0,0,0,0],""featureOrder"":[""MQ8"",""MQ135"",""MQ3"",""MQ5"",""MQ4"",""MQ7"",""MQ6"",""MQ2""]},""alarmLatched"":false}"
"2026-08-04 13:16:22.575 +07:00","336.3911755","RECOVERY_100_AFTER_65","RECOVERY","100","1000","0","1","0","-0.000915543","0.004456038","0.005421019","-0.002575784","-0.009086539","-0.012298448","-0.020668989","-0.026665002","{""deviceId"":""1001"",""nodeId"":4097,""targetChId"":""0010"",""mode"":""inference"",""uptimeMs"":14118680,""debugEnabled"":true,""power"":{""mode"":""24v"",""externalPower"":true,""batteryMv"":65535,""batteryValid"":false,""batteryDetected"":false,""batterySenseStatus"":""not_detected"",""batteryLow"":false,""batteryCritical"":false,""sourceAmbiguous"":false,""serviceHoldActive"":false,""serviceHoldEffective"":false},""batterySession"":{""state"":""inactive"",""startedMs"":0,""stateStartedMs"":0,""validSampleBatches"":0,""requiredSampleBatches"":10,""alarmTxAttempts"":0,""alarmTxAttemptLimit"":3,""alarmAckReceived"":false,""pendingAlarm"":false,""pendingSaveRequired"":false,""persistenceFaultHold"":false,""completionReason"":""session_done""},""bootHealth"":{""adsReady"":true,""adsDrdyLevel"":0,""adsDrdyPulldownLevel"":0,""adsDrdyPullupLevel"":0,""adsMisoPulldownLevel"":0,""adsMisoPullupLevel"":1,""adsCsLevel"":1,""adsSyncLevel"":1,""adsStatus"":54,""adsMux"":15,""adsAdcon"":6,""adsDrate"":240,""adsReason"":""ok"",""tcaOk"":true,""mcpOkCount"":8,""mcpOk"":[true,true,true,true,true,true,true,true],""mcpAddrMask"":[1,1,1,1,1,1,1,1],""mcpControlTested"":true,""mcpControlOkCount"":8,""mcpControlOk"":[true,true,true,true,true,true,true,true],""dacReady"":true,""radioReady"":true,""mlReady"":true,""nullingProfileApplied"":true,""modelProfileReady"":false},""runtimeMcpCode"":[255,519,795,706,799,865,665,139],""model"":{""profileId"":""cnn-dualbranch-datasheet-v1-unbound"",""scalerProfileId"":""cnn-dualbranch-datasheet-v1-unbound"",""productionApproved"":true,""boundNullingProfileId"":8,""activeNullingProfileId"":9,""bindingValid"":true,""bindingModelMatches"":true,""profileReady"":false,""inferenceValid"":false,""sensorFault"":true},""lora"":{""beginState"":0,""lastTxState"":0,""lastTxOk"":false,""txSeq"":0,""txCounter"":0,""aesKeyProvisioned"":true,""aesKeyPresent"":true,""aesKeySource"":""nvs"",""keyId"":1,""lastDownlinkCommandId"":0,""freqMHz"":920,""bwKHz"":125,""sf"":7,""cr"":5,""syncWord"":18,""txPowerDbm"":17,""preamble"":8,""tcxoVoltage"":1.600000024,""xtalVoltage"":0},""dataset"":{""state"":""idle"",""step"":""idle"",""label"":"""",""seq"":0,""targetSamples"":0,""sampleIntervalMs"":500,""maxDurationMs"":0,""useFanIntake"":true,""fanOnMs"":1000,""postFanSettleMs"":0,""nullingProfileId"":9,""queuePending"":0,""queueCapacity"":16,""queueEnqueued"":0,""queueDropped"":0,""publishFailCount"":0,""retryCount"":0,""retryFailCount"":0,""rejectedSamples"":0,""lastRejectReason"":""none"",""lastRejectChannel"":-1,""lastRejectOkFiniteCount"":0,""lastRejectStatus"":255,""lastRejectGain"":0,""lastRejectSaturated"":false},""recovery"":{""wifiReconnectCount"":0,""wifiReconnectFailCount"":0,""mqttReconnectCount"":0,""mqttConnectFailCount"":0,""lastMqttState"":0,""adsRecoveryCount"":0,""adsRecoveryFailCount"":0,""adsReadFailStreak"":0,""lastReason"":""none"",""lastRecoveryMs"":0,""bootRecoveryArmed"":false,""bootRecoveryDueMs"":0,""bootRecoveryReason"":""none"",""bootRecoveryNonAdsFailure"":false,""bootRecoveryRestartCount"":0},""nulling"":{""done"":false,""retryArmed"":false,""attemptCount"":0,""nextRetryMs"":0,""thresholdV"":9.999999747E-06,""minFinalV"":0},""telemetry"":{""valid"":true,""sampleMs"":14118285,""gasClass"":6,""gasName"":""CO2"",""confidence"":0,""alarm"":false,""sensorVoltage"":[-0.000915543,0.004456038,0.005421019,-0.002575784,-0.009086539,-0.012298448,-0.020668989,-0.026665002],""sensorGain"":[64,64,64,64,64,64,64,64],""sensorStatus"":[0,0,0,0,0,0,0,0],""featureOrder"":[""MQ8"",""MQ135"",""MQ3"",""MQ5"",""MQ4"",""MQ7"",""MQ6"",""MQ2""]},""alarmLatched"":false}"
"2026-08-04 13:16:23.264 +07:00","337.0797023","RECOVERY_100_AFTER_65","RECOVERY","100","1000","0","1","0","-0.000942565","0.004456097","0.005407324","-0.002582251","-0.009008026","-0.012286143","-0.020656753","-0.026656443","{""deviceId"":""1001"",""nodeId"":4097,""targetChId"":""0010"",""mode"":""inference"",""uptimeMs"":14119365,""debugEnabled"":true,""power"":{""mode"":""24v"",""externalPower"":true,""batteryMv"":65535,""batteryValid"":false,""batteryDetected"":false,""batterySenseStatus"":""not_detected"",""batteryLow"":false,""batteryCritical"":false,""sourceAmbiguous"":false,""serviceHoldActive"":false,""serviceHoldEffective"":false},""batterySession"":{""state"":""inactive"",""startedMs"":0,""stateStartedMs"":0,""validSampleBatches"":0,""requiredSampleBatches"":10,""alarmTxAttempts"":0,""alarmTxAttemptLimit"":3,""alarmAckReceived"":false,""pendingAlarm"":false,""pendingSaveRequired"":false,""persistenceFaultHold"":false,""completionReason"":""session_done""},""bootHealth"":{""adsReady"":true,""adsDrdyLevel"":0,""adsDrdyPulldownLevel"":0,""adsDrdyPullupLevel"":0,""adsMisoPulldownLevel"":0,""adsMisoPullupLevel"":1,""adsCsLevel"":1,""adsSyncLevel"":1,""adsStatus"":54,""adsMux"":15,""adsAdcon"":6,""adsDrate"":240,""adsReason"":""ok"",""tcaOk"":true,""mcpOkCount"":8,""mcpOk"":[true,true,true,true,true,true,true,true],""mcpAddrMask"":[1,1,1,1,1,1,1,1],""mcpControlTested"":true,""mcpControlOkCount"":8,""mcpControlOk"":[true,true,true,true,true,true,true,true],""dacReady"":true,""radioReady"":true,""mlReady"":true,""nullingProfileApplied"":true,""modelProfileReady"":false},""runtimeMcpCode"":[255,519,795,706,799,865,665,139],""model"":{""profileId"":""cnn-dualbranch-datasheet-v1-unbound"",""scalerProfileId"":""cnn-dualbranch-datasheet-v1-unbound"",""productionApproved"":true,""boundNullingProfileId"":8,""activeNullingProfileId"":9,""bindingValid"":true,""bindingModelMatches"":true,""profileReady"":false,""inferenceValid"":false,""sensorFault"":true},""lora"":{""beginState"":0,""lastTxState"":0,""lastTxOk"":false,""txSeq"":0,""txCounter"":0,""aesKeyProvisioned"":true,""aesKeyPresent"":true,""aesKeySource"":""nvs"",""keyId"":1,""lastDownlinkCommandId"":0,""freqMHz"":920,""bwKHz"":125,""sf"":7,""cr"":5,""syncWord"":18,""txPowerDbm"":17,""preamble"":8,""tcxoVoltage"":1.600000024,""xtalVoltage"":0},""dataset"":{""state"":""idle"",""step"":""idle"",""label"":"""",""seq"":0,""targetSamples"":0,""sampleIntervalMs"":500,""maxDurationMs"":0,""useFanIntake"":true,""fanOnMs"":1000,""postFanSettleMs"":0,""nullingProfileId"":9,""queuePending"":0,""queueCapacity"":16,""queueEnqueued"":0,""queueDropped"":0,""publishFailCount"":0,""retryCount"":0,""retryFailCount"":0,""rejectedSamples"":0,""lastRejectReason"":""none"",""lastRejectChannel"":-1,""lastRejectOkFiniteCount"":0,""lastRejectStatus"":255,""lastRejectGain"":0,""lastRejectSaturated"":false},""recovery"":{""wifiReconnectCount"":0,""wifiReconnectFailCount"":0,""mqttReconnectCount"":0,""mqttConnectFailCount"":0,""lastMqttState"":0,""adsRecoveryCount"":0,""adsRecoveryFailCount"":0,""adsReadFailStreak"":0,""lastReason"":""none"",""lastRecoveryMs"":0,""bootRecoveryArmed"":false,""bootRecoveryDueMs"":0,""bootRecoveryReason"":""none"",""bootRecoveryNonAdsFailure"":false,""bootRecoveryRestartCount"":0},""nulling"":{""done"":false,""retryArmed"":false,""attemptCount"":0,""nextRetryMs"":0,""thresholdV"":9.999999747E-06,""minFinalV"":0},""telemetry"":{""valid"":true,""sampleMs"":14118990,""gasClass"":6,""gasName"":""CO2"",""confidence"":0,""alarm"":false,""sensorVoltage"":[-0.000942565,0.004456097,0.005407324,-0.002582251,-0.009008026,-0.012286143,-0.020656753,-0.026656443],""sensorGain"":[64,64,64,64,64,64,64,64],""sensorStatus"":[0,0,0,0,0,0,0,0],""featureOrder"":[""MQ8"",""MQ135"",""MQ3"",""MQ5"",""MQ4"",""MQ7"",""MQ6"",""MQ2""]},""alarmLatched"":false}"
"2026-08-04 13:16:23.957 +07:00","337.77317899999997","RECOVERY_100_AFTER_65","RECOVERY","100","1000","0","1","0","-0.000953203","0.004484726","0.005327458","-0.002505966","-0.009104291","-0.012312423","-0.02064609","-0.026646253","{""deviceId"":""1001"",""nodeId"":4097,""targetChId"":""0010"",""mode"":""inference"",""uptimeMs"":14120058,""debugEnabled"":true,""power"":{""mode"":""24v"",""externalPower"":true,""batteryMv"":65535,""batteryValid"":false,""batteryDetected"":false,""batterySenseStatus"":""not_detected"",""batteryLow"":false,""batteryCritical"":false,""sourceAmbiguous"":false,""serviceHoldActive"":false,""serviceHoldEffective"":false},""batterySession"":{""state"":""inactive"",""startedMs"":0,""stateStartedMs"":0,""validSampleBatches"":0,""requiredSampleBatches"":10,""alarmTxAttempts"":0,""alarmTxAttemptLimit"":3,""alarmAckReceived"":false,""pendingAlarm"":false,""pendingSaveRequired"":false,""persistenceFaultHold"":false,""completionReason"":""session_done""},""bootHealth"":{""adsReady"":true,""adsDrdyLevel"":0,""adsDrdyPulldownLevel"":0,""adsDrdyPullupLevel"":0,""adsMisoPulldownLevel"":0,""adsMisoPullupLevel"":1,""adsCsLevel"":1,""adsSyncLevel"":1,""adsStatus"":54,""adsMux"":15,""adsAdcon"":6,""adsDrate"":240,""adsReason"":""ok"",""tcaOk"":true,""mcpOkCount"":8,""mcpOk"":[true,true,true,true,true,true,true,true],""mcpAddrMask"":[1,1,1,1,1,1,1,1],""mcpControlTested"":true,""mcpControlOkCount"":8,""mcpControlOk"":[true,true,true,true,true,true,true,true],""dacReady"":true,""radioReady"":true,""mlReady"":true,""nullingProfileApplied"":true,""modelProfileReady"":false},""runtimeMcpCode"":[255,519,795,706,799,865,665,139],""model"":{""profileId"":""cnn-dualbranch-datasheet-v1-unbound"",""scalerProfileId"":""cnn-dualbranch-datasheet-v1-unbound"",""productionApproved"":true,""boundNullingProfileId"":8,""activeNullingProfileId"":9,""bindingValid"":true,""bindingModelMatches"":true,""profileReady"":false,""inferenceValid"":false,""sensorFault"":true},""lora"":{""beginState"":0,""lastTxState"":0,""lastTxOk"":false,""txSeq"":0,""txCounter"":0,""aesKeyProvisioned"":true,""aesKeyPresent"":true,""aesKeySource"":""nvs"",""keyId"":1,""lastDownlinkCommandId"":0,""freqMHz"":920,""bwKHz"":125,""sf"":7,""cr"":5,""syncWord"":18,""txPowerDbm"":17,""preamble"":8,""tcxoVoltage"":1.600000024,""xtalVoltage"":0},""dataset"":{""state"":""idle"",""step"":""idle"",""label"":"""",""seq"":0,""targetSamples"":0,""sampleIntervalMs"":500,""maxDurationMs"":0,""useFanIntake"":true,""fanOnMs"":1000,""postFanSettleMs"":0,""nullingProfileId"":9,""queuePending"":0,""queueCapacity"":16,""queueEnqueued"":0,""queueDropped"":0,""publishFailCount"":0,""retryCount"":0,""retryFailCount"":0,""rejectedSamples"":0,""lastRejectReason"":""none"",""lastRejectChannel"":-1,""lastRejectOkFiniteCount"":0,""lastRejectStatus"":255,""lastRejectGain"":0,""lastRejectSaturated"":false},""recovery"":{""wifiReconnectCount"":0,""wifiReconnectFailCount"":0,""mqttReconnectCount"":0,""mqttConnectFailCount"":0,""lastMqttState"":0,""adsRecoveryCount"":0,""adsRecoveryFailCount"":0,""adsReadFailStreak"":0,""lastReason"":""none"",""lastRecoveryMs"":0,""bootRecoveryArmed"":false,""bootRecoveryDueMs"":0,""bootRecoveryReason"":""none"",""bootRecoveryNonAdsFailure"":false,""bootRecoveryRestartCount"":0},""nulling"":{""done"":false,""retryArmed"":false,""attemptCount"":0,""nextRetryMs"":0,""thresholdV"":9.999999747E-06,""minFinalV"":0},""telemetry"":{""valid"":true,""sampleMs"":14119653,""gasClass"":6,""gasName"":""CO2"",""confidence"":0,""alarm"":false,""sensorVoltage"":[-0.000953203,0.004484726,0.005327458,-0.002505966,-0.009104291,-0.012312423,-0.02064609,-0.026646253],""sensorGain"":[64,64,64,64,64,64,64,64],""sensorStatus"":[0,0,0,0,0,0,0,0],""featureOrder"":[""MQ8"",""MQ135"",""MQ3"",""MQ5"",""MQ4"",""MQ7"",""MQ6"",""MQ2""]},""alarmLatched"":false}"
"2026-08-04 13:16:24.639 +07:00","338.4549411","RECOVERY_100_AFTER_65","RECOVERY","100","1000","0","1","0","-0.000948792","0.004478221","0.005347426","-0.0023927","-0.009038994","-0.012323948","-0.020643782","-0.026668299","{""deviceId"":""1001"",""nodeId"":4097,""targetChId"":""0010"",""mode"":""inference"",""uptimeMs"":14120745,""debugEnabled"":true,""power"":{""mode"":""24v"",""externalPower"":true,""batteryMv"":65535,""batteryValid"":false,""batteryDetected"":false,""batterySenseStatus"":""not_detected"",""batteryLow"":false,""batteryCritical"":false,""sourceAmbiguous"":false,""serviceHoldActive"":false,""serviceHoldEffective"":false},""batterySession"":{""state"":""inactive"",""startedMs"":0,""stateStartedMs"":0,""validSampleBatches"":0,""requiredSampleBatches"":10,""alarmTxAttempts"":0,""alarmTxAttemptLimit"":3,""alarmAckReceived"":false,""pendingAlarm"":false,""pendingSaveRequired"":false,""persistenceFaultHold"":false,""completionReason"":""session_done""},""bootHealth"":{""adsReady"":true,""adsDrdyLevel"":0,""adsDrdyPulldownLevel"":0,""adsDrdyPullupLevel"":0,""adsMisoPulldownLevel"":0,""adsMisoPullupLevel"":1,""adsCsLevel"":1,""adsSyncLevel"":1,""adsStatus"":54,""adsMux"":15,""adsAdcon"":6,""adsDrate"":240,""adsReason"":""ok"",""tcaOk"":true,""mcpOkCount"":8,""mcpOk"":[true,true,true,true,true,true,true,true],""mcpAddrMask"":[1,1,1,1,1,1,1,1],""mcpControlTested"":true,""mcpControlOkCount"":8,""mcpControlOk"":[true,true,true,true,true,true,true,true],""dacReady"":true,""radioReady"":true,""mlReady"":true,""nullingProfileApplied"":true,""modelProfileReady"":false},""runtimeMcpCode"":[255,519,795,706,799,865,665,139],""model"":{""profileId"":""cnn-dualbranch-datasheet-v1-unbound"",""scalerProfileId"":""cnn-dualbranch-datasheet-v1-unbound"",""productionApproved"":true,""boundNullingProfileId"":8,""activeNullingProfileId"":9,""bindingValid"":true,""bindingModelMatches"":true,""profileReady"":false,""inferenceValid"":false,""sensorFault"":true},""lora"":{""beginState"":0,""lastTxState"":0,""lastTxOk"":false,""txSeq"":0,""txCounter"":0,""aesKeyProvisioned"":true,""aesKeyPresent"":true,""aesKeySource"":""nvs"",""keyId"":1,""lastDownlinkCommandId"":0,""freqMHz"":920,""bwKHz"":125,""sf"":7,""cr"":5,""syncWord"":18,""txPowerDbm"":17,""preamble"":8,""tcxoVoltage"":1.600000024,""xtalVoltage"":0},""dataset"":{""state"":""idle"",""step"":""idle"",""label"":"""",""seq"":0,""targetSamples"":0,""sampleIntervalMs"":500,""maxDurationMs"":0,""useFanIntake"":true,""fanOnMs"":1000,""postFanSettleMs"":0,""nullingProfileId"":9,""queuePending"":0,""queueCapacity"":16,""queueEnqueued"":0,""queueDropped"":0,""publishFailCount"":0,""retryCount"":0,""retryFailCount"":0,""rejectedSamples"":0,""lastRejectReason"":""none"",""lastRejectChannel"":-1,""lastRejectOkFiniteCount"":0,""lastRejectStatus"":255,""lastRejectGain"":0,""lastRejectSaturated"":false},""recovery"":{""wifiReconnectCount"":0,""wifiReconnectFailCount"":0,""mqttReconnectCount"":0,""mqttConnectFailCount"":0,""lastMqttState"":0,""adsRecoveryCount"":0,""adsRecoveryFailCount"":0,""adsReadFailStreak"":0,""lastReason"":""none"",""lastRecoveryMs"":0,""bootRecoveryArmed"":false,""bootRecoveryDueMs"":0,""bootRecoveryReason"":""none"",""bootRecoveryNonAdsFailure"":false,""bootRecoveryRestartCount"":0},""nulling"":{""done"":false,""retryArmed"":false,""attemptCount"":0,""nextRetryMs"":0,""thresholdV"":9.999999747E-06,""minFinalV"":0},""telemetry"":{""valid"":true,""sampleMs"":14120336,""gasClass"":6,""gasName"":""CO2"",""confidence"":0,""alarm"":false,""sensorVoltage"":[-0.000948792,0.004478221,0.005347426,-0.0023927,-0.009038994,-0.012323948,-0.020643782,-0.026668299],""sensorGain"":[64,64,64,64,64,64,64,64],""sensorStatus"":[0,0,0,0,0,0,0,0],""featureOrder"":[""MQ8"",""MQ135"",""MQ3"",""MQ5"",""MQ4"",""MQ7"",""MQ6"",""MQ2""]},""alarmLatched"":false}"
"2026-08-04 13:16:25.329 +07:00","339.14534249999997","RECOVERY_100_AFTER_65","RECOVERY","100","1000","0","1","0","-0.000967771","0.004466259","0.005391466","-0.002406699","-0.00899365","-0.012325276","-0.020648114","-0.026677158","{""deviceId"":""1001"",""nodeId"":4097,""targetChId"":""0010"",""mode"":""inference"",""uptimeMs"":14121428,""debugEnabled"":true,""power"":{""mode"":""24v"",""externalPower"":true,""batteryMv"":65535,""batteryValid"":false,""batteryDetected"":false,""batterySenseStatus"":""not_detected"",""batteryLow"":false,""batteryCritical"":false,""sourceAmbiguous"":false,""serviceHoldActive"":false,""serviceHoldEffective"":false},""batterySession"":{""state"":""inactive"",""startedMs"":0,""stateStartedMs"":0,""validSampleBatches"":0,""requiredSampleBatches"":10,""alarmTxAttempts"":0,""alarmTxAttemptLimit"":3,""alarmAckReceived"":false,""pendingAlarm"":false,""pendingSaveRequired"":false,""persistenceFaultHold"":false,""completionReason"":""session_done""},""bootHealth"":{""adsReady"":true,""adsDrdyLevel"":0,""adsDrdyPulldownLevel"":0,""adsDrdyPullupLevel"":0,""adsMisoPulldownLevel"":0,""adsMisoPullupLevel"":1,""adsCsLevel"":1,""adsSyncLevel"":1,""adsStatus"":54,""adsMux"":15,""adsAdcon"":6,""adsDrate"":240,""adsReason"":""ok"",""tcaOk"":true,""mcpOkCount"":8,""mcpOk"":[true,true,true,true,true,true,true,true],""mcpAddrMask"":[1,1,1,1,1,1,1,1],""mcpControlTested"":true,""mcpControlOkCount"":8,""mcpControlOk"":[true,true,true,true,true,true,true,true],""dacReady"":true,""radioReady"":true,""mlReady"":true,""nullingProfileApplied"":true,""modelProfileReady"":false},""runtimeMcpCode"":[255,519,795,706,799,865,665,139],""model"":{""profileId"":""cnn-dualbranch-datasheet-v1-unbound"",""scalerProfileId"":""cnn-dualbranch-datasheet-v1-unbound"",""productionApproved"":true,""boundNullingProfileId"":8,""activeNullingProfileId"":9,""bindingValid"":true,""bindingModelMatches"":true,""profileReady"":false,""inferenceValid"":false,""sensorFault"":true},""lora"":{""beginState"":0,""lastTxState"":0,""lastTxOk"":false,""txSeq"":0,""txCounter"":0,""aesKeyProvisioned"":true,""aesKeyPresent"":true,""aesKeySource"":""nvs"",""keyId"":1,""lastDownlinkCommandId"":0,""freqMHz"":920,""bwKHz"":125,""sf"":7,""cr"":5,""syncWord"":18,""txPowerDbm"":17,""preamble"":8,""tcxoVoltage"":1.600000024,""xtalVoltage"":0},""dataset"":{""state"":""idle"",""step"":""idle"",""label"":"""",""seq"":0,""targetSamples"":0,""sampleIntervalMs"":500,""maxDurationMs"":0,""useFanIntake"":true,""fanOnMs"":1000,""postFanSettleMs"":0,""nullingProfileId"":9,""queuePending"":0,""queueCapacity"":16,""queueEnqueued"":0,""queueDropped"":0,""publishFailCount"":0,""retryCount"":0,""retryFailCount"":0,""rejectedSamples"":0,""lastRejectReason"":""none"",""lastRejectChannel"":-1,""lastRejectOkFiniteCount"":0,""lastRejectStatus"":255,""lastRejectGain"":0,""lastRejectSaturated"":false},""recovery"":{""wifiReconnectCount"":0,""wifiReconnectFailCount"":0,""mqttReconnectCount"":0,""mqttConnectFailCount"":0,""lastMqttState"":0,""adsRecoveryCount"":0,""adsRecoveryFailCount"":0,""adsReadFailStreak"":0,""lastReason"":""none"",""lastRecoveryMs"":0,""bootRecoveryArmed"":false,""bootRecoveryDueMs"":0,""bootRecoveryReason"":""none"",""bootRecoveryNonAdsFailure"":false,""bootRecoveryRestartCount"":0},""nulling"":{""done"":false,""retryArmed"":false,""attemptCount"":0,""nextRetryMs"":0,""thresholdV"":9.999999747E-06,""minFinalV"":0},""telemetry"":{""valid"":true,""sampleMs"":14121055,""gasClass"":6,""gasName"":""CO2"",""confidence"":0,""alarm"":false,""sensorVoltage"":[-0.000967771,0.004466259,0.005391466,-0.002406699,-0.00899365,-0.012325276,-0.020648114,-0.026677158],""sensorGain"":[64,64,64,64,64,64,64,64],""sensorStatus"":[0,0,0,0,0,0,0,0],""featureOrder"":[""MQ8"",""MQ135"",""MQ3"",""MQ5"",""MQ4"",""MQ7"",""MQ6"",""MQ2""]},""alarmLatched"":false}"
"2026-08-04 13:16:26.007 +07:00","339.82279289999997","RECOVERY_100_AFTER_65","RECOVERY","100","1000","0","1","0","-0.000985469","0.004454318","0.005381187","-0.002412702","-0.009106533","-0.012306306","-0.020552889","-0.026664045","{""deviceId"":""1001"",""nodeId"":4097,""targetChId"":""0010"",""mode"":""inference"",""uptimeMs"":14122112,""debugEnabled"":true,""power"":{""mode"":""24v"",""externalPower"":true,""batteryMv"":65535,""batteryValid"":false,""batteryDetected"":false,""batterySenseStatus"":""not_detected"",""batteryLow"":false,""batteryCritical"":false,""sourceAmbiguous"":false,""serviceHoldActive"":false,""serviceHoldEffective"":false},""batterySession"":{""state"":""inactive"",""startedMs"":0,""stateStartedMs"":0,""validSampleBatches"":0,""requiredSampleBatches"":10,""alarmTxAttempts"":0,""alarmTxAttemptLimit"":3,""alarmAckReceived"":false,""pendingAlarm"":false,""pendingSaveRequired"":false,""persistenceFaultHold"":false,""completionReason"":""session_done""},""bootHealth"":{""adsReady"":true,""adsDrdyLevel"":0,""adsDrdyPulldownLevel"":0,""adsDrdyPullupLevel"":0,""adsMisoPulldownLevel"":0,""adsMisoPullupLevel"":1,""adsCsLevel"":1,""adsSyncLevel"":1,""adsStatus"":54,""adsMux"":15,""adsAdcon"":6,""adsDrate"":240,""adsReason"":""ok"",""tcaOk"":true,""mcpOkCount"":8,""mcpOk"":[true,true,true,true,true,true,true,true],""mcpAddrMask"":[1,1,1,1,1,1,1,1],""mcpControlTested"":true,""mcpControlOkCount"":8,""mcpControlOk"":[true,true,true,true,true,true,true,true],""dacReady"":true,""radioReady"":true,""mlReady"":true,""nullingProfileApplied"":true,""modelProfileReady"":false},""runtimeMcpCode"":[255,519,795,706,799,865,665,139],""model"":{""profileId"":""cnn-dualbranch-datasheet-v1-unbound"",""scalerProfileId"":""cnn-dualbranch-datasheet-v1-unbound"",""productionApproved"":true,""boundNullingProfileId"":8,""activeNullingProfileId"":9,""bindingValid"":true,""bindingModelMatches"":true,""profileReady"":false,""inferenceValid"":false,""sensorFault"":true},""lora"":{""beginState"":0,""lastTxState"":0,""lastTxOk"":false,""txSeq"":0,""txCounter"":0,""aesKeyProvisioned"":true,""aesKeyPresent"":true,""aesKeySource"":""nvs"",""keyId"":1,""lastDownlinkCommandId"":0,""freqMHz"":920,""bwKHz"":125,""sf"":7,""cr"":5,""syncWord"":18,""txPowerDbm"":17,""preamble"":8,""tcxoVoltage"":1.600000024,""xtalVoltage"":0},""dataset"":{""state"":""idle"",""step"":""idle"",""label"":"""",""seq"":0,""targetSamples"":0,""sampleIntervalMs"":500,""maxDurationMs"":0,""useFanIntake"":true,""fanOnMs"":1000,""postFanSettleMs"":0,""nullingProfileId"":9,""queuePending"":0,""queueCapacity"":16,""queueEnqueued"":0,""queueDropped"":0,""publishFailCount"":0,""retryCount"":0,""retryFailCount"":0,""rejectedSamples"":0,""lastRejectReason"":""none"",""lastRejectChannel"":-1,""lastRejectOkFiniteCount"":0,""lastRejectStatus"":255,""lastRejectGain"":0,""lastRejectSaturated"":false},""recovery"":{""wifiReconnectCount"":0,""wifiReconnectFailCount"":0,""mqttReconnectCount"":0,""mqttConnectFailCount"":0,""lastMqttState"":0,""adsRecoveryCount"":0,""adsRecoveryFailCount"":0,""adsReadFailStreak"":0,""lastReason"":""none"",""lastRecoveryMs"":0,""bootRecoveryArmed"":false,""bootRecoveryDueMs"":0,""bootRecoveryReason"":""none"",""bootRecoveryNonAdsFailure"":false,""bootRecoveryRestartCount"":0},""nulling"":{""done"":false,""retryArmed"":false,""attemptCount"":0,""nextRetryMs"":0,""thresholdV"":9.999999747E-06,""minFinalV"":0},""telemetry"":{""valid"":true,""sampleMs"":14121706,""gasClass"":6,""gasName"":""CO2"",""confidence"":0,""alarm"":false,""sensorVoltage"":[-0.000985469,0.004454318,0.005381187,-0.002412702,-0.009106533,-0.012306306,-0.020552889,-0.026664045],""sensorGain"":[64,64,64,64,64,64,64,64],""sensorStatus"":[0,0,0,0,0,0,0,0],""featureOrder"":[""MQ8"",""MQ135"",""MQ3"",""MQ5"",""MQ4"",""MQ7"",""MQ6"",""MQ2""]},""alarmLatched"":false}"
"2026-08-04 13:16:26.690 +07:00","340.5059","RECOVERY_100_AFTER_65","RECOVERY","100","1000","0","1","0","-0.000998811","0.004465969","0.005387058","-0.002427771","-0.008927541","-0.012189289","-0.020538758","-0.026729405","{""deviceId"":""1001"",""nodeId"":4097,""targetChId"":""0010"",""mode"":""inference"",""uptimeMs"":14122793,""debugEnabled"":true,""power"":{""mode"":""24v"",""externalPower"":true,""batteryMv"":65535,""batteryValid"":false,""batteryDetected"":false,""batterySenseStatus"":""not_detected"",""batteryLow"":false,""batteryCritical"":false,""sourceAmbiguous"":false,""serviceHoldActive"":false,""serviceHoldEffective"":false},""batterySession"":{""state"":""inactive"",""startedMs"":0,""stateStartedMs"":0,""validSampleBatches"":0,""requiredSampleBatches"":10,""alarmTxAttempts"":0,""alarmTxAttemptLimit"":3,""alarmAckReceived"":false,""pendingAlarm"":false,""pendingSaveRequired"":false,""persistenceFaultHold"":false,""completionReason"":""session_done""},""bootHealth"":{""adsReady"":true,""adsDrdyLevel"":0,""adsDrdyPulldownLevel"":0,""adsDrdyPullupLevel"":0,""adsMisoPulldownLevel"":0,""adsMisoPullupLevel"":1,""adsCsLevel"":1,""adsSyncLevel"":1,""adsStatus"":54,""adsMux"":15,""adsAdcon"":6,""adsDrate"":240,""adsReason"":""ok"",""tcaOk"":true,""mcpOkCount"":8,""mcpOk"":[true,true,true,true,true,true,true,true],""mcpAddrMask"":[1,1,1,1,1,1,1,1],""mcpControlTested"":true,""mcpControlOkCount"":8,""mcpControlOk"":[true,true,true,true,true,true,true,true],""dacReady"":true,""radioReady"":true,""mlReady"":true,""nullingProfileApplied"":true,""modelProfileReady"":false},""runtimeMcpCode"":[255,519,795,706,799,865,665,139],""model"":{""profileId"":""cnn-dualbranch-datasheet-v1-unbound"",""scalerProfileId"":""cnn-dualbranch-datasheet-v1-unbound"",""productionApproved"":true,""boundNullingProfileId"":8,""activeNullingProfileId"":9,""bindingValid"":true,""bindingModelMatches"":true,""profileReady"":false,""inferenceValid"":false,""sensorFault"":true},""lora"":{""beginState"":0,""lastTxState"":0,""lastTxOk"":false,""txSeq"":0,""txCounter"":0,""aesKeyProvisioned"":true,""aesKeyPresent"":true,""aesKeySource"":""nvs"",""keyId"":1,""lastDownlinkCommandId"":0,""freqMHz"":920,""bwKHz"":125,""sf"":7,""cr"":5,""syncWord"":18,""txPowerDbm"":17,""preamble"":8,""tcxoVoltage"":1.600000024,""xtalVoltage"":0},""dataset"":{""state"":""idle"",""step"":""idle"",""label"":"""",""seq"":0,""targetSamples"":0,""sampleIntervalMs"":500,""maxDurationMs"":0,""useFanIntake"":true,""fanOnMs"":1000,""postFanSettleMs"":0,""nullingProfileId"":9,""queuePending"":0,""queueCapacity"":16,""queueEnqueued"":0,""queueDropped"":0,""publishFailCount"":0,""retryCount"":0,""retryFailCount"":0,""rejectedSamples"":0,""lastRejectReason"":""none"",""lastRejectChannel"":-1,""lastRejectOkFiniteCount"":0,""lastRejectStatus"":255,""lastRejectGain"":0,""lastRejectSaturated"":false},""recovery"":{""wifiReconnectCount"":0,""wifiReconnectFailCount"":0,""mqttReconnectCount"":0,""mqttConnectFailCount"":0,""lastMqttState"":0,""adsRecoveryCount"":0,""adsRecoveryFailCount"":0,""adsReadFailStreak"":0,""lastReason"":""none"",""lastRecoveryMs"":0,""bootRecoveryArmed"":false,""bootRecoveryDueMs"":0,""bootRecoveryReason"":""none"",""bootRecoveryNonAdsFailure"":false,""bootRecoveryRestartCount"":0},""nulling"":{""done"":false,""retryArmed"":false,""attemptCount"":0,""nextRetryMs"":0,""thresholdV"":9.999999747E-06,""minFinalV"":0},""telemetry"":{""valid"":true,""sampleMs"":14122400,""gasClass"":6,""gasName"":""CO2"",""confidence"":0,""alarm"":false,""sensorVoltage"":[-0.000998811,0.004465969,0.005387058,-0.002427771,-0.008927541,-0.012189289,-0.020538758,-0.026729405],""sensorGain"":[64,64,64,64,64,64,64,64],""sensorStatus"":[0,0,0,0,0,0,0,0],""featureOrder"":[""MQ8"",""MQ135"",""MQ3"",""MQ5"",""MQ4"",""MQ7"",""MQ6"",""MQ2""]},""alarmLatched"":false}"
"2026-08-04 13:16:27.381 +07:00","341.1971693","RECOVERY_100_AFTER_65","RECOVERY","100","1000","0","1","0","-0.000997452","0.004457137","0.005397757","-0.002503586","-0.008911773","-0.012193477","-0.020551171","-0.026740273","{""deviceId"":""1001"",""nodeId"":4097,""targetChId"":""0010"",""mode"":""inference"",""uptimeMs"":14123478,""debugEnabled"":true,""power"":{""mode"":""24v"",""externalPower"":true,""batteryMv"":65535,""batteryValid"":false,""batteryDetected"":false,""batterySenseStatus"":""not_detected"",""batteryLow"":false,""batteryCritical"":false,""sourceAmbiguous"":false,""serviceHoldActive"":false,""serviceHoldEffective"":false},""batterySession"":{""state"":""inactive"",""startedMs"":0,""stateStartedMs"":0,""validSampleBatches"":0,""requiredSampleBatches"":10,""alarmTxAttempts"":0,""alarmTxAttemptLimit"":3,""alarmAckReceived"":false,""pendingAlarm"":false,""pendingSaveRequired"":false,""persistenceFaultHold"":false,""completionReason"":""session_done""},""bootHealth"":{""adsReady"":true,""adsDrdyLevel"":0,""adsDrdyPulldownLevel"":0,""adsDrdyPullupLevel"":0,""adsMisoPulldownLevel"":0,""adsMisoPullupLevel"":1,""adsCsLevel"":1,""adsSyncLevel"":1,""adsStatus"":54,""adsMux"":15,""adsAdcon"":6,""adsDrate"":240,""adsReason"":""ok"",""tcaOk"":true,""mcpOkCount"":8,""mcpOk"":[true,true,true,true,true,true,true,true],""mcpAddrMask"":[1,1,1,1,1,1,1,1],""mcpControlTested"":true,""mcpControlOkCount"":8,""mcpControlOk"":[true,true,true,true,true,true,true,true],""dacReady"":true,""radioReady"":true,""mlReady"":true,""nullingProfileApplied"":true,""modelProfileReady"":false},""runtimeMcpCode"":[255,519,795,706,799,865,665,139],""model"":{""profileId"":""cnn-dualbranch-datasheet-v1-unbound"",""scalerProfileId"":""cnn-dualbranch-datasheet-v1-unbound"",""productionApproved"":true,""boundNullingProfileId"":8,""activeNullingProfileId"":9,""bindingValid"":true,""bindingModelMatches"":true,""profileReady"":false,""inferenceValid"":false,""sensorFault"":true},""lora"":{""beginState"":0,""lastTxState"":0,""lastTxOk"":false,""txSeq"":0,""txCounter"":0,""aesKeyProvisioned"":true,""aesKeyPresent"":true,""aesKeySource"":""nvs"",""keyId"":1,""lastDownlinkCommandId"":0,""freqMHz"":920,""bwKHz"":125,""sf"":7,""cr"":5,""syncWord"":18,""txPowerDbm"":17,""preamble"":8,""tcxoVoltage"":1.600000024,""xtalVoltage"":0},""dataset"":{""state"":""idle"",""step"":""idle"",""label"":"""",""seq"":0,""targetSamples"":0,""sampleIntervalMs"":500,""maxDurationMs"":0,""useFanIntake"":true,""fanOnMs"":1000,""postFanSettleMs"":0,""nullingProfileId"":9,""queuePending"":0,""queueCapacity"":16,""queueEnqueued"":0,""queueDropped"":0,""publishFailCount"":0,""retryCount"":0,""retryFailCount"":0,""rejectedSamples"":0,""lastRejectReason"":""none"",""lastRejectChannel"":-1,""lastRejectOkFiniteCount"":0,""lastRejectStatus"":255,""lastRejectGain"":0,""lastRejectSaturated"":false},""recovery"":{""wifiReconnectCount"":0,""wifiReconnectFailCount"":0,""mqttReconnectCount"":0,""mqttConnectFailCount"":0,""lastMqttState"":0,""adsRecoveryCount"":0,""adsRecoveryFailCount"":0,""adsReadFailStreak"":0,""lastReason"":""none"",""lastRecoveryMs"":0,""bootRecoveryArmed"":false,""bootRecoveryDueMs"":0,""bootRecoveryReason"":""none"",""bootRecoveryNonAdsFailure"":false,""bootRecoveryRestartCount"":0},""nulling"":{""done"":false,""retryArmed"":false,""attemptCount"":0,""nextRetryMs"":0,""thresholdV"":9.999999747E-06,""minFinalV"":0},""telemetry"":{""valid"":true,""sampleMs"":14123113,""gasClass"":6,""gasName"":""CO2"",""confidence"":0,""alarm"":false,""sensorVoltage"":[-0.000997452,0.004457137,0.005397757,-0.002503586,-0.008911773,-0.012193477,-0.020551171,-0.026740273],""sensorGain"":[64,64,64,64,64,64,64,64],""sensorStatus"":[0,0,0,0,0,0,0,0],""featureOrder"":[""MQ8"",""MQ135"",""MQ3"",""MQ5"",""MQ4"",""MQ7"",""MQ6"",""MQ2""]},""alarmLatched"":false}"
"2026-08-04 13:16:28.400 +07:00","342.2163677","RECOVERY_100_AFTER_65","RECOVERY","100","1000","0","1","0","-0.001021667","0.004439983","0.005389653","-0.002509263","-0.007572646","-0.012178453","-0.020524986","-0.026765842","{""deviceId"":""1001"",""nodeId"":4097,""targetChId"":""0010"",""mode"":""inference"",""uptimeMs"":14124498,""debugEnabled"":true,""power"":{""mode"":""24v"",""externalPower"":true,""batteryMv"":65535,""batteryValid"":false,""batteryDetected"":false,""batterySenseStatus"":""not_detected"",""batteryLow"":false,""batteryCritical"":false,""sourceAmbiguous"":false,""serviceHoldActive"":false,""serviceHoldEffective"":false},""batterySession"":{""state"":""inactive"",""startedMs"":0,""stateStartedMs"":0,""validSampleBatches"":0,""requiredSampleBatches"":10,""alarmTxAttempts"":0,""alarmTxAttemptLimit"":3,""alarmAckReceived"":false,""pendingAlarm"":false,""pendingSaveRequired"":false,""persistenceFaultHold"":false,""completionReason"":""session_done""},""bootHealth"":{""adsReady"":true,""adsDrdyLevel"":0,""adsDrdyPulldownLevel"":0,""adsDrdyPullupLevel"":0,""adsMisoPulldownLevel"":0,""adsMisoPullupLevel"":1,""adsCsLevel"":1,""adsSyncLevel"":1,""adsStatus"":54,""adsMux"":15,""adsAdcon"":6,""adsDrate"":240,""adsReason"":""ok"",""tcaOk"":true,""mcpOkCount"":8,""mcpOk"":[true,true,true,true,true,true,true,true],""mcpAddrMask"":[1,1,1,1,1,1,1,1],""mcpControlTested"":true,""mcpControlOkCount"":8,""mcpControlOk"":[true,true,true,true,true,true,true,true],""dacReady"":true,""radioReady"":true,""mlReady"":true,""nullingProfileApplied"":true,""modelProfileReady"":false},""runtimeMcpCode"":[255,519,795,706,799,865,665,139],""model"":{""profileId"":""cnn-dualbranch-datasheet-v1-unbound"",""scalerProfileId"":""cnn-dualbranch-datasheet-v1-unbound"",""productionApproved"":true,""boundNullingProfileId"":8,""activeNullingProfileId"":9,""bindingValid"":true,""bindingModelMatches"":true,""profileReady"":false,""inferenceValid"":false,""sensorFault"":true},""lora"":{""beginState"":0,""lastTxState"":0,""lastTxOk"":false,""txSeq"":0,""txCounter"":0,""aesKeyProvisioned"":true,""aesKeyPresent"":true,""aesKeySource"":""nvs"",""keyId"":1,""lastDownlinkCommandId"":0,""freqMHz"":920,""bwKHz"":125,""sf"":7,""cr"":5,""syncWord"":18,""txPowerDbm"":17,""preamble"":8,""tcxoVoltage"":1.600000024,""xtalVoltage"":0},""dataset"":{""state"":""idle"",""step"":""idle"",""label"":"""",""seq"":0,""targetSamples"":0,""sampleIntervalMs"":500,""maxDurationMs"":0,""useFanIntake"":true,""fanOnMs"":1000,""postFanSettleMs"":0,""nullingProfileId"":9,""queuePending"":0,""queueCapacity"":16,""queueEnqueued"":0,""queueDropped"":0,""publishFailCount"":0,""retryCount"":0,""retryFailCount"":0,""rejectedSamples"":0,""lastRejectReason"":""none"",""lastRejectChannel"":-1,""lastRejectOkFiniteCount"":0,""lastRejectStatus"":255,""lastRejectGain"":0,""lastRejectSaturated"":false},""recovery"":{""wifiReconnectCount"":0,""wifiReconnectFailCount"":0,""mqttReconnectCount"":0,""mqttConnectFailCount"":0,""lastMqttState"":0,""adsRecoveryCount"":0,""adsRecoveryFailCount"":0,""adsReadFailStreak"":0,""lastReason"":""none"",""lastRecoveryMs"":0,""bootRecoveryArmed"":false,""bootRecoveryDueMs"":0,""bootRecoveryReason"":""none"",""bootRecoveryNonAdsFailure"":false,""bootRecoveryRestartCount"":0},""nulling"":{""done"":false,""retryArmed"":false,""attemptCount"":0,""nextRetryMs"":0,""thresholdV"":9.999999747E-06,""minFinalV"":0},""telemetry"":{""valid"":true,""sampleMs"":14124266,""gasClass"":6,""gasName"":""CO2"",""confidence"":0,""alarm"":false,""sensorVoltage"":[-0.001021667,0.004439983,0.005389653,-0.002509263,-0.007572646,-0.012178453,-0.020524986,-0.026765842],""sensorGain"":[64,64,64,64,64,64,64,64],""sensorStatus"":[0,0,0,0,0,0,0,0],""featureOrder"":[""MQ8"",""MQ135"",""MQ3"",""MQ5"",""MQ4"",""MQ7"",""MQ6"",""MQ2""]},""alarmLatched"":false}"
"2026-08-04 13:16:29.090 +07:00","342.906371","RECOVERY_100_AFTER_65","RECOVERY","100","1000","0","1","0","-0.001027292","0.004479581","0.005404008","-0.002497559","-0.008114433","-0.012227726","-0.020515816","-0.02674683","{""deviceId"":""1001"",""nodeId"":4097,""targetChId"":""0010"",""mode"":""inference"",""uptimeMs"":14125188,""debugEnabled"":true,""power"":{""mode"":""24v"",""externalPower"":true,""batteryMv"":65535,""batteryValid"":false,""batteryDetected"":false,""batterySenseStatus"":""not_detected"",""batteryLow"":false,""batteryCritical"":false,""sourceAmbiguous"":false,""serviceHoldActive"":false,""serviceHoldEffective"":false},""batterySession"":{""state"":""inactive"",""startedMs"":0,""stateStartedMs"":0,""validSampleBatches"":0,""requiredSampleBatches"":10,""alarmTxAttempts"":0,""alarmTxAttemptLimit"":3,""alarmAckReceived"":false,""pendingAlarm"":false,""pendingSaveRequired"":false,""persistenceFaultHold"":false,""completionReason"":""session_done""},""bootHealth"":{""adsReady"":true,""adsDrdyLevel"":0,""adsDrdyPulldownLevel"":0,""adsDrdyPullupLevel"":0,""adsMisoPulldownLevel"":0,""adsMisoPullupLevel"":1,""adsCsLevel"":1,""adsSyncLevel"":1,""adsStatus"":54,""adsMux"":15,""adsAdcon"":6,""adsDrate"":240,""adsReason"":""ok"",""tcaOk"":true,""mcpOkCount"":8,""mcpOk"":[true,true,true,true,true,true,true,true],""mcpAddrMask"":[1,1,1,1,1,1,1,1],""mcpControlTested"":true,""mcpControlOkCount"":8,""mcpControlOk"":[true,true,true,true,true,true,true,true],""dacReady"":true,""radioReady"":true,""mlReady"":true,""nullingProfileApplied"":true,""modelProfileReady"":false},""runtimeMcpCode"":[255,519,795,706,799,865,665,139],""model"":{""profileId"":""cnn-dualbranch-datasheet-v1-unbound"",""scalerProfileId"":""cnn-dualbranch-datasheet-v1-unbound"",""productionApproved"":true,""boundNullingProfileId"":8,""activeNullingProfileId"":9,""bindingValid"":true,""bindingModelMatches"":true,""profileReady"":false,""inferenceValid"":false,""sensorFault"":true},""lora"":{""beginState"":0,""lastTxState"":0,""lastTxOk"":false,""txSeq"":0,""txCounter"":0,""aesKeyProvisioned"":true,""aesKeyPresent"":true,""aesKeySource"":""nvs"",""keyId"":1,""lastDownlinkCommandId"":0,""freqMHz"":920,""bwKHz"":125,""sf"":7,""cr"":5,""syncWord"":18,""txPowerDbm"":17,""preamble"":8,""tcxoVoltage"":1.600000024,""xtalVoltage"":0},""dataset"":{""state"":""idle"",""step"":""idle"",""label"":"""",""seq"":0,""targetSamples"":0,""sampleIntervalMs"":500,""maxDurationMs"":0,""useFanIntake"":true,""fanOnMs"":1000,""postFanSettleMs"":0,""nullingProfileId"":9,""queuePending"":0,""queueCapacity"":16,""queueEnqueued"":0,""queueDropped"":0,""publishFailCount"":0,""retryCount"":0,""retryFailCount"":0,""rejectedSamples"":0,""lastRejectReason"":""none"",""lastRejectChannel"":-1,""lastRejectOkFiniteCount"":0,""lastRejectStatus"":255,""lastRejectGain"":0,""lastRejectSaturated"":false},""recovery"":{""wifiReconnectCount"":0,""wifiReconnectFailCount"":0,""mqttReconnectCount"":0,""mqttConnectFailCount"":0,""lastMqttState"":0,""adsRecoveryCount"":0,""adsRecoveryFailCount"":0,""adsReadFailStreak"":0,""lastReason"":""none"",""lastRecoveryMs"":0,""bootRecoveryArmed"":false,""bootRecoveryDueMs"":0,""bootRecoveryReason"":""none"",""bootRecoveryNonAdsFailure"":false,""bootRecoveryRestartCount"":0},""nulling"":{""done"":false,""retryArmed"":false,""attemptCount"":0,""nextRetryMs"":0,""thresholdV"":9.999999747E-06,""minFinalV"":0},""telemetry"":{""valid"":true,""sampleMs"":14124786,""gasClass"":6,""gasName"":""CO2"",""confidence"":0,""alarm"":false,""sensorVoltage"":[-0.001027292,0.004479581,0.005404008,-0.002497559,-0.008114433,-0.012227726,-0.020515816,-0.02674683],""sensorGain"":[64,64,64,64,64,64,64,64],""sensorStatus"":[0,0,0,0,0,0,0,0],""featureOrder"":[""MQ8"",""MQ135"",""MQ3"",""MQ5"",""MQ4"",""MQ7"",""MQ6"",""MQ2""]},""alarmLatched"":false}"
"2026-08-04 13:16:29.791 +07:00","343.6072862","RECOVERY_100_AFTER_65","RECOVERY","100","1000","0","1","0","-0.001003938","0.004460501","0.005402765","-0.002480201","-0.007753152","-0.012255684","-0.020523723","-0.026780341","{""deviceId"":""1001"",""nodeId"":4097,""targetChId"":""0010"",""mode"":""inference"",""uptimeMs"":14125889,""debugEnabled"":true,""power"":{""mode"":""24v"",""externalPower"":true,""batteryMv"":65535,""batteryValid"":false,""batteryDetected"":false,""batterySenseStatus"":""not_detected"",""batteryLow"":false,""batteryCritical"":false,""sourceAmbiguous"":false,""serviceHoldActive"":false,""serviceHoldEffective"":false},""batterySession"":{""state"":""inactive"",""startedMs"":0,""stateStartedMs"":0,""validSampleBatches"":0,""requiredSampleBatches"":10,""alarmTxAttempts"":0,""alarmTxAttemptLimit"":3,""alarmAckReceived"":false,""pendingAlarm"":false,""pendingSaveRequired"":false,""persistenceFaultHold"":false,""completionReason"":""session_done""},""bootHealth"":{""adsReady"":true,""adsDrdyLevel"":0,""adsDrdyPulldownLevel"":0,""adsDrdyPullupLevel"":0,""adsMisoPulldownLevel"":0,""adsMisoPullupLevel"":1,""adsCsLevel"":1,""adsSyncLevel"":1,""adsStatus"":54,""adsMux"":15,""adsAdcon"":6,""adsDrate"":240,""adsReason"":""ok"",""tcaOk"":true,""mcpOkCount"":8,""mcpOk"":[true,true,true,true,true,true,true,true],""mcpAddrMask"":[1,1,1,1,1,1,1,1],""mcpControlTested"":true,""mcpControlOkCount"":8,""mcpControlOk"":[true,true,true,true,true,true,true,true],""dacReady"":true,""radioReady"":true,""mlReady"":true,""nullingProfileApplied"":true,""modelProfileReady"":false},""runtimeMcpCode"":[255,519,795,706,799,865,665,139],""model"":{""profileId"":""cnn-dualbranch-datasheet-v1-unbound"",""scalerProfileId"":""cnn-dualbranch-datasheet-v1-unbound"",""productionApproved"":true,""boundNullingProfileId"":8,""activeNullingProfileId"":9,""bindingValid"":true,""bindingModelMatches"":true,""profileReady"":false,""inferenceValid"":false,""sensorFault"":true},""lora"":{""beginState"":0,""lastTxState"":0,""lastTxOk"":false,""txSeq"":0,""txCounter"":0,""aesKeyProvisioned"":true,""aesKeyPresent"":true,""aesKeySource"":""nvs"",""keyId"":1,""lastDownlinkCommandId"":0,""freqMHz"":920,""bwKHz"":125,""sf"":7,""cr"":5,""syncWord"":18,""txPowerDbm"":17,""preamble"":8,""tcxoVoltage"":1.600000024,""xtalVoltage"":0},""dataset"":{""state"":""idle"",""step"":""idle"",""label"":"""",""seq"":0,""targetSamples"":0,""sampleIntervalMs"":500,""maxDurationMs"":0,""useFanIntake"":true,""fanOnMs"":1000,""postFanSettleMs"":0,""nullingProfileId"":9,""queuePending"":0,""queueCapacity"":16,""queueEnqueued"":0,""queueDropped"":0,""publishFailCount"":0,""retryCount"":0,""retryFailCount"":0,""rejectedSamples"":0,""lastRejectReason"":""none"",""lastRejectChannel"":-1,""lastRejectOkFiniteCount"":0,""lastRejectStatus"":255,""lastRejectGain"":0,""lastRejectSaturated"":false},""recovery"":{""wifiReconnectCount"":0,""wifiReconnectFailCount"":0,""mqttReconnectCount"":0,""mqttConnectFailCount"":0,""lastMqttState"":0,""adsRecoveryCount"":0,""adsRecoveryFailCount"":0,""adsReadFailStreak"":0,""lastReason"":""none"",""lastRecoveryMs"":0,""bootRecoveryArmed"":false,""bootRecoveryDueMs"":0,""bootRecoveryReason"":""none"",""bootRecoveryNonAdsFailure"":false,""bootRecoveryRestartCount"":0},""nulling"":{""done"":false,""retryArmed"":false,""attemptCount"":0,""nextRetryMs"":0,""thresholdV"":9.999999747E-06,""minFinalV"":0},""telemetry"":{""valid"":true,""sampleMs"":14125471,""gasClass"":6,""gasName"":""CO2"",""confidence"":0,""alarm"":false,""sensorVoltage"":[-0.001003938,0.004460501,0.005402765,-0.002480201,-0.007753152,-0.012255684,-0.020523723,-0.026780341],""sensorGain"":[64,64,64,64,64,64,64,64],""sensorStatus"":[0,0,0,0,0,0,0,0],""featureOrder"":[""MQ8"",""MQ135"",""MQ3"",""MQ5"",""MQ4"",""MQ7"",""MQ6"",""MQ2""]},""alarmLatched"":false}"
"2026-08-04 13:16:30.490 +07:00","344.305796","RECOVERY_100_AFTER_65","RECOVERY","100","1000","0","1","0","-0.00099473","0.004462162","0.005409314","-0.002560769","-0.006885549","-0.012231682","-0.020522933","-0.026793072","{""deviceId"":""1001"",""nodeId"":4097,""targetChId"":""0010"",""mode"":""inference"",""uptimeMs"":14126588,""debugEnabled"":true,""power"":{""mode"":""24v"",""externalPower"":true,""batteryMv"":65535,""batteryValid"":false,""batteryDetected"":false,""batterySenseStatus"":""not_detected"",""batteryLow"":false,""batteryCritical"":false,""sourceAmbiguous"":false,""serviceHoldActive"":false,""serviceHoldEffective"":false},""batterySession"":{""state"":""inactive"",""startedMs"":0,""stateStartedMs"":0,""validSampleBatches"":0,""requiredSampleBatches"":10,""alarmTxAttempts"":0,""alarmTxAttemptLimit"":3,""alarmAckReceived"":false,""pendingAlarm"":false,""pendingSaveRequired"":false,""persistenceFaultHold"":false,""completionReason"":""session_done""},""bootHealth"":{""adsReady"":true,""adsDrdyLevel"":0,""adsDrdyPulldownLevel"":0,""adsDrdyPullupLevel"":0,""adsMisoPulldownLevel"":0,""adsMisoPullupLevel"":1,""adsCsLevel"":1,""adsSyncLevel"":1,""adsStatus"":54,""adsMux"":15,""adsAdcon"":6,""adsDrate"":240,""adsReason"":""ok"",""tcaOk"":true,""mcpOkCount"":8,""mcpOk"":[true,true,true,true,true,true,true,true],""mcpAddrMask"":[1,1,1,1,1,1,1,1],""mcpControlTested"":true,""mcpControlOkCount"":8,""mcpControlOk"":[true,true,true,true,true,true,true,true],""dacReady"":true,""radioReady"":true,""mlReady"":true,""nullingProfileApplied"":true,""modelProfileReady"":false},""runtimeMcpCode"":[255,519,795,706,799,865,665,139],""model"":{""profileId"":""cnn-dualbranch-datasheet-v1-unbound"",""scalerProfileId"":""cnn-dualbranch-datasheet-v1-unbound"",""productionApproved"":true,""boundNullingProfileId"":8,""activeNullingProfileId"":9,""bindingValid"":true,""bindingModelMatches"":true,""profileReady"":false,""inferenceValid"":false,""sensorFault"":true},""lora"":{""beginState"":0,""lastTxState"":0,""lastTxOk"":false,""txSeq"":0,""txCounter"":0,""aesKeyProvisioned"":true,""aesKeyPresent"":true,""aesKeySource"":""nvs"",""keyId"":1,""lastDownlinkCommandId"":0,""freqMHz"":920,""bwKHz"":125,""sf"":7,""cr"":5,""syncWord"":18,""txPowerDbm"":17,""preamble"":8,""tcxoVoltage"":1.600000024,""xtalVoltage"":0},""dataset"":{""state"":""idle"",""step"":""idle"",""label"":"""",""seq"":0,""targetSamples"":0,""sampleIntervalMs"":500,""maxDurationMs"":0,""useFanIntake"":true,""fanOnMs"":1000,""postFanSettleMs"":0,""nullingProfileId"":9,""queuePending"":0,""queueCapacity"":16,""queueEnqueued"":0,""queueDropped"":0,""publishFailCount"":0,""retryCount"":0,""retryFailCount"":0,""rejectedSamples"":0,""lastRejectReason"":""none"",""lastRejectChannel"":-1,""lastRejectOkFiniteCount"":0,""lastRejectStatus"":255,""lastRejectGain"":0,""lastRejectSaturated"":false},""recovery"":{""wifiReconnectCount"":0,""wifiReconnectFailCount"":0,""mqttReconnectCount"":0,""mqttConnectFailCount"":0,""lastMqttState"":0,""adsRecoveryCount"":0,""adsRecoveryFailCount"":0,""adsReadFailStreak"":0,""lastReason"":""none"",""lastRecoveryMs"":0,""bootRecoveryArmed"":false,""bootRecoveryDueMs"":0,""bootRecoveryReason"":""none"",""bootRecoveryNonAdsFailure"":false,""bootRecoveryRestartCount"":0},""nulling"":{""done"":false,""retryArmed"":false,""attemptCount"":0,""nextRetryMs"":0,""thresholdV"":9.999999747E-06,""minFinalV"":0},""telemetry"":{""valid"":true,""sampleMs"":14126209,""gasClass"":6,""gasName"":""CO2"",""confidence"":0,""alarm"":false,""sensorVoltage"":[-0.00099473,0.004462162,0.005409314,-0.002560769,-0.006885549,-0.012231682,-0.020522933,-0.026793072],""sensorGain"":[64,64,64,64,64,64,64,64],""sensorStatus"":[0,0,0,0,0,0,0,0],""featureOrder"":[""MQ8"",""MQ135"",""MQ3"",""MQ5"",""MQ4"",""MQ7"",""MQ6"",""MQ2""]},""alarmLatched"":false}"
"2026-08-04 13:16:31.171 +07:00","344.98734129999997","RECOVERY_100_AFTER_65","RECOVERY","100","1000","0","1","0","-0.000984866","0.004471048","0.005379202","-0.00262565","-0.006873096","-0.012241526","-0.020511959","-0.026783118","{""deviceId"":""1001"",""nodeId"":4097,""targetChId"":""0010"",""mode"":""inference"",""uptimeMs"":14127270,""debugEnabled"":true,""power"":{""mode"":""24v"",""externalPower"":true,""batteryMv"":65535,""batteryValid"":false,""batteryDetected"":false,""batterySenseStatus"":""not_detected"",""batteryLow"":false,""batteryCritical"":false,""sourceAmbiguous"":false,""serviceHoldActive"":false,""serviceHoldEffective"":false},""batterySession"":{""state"":""inactive"",""startedMs"":0,""stateStartedMs"":0,""validSampleBatches"":0,""requiredSampleBatches"":10,""alarmTxAttempts"":0,""alarmTxAttemptLimit"":3,""alarmAckReceived"":false,""pendingAlarm"":false,""pendingSaveRequired"":false,""persistenceFaultHold"":false,""completionReason"":""session_done""},""bootHealth"":{""adsReady"":true,""adsDrdyLevel"":0,""adsDrdyPulldownLevel"":0,""adsDrdyPullupLevel"":0,""adsMisoPulldownLevel"":0,""adsMisoPullupLevel"":1,""adsCsLevel"":1,""adsSyncLevel"":1,""adsStatus"":54,""adsMux"":15,""adsAdcon"":6,""adsDrate"":240,""adsReason"":""ok"",""tcaOk"":true,""mcpOkCount"":8,""mcpOk"":[true,true,true,true,true,true,true,true],""mcpAddrMask"":[1,1,1,1,1,1,1,1],""mcpControlTested"":true,""mcpControlOkCount"":8,""mcpControlOk"":[true,true,true,true,true,true,true,true],""dacReady"":true,""radioReady"":true,""mlReady"":true,""nullingProfileApplied"":true,""modelProfileReady"":false},""runtimeMcpCode"":[255,519,795,706,799,865,665,139],""model"":{""profileId"":""cnn-dualbranch-datasheet-v1-unbound"",""scalerProfileId"":""cnn-dualbranch-datasheet-v1-unbound"",""productionApproved"":true,""boundNullingProfileId"":8,""activeNullingProfileId"":9,""bindingValid"":true,""bindingModelMatches"":true,""profileReady"":false,""inferenceValid"":false,""sensorFault"":true},""lora"":{""beginState"":0,""lastTxState"":0,""lastTxOk"":false,""txSeq"":0,""txCounter"":0,""aesKeyProvisioned"":true,""aesKeyPresent"":true,""aesKeySource"":""nvs"",""keyId"":1,""lastDownlinkCommandId"":0,""freqMHz"":920,""bwKHz"":125,""sf"":7,""cr"":5,""syncWord"":18,""txPowerDbm"":17,""preamble"":8,""tcxoVoltage"":1.600000024,""xtalVoltage"":0},""dataset"":{""state"":""idle"",""step"":""idle"",""label"":"""",""seq"":0,""targetSamples"":0,""sampleIntervalMs"":500,""maxDurationMs"":0,""useFanIntake"":true,""fanOnMs"":1000,""postFanSettleMs"":0,""nullingProfileId"":9,""queuePending"":0,""queueCapacity"":16,""queueEnqueued"":0,""queueDropped"":0,""publishFailCount"":0,""retryCount"":0,""retryFailCount"":0,""rejectedSamples"":0,""lastRejectReason"":""none"",""lastRejectChannel"":-1,""lastRejectOkFiniteCount"":0,""lastRejectStatus"":255,""lastRejectGain"":0,""lastRejectSaturated"":false},""recovery"":{""wifiReconnectCount"":0,""wifiReconnectFailCount"":0,""mqttReconnectCount"":0,""mqttConnectFailCount"":0,""lastMqttState"":0,""adsRecoveryCount"":0,""adsRecoveryFailCount"":0,""adsReadFailStreak"":0,""lastReason"":""none"",""lastRecoveryMs"":0,""bootRecoveryArmed"":false,""bootRecoveryDueMs"":0,""bootRecoveryReason"":""none"",""bootRecoveryNonAdsFailure"":false,""bootRecoveryRestartCount"":0},""nulling"":{""done"":false,""retryArmed"":false,""attemptCount"":0,""nextRetryMs"":0,""thresholdV"":9.999999747E-06,""minFinalV"":0},""telemetry"":{""valid"":true,""sampleMs"":14126866,""gasClass"":6,""gasName"":""CO2"",""confidence"":0,""alarm"":false,""sensorVoltage"":[-0.000984866,0.004471048,0.005379202,-0.00262565,-0.006873096,-0.012241526,-0.020511959,-0.026783118],""sensorGain"":[64,64,64,64,64,64,64,64],""sensorStatus"":[0,0,0,0,0,0,0,0],""featureOrder"":[""MQ8"",""MQ135"",""MQ3"",""MQ5"",""MQ4"",""MQ7"",""MQ6"",""MQ2""]},""alarmLatched"":false}"
"2026-08-04 13:16:31.856 +07:00","345.6721806","RECOVERY_100_AFTER_65","RECOVERY","100","1000","0","1","0","-0.000986187","0.004478111","0.005333549","-0.00261339","-0.006932878","-0.012236149","-0.02050163","-0.026786257","{""deviceId"":""1001"",""nodeId"":4097,""targetChId"":""0010"",""mode"":""inference"",""uptimeMs"":14127954,""debugEnabled"":true,""power"":{""mode"":""24v"",""externalPower"":true,""batteryMv"":65535,""batteryValid"":false,""batteryDetected"":false,""batterySenseStatus"":""not_detected"",""batteryLow"":false,""batteryCritical"":false,""sourceAmbiguous"":false,""serviceHoldActive"":false,""serviceHoldEffective"":false},""batterySession"":{""state"":""inactive"",""startedMs"":0,""stateStartedMs"":0,""validSampleBatches"":0,""requiredSampleBatches"":10,""alarmTxAttempts"":0,""alarmTxAttemptLimit"":3,""alarmAckReceived"":false,""pendingAlarm"":false,""pendingSaveRequired"":false,""persistenceFaultHold"":false,""completionReason"":""session_done""},""bootHealth"":{""adsReady"":true,""adsDrdyLevel"":0,""adsDrdyPulldownLevel"":0,""adsDrdyPullupLevel"":0,""adsMisoPulldownLevel"":0,""adsMisoPullupLevel"":1,""adsCsLevel"":1,""adsSyncLevel"":1,""adsStatus"":54,""adsMux"":15,""adsAdcon"":6,""adsDrate"":240,""adsReason"":""ok"",""tcaOk"":true,""mcpOkCount"":8,""mcpOk"":[true,true,true,true,true,true,true,true],""mcpAddrMask"":[1,1,1,1,1,1,1,1],""mcpControlTested"":true,""mcpControlOkCount"":8,""mcpControlOk"":[true,true,true,true,true,true,true,true],""dacReady"":true,""radioReady"":true,""mlReady"":true,""nullingProfileApplied"":true,""modelProfileReady"":false},""runtimeMcpCode"":[255,519,795,706,799,865,665,139],""model"":{""profileId"":""cnn-dualbranch-datasheet-v1-unbound"",""scalerProfileId"":""cnn-dualbranch-datasheet-v1-unbound"",""productionApproved"":true,""boundNullingProfileId"":8,""activeNullingProfileId"":9,""bindingValid"":true,""bindingModelMatches"":true,""profileReady"":false,""inferenceValid"":false,""sensorFault"":true},""lora"":{""beginState"":0,""lastTxState"":0,""lastTxOk"":false,""txSeq"":0,""txCounter"":0,""aesKeyProvisioned"":true,""aesKeyPresent"":true,""aesKeySource"":""nvs"",""keyId"":1,""lastDownlinkCommandId"":0,""freqMHz"":920,""bwKHz"":125,""sf"":7,""cr"":5,""syncWord"":18,""txPowerDbm"":17,""preamble"":8,""tcxoVoltage"":1.600000024,""xtalVoltage"":0},""dataset"":{""state"":""idle"",""step"":""idle"",""label"":"""",""seq"":0,""targetSamples"":0,""sampleIntervalMs"":500,""maxDurationMs"":0,""useFanIntake"":true,""fanOnMs"":1000,""postFanSettleMs"":0,""nullingProfileId"":9,""queuePending"":0,""queueCapacity"":16,""queueEnqueued"":0,""queueDropped"":0,""publishFailCount"":0,""retryCount"":0,""retryFailCount"":0,""rejectedSamples"":0,""lastRejectReason"":""none"",""lastRejectChannel"":-1,""lastRejectOkFiniteCount"":0,""lastRejectStatus"":255,""lastRejectGain"":0,""lastRejectSaturated"":false},""recovery"":{""wifiReconnectCount"":0,""wifiReconnectFailCount"":0,""mqttReconnectCount"":0,""mqttConnectFailCount"":0,""lastMqttState"":0,""adsRecoveryCount"":0,""adsRecoveryFailCount"":0,""adsReadFailStreak"":0,""lastReason"":""none"",""lastRecoveryMs"":0,""bootRecoveryArmed"":false,""bootRecoveryDueMs"":0,""bootRecoveryReason"":""none"",""bootRecoveryNonAdsFailure"":false,""bootRecoveryRestartCount"":0},""nulling"":{""done"":false,""retryArmed"":false,""attemptCount"":0,""nextRetryMs"":0,""thresholdV"":9.999999747E-06,""minFinalV"":0},""telemetry"":{""valid"":true,""sampleMs"":14127548,""gasClass"":6,""gasName"":""CO2"",""confidence"":0,""alarm"":false,""sensorVoltage"":[-0.000986187,0.004478111,0.005333549,-0.00261339,-0.006932878,-0.012236149,-0.02050163,-0.026786257],""sensorGain"":[64,64,64,64,64,64,64,64],""sensorStatus"":[0,0,0,0,0,0,0,0],""featureOrder"":[""MQ8"",""MQ135"",""MQ3"",""MQ5"",""MQ4"",""MQ7"",""MQ6"",""MQ2""]},""alarmLatched"":false}"
"2026-08-04 13:16:32.555 +07:00","346.37152879999996","RECOVERY_100_AFTER_65","RECOVERY","100","1000","0","1","0","-0.000982268","0.004479445","0.00531081","-0.002600827","-0.006930254","-0.012242163","-0.020529365","-0.026776766","{""deviceId"":""1001"",""nodeId"":4097,""targetChId"":""0010"",""mode"":""inference"",""uptimeMs"":14128653,""debugEnabled"":true,""power"":{""mode"":""24v"",""externalPower"":true,""batteryMv"":65535,""batteryValid"":false,""batteryDetected"":false,""batterySenseStatus"":""not_detected"",""batteryLow"":false,""batteryCritical"":false,""sourceAmbiguous"":false,""serviceHoldActive"":false,""serviceHoldEffective"":false},""batterySession"":{""state"":""inactive"",""startedMs"":0,""stateStartedMs"":0,""validSampleBatches"":0,""requiredSampleBatches"":10,""alarmTxAttempts"":0,""alarmTxAttemptLimit"":3,""alarmAckReceived"":false,""pendingAlarm"":false,""pendingSaveRequired"":false,""persistenceFaultHold"":false,""completionReason"":""session_done""},""bootHealth"":{""adsReady"":true,""adsDrdyLevel"":0,""adsDrdyPulldownLevel"":0,""adsDrdyPullupLevel"":0,""adsMisoPulldownLevel"":0,""adsMisoPullupLevel"":1,""adsCsLevel"":1,""adsSyncLevel"":1,""adsStatus"":54,""adsMux"":15,""adsAdcon"":6,""adsDrate"":240,""adsReason"":""ok"",""tcaOk"":true,""mcpOkCount"":8,""mcpOk"":[true,true,true,true,true,true,true,true],""mcpAddrMask"":[1,1,1,1,1,1,1,1],""mcpControlTested"":true,""mcpControlOkCount"":8,""mcpControlOk"":[true,true,true,true,true,true,true,true],""dacReady"":true,""radioReady"":true,""mlReady"":true,""nullingProfileApplied"":true,""modelProfileReady"":false},""runtimeMcpCode"":[255,519,795,706,799,865,665,139],""model"":{""profileId"":""cnn-dualbranch-datasheet-v1-unbound"",""scalerProfileId"":""cnn-dualbranch-datasheet-v1-unbound"",""productionApproved"":true,""boundNullingProfileId"":8,""activeNullingProfileId"":9,""bindingValid"":true,""bindingModelMatches"":true,""profileReady"":false,""inferenceValid"":false,""sensorFault"":true},""lora"":{""beginState"":0,""lastTxState"":0,""lastTxOk"":false,""txSeq"":0,""txCounter"":0,""aesKeyProvisioned"":true,""aesKeyPresent"":true,""aesKeySource"":""nvs"",""keyId"":1,""lastDownlinkCommandId"":0,""freqMHz"":920,""bwKHz"":125,""sf"":7,""cr"":5,""syncWord"":18,""txPowerDbm"":17,""preamble"":8,""tcxoVoltage"":1.600000024,""xtalVoltage"":0},""dataset"":{""state"":""idle"",""step"":""idle"",""label"":"""",""seq"":0,""targetSamples"":0,""sampleIntervalMs"":500,""maxDurationMs"":0,""useFanIntake"":true,""fanOnMs"":1000,""postFanSettleMs"":0,""nullingProfileId"":9,""queuePending"":0,""queueCapacity"":16,""queueEnqueued"":0,""queueDropped"":0,""publishFailCount"":0,""retryCount"":0,""retryFailCount"":0,""rejectedSamples"":0,""lastRejectReason"":""none"",""lastRejectChannel"":-1,""lastRejectOkFiniteCount"":0,""lastRejectStatus"":255,""lastRejectGain"":0,""lastRejectSaturated"":false},""recovery"":{""wifiReconnectCount"":0,""wifiReconnectFailCount"":0,""mqttReconnectCount"":0,""mqttConnectFailCount"":0,""lastMqttState"":0,""adsRecoveryCount"":0,""adsRecoveryFailCount"":0,""adsReadFailStreak"":0,""lastReason"":""none"",""lastRecoveryMs"":0,""bootRecoveryArmed"":false,""bootRecoveryDueMs"":0,""bootRecoveryReason"":""none"",""bootRecoveryNonAdsFailure"":false,""bootRecoveryRestartCount"":0},""nulling"":{""done"":false,""retryArmed"":false,""attemptCount"":0,""nextRetryMs"":0,""thresholdV"":9.999999747E-06,""minFinalV"":0},""telemetry"":{""valid"":true,""sampleMs"":14128264,""gasClass"":6,""gasName"":""CO2"",""confidence"":0,""alarm"":false,""sensorVoltage"":[-0.000982268,0.004479445,0.00531081,-0.002600827,-0.006930254,-0.012242163,-0.020529365,-0.026776766],""sensorGain"":[64,64,64,64,64,64,64,64],""sensorStatus"":[0,0,0,0,0,0,0,0],""featureOrder"":[""MQ8"",""MQ135"",""MQ3"",""MQ5"",""MQ4"",""MQ7"",""MQ6"",""MQ2""]},""alarmLatched"":false}"
"2026-08-04 13:16:33.254 +07:00","347.0702905","RECOVERY_100_AFTER_65","RECOVERY","100","1000","0","1","0","-0.000973876","0.004392789","0.005262659","-0.002639613","-0.007189311","-0.012311162","-0.020537572","-0.026713844","{""deviceId"":""1001"",""nodeId"":4097,""targetChId"":""0010"",""mode"":""inference"",""uptimeMs"":14129352,""debugEnabled"":true,""power"":{""mode"":""24v"",""externalPower"":true,""batteryMv"":65535,""batteryValid"":false,""batteryDetected"":false,""batterySenseStatus"":""not_detected"",""batteryLow"":false,""batteryCritical"":false,""sourceAmbiguous"":false,""serviceHoldActive"":false,""serviceHoldEffective"":false},""batterySession"":{""state"":""inactive"",""startedMs"":0,""stateStartedMs"":0,""validSampleBatches"":0,""requiredSampleBatches"":10,""alarmTxAttempts"":0,""alarmTxAttemptLimit"":3,""alarmAckReceived"":false,""pendingAlarm"":false,""pendingSaveRequired"":false,""persistenceFaultHold"":false,""completionReason"":""session_done""},""bootHealth"":{""adsReady"":true,""adsDrdyLevel"":0,""adsDrdyPulldownLevel"":0,""adsDrdyPullupLevel"":0,""adsMisoPulldownLevel"":0,""adsMisoPullupLevel"":1,""adsCsLevel"":1,""adsSyncLevel"":1,""adsStatus"":54,""adsMux"":15,""adsAdcon"":6,""adsDrate"":240,""adsReason"":""ok"",""tcaOk"":true,""mcpOkCount"":8,""mcpOk"":[true,true,true,true,true,true,true,true],""mcpAddrMask"":[1,1,1,1,1,1,1,1],""mcpControlTested"":true,""mcpControlOkCount"":8,""mcpControlOk"":[true,true,true,true,true,true,true,true],""dacReady"":true,""radioReady"":true,""mlReady"":true,""nullingProfileApplied"":true,""modelProfileReady"":false},""runtimeMcpCode"":[255,519,795,706,799,865,665,139],""model"":{""profileId"":""cnn-dualbranch-datasheet-v1-unbound"",""scalerProfileId"":""cnn-dualbranch-datasheet-v1-unbound"",""productionApproved"":true,""boundNullingProfileId"":8,""activeNullingProfileId"":9,""bindingValid"":true,""bindingModelMatches"":true,""profileReady"":false,""inferenceValid"":false,""sensorFault"":true},""lora"":{""beginState"":0,""lastTxState"":0,""lastTxOk"":false,""txSeq"":0,""txCounter"":0,""aesKeyProvisioned"":true,""aesKeyPresent"":true,""aesKeySource"":""nvs"",""keyId"":1,""lastDownlinkCommandId"":0,""freqMHz"":920,""bwKHz"":125,""sf"":7,""cr"":5,""syncWord"":18,""txPowerDbm"":17,""preamble"":8,""tcxoVoltage"":1.600000024,""xtalVoltage"":0},""dataset"":{""state"":""idle"",""step"":""idle"",""label"":"""",""seq"":0,""targetSamples"":0,""sampleIntervalMs"":500,""maxDurationMs"":0,""useFanIntake"":true,""fanOnMs"":1000,""postFanSettleMs"":0,""nullingProfileId"":9,""queuePending"":0,""queueCapacity"":16,""queueEnqueued"":0,""queueDropped"":0,""publishFailCount"":0,""retryCount"":0,""retryFailCount"":0,""rejectedSamples"":0,""lastRejectReason"":""none"",""lastRejectChannel"":-1,""lastRejectOkFiniteCount"":0,""lastRejectStatus"":255,""lastRejectGain"":0,""lastRejectSaturated"":false},""recovery"":{""wifiReconnectCount"":0,""wifiReconnectFailCount"":0,""mqttReconnectCount"":0,""mqttConnectFailCount"":0,""lastMqttState"":0,""adsRecoveryCount"":0,""adsRecoveryFailCount"":0,""adsReadFailStreak"":0,""lastReason"":""none"",""lastRecoveryMs"":0,""bootRecoveryArmed"":false,""bootRecoveryDueMs"":0,""bootRecoveryReason"":""none"",""bootRecoveryNonAdsFailure"":false,""bootRecoveryRestartCount"":0},""nulling"":{""done"":false,""retryArmed"":false,""attemptCount"":0,""nextRetryMs"":0,""thresholdV"":9.999999747E-06,""minFinalV"":0},""telemetry"":{""valid"":true,""sampleMs"":14128931,""gasClass"":6,""gasName"":""CO2"",""confidence"":0,""alarm"":false,""sensorVoltage"":[-0.000973876,0.004392789,0.005262659,-0.002639613,-0.007189311,-0.012311162,-0.020537572,-0.026713844],""sensorGain"":[64,64,64,64,64,64,64,64],""sensorStatus"":[0,0,0,0,0,0,0,0],""featureOrder"":[""MQ8"",""MQ135"",""MQ3"",""MQ5"",""MQ4"",""MQ7"",""MQ6"",""MQ2""]},""alarmLatched"":false}"
"2026-08-04 13:16:33.938 +07:00","347.7544755","RECOVERY_100_AFTER_65","RECOVERY","100","1000","0","1","0","-0.000969729","0.004424777","0.005254061","-0.002644836","-0.006438773","-0.012291607","-0.020543817","-0.026697481","{""deviceId"":""1001"",""nodeId"":4097,""targetChId"":""0010"",""mode"":""inference"",""uptimeMs"":14130036,""debugEnabled"":true,""power"":{""mode"":""24v"",""externalPower"":true,""batteryMv"":65535,""batteryValid"":false,""batteryDetected"":false,""batterySenseStatus"":""not_detected"",""batteryLow"":false,""batteryCritical"":false,""sourceAmbiguous"":false,""serviceHoldActive"":false,""serviceHoldEffective"":false},""batterySession"":{""state"":""inactive"",""startedMs"":0,""stateStartedMs"":0,""validSampleBatches"":0,""requiredSampleBatches"":10,""alarmTxAttempts"":0,""alarmTxAttemptLimit"":3,""alarmAckReceived"":false,""pendingAlarm"":false,""pendingSaveRequired"":false,""persistenceFaultHold"":false,""completionReason"":""session_done""},""bootHealth"":{""adsReady"":true,""adsDrdyLevel"":0,""adsDrdyPulldownLevel"":0,""adsDrdyPullupLevel"":0,""adsMisoPulldownLevel"":0,""adsMisoPullupLevel"":1,""adsCsLevel"":1,""adsSyncLevel"":1,""adsStatus"":54,""adsMux"":15,""adsAdcon"":6,""adsDrate"":240,""adsReason"":""ok"",""tcaOk"":true,""mcpOkCount"":8,""mcpOk"":[true,true,true,true,true,true,true,true],""mcpAddrMask"":[1,1,1,1,1,1,1,1],""mcpControlTested"":true,""mcpControlOkCount"":8,""mcpControlOk"":[true,true,true,true,true,true,true,true],""dacReady"":true,""radioReady"":true,""mlReady"":true,""nullingProfileApplied"":true,""modelProfileReady"":false},""runtimeMcpCode"":[255,519,795,706,799,865,665,139],""model"":{""profileId"":""cnn-dualbranch-datasheet-v1-unbound"",""scalerProfileId"":""cnn-dualbranch-datasheet-v1-unbound"",""productionApproved"":true,""boundNullingProfileId"":8,""activeNullingProfileId"":9,""bindingValid"":true,""bindingModelMatches"":true,""profileReady"":false,""inferenceValid"":false,""sensorFault"":true},""lora"":{""beginState"":0,""lastTxState"":0,""lastTxOk"":false,""txSeq"":0,""txCounter"":0,""aesKeyProvisioned"":true,""aesKeyPresent"":true,""aesKeySource"":""nvs"",""keyId"":1,""lastDownlinkCommandId"":0,""freqMHz"":920,""bwKHz"":125,""sf"":7,""cr"":5,""syncWord"":18,""txPowerDbm"":17,""preamble"":8,""tcxoVoltage"":1.600000024,""xtalVoltage"":0},""dataset"":{""state"":""idle"",""step"":""idle"",""label"":"""",""seq"":0,""targetSamples"":0,""sampleIntervalMs"":500,""maxDurationMs"":0,""useFanIntake"":true,""fanOnMs"":1000,""postFanSettleMs"":0,""nullingProfileId"":9,""queuePending"":0,""queueCapacity"":16,""queueEnqueued"":0,""queueDropped"":0,""publishFailCount"":0,""retryCount"":0,""retryFailCount"":0,""rejectedSamples"":0,""lastRejectReason"":""none"",""lastRejectChannel"":-1,""lastRejectOkFiniteCount"":0,""lastRejectStatus"":255,""lastRejectGain"":0,""lastRejectSaturated"":false},""recovery"":{""wifiReconnectCount"":0,""wifiReconnectFailCount"":0,""mqttReconnectCount"":0,""mqttConnectFailCount"":0,""lastMqttState"":0,""adsRecoveryCount"":0,""adsRecoveryFailCount"":0,""adsReadFailStreak"":0,""lastReason"":""none"",""lastRecoveryMs"":0,""bootRecoveryArmed"":false,""bootRecoveryDueMs"":0,""bootRecoveryReason"":""none"",""bootRecoveryNonAdsFailure"":false,""bootRecoveryRestartCount"":0},""nulling"":{""done"":false,""retryArmed"":false,""attemptCount"":0,""nextRetryMs"":0,""thresholdV"":9.999999747E-06,""minFinalV"":0},""telemetry"":{""valid"":true,""sampleMs"":14129640,""gasClass"":6,""gasName"":""CO2"",""confidence"":0,""alarm"":false,""sensorVoltage"":[-0.000969729,0.004424777,0.005254061,-0.002644836,-0.006438773,-0.012291607,-0.020543817,-0.026697481],""sensorGain"":[64,64,64,64,64,64,64,64],""sensorStatus"":[0,0,0,0,0,0,0,0],""featureOrder"":[""MQ8"",""MQ135"",""MQ3"",""MQ5"",""MQ4"",""MQ7"",""MQ6"",""MQ2""]},""alarmLatched"":false}"
"2026-08-04 13:16:34.621 +07:00","348.43749379999997","RECOVERY_100_AFTER_65","RECOVERY","100","1000","0","1","0","-0.000955246","0.004424736","0.005238663","-0.002639603","-0.006808271","-0.01231363","-0.020538103","-0.026654353","{""deviceId"":""1001"",""nodeId"":4097,""targetChId"":""0010"",""mode"":""inference"",""uptimeMs"":14130719,""debugEnabled"":true,""power"":{""mode"":""24v"",""externalPower"":true,""batteryMv"":65535,""batteryValid"":false,""batteryDetected"":false,""batterySenseStatus"":""not_detected"",""batteryLow"":false,""batteryCritical"":false,""sourceAmbiguous"":false,""serviceHoldActive"":false,""serviceHoldEffective"":false},""batterySession"":{""state"":""inactive"",""startedMs"":0,""stateStartedMs"":0,""validSampleBatches"":0,""requiredSampleBatches"":10,""alarmTxAttempts"":0,""alarmTxAttemptLimit"":3,""alarmAckReceived"":false,""pendingAlarm"":false,""pendingSaveRequired"":false,""persistenceFaultHold"":false,""completionReason"":""session_done""},""bootHealth"":{""adsReady"":true,""adsDrdyLevel"":0,""adsDrdyPulldownLevel"":0,""adsDrdyPullupLevel"":0,""adsMisoPulldownLevel"":0,""adsMisoPullupLevel"":1,""adsCsLevel"":1,""adsSyncLevel"":1,""adsStatus"":54,""adsMux"":15,""adsAdcon"":6,""adsDrate"":240,""adsReason"":""ok"",""tcaOk"":true,""mcpOkCount"":8,""mcpOk"":[true,true,true,true,true,true,true,true],""mcpAddrMask"":[1,1,1,1,1,1,1,1],""mcpControlTested"":true,""mcpControlOkCount"":8,""mcpControlOk"":[true,true,true,true,true,true,true,true],""dacReady"":true,""radioReady"":true,""mlReady"":true,""nullingProfileApplied"":true,""modelProfileReady"":false},""runtimeMcpCode"":[255,519,795,706,799,865,665,139],""model"":{""profileId"":""cnn-dualbranch-datasheet-v1-unbound"",""scalerProfileId"":""cnn-dualbranch-datasheet-v1-unbound"",""productionApproved"":true,""boundNullingProfileId"":8,""activeNullingProfileId"":9,""bindingValid"":true,""bindingModelMatches"":true,""profileReady"":false,""inferenceValid"":false,""sensorFault"":true},""lora"":{""beginState"":0,""lastTxState"":0,""lastTxOk"":false,""txSeq"":0,""txCounter"":0,""aesKeyProvisioned"":true,""aesKeyPresent"":true,""aesKeySource"":""nvs"",""keyId"":1,""lastDownlinkCommandId"":0,""freqMHz"":920,""bwKHz"":125,""sf"":7,""cr"":5,""syncWord"":18,""txPowerDbm"":17,""preamble"":8,""tcxoVoltage"":1.600000024,""xtalVoltage"":0},""dataset"":{""state"":""idle"",""step"":""idle"",""label"":"""",""seq"":0,""targetSamples"":0,""sampleIntervalMs"":500,""maxDurationMs"":0,""useFanIntake"":true,""fanOnMs"":1000,""postFanSettleMs"":0,""nullingProfileId"":9,""queuePending"":0,""queueCapacity"":16,""queueEnqueued"":0,""queueDropped"":0,""publishFailCount"":0,""retryCount"":0,""retryFailCount"":0,""rejectedSamples"":0,""lastRejectReason"":""none"",""lastRejectChannel"":-1,""lastRejectOkFiniteCount"":0,""lastRejectStatus"":255,""lastRejectGain"":0,""lastRejectSaturated"":false},""recovery"":{""wifiReconnectCount"":0,""wifiReconnectFailCount"":0,""mqttReconnectCount"":0,""mqttConnectFailCount"":0,""lastMqttState"":0,""adsRecoveryCount"":0,""adsRecoveryFailCount"":0,""adsReadFailStreak"":0,""lastReason"":""none"",""lastRecoveryMs"":0,""bootRecoveryArmed"":false,""bootRecoveryDueMs"":0,""bootRecoveryReason"":""none"",""bootRecoveryNonAdsFailure"":false,""bootRecoveryRestartCount"":0},""nulling"":{""done"":false,""retryArmed"":false,""attemptCount"":0,""nextRetryMs"":0,""thresholdV"":9.999999747E-06,""minFinalV"":0},""telemetry"":{""valid"":true,""sampleMs"":14130356,""gasClass"":6,""gasName"":""CO2"",""confidence"":0,""alarm"":false,""sensorVoltage"":[-0.000955246,0.004424736,0.005238663,-0.002639603,-0.006808271,-0.01231363,-0.020538103,-0.026654353],""sensorGain"":[64,64,64,64,64,64,64,64],""sensorStatus"":[0,0,0,0,0,0,0,0],""featureOrder"":[""MQ8"",""MQ135"",""MQ3"",""MQ5"",""MQ4"",""MQ7"",""MQ6"",""MQ2""]},""alarmLatched"":false}"
"2026-08-04 13:16:35.632 +07:00","349.44825549999996","RECOVERY_100_AFTER_65","RECOVERY","100","1000","0","1","0","-0.000918012","0.004393161","0.005231784","-0.002637712","-0.006726856","-0.012238449","-0.020562321","-0.026652083","{""deviceId"":""1001"",""nodeId"":4097,""targetChId"":""0010"",""mode"":""inference"",""uptimeMs"":14131731,""debugEnabled"":true,""power"":{""mode"":""24v"",""externalPower"":true,""batteryMv"":65535,""batteryValid"":false,""batteryDetected"":false,""batterySenseStatus"":""not_detected"",""batteryLow"":false,""batteryCritical"":false,""sourceAmbiguous"":false,""serviceHoldActive"":false,""serviceHoldEffective"":false},""batterySession"":{""state"":""inactive"",""startedMs"":0,""stateStartedMs"":0,""validSampleBatches"":0,""requiredSampleBatches"":10,""alarmTxAttempts"":0,""alarmTxAttemptLimit"":3,""alarmAckReceived"":false,""pendingAlarm"":false,""pendingSaveRequired"":false,""persistenceFaultHold"":false,""completionReason"":""session_done""},""bootHealth"":{""adsReady"":true,""adsDrdyLevel"":0,""adsDrdyPulldownLevel"":0,""adsDrdyPullupLevel"":0,""adsMisoPulldownLevel"":0,""adsMisoPullupLevel"":1,""adsCsLevel"":1,""adsSyncLevel"":1,""adsStatus"":54,""adsMux"":15,""adsAdcon"":6,""adsDrate"":240,""adsReason"":""ok"",""tcaOk"":true,""mcpOkCount"":8,""mcpOk"":[true,true,true,true,true,true,true,true],""mcpAddrMask"":[1,1,1,1,1,1,1,1],""mcpControlTested"":true,""mcpControlOkCount"":8,""mcpControlOk"":[true,true,true,true,true,true,true,true],""dacReady"":true,""radioReady"":true,""mlReady"":true,""nullingProfileApplied"":true,""modelProfileReady"":false},""runtimeMcpCode"":[255,519,795,706,799,865,665,139],""model"":{""profileId"":""cnn-dualbranch-datasheet-v1-unbound"",""scalerProfileId"":""cnn-dualbranch-datasheet-v1-unbound"",""productionApproved"":true,""boundNullingProfileId"":8,""activeNullingProfileId"":9,""bindingValid"":true,""bindingModelMatches"":true,""profileReady"":false,""inferenceValid"":false,""sensorFault"":true},""lora"":{""beginState"":0,""lastTxState"":0,""lastTxOk"":false,""txSeq"":0,""txCounter"":0,""aesKeyProvisioned"":true,""aesKeyPresent"":true,""aesKeySource"":""nvs"",""keyId"":1,""lastDownlinkCommandId"":0,""freqMHz"":920,""bwKHz"":125,""sf"":7,""cr"":5,""syncWord"":18,""txPowerDbm"":17,""preamble"":8,""tcxoVoltage"":1.600000024,""xtalVoltage"":0},""dataset"":{""state"":""idle"",""step"":""idle"",""label"":"""",""seq"":0,""targetSamples"":0,""sampleIntervalMs"":500,""maxDurationMs"":0,""useFanIntake"":true,""fanOnMs"":1000,""postFanSettleMs"":0,""nullingProfileId"":9,""queuePending"":0,""queueCapacity"":16,""queueEnqueued"":0,""queueDropped"":0,""publishFailCount"":0,""retryCount"":0,""retryFailCount"":0,""rejectedSamples"":0,""lastRejectReason"":""none"",""lastRejectChannel"":-1,""lastRejectOkFiniteCount"":0,""lastRejectStatus"":255,""lastRejectGain"":0,""lastRejectSaturated"":false},""recovery"":{""wifiReconnectCount"":0,""wifiReconnectFailCount"":0,""mqttReconnectCount"":0,""mqttConnectFailCount"":0,""lastMqttState"":0,""adsRecoveryCount"":0,""adsRecoveryFailCount"":0,""adsReadFailStreak"":0,""lastReason"":""none"",""lastRecoveryMs"":0,""bootRecoveryArmed"":false,""bootRecoveryDueMs"":0,""bootRecoveryReason"":""none"",""bootRecoveryNonAdsFailure"":false,""bootRecoveryRestartCount"":0},""nulling"":{""done"":false,""retryArmed"":false,""attemptCount"":0,""nextRetryMs"":0,""thresholdV"":9.999999747E-06,""minFinalV"":0},""telemetry"":{""valid"":true,""sampleMs"":14131497,""gasClass"":6,""gasName"":""CO2"",""confidence"":0,""alarm"":false,""sensorVoltage"":[-0.000918012,0.004393161,0.005231784,-0.002637712,-0.006726856,-0.012238449,-0.020562321,-0.026652083],""sensorGain"":[64,64,64,64,64,64,64,64],""sensorStatus"":[0,0,0,0,0,0,0,0],""featureOrder"":[""MQ8"",""MQ135"",""MQ3"",""MQ5"",""MQ4"",""MQ7"",""MQ6"",""MQ2""]},""alarmLatched"":false}"
"2026-08-04 13:16:36.320 +07:00","350.1356641","RECOVERY_100_AFTER_65","RECOVERY","100","1000","0","1","0","-0.000921281","0.00438143","0.005208391","-0.002639207","-0.00650409","-0.012224208","-0.020540658","-0.026644129","{""deviceId"":""1001"",""nodeId"":4097,""targetChId"":""0010"",""mode"":""inference"",""uptimeMs"":14132418,""debugEnabled"":true,""power"":{""mode"":""24v"",""externalPower"":true,""batteryMv"":65535,""batteryValid"":false,""batteryDetected"":false,""batterySenseStatus"":""not_detected"",""batteryLow"":false,""batteryCritical"":false,""sourceAmbiguous"":false,""serviceHoldActive"":false,""serviceHoldEffective"":false},""batterySession"":{""state"":""inactive"",""startedMs"":0,""stateStartedMs"":0,""validSampleBatches"":0,""requiredSampleBatches"":10,""alarmTxAttempts"":0,""alarmTxAttemptLimit"":3,""alarmAckReceived"":false,""pendingAlarm"":false,""pendingSaveRequired"":false,""persistenceFaultHold"":false,""completionReason"":""session_done""},""bootHealth"":{""adsReady"":true,""adsDrdyLevel"":0,""adsDrdyPulldownLevel"":0,""adsDrdyPullupLevel"":0,""adsMisoPulldownLevel"":0,""adsMisoPullupLevel"":1,""adsCsLevel"":1,""adsSyncLevel"":1,""adsStatus"":54,""adsMux"":15,""adsAdcon"":6,""adsDrate"":240,""adsReason"":""ok"",""tcaOk"":true,""mcpOkCount"":8,""mcpOk"":[true,true,true,true,true,true,true,true],""mcpAddrMask"":[1,1,1,1,1,1,1,1],""mcpControlTested"":true,""mcpControlOkCount"":8,""mcpControlOk"":[true,true,true,true,true,true,true,true],""dacReady"":true,""radioReady"":true,""mlReady"":true,""nullingProfileApplied"":true,""modelProfileReady"":false},""runtimeMcpCode"":[255,519,795,706,799,865,665,139],""model"":{""profileId"":""cnn-dualbranch-datasheet-v1-unbound"",""scalerProfileId"":""cnn-dualbranch-datasheet-v1-unbound"",""productionApproved"":true,""boundNullingProfileId"":8,""activeNullingProfileId"":9,""bindingValid"":true,""bindingModelMatches"":true,""profileReady"":false,""inferenceValid"":false,""sensorFault"":true},""lora"":{""beginState"":0,""lastTxState"":0,""lastTxOk"":false,""txSeq"":0,""txCounter"":0,""aesKeyProvisioned"":true,""aesKeyPresent"":true,""aesKeySource"":""nvs"",""keyId"":1,""lastDownlinkCommandId"":0,""freqMHz"":920,""bwKHz"":125,""sf"":7,""cr"":5,""syncWord"":18,""txPowerDbm"":17,""preamble"":8,""tcxoVoltage"":1.600000024,""xtalVoltage"":0},""dataset"":{""state"":""idle"",""step"":""idle"",""label"":"""",""seq"":0,""targetSamples"":0,""sampleIntervalMs"":500,""maxDurationMs"":0,""useFanIntake"":true,""fanOnMs"":1000,""postFanSettleMs"":0,""nullingProfileId"":9,""queuePending"":0,""queueCapacity"":16,""queueEnqueued"":0,""queueDropped"":0,""publishFailCount"":0,""retryCount"":0,""retryFailCount"":0,""rejectedSamples"":0,""lastRejectReason"":""none"",""lastRejectChannel"":-1,""lastRejectOkFiniteCount"":0,""lastRejectStatus"":255,""lastRejectGain"":0,""lastRejectSaturated"":false},""recovery"":{""wifiReconnectCount"":0,""wifiReconnectFailCount"":0,""mqttReconnectCount"":0,""mqttConnectFailCount"":0,""lastMqttState"":0,""adsRecoveryCount"":0,""adsRecoveryFailCount"":0,""adsReadFailStreak"":0,""lastReason"":""none"",""lastRecoveryMs"":0,""bootRecoveryArmed"":false,""bootRecoveryDueMs"":0,""bootRecoveryReason"":""none"",""bootRecoveryNonAdsFailure"":false,""bootRecoveryRestartCount"":0},""nulling"":{""done"":false,""retryArmed"":false,""attemptCount"":0,""nextRetryMs"":0,""thresholdV"":9.999999747E-06,""minFinalV"":0},""telemetry"":{""valid"":true,""sampleMs"":14132019,""gasClass"":6,""gasName"":""CO2"",""confidence"":0,""alarm"":false,""sensorVoltage"":[-0.000921281,0.00438143,0.005208391,-0.002639207,-0.00650409,-0.012224208,-0.020540658,-0.026644129],""sensorGain"":[64,64,64,64,64,64,64,64],""sensorStatus"":[0,0,0,0,0,0,0,0],""featureOrder"":[""MQ8"",""MQ135"",""MQ3"",""MQ5"",""MQ4"",""MQ7"",""MQ6"",""MQ2""]},""alarmLatched"":false}"
"2026-08-04 13:16:37.019 +07:00","350.8354758","RECOVERY_100_AFTER_65","RECOVERY","100","1000","0","1","0","-0.000940628","0.004349826","0.005201849","-0.002567009","-0.007358199","-0.012242706","-0.020512154","-0.026669791","{""deviceId"":""1001"",""nodeId"":4097,""targetChId"":""0010"",""mode"":""inference"",""uptimeMs"":14133118,""debugEnabled"":true,""power"":{""mode"":""24v"",""externalPower"":true,""batteryMv"":65535,""batteryValid"":false,""batteryDetected"":false,""batterySenseStatus"":""not_detected"",""batteryLow"":false,""batteryCritical"":false,""sourceAmbiguous"":false,""serviceHoldActive"":false,""serviceHoldEffective"":false},""batterySession"":{""state"":""inactive"",""startedMs"":0,""stateStartedMs"":0,""validSampleBatches"":0,""requiredSampleBatches"":10,""alarmTxAttempts"":0,""alarmTxAttemptLimit"":3,""alarmAckReceived"":false,""pendingAlarm"":false,""pendingSaveRequired"":false,""persistenceFaultHold"":false,""completionReason"":""session_done""},""bootHealth"":{""adsReady"":true,""adsDrdyLevel"":0,""adsDrdyPulldownLevel"":0,""adsDrdyPullupLevel"":0,""adsMisoPulldownLevel"":0,""adsMisoPullupLevel"":1,""adsCsLevel"":1,""adsSyncLevel"":1,""adsStatus"":54,""adsMux"":15,""adsAdcon"":6,""adsDrate"":240,""adsReason"":""ok"",""tcaOk"":true,""mcpOkCount"":8,""mcpOk"":[true,true,true,true,true,true,true,true],""mcpAddrMask"":[1,1,1,1,1,1,1,1],""mcpControlTested"":true,""mcpControlOkCount"":8,""mcpControlOk"":[true,true,true,true,true,true,true,true],""dacReady"":true,""radioReady"":true,""mlReady"":true,""nullingProfileApplied"":true,""modelProfileReady"":false},""runtimeMcpCode"":[255,519,795,706,799,865,665,139],""model"":{""profileId"":""cnn-dualbranch-datasheet-v1-unbound"",""scalerProfileId"":""cnn-dualbranch-datasheet-v1-unbound"",""productionApproved"":true,""boundNullingProfileId"":8,""activeNullingProfileId"":9,""bindingValid"":true,""bindingModelMatches"":true,""profileReady"":false,""inferenceValid"":false,""sensorFault"":true},""lora"":{""beginState"":0,""lastTxState"":0,""lastTxOk"":false,""txSeq"":0,""txCounter"":0,""aesKeyProvisioned"":true,""aesKeyPresent"":true,""aesKeySource"":""nvs"",""keyId"":1,""lastDownlinkCommandId"":0,""freqMHz"":920,""bwKHz"":125,""sf"":7,""cr"":5,""syncWord"":18,""txPowerDbm"":17,""preamble"":8,""tcxoVoltage"":1.600000024,""xtalVoltage"":0},""dataset"":{""state"":""idle"",""step"":""idle"",""label"":"""",""seq"":0,""targetSamples"":0,""sampleIntervalMs"":500,""maxDurationMs"":0,""useFanIntake"":true,""fanOnMs"":1000,""postFanSettleMs"":0,""nullingProfileId"":9,""queuePending"":0,""queueCapacity"":16,""queueEnqueued"":0,""queueDropped"":0,""publishFailCount"":0,""retryCount"":0,""retryFailCount"":0,""rejectedSamples"":0,""lastRejectReason"":""none"",""lastRejectChannel"":-1,""lastRejectOkFiniteCount"":0,""lastRejectStatus"":255,""lastRejectGain"":0,""lastRejectSaturated"":false},""recovery"":{""wifiReconnectCount"":0,""wifiReconnectFailCount"":0,""mqttReconnectCount"":0,""mqttConnectFailCount"":0,""lastMqttState"":0,""adsRecoveryCount"":0,""adsRecoveryFailCount"":0,""adsReadFailStreak"":0,""lastReason"":""none"",""lastRecoveryMs"":0,""bootRecoveryArmed"":false,""bootRecoveryDueMs"":0,""bootRecoveryReason"":""none"",""bootRecoveryNonAdsFailure"":false,""bootRecoveryRestartCount"":0},""nulling"":{""done"":false,""retryArmed"":false,""attemptCount"":0,""nextRetryMs"":0,""thresholdV"":9.999999747E-06,""minFinalV"":0},""telemetry"":{""valid"":true,""sampleMs"":14132696,""gasClass"":6,""gasName"":""CO2"",""confidence"":0,""alarm"":false,""sensorVoltage"":[-0.000940628,0.004349826,0.005201849,-0.002567009,-0.007358199,-0.012242706,-0.020512154,-0.026669791],""sensorGain"":[64,64,64,64,64,64,64,64],""sensorStatus"":[0,0,0,0,0,0,0,0],""featureOrder"":[""MQ8"",""MQ135"",""MQ3"",""MQ5"",""MQ4"",""MQ7"",""MQ6"",""MQ2""]},""alarmLatched"":false}"
"2026-08-04 13:16:37.703 +07:00","351.5187229","RECOVERY_100_AFTER_65","RECOVERY","100","1000","0","1","0","-0.000935266","0.004353852","0.005229453","-0.002547641","-0.007347153","-0.012231879","-0.020535786","-0.026696693","{""deviceId"":""1001"",""nodeId"":4097,""targetChId"":""0010"",""mode"":""inference"",""uptimeMs"":14133800,""debugEnabled"":true,""power"":{""mode"":""24v"",""externalPower"":true,""batteryMv"":65535,""batteryValid"":false,""batteryDetected"":false,""batterySenseStatus"":""not_detected"",""batteryLow"":false,""batteryCritical"":false,""sourceAmbiguous"":false,""serviceHoldActive"":false,""serviceHoldEffective"":false},""batterySession"":{""state"":""inactive"",""startedMs"":0,""stateStartedMs"":0,""validSampleBatches"":0,""requiredSampleBatches"":10,""alarmTxAttempts"":0,""alarmTxAttemptLimit"":3,""alarmAckReceived"":false,""pendingAlarm"":false,""pendingSaveRequired"":false,""persistenceFaultHold"":false,""completionReason"":""session_done""},""bootHealth"":{""adsReady"":true,""adsDrdyLevel"":0,""adsDrdyPulldownLevel"":0,""adsDrdyPullupLevel"":0,""adsMisoPulldownLevel"":0,""adsMisoPullupLevel"":1,""adsCsLevel"":1,""adsSyncLevel"":1,""adsStatus"":54,""adsMux"":15,""adsAdcon"":6,""adsDrate"":240,""adsReason"":""ok"",""tcaOk"":true,""mcpOkCount"":8,""mcpOk"":[true,true,true,true,true,true,true,true],""mcpAddrMask"":[1,1,1,1,1,1,1,1],""mcpControlTested"":true,""mcpControlOkCount"":8,""mcpControlOk"":[true,true,true,true,true,true,true,true],""dacReady"":true,""radioReady"":true,""mlReady"":true,""nullingProfileApplied"":true,""modelProfileReady"":false},""runtimeMcpCode"":[255,519,795,706,799,865,665,139],""model"":{""profileId"":""cnn-dualbranch-datasheet-v1-unbound"",""scalerProfileId"":""cnn-dualbranch-datasheet-v1-unbound"",""productionApproved"":true,""boundNullingProfileId"":8,""activeNullingProfileId"":9,""bindingValid"":true,""bindingModelMatches"":true,""profileReady"":false,""inferenceValid"":false,""sensorFault"":true},""lora"":{""beginState"":0,""lastTxState"":0,""lastTxOk"":false,""txSeq"":0,""txCounter"":0,""aesKeyProvisioned"":true,""aesKeyPresent"":true,""aesKeySource"":""nvs"",""keyId"":1,""lastDownlinkCommandId"":0,""freqMHz"":920,""bwKHz"":125,""sf"":7,""cr"":5,""syncWord"":18,""txPowerDbm"":17,""preamble"":8,""tcxoVoltage"":1.600000024,""xtalVoltage"":0},""dataset"":{""state"":""idle"",""step"":""idle"",""label"":"""",""seq"":0,""targetSamples"":0,""sampleIntervalMs"":500,""maxDurationMs"":0,""useFanIntake"":true,""fanOnMs"":1000,""postFanSettleMs"":0,""nullingProfileId"":9,""queuePending"":0,""queueCapacity"":16,""queueEnqueued"":0,""queueDropped"":0,""publishFailCount"":0,""retryCount"":0,""retryFailCount"":0,""rejectedSamples"":0,""lastRejectReason"":""none"",""lastRejectChannel"":-1,""lastRejectOkFiniteCount"":0,""lastRejectStatus"":255,""lastRejectGain"":0,""lastRejectSaturated"":false},""recovery"":{""wifiReconnectCount"":0,""wifiReconnectFailCount"":0,""mqttReconnectCount"":0,""mqttConnectFailCount"":0,""lastMqttState"":0,""adsRecoveryCount"":0,""adsRecoveryFailCount"":0,""adsReadFailStreak"":0,""lastReason"":""none"",""lastRecoveryMs"":0,""bootRecoveryArmed"":false,""bootRecoveryDueMs"":0,""bootRecoveryReason"":""none"",""bootRecoveryNonAdsFailure"":false,""bootRecoveryRestartCount"":0},""nulling"":{""done"":false,""retryArmed"":false,""attemptCount"":0,""nextRetryMs"":0,""thresholdV"":9.999999747E-06,""minFinalV"":0},""telemetry"":{""valid"":true,""sampleMs"":14133428,""gasClass"":6,""gasName"":""CO2"",""confidence"":0,""alarm"":false,""sensorVoltage"":[-0.000935266,0.004353852,0.005229453,-0.002547641,-0.007347153,-0.012231879,-0.020535786,-0.026696693],""sensorGain"":[64,64,64,64,64,64,64,64],""sensorStatus"":[0,0,0,0,0,0,0,0],""featureOrder"":[""MQ8"",""MQ135"",""MQ3"",""MQ5"",""MQ4"",""MQ7"",""MQ6"",""MQ2""]},""alarmLatched"":false}"
