timestamp_local,elapsed_s,phase,duty_pct,mq8_v
"2026-08-04 14:50:37.467 +07:00","1.8822032","BASELINE_100","100","-0.001039469"
"2026-08-04 14:50:38.517 +07:00","2.9321604999999997","BASELINE_100","100","-0.00105653"
"2026-08-04 14:50:39.207 +07:00","3.6217604999999997","BASELINE_100","100","-0.000995193"
"2026-08-04 14:50:39.899 +07:00","4.3141144","BASELINE_100","100","-0.000991167"
"2026-08-04 14:50:40.599 +07:00","5.013913","BASELINE_100","100","-0.001013048"
"2026-08-04 14:50:41.302 +07:00","5.7171693999999995","BASELINE_100","100","-0.001019534"
"2026-08-04 14:50:42.005 +07:00","6.4204501","BASELINE_100","100","-0.001016984"
"2026-08-04 14:50:42.693 +07:00","7.1079669999999995","BASELINE_100","100","-0.001011593"
"2026-08-04 14:50:43.381 +07:00","7.7961902","BASELINE_100","100","-0.001036805"
"2026-08-04 14:50:44.068 +07:00","8.4835418","BASELINE_100","100","-0.00102952"
"2026-08-04 14:50:45.096 +07:00","9.5109173","BASELINE_100","100","-0.001058697"
"2026-08-04 14:50:45.775 +07:00","10.1897899","BASELINE_100","100","-0.00103955"
"2026-08-04 14:50:46.487 +07:00","10.9017705","BASELINE_100","100","-0.001042464"
"2026-08-04 14:50:47.177 +07:00","11.5924181","BASELINE_100","100","-0.001038657"
"2026-08-04 14:50:47.867 +07:00","12.2817791","BASELINE_100","100","-0.001036933"
"2026-08-04 14:50:48.550 +07:00","12.9654742","BASELINE_100","100","-0.001044806"
"2026-08-04 14:50:49.238 +07:00","13.6532365","BASELINE_100","100","-0.001043081"
"2026-08-04 14:50:49.907 +07:00","14.3219727","BASELINE_100","100","-0.001053538"
"2026-08-04 14:50:50.615 +07:00","15.0305039","BASELINE_100","100","-0.001025649"
"2026-08-04 14:50:51.301 +07:00","15.716112299999999","BASELINE_100","100","-0.00098001"
"2026-08-04 14:50:52.015 +07:00","16.430109599999998","BASELINE_100","100","-0.000975177"
"2026-08-04 14:50:52.700 +07:00","17.1147051","BASELINE_100","100","-0.00096758"
"2026-08-04 14:50:53.382 +07:00","17.7966058","BASELINE_100","100","-0.000957189"
"2026-08-04 14:50:54.065 +07:00","18.4801751","BASELINE_100","100","-0.000971526"
"2026-08-04 14:50:54.765 +07:00","19.1802025","BASELINE_100","100","-0.000967176"
"2026-08-04 14:50:55.451 +07:00","19.8660462","BASELINE_100","100","-0.001037854"
"2026-08-04 14:50:56.149 +07:00","20.5635533","BASELINE_100","100","-0.001054572"
"2026-08-04 14:50:56.831 +07:00","21.245897799999998","BASELINE_100","100","-0.001061582"
"2026-08-04 14:50:57.532 +07:00","21.9473456","BASELINE_100","100","-0.001079111"
"2026-08-04 14:50:58.231 +07:00","22.645647099999998","BASELINE_100","100","-0.001068534"
"2026-08-04 14:50:58.946 +07:00","23.3614635","BASELINE_100","100","-0.001063175"
"2026-08-04 14:50:59.645 +07:00","24.060505","BASELINE_100","100","-0.001090351"
"2026-08-04 14:51:00.331 +07:00","24.7457094","BASELINE_100","100","-0.00111746"
"2026-08-04 14:51:01.031 +07:00","25.446148299999997","BASELINE_100","100","-0.001137237"
"2026-08-04 14:51:01.728 +07:00","26.1433674","BASELINE_100","100","-0.001130407"
"2026-08-04 14:51:02.412 +07:00","26.826837899999997","BASELINE_100","100","-0.001059367"
"2026-08-04 14:51:03.094 +07:00","27.5085965","BASELINE_100","100","-0.001050937"
"2026-08-04 14:51:03.795 +07:00","28.2100948","BASELINE_100","100","-0.001024698"
"2026-08-04 14:51:04.494 +07:00","28.909514599999998","BASELINE_100","100","-0.00102497"
"2026-08-04 14:51:05.179 +07:00","29.5936393","BASELINE_100","100","-0.001070695"
"2026-08-04 14:51:05.893 +07:00","30.308242399999997","BASELINE_100","100","-0.001066605"
"2026-08-04 14:51:06.593 +07:00","31.008350399999998","BASELINE_100","100","-0.001052623"
"2026-08-04 14:51:07.293 +07:00","31.7084542","BASELINE_100","100","-0.001033705"
"2026-08-04 14:51:07.975 +07:00","32.3905375","BASELINE_100","100","-0.001011678"
"2026-08-04 14:51:08.658 +07:00","33.0730278","BASELINE_100","100","-0.001026607"
"2026-08-04 14:51:09.358 +07:00","33.7734763","BASELINE_100","100","-0.001003935"
"2026-08-04 14:51:10.056 +07:00","34.4713717","BASELINE_100","100","-0.001005401"
"2026-08-04 14:51:10.740 +07:00","35.154824999999995","BASELINE_100","100","-0.001003654"
"2026-08-04 14:51:11.426 +07:00","35.8415184","BASELINE_100","100","-0.000988259"
"2026-08-04 14:51:12.124 +07:00","36.539158","BASELINE_100","100","-0.000955474"
"2026-08-04 14:51:12.856 +07:00","37.2708272","BASELINE_100","100","-0.000972793"
"2026-08-04 14:51:13.538 +07:00","37.9530976","BASELINE_100","100","-0.000985722"
"2026-08-04 14:51:14.219 +07:00","38.6340352","BASELINE_100","100","-0.000985682"
"2026-08-04 14:51:14.922 +07:00","39.336685599999996","BASELINE_100","100","-0.000984972"
"2026-08-04 14:51:15.623 +07:00","40.037640599999996","BASELINE_100","100","-0.000980281"
"2026-08-04 14:51:16.323 +07:00","40.737616599999996","BASELINE_100","100","-0.000971481"
"2026-08-04 14:51:17.014 +07:00","41.428849299999996","BASELINE_100","100","-0.000979986"
"2026-08-04 14:51:17.680 +07:00","42.0948856","BASELINE_100","100","-0.001002874"
"2026-08-04 14:51:18.369 +07:00","42.784289799999996","BASELINE_100","100","-0.001011825"
"2026-08-04 14:51:19.046 +07:00","43.4612468","BASELINE_100","100","-0.001030678"
"2026-08-04 14:51:19.772 +07:00","44.1867801","BASELINE_100","100","-0.001024177"
"2026-08-04 14:51:20.446 +07:00","44.8605719","BASELINE_100","100","-0.001033925"
"2026-08-04 14:51:21.145 +07:00","45.5602561","BASELINE_100","100","-0.001028775"
"2026-08-04 14:51:21.828 +07:00","46.242884499999995","BASELINE_100","100","-0.001017591"
"2026-08-04 14:51:22.524 +07:00","46.9391251","BASELINE_100","100","-0.001023229"
"2026-08-04 14:51:23.199 +07:00","47.6144222","BASELINE_100","100","-0.001055412"
"2026-08-04 14:51:23.894 +07:00","48.309305599999995","BASELINE_100","100","-0.0010325"
"2026-08-04 14:51:24.577 +07:00","48.992128","BASELINE_100","100","-0.001037105"
"2026-08-04 14:51:25.251 +07:00","49.6663302","BASELINE_100","100","-0.001056776"
"2026-08-04 14:51:25.943 +07:00","50.357550599999996","BASELINE_100","100","-0.001048938"
"2026-08-04 14:51:26.660 +07:00","51.0748706","BASELINE_100","100","-0.001040096"
"2026-08-04 14:51:27.343 +07:00","51.7579244","BASELINE_100","100","-0.001026136"
"2026-08-04 14:51:28.026 +07:00","52.4408835","BASELINE_100","100","-0.001052579"
"2026-08-04 14:51:28.716 +07:00","53.1313044","BASELINE_100","100","-0.001041132"
"2026-08-04 14:51:29.408 +07:00","53.8228071","BASELINE_100","100","-0.001117252"
"2026-08-04 14:51:30.091 +07:00","54.5057876","BASELINE_100","100","-0.001092023"
"2026-08-04 14:51:30.782 +07:00","55.1973589","BASELINE_100","100","-0.001106885"
"2026-08-04 14:51:31.474 +07:00","55.8885623","BASELINE_100","100","-0.001105196"
"2026-08-04 14:51:32.182 +07:00","56.5969912","BASELINE_100","100","-0.001086652"
"2026-08-04 14:51:32.880 +07:00","57.2951401","BASELINE_100","100","-0.00109974"
"2026-08-04 14:51:33.599 +07:00","58.0138676","BASELINE_100","100","-0.001184248"
"2026-08-04 14:51:34.289 +07:00","58.7037562","BASELINE_100","100","-0.001194215"
"2026-08-04 14:51:34.988 +07:00","59.403068499999996","BASELINE_100","100","-0.001166197"
"2026-08-04 14:51:35.680 +07:00","60.095031799999994","BASELINE_100","100","-0.001184889"
"2026-08-04 14:51:36.371 +07:00","60.7860946","BASELINE_100","100","-0.0011102"
"2026-08-04 14:51:37.071 +07:00","61.4857425","BASELINE_100","100","-0.001133372"
"2026-08-04 14:51:37.753 +07:00","62.168391699999994","BASELINE_100","100","-0.001136324"
"2026-08-04 14:51:38.436 +07:00","62.851388699999994","BASELINE_100","100","-0.001117331"
"2026-08-04 14:51:39.127 +07:00","63.542006","BASELINE_100","100","-0.001118691"
"2026-08-04 14:51:39.826 +07:00","64.2411824","BASELINE_100","100","-0.001126692"
"2026-08-04 14:51:40.559 +07:00","64.9735981","BASELINE_100","100","-0.001041752"
"2026-08-04 14:51:41.236 +07:00","65.651248299999992","BASELINE_100","100","-0.001035301"
"2026-08-04 14:51:41.919 +07:00","66.333758199999991","BASELINE_100","100","-0.001053903"
"2026-08-04 14:51:42.602 +07:00","67.0167565","BASELINE_100","100","-0.001060844"
"2026-08-04 14:51:43.291 +07:00","67.7058436","BASELINE_100","100","-0.001048112"
"2026-08-04 14:51:43.974 +07:00","68.3894797","BASELINE_100","100","-0.001032801"
"2026-08-04 14:51:44.657 +07:00","69.0725381","BASELINE_100","100","-0.001049943"
"2026-08-04 14:51:45.351 +07:00","69.765719199999992","BASELINE_100","100","-0.001071621"
"2026-08-04 14:51:46.023 +07:00","70.4377063","BASELINE_100","100","-0.001150716"
"2026-08-04 14:51:46.727 +07:00","71.1422114","BASELINE_100","100","-0.001101252"
"2026-08-04 14:51:47.458 +07:00","71.872818299999992","BASELINE_100","100","-0.001106263"
"2026-08-04 14:51:48.153 +07:00","72.567987399999993","BASELINE_100","100","-0.00109359"
"2026-08-04 14:51:48.844 +07:00","73.2594915","BASELINE_100","100","-0.001056861"
"2026-08-04 14:51:49.539 +07:00","73.95453479999999","BASELINE_100","100","-0.001053413"
"2026-08-04 14:51:50.221 +07:00","74.6362389","BASELINE_100","100","-0.001059708"
"2026-08-04 14:51:50.907 +07:00","75.32250359999999","BASELINE_100","100","-0.001045612"
"2026-08-04 14:51:51.586 +07:00","76.001175899999993","BASELINE_100","100","-0.001017898"
"2026-08-04 14:51:52.263 +07:00","76.6782736","BASELINE_100","100","-0.001005406"
"2026-08-04 14:51:52.967 +07:00","77.382284099999993","BASELINE_100","100","-0.000951044"
"2026-08-04 14:51:53.654 +07:00","78.0693082","BASELINE_100","100","-0.000978095"
"2026-08-04 14:51:54.390 +07:00","78.8047074","BASELINE_100","100","-0.000964419"
"2026-08-04 14:51:55.086 +07:00","79.501025099999993","BASELINE_100","100","-0.000975529"
"2026-08-04 14:51:55.767 +07:00","80.1824161","BASELINE_100","100","-0.000993498"
"2026-08-04 14:51:56.457 +07:00","80.8723153","BASELINE_100","100","-0.000977511"
"2026-08-04 14:51:57.141 +07:00","81.556276","BASELINE_100","100","-0.000973644"
"2026-08-04 14:51:57.838 +07:00","82.2529306","BASELINE_100","100","-0.000984149"
"2026-08-04 14:51:58.533 +07:00","82.9478622","BASELINE_100","100","-0.001007392"
"2026-08-04 14:51:59.234 +07:00","83.6489457","BASELINE_100","100","-0.001014178"
"2026-08-04 14:51:59.929 +07:00","84.3437076","BASELINE_100","100","-0.000978074"
"2026-08-04 14:52:00.615 +07:00","85.03053109999999","BASELINE_100","100","-0.000968761"
"2026-08-04 14:52:01.400 +07:00","85.8148121","BASELINE_100","100","-0.000979633"
"2026-08-04 14:52:02.081 +07:00","86.4960466","BASELINE_100","100","-0.000972882"
"2026-08-04 14:52:02.780 +07:00","87.194704","BASELINE_100","100","-0.000970309"
"2026-08-04 14:52:03.475 +07:00","87.8900578","BASELINE_100","100","-0.00098063"
"2026-08-04 14:52:04.158 +07:00","88.5729946","BASELINE_100","100","-0.000994773"
"2026-08-04 14:52:04.846 +07:00","89.2610663","BASELINE_100","100","-0.001007159"
"2026-08-04 14:52:05.541 +07:00","89.9558579","BASELINE_100","100","-0.001008742"
"2026-08-04 14:52:06.224 +07:00","90.6387558","BASELINE_100","100","-0.001007014"
"2026-08-04 14:52:06.923 +07:00","91.3383066","BASELINE_100","100","-0.001033579"
"2026-08-04 14:52:07.613 +07:00","92.027971799999989","BASELINE_100","100","-0.001062743"
"2026-08-04 14:52:08.356 +07:00","92.7709283","BASELINE_100","100","-0.001067935"
"2026-08-04 14:52:09.056 +07:00","93.4706095","BASELINE_100","100","-0.001077859"
"2026-08-04 14:52:09.746 +07:00","94.160827","BASELINE_100","100","-0.001108598"
"2026-08-04 14:52:10.438 +07:00","94.8532896","BASELINE_100","100","-0.001117249"
"2026-08-04 14:52:11.121 +07:00","95.536363999999992","BASELINE_100","100","-0.001114867"
"2026-08-04 14:52:11.811 +07:00","96.226359399999993","BASELINE_100","100","-0.001111169"
"2026-08-04 14:52:12.487 +07:00","96.9022439","BASELINE_100","100","-0.001062461"
"2026-08-04 14:52:13.170 +07:00","97.585319","BASELINE_100","100","-0.001062627"
"2026-08-04 14:52:13.853 +07:00","98.26837239999999","BASELINE_100","100","-0.00105225"
"2026-08-04 14:52:14.544 +07:00","98.9587099","BASELINE_100","100","-0.00103168"
"2026-08-04 14:52:15.274 +07:00","99.6889789","BASELINE_100","100","-0.001020767"
"2026-08-04 14:52:15.975 +07:00","100.39031949999999","BASELINE_100","100","-0.001017981"
"2026-08-04 14:52:16.669 +07:00","101.08433989999999","BASELINE_100","100","-0.000984188"
"2026-08-04 14:52:17.352 +07:00","101.76679779999999","BASELINE_100","100","-0.000961695"
"2026-08-04 14:52:18.035 +07:00","102.4497768","BASELINE_100","100","-0.000939171"
"2026-08-04 14:52:18.723 +07:00","103.13807349999999","BASELINE_100","100","-0.000933855"
"2026-08-04 14:52:19.401 +07:00","103.8161093","BASELINE_100","100","-0.000951389"
"2026-08-04 14:52:20.084 +07:00","104.4989801","BASELINE_100","100","-0.000957951"
"2026-08-04 14:52:20.774 +07:00","105.1890437","BASELINE_100","100","-0.000941931"
"2026-08-04 14:52:21.456 +07:00","105.8713243","BASELINE_100","100","-0.000920572"
"2026-08-04 14:52:22.216 +07:00","106.63136569999999","BASELINE_100","100","-0.000907904"
"2026-08-04 14:52:22.915 +07:00","107.3299655","BASELINE_100","100","-0.000901597"
"2026-08-04 14:52:23.606 +07:00","108.020935","BASELINE_100","100","-0.000913445"
"2026-08-04 14:52:24.302 +07:00","108.7170908","BASELINE_100","100","-0.000915904"
"2026-08-04 14:52:24.981 +07:00","109.3956108","BASELINE_100","100","-0.000932498"
"2026-08-04 14:52:25.686 +07:00","110.10081459999999","BASELINE_100","100","-0.000939766"
"2026-08-04 14:52:26.380 +07:00","110.7949082","BASELINE_100","100","-0.000959106"
"2026-08-04 14:52:27.072 +07:00","111.4871977","BASELINE_100","100","-0.000921947"
"2026-08-04 14:52:27.755 +07:00","112.17026179999999","BASELINE_100","100","-0.00095076"
"2026-08-04 14:52:28.445 +07:00","112.8602731","BASELINE_100","100","-0.00097286"
"2026-08-04 14:52:29.202 +07:00","113.6171615","BASELINE_100","100","-0.000998191"
"2026-08-04 14:52:29.903 +07:00","114.31782829999999","BASELINE_100","100","-0.000984626"
"2026-08-04 14:52:30.577 +07:00","114.99242939999999","BASELINE_100","100","-0.001002024"
"2026-08-04 14:52:31.265 +07:00","115.6801876","BASELINE_100","100","-0.001017276"
"2026-08-04 14:52:31.969 +07:00","116.383766","BASELINE_100","100","-0.001022855"
"2026-08-04 14:52:32.664 +07:00","117.07904719999999","BASELINE_100","100","-0.00103023"
"2026-08-04 14:52:33.343 +07:00","117.75786079999999","BASELINE_100","100","-0.001034554"
"2026-08-04 14:52:34.033 +07:00","118.4481739","BASELINE_100","100","-0.001053157"
"2026-08-04 14:52:34.732 +07:00","119.1474518","BASELINE_100","100","-0.001028499"
"2026-08-04 14:52:35.432 +07:00","119.84663809999999","BASELINE_100","100","-0.001027443"
"2026-08-04 14:52:36.182 +07:00","120.5965798","BASELINE_100","100","-0.001006804"
"2026-08-04 14:52:36.872 +07:00","121.28727749999999","BASELINE_100","100","-0.001009761"
"2026-08-04 14:52:37.555 +07:00","121.9697571","BASELINE_100","100","-0.000994073"
"2026-08-04 14:52:38.242 +07:00","122.65740539999999","BASELINE_100","100","-0.001004446"
"2026-08-04 14:52:38.936 +07:00","123.35116939999999","BASELINE_100","100","-0.000990029"
"2026-08-04 14:52:39.616 +07:00","124.03154339999999","BASELINE_100","100","-0.000994593"
"2026-08-04 14:52:40.306 +07:00","124.72138989999999","BASELINE_100","100","-0.000988258"
"2026-08-04 14:52:40.989 +07:00","125.40409249999999","BASELINE_100","100","-0.00101631"
"2026-08-04 14:52:41.680 +07:00","126.0952844","BASELINE_100","100","-0.001017043"
"2026-08-04 14:52:42.355 +07:00","126.77001179999999","BASELINE_100","100","-0.001010902"
"2026-08-04 14:52:43.105 +07:00","127.5199983","BASELINE_100","100","-0.001029723"
"2026-08-04 14:52:43.805 +07:00","128.2197416","BASELINE_100","100","-0.001038842"
"2026-08-04 14:52:44.487 +07:00","128.9023532","BASELINE_100","100","-0.001036766"
"2026-08-04 14:52:45.170 +07:00","129.5853755","BASELINE_100","100","-0.00102925"
"2026-08-04 14:52:45.865 +07:00","130.2797797","BASELINE_100","100","-0.001033671"
"2026-08-04 14:52:46.553 +07:00","130.9680056","BASELINE_100","100","-0.001016803"
"2026-08-04 14:52:47.242 +07:00","131.65724849999998","BASELINE_100","100","-0.001003151"
"2026-08-04 14:52:47.936 +07:00","132.35066229999998","BASELINE_100","100","-0.001003206"
"2026-08-04 14:52:48.619 +07:00","133.0336979","BASELINE_100","100","-0.001020102"
"2026-08-04 14:52:49.295 +07:00","133.7102481","BASELINE_100","100","-0.001035255"
"2026-08-04 14:52:50.051 +07:00","134.4663165","BASELINE_100","100","-0.00104316"
"2026-08-04 14:52:50.733 +07:00","135.1483233","BASELINE_100","100","-0.001048009"
"2026-08-04 14:52:51.439 +07:00","135.85377169999998","BASELINE_100","100","-0.001039551"
"2026-08-04 14:52:52.121 +07:00","136.5360777","BASELINE_100","100","-0.001009457"
"2026-08-04 14:52:52.794 +07:00","137.20945","BASELINE_100","100","-0.001015222"
"2026-08-04 14:52:53.491 +07:00","137.90620859999999","BASELINE_100","100","-0.001012884"
"2026-08-04 14:52:54.169 +07:00","138.5841338","BASELINE_100","100","-0.001017623"
"2026-08-04 14:52:54.850 +07:00","139.26499379999998","BASELINE_100","100","-0.001015492"
"2026-08-04 14:52:55.527 +07:00","139.9420375","BASELINE_100","100","-0.001016422"
"2026-08-04 14:52:56.219 +07:00","140.6337992","BASELINE_100","100","-0.000994847"
"2026-08-04 14:52:56.968 +07:00","141.38278499999998","BASELINE_100","100","-0.000977634"
"2026-08-04 14:52:57.657 +07:00","142.0718631","BASELINE_100","100","-0.000979387"
"2026-08-04 14:52:58.350 +07:00","142.7655131","BASELINE_100","100","-0.000992561"
"2026-08-04 14:52:59.039 +07:00","143.4535711","BASELINE_100","100","-0.001002679"
"2026-08-04 14:52:59.713 +07:00","144.128343","BASELINE_100","100","-0.00099347"
"2026-08-04 14:53:00.416 +07:00","144.8307471","BASELINE_100","100","-0.000995869"
"2026-08-04 14:53:01.101 +07:00","145.51558889999998","BASELINE_100","100","-0.001001829"
"2026-08-04 14:53:01.793 +07:00","146.2080559","BASELINE_100","100","-0.000979415"
"2026-08-04 14:53:02.483 +07:00","146.8976366","BASELINE_100","100","-0.000961179"
"2026-08-04 14:53:03.163 +07:00","147.5783222","BASELINE_100","100","-0.000958863"
"2026-08-04 14:53:03.894 +07:00","148.3094647","BASELINE_100","100","-0.000968335"
"2026-08-04 14:53:04.588 +07:00","149.00260369999998","BASELINE_100","100","-0.000955309"
"2026-08-04 14:53:05.265 +07:00","149.6798833","BASELINE_100","100","-0.000971039"
"2026-08-04 14:53:05.949 +07:00","150.36376819999998","BASELINE_100","100","-0.000973889"
"2026-08-04 14:53:06.623 +07:00","151.03807659999998","BASELINE_100","100","-0.000972385"
"2026-08-04 14:53:07.315 +07:00","151.730231","BASELINE_100","100","-0.000971592"
"2026-08-04 14:53:08.011 +07:00","152.4263035","BASELINE_100","100","-0.000975962"
"2026-08-04 14:53:08.707 +07:00","153.1217858","BASELINE_100","100","-0.000983717"
"2026-08-04 14:53:09.401 +07:00","153.81561729999999","BASELINE_100","100","-0.001006553"
"2026-08-04 14:53:10.096 +07:00","154.5108395","BASELINE_100","100","-0.001007224"
"2026-08-04 14:53:10.897 +07:00","155.3118555","BASELINE_100","100","-0.000992163"
"2026-08-04 14:53:11.594 +07:00","156.0093724","BASELINE_100","100","-0.000974414"
"2026-08-04 14:53:12.280 +07:00","156.6949995","BASELINE_100","100","-0.000941197"
"2026-08-04 14:53:12.985 +07:00","157.4003932","BASELINE_100","100","-0.000956603"
"2026-08-04 14:53:13.661 +07:00","158.0763403","BASELINE_100","100","-0.00096925"
"2026-08-04 14:53:14.359 +07:00","158.7736759","BASELINE_100","100","-0.00095692"
"2026-08-04 14:53:15.022 +07:00","159.437313","BASELINE_100","100","-0.000936277"
"2026-08-04 14:53:15.727 +07:00","160.14210409999998","BASELINE_100","100","-0.000929141"
"2026-08-04 14:53:16.409 +07:00","160.8237258","BASELINE_100","100","-0.000925651"
"2026-08-04 14:53:17.076 +07:00","161.4910727","BASELINE_100","100","-0.000931741"
"2026-08-04 14:53:17.831 +07:00","162.245804","BASELINE_100","100","-0.000940254"
"2026-08-04 14:53:18.509 +07:00","162.92430099999999","BASELINE_100","100","-0.000955306"
"2026-08-04 14:53:19.201 +07:00","163.61573909999998","BASELINE_100","100","-0.000972142"
"2026-08-04 14:53:19.897 +07:00","164.3116883","BASELINE_100","100","-0.000974567"
"2026-08-04 14:53:20.585 +07:00","165.0002932","BASELINE_100","100","-0.000968147"
"2026-08-04 14:53:21.273 +07:00","165.6879748","BASELINE_100","100","-0.001009469"
"2026-08-04 14:53:21.951 +07:00","166.3663018","BASELINE_100","100","-0.001028914"
"2026-08-04 14:53:22.644 +07:00","167.0587567","BASELINE_100","100","-0.001034181"
"2026-08-04 14:53:23.342 +07:00","167.7575448","BASELINE_100","100","-0.001023638"
"2026-08-04 14:53:24.034 +07:00","168.4486899","BASELINE_100","100","-0.00104585"
"2026-08-04 14:53:24.773 +07:00","169.1884244","BASELINE_100","100","-0.001034643"
"2026-08-04 14:53:25.469 +07:00","169.8844378","BASELINE_100","100","-0.001041014"
"2026-08-04 14:53:26.146 +07:00","170.56127379999998","BASELINE_100","100","-0.001036815"
"2026-08-04 14:53:26.843 +07:00","171.2582562","BASELINE_100","100","-0.001014049"
"2026-08-04 14:53:27.543 +07:00","171.95827749999998","BASELINE_100","100","-0.001006213"
"2026-08-04 14:53:28.244 +07:00","172.6586778","BASELINE_100","100","-0.000964718"
"2026-08-04 14:53:28.940 +07:00","173.3553447","BASELINE_100","100","-0.000966841"
"2026-08-04 14:53:29.639 +07:00","174.05384909999998","BASELINE_100","100","-0.000972737"
"2026-08-04 14:53:30.331 +07:00","174.7460413","BASELINE_100","100","-0.000995559"
"2026-08-04 14:53:31.034 +07:00","175.4493925","BASELINE_100","100","-0.000986532"
"2026-08-04 14:53:31.805 +07:00","176.22002609999998","BASELINE_100","100","-0.000994128"
"2026-08-04 14:53:32.478 +07:00","176.8929882","BASELINE_100","100","-0.001010371"
"2026-08-04 14:53:33.185 +07:00","177.60049429999998","BASELINE_100","100","-0.001004633"
"2026-08-04 14:53:33.886 +07:00","178.30063669999998","BASELINE_100","100","-0.001025338"
"2026-08-04 14:53:34.569 +07:00","178.9843957","BASELINE_100","100","-0.001025327"
"2026-08-04 14:53:35.266 +07:00","179.6810764","BASELINE_100","100","-0.001042173"
"2026-08-04 14:53:35.946 +07:00","180.36137549999998","BASELINE_100","100","-0.001029179"
"2026-08-04 14:53:36.647 +07:00","181.0624705","BASELINE_100","100","-0.001026848"
"2026-08-04 14:53:37.347 +07:00","181.7624478","BASELINE_100","100","-0.001011486"
"2026-08-04 14:53:38.023 +07:00","182.43836199999998","BASELINE_100","100","-0.001020919"
"2026-08-04 14:53:38.800 +07:00","183.2153122","BASELINE_100","100","-0.001029473"
"2026-08-04 14:53:39.501 +07:00","183.9155669","BASELINE_100","100","-0.001023905"
"2026-08-04 14:53:40.200 +07:00","184.6147255","BASELINE_100","100","-0.001017156"
"2026-08-04 14:53:40.899 +07:00","185.3137222","BASELINE_100","100","-0.00102167"
"2026-08-04 14:53:41.583 +07:00","185.9979371","BASELINE_100","100","-0.001030874"
"2026-08-04 14:53:42.267 +07:00","186.681681","BASELINE_100","100","-0.001043194"
"2026-08-04 14:53:42.967 +07:00","187.3817015","BASELINE_100","100","-0.001054355"
"2026-08-04 14:53:43.647 +07:00","188.06252179999998","BASELINE_100","100","-0.001061249"
"2026-08-04 14:53:44.333 +07:00","188.74761959999998","BASELINE_100","100","-0.001056661"
"2026-08-04 14:53:45.029 +07:00","189.44410489999999","BASELINE_100","100","-0.001023257"
"2026-08-04 14:53:45.792 +07:00","190.2069196","BASELINE_100","100","-0.001028869"
"2026-08-04 14:53:46.478 +07:00","190.892551","BASELINE_100","100","-0.00101137"
"2026-08-04 14:53:47.164 +07:00","191.5793272","BASELINE_100","100","-0.001103307"
"2026-08-04 14:53:47.853 +07:00","192.2678248","BASELINE_100","100","-0.00109864"
"2026-08-04 14:53:48.527 +07:00","192.94156089999998","BASELINE_100","100","-0.001111772"
"2026-08-04 14:53:49.211 +07:00","193.62566909999998","BASELINE_100","100","-0.001104611"
"2026-08-04 14:53:49.888 +07:00","194.3033457","BASELINE_100","100","-0.001101858"
"2026-08-04 14:53:50.574 +07:00","194.9887968","BASELINE_100","100","-0.001108459"
"2026-08-04 14:53:51.262 +07:00","195.676843","BASELINE_100","100","-0.001097909"
"2026-08-04 14:53:51.943 +07:00","196.35834499999999","BASELINE_100","100","-0.001115533"
"2026-08-04 14:53:52.699 +07:00","197.11388739999998","BASELINE_100","100","-0.001120513"
"2026-08-04 14:53:53.394 +07:00","197.8090891","BASELINE_100","100","-0.001132285"
"2026-08-04 14:53:54.095 +07:00","198.5100668","BASELINE_100","100","-0.001049806"
"2026-08-04 14:53:54.792 +07:00","199.207338","BASELINE_100","100","-0.001040505"
"2026-08-04 14:53:55.476 +07:00","199.8908598","BASELINE_100","100","-0.00102201"
"2026-08-04 14:53:56.161 +07:00","200.57572499999998","BASELINE_100","100","-0.001005951"
"2026-08-04 14:53:56.858 +07:00","201.2731379","BASELINE_100","100","-0.001004164"
"2026-08-04 14:53:57.559 +07:00","201.97396799999999","BASELINE_100","100","-0.000996087"
"2026-08-04 14:53:58.241 +07:00","202.6561425","BASELINE_100","100","-0.000997242"
"2026-08-04 14:53:58.925 +07:00","203.33982179999998","BASELINE_100","100","-0.000982972"
"2026-08-04 14:53:59.685 +07:00","204.0999143","BASELINE_100","100","-0.000981983"
"2026-08-04 14:54:00.385 +07:00","204.8004291","BASELINE_100","100","-0.000987958"
"2026-08-04 14:54:01.067 +07:00","205.4822978","BASELINE_100","100","-0.000995782"
"2026-08-04 14:54:01.767 +07:00","206.18236869999998","BASELINE_100","100","-0.000994674"
"2026-08-04 14:54:02.437 +07:00","206.85183049999998","BASELINE_100","100","-0.000966573"
"2026-08-04 14:54:03.131 +07:00","207.5457548","BASELINE_100","100","-0.000988795"
"2026-08-04 14:54:03.818 +07:00","208.2333385","BASELINE_100","100","-0.001001194"
"2026-08-04 14:54:04.503 +07:00","208.9183037","BASELINE_100","100","-0.000988488"
"2026-08-04 14:54:05.200 +07:00","209.61477589999998","BASELINE_100","100","-0.001020274"
"2026-08-04 14:54:05.886 +07:00","210.301469","BASELINE_100","100","-0.001050614"
"2026-08-04 14:54:06.689 +07:00","211.1038408","BASELINE_100","100","-0.001016084"
"2026-08-04 14:54:07.388 +07:00","211.8030607","BASELINE_100","100","-0.001002984"
"2026-08-04 14:54:08.072 +07:00","212.4866386","BASELINE_100","100","-0.001007207"
"2026-08-04 14:54:08.754 +07:00","213.16883389999998","BASELINE_100","100","-0.000992557"
"2026-08-04 14:54:09.434 +07:00","213.84883779999998","BASELINE_100","100","-0.001039986"
"2026-08-04 14:54:10.117 +07:00","214.5322387","BASELINE_100","100","-0.001041972"
"2026-08-04 14:54:10.798 +07:00","215.21349529999998","BASELINE_100","100","-0.001016691"
"2026-08-04 14:54:11.503 +07:00","215.9183962","BASELINE_100","100","-0.001030451"
"2026-08-04 14:54:12.180 +07:00","216.5946487","BASELINE_100","100","-0.001009569"
"2026-08-04 14:54:12.862 +07:00","217.2767839","BASELINE_100","100","-0.000965411"
"2026-08-04 14:54:13.621 +07:00","218.0365417","BASELINE_100","100","-0.000974351"
"2026-08-04 14:54:14.299 +07:00","218.71373069999999","BASELINE_100","100","-0.000957761"
"2026-08-04 14:54:14.999 +07:00","219.4140706","BASELINE_100","100","-0.000952388"
"2026-08-04 14:54:15.675 +07:00","220.0903558","BASELINE_100","100","-0.000943896"
"2026-08-04 14:54:16.364 +07:00","220.7792509","BASELINE_100","100","-0.000940629"
"2026-08-04 14:54:17.049 +07:00","221.4645179","BASELINE_100","100","-0.000941862"
"2026-08-04 14:54:17.745 +07:00","222.15995279999999","BASELINE_100","100","-0.000964566"
"2026-08-04 14:54:18.427 +07:00","222.84231269999998","BASELINE_100","100","-0.000935899"
"2026-08-04 14:54:19.128 +07:00","223.543051","BASELINE_100","100","-0.00093859"
"2026-08-04 14:54:19.818 +07:00","224.23298549999998","BASELINE_100","100","-0.000965421"
"2026-08-04 14:54:20.574 +07:00","224.9891409","BASELINE_100","100","-0.000994005"
"2026-08-04 14:54:21.257 +07:00","225.6715854","BASELINE_100","100","-0.001015472"
"2026-08-04 14:54:21.956 +07:00","226.3713003","BASELINE_100","100","-0.001031716"
"2026-08-04 14:54:22.623 +07:00","227.0375819","BASELINE_100","100","-0.001072831"
"2026-08-04 14:54:23.322 +07:00","227.73724049999998","BASELINE_100","100","-0.001063394"
"2026-08-04 14:54:24.018 +07:00","228.4332871","BASELINE_100","100","-0.001028475"
"2026-08-04 14:54:24.710 +07:00","229.1255042","BASELINE_100","100","-0.001029777"
"2026-08-04 14:54:25.396 +07:00","229.8110711","BASELINE_100","100","-0.001051181"
"2026-08-04 14:54:26.092 +07:00","230.5066812","BASELINE_100","100","-0.001030755"
"2026-08-04 14:54:26.786 +07:00","231.200967","BASELINE_100","100","-0.000992438"
"2026-08-04 14:54:27.584 +07:00","231.99865","BASELINE_100","100","-0.00098225"
"2026-08-04 14:54:28.286 +07:00","232.7015104","BASELINE_100","100","-0.000971519"
"2026-08-04 14:54:28.979 +07:00","233.39423739999998","BASELINE_100","100","-0.0009605"
"2026-08-04 14:54:29.672 +07:00","234.08752479999998","BASELINE_100","100","-0.000965031"
"2026-08-04 14:54:30.363 +07:00","234.7780732","BASELINE_100","100","-0.000977586"
"2026-08-04 14:54:31.060 +07:00","235.4748866","BASELINE_100","100","-0.000992046"
"2026-08-04 14:54:31.752 +07:00","236.1672571","BASELINE_100","100","-0.000984627"
"2026-08-04 14:54:32.435 +07:00","236.8504913","BASELINE_100","100","-0.000992485"
"2026-08-04 14:54:33.126 +07:00","237.5409795","BASELINE_100","100","-0.000973064"
"2026-08-04 14:54:33.821 +07:00","238.2355675","BASELINE_100","100","-0.001016468"
"2026-08-04 14:54:34.592 +07:00","239.00695679999998","BASELINE_100","100","-0.001012668"
"2026-08-04 14:54:35.275 +07:00","239.6895631","BASELINE_100","100","-0.000995965"
"2026-08-04 14:54:35.969 +07:00","240.3838668","BASELINE_100","100","-0.000968996"
"2026-08-04 14:54:36.673 +07:00","241.08765649999998","BASELINE_100","100","-0.000943394"
"2026-08-04 14:54:37.367 +07:00","241.7821009","BASELINE_100","100","-0.000925907"
"2026-08-04 14:54:38.059 +07:00","242.47376","BASELINE_100","100","-0.000938374"
"2026-08-04 14:54:38.731 +07:00","243.1460445","BASELINE_100","100","-0.000934312"
"2026-08-04 14:54:39.438 +07:00","243.8527421","BASELINE_100","100","-0.000901623"
"2026-08-04 14:54:40.128 +07:00","244.54341589999999","BASELINE_100","100","-0.000924817"
"2026-08-04 14:54:40.818 +07:00","245.2328287","BASELINE_100","100","-0.000928746"
"2026-08-04 14:54:41.604 +07:00","246.01868539999998","BASELINE_100","100","-0.000920074"
"2026-08-04 14:54:42.284 +07:00","246.69910399999998","BASELINE_100","100","-0.000961099"
"2026-08-04 14:54:42.975 +07:00","247.3898741","BASELINE_100","100","-0.000978492"
"2026-08-04 14:54:43.667 +07:00","248.0819359","BASELINE_100","100","-0.00097883"
"2026-08-04 14:54:44.366 +07:00","248.781071","BASELINE_100","100","-0.000979905"
"2026-08-04 14:54:45.054 +07:00","249.46890409999997","BASELINE_100","100","-0.000952926"
"2026-08-04 14:54:45.740 +07:00","250.15467049999998","BASELINE_100","100","-0.000962288"
"2026-08-04 14:54:46.436 +07:00","250.8507703","BASELINE_100","100","-0.000972822"
"2026-08-04 14:54:47.128 +07:00","251.5431763","BASELINE_100","100","-0.000975166"
"2026-08-04 14:54:47.821 +07:00","252.2362488","BASELINE_100","100","-0.000954567"
"2026-08-04 14:54:48.611 +07:00","253.02558639999998","BASELINE_100","100","-0.000988612"
"2026-08-04 14:54:49.293 +07:00","253.70848339999998","BASELINE_100","100","-0.000973824"
"2026-08-04 14:54:49.977 +07:00","254.391639","BASELINE_100","100","-0.000994593"
"2026-08-04 14:54:50.682 +07:00","255.09746339999998","BASELINE_100","100","-0.00099769"
"2026-08-04 14:54:51.359 +07:00","255.7742453","BASELINE_100","100","-0.001004348"
"2026-08-04 14:54:52.043 +07:00","256.4575597","BASELINE_100","100","-0.001018375"
"2026-08-04 14:54:52.725 +07:00","257.1402837","BASELINE_100","100","-0.001004326"
"2026-08-04 14:54:53.415 +07:00","257.8299522","BASELINE_100","100","-0.001013215"
"2026-08-04 14:54:54.091 +07:00","258.50579799999997","BASELINE_100","100","-0.001024053"
"2026-08-04 14:54:54.774 +07:00","259.188846","BASELINE_100","100","-0.001107323"
"2026-08-04 14:54:55.556 +07:00","259.97147359999997","BASELINE_100","100","-0.00106706"
"2026-08-04 14:54:56.240 +07:00","260.6547805","BASELINE_100","100","-0.001044716"
"2026-08-04 14:54:56.923 +07:00","261.3378206","BASELINE_100","100","-0.001005926"
"2026-08-04 14:54:57.606 +07:00","262.0207549","BASELINE_100","100","-0.000996359"
"2026-08-04 14:54:58.288 +07:00","262.7034617","BASELINE_100","100","-0.001001527"
"2026-08-04 14:54:58.980 +07:00","263.39479539999996","BASELINE_100","100","-0.000992405"
"2026-08-04 14:54:59.661 +07:00","264.0762476","BASELINE_100","100","-0.00101377"
"2026-08-04 14:55:00.340 +07:00","264.7554856","BASELINE_100","100","-0.001007054"
"2026-08-04 14:55:01.038 +07:00","265.4525943","BASELINE_100","100","-0.000999595"
"2026-08-04 14:55:01.720 +07:00","266.1354288","BASELINE_100","100","-0.000925936"
"2026-08-04 14:55:02.503 +07:00","266.9180854","BASELINE_100","100","-0.000948568"
"2026-08-04 14:55:03.203 +07:00","267.6177128","BASELINE_100","100","-0.000970748"
"2026-08-04 14:55:03.886 +07:00","268.3010357","BASELINE_100","100","-0.000994603"
"2026-08-04 14:55:04.569 +07:00","268.9837041","BASELINE_100","100","-0.000990126"
"2026-08-04 14:55:05.252 +07:00","269.66706039999997","BASELINE_100","100","-0.000976982"
"2026-08-04 14:55:05.935 +07:00","270.35003589999997","BASELINE_100","100","-0.000978985"
"2026-08-04 14:55:06.635 +07:00","271.0497723","BASELINE_100","100","-0.001038452"
"2026-08-04 14:55:07.318 +07:00","271.73265599999996","BASELINE_100","100","-0.001064159"
"2026-08-04 14:55:08.000 +07:00","272.41527379999997","BASELINE_100","100","-0.001057446"
"2026-08-04 14:55:08.673 +07:00","273.0885068","BASELINE_100","100","-0.001039126"
"2026-08-04 14:55:09.450 +07:00","273.8652562","BASELINE_100","100","-0.001031055"
"2026-08-04 14:55:10.125 +07:00","274.5404837","BASELINE_100","100","-0.00102174"
"2026-08-04 14:55:10.819 +07:00","275.2343309","BASELINE_100","100","-0.000990851"
"2026-08-04 14:55:11.503 +07:00","275.9184485","BASELINE_100","100","-0.00100868"
"2026-08-04 14:55:12.169 +07:00","276.5843226","BASELINE_100","100","-0.000988927"
"2026-08-04 14:55:12.865 +07:00","277.2804762","BASELINE_100","100","-0.001027769"
"2026-08-04 14:55:13.567 +07:00","277.9821111","BASELINE_100","100","-0.000959635"
"2026-08-04 14:55:14.252 +07:00","278.6674876","BASELINE_100","100","-0.000952947"
"2026-08-04 14:55:14.920 +07:00","279.334931","BASELINE_100","100","-0.000952803"
"2026-08-04 14:55:15.610 +07:00","280.0254202","BASELINE_100","100","-0.000977991"
"2026-08-04 14:55:16.412 +07:00","280.82723749999997","BASELINE_100","100","-0.000974099"
"2026-08-04 14:55:17.103 +07:00","281.51793449999997","BASELINE_100","100","-0.000977211"
"2026-08-04 14:55:17.779 +07:00","282.1938226","BASELINE_100","100","-0.001019674"
"2026-08-04 14:55:18.479 +07:00","282.8941997","BASELINE_100","100","-0.000997963"
"2026-08-04 14:55:19.168 +07:00","283.58323359999997","BASELINE_100","100","-0.001014331"
"2026-08-04 14:55:19.845 +07:00","284.259564","BASELINE_100","100","-0.000998259"
"2026-08-04 14:55:20.529 +07:00","284.9440621","BASELINE_100","100","-0.00100036"
"2026-08-04 14:55:21.211 +07:00","285.6255622","BASELINE_100","100","-0.000976816"
"2026-08-04 14:55:21.910 +07:00","286.3252265","BASELINE_100","100","-0.000964999"
"2026-08-04 14:55:22.592 +07:00","287.00717829999996","BASELINE_100","100","-0.000952798"
"2026-08-04 14:55:23.365 +07:00","287.779976","BASELINE_100","100","-0.000961758"
"2026-08-04 14:55:24.059 +07:00","288.47417279999996","BASELINE_100","100","-0.000977308"
"2026-08-04 14:55:24.740 +07:00","289.15545249999997","BASELINE_100","100","-0.000962118"
"2026-08-04 14:55:25.433 +07:00","289.8483449","BASELINE_100","100","-0.000997467"
"2026-08-04 14:55:26.117 +07:00","290.5317668","BASELINE_100","100","-0.000999544"
"2026-08-04 14:55:26.799 +07:00","291.21450089999996","BASELINE_100","100","-0.00099955"
"2026-08-04 14:55:27.507 +07:00","291.9224437","BASELINE_100","100","-0.000994565"
"2026-08-04 14:55:28.192 +07:00","292.6072428","BASELINE_100","100","-0.000993026"
"2026-08-04 14:55:28.879 +07:00","293.2935612","BASELINE_100","100","-0.001006633"
"2026-08-04 14:55:29.561 +07:00","293.9761884","BASELINE_100","100","-0.001006136"
"2026-08-04 14:55:30.362 +07:00","294.7774153","BASELINE_100","100","-0.001002048"
"2026-08-04 14:55:31.056 +07:00","295.4710951","BASELINE_100","100","-0.000989915"
"2026-08-04 14:55:31.749 +07:00","296.164225","BASELINE_100","100","-0.000982095"
"2026-08-04 14:55:32.439 +07:00","296.8536759","BASELINE_100","100","-0.000981391"
"2026-08-04 14:55:33.115 +07:00","297.5300633","BASELINE_100","100","-0.000993321"
"2026-08-04 14:55:33.793 +07:00","298.2077886","BASELINE_100","100","-0.000967593"
"2026-08-04 14:55:34.484 +07:00","298.8987469","BASELINE_100","100","-0.000961312"
"2026-08-04 14:55:35.177 +07:00","299.59188589999997","BASELINE_100","100","-0.000970718"
"2026-08-04 14:55:35.874 +07:00","300.2886937","BASELINE_100","100","-0.000976992"
"2026-08-04 14:55:36.559 +07:00","300.97355719999996","BASELINE_100","100","-0.000970098"
"2026-08-04 14:55:37.589 +07:00","302.00448539999996","BASELINE_100","100","-0.000949778"
"2026-08-04 14:55:38.274 +07:00","302.6894206","BASELINE_100","100","-0.000950396"
"2026-08-04 14:55:38.973 +07:00","303.387808","BASELINE_100","100","-0.000919618"
"2026-08-04 14:55:39.645 +07:00","304.059963","BASELINE_100","100","-0.000897367"
"2026-08-04 14:55:40.323 +07:00","304.7384558","BASELINE_100","100","-0.000922477"
"2026-08-04 14:55:41.005 +07:00","305.42021209999996","BASELINE_100","100","-0.000916649"
"2026-08-04 14:55:41.698 +07:00","306.1127447","BASELINE_100","100","-0.000925538"
"2026-08-04 14:55:42.388 +07:00","306.80291","BASELINE_100","100","-0.000949494"
"2026-08-04 14:55:43.071 +07:00","307.4861485","BASELINE_100","100","-0.000959377"
"2026-08-04 14:55:43.753 +07:00","308.16850919999996","BASELINE_100","100","-0.000960197"
"2026-08-04 14:55:44.544 +07:00","308.9592848","BASELINE_100","100","-0.000955747"
"2026-08-04 14:55:45.221 +07:00","309.63618779999996","BASELINE_100","100","-0.00097068"
"2026-08-04 14:55:45.919 +07:00","310.33430169999997","BASELINE_100","100","-0.00097905"
"2026-08-04 14:55:46.619 +07:00","311.0341275","BASELINE_100","100","-0.000984267"
"2026-08-04 14:55:47.303 +07:00","311.7181078","BASELINE_100","100","-0.000966931"
"2026-08-04 14:55:47.996 +07:00","312.4106805","BASELINE_100","100","-0.000951492"
"2026-08-04 14:55:48.685 +07:00","313.09997519999996","BASELINE_100","100","-0.001023823"
"2026-08-04 14:55:49.352 +07:00","313.7675208","BASELINE_100","100","-0.001006006"
"2026-08-04 14:55:50.051 +07:00","314.46648619999996","BASELINE_100","100","-0.001007832"
"2026-08-04 14:55:50.736 +07:00","315.15097599999996","BASELINE_100","100","-0.001022964"
"2026-08-04 14:55:51.528 +07:00","315.94293949999997","BASELINE_100","100","-0.001045432"
"2026-08-04 14:55:52.233 +07:00","316.64835719999996","BASELINE_100","100","-0.001060416"
"2026-08-04 14:55:52.917 +07:00","317.3323799","BASELINE_100","100","-0.001083133"
"2026-08-04 14:55:53.601 +07:00","318.01636279999997","BASELINE_100","100","-0.001098215"
"2026-08-04 14:55:54.285 +07:00","318.7003236","BASELINE_100","100","-0.001120203"
"2026-08-04 14:55:54.968 +07:00","319.3829043","BASELINE_100","100","-0.001145396"
"2026-08-04 14:55:55.667 +07:00","320.08155039999997","BASELINE_100","100","-0.001075509"
"2026-08-04 14:55:56.350 +07:00","320.76535379999996","BASELINE_100","100","-0.001091563"
"2026-08-04 14:55:57.027 +07:00","321.4425131","BASELINE_100","100","-0.001098202"
"2026-08-04 14:55:57.727 +07:00","322.14164389999996","BASELINE_100","100","-0.001089441"
"2026-08-04 14:55:58.765 +07:00","323.18005919999996","BASELINE_100","100","-0.001045492"
"2026-08-04 14:55:59.443 +07:00","323.8579532","BASELINE_100","100","-0.001012728"
"2026-08-04 14:56:00.122 +07:00","324.5370115","BASELINE_100","100","-0.001020125"
"2026-08-04 14:56:00.798 +07:00","325.2133583","BASELINE_100","100","-0.001017023"
"2026-08-04 14:56:01.480 +07:00","325.8951873","BASELINE_100","100","-0.001026352"
"2026-08-04 14:56:02.157 +07:00","326.5724973","BASELINE_100","100","-0.001009366"
"2026-08-04 14:56:02.840 +07:00","327.2553405","BASELINE_100","100","-0.000981304"
"2026-08-04 14:56:03.532 +07:00","327.9472188","BASELINE_100","100","-0.000963762"
"2026-08-04 14:56:04.216 +07:00","328.6313131","BASELINE_100","100","-0.000958116"
"2026-08-04 14:56:04.904 +07:00","329.31864609999997","BASELINE_100","100","-0.000963072"
"2026-08-04 14:56:05.712 +07:00","330.1269159","BASELINE_100","100","-0.000962862"
"2026-08-04 14:56:06.397 +07:00","330.8118675","BASELINE_100","100","-0.000992215"
"2026-08-04 14:56:07.081 +07:00","331.4957879","BASELINE_100","100","-0.000972233"
"2026-08-04 14:56:07.770 +07:00","332.1851637","BASELINE_100","100","-0.000956354"
"2026-08-04 14:56:08.479 +07:00","332.89423519999997","BASELINE_100","100","-0.000951789"
"2026-08-04 14:56:09.163 +07:00","333.57809149999997","BASELINE_100","100","-0.000967127"
"2026-08-04 14:56:09.847 +07:00","334.2615798","BASELINE_100","100","-0.000983877"
"2026-08-04 14:56:10.543 +07:00","334.9578785","BASELINE_100","100","-0.000996754"
"2026-08-04 14:56:11.229 +07:00","335.6437602","BASELINE_100","100","-0.001006883"
"2026-08-04 14:56:11.912 +07:00","336.3272816","BASELINE_100","100","-0.001004332"
"2026-08-04 14:56:12.936 +07:00","337.35130269999996","BASELINE_100","100","-0.001003547"
"2026-08-04 14:56:13.625 +07:00","338.0404579","BASELINE_100","100","-0.000999536"
"2026-08-04 14:56:14.307 +07:00","338.721859","BASELINE_100","100","-0.000994575"
"2026-08-04 14:56:14.988 +07:00","339.402601","BASELINE_100","100","-0.001002859"
"2026-08-04 14:56:15.684 +07:00","340.0988474","BASELINE_100","100","-0.00100393"
"2026-08-04 14:56:16.366 +07:00","340.7810075","BASELINE_100","100","-0.000975929"
"2026-08-04 14:56:17.047 +07:00","341.4622596","BASELINE_100","100","-0.000972301"
"2026-08-04 14:56:17.733 +07:00","342.1477263","BASELINE_100","100","-0.000985369"
"2026-08-04 14:56:18.413 +07:00","342.827725","BASELINE_100","100","-0.000992528"
"2026-08-04 14:56:19.081 +07:00","343.4959953","BASELINE_100","100","-0.001003373"
"2026-08-04 14:56:20.115 +07:00","344.529547","BASELINE_100","100","-0.001008618"
"2026-08-04 14:56:20.826 +07:00","345.2413166","BASELINE_100","100","-0.000997712"
"2026-08-04 14:56:21.506 +07:00","345.9205465","BASELINE_100","100","-0.000995428"
"2026-08-04 14:56:22.185 +07:00","346.60024849999996","BASELINE_100","100","-0.000961499"
"2026-08-04 14:56:22.864 +07:00","347.27921299999997","BASELINE_100","100","-0.000973593"
"2026-08-04 14:56:23.551 +07:00","347.9663711","BASELINE_100","100","-0.000986785"
"2026-08-04 14:56:24.250 +07:00","348.66525839999997","BASELINE_100","100","-0.000959648"
"2026-08-04 14:56:24.954 +07:00","349.3690165","BASELINE_100","100","-0.000941326"
"2026-08-04 14:56:25.652 +07:00","350.0671737","BASELINE_100","100","-0.000917587"
"2026-08-04 14:56:26.337 +07:00","350.7518511","BASELINE_100","100","-0.000933754"
"2026-08-04 14:56:27.368 +07:00","351.7832322","BASELINE_100","100","-0.000963567"
"2026-08-04 14:56:28.044 +07:00","352.4594663","BASELINE_100","100","-0.001020671"
"2026-08-04 14:56:28.731 +07:00","353.14587209999996","BASELINE_100","100","-0.00104932"
"2026-08-04 14:56:29.437 +07:00","353.851722","BASELINE_100","100","-0.001022426"
"2026-08-04 14:56:30.134 +07:00","354.5492407","BASELINE_100","100","-0.001006677"
"2026-08-04 14:56:30.819 +07:00","355.23424639999996","BASELINE_100","100","-0.00101189"
"2026-08-04 14:56:31.518 +07:00","355.9328462","BASELINE_100","100","-0.001009937"
"2026-08-04 14:56:32.214 +07:00","356.6286106","BASELINE_100","100","-0.001013436"
"2026-08-04 14:56:32.900 +07:00","357.31496669999996","BASELINE_100","100","-0.001003348"
"2026-08-04 14:56:33.583 +07:00","357.99840639999996","BASELINE_100","100","-0.000960737"
"2026-08-04 14:56:34.382 +07:00","358.7971454","BASELINE_100","100","-0.001036893"
"2026-08-04 14:56:35.084 +07:00","359.4992542","BASELINE_100","100","-0.000959742"
"2026-08-04 14:56:35.781 +07:00","360.19645629999997","BASELINE_100","100","-0.000958442"
"2026-08-04 14:56:36.480 +07:00","360.8955019","BASELINE_100","100","-0.00100559"
"2026-08-04 14:56:37.164 +07:00","361.57863269999996","BASELINE_100","100","-0.001011096"
"2026-08-04 14:56:37.847 +07:00","362.2621873","BASELINE_100","100","-0.001086255"
"2026-08-04 14:56:38.548 +07:00","362.9629467","BASELINE_100","100","-0.001112203"
"2026-08-04 14:56:39.246 +07:00","363.6614365","BASELINE_100","100","-0.001095402"
"2026-08-04 14:56:39.927 +07:00","364.3419002","BASELINE_100","100","-0.001075084"
"2026-08-04 14:56:40.613 +07:00","365.0275642","BASELINE_100","100","-0.001110923"
"2026-08-04 14:56:41.645 +07:00","366.0600354","BASELINE_100","100","-0.001024854"
"2026-08-04 14:56:42.344 +07:00","366.75900479999996","BASELINE_100","100","-0.000996191"
"2026-08-04 14:56:43.045 +07:00","367.4596848","BASELINE_100","100","-0.000988232"
"2026-08-04 14:56:43.728 +07:00","368.1426945","BASELINE_100","100","-0.000994752"
"2026-08-04 14:56:44.411 +07:00","368.82569","BASELINE_100","100","-0.000917855"
"2026-08-04 14:56:45.103 +07:00","369.518192","BASELINE_100","100","-0.000923039"
"2026-08-04 14:56:45.786 +07:00","370.20136859999997","BASELINE_100","100","-0.000938707"
"2026-08-04 14:56:46.486 +07:00","370.9010011","BASELINE_100","100","-0.00095019"
"2026-08-04 14:56:47.167 +07:00","371.582429","BASELINE_100","100","-0.000935243"
"2026-08-04 14:56:47.863 +07:00","372.2784888","BASELINE_100","100","-0.000960778"
"2026-08-04 14:56:48.931 +07:00","373.345886","BASELINE_100","100","-0.001019094"
"2026-08-04 14:56:49.624 +07:00","374.0392981","BASELINE_100","100","-0.001016819"
"2026-08-04 14:56:50.321 +07:00","374.7362669","BASELINE_100","100","-0.000987886"
"2026-08-04 14:56:51.004 +07:00","375.4194899","BASELINE_100","100","-0.000992345"
"2026-08-04 14:56:51.702 +07:00","376.11673809999996","BASELINE_100","100","-0.000978715"
"2026-08-04 14:56:52.377 +07:00","376.7917793","BASELINE_100","100","-0.000980918"
"2026-08-04 14:56:53.080 +07:00","377.4945947","BASELINE_100","100","-0.000985707"
"2026-08-04 14:56:53.768 +07:00","378.1832459","BASELINE_100","100","-0.000997078"
"2026-08-04 14:56:54.445 +07:00","378.85993179999997","BASELINE_100","100","-0.000981758"
"2026-08-04 14:56:55.136 +07:00","379.5515314","BASELINE_100","100","-0.000958387"
"2026-08-04 14:56:55.974 +07:00","380.3885648","BASELINE_100","100","-0.00096833"
"2026-08-04 14:56:56.670 +07:00","381.0854673","BASELINE_100","100","-0.000976749"
"2026-08-04 14:56:57.371 +07:00","381.7863795","BASELINE_100","100","-0.001012517"
"2026-08-04 14:56:58.063 +07:00","382.4782768","BASELINE_100","100","-0.001015277"
"2026-08-04 14:56:58.754 +07:00","383.1687881","BASELINE_100","100","-0.001037209"
"2026-08-04 14:56:59.442 +07:00","383.85669379999996","BASELINE_100","100","-0.001037955"
"2026-08-04 14:57:00.118 +07:00","384.5330652","BASELINE_100","100","-0.001049924"
"2026-08-04 14:57:00.812 +07:00","385.227144","BASELINE_100","100","-0.001049052"
"2026-08-04 14:57:01.495 +07:00","385.9103412","BASELINE_100","100","-0.00103934"
"2026-08-04 14:57:02.193 +07:00","386.608387","BASELINE_100","100","-0.001048959"
"2026-08-04 14:57:03.225 +07:00","387.6404978","BASELINE_100","100","-0.001043851"
"2026-08-04 14:57:03.916 +07:00","388.3315017","BASELINE_100","100","-0.001030217"
"2026-08-04 14:57:04.605 +07:00","389.0198324","BASELINE_100","100","-0.001048973"
"2026-08-04 14:57:05.299 +07:00","389.71445309999996","BASELINE_100","100","-0.001036294"
"2026-08-04 14:57:06.000 +07:00","390.4153766","BASELINE_100","100","-0.001015938"
"2026-08-04 14:57:06.700 +07:00","391.11459399999995","BASELINE_100","100","-0.00101935"
"2026-08-04 14:57:07.402 +07:00","391.8166273","BASELINE_100","100","-0.001030028"
"2026-08-04 14:57:08.100 +07:00","392.5147652","BASELINE_100","100","-0.001046349"
"2026-08-04 14:57:08.799 +07:00","393.2138639","BASELINE_100","100","-0.001053898"
"2026-08-04 14:57:09.497 +07:00","393.91243629999997","BASELINE_100","100","-0.001057145"
"2026-08-04 14:57:10.529 +07:00","394.9439865","BASELINE_100","100","-0.001056147"
"2026-08-04 14:57:11.213 +07:00","395.62830449999996","BASELINE_100","100","-0.001024281"
"2026-08-04 14:57:11.898 +07:00","396.31323749999996","BASELINE_100","100","-0.001018261"
"2026-08-04 14:57:12.597 +07:00","397.0120975","BASELINE_100","100","-0.001023391"
"2026-08-04 14:57:13.298 +07:00","397.7128993","BASELINE_100","100","-0.001020633"
"2026-08-04 14:57:13.994 +07:00","398.4093301","BASELINE_100","100","-0.00101611"
"2026-08-04 14:57:14.680 +07:00","399.0951086","BASELINE_100","100","-0.001007284"
"2026-08-04 14:57:15.362 +07:00","399.7774546","BASELINE_100","100","-0.000997307"
"2026-08-04 14:57:16.061 +07:00","400.476388","BASELINE_100","100","-0.00098495"
"2026-08-04 14:57:16.761 +07:00","401.1755473","BASELINE_100","100","-0.000963467"
"2026-08-04 14:57:17.792 +07:00","402.2065489","BASELINE_100","100","-0.00096428"
"2026-08-04 14:57:18.476 +07:00","402.89117669999996","BASELINE_100","100","-0.000968675"
"2026-08-04 14:57:19.161 +07:00","403.57565159999996","BASELINE_100","100","-0.000978328"
"2026-08-04 14:57:19.860 +07:00","404.2751138","BASELINE_100","100","-0.000969366"
"2026-08-04 14:57:20.561 +07:00","404.9757371","BASELINE_100","100","-0.000988068"
"2026-08-04 14:57:21.242 +07:00","405.65681209999997","BASELINE_100","100","-0.000975817"
"2026-08-04 14:57:21.925 +07:00","406.3398163","BASELINE_100","100","-0.000977221"
"2026-08-04 14:57:22.623 +07:00","407.0381306","BASELINE_100","100","-0.000961948"
"2026-08-04 14:57:23.307 +07:00","407.72201259999997","BASELINE_100","100","-0.000980409"
"2026-08-04 14:57:23.989 +07:00","408.4042765","BASELINE_100","100","-0.00097073"
"2026-08-04 14:57:25.021 +07:00","409.4364786","BASELINE_100","100","-0.000978754"
"2026-08-04 14:57:25.708 +07:00","410.1232784","BASELINE_100","100","-0.000995159"
"2026-08-04 14:57:26.407 +07:00","410.8222035","BASELINE_100","100","-0.000976736"
"2026-08-04 14:57:27.103 +07:00","411.51757","BASELINE_100","100","-0.000954619"
"2026-08-04 14:57:27.790 +07:00","412.2050006","BASELINE_100","100","-0.000963009"
"2026-08-04 14:57:28.473 +07:00","412.8881336","BASELINE_100","100","-0.000944906"
"2026-08-04 14:57:29.172 +07:00","413.5875279","BASELINE_100","100","-0.000966933"
"2026-08-04 14:57:29.871 +07:00","414.28650769999996","BASELINE_100","100","-0.000953631"
"2026-08-04 14:57:30.552 +07:00","414.96683409999997","BASELINE_100","100","-0.000966664"
"2026-08-04 14:57:31.237 +07:00","415.65210709999997","BASELINE_100","100","-0.000980736"
"2026-08-04 14:57:32.268 +07:00","416.6827409","BASELINE_100","100","-0.000966647"
"2026-08-04 14:57:32.971 +07:00","417.386463","BASELINE_100","100","-0.000971943"
"2026-08-04 14:57:33.668 +07:00","418.083237","BASELINE_100","100","-0.000969998"
"2026-08-04 14:57:34.355 +07:00","418.77009169999997","BASELINE_100","100","-0.000980806"
"2026-08-04 14:57:35.052 +07:00","419.46701079999997","BASELINE_100","100","-0.001014615"
"2026-08-04 14:57:35.751 +07:00","420.1657929","BASELINE_100","100","-0.00099938"
"2026-08-04 14:57:36.453 +07:00","420.8678953","BASELINE_100","100","-0.00100365"
"2026-08-04 14:57:37.152 +07:00","421.5669711","BASELINE_100","100","-0.000999473"
"2026-08-04 14:57:37.835 +07:00","422.25053499999996","BASELINE_100","100","-0.000975078"
"2026-08-04 14:57:38.530 +07:00","422.9453383","BASELINE_100","100","-0.000965362"
"2026-08-04 14:57:39.562 +07:00","423.97733289999996","BASELINE_100","100","-0.000984051"
"2026-08-04 14:57:40.265 +07:00","424.68010319999996","BASELINE_100","100","-0.000986696"
"2026-08-04 14:57:40.968 +07:00","425.38264019999997","BASELINE_100","100","-0.001039625"
"2026-08-04 14:57:41.648 +07:00","426.0633574","BASELINE_100","100","-0.001046625"
"2026-08-04 14:57:42.338 +07:00","426.7525915","BASELINE_100","100","-0.001063239"
"2026-08-04 14:57:43.030 +07:00","427.4454287","BASELINE_100","100","-0.001065284"
"2026-08-04 14:57:43.715 +07:00","428.1305427","BASELINE_100","100","-0.001053271"
"2026-08-04 14:57:44.399 +07:00","428.81354769999996","BASELINE_100","100","-0.001058219"
"2026-08-04 14:57:45.081 +07:00","429.4962203","BASELINE_100","100","-0.001070166"
"2026-08-04 14:57:45.781 +07:00","430.1961866","BASELINE_100","100","-0.001098713"
"2026-08-04 14:57:46.814 +07:00","431.2292301","BASELINE_100","100","-0.001046303"
"2026-08-04 14:57:47.531 +07:00","431.9457677","BASELINE_100","100","-0.000977716"
"2026-08-04 14:57:48.229 +07:00","432.643576","BASELINE_100","100","-0.000944472"
"2026-08-04 14:57:48.914 +07:00","433.32911809999996","BASELINE_100","100","-0.000948445"
"2026-08-04 14:57:49.612 +07:00","434.0275231","BASELINE_100","100","-0.000947786"
"2026-08-04 14:57:50.312 +07:00","434.72710159999997","BASELINE_100","100","-0.000948108"
"2026-08-04 14:57:50.995 +07:00","435.40969839999997","BASELINE_100","100","-0.000936345"
"2026-08-04 14:57:51.677 +07:00","436.0925024","BASELINE_100","100","-0.000933158"
"2026-08-04 14:57:52.377 +07:00","436.7917202","BASELINE_100","100","-0.000912321"
"2026-08-04 14:57:53.078 +07:00","437.49286029999996","BASELINE_100","100","-0.000909186"
"2026-08-04 14:57:54.110 +07:00","438.52525319999995","BASELINE_100","100","-0.000911417"
"2026-08-04 14:57:54.810 +07:00","439.2248012","BASELINE_100","100","-0.000922459"
"2026-08-04 14:57:55.493 +07:00","439.90815569999995","BASELINE_100","100","-0.000894887"
"2026-08-04 14:57:56.193 +07:00","440.60814189999996","BASELINE_100","100","-0.000888588"
"2026-08-04 14:57:56.892 +07:00","441.30682049999996","BASELINE_100","100","-0.000863258"
"2026-08-04 14:57:57.590 +07:00","442.0050314","BASELINE_100","100","-0.000882245"
"2026-08-04 14:57:58.274 +07:00","442.6891207","BASELINE_100","100","-0.00088799"
"2026-08-04 14:57:58.955 +07:00","443.37018359999996","BASELINE_100","100","-0.000915802"
"2026-08-04 14:57:59.658 +07:00","444.07303959999996","BASELINE_100","100","-0.000922536"
"2026-08-04 14:58:00.355 +07:00","444.7697515","BASELINE_100","100","-0.000900349"
"2026-08-04 14:58:01.387 +07:00","445.8022214","BASELINE_100","100","-0.000910917"
"2026-08-04 14:58:02.070 +07:00","446.48480309999997","BASELINE_100","100","-0.000925588"
"2026-08-04 14:58:02.753 +07:00","447.1675671","BASELINE_100","100","-0.000953641"
"2026-08-04 14:58:03.456 +07:00","447.8710185","BASELINE_100","100","-0.000964313"
"2026-08-04 14:58:04.151 +07:00","448.56654349999997","BASELINE_100","100","-0.000969342"
"2026-08-04 14:58:04.840 +07:00","449.25496669999995","BASELINE_100","100","-0.000958451"
"2026-08-04 14:58:05.536 +07:00","449.95142899999996","BASELINE_100","100","-0.000933978"
"2026-08-04 14:58:06.235 +07:00","450.64958459999997","BASELINE_100","100","-0.000952398"
"2026-08-04 14:58:06.914 +07:00","451.3285573","BASELINE_100","100","-0.000982606"
"2026-08-04 14:58:07.600 +07:00","452.01493669999996","BASELINE_100","100","-0.000995176"
"2026-08-04 14:58:08.636 +07:00","453.05078119999996","BASELINE_100","100","-0.001001985"
"2026-08-04 14:58:09.319 +07:00","453.7344482","BASELINE_100","100","-0.000998448"
"2026-08-04 14:58:10.002 +07:00","454.4173641","BASELINE_100","100","-0.001028869"
"2026-08-04 14:58:10.702 +07:00","455.1172162","BASELINE_100","100","-0.001042667"
"2026-08-04 14:58:11.401 +07:00","455.8162473","BASELINE_100","100","-0.001035663"
"2026-08-04 14:58:12.086 +07:00","456.500933","BASELINE_100","100","-0.001045695"
"2026-08-04 14:58:12.784 +07:00","457.1988493","BASELINE_100","100","-0.001041663"
"2026-08-04 14:58:13.484 +07:00","457.89869009999995","BASELINE_100","100","-0.001029791"
"2026-08-04 14:58:14.184 +07:00","458.5988726","BASELINE_100","100","-0.001043553"
"2026-08-04 14:58:14.866 +07:00","459.2812035","BASELINE_100","100","-0.001042757"
"2026-08-04 14:58:15.899 +07:00","460.313989","BASELINE_100","100","-0.001009796"
"2026-08-04 14:58:16.583 +07:00","460.9982684","BASELINE_100","100","-0.000996621"
"2026-08-04 14:58:17.281 +07:00","461.69610739999996","BASELINE_100","100","-0.000963248"
"2026-08-04 14:58:17.984 +07:00","462.39862539999996","BASELINE_100","100","-0.00097529"
"2026-08-04 14:58:18.681 +07:00","463.09614159999995","BASELINE_100","100","-0.000971269"
"2026-08-04 14:58:19.363 +07:00","463.7779735","BASELINE_100","100","-0.000967466"
"2026-08-04 14:58:20.063 +07:00","464.47769949999997","BASELINE_100","100","-0.000972135"
"2026-08-04 14:58:20.764 +07:00","465.1788683","BASELINE_100","100","-0.000951009"
"2026-08-04 14:58:21.463 +07:00","465.8784272","BASELINE_100","100","-0.000920684"
"2026-08-04 14:58:22.146 +07:00","466.56077799999997","BASELINE_100","100","-0.000930825"
"2026-08-04 14:58:23.178 +07:00","467.59264049999996","BASELINE_100","100","-0.000952636"
"2026-08-04 14:58:23.862 +07:00","468.2767861","BASELINE_100","100","-0.000973024"
"2026-08-04 14:58:24.561 +07:00","468.9759646","BASELINE_100","100","-0.000991578"
"2026-08-04 14:58:25.244 +07:00","469.65892779999996","BASELINE_100","100","-0.000967993"
"2026-08-04 14:58:25.929 +07:00","470.34391539999996","BASELINE_100","100","-0.000953954"
"2026-08-04 14:58:26.628 +07:00","471.04290169999996","BASELINE_100","100","-0.000944743"
"2026-08-04 14:58:27.326 +07:00","471.74098239999995","BASELINE_100","100","-0.000949084"
"2026-08-04 14:58:28.010 +07:00","472.4248366","BASELINE_100","100","-0.000978763"
"2026-08-04 14:58:28.694 +07:00","473.109137","BASELINE_100","100","-0.000999201"
"2026-08-04 14:58:29.392 +07:00","473.80706019999997","BASELINE_100","100","-0.001001999"
"2026-08-04 14:58:30.424 +07:00","474.83918009999996","BASELINE_100","100","-0.000971672"
"2026-08-04 14:58:31.124 +07:00","475.539496","BASELINE_100","100","-0.000943731"
"2026-08-04 14:58:31.824 +07:00","476.2391138","BASELINE_100","100","-0.000941175"
"2026-08-04 14:58:32.506 +07:00","476.920625","BASELINE_100","100","-0.000951593"
"2026-08-04 14:58:33.190 +07:00","477.6050132","BASELINE_100","100","-0.000929589"
"2026-08-04 14:58:33.891 +07:00","478.30578099999997","BASELINE_100","100","-0.000930002"
"2026-08-04 14:58:34.574 +07:00","478.9886474","BASELINE_100","100","-0.000936906"
"2026-08-04 14:58:35.257 +07:00","479.6721293","BASELINE_100","100","-0.000935147"
"2026-08-04 14:58:35.956 +07:00","480.3706937","BASELINE_100","100","-0.00093174"
"2026-08-04 14:58:36.655 +07:00","481.07000189999997","BASELINE_100","100","-0.000930844"
"2026-08-04 14:58:37.687 +07:00","482.1017619","BASELINE_100","100","-0.000935158"
"2026-08-04 14:58:38.371 +07:00","482.785649","BASELINE_100","100","-0.00097272"
"2026-08-04 14:58:39.056 +07:00","483.4708391","BASELINE_100","100","-0.00096653"
"2026-08-04 14:58:39.738 +07:00","484.1527542","BASELINE_100","100","-0.000976102"
"2026-08-04 14:58:40.436 +07:00","484.8511794","BASELINE_100","100","-0.00096824"
"2026-08-04 14:58:41.120 +07:00","485.53527449999996","BASELINE_100","100","-0.000951687"
"2026-08-04 14:58:41.808 +07:00","486.2228541","BASELINE_100","100","-0.000951793"
"2026-08-04 14:58:42.503 +07:00","486.91796469999997","BASELINE_100","100","-0.000960408"
"2026-08-04 14:58:43.201 +07:00","487.61629769999996","BASELINE_100","100","-0.000973401"
"2026-08-04 14:58:43.904 +07:00","488.3185635","BASELINE_100","100","-0.000975633"
"2026-08-04 14:58:44.935 +07:00","489.3497056","BASELINE_100","100","-0.000969988"
"2026-08-04 14:58:45.616 +07:00","490.0312993","BASELINE_100","100","-0.00097471"
"2026-08-04 14:58:46.304 +07:00","490.7185594","BASELINE_100","100","-0.000981953"
"2026-08-04 14:58:47.001 +07:00","491.4155558","BASELINE_100","100","-0.001015069"
"2026-08-04 14:58:47.700 +07:00","492.11542699999995","BASELINE_100","100","-0.001032568"
"2026-08-04 14:58:48.383 +07:00","492.79834059999996","BASELINE_100","100","-0.001005728"
"2026-08-04 14:58:49.066 +07:00","493.48092729999996","BASELINE_100","100","-0.000996291"
"2026-08-04 14:58:49.766 +07:00","494.1806949","BASELINE_100","100","-0.000953748"
"2026-08-04 14:58:50.465 +07:00","494.879829","BASELINE_100","100","-0.000977426"
"2026-08-04 14:58:51.148 +07:00","495.56260629999997","BASELINE_100","100","-0.000983872"
"2026-08-04 14:58:52.181 +07:00","496.59594849999996","BASELINE_100","100","-0.00097284"
"2026-08-04 14:58:52.863 +07:00","497.2782825","BASELINE_100","100","-0.000979051"
"2026-08-04 14:58:53.564 +07:00","497.97924179999995","BASELINE_100","100","-0.000944455"
"2026-08-04 14:58:54.264 +07:00","498.67872","BASELINE_100","100","-0.001018701"
"2026-08-04 14:58:54.947 +07:00","499.36198709999996","BASELINE_100","100","-0.001042198"
"2026-08-04 14:58:55.630 +07:00","500.04477479999997","BASELINE_100","100","-0.001064761"
"2026-08-04 14:58:56.330 +07:00","500.7455351","BASELINE_100","100","-0.001108448"
"2026-08-04 14:58:57.029 +07:00","501.4441238","BASELINE_100","100","-0.001078256"
"2026-08-04 14:58:57.711 +07:00","502.12616629999997","BASELINE_100","100","-0.001033258"
"2026-08-04 14:58:58.396 +07:00","502.81072539999997","BASELINE_100","100","-0.00102828"
"2026-08-04 14:58:59.426 +07:00","503.8406505","BASELINE_100","100","-0.001004217"
"2026-08-04 14:59:00.128 +07:00","504.54339869999995","BASELINE_100","100","-0.001011699"
"2026-08-04 14:59:00.827 +07:00","505.241587","BASELINE_100","100","-0.000925622"
"2026-08-04 14:59:01.508 +07:00","505.922966","BASELINE_100","100","-0.000889032"
"2026-08-04 14:59:02.193 +07:00","506.60845969999997","BASELINE_100","100","-0.000875514"
"2026-08-04 14:59:02.892 +07:00","507.3071051","BASELINE_100","100","-0.000881907"
"2026-08-04 14:59:03.591 +07:00","508.0064167","BASELINE_100","100","-0.000915332"
"2026-08-04 14:59:04.275 +07:00","508.69043209999995","BASELINE_100","100","-0.000945678"
"2026-08-04 14:59:04.960 +07:00","509.3746746","BASELINE_100","100","-0.000969821"
"2026-08-04 14:59:05.658 +07:00","510.0730326","BASELINE_100","100","-0.00096933"
"2026-08-04 14:59:06.691 +07:00","511.10574249999996","BASELINE_100","100","-0.001023152"
"2026-08-04 14:59:07.391 +07:00","511.8059886","BASELINE_100","100","-0.001010897"
"2026-08-04 14:59:08.088 +07:00","512.50270449999994","BASELINE_100","100","-0.001019835"
"2026-08-04 14:59:08.774 +07:00","513.1887641","BASELINE_100","100","-0.001015289"
"2026-08-04 14:59:09.456 +07:00","513.871002","BASELINE_100","100","-0.001020152"
"2026-08-04 14:59:10.155 +07:00","514.5701515","BASELINE_100","100","-0.001003166"
"2026-08-04 14:59:10.839 +07:00","515.2543081","BASELINE_100","100","-0.000988966"
"2026-08-04 14:59:11.521 +07:00","515.9361531","BASELINE_100","100","-0.000980408"
"2026-08-04 14:59:12.205 +07:00","516.620201","BASELINE_100","100","-0.000976692"
"2026-08-04 14:59:12.905 +07:00","517.3196002","BASELINE_100","100","-0.000952487"
"2026-08-04 14:59:13.937 +07:00","518.3521572","BASELINE_100","100","-0.000956331"
"2026-08-04 14:59:14.620 +07:00","519.0350237","BASELINE_100","100","-0.000972074"
"2026-08-04 14:59:15.304 +07:00","519.71896429999993","BASELINE_100","100","-0.001050359"
"2026-08-04 14:59:16.001 +07:00","520.4162185","BASELINE_100","100","-0.00102721"
"2026-08-04 14:59:16.700 +07:00","521.11554519999993","BASELINE_100","100","-0.001022675"
"2026-08-04 14:59:17.385 +07:00","521.799726","BASELINE_100","100","-0.001040433"
"2026-08-04 14:59:18.068 +07:00","522.482986","BASELINE_100","100","-0.001014883"
"2026-08-04 14:59:18.768 +07:00","523.1832861","BASELINE_100","100","-0.001028331"
"2026-08-04 14:59:19.468 +07:00","523.8830049","BASELINE_100","100","-0.001034945"
"2026-08-04 14:59:20.167 +07:00","524.5818514","BASELINE_100","100","-0.001026209"
"2026-08-04 14:59:21.199 +07:00","525.6138609","BASELINE_100","100","-0.001037902"
"2026-08-04 14:59:21.883 +07:00","526.298305","BASELINE_100","100","-0.000995103"
"2026-08-04 14:59:22.567 +07:00","526.9819178","BASELINE_100","100","-0.000974593"
"2026-08-04 14:59:23.266 +07:00","527.68136889999994","BASELINE_100","100","-0.000994236"
"2026-08-04 14:59:23.947 +07:00","528.36201699999992","BASELINE_100","100","-0.001003342"
"2026-08-04 14:59:24.632 +07:00","529.04726429999994","BASELINE_100","100","-0.001017096"
"2026-08-04 14:59:25.317 +07:00","529.7319206","BASELINE_100","100","-0.001007315"
"2026-08-04 14:59:26.015 +07:00","530.4303559","BASELINE_100","100","-0.001007101"
"2026-08-04 14:59:26.696 +07:00","531.1109046","BASELINE_100","100","-0.001020784"
"2026-08-04 14:59:27.380 +07:00","531.7953653","BASELINE_100","100","-0.000998535"
"2026-08-04 14:59:28.411 +07:00","532.82575509999992","BASELINE_100","100","-0.000963258"
"2026-08-04 14:59:29.098 +07:00","533.5126573","BASELINE_100","100","-0.000995041"
"2026-08-04 14:59:29.797 +07:00","534.2118845","BASELINE_100","100","-0.000985509"
"2026-08-04 14:59:30.496 +07:00","534.91101429999992","BASELINE_100","100","-0.000981696"
"2026-08-04 14:59:31.179 +07:00","535.5941674","BASELINE_100","100","-0.00101341"
"2026-08-04 14:59:31.878 +07:00","536.29270539999993","BASELINE_100","100","-0.001015181"
"2026-08-04 14:59:32.579 +07:00","536.9941944","BASELINE_100","100","-0.001102075"
"2026-08-04 14:59:33.277 +07:00","537.6920438","BASELINE_100","100","-0.001068143"
"2026-08-04 14:59:33.962 +07:00","538.3765899","BASELINE_100","100","-0.001082151"
"2026-08-04 14:59:34.645 +07:00","539.0601464","BASELINE_100","100","-0.001080023"
"2026-08-04 14:59:35.677 +07:00","540.09223769999994","BASELINE_100","100","-0.001068676"
"2026-08-04 14:59:36.368 +07:00","540.78262399999994","BASELINE_100","100","-0.001041329"
"2026-08-04 14:59:37.057 +07:00","541.471772","BASELINE_100","100","-0.001041686"
"2026-08-04 14:59:37.747 +07:00","542.16171409999993","BASELINE_100","100","-0.00101902"
"2026-08-04 14:59:38.438 +07:00","542.8528994","BASELINE_100","100","-0.001013726"
"2026-08-04 14:59:39.123 +07:00","543.5378943","BASELINE_100","100","-0.000936902"
"2026-08-04 14:59:39.813 +07:00","544.22790709999992","BASELINE_100","100","-0.000939747"
"2026-08-04 14:59:40.495 +07:00","544.9103205","BASELINE_100","100","-0.000957616"
"2026-08-04 14:59:41.173 +07:00","545.5884988","BASELINE_100","100","-0.000960841"
"2026-08-04 14:59:41.861 +07:00","546.276405","BASELINE_100","100","-0.000962522"
"2026-08-04 14:59:42.908 +07:00","547.3230027","BASELINE_100","100","-0.000942488"
"2026-08-04 14:59:43.607 +07:00","548.0215592","BASELINE_100","100","-0.000948181"
"2026-08-04 14:59:44.287 +07:00","548.70241409999994","BASELINE_100","100","-0.000942334"
"2026-08-04 14:59:44.974 +07:00","549.3885599","BASELINE_100","100","-0.000936313"
"2026-08-04 14:59:45.671 +07:00","550.0865435","BASELINE_100","100","-0.000944437"
"2026-08-04 14:59:46.373 +07:00","550.78803929999992","BASELINE_100","100","-0.000968857"
"2026-08-04 14:59:47.069 +07:00","551.4845315","BASELINE_100","100","-0.000979317"
"2026-08-04 14:59:47.755 +07:00","552.1700013","BASELINE_100","100","-0.000962624"
"2026-08-04 14:59:48.454 +07:00","552.8690011","BASELINE_100","100","-0.000957688"
"2026-08-04 14:59:49.153 +07:00","553.5680833","BASELINE_100","100","-0.000979152"
"2026-08-04 14:59:50.185 +07:00","554.600053","BASELINE_100","100","-0.000946661"
"2026-08-04 14:59:50.871 +07:00","555.285801","BASELINE_100","100","-0.000958517"
"2026-08-04 14:59:51.552 +07:00","555.9666565","BASELINE_100","100","-0.000941301"
"2026-08-04 14:59:52.252 +07:00","556.6672609","BASELINE_100","100","-0.000930601"
"2026-08-04 14:59:52.952 +07:00","557.36685879999993","BASELINE_100","100","-0.000935643"
"2026-08-04 14:59:53.634 +07:00","558.0494122","BASELINE_100","100","-0.000923118"
"2026-08-04 14:59:54.335 +07:00","558.75039659999993","BASELINE_100","100","-0.000945468"
"2026-08-04 14:59:55.034 +07:00","559.4486109","BASELINE_100","100","-0.000955268"
"2026-08-04 14:59:55.736 +07:00","560.1506127","BASELINE_100","100","-0.000925118"
"2026-08-04 14:59:56.434 +07:00","560.8487951","BASELINE_100","100","-0.000961103"
"2026-08-04 14:59:57.466 +07:00","561.8807183","BASELINE_100","100","-0.000974456"
"2026-08-04 14:59:58.149 +07:00","562.5643496","BASELINE_100","100","-0.000988591"
"2026-08-04 14:59:58.847 +07:00","563.26189549999992","BASELINE_100","100","-0.000978691"
"2026-08-04 14:59:59.546 +07:00","563.9613463","BASELINE_100","100","-0.000947697"
"2026-08-04 15:00:00.249 +07:00","564.6636476","BASELINE_100","100","-0.000945553"
"2026-08-04 15:00:00.931 +07:00","565.3463765","BASELINE_100","100","-0.000932622"
"2026-08-04 15:00:01.612 +07:00","566.0269432","BASELINE_100","100","-0.000935829"
"2026-08-04 15:00:02.314 +07:00","566.72925739999994","BASELINE_100","100","-0.000963254"
"2026-08-04 15:00:03.014 +07:00","567.42902359999994","BASELINE_100","100","-0.000937794"
"2026-08-04 15:00:03.697 +07:00","568.1124858","BASELINE_100","100","-0.000937149"
"2026-08-04 15:00:04.728 +07:00","569.1434871","BASELINE_100","100","-0.000967432"
"2026-08-04 15:00:05.414 +07:00","569.82916019999993","BASELINE_100","100","-0.000978661"
"2026-08-04 15:00:06.112 +07:00","570.52708569999993","BASELINE_100","100","-0.000998709"
"2026-08-04 15:00:06.811 +07:00","571.2261298","BASELINE_100","100","-0.001004189"
"2026-08-04 15:00:07.497 +07:00","571.9116852","BASELINE_100","100","-0.001010479"
"2026-08-04 15:00:08.178 +07:00","572.5929868","BASELINE_100","100","-0.000992066"
"2026-08-04 15:00:08.878 +07:00","573.29354519999993","BASELINE_100","100","-0.000990443"
"2026-08-04 15:00:09.577 +07:00","573.9923177","BASELINE_100","100","-0.001008027"
"2026-08-04 15:00:10.257 +07:00","574.6717209","BASELINE_100","100","-0.001012754"
"2026-08-04 15:00:10.944 +07:00","575.35878889999992","BASELINE_100","100","-0.000986201"
"2026-08-04 15:00:11.980 +07:00","576.39483369999994","BASELINE_100","100","-0.000989957"
"2026-08-04 15:00:12.660 +07:00","577.0752724","BASELINE_100","100","-0.000987027"
"2026-08-04 15:00:13.358 +07:00","577.7729382","BASELINE_100","100","-0.000974559"
"2026-08-04 15:00:14.042 +07:00","578.4568223","BASELINE_100","100","-0.000984388"
"2026-08-04 15:00:14.724 +07:00","579.13908129999993","BASELINE_100","100","-0.001016748"
"2026-08-04 15:00:15.423 +07:00","579.83838919999994","BASELINE_100","100","-0.001034647"
"2026-08-04 15:00:16.124 +07:00","580.5389849","BASELINE_100","100","-0.001019051"
"2026-08-04 15:00:16.822 +07:00","581.2370658","BASELINE_100","100","-0.001011063"
"2026-08-04 15:00:17.506 +07:00","581.92137","BASELINE_100","100","-0.001004326"
"2026-08-04 15:00:18.205 +07:00","582.6204802","BASELINE_100","100","-0.001011178"
"2026-08-04 15:00:19.237 +07:00","583.6520392","BASELINE_100","100","-0.001001464"
"2026-08-04 15:00:19.937 +07:00","584.35223769999993","BASELINE_100","100","-0.00099176"
"2026-08-04 15:00:20.621 +07:00","585.03561519999994","BASELINE_100","100","-0.00096226"
"2026-08-04 15:00:21.304 +07:00","585.7186293","BASELINE_100","100","-0.000951538"
"2026-08-04 15:00:21.989 +07:00","586.4040971","BASELINE_100","100","-0.001014168"
"2026-08-04 15:00:22.686 +07:00","587.10112199999992","BASELINE_100","100","-0.001037209"
"2026-08-04 15:00:23.370 +07:00","587.7846294","BASELINE_100","100","-0.001010021"
"2026-08-04 15:00:24.053 +07:00","588.4680076","BASELINE_100","100","-0.001013656"
"2026-08-04 15:00:24.753 +07:00","589.1679942","BASELINE_100","100","-0.00101695"
"2026-08-04 15:00:25.451 +07:00","589.8665174","BASELINE_100","100","-0.001034239"
"2026-08-04 15:00:26.484 +07:00","590.8987767","BASELINE_100","100","-0.001032472"
"2026-08-04 15:00:27.185 +07:00","591.5996126","BASELINE_100","100","-0.001043991"
"2026-08-04 15:00:27.869 +07:00","592.2839547","BASELINE_100","100","-0.001035101"
"2026-08-04 15:00:28.569 +07:00","592.98355199999992","BASELINE_100","100","-0.000960868"
"2026-08-04 15:00:29.267 +07:00","593.68236919999993","BASELINE_100","100","-0.000929644"
"2026-08-04 15:00:29.967 +07:00","594.3818162","BASELINE_100","100","-0.001023021"
"2026-08-04 15:00:30.667 +07:00","595.0818187","BASELINE_100","100","-0.001035196"
"2026-08-04 15:00:31.352 +07:00","595.7665495","BASELINE_100","100","-0.001040489"
"2026-08-04 15:00:32.033 +07:00","596.44798759999992","BASELINE_100","100","-0.001026531"
"2026-08-04 15:00:32.732 +07:00","597.1473108","BASELINE_100","100","-0.001052873"
"2026-08-04 15:00:33.764 +07:00","598.17904679999992","BASELINE_100","100","-0.001088431"
"2026-08-04 15:00:34.465 +07:00","598.8799577","BASELINE_100","100","-0.001102185"
"2026-08-04 15:00:35.147 +07:00","599.562297","BASELINE_100","100","-0.001108227"
"2026-08-04 15:00:35.831 +07:00","600.2464168","BASELINE_100","100","-0.001132646"
"2026-08-04 15:00:36.530 +07:00","600.9453821","BASELINE_100","100","-0.001059169"
"2026-08-04 15:00:37.214 +07:00","601.6287675","BASELINE_100","100","-0.001132732"
"2026-08-04 15:00:37.898 +07:00","602.31286149999994","BASELINE_100","100","-0.001133568"
"2026-08-04 15:00:38.595 +07:00","603.0098699","BASELINE_100","100","-0.001118787"
"2026-08-04 15:00:39.295 +07:00","603.7100144","BASELINE_100","100","-0.001101983"
"2026-08-04 15:00:39.971 +07:00","604.3865071","BASELINE_100","100","-0.00107045"
"2026-08-04 15:00:40.999 +07:00","605.4138494","BASELINE_100","100","-0.001044814"
"2026-08-04 15:00:41.697 +07:00","606.11190249999993","BASELINE_100","100","-0.001037938"
"2026-08-04 15:00:42.398 +07:00","606.8135161","BASELINE_100","100","-0.001047355"
"2026-08-04 15:00:43.086 +07:00","607.5005649","BASELINE_100","100","-0.001052124"
"2026-08-04 15:00:43.770 +07:00","608.1848023","BASELINE_100","100","-0.000985792"
"2026-08-04 15:00:44.447 +07:00","608.8620734","BASELINE_100","100","-0.000982788"
"2026-08-04 15:00:45.142 +07:00","609.5575403","BASELINE_100","100","-0.000987491"
"2026-08-04 15:00:45.841 +07:00","610.25610169999993","BASELINE_100","100","-0.000990476"
"2026-08-04 15:00:46.533 +07:00","610.94781449999994","BASELINE_100","100","-0.000995591"
"2026-08-04 15:00:47.227 +07:00","611.6415476","BASELINE_100","100","-0.00098071"
"2026-08-04 15:00:48.491 +07:00","612.9063999","BASELINE_100","100","-0.000999274"
"2026-08-04 15:00:49.187 +07:00","613.6020657","BASELINE_100","100","-0.001018583"
"2026-08-04 15:00:49.872 +07:00","614.28714589999993","BASELINE_100","100","-0.001019379"
"2026-08-04 15:00:50.557 +07:00","614.97219499999994","BASELINE_100","100","-0.000985872"
"2026-08-04 15:00:51.239 +07:00","615.6540693","BASELINE_100","100","-0.000969714"
"2026-08-04 15:00:51.942 +07:00","616.356638","BASELINE_100","100","-0.000981639"
"2026-08-04 15:00:52.634 +07:00","617.0493154","BASELINE_100","100","-0.000991603"
"2026-08-04 15:00:53.323 +07:00","617.7376386","BASELINE_100","100","-0.001008867"
"2026-08-04 15:00:54.022 +07:00","618.4369525","BASELINE_100","100","-0.001018825"
"2026-08-04 15:00:54.722 +07:00","619.1368999","BASELINE_100","100","-0.001016166"
"2026-08-04 15:00:55.754 +07:00","620.1686843","BASELINE_100","100","-0.001013011"
"2026-08-04 15:00:56.789 +07:00","621.2037247","TEST_95","95","-0.001000528"
"2026-08-04 15:00:57.484 +07:00","621.89940819999993","TEST_95","95","-0.001018408"
"2026-08-04 15:00:58.178 +07:00","622.59275889999992","TEST_95","95","-0.001010853"
"2026-08-04 15:00:58.877 +07:00","623.2921734","TEST_95","95","-0.001014863"
"2026-08-04 15:00:59.553 +07:00","623.9677346","TEST_95","95","-0.00100221"
"2026-08-04 15:01:00.242 +07:00","624.6573371","TEST_95","95","-0.001008082"
"2026-08-04 15:01:00.936 +07:00","625.35118479999994","TEST_95","95","-0.000992993"
"2026-08-04 15:01:01.634 +07:00","626.0486508","TEST_95","95","-0.000999216"
"2026-08-04 15:01:02.318 +07:00","626.733439","TEST_95","95","-0.000991649"
"2026-08-04 15:01:03.385 +07:00","627.7998509","TEST_95","95","-0.0010199"
"2026-08-04 15:01:04.067 +07:00","628.481811","TEST_95","95","-0.000985048"
"2026-08-04 15:01:04.767 +07:00","629.1817657","TEST_95","95","-0.000977349"
"2026-08-04 15:01:05.466 +07:00","629.88122309999994","TEST_95","95","-0.000968841"
"2026-08-04 15:01:06.149 +07:00","630.56365699999992","TEST_95","95","-0.00096399"
"2026-08-04 15:01:06.833 +07:00","631.2477928","TEST_95","95","-0.000962486"
"2026-08-04 15:01:07.531 +07:00","631.9456937","TEST_95","95","-0.000935052"
"2026-08-04 15:01:08.216 +07:00","632.6309051","TEST_95","95","-0.000924761"
"2026-08-04 15:01:08.899 +07:00","633.3137853","TEST_95","95","-0.000920779"
"2026-08-04 15:01:09.596 +07:00","634.0112636","TEST_95","95","-0.000910923"
"2026-08-04 15:01:10.661 +07:00","635.07638739999993","TEST_95","95","-0.000996803"
"2026-08-04 15:01:11.362 +07:00","635.7771419","TEST_95","95","-0.000991573"
"2026-08-04 15:01:12.062 +07:00","636.47691609999993","TEST_95","95","-0.000982922"
"2026-08-04 15:01:12.747 +07:00","637.16228389999992","TEST_95","95","-0.000987004"
"2026-08-04 15:01:13.445 +07:00","637.8598548","TEST_95","95","-0.0009701"
"2026-08-04 15:01:14.128 +07:00","638.5431678","TEST_95","95","-0.001017815"
"2026-08-04 15:01:14.840 +07:00","639.2546737","TEST_95","95","-0.000982031"
"2026-08-04 15:01:15.526 +07:00","639.9409448","TEST_95","95","-0.000972645"
"2026-08-04 15:01:16.208 +07:00","640.6234922","TEST_95","95","-0.001000613"
"2026-08-04 15:01:16.910 +07:00","641.3255131","TEST_95","95","-0.001013264"
"2026-08-04 15:01:17.975 +07:00","642.390545","TEST_95","95","-0.001007924"
"2026-08-04 15:01:18.661 +07:00","643.0759626","TEST_95","95","-0.001013018"
"2026-08-04 15:01:19.358 +07:00","643.7734442","TEST_95","95","-0.00101386"
"2026-08-04 15:01:20.042 +07:00","644.4571027","TEST_95","95","-0.00102138"
"2026-08-04 15:01:20.726 +07:00","645.140553","TEST_95","95","-0.001028041"
"2026-08-04 15:01:21.410 +07:00","645.8246415","TEST_95","95","-0.001067559"
"2026-08-04 15:01:22.107 +07:00","646.5222107","TEST_95","95","-0.001064638"
"2026-08-04 15:01:22.791 +07:00","647.206014","TEST_95","95","-0.001074692"
"2026-08-04 15:01:23.473 +07:00","647.8881617","TEST_95","95","-0.001073361"
"2026-08-04 15:01:24.174 +07:00","648.5892755","TEST_95","95","-0.001094791"
"2026-08-04 15:01:25.242 +07:00","649.6570541","TEST_95","95","-0.001084657"
"2026-08-04 15:01:25.942 +07:00","650.3565643","TEST_95","95","-0.001080934"
"2026-08-04 15:01:26.638 +07:00","651.0527684","TEST_95","95","-0.00108367"
"2026-08-04 15:01:27.322 +07:00","651.7373908","TEST_95","95","-0.001077294"
"2026-08-04 15:01:28.005 +07:00","652.419778","TEST_95","95","-0.001080239"
"2026-08-04 15:01:28.706 +07:00","653.1207779","TEST_95","95","-0.001115805"
"2026-08-04 15:01:29.405 +07:00","653.8198136","TEST_95","95","-0.001072414"
"2026-08-04 15:01:30.089 +07:00","654.5041295","TEST_95","95","-0.001042174"
"2026-08-04 15:01:30.771 +07:00","655.1858473","TEST_95","95","-0.001052791"
"2026-08-04 15:01:31.471 +07:00","655.8859652","TEST_95","95","-0.001087485"
"2026-08-04 15:01:32.542 +07:00","656.95748889999993","TEST_95","95","-0.000995983"
"2026-08-04 15:01:33.235 +07:00","657.65002759999993","TEST_95","95","-0.001025719"
"2026-08-04 15:01:33.920 +07:00","658.3351025","TEST_95","95","-0.000999757"
"2026-08-04 15:01:34.602 +07:00","659.0169002","TEST_95","95","-0.00098347"
"2026-08-04 15:01:35.285 +07:00","659.7000166","TEST_95","95","-0.000979586"
"2026-08-04 15:01:35.984 +07:00","660.3985774","TEST_95","95","-0.00099349"
"2026-08-04 15:01:36.669 +07:00","661.0842609","TEST_95","95","-0.001022532"
"2026-08-04 15:01:37.350 +07:00","661.7647215","TEST_95","95","-0.001023984"
"2026-08-04 15:01:38.051 +07:00","662.46569089999991","TEST_95","95","-0.001028375"
"2026-08-04 15:01:38.750 +07:00","663.1650678","TEST_95","95","-0.001000028"
"2026-08-04 15:01:39.817 +07:00","664.2320154","TEST_95","95","-0.000946248"
"2026-08-04 15:01:40.514 +07:00","664.92882339999994","TEST_95","95","-0.000944115"
"2026-08-04 15:01:41.197 +07:00","665.61247459999993","TEST_95","95","-0.000952958"
"2026-08-04 15:01:41.882 +07:00","666.29694829999994","TEST_95","95","-0.000943548"
"2026-08-04 15:01:42.582 +07:00","666.9967922","TEST_95","95","-0.000958874"
"2026-08-04 15:01:43.282 +07:00","667.6969874","TEST_95","95","-0.000941204"
"2026-08-04 15:01:43.980 +07:00","668.3952436","TEST_95","95","-0.000929405"
"2026-08-04 15:01:44.664 +07:00","669.0786706","TEST_95","95","-0.000909806"
"2026-08-04 15:01:45.348 +07:00","669.7626096","TEST_95","95","-0.000923962"
"2026-08-04 15:01:46.047 +07:00","670.4617073","TEST_95","95","-0.000953099"
"2026-08-04 15:01:47.111 +07:00","671.52618639999992","TEST_95","95","-0.00096144"
"2026-08-04 15:01:47.812 +07:00","672.22702889999994","TEST_95","95","-0.000984615"
"2026-08-04 15:01:48.495 +07:00","672.9104007","TEST_95","95","-0.000985158"
"2026-08-04 15:01:49.178 +07:00","673.5930548","TEST_95","95","-0.000989265"
"2026-08-04 15:01:49.878 +07:00","674.29331719999993","TEST_95","95","-0.000989152"
"2026-08-04 15:01:50.576 +07:00","674.991394","TEST_95","95","-0.001076555"
"2026-08-04 15:01:51.261 +07:00","675.6758618","TEST_95","95","-0.001066503"
"2026-08-04 15:01:51.943 +07:00","676.35842689999993","TEST_95","95","-0.001093297"
"2026-08-04 15:01:52.643 +07:00","677.05808889999992","TEST_95","95","-0.001109006"
"2026-08-04 15:01:53.343 +07:00","677.7580725","TEST_95","95","-0.001104078"
"2026-08-04 15:01:54.408 +07:00","678.8231141","TEST_95","95","-0.001067022"
"2026-08-04 15:01:55.111 +07:00","679.5257511","TEST_95","95","-0.001067214"
"2026-08-04 15:01:55.808 +07:00","680.2233734","TEST_95","95","-0.001057138"
"2026-08-04 15:01:56.491 +07:00","680.90594","TEST_95","95","-0.001042605"
"2026-08-04 15:01:57.190 +07:00","681.6046435","TEST_95","95","-0.000960057"
"2026-08-04 15:01:57.890 +07:00","682.3045893","TEST_95","95","-0.000968071"
"2026-08-04 15:01:58.591 +07:00","683.0056061","TEST_95","95","-0.000962753"
"2026-08-04 15:01:59.273 +07:00","683.68787579999992","TEST_95","95","-0.000937694"
"2026-08-04 15:01:59.956 +07:00","684.3712336","TEST_95","95","-0.000937966"
"2026-08-04 15:02:00.656 +07:00","685.0714648","TEST_95","95","-0.000968612"
"2026-08-04 15:02:01.721 +07:00","686.1356949","TEST_95","95","-0.000942739"
"2026-08-04 15:02:02.420 +07:00","686.83522829999993","TEST_95","95","-0.000949654"
"2026-08-04 15:02:03.106 +07:00","687.5206204","TEST_95","95","-0.000995013"
"2026-08-04 15:02:03.790 +07:00","688.2047417","TEST_95","95","-0.000983078"
"2026-08-04 15:02:04.472 +07:00","688.88715889999992","TEST_95","95","-0.000979753"
"2026-08-04 15:02:05.169 +07:00","689.5838605","TEST_95","95","-0.000968808"
"2026-08-04 15:02:05.853 +07:00","690.2684386","TEST_95","95","-0.001004179"
"2026-08-04 15:02:06.535 +07:00","690.9504026","TEST_95","95","-0.00099621"
"2026-08-04 15:02:07.235 +07:00","691.64981","TEST_95","95","-0.001000289"
"2026-08-04 15:02:07.936 +07:00","692.35143659999994","TEST_95","95","-0.001010227"
"2026-08-04 15:02:09.000 +07:00","693.4155326","TEST_95","95","-0.001024159"
"2026-08-04 15:02:09.701 +07:00","694.1158049","TEST_95","95","-0.000994961"
"2026-08-04 15:02:10.384 +07:00","694.7994298","TEST_95","95","-0.000995513"
"2026-08-04 15:02:11.066 +07:00","695.481513","TEST_95","95","-0.000996495"
"2026-08-04 15:02:11.766 +07:00","696.181053","TEST_95","95","-0.001020095"
"2026-08-04 15:02:12.466 +07:00","696.8815078","TEST_95","95","-0.00100655"
"2026-08-04 15:02:13.147 +07:00","697.5617017","TEST_95","95","-0.001009972"
"2026-08-04 15:02:13.849 +07:00","698.2644868","TEST_95","95","-0.000990288"
"2026-08-04 15:02:14.549 +07:00","698.9640501","TEST_95","95","-0.000991686"
"2026-08-04 15:02:15.248 +07:00","699.66345589999992","TEST_95","95","-0.000993794"
"2026-08-04 15:02:16.317 +07:00","700.7317326","TEST_95","95","-0.000955475"
"2026-08-04 15:02:17.014 +07:00","701.4292889","TEST_95","95","-0.000967967"
"2026-08-04 15:02:17.697 +07:00","702.1116986","TEST_95","95","-0.000971656"
"2026-08-04 15:02:18.380 +07:00","702.794709","TEST_95","95","-0.000962941"
"2026-08-04 15:02:19.080 +07:00","703.4948882","TEST_95","95","-0.000929196"
"2026-08-04 15:02:19.781 +07:00","704.1962103","TEST_95","95","-0.000923794"
"2026-08-04 15:02:20.463 +07:00","704.8778052","TEST_95","95","-0.000918778"
"2026-08-04 15:02:21.145 +07:00","705.5598867","TEST_95","95","-0.000912589"
"2026-08-04 15:02:21.842 +07:00","706.2570948","TEST_95","95","-0.000922976"
"2026-08-04 15:02:22.528 +07:00","706.9433579","TEST_95","95","-0.001028679"
"2026-08-04 15:02:23.593 +07:00","708.0079128","TEST_95","95","-0.001013085"
"2026-08-04 15:02:24.294 +07:00","708.7091027","TEST_95","95","-0.001004414"
"2026-08-04 15:02:24.975 +07:00","709.3902924","TEST_95","95","-0.00097856"
"2026-08-04 15:02:25.660 +07:00","710.0749586","TEST_95","95","-0.00100827"
"2026-08-04 15:02:26.361 +07:00","710.7764882","TEST_95","95","-0.001000196"
"2026-08-04 15:02:27.061 +07:00","711.4762405","TEST_95","95","-0.000985085"
"2026-08-04 15:02:27.743 +07:00","712.1577956","TEST_95","95","-0.000984816"
"2026-08-04 15:02:28.425 +07:00","712.8399571","TEST_95","95","-0.000967064"
"2026-08-04 15:02:29.125 +07:00","713.53982469999994","TEST_95","95","-0.000882734"
"2026-08-04 15:02:29.808 +07:00","714.2230243","TEST_95","95","-0.000894172"
"2026-08-04 15:02:30.884 +07:00","715.29859349999992","TEST_95","95","-0.000909745"
"2026-08-04 15:02:31.574 +07:00","715.9888483","TEST_95","95","-0.000924499"
"2026-08-04 15:02:32.257 +07:00","716.6719805","TEST_95","95","-0.000902881"
"2026-08-04 15:02:32.940 +07:00","717.35499559999994","TEST_95","95","-0.000919641"
"2026-08-04 15:02:33.640 +07:00","718.05516679999994","TEST_95","95","-0.000957336"
"2026-08-04 15:02:34.321 +07:00","718.7359809","TEST_95","95","-0.000962739"
"2026-08-04 15:02:35.004 +07:00","719.4195393","TEST_95","95","-0.000975334"
"2026-08-04 15:02:35.707 +07:00","720.1215877","TEST_95","95","-0.000971264"
"2026-08-04 15:02:36.406 +07:00","720.82067599999993","TEST_95","95","-0.000996837"
"2026-08-04 15:02:37.105 +07:00","721.5197006","TEST_95","95","-0.000975083"
"2026-08-04 15:02:38.171 +07:00","722.5858049","TEST_95","95","-0.00100926"
"2026-08-04 15:02:38.854 +07:00","723.26946279999993","TEST_95","95","-0.001019575"
"2026-08-04 15:02:39.540 +07:00","723.9546558","TEST_95","95","-0.001013098"
"2026-08-04 15:02:40.237 +07:00","724.65251719999992","TEST_95","95","-0.000996688"
"2026-08-04 15:02:40.937 +07:00","725.3518795","TEST_95","95","-0.000996149"
"2026-08-04 15:02:41.618 +07:00","726.0332294","TEST_95","95","-0.000971357"
"2026-08-04 15:02:42.303 +07:00","726.7178319","TEST_95","95","-0.00099443"
"2026-08-04 15:02:43.001 +07:00","727.4157698","TEST_95","95","-0.000989029"
"2026-08-04 15:02:43.700 +07:00","728.1152455","TEST_95","95","-0.0010021"
"2026-08-04 15:02:44.384 +07:00","728.79940249999993","TEST_95","95","-0.000986294"
"2026-08-04 15:02:45.448 +07:00","729.8628963","TEST_95","95","-0.00093192"
"2026-08-04 15:02:46.133 +07:00","730.54822989999991","TEST_95","95","-0.000937288"
"2026-08-04 15:02:46.816 +07:00","731.2313236","TEST_95","95","-0.000925108"
"2026-08-04 15:02:47.497 +07:00","731.9122246","TEST_95","95","-0.000900768"
"2026-08-04 15:02:48.179 +07:00","732.5937111","TEST_95","95","-0.000917118"
"2026-08-04 15:02:48.864 +07:00","733.2793408","TEST_95","95","-0.000927618"
"2026-08-04 15:02:49.541 +07:00","733.9559075","TEST_95","95","-0.000915697"
"2026-08-04 15:02:50.243 +07:00","734.6582139","TEST_95","95","-0.000910269"
"2026-08-04 15:02:50.933 +07:00","735.3479354","TEST_95","95","-0.000918148"
"2026-08-04 15:02:51.614 +07:00","736.0289394","TEST_95","95","-0.000950743"
"2026-08-04 15:02:52.680 +07:00","737.0946688","TEST_95","95","-0.000959935"
"2026-08-04 15:02:53.379 +07:00","737.7939864","TEST_95","95","-0.000982476"
"2026-08-04 15:02:54.078 +07:00","738.4929559","TEST_95","95","-0.001017529"
"2026-08-04 15:02:54.781 +07:00","739.1960865","TEST_95","95","-0.001027521"
"2026-08-04 15:02:55.463 +07:00","739.8782522","TEST_95","95","-0.000991016"
"2026-08-04 15:02:56.145 +07:00","740.5597375","TEST_95","95","-0.000994077"
"2026-08-04 15:02:56.845 +07:00","741.26045419999991","TEST_95","95","-0.001014613"
"2026-08-04 15:02:57.545 +07:00","741.96030969999993","TEST_95","95","-0.001003441"
"2026-08-04 15:02:58.228 +07:00","742.6432821","TEST_95","95","-0.000991954"
"2026-08-04 15:02:58.911 +07:00","743.32652039999994","TEST_95","95","-0.000978122"
"2026-08-04 15:02:59.979 +07:00","744.3938541","TEST_95","95","-0.000968197"
"2026-08-04 15:03:00.676 +07:00","745.0913266","TEST_95","95","-0.000960732"
"2026-08-04 15:03:01.377 +07:00","745.7916501","TEST_95","95","-0.000944797"
"2026-08-04 15:03:02.076 +07:00","746.4913991","TEST_95","95","-0.000960809"
"2026-08-04 15:03:02.760 +07:00","747.17477","TEST_95","95","-0.000938068"
"2026-08-04 15:03:03.442 +07:00","747.85667159999991","TEST_95","95","-0.000935613"
"2026-08-04 15:03:04.142 +07:00","748.5573786","TEST_95","95","-0.000944309"
"2026-08-04 15:03:04.841 +07:00","749.2563096","TEST_95","95","-0.000922223"
"2026-08-04 15:03:05.541 +07:00","749.9556198","TEST_95","95","-0.000924801"
"2026-08-04 15:03:06.223 +07:00","750.6378877","TEST_95","95","-0.0009311"
"2026-08-04 15:03:07.289 +07:00","751.7035887","TEST_95","95","-0.000925959"
"2026-08-04 15:03:07.973 +07:00","752.3884545","TEST_95","95","-0.000926958"
"2026-08-04 15:03:08.671 +07:00","753.0864783","TEST_95","95","-0.000905674"
"2026-08-04 15:03:09.372 +07:00","753.7873647","TEST_95","95","-0.000919272"
"2026-08-04 15:03:10.054 +07:00","754.468894","TEST_95","95","-0.000918046"
"2026-08-04 15:03:10.739 +07:00","755.1537553","TEST_95","95","-0.00092455"
"2026-08-04 15:03:11.437 +07:00","755.8516184","TEST_95","95","-0.000965516"
"2026-08-04 15:03:12.126 +07:00","756.54141359999994","TEST_95","95","-0.000966592"
"2026-08-04 15:03:12.817 +07:00","757.232325","TEST_95","95","-0.000974683"
"2026-08-04 15:03:13.522 +07:00","757.9365861","TEST_95","95","-0.000962181"
"2026-08-04 15:03:14.595 +07:00","759.0101144","TEST_95","95","-0.000993868"
"2026-08-04 15:03:15.286 +07:00","759.7013257","TEST_95","95","-0.001011296"
"2026-08-04 15:03:15.985 +07:00","760.39971359999993","TEST_95","95","-0.001010603"
"2026-08-04 15:03:16.686 +07:00","761.10152199999993","TEST_95","95","-0.001005343"
"2026-08-04 15:03:17.385 +07:00","761.8001969","TEST_95","95","-0.001003733"
"2026-08-04 15:03:18.068 +07:00","762.4832639","TEST_95","95","-0.000982111"
"2026-08-04 15:03:18.768 +07:00","763.18279599999994","TEST_95","95","-0.000987151"
"2026-08-04 15:03:19.464 +07:00","763.8788797","TEST_95","95","-0.00098707"
"2026-08-04 15:03:20.151 +07:00","764.5661093","TEST_95","95","-0.000970653"
"2026-08-04 15:03:20.834 +07:00","765.24931229999993","TEST_95","95","-0.000971979"
"2026-08-04 15:03:21.902 +07:00","766.3169451","TEST_95","95","-0.000987935"
"2026-08-04 15:03:22.581 +07:00","766.9964112","TEST_95","95","-0.0009796"
"2026-08-04 15:03:23.283 +07:00","767.69781979999993","TEST_95","95","-0.000990716"
"2026-08-04 15:03:23.982 +07:00","768.39740199999994","TEST_95","95","-0.000987872"
"2026-08-04 15:03:24.682 +07:00","769.0966231","TEST_95","95","-0.00100141"
"2026-08-04 15:03:25.381 +07:00","769.7961825","TEST_95","95","-0.000974499"
"2026-08-04 15:03:26.083 +07:00","770.4979907","TEST_95","95","-0.000957627"
"2026-08-04 15:03:26.780 +07:00","771.19532789999994","TEST_95","95","-0.000989814"
"2026-08-04 15:03:27.480 +07:00","771.8946308","TEST_95","95","-0.000980691"
"2026-08-04 15:03:28.164 +07:00","772.5794691","TEST_95","95","-0.000951663"
"2026-08-04 15:03:29.211 +07:00","773.6261483","TEST_95","95","-0.000979653"
"2026-08-04 15:03:29.913 +07:00","774.32787839999992","TEST_95","95","-0.000967781"
"2026-08-04 15:03:30.612 +07:00","775.02678199999991","TEST_95","95","-0.00097826"
"2026-08-04 15:03:31.312 +07:00","775.726685","TEST_95","95","-0.000967289"
"2026-08-04 15:03:31.995 +07:00","776.4100738","TEST_95","95","-0.000996729"
"2026-08-04 15:03:32.678 +07:00","777.0925913","TEST_95","95","-0.001004684"
"2026-08-04 15:03:33.377 +07:00","777.7923257","TEST_95","95","-0.000975673"
"2026-08-04 15:03:34.078 +07:00","778.4931366","TEST_95","95","-0.00097017"
"2026-08-04 15:03:34.776 +07:00","779.19065389999992","TEST_95","95","-0.000975871"
"2026-08-04 15:03:35.459 +07:00","779.8742472","TEST_95","95","-0.000933384"
"2026-08-04 15:03:36.506 +07:00","780.92055369999991","TEST_95","95","-0.000935543"
"2026-08-04 15:03:37.193 +07:00","781.60835379999992","TEST_95","95","-0.000916725"
"2026-08-04 15:03:37.891 +07:00","782.30618329999993","TEST_95","95","-0.000895006"
"2026-08-04 15:03:38.590 +07:00","783.0047453","TEST_95","95","-0.000887363"
"2026-08-04 15:03:39.273 +07:00","783.6883462","TEST_95","95","-0.000892913"
"2026-08-04 15:03:39.956 +07:00","784.37133569999992","TEST_95","95","-0.000880617"
"2026-08-04 15:03:40.657 +07:00","785.0724011","TEST_95","95","-0.000877574"
"2026-08-04 15:03:41.358 +07:00","785.7728972","TEST_95","95","-0.000877859"
"2026-08-04 15:03:42.058 +07:00","786.4732187","TEST_95","95","-0.000884395"
"2026-08-04 15:03:42.756 +07:00","787.17139939999993","TEST_95","95","-0.000892056"
"2026-08-04 15:03:43.799 +07:00","788.21355339999991","TEST_95","95","-0.000931855"
"2026-08-04 15:03:44.488 +07:00","788.90338739999993","TEST_95","95","-0.000948704"
"2026-08-04 15:03:45.190 +07:00","789.60463729999992","TEST_95","95","-0.000949692"
"2026-08-04 15:03:45.888 +07:00","790.30348859999992","TEST_95","95","-0.000943402"
"2026-08-04 15:03:46.572 +07:00","790.9865592","TEST_95","95","-0.000953666"
"2026-08-04 15:03:47.255 +07:00","791.6704798","TEST_95","95","-0.000961013"
"2026-08-04 15:03:47.951 +07:00","792.36606239999992","TEST_95","95","-0.000974848"
"2026-08-04 15:03:48.637 +07:00","793.0520679","TEST_95","95","-0.000981271"
"2026-08-04 15:03:49.319 +07:00","793.73408269999993","TEST_95","95","-0.000983503"
"2026-08-04 15:03:50.020 +07:00","794.4353099","TEST_95","95","-0.000969254"
"2026-08-04 15:03:51.065 +07:00","795.4802887","TEST_95","95","-0.000968968"
"2026-08-04 15:03:51.767 +07:00","796.1822083","TEST_95","95","-0.000987601"
"2026-08-04 15:03:52.467 +07:00","796.88203349999992","TEST_95","95","-0.000990736"
"2026-08-04 15:03:53.151 +07:00","797.5659779","TEST_95","95","-0.001014866"
"2026-08-04 15:03:53.835 +07:00","798.2497154","TEST_95","95","-0.001024896"
"2026-08-04 15:03:54.535 +07:00","798.9498398","TEST_95","95","-0.001010715"
"2026-08-04 15:03:55.230 +07:00","799.6450265","TEST_95","95","-0.000995066"
"2026-08-04 15:03:55.916 +07:00","800.3313542","TEST_95","95","-0.001000245"
"2026-08-04 15:03:56.597 +07:00","801.0115936","TEST_95","95","-0.000986589"
"2026-08-04 15:03:57.298 +07:00","801.71350639999991","TEST_95","95","-0.000973383"
"2026-08-04 15:03:58.343 +07:00","802.75782989999993","TEST_95","95","-0.000959644"
"2026-08-04 15:03:59.030 +07:00","803.4453957","TEST_95","95","-0.000928857"
"2026-08-04 15:03:59.714 +07:00","804.1292605","TEST_95","95","-0.000893897"
"2026-08-04 15:04:00.414 +07:00","804.82890679999991","TEST_95","95","-0.000854024"
"2026-08-04 15:04:01.097 +07:00","805.5118431","TEST_95","95","-0.000858027"
"2026-08-04 15:04:01.796 +07:00","806.21142969999994","TEST_95","95","-0.000869218"
"2026-08-04 15:04:02.480 +07:00","806.8950595","TEST_95","95","-0.000879715"
"2026-08-04 15:04:03.162 +07:00","807.5769975","TEST_95","95","-0.000892925"
"2026-08-04 15:04:03.861 +07:00","808.2764476","TEST_95","95","-0.000909861"
"2026-08-04 15:04:04.562 +07:00","808.9774178","TEST_95","95","-0.000889016"
"2026-08-04 15:04:05.608 +07:00","810.0228227","TEST_95","95","-0.000949578"
"2026-08-04 15:04:06.296 +07:00","810.7108509","TEST_95","95","-0.000962217"
"2026-08-04 15:04:06.992 +07:00","811.4073535","TEST_95","95","-0.000997841"
"2026-08-04 15:04:07.676 +07:00","812.09112399999992","TEST_95","95","-0.001002704"
"2026-08-04 15:04:08.373 +07:00","812.78845649999994","TEST_95","95","-0.00101013"
"2026-08-04 15:04:09.058 +07:00","813.4732163","TEST_95","95","-0.000998987"
"2026-08-04 15:04:09.742 +07:00","814.1573672","TEST_95","95","-0.001016513"
"2026-08-04 15:04:10.425 +07:00","814.8399806","TEST_95","95","-0.00099482"
"2026-08-04 15:04:11.125 +07:00","815.5402394","TEST_95","95","-0.001003963"
"2026-08-04 15:04:11.825 +07:00","816.2400887","TEST_95","95","-0.001003481"
"2026-08-04 15:04:12.869 +07:00","817.2840536","TEST_95","95","-0.0009421"
"2026-08-04 15:04:13.558 +07:00","817.97338419999994","TEST_95","95","-0.000943196"
"2026-08-04 15:04:14.239 +07:00","818.6541725","TEST_95","95","-0.000952362"
"2026-08-04 15:04:14.939 +07:00","819.3538312","TEST_95","95","-0.000962736"
"2026-08-04 15:04:15.640 +07:00","820.0549507","TEST_95","95","-0.000944455"
"2026-08-04 15:04:16.326 +07:00","820.74056339999993","TEST_95","95","-0.000926586"
"2026-08-04 15:04:17.008 +07:00","821.42303399999992","TEST_95","95","-0.000910632"
"2026-08-04 15:04:17.706 +07:00","822.1208796","TEST_95","95","-0.00091484"
"2026-08-04 15:04:18.404 +07:00","822.8189712","TEST_95","95","-0.000905401"
"2026-08-04 15:04:19.088 +07:00","823.50285139999994","TEST_95","95","-0.00090335"
"2026-08-04 15:04:20.127 +07:00","824.54169129999991","TEST_95","95","-0.000938046"
"2026-08-04 15:04:20.801 +07:00","825.2164051","TEST_95","95","-0.000921787"
"2026-08-04 15:04:21.502 +07:00","825.9165734","TEST_95","95","-0.000905289"
"2026-08-04 15:04:22.186 +07:00","826.60151469999994","TEST_95","95","-0.000915709"
"2026-08-04 15:04:22.884 +07:00","827.2985506","TEST_95","95","-0.000933013"
"2026-08-04 15:04:23.573 +07:00","827.9882336","TEST_95","95","-0.000965949"
"2026-08-04 15:04:24.255 +07:00","828.6697062","TEST_95","95","-0.00098108"
"2026-08-04 15:04:24.945 +07:00","829.35968189999994","TEST_95","95","-0.000993338"
"2026-08-04 15:04:25.635 +07:00","830.05026119999991","TEST_95","95","-0.001006633"
"2026-08-04 15:04:26.322 +07:00","830.73703349999994","TEST_95","95","-0.000997548"
"2026-08-04 15:04:27.369 +07:00","831.78391679999993","TEST_95","95","-0.001016678"
"2026-08-04 15:04:28.065 +07:00","832.4804828","TEST_95","95","-0.001018449"
"2026-08-04 15:04:28.768 +07:00","833.18264719999991","TEST_95","95","-0.00102588"
"2026-08-04 15:04:29.466 +07:00","833.8814745","TEST_95","95","-0.001022691"
"2026-08-04 15:04:30.150 +07:00","834.5651717","TEST_95","95","-0.001042818"
"2026-08-04 15:04:30.834 +07:00","835.2486312","TEST_95","95","-0.001023136"
"2026-08-04 15:04:31.532 +07:00","835.94685329999993","TEST_95","95","-0.001047598"
"2026-08-04 15:04:32.233 +07:00","836.64760449999994","TEST_95","95","-0.001027193"
"2026-08-04 15:04:32.917 +07:00","837.3317417","TEST_95","95","-0.001051244"
"2026-08-04 15:04:33.599 +07:00","838.014008","TEST_95","95","-0.001039415"
"2026-08-04 15:04:34.643 +07:00","839.0576575","TEST_95","95","-0.001042152"
"2026-08-04 15:04:35.347 +07:00","839.7617497","TEST_95","95","-0.001050922"
"2026-08-04 15:04:36.046 +07:00","840.4605792","TEST_95","95","-0.001028683"
"2026-08-04 15:04:36.729 +07:00","841.14440749999994","TEST_95","95","-0.001006135"
"2026-08-04 15:04:37.411 +07:00","841.8262039","TEST_95","95","-0.001037552"
"2026-08-04 15:04:38.111 +07:00","842.5261286","TEST_95","95","-0.001037025"
"2026-08-04 15:04:38.811 +07:00","843.2264675","TEST_95","95","-0.001040637"
"2026-08-04 15:04:39.495 +07:00","843.9100221","TEST_95","95","-0.001035796"
"2026-08-04 15:04:40.178 +07:00","844.59297629999992","TEST_95","95","-0.00103069"
"2026-08-04 15:04:40.878 +07:00","845.292649","TEST_95","95","-0.001049413"
"2026-08-04 15:04:41.923 +07:00","846.3377944","TEST_95","95","-0.001011362"
"2026-08-04 15:04:42.609 +07:00","847.0244587","TEST_95","95","-0.001017345"
"2026-08-04 15:04:43.311 +07:00","847.7260291","TEST_95","95","-0.00101729"
"2026-08-04 15:04:43.992 +07:00","848.40750989999992","TEST_95","95","-0.000973923"
"2026-08-04 15:04:44.692 +07:00","849.10707089999994","TEST_95","95","-0.000951744"
"2026-08-04 15:04:45.390 +07:00","849.80487499999992","TEST_95","95","-0.000978841"
"2026-08-04 15:04:46.092 +07:00","850.50727729999994","TEST_95","95","-0.001051731"
"2026-08-04 15:04:46.775 +07:00","851.1897093","TEST_95","95","-0.001060711"
"2026-08-04 15:04:47.459 +07:00","851.8736974","TEST_95","95","-0.001037129"
"2026-08-04 15:04:48.157 +07:00","852.57221169999991","TEST_95","95","-0.001041503"
"2026-08-04 15:04:49.202 +07:00","853.6174946","TEST_95","95","-0.001048928"
"2026-08-04 15:04:49.890 +07:00","854.3050833","TEST_95","95","-0.001054258"
"2026-08-04 15:04:50.589 +07:00","855.0042436","TEST_95","95","-0.001061893"
"2026-08-04 15:04:51.273 +07:00","855.68827709999994","TEST_95","95","-0.00105891"
"2026-08-04 15:04:51.957 +07:00","856.371796","TEST_95","95","-0.001035828"
"2026-08-04 15:04:52.656 +07:00","857.07152609999991","TEST_95","95","-0.000950395"
"2026-08-04 15:04:53.355 +07:00","857.7696479","TEST_95","95","-0.000946577"
"2026-08-04 15:04:54.037 +07:00","858.4522568","TEST_95","95","-0.000965755"
"2026-08-04 15:04:54.738 +07:00","859.152964","TEST_95","95","-0.000969357"
"2026-08-04 15:04:55.439 +07:00","859.85416549999991","TEST_95","95","-0.000976239"
"2026-08-04 15:04:56.520 +07:00","860.93505999999991","TEST_95","95","-0.00095393"
"2026-08-04 15:04:57.218 +07:00","861.633148","TEST_95","95","-0.000965403"
"2026-08-04 15:04:57.904 +07:00","862.3190813","TEST_95","95","-0.000999016"
"2026-08-04 15:04:58.585 +07:00","862.99993009999992","TEST_95","95","-0.001009762"
"2026-08-04 15:04:59.284 +07:00","863.6988947","TEST_95","95","-0.001026415"
"2026-08-04 15:04:59.985 +07:00","864.39956039999993","TEST_95","95","-0.001111076"
"2026-08-04 15:05:00.668 +07:00","865.0832819","TEST_95","95","-0.001122279"
"2026-08-04 15:05:01.367 +07:00","865.78218169999991","TEST_95","95","-0.001124812"
"2026-08-04 15:05:02.066 +07:00","866.4812716","TEST_95","95","-0.001120966"
"2026-08-04 15:05:02.764 +07:00","867.17916489999993","TEST_95","95","-0.001132146"
"2026-08-04 15:05:03.808 +07:00","868.2234198","TEST_95","95","-0.001147735"
"2026-08-04 15:05:04.501 +07:00","868.9156587","TEST_95","95","-0.001126225"
"2026-08-04 15:05:05.198 +07:00","869.6131818","TEST_95","95","-0.001114206"
"2026-08-04 15:05:05.880 +07:00","870.2949026","TEST_95","95","-0.001086229"
"2026-08-04 15:05:06.582 +07:00","870.99709179999991","TEST_95","95","-0.000993533"
"2026-08-04 15:05:07.281 +07:00","871.6964015","TEST_95","95","-0.000981797"
"2026-08-04 15:05:07.964 +07:00","872.37915809999993","TEST_95","95","-0.001008677"
"2026-08-04 15:05:08.648 +07:00","873.0632433","TEST_95","95","-0.001007879"
"2026-08-04 15:05:09.347 +07:00","873.76246859999992","TEST_95","95","-0.001003411"
"2026-08-04 15:05:10.047 +07:00","874.46155519999991","TEST_95","95","-0.000970692"
"2026-08-04 15:05:11.089 +07:00","875.5045269","TEST_95","95","-0.000960121"
"2026-08-04 15:05:11.779 +07:00","876.19429389999993","TEST_95","95","-0.000950449"
"2026-08-04 15:05:12.463 +07:00","876.8775855","TEST_95","95","-0.000964505"
"2026-08-04 15:05:13.146 +07:00","877.56063299999994","TEST_95","95","-0.000962878"
"2026-08-04 15:05:13.845 +07:00","878.2597081","TEST_95","95","-0.0009447"
"2026-08-04 15:05:14.545 +07:00","878.96027399999991","TEST_95","95","-0.000935765"
"2026-08-04 15:05:15.227 +07:00","879.642165","TEST_95","95","-0.000930716"
"2026-08-04 15:05:15.926 +07:00","880.340911","TEST_95","95","-0.000932919"
"2026-08-04 15:05:16.626 +07:00","881.0407809","TEST_95","95","-0.00095717"
"2026-08-04 15:05:17.327 +07:00","881.74251629999992","TEST_95","95","-0.000959926"
"2026-08-04 15:05:18.374 +07:00","882.789408","TEST_95","95","-0.000971477"
"2026-08-04 15:05:19.060 +07:00","883.4747332","TEST_95","95","-0.000962912"
"2026-08-04 15:05:19.742 +07:00","884.1565769","TEST_95","95","-0.000978207"
"2026-08-04 15:05:20.441 +07:00","884.8561467","TEST_95","95","-0.000987188"
"2026-08-04 15:05:21.142 +07:00","885.5570087","TEST_95","95","-0.000969296"
"2026-08-04 15:05:21.841 +07:00","886.2565112","TEST_95","95","-0.001000062"
"2026-08-04 15:05:22.525 +07:00","886.9399033","TEST_95","95","-0.001000167"
"2026-08-04 15:05:23.224 +07:00","887.6387715","TEST_95","95","-0.001011308"
"2026-08-04 15:05:23.922 +07:00","888.3367817","TEST_95","95","-0.001009428"
"2026-08-04 15:05:24.622 +07:00","889.03696659999991","TEST_95","95","-0.000994408"
"2026-08-04 15:05:25.667 +07:00","890.08157729999994","TEST_95","95","-0.001021538"
"2026-08-04 15:05:26.355 +07:00","890.76969379999991","TEST_95","95","-0.00101777"
"2026-08-04 15:05:27.038 +07:00","891.45327609999993","TEST_95","95","-0.001013775"
"2026-08-04 15:05:27.737 +07:00","892.151758","TEST_95","95","-0.001023036"
"2026-08-04 15:05:28.437 +07:00","892.85173539999994","TEST_95","95","-0.000987334"
"2026-08-04 15:05:29.120 +07:00","893.5355446","TEST_95","95","-0.001004879"
"2026-08-04 15:05:29.801 +07:00","894.21605389999991","TEST_95","95","-0.001005262"
"2026-08-04 15:05:30.502 +07:00","894.91741229999991","TEST_95","95","-0.000982034"
"2026-08-04 15:05:31.201 +07:00","895.61585559999992","TEST_95","95","-0.001003814"
"2026-08-04 15:05:31.886 +07:00","896.30077529999994","TEST_95","95","-0.000986598"
"2026-08-04 15:05:32.931 +07:00","897.34620039999993","TEST_95","95","-0.000971747"
"2026-08-04 15:05:33.619 +07:00","898.0335624999999","TEST_95","95","-0.000982046"
"2026-08-04 15:05:34.317 +07:00","898.7319230999999","TEST_95","95","-0.000990791"
"2026-08-04 15:05:35.018 +07:00","899.4335024","TEST_95","95","-0.001028995"
"2026-08-04 15:05:35.717 +07:00","900.131953","TEST_95","95","-0.00100041"
"2026-08-04 15:05:36.401 +07:00","900.8155585","TEST_95","95","-0.000985162"
"2026-08-04 15:05:37.085 +07:00","901.49984369999993","TEST_95","95","-0.001005194"
"2026-08-04 15:05:37.799 +07:00","902.2144816","TEST_95","95","-0.001018803"
"2026-08-04 15:05:38.499 +07:00","902.9139384","TEST_95","95","-0.001036159"
"2026-08-04 15:05:39.199 +07:00","903.6137702","TEST_95","95","-0.001010997"
"2026-08-04 15:05:40.282 +07:00","904.6965497","TEST_95","95","-0.000996309"
"2026-08-04 15:05:40.966 +07:00","905.3815156","TEST_95","95","-0.001001833"
"2026-08-04 15:05:41.665 +07:00","906.0800716","TEST_95","95","-0.000987145"
"2026-08-04 15:05:42.364 +07:00","906.77870509999991","TEST_95","95","-0.000997054"
"2026-08-04 15:05:43.062 +07:00","907.4772062","TEST_95","95","-0.000994291"
"2026-08-04 15:05:43.746 +07:00","908.16127729999994","TEST_95","95","-0.000957645"
"2026-08-04 15:05:44.433 +07:00","908.8478074","TEST_95","95","-0.000951577"
"2026-08-04 15:05:45.113 +07:00","909.5281593","TEST_95","95","-0.000948884"
"2026-08-04 15:05:45.812 +07:00","910.2274142","TEST_95","95","-0.00096884"
"2026-08-04 15:05:46.511 +07:00","910.92554639999992","TEST_95","95","-0.000958425"
"2026-08-04 15:05:47.565 +07:00","911.97970309999994","TEST_95","95","-0.000959957"
"2026-08-04 15:05:48.262 +07:00","912.67671339999993","TEST_95","95","-0.000947307"
"2026-08-04 15:05:48.963 +07:00","913.37759369999992","TEST_95","95","-0.000951125"
"2026-08-04 15:05:49.661 +07:00","914.0760484","TEST_95","95","-0.000950417"
"2026-08-04 15:05:50.361 +07:00","914.77580219999993","TEST_95","95","-0.000986934"
"2026-08-04 15:05:51.060 +07:00","915.4749615","TEST_95","95","-0.000983741"
"2026-08-04 15:05:51.742 +07:00","916.1574574","TEST_95","95","-0.000967232"
"2026-08-04 15:05:52.425 +07:00","916.84016139999994","TEST_95","95","-0.000957276"
"2026-08-04 15:05:53.128 +07:00","917.5433227","TEST_95","95","-0.000935266"
"2026-08-04 15:05:53.825 +07:00","918.2400781","TEST_95","95","-0.000947594"
"2026-08-04 15:05:54.871 +07:00","919.286219","TEST_95","95","-0.000964454"
"2026-08-04 15:05:55.557 +07:00","919.9722666","TEST_95","95","-0.000961297"
"2026-08-04 15:05:56.242 +07:00","920.6571527","TEST_95","95","-0.00096145"
"2026-08-04 15:05:56.941 +07:00","921.3556397","TEST_95","95","-0.000963317"
"2026-08-04 15:05:57.639 +07:00","922.0543442","TEST_95","95","-0.000948204"
"2026-08-04 15:05:58.339 +07:00","922.7540296","TEST_95","95","-0.00095868"
"2026-08-04 15:05:59.023 +07:00","923.4380304","TEST_95","95","-0.000967469"
"2026-08-04 15:05:59.724 +07:00","924.1386765","TEST_95","95","-0.001010102"
"2026-08-04 15:06:00.422 +07:00","924.8367363","TEST_95","95","-0.001000255"
"2026-08-04 15:06:01.106 +07:00","925.52087869999991","TEST_95","95","-0.00097063"
"2026-08-04 15:06:02.153 +07:00","926.56818449999992","TEST_95","95","-0.000970907"
"2026-08-04 15:06:02.837 +07:00","927.2521038","TEST_95","95","-0.000982726"
"2026-08-04 15:06:03.521 +07:00","927.93609829999991","TEST_95","95","-0.000980702"
"2026-08-04 15:06:04.220 +07:00","928.6352217","TEST_95","95","-0.000984838"
"2026-08-04 15:06:04.919 +07:00","929.3343536","TEST_95","95","-0.000980335"
"2026-08-04 15:06:05.601 +07:00","930.01626609999994","TEST_95","95","-0.000983185"
"2026-08-04 15:06:06.302 +07:00","930.71684069999992","TEST_95","95","-0.000954529"
"2026-08-04 15:06:07.003 +07:00","931.41797179999992","TEST_95","95","-0.000985444"
"2026-08-04 15:06:07.701 +07:00","932.1164786999999","TEST_95","95","-0.000995483"
"2026-08-04 15:06:08.384 +07:00","932.7994279","TEST_95","95","-0.000974041"
"2026-08-04 15:06:09.430 +07:00","933.84528619999992","TEST_95","95","-0.000954476"
"2026-08-04 15:06:10.117 +07:00","934.5323113","TEST_95","95","-0.00096361"
"2026-08-04 15:06:10.815 +07:00","935.2304859","TEST_95","95","-0.000979464"
"2026-08-04 15:06:11.517 +07:00","935.93212239999991","TEST_95","95","-0.000982724"
"2026-08-04 15:06:12.199 +07:00","936.6143426","TEST_95","95","-0.000990807"
"2026-08-04 15:06:12.882 +07:00","937.29693609999993","TEST_95","95","-0.000991364"
"2026-08-04 15:06:13.580 +07:00","937.9949805","TEST_95","95","-0.000973254"
"2026-08-04 15:06:14.280 +07:00","938.6953827","TEST_95","95","-0.000942964"
"2026-08-04 15:06:14.965 +07:00","939.3801804","TEST_95","95","-0.000953094"
"2026-08-04 15:06:15.647 +07:00","940.0623723","TEST_95","95","-0.000992945"
"2026-08-04 15:06:16.693 +07:00","941.10769859999994","TEST_95","95","-0.000987548"
"2026-08-04 15:06:17.381 +07:00","941.79563639999992","TEST_95","95","-0.000960247"
"2026-08-04 15:06:18.078 +07:00","942.49276449999991","TEST_95","95","-0.000962098"
"2026-08-04 15:06:18.764 +07:00","943.1792449","TEST_95","95","-0.000952514"
"2026-08-04 15:06:19.446 +07:00","943.8607188","TEST_95","95","-0.000947379"
"2026-08-04 15:06:20.128 +07:00","944.54304919999993","TEST_95","95","-0.000947251"
"2026-08-04 15:06:20.829 +07:00","945.2445417","TEST_95","95","-0.000964219"
"2026-08-04 15:06:21.511 +07:00","945.9260118","TEST_95","95","-0.00096497"
"2026-08-04 15:06:22.196 +07:00","946.6112127","TEST_95","95","-0.000951349"
"2026-08-04 15:06:22.893 +07:00","947.30823219999991","TEST_95","95","-0.000936757"
"2026-08-04 15:06:23.939 +07:00","948.35453539999992","TEST_95","95","-0.000938972"
"2026-08-04 15:06:24.643 +07:00","949.05776529999991","TEST_95","95","-0.000926206"
"2026-08-04 15:06:25.343 +07:00","949.75828749999994","TEST_95","95","-0.00092152"
"2026-08-04 15:06:26.027 +07:00","950.44166869999992","TEST_95","95","-0.000960552"
"2026-08-04 15:06:26.708 +07:00","951.1227665","TEST_95","95","-0.000948684"
"2026-08-04 15:06:27.379 +07:00","951.79432479999991","TEST_95","95","-0.000948553"
"2026-08-04 15:06:28.072 +07:00","952.4870572","TEST_95","95","-0.000949989"
"2026-08-04 15:06:28.773 +07:00","953.1877938","TEST_95","95","-0.000961743"
"2026-08-04 15:06:29.455 +07:00","953.87045089999992","TEST_95","95","-0.000988533"
"2026-08-04 15:06:30.138 +07:00","954.5529158999999","TEST_95","95","-0.001002494"
"2026-08-04 15:06:31.187 +07:00","955.6015524","TEST_95","95","-0.00100597"
"2026-08-04 15:06:31.872 +07:00","956.28711879999992","TEST_95","95","-0.001021896"
"2026-08-04 15:06:32.554 +07:00","956.9695244","TEST_95","95","-0.001008106"
"2026-08-04 15:06:33.240 +07:00","957.65459649999991","TEST_95","95","-0.001035374"
"2026-08-04 15:06:33.938 +07:00","958.3534811","TEST_95","95","-0.001023125"
"2026-08-04 15:06:34.622 +07:00","959.0366297999999","TEST_95","95","-0.000999404"
"2026-08-04 15:06:35.305 +07:00","959.7195582999999","TEST_95","95","-0.001019254"
"2026-08-04 15:06:36.005 +07:00","960.41976749999992","TEST_95","95","-0.000981953"
"2026-08-04 15:06:36.704 +07:00","961.1190102999999","TEST_95","95","-0.000992133"
"2026-08-04 15:06:37.403 +07:00","961.8177151","TEST_95","95","-0.000991812"
"2026-08-04 15:06:38.448 +07:00","962.8627389","TEST_95","95","-0.000979036"
"2026-08-04 15:06:39.136 +07:00","963.5507818","TEST_95","95","-0.000975943"
"2026-08-04 15:06:39.820 +07:00","964.2351483","TEST_95","95","-0.00094416"
"2026-08-04 15:06:40.517 +07:00","964.93168229999992","TEST_95","95","-0.000965772"
"2026-08-04 15:06:41.201 +07:00","965.6159372","TEST_95","95","-0.000972135"
"2026-08-04 15:06:41.885 +07:00","966.3003086","TEST_95","95","-0.000957324"
"2026-08-04 15:06:42.569 +07:00","966.9843506","TEST_95","95","-0.000967895"
"2026-08-04 15:06:43.267 +07:00","967.6822608","TEST_95","95","-0.000948038"
"2026-08-04 15:06:43.966 +07:00","968.3813686","TEST_95","95","-0.00096354"
"2026-08-04 15:06:44.666 +07:00","969.08128719999991","TEST_95","95","-0.000962863"
"2026-08-04 15:06:45.714 +07:00","970.1287279","TEST_95","95","-0.000955212"
"2026-08-04 15:06:46.400 +07:00","970.8146355","TEST_95","95","-0.000988725"
"2026-08-04 15:06:47.097 +07:00","971.5120351999999","TEST_95","95","-0.000978355"
"2026-08-04 15:06:47.798 +07:00","972.2134464","TEST_95","95","-0.001004837"
"2026-08-04 15:06:48.497 +07:00","972.9121738","TEST_95","95","-0.001000393"
"2026-08-04 15:06:49.180 +07:00","973.59499269999992","TEST_95","95","-0.001032621"
"2026-08-04 15:06:49.880 +07:00","974.29543989999991","TEST_95","95","-0.001028703"
"2026-08-04 15:06:50.580 +07:00","974.99516829999993","TEST_95","95","-0.00102209"
"2026-08-04 15:06:51.278 +07:00","975.69342109999991","TEST_95","95","-0.001011965"
"2026-08-04 15:06:51.963 +07:00","976.37774029999991","TEST_95","95","-0.001017922"
"2026-08-04 15:06:53.009 +07:00","977.424325","TEST_95","95","-0.000996217"
"2026-08-04 15:06:53.697 +07:00","978.1115808","TEST_95","95","-0.001009788"
"2026-08-04 15:06:54.396 +07:00","978.81069529999991","TEST_95","95","-0.000992317"
"2026-08-04 15:06:55.094 +07:00","979.50921569999991","TEST_95","95","-0.00096989"
"2026-08-04 15:06:55.778 +07:00","980.1927714","TEST_95","95","-0.000958837"
"2026-08-04 15:06:56.463 +07:00","980.87796889999993","TEST_95","95","-0.00096378"
"2026-08-04 15:06:57.160 +07:00","981.5747666","TEST_95","95","-0.000961501"
"2026-08-04 15:06:57.859 +07:00","982.27433339999993","TEST_95","95","-0.000976132"
"2026-08-04 15:06:58.542 +07:00","982.9571589","TEST_95","95","-0.0009881"
"2026-08-04 15:06:59.226 +07:00","983.64126279999994","TEST_95","95","-0.000981578"
"2026-08-04 15:07:00.269 +07:00","984.68429929999991","TEST_95","95","-0.000979845"
"2026-08-04 15:07:00.958 +07:00","985.3727021","TEST_95","95","-0.000996433"
"2026-08-04 15:07:01.656 +07:00","986.0714598","TEST_95","95","-0.001015315"
"2026-08-04 15:07:02.339 +07:00","986.75443939999991","TEST_95","95","-0.001025703"
"2026-08-04 15:07:03.023 +07:00","987.43831589999991","TEST_95","95","-0.001056659"
"2026-08-04 15:07:03.724 +07:00","988.139521","TEST_95","95","-0.001051817"
"2026-08-04 15:07:04.425 +07:00","988.840104","TEST_95","95","-0.001038013"
"2026-08-04 15:07:05.122 +07:00","989.5374466","TEST_95","95","-0.001052702"
"2026-08-04 15:07:05.805 +07:00","990.2196647","TEST_95","95","-0.001045668"
"2026-08-04 15:07:06.490 +07:00","990.9046899","TEST_95","95","-0.001018791"
"2026-08-04 15:07:07.534 +07:00","991.94857659999991","TEST_95","95","-0.001005677"
"2026-08-04 15:07:08.237 +07:00","992.6521619","TEST_95","95","-0.000999348"
"2026-08-04 15:07:08.937 +07:00","993.35160609999991","TEST_95","95","-0.001009796"
"2026-08-04 15:07:09.620 +07:00","994.035081","TEST_95","95","-0.000995407"
"2026-08-04 15:07:10.303 +07:00","994.71842199999992","TEST_95","95","-0.000990789"
"2026-08-04 15:07:11.007 +07:00","995.42223819999992","TEST_95","95","-0.001015987"
"2026-08-04 15:07:11.703 +07:00","996.11756959999991","TEST_95","95","-0.001001049"
"2026-08-04 15:07:12.386 +07:00","996.8010870999999","TEST_95","95","-0.000981287"
"2026-08-04 15:07:13.069 +07:00","997.48394969999993","TEST_95","95","-0.000982162"
"2026-08-04 15:07:13.768 +07:00","998.1832205","TEST_95","95","-0.000979692"
"2026-08-04 15:07:14.852 +07:00","999.26692389999994","TEST_95","95","-0.001003942"
"2026-08-04 15:07:15.552 +07:00","999.9669054","TEST_95","95","-0.000947581"
"2026-08-04 15:07:16.251 +07:00","1000.6655595999999","TEST_95","95","-0.00094664"
"2026-08-04 15:07:16.934 +07:00","1001.3492884","TEST_95","95","-0.000945976"
"2026-08-04 15:07:17.617 +07:00","1002.0322547999999","TEST_95","95","-0.000933343"
"2026-08-04 15:07:18.302 +07:00","1002.7167658","TEST_95","95","-0.000931992"
"2026-08-04 15:07:19.000 +07:00","1003.4153494","TEST_95","95","-0.000951649"
"2026-08-04 15:07:19.701 +07:00","1004.1160312","TEST_95","95","-0.000961336"
"2026-08-04 15:07:20.383 +07:00","1004.7980147999999","TEST_95","95","-0.000986017"
"2026-08-04 15:07:21.081 +07:00","1005.4957678999999","TEST_95","95","-0.001025186"
"2026-08-04 15:07:22.125 +07:00","1006.5402727999999","TEST_95","95","-0.001027642"
"2026-08-04 15:07:22.815 +07:00","1007.2302381999999","TEST_95","95","-0.001023266"
"2026-08-04 15:07:23.515 +07:00","1007.9297475999999","TEST_95","95","-0.001027414"
"2026-08-04 15:07:24.196 +07:00","1008.61082","TEST_95","95","-0.001030044"
"2026-08-04 15:07:24.880 +07:00","1009.2954907","TEST_95","95","-0.001047855"
"2026-08-04 15:07:25.581 +07:00","1009.9963477","TEST_95","95","-0.001033402"
"2026-08-04 15:07:26.280 +07:00","1010.695479","TEST_95","95","-0.001006984"
"2026-08-04 15:07:26.962 +07:00","1011.3775084","TEST_95","95","-0.000987998"
"2026-08-04 15:07:27.651 +07:00","1012.0663996","TEST_95","95","-0.000952655"
"2026-08-04 15:07:28.345 +07:00","1012.7602360999999","TEST_95","95","-0.000976246"
"2026-08-04 15:07:29.479 +07:00","1013.8939554","TEST_95","95","-0.001018573"
"2026-08-04 15:07:30.162 +07:00","1014.576555","TEST_95","95","-0.001003414"
"2026-08-04 15:07:30.860 +07:00","1015.2755354","TEST_95","95","-0.000999879"
"2026-08-04 15:07:31.563 +07:00","1015.9783418","TEST_95","95","-0.000973686"
"2026-08-04 15:07:32.259 +07:00","1016.6736337","TEST_95","95","-0.001004807"
"2026-08-04 15:07:32.943 +07:00","1017.3584672","TEST_95","95","-0.001045964"
"2026-08-04 15:07:33.644 +07:00","1018.0588766","TEST_95","95","-0.001053382"
"2026-08-04 15:07:34.341 +07:00","1018.756357","TEST_95","95","-0.001048339"
"2026-08-04 15:07:35.025 +07:00","1019.4400952999999","TEST_95","95","-0.001042221"
"2026-08-04 15:07:35.708 +07:00","1020.123198","TEST_95","95","-0.001016423"
"2026-08-04 15:07:36.753 +07:00","1021.1685014","TEST_95","95","-0.001026846"
"2026-08-04 15:07:37.442 +07:00","1021.8568783","TEST_95","95","-0.001027354"
"2026-08-04 15:07:38.139 +07:00","1022.5543299","TEST_95","95","-0.001023111"
"2026-08-04 15:07:38.840 +07:00","1023.2555301","TEST_95","95","-0.001030504"
"2026-08-04 15:07:39.524 +07:00","1023.9387042","TEST_95","95","-0.001019682"
"2026-08-04 15:07:40.224 +07:00","1024.6389188","TEST_95","95","-0.000977302"
"2026-08-04 15:07:40.920 +07:00","1025.3352923","TEST_95","95","-0.00095621"
"2026-08-04 15:07:41.609 +07:00","1026.0240162999999","TEST_95","95","-0.00094685"
"2026-08-04 15:07:42.290 +07:00","1026.7049224","TEST_95","95","-0.000943925"
"2026-08-04 15:07:42.985 +07:00","1027.4003765999998","TEST_95","95","-0.000931146"
"2026-08-04 15:07:44.031 +07:00","1028.4464234","TEST_95","95","-0.000947734"
"2026-08-04 15:07:44.736 +07:00","1029.1515249","TEST_95","95","-0.000947978"
"2026-08-04 15:07:45.437 +07:00","1029.8521309999999","TEST_95","95","-0.000909422"
"2026-08-04 15:07:46.117 +07:00","1030.5315706","TEST_95","95","-0.00091902"
"2026-08-04 15:07:46.803 +07:00","1031.2183983999998","TEST_95","95","-0.000943833"
"2026-08-04 15:07:47.503 +07:00","1031.9177462999999","TEST_95","95","-0.000954592"
"2026-08-04 15:07:48.200 +07:00","1032.6150748999999","TEST_95","95","-0.000966806"
"2026-08-04 15:07:48.885 +07:00","1033.3002287","TEST_95","95","-0.000977266"
"2026-08-04 15:07:49.568 +07:00","1033.9825821","TEST_95","95","-0.001010381"
"2026-08-04 15:07:50.270 +07:00","1034.6849166","TEST_95","95","-0.001006086"
"2026-08-04 15:07:51.333 +07:00","1035.7480848999999","TEST_95","95","-0.001012996"
"2026-08-04 15:07:52.034 +07:00","1036.4489615999998","TEST_95","95","-0.001039839"
"2026-08-04 15:07:52.733 +07:00","1037.1477172","TEST_95","95","-0.001015918"
"2026-08-04 15:07:53.414 +07:00","1037.8292732999998","TEST_95","95","-0.001036152"
"2026-08-04 15:07:54.100 +07:00","1038.5146961","TEST_95","95","-0.001027783"
"2026-08-04 15:07:54.799 +07:00","1039.2135610999999","TEST_95","95","-0.001015505"
"2026-08-04 15:07:55.499 +07:00","1039.9140191","TEST_95","95","-0.001016046"
"2026-08-04 15:07:56.182 +07:00","1040.5968042","TEST_95","95","-0.000983161"
"2026-08-04 15:07:56.864 +07:00","1041.2794872","TEST_95","95","-0.000979314"
"2026-08-04 15:07:57.563 +07:00","1041.9783441","TEST_95","95","-0.001004487"
"2026-08-04 15:07:58.609 +07:00","1043.0244166999998","TEST_95","95","-0.00093704"
"2026-08-04 15:07:59.298 +07:00","1043.7127496","TEST_95","95","-0.000944615"
"2026-08-04 15:07:59.996 +07:00","1044.4109951","TEST_95","95","-0.000938592"
"2026-08-04 15:08:00.679 +07:00","1045.0943534","TEST_95","95","-0.000963781"
"2026-08-04 15:08:01.364 +07:00","1045.7789393","TEST_95","95","-0.000966346"
"2026-08-04 15:08:02.061 +07:00","1046.4756625","TEST_95","95","-0.000950176"
"2026-08-04 15:08:02.744 +07:00","1047.1591804","TEST_95","95","-0.000957076"
"2026-08-04 15:08:03.427 +07:00","1047.8423676","TEST_95","95","-0.001027677"
"2026-08-04 15:08:04.127 +07:00","1048.5415788999999","TEST_95","95","-0.00100089"
"2026-08-04 15:08:04.825 +07:00","1049.2404563999999","TEST_95","95","-0.001010272"
"2026-08-04 15:08:05.875 +07:00","1050.290283","TEST_95","95","-0.001026104"
"2026-08-04 15:08:06.560 +07:00","1050.9749553","TEST_95","95","-0.001006019"
"2026-08-04 15:08:07.242 +07:00","1051.6571748","TEST_95","95","-0.000988758"
"2026-08-04 15:08:07.940 +07:00","1052.3553938","TEST_95","95","-0.000997208"
"2026-08-04 15:08:08.642 +07:00","1053.0572226","TEST_95","95","-0.000993266"
"2026-08-04 15:08:09.342 +07:00","1053.7566015","TEST_95","95","-0.000998402"
"2026-08-04 15:08:10.026 +07:00","1054.4406488","TEST_95","95","-0.000911807"
"2026-08-04 15:08:10.725 +07:00","1055.1399113999998","TEST_95","95","-0.000924548"
"2026-08-04 15:08:11.424 +07:00","1055.8394369","TEST_95","95","-0.000935776"
"2026-08-04 15:08:12.124 +07:00","1056.5386786","TEST_95","95","-0.000947765"
"2026-08-04 15:08:13.169 +07:00","1057.5840033","TEST_95","95","-0.00095008"
"2026-08-04 15:08:13.856 +07:00","1058.2714468","TEST_95","95","-0.000949321"
"2026-08-04 15:08:14.540 +07:00","1058.9551872","TEST_95","95","-0.000945834"
"2026-08-04 15:08:15.238 +07:00","1059.6532763999999","TEST_95","95","-0.000952096"
"2026-08-04 15:08:15.937 +07:00","1060.3523470999999","TEST_95","95","-0.000947"
"2026-08-04 15:08:16.620 +07:00","1061.0353401","TEST_95","95","-0.00093866"
"2026-08-04 15:08:17.304 +07:00","1061.7187248999999","TEST_95","95","-0.000936476"
"2026-08-04 15:08:18.004 +07:00","1062.4187051","TEST_95","95","-0.000918624"
"2026-08-04 15:08:18.704 +07:00","1063.1192005999999","TEST_95","95","-0.000901003"
"2026-08-04 15:08:19.389 +07:00","1063.8039329","TEST_95","95","-0.000908033"
"2026-08-04 15:08:20.437 +07:00","1064.8524029","TEST_95","95","-0.000951884"
"2026-08-04 15:08:21.120 +07:00","1065.5355152","TEST_95","95","-0.000951681"
"2026-08-04 15:08:21.802 +07:00","1066.2166062","TEST_95","95","-0.000944899"
"2026-08-04 15:08:22.502 +07:00","1066.9173967","TEST_95","95","-0.00095451"
"2026-08-04 15:08:23.186 +07:00","1067.6008408999999","TEST_95","95","-0.000969595"
"2026-08-04 15:08:23.869 +07:00","1068.2836825","TEST_95","95","-0.000976735"
"2026-08-04 15:08:24.552 +07:00","1068.9670965","TEST_95","95","-0.000983656"
"2026-08-04 15:08:25.250 +07:00","1069.6654879999999","TEST_95","95","-0.000993017"
"2026-08-04 15:08:25.949 +07:00","1070.3643095","TEST_95","95","-0.001010659"
"2026-08-04 15:08:26.631 +07:00","1071.0461177","TEST_95","95","-0.000981954"
"2026-08-04 15:08:27.666 +07:00","1072.0809992","TEST_95","95","-0.00099983"
"2026-08-04 15:08:28.363 +07:00","1072.7785131","TEST_95","95","-0.001019891"
"2026-08-04 15:08:29.047 +07:00","1073.4623509","TEST_95","95","-0.001020683"
"2026-08-04 15:08:29.748 +07:00","1074.1631213","TEST_95","95","-0.001029567"
"2026-08-04 15:08:30.432 +07:00","1074.8470872","TEST_95","95","-0.000998212"
"2026-08-04 15:08:31.111 +07:00","1075.526291","TEST_95","95","-0.001017911"
"2026-08-04 15:08:31.781 +07:00","1076.1962678","TEST_95","95","-0.001019402"
"2026-08-04 15:08:32.478 +07:00","1076.8929673999999","TEST_95","95","-0.000993569"
"2026-08-04 15:08:33.162 +07:00","1077.5774472","TEST_95","95","-0.000987656"
"2026-08-04 15:08:33.845 +07:00","1078.2599202","TEST_95","95","-0.000950388"
"2026-08-04 15:08:34.898 +07:00","1079.3127018","TEST_95","95","-0.000946072"
"2026-08-04 15:08:35.596 +07:00","1080.0106891","TEST_95","95","-0.000928988"
"2026-08-04 15:08:36.296 +07:00","1080.7111671","TEST_95","95","-0.000921062"
"2026-08-04 15:08:36.979 +07:00","1081.3945036","TEST_95","95","-0.000936087"
"2026-08-04 15:08:37.662 +07:00","1082.0767873","TEST_95","95","-0.00090355"
"2026-08-04 15:08:38.361 +07:00","1082.7757136","TEST_95","95","-0.000900678"
"2026-08-04 15:08:39.043 +07:00","1083.4576769","TEST_95","95","-0.000882057"
"2026-08-04 15:08:39.727 +07:00","1084.142141","TEST_95","95","-0.000869196"
"2026-08-04 15:08:40.424 +07:00","1084.8389525999999","TEST_95","95","-0.000909406"
"2026-08-04 15:08:41.110 +07:00","1085.5255121999999","TEST_95","95","-0.000936299"
"2026-08-04 15:08:42.155 +07:00","1086.5697598","TEST_95","95","-0.000920347"
"2026-08-04 15:08:42.842 +07:00","1087.2569978","TEST_95","95","-0.000916079"
"2026-08-04 15:08:43.525 +07:00","1087.9401312999998","TEST_95","95","-0.000952702"
"2026-08-04 15:08:44.208 +07:00","1088.6231366","TEST_95","95","-0.000967062"
"2026-08-04 15:08:44.907 +07:00","1089.3217061","TEST_95","95","-0.000961526"
"2026-08-04 15:08:45.608 +07:00","1090.0232979999998","TEST_95","95","-0.000977967"
"2026-08-04 15:08:46.290 +07:00","1090.7051646","TEST_95","95","-0.001008775"
"2026-08-04 15:08:46.986 +07:00","1091.4011469","TEST_95","95","-0.001006735"
"2026-08-04 15:08:47.673 +07:00","1092.0883079999999","TEST_95","95","-0.0009823"
"2026-08-04 15:08:48.373 +07:00","1092.7884113999999","TEST_95","95","-0.000955242"
"2026-08-04 15:08:49.439 +07:00","1093.8544382","TEST_95","95","-0.001034019"
"2026-08-04 15:08:50.139 +07:00","1094.553872","TEST_95","95","-0.001018995"
"2026-08-04 15:08:50.822 +07:00","1095.2370564999999","TEST_95","95","-0.001029255"
"2026-08-04 15:08:51.506 +07:00","1095.921374","TEST_95","95","-0.001037521"
"2026-08-04 15:08:52.203 +07:00","1096.6184988999998","TEST_95","95","-0.001039885"
"2026-08-04 15:08:52.886 +07:00","1097.3007748","TEST_95","95","-0.00101889"
"2026-08-04 15:08:53.571 +07:00","1097.9861716999999","TEST_95","95","-0.001014569"
"2026-08-04 15:08:54.269 +07:00","1098.6838866","TEST_95","95","-0.001002637"
"2026-08-04 15:08:54.969 +07:00","1099.3845419","TEST_95","95","-0.001000815"
"2026-08-04 15:08:55.655 +07:00","1100.070019","TEST_95","95","-0.000959923"
"2026-08-04 15:08:56.701 +07:00","1101.1160876","TEST_95","95","-0.00091733"
"2026-08-04 15:08:57.385 +07:00","1101.7998573","TEST_95","95","-0.000907393"
"2026-08-04 15:08:58.070 +07:00","1102.4853592","TEST_95","95","-0.000897707"
"2026-08-04 15:08:58.767 +07:00","1103.1816698999999","TEST_95","95","-0.000913105"
"2026-08-04 15:08:59.467 +07:00","1103.8816823","TEST_95","95","-0.000946701"
"2026-08-04 15:09:00.149 +07:00","1104.5640231","TEST_95","95","-0.000934832"
"2026-08-04 15:09:00.833 +07:00","1105.2485236999999","TEST_95","95","-0.00095123"
"2026-08-04 15:09:01.532 +07:00","1105.9470125","TEST_95","95","-0.000948508"
"2026-08-04 15:09:02.213 +07:00","1106.6283644999999","TEST_95","95","-0.000949801"
"2026-08-04 15:09:02.898 +07:00","1107.313535","TEST_95","95","-0.000966592"
"2026-08-04 15:09:03.944 +07:00","1108.3585775","TEST_95","95","-0.001009978"
"2026-08-04 15:09:04.632 +07:00","1109.0470865","TEST_95","95","-0.00103714"
"2026-08-04 15:09:05.331 +07:00","1109.7462629","TEST_95","95","-0.001008036"
"2026-08-04 15:09:06.030 +07:00","1110.4447254","TEST_95","95","-0.00100327"
"2026-08-04 15:09:06.714 +07:00","1111.1288659","TEST_95","95","-0.001012476"
"2026-08-04 15:09:07.414 +07:00","1111.8287586","TEST_95","95","-0.001012702"
"2026-08-04 15:09:08.112 +07:00","1112.5272332","TEST_95","95","-0.001010811"
"2026-08-04 15:09:08.813 +07:00","1113.2278457","TEST_95","95","-0.001005357"
"2026-08-04 15:09:09.496 +07:00","1113.9107205999999","TEST_95","95","-0.001023925"
"2026-08-04 15:09:10.180 +07:00","1114.5949068999998","TEST_95","95","-0.001000593"
"2026-08-04 15:09:11.227 +07:00","1115.6421398999998","TEST_95","95","-0.00092917"
"2026-08-04 15:09:11.927 +07:00","1116.3417212","TEST_95","95","-0.00094515"
"2026-08-04 15:09:12.627 +07:00","1117.0423329999999","TEST_95","95","-0.000917889"
"2026-08-04 15:09:13.310 +07:00","1117.7250248","TEST_95","95","-0.000919452"
"2026-08-04 15:09:13.994 +07:00","1118.4090518","TEST_95","95","-0.000895894"
"2026-08-04 15:09:14.676 +07:00","1119.0914678","TEST_95","95","-0.000890799"
"2026-08-04 15:09:15.376 +07:00","1119.7911804999999","TEST_95","95","-0.000897004"
"2026-08-04 15:09:16.076 +07:00","1120.4909582999999","TEST_95","95","-0.000877385"
"2026-08-04 15:09:16.760 +07:00","1121.1754591","TEST_95","95","-0.000901925"
"2026-08-04 15:09:17.443 +07:00","1121.8582351","TEST_95","95","-0.000908167"
"2026-08-04 15:09:18.559 +07:00","1122.9735896","TEST_95","95","-0.000943034"
"2026-08-04 15:09:19.241 +07:00","1123.6560720999998","TEST_95","95","-0.000960579"
"2026-08-04 15:09:19.942 +07:00","1124.3566145","TEST_95","95","-0.00095455"
"2026-08-04 15:09:20.640 +07:00","1125.0553568999999","TEST_95","95","-0.000975028"
"2026-08-04 15:09:21.323 +07:00","1125.7378302","TEST_95","95","-0.000993985"
"2026-08-04 15:09:22.006 +07:00","1126.4212344999999","TEST_95","95","-0.000997328"
"2026-08-04 15:09:22.708 +07:00","1127.1228385","TEST_95","95","-0.001015166"
"2026-08-04 15:09:23.406 +07:00","1127.821342","TEST_95","95","-0.001019629"
"2026-08-04 15:09:24.089 +07:00","1128.5043833","TEST_95","95","-0.001004701"
"2026-08-04 15:09:24.774 +07:00","1129.1885467","TEST_95","95","-0.00100788"
"2026-08-04 15:09:25.854 +07:00","1130.2693729999999","TEST_95","95","-0.000995579"
"2026-08-04 15:09:26.537 +07:00","1130.952133","TEST_95","95","-0.000987585"
"2026-08-04 15:09:27.237 +07:00","1131.6517322","TEST_95","95","-0.000973853"
"2026-08-04 15:09:27.920 +07:00","1132.3353356999999","TEST_95","95","-0.000966452"
"2026-08-04 15:09:28.603 +07:00","1133.0183129","TEST_95","95","-0.000979506"
"2026-08-04 15:09:29.303 +07:00","1133.7180186","TEST_95","95","-0.000975214"
"2026-08-04 15:09:30.002 +07:00","1134.4174355","TEST_95","95","-0.000953237"
"2026-08-04 15:09:30.685 +07:00","1135.1004658","TEST_95","95","-0.00094297"
"2026-08-04 15:09:31.368 +07:00","1135.7828731","TEST_95","95","-0.00092095"
"2026-08-04 15:09:32.052 +07:00","1136.4667081","TEST_95","95","-0.000921744"
"2026-08-04 15:09:33.151 +07:00","1137.5657211","TEST_95","95","-0.000927269"
"2026-08-04 15:09:33.834 +07:00","1138.2486758999999","TEST_95","95","-0.000932693"
"2026-08-04 15:09:34.532 +07:00","1138.9474765999998","TEST_95","95","-0.000953445"
"2026-08-04 15:09:35.217 +07:00","1139.6318061","TEST_95","95","-0.000958274"
"2026-08-04 15:09:35.899 +07:00","1140.3144657","TEST_95","95","-0.000959476"
"2026-08-04 15:09:36.599 +07:00","1141.0140662","TEST_95","95","-0.000950033"
"2026-08-04 15:09:37.297 +07:00","1141.7124849","TEST_95","95","-0.00096481"
"2026-08-04 15:09:37.999 +07:00","1142.4136161","TEST_95","95","-0.000951664"
"2026-08-04 15:09:38.682 +07:00","1143.0965544","TEST_95","95","-0.000954761"
"2026-08-04 15:09:39.364 +07:00","1143.7791593","TEST_95","95","-0.00096322"
"2026-08-04 15:09:40.414 +07:00","1144.8291513","TEST_95","95","-0.000977075"
"2026-08-04 15:09:41.113 +07:00","1145.5283379","TEST_95","95","-0.000976528"
"2026-08-04 15:09:41.813 +07:00","1146.2279935","TEST_95","95","-0.000958118"
"2026-08-04 15:09:42.494 +07:00","1146.9092223","TEST_95","95","-0.000931023"
"2026-08-04 15:09:43.180 +07:00","1147.5948578999999","TEST_95","95","-0.000944261"
"2026-08-04 15:09:43.878 +07:00","1148.292633","TEST_95","95","-0.0009369"
"2026-08-04 15:09:44.577 +07:00","1148.9922874","TEST_95","95","-0.000966856"
"2026-08-04 15:09:45.262 +07:00","1149.6773771","TEST_95","95","-0.000954109"
"2026-08-04 15:09:45.943 +07:00","1150.3583638","TEST_95","95","-0.000974349"
"2026-08-04 15:09:46.644 +07:00","1151.059371","TEST_95","95","-0.000957111"
"2026-08-04 15:09:47.726 +07:00","1152.1409466","TEST_95","95","-0.000926748"
"2026-08-04 15:09:48.426 +07:00","1152.8409904","TEST_95","95","-0.000936509"
"2026-08-04 15:09:49.125 +07:00","1153.5403357999999","TEST_95","95","-0.000924435"
"2026-08-04 15:09:49.809 +07:00","1154.2244182","TEST_95","95","-0.000939826"
"2026-08-04 15:09:50.492 +07:00","1154.9073808","TEST_95","95","-0.000948795"
"2026-08-04 15:09:51.192 +07:00","1155.6071398","TEST_95","95","-0.000961118"
"2026-08-04 15:09:51.891 +07:00","1156.306487","TEST_95","95","-0.00095183"
"2026-08-04 15:09:52.574 +07:00","1156.9890017999999","TEST_95","95","-0.000930906"
"2026-08-04 15:09:53.259 +07:00","1157.6741121999999","TEST_95","95","-0.000924307"
"2026-08-04 15:09:53.957 +07:00","1158.372473","TEST_95","95","-0.000941462"
"2026-08-04 15:09:55.001 +07:00","1159.4163294999998","TEST_95","95","-0.000947441"
"2026-08-04 15:09:55.691 +07:00","1160.1058960999999","TEST_95","95","-0.000986429"
"2026-08-04 15:09:56.388 +07:00","1160.8035241","TEST_95","95","-0.000970136"
"2026-08-04 15:09:57.071 +07:00","1161.4865186","TEST_95","95","-0.000969226"
"2026-08-04 15:09:57.755 +07:00","1162.1702642999999","TEST_95","95","-0.000948189"
"2026-08-04 15:09:58.454 +07:00","1162.8690970999999","TEST_95","95","-0.000988078"
"2026-08-04 15:09:59.154 +07:00","1163.568695","TEST_95","95","-0.001010138"
"2026-08-04 15:09:59.838 +07:00","1164.2526232","TEST_95","95","-0.00104192"
"2026-08-04 15:10:00.538 +07:00","1164.9526707","TEST_95","95","-0.001034732"
"2026-08-04 15:10:01.237 +07:00","1165.6524156","TEST_95","95","-0.001062984"
"2026-08-04 15:10:02.303 +07:00","1166.7183539999999","TEST_95","95","-0.001032616"
"2026-08-04 15:10:03.003 +07:00","1167.4177024","TEST_95","95","-0.001037727"
"2026-08-04 15:10:03.700 +07:00","1168.1154586","TEST_95","95","-0.001030604"
"2026-08-04 15:10:04.387 +07:00","1168.8018954","TEST_95","95","-0.001021246"
"2026-08-04 15:10:05.069 +07:00","1169.4837398","TEST_95","95","-0.001009169"
"2026-08-04 15:10:05.768 +07:00","1170.1826465","TEST_95","95","-0.000987475"
"2026-08-04 15:10:06.468 +07:00","1170.8832992999999","TEST_95","95","-0.000984073"
"2026-08-04 15:10:07.151 +07:00","1171.5658224","TEST_95","95","-0.001024146"
"2026-08-04 15:10:07.833 +07:00","1172.2478661999999","TEST_95","95","-0.001017946"
"2026-08-04 15:10:08.515 +07:00","1172.9303026","TEST_95","95","-0.001012832"
"2026-08-04 15:10:09.632 +07:00","1174.0469435999998","TEST_95","95","-0.000972705"
"2026-08-04 15:10:10.332 +07:00","1174.7472854","TEST_95","95","-0.000951765"
"2026-08-04 15:10:11.031 +07:00","1175.4459705","TEST_95","95","-0.000947069"
"2026-08-04 15:10:11.715 +07:00","1176.1299499","TEST_95","95","-0.000940197"
"2026-08-04 15:10:12.399 +07:00","1176.813668","TEST_95","95","-0.001000318"
"2026-08-04 15:10:13.096 +07:00","1177.5106827","TEST_95","95","-0.000969276"
"2026-08-04 15:10:13.798 +07:00","1178.2127146999999","TEST_95","95","-0.000923934"
"2026-08-04 15:10:14.480 +07:00","1178.8945737","TEST_95","95","-0.000911739"
"2026-08-04 15:10:15.165 +07:00","1179.5797811999998","TEST_95","95","-0.000942675"
"2026-08-04 15:10:15.862 +07:00","1180.2772043","TEST_95","95","-0.000951968"
"2026-08-04 15:10:16.962 +07:00","1181.3767831","TEST_95","95","-0.000966683"
"2026-08-04 15:10:17.646 +07:00","1182.0607029","TEST_95","95","-0.000967878"
"2026-08-04 15:10:18.348 +07:00","1182.7633979","TEST_95","95","-0.000985534"
"2026-08-04 15:10:19.045 +07:00","1183.4601744","TEST_95","95","-0.000938492"
"2026-08-04 15:10:19.727 +07:00","1184.1421446","TEST_95","95","-0.00098394"
"2026-08-04 15:10:20.412 +07:00","1184.8273970999999","TEST_95","95","-0.001010808"
"2026-08-04 15:10:21.111 +07:00","1185.5258175","TEST_95","95","-0.001019547"
"2026-08-04 15:10:21.810 +07:00","1186.2252179","TEST_95","95","-0.001007016"
"2026-08-04 15:10:22.496 +07:00","1186.911286","TEST_95","95","-0.001014317"
"2026-08-04 15:10:23.176 +07:00","1187.5908719","TEST_95","95","-0.001051122"
"2026-08-04 15:10:24.257 +07:00","1188.6718818","TEST_95","95","-0.00108172"
"2026-08-04 15:10:24.959 +07:00","1189.3742137","TEST_95","95","-0.00114842"
"2026-08-04 15:10:25.660 +07:00","1190.0746242999999","TEST_95","95","-0.001163168"
"2026-08-04 15:10:26.357 +07:00","1190.7720953","TEST_95","95","-0.001156277"
"2026-08-04 15:10:27.041 +07:00","1191.456082","TEST_95","95","-0.00111968"
"2026-08-04 15:10:27.724 +07:00","1192.139443","TEST_95","95","-0.001112826"
"2026-08-04 15:10:28.423 +07:00","1192.83809","TEST_95","95","-0.001093273"
"2026-08-04 15:10:29.122 +07:00","1193.5372031","TEST_95","95","-0.001098876"
"2026-08-04 15:10:29.804 +07:00","1194.2188953999998","TEST_95","95","-0.0010749"
"2026-08-04 15:10:30.506 +07:00","1194.9212751","TEST_95","95","-0.001057268"
"2026-08-04 15:10:31.586 +07:00","1196.0015293","TEST_95","95","-0.000962095"
"2026-08-04 15:10:32.272 +07:00","1196.6870116999999","TEST_95","95","-0.000943392"
"2026-08-04 15:10:32.969 +07:00","1197.3835596","TEST_95","95","-0.000919764"
"2026-08-04 15:10:33.655 +07:00","1198.0695901","TEST_95","95","-0.000936642"
"2026-08-04 15:10:34.338 +07:00","1198.7526354","TEST_95","95","-0.000948511"
"2026-08-04 15:10:35.021 +07:00","1199.4360307","TEST_95","95","-0.000964571"
"2026-08-04 15:10:35.719 +07:00","1200.1341568999999","TEST_95","95","-0.00094693"
"2026-08-04 15:10:36.404 +07:00","1200.8186435","TEST_95","95","-0.000939174"
"2026-08-04 15:10:37.086 +07:00","1201.5010765","TEST_95","95","-0.000950316"
"2026-08-04 15:10:37.787 +07:00","1202.201625","TEST_95","95","-0.000973159"
"2026-08-04 15:10:38.969 +07:00","1203.3841502999999","TEST_95","95","-0.000969206"
"2026-08-04 15:10:39.668 +07:00","1204.0833828999998","TEST_95","95","-0.000985819"
"2026-08-04 15:10:40.344 +07:00","1204.7590086","TEST_95","95","-0.000998096"
"2026-08-04 15:10:41.011 +07:00","1205.4264292999999","TEST_95","95","-0.001000803"
"2026-08-04 15:10:41.717 +07:00","1206.1324247","TEST_95","95","-0.000998097"
"2026-08-04 15:10:42.393 +07:00","1206.8082562","TEST_95","95","-0.001010503"
"2026-08-04 15:10:43.060 +07:00","1207.4747963999998","TEST_95","95","-0.001035696"
"2026-08-04 15:10:43.743 +07:00","1208.1578631999998","TEST_95","95","-0.001021639"
"2026-08-04 15:10:44.442 +07:00","1208.8574417","TEST_95","95","-0.001009327"
"2026-08-04 15:10:45.116 +07:00","1209.5306268","TEST_95","95","-0.001014792"
"2026-08-04 15:10:46.210 +07:00","1210.6254029","TEST_95","95","-0.000999707"
"2026-08-04 15:10:46.891 +07:00","1211.3063077","TEST_95","95","-0.000993263"
"2026-08-04 15:10:47.557 +07:00","1211.9725082","TEST_95","95","-0.000992834"
"2026-08-04 15:10:48.266 +07:00","1212.6807583999998","TEST_95","95","-0.001002184"
"2026-08-04 15:10:48.940 +07:00","1213.3554334","TEST_95","95","-0.001002246"
"2026-08-04 15:10:49.623 +07:00","1214.0382660999999","TEST_95","95","-0.000986769"
"2026-08-04 15:10:50.322 +07:00","1214.7372902","TEST_95","95","-0.001001028"
"2026-08-04 15:10:51.005 +07:00","1215.4203066","TEST_95","95","-0.001004412"
"2026-08-04 15:10:51.705 +07:00","1216.1195685","TEST_95","95","-0.001005631"
"2026-08-04 15:10:52.395 +07:00","1216.8098545999999","TEST_95","95","-0.00100949"
"2026-08-04 15:10:53.521 +07:00","1217.9357207","TEST_95","95","-0.001018015"
"2026-08-04 15:10:54.203 +07:00","1218.6183747","TEST_95","95","-0.001003877"
"2026-08-04 15:10:54.887 +07:00","1219.3019957","TEST_95","95","-0.00097558"
"2026-08-04 15:10:55.570 +07:00","1219.9846384","TEST_95","95","-0.000875989"
"2026-08-04 15:10:56.252 +07:00","1220.6675126","TEST_95","95","-0.000864402"
"2026-08-04 15:10:56.936 +07:00","1221.350682","TEST_95","95","-0.000858543"
"2026-08-04 15:10:57.618 +07:00","1222.0333819999998","TEST_95","95","-0.000859052"
"2026-08-04 15:10:58.301 +07:00","1222.7163963","TEST_95","95","-0.000848372"
"2026-08-04 15:10:58.968 +07:00","1223.3826854","TEST_95","95","-0.000829951"
"2026-08-04 15:10:59.651 +07:00","1224.0657509999999","TEST_95","95","-0.000846272"
"2026-08-04 15:11:00.767 +07:00","1225.1818683","TEST_95","95","-0.000836709"
"2026-08-04 15:11:01.450 +07:00","1225.8648461","TEST_95","95","-0.000854185"
"2026-08-04 15:11:02.133 +07:00","1226.5478785999999","TEST_95","95","-0.000938866"
"2026-08-04 15:11:02.816 +07:00","1227.2311921","TEST_95","95","-0.000944624"
"2026-08-04 15:11:03.499 +07:00","1227.9142067","TEST_95","95","-0.000963649"
"2026-08-04 15:11:04.182 +07:00","1228.5968461","TEST_95","95","-0.000928317"
"2026-08-04 15:11:04.865 +07:00","1229.2798823","TEST_95","95","-0.00092212"
"2026-08-04 15:11:05.548 +07:00","1229.9632272","TEST_95","95","-0.000935999"
"2026-08-04 15:11:06.231 +07:00","1230.6458869","TEST_95","95","-0.000931369"
"2026-08-04 15:11:06.914 +07:00","1231.3291744","TEST_95","95","-0.000926808"
"2026-08-04 15:11:08.013 +07:00","1232.4282445","TEST_95","95","-0.000927332"
"2026-08-04 15:11:08.697 +07:00","1233.1115575","TEST_95","95","-0.000946954"
"2026-08-04 15:11:09.379 +07:00","1233.7943357","TEST_95","95","-0.000957769"
"2026-08-04 15:11:10.062 +07:00","1234.4772541999998","TEST_95","95","-0.000949129"
"2026-08-04 15:11:10.745 +07:00","1235.1603407999999","TEST_95","95","-0.000977689"
"2026-08-04 15:11:11.428 +07:00","1235.8432479","TEST_95","95","-0.00097068"
"2026-08-04 15:11:12.111 +07:00","1236.5263296","TEST_95","95","-0.000985587"
"2026-08-04 15:11:12.795 +07:00","1237.2097113999998","TEST_95","95","-0.000977084"
"2026-08-04 15:11:13.494 +07:00","1237.9089924999998","TEST_95","95","-0.000988874"
"2026-08-04 15:11:14.177 +07:00","1238.5919319","TEST_95","95","-0.001020453"
"2026-08-04 15:11:15.343 +07:00","1239.7579962","TEST_95","95","-0.000997891"
"2026-08-04 15:11:16.026 +07:00","1240.4410529","TEST_95","95","-0.00097969"
"2026-08-04 15:11:16.726 +07:00","1241.1406969","TEST_95","95","-0.000964578"
"2026-08-04 15:11:17.408 +07:00","1241.8227654999998","TEST_95","95","-0.000973075"
"2026-08-04 15:11:18.092 +07:00","1242.5066483","TEST_95","95","-0.001009107"
"2026-08-04 15:11:18.791 +07:00","1243.2063329999999","TEST_95","95","-0.001006017"
"2026-08-04 15:11:19.474 +07:00","1243.8893001","TEST_95","95","-0.001012921"
"2026-08-04 15:11:20.163 +07:00","1244.5783311999999","TEST_95","95","-0.001014515"
"2026-08-04 15:11:20.857 +07:00","1245.2723365","TEST_95","95","-0.000988466"
"2026-08-04 15:11:21.540 +07:00","1245.9550047","TEST_95","95","-0.0009635"
"2026-08-04 15:11:22.640 +07:00","1247.054731","TEST_95","95","-0.000932351"
"2026-08-04 15:11:23.339 +07:00","1247.7540850999999","TEST_95","95","-0.000929462"
"2026-08-04 15:11:24.027 +07:00","1248.442251","TEST_95","95","-0.000927829"
"2026-08-04 15:11:24.705 +07:00","1249.1201488","TEST_95","95","-0.000927418"
"2026-08-04 15:11:25.372 +07:00","1249.7868248","TEST_95","95","-0.000924386"
"2026-08-04 15:11:26.071 +07:00","1250.4860732","TEST_95","95","-0.000940665"
"2026-08-04 15:11:26.771 +07:00","1251.1860325999999","TEST_95","95","-0.000951756"
"2026-08-04 15:11:27.454 +07:00","1251.8690843","TEST_95","95","-0.00097812"
"2026-08-04 15:11:28.137 +07:00","1252.5517909","TEST_95","95","-0.00100103"
"2026-08-04 15:11:28.840 +07:00","1253.2547789999999","TEST_95","95","-0.001013109"
"2026-08-04 15:11:29.986 +07:00","1254.4008216","TEST_95","95","-0.00102359"
"2026-08-04 15:11:30.672 +07:00","1255.0866744999998","TEST_95","95","-0.001016724"
"2026-08-04 15:11:31.352 +07:00","1255.7671476","TEST_95","95","-0.001023007"
"2026-08-04 15:11:32.052 +07:00","1256.4667849","TEST_95","95","-0.001003174"
"2026-08-04 15:11:32.734 +07:00","1257.1495272","TEST_95","95","-0.000993804"
"2026-08-04 15:11:33.417 +07:00","1257.8324678","TEST_95","95","-0.001003641"
"2026-08-04 15:11:34.101 +07:00","1258.5160159","TEST_95","95","-0.00096151"
"2026-08-04 15:11:34.784 +07:00","1259.1988231999999","TEST_95","95","-0.000971561"
"2026-08-04 15:11:35.483 +07:00","1259.8984220999998","TEST_95","95","-0.000963445"
"2026-08-04 15:11:36.166 +07:00","1260.5812039","TEST_95","95","-0.000961847"
"2026-08-04 15:11:37.349 +07:00","1261.7638869999998","TEST_95","95","-0.00095739"
"2026-08-04 15:11:38.037 +07:00","1262.4517819999999","TEST_95","95","-0.000936071"
"2026-08-04 15:11:38.715 +07:00","1263.1298759","TEST_95","95","-0.000964905"
"2026-08-04 15:11:39.415 +07:00","1263.8295735","TEST_95","95","-0.000962691"
"2026-08-04 15:11:40.114 +07:00","1264.5292104999999","TEST_95","95","-0.000930202"
"2026-08-04 15:11:40.798 +07:00","1265.2126114","TEST_95","95","-0.000964788"
"2026-08-04 15:11:41.497 +07:00","1265.9118792","TEST_95","95","-0.000962584"
"2026-08-04 15:11:42.180 +07:00","1266.5948441","TEST_95","95","-0.001012389"
"2026-08-04 15:11:42.863 +07:00","1267.2779388","TEST_95","95","-0.001001444"
"2026-08-04 15:11:43.546 +07:00","1267.9608478","TEST_95","95","-0.001020026"
"2026-08-04 15:11:44.679 +07:00","1269.0940037","TEST_95","95","-0.001017838"
"2026-08-04 15:11:45.378 +07:00","1269.7933977","TEST_95","95","-0.001001837"
"2026-08-04 15:11:46.061 +07:00","1270.4762799999999","TEST_95","95","-0.000985696"
"2026-08-04 15:11:46.744 +07:00","1271.1592604","TEST_95","95","-0.001000431"
"2026-08-04 15:11:47.428 +07:00","1271.842561","TEST_95","95","-0.000973831"
"2026-08-04 15:11:48.094 +07:00","1272.5089481","TEST_95","95","-0.000983269"
"2026-08-04 15:11:48.777 +07:00","1273.1919286999998","TEST_95","95","-0.000942524"
"2026-08-04 15:11:49.460 +07:00","1273.8749412","TEST_95","95","-0.000941897"
"2026-08-04 15:11:50.143 +07:00","1274.5577054","TEST_95","95","-0.000920274"
"2026-08-04 15:11:50.826 +07:00","1275.2409647","TEST_95","95","-0.000944477"
"2026-08-04 15:11:51.958 +07:00","1276.3734276999999","TEST_95","95","-0.000989955"
"2026-08-04 15:11:52.642 +07:00","1277.0569381","TEST_95","95","-0.001012623"
"2026-08-04 15:11:53.324 +07:00","1277.7393671","TEST_95","95","-0.000977844"
"2026-08-04 15:11:54.007 +07:00","1278.4223629","TEST_95","95","-0.000980697"
"2026-08-04 15:11:54.674 +07:00","1279.0890869","TEST_95","95","-0.000970954"
"2026-08-04 15:11:55.357 +07:00","1279.7721692","TEST_95","95","-0.000989464"
"2026-08-04 15:11:56.065 +07:00","1280.4799864","TEST_95","95","-0.001015959"
"2026-08-04 15:11:56.764 +07:00","1281.1789647","TEST_95","95","-0.001031954"
"2026-08-04 15:11:57.446 +07:00","1281.8613916","TEST_95","95","-0.001003977"
"2026-08-04 15:11:58.122 +07:00","1282.5375041","TEST_95","95","-0.00094845"
"2026-08-04 15:11:59.271 +07:00","1283.6864878","TEST_95","95","-0.000924698"
"2026-08-04 15:11:59.954 +07:00","1284.3694647","TEST_95","95","-0.000949023"
"2026-08-04 15:12:00.637 +07:00","1285.0524734","TEST_95","95","-0.000935351"
"2026-08-04 15:12:01.337 +07:00","1285.7524971999999","TEST_95","95","-0.000945222"
"2026-08-04 15:12:02.020 +07:00","1286.4354978","TEST_95","95","-0.000929972"
"2026-08-04 15:12:02.703 +07:00","1287.1184412","TEST_95","95","-0.000916961"
"2026-08-04 15:12:03.403 +07:00","1287.8181637","TEST_95","95","-0.000897837"
"2026-08-04 15:12:04.088 +07:00","1288.503266","TEST_95","95","-0.000900775"
"2026-08-04 15:12:04.785 +07:00","1289.2005018999998","TEST_95","95","-0.000942843"
"2026-08-04 15:12:05.469 +07:00","1289.8837936999998","TEST_95","95","-0.000942881"
"2026-08-04 15:12:06.656 +07:00","1291.0707046","TEST_95","95","-0.000955158"
"2026-08-04 15:12:07.335 +07:00","1291.7495476","TEST_95","95","-0.000969235"
"2026-08-04 15:12:08.018 +07:00","1292.4326151999999","TEST_95","95","-0.000940528"
"2026-08-04 15:12:08.700 +07:00","1293.1151783","TEST_95","95","-0.000945249"
"2026-08-04 15:12:09.383 +07:00","1293.7982018999999","TEST_95","95","-0.000938966"
"2026-08-04 15:12:10.067 +07:00","1294.4817263999998","TEST_95","95","-0.000963341"
"2026-08-04 15:12:10.750 +07:00","1295.1646017","TEST_95","95","-0.000945667"
"2026-08-04 15:12:11.441 +07:00","1295.8560685","TEST_95","95","-0.000933161"
"2026-08-04 15:12:12.132 +07:00","1296.5468652","TEST_95","95","-0.000941652"
"2026-08-04 15:12:12.815 +07:00","1297.23019","TEST_95","95","-0.000948609"
"2026-08-04 15:12:13.931 +07:00","1298.3462749","TEST_95","95","-0.000952497"
"2026-08-04 15:12:14.614 +07:00","1299.0293703","TEST_95","95","-0.000956493"
"2026-08-04 15:12:15.305 +07:00","1299.7202098","TEST_95","95","-0.000961418"
"2026-08-04 15:12:15.989 +07:00","1300.4039974999998","TEST_95","95","-0.000949158"
"2026-08-04 15:12:16.680 +07:00","1301.0949865999999","TEST_95","95","-0.000951299"
"2026-08-04 15:12:17.385 +07:00","1301.8003400999999","TEST_95","95","-0.000958975"
"2026-08-04 15:12:18.063 +07:00","1302.4776296","TEST_95","95","-0.000959836"
"2026-08-04 15:12:18.771 +07:00","1303.1862523","TEST_95","95","-0.000980436"
"2026-08-04 15:12:19.470 +07:00","1303.8848556","TEST_95","95","-0.000993333"
"2026-08-04 15:12:20.153 +07:00","1304.5679507","TEST_95","95","-0.00100957"
"2026-08-04 15:12:21.335 +07:00","1305.7498621","TEST_95","95","-0.001037752"
"2026-08-04 15:12:22.020 +07:00","1306.435456","TEST_95","95","-0.001038884"
"2026-08-04 15:12:22.716 +07:00","1307.1311879999998","TEST_95","95","-0.001065774"
"2026-08-04 15:12:23.397 +07:00","1307.8122438999999","TEST_95","95","-0.001050326"
"2026-08-04 15:12:24.095 +07:00","1308.5095652","TEST_95","95","-0.001048351"
"2026-08-04 15:12:24.774 +07:00","1309.1892112","TEST_95","95","-0.001042402"
"2026-08-04 15:12:25.482 +07:00","1309.8973062999999","TEST_95","95","-0.001010475"
"2026-08-04 15:12:26.168 +07:00","1310.5827379999998","TEST_95","95","-0.000996857"
"2026-08-04 15:12:26.862 +07:00","1311.2771309","TEST_95","95","-0.000980048"
"2026-08-04 15:12:27.557 +07:00","1311.9722694","TEST_95","95","-0.000971696"
"2026-08-04 15:12:28.722 +07:00","1313.1374799","TEST_95","95","-0.000990796"
"2026-08-04 15:12:29.413 +07:00","1313.8283075","TEST_95","95","-0.000959876"
"2026-08-04 15:12:30.114 +07:00","1314.5287007","TEST_95","95","-0.000952932"
"2026-08-04 15:12:30.806 +07:00","1315.2212438","TEST_95","95","-0.000949585"
"2026-08-04 15:12:31.482 +07:00","1315.8974415","TEST_95","95","-0.000971742"
"2026-08-04 15:12:32.180 +07:00","1316.5949556","TEST_95","95","-0.00098411"
"2026-08-04 15:12:32.859 +07:00","1317.2743515","TEST_95","95","-0.000980182"
"2026-08-04 15:12:33.564 +07:00","1317.9789577","TEST_95","95","-0.000978469"
"2026-08-04 15:12:34.256 +07:00","1318.6710001","TEST_95","95","-0.001024157"
"2026-08-04 15:12:34.955 +07:00","1319.3705315","TEST_95","95","-0.000974768"
"2026-08-04 15:12:36.104 +07:00","1320.5191757","TEST_95","95","-0.000993869"
"2026-08-04 15:12:36.796 +07:00","1321.2111048","TEST_95","95","-0.001012211"
"2026-08-04 15:12:37.472 +07:00","1321.8866974","TEST_95","95","-0.001025281"
"2026-08-04 15:12:38.140 +07:00","1322.5550497","TEST_95","95","-0.001019906"
"2026-08-04 15:12:38.847 +07:00","1323.2623778","TEST_95","95","-0.001021482"
"2026-08-04 15:12:39.539 +07:00","1323.9538274","TEST_95","95","-0.00102948"
"2026-08-04 15:12:40.215 +07:00","1324.6300016999999","TEST_95","95","-0.001024985"
"2026-08-04 15:12:40.900 +07:00","1325.3153734999999","TEST_95","95","-0.000988916"
"2026-08-04 15:12:41.576 +07:00","1325.9912213999999","TEST_95","95","-0.001009299"
"2026-08-04 15:12:42.276 +07:00","1326.6915119","TEST_95","95","-0.001008312"
"2026-08-04 15:12:43.532 +07:00","1327.9471234","TEST_95","95","-0.000985272"
"2026-08-04 15:12:44.208 +07:00","1328.6233751999998","TEST_95","95","-0.000995486"
"2026-08-04 15:12:44.900 +07:00","1329.3152757999999","TEST_95","95","-0.000990394"
"2026-08-04 15:12:45.570 +07:00","1329.9853274","TEST_95","95","-0.000967772"
"2026-08-04 15:12:46.278 +07:00","1330.6927269999999","TEST_95","95","-0.001038772"
"2026-08-04 15:12:46.970 +07:00","1331.3855409","TEST_95","95","-0.001043995"
"2026-08-04 15:12:47.654 +07:00","1332.0687999","TEST_95","95","-0.001035418"
"2026-08-04 15:12:48.343 +07:00","1332.7583628","TEST_95","95","-0.001040254"
"2026-08-04 15:12:49.038 +07:00","1333.4534440999998","TEST_95","95","-0.001053056"
"2026-08-04 15:12:49.719 +07:00","1334.1341171","TEST_95","95","-0.001030094"
"2026-08-04 15:12:50.826 +07:00","1335.2406793999999","TEST_95","95","-0.001039562"
"2026-08-04 15:12:51.495 +07:00","1335.9098952","TEST_95","95","-0.001035709"
"2026-08-04 15:12:52.203 +07:00","1336.6178023","TEST_95","95","-0.001044196"
"2026-08-04 15:12:52.885 +07:00","1337.3004707999999","TEST_95","95","-0.000984851"
"2026-08-04 15:12:53.572 +07:00","1337.9868175","TEST_95","95","-0.000986009"
"2026-08-04 15:12:54.272 +07:00","1338.6871844999998","TEST_95","95","-0.000972127"
"2026-08-04 15:12:54.955 +07:00","1339.3700661999999","TEST_95","95","-0.000957356"
"2026-08-04 15:12:55.652 +07:00","1340.0673058999998","TEST_95","95","-0.000964832"
"2026-08-04 15:12:56.339 +07:00","1340.7538427","TEST_95","95","-0.000986624"
"2026-08-04 15:12:57.019 +07:00","1341.4337538","TEST_95","95","-0.001003704"
"2026-08-04 15:12:58.258 +07:00","1342.67266","TEST_95","95","-0.001028917"
"2026-08-04 15:12:58.950 +07:00","1343.3651685","TEST_95","95","-0.001015214"
"2026-08-04 15:12:59.634 +07:00","1344.0492073","TEST_95","95","-0.001000928"
"2026-08-04 15:13:00.328 +07:00","1344.7433549","TEST_95","95","-0.00099829"
"2026-08-04 15:13:01.009 +07:00","1345.4236409999999","TEST_95","95","-0.001040081"
"2026-08-04 15:13:01.686 +07:00","1346.1013220999998","TEST_95","95","-0.0010325"
"2026-08-04 15:13:02.378 +07:00","1346.7933323","TEST_95","95","-0.001011073"
"2026-08-04 15:13:03.077 +07:00","1347.4916206999999","TEST_95","95","-0.001000544"
"2026-08-04 15:13:03.769 +07:00","1348.1845254999998","TEST_95","95","-0.000998883"
"2026-08-04 15:13:04.473 +07:00","1348.8883985999998","TEST_95","95","-0.000989812"
"2026-08-04 15:13:05.815 +07:00","1350.2301902","TEST_95","95","-0.001009141"
"2026-08-04 15:13:06.497 +07:00","1350.9116391","TEST_95","95","-0.001021747"
"2026-08-04 15:13:07.193 +07:00","1351.6081348999999","TEST_95","95","-0.001023025"
"2026-08-04 15:13:07.871 +07:00","1352.286343","TEST_95","95","-0.001001813"
"2026-08-04 15:13:08.565 +07:00","1352.979719","TEST_95","95","-0.000992931"
"2026-08-04 15:13:09.258 +07:00","1353.6728814","TEST_95","95","-0.000989298"
"2026-08-04 15:13:09.941 +07:00","1354.3563321","TEST_95","95","-0.000986395"
"2026-08-04 15:13:10.619 +07:00","1355.0343831999999","TEST_95","95","-0.0009941"
"2026-08-04 15:13:11.310 +07:00","1355.7255114","TEST_95","95","-0.000988579"
"2026-08-04 15:13:11.987 +07:00","1356.4019558999998","TEST_95","95","-0.00096166"
"2026-08-04 15:13:13.109 +07:00","1357.5236034","TEST_95","95","-0.000954475"
"2026-08-04 15:13:13.800 +07:00","1358.2154283999998","TEST_95","95","-0.000960875"
"2026-08-04 15:13:14.476 +07:00","1358.8913109","TEST_95","95","-0.000953849"
"2026-08-04 15:13:15.172 +07:00","1359.586908","TEST_95","95","-0.000963005"
"2026-08-04 15:13:15.849 +07:00","1360.2642514","TEST_95","95","-0.000968989"
"2026-08-04 15:13:16.544 +07:00","1360.9593843999999","TEST_95","95","-0.000974535"
"2026-08-04 15:13:17.221 +07:00","1361.6356819999999","TEST_95","95","-0.00094593"
"2026-08-04 15:13:17.920 +07:00","1362.3346236999998","TEST_95","95","-0.000952946"
"2026-08-04 15:13:18.613 +07:00","1363.0282266","TEST_95","95","-0.000975238"
"2026-08-04 15:13:19.319 +07:00","1363.7345338999999","TEST_95","95","-0.000975616"
"2026-08-04 15:13:20.466 +07:00","1364.8814739","TEST_95","95","-0.000949752"
"2026-08-04 15:13:21.150 +07:00","1365.5646482","TEST_95","95","-0.000964014"
"2026-08-04 15:13:21.827 +07:00","1366.2421782","TEST_95","95","-0.00098038"
"2026-08-04 15:13:22.519 +07:00","1366.9340673","TEST_95","95","-0.000966118"
"2026-08-04 15:13:23.208 +07:00","1367.6234975","TEST_95","95","-0.000945248"
"2026-08-04 15:13:23.895 +07:00","1368.3102517999998","TEST_95","95","-0.000953714"
"2026-08-04 15:13:24.587 +07:00","1369.0016213","TEST_95","95","-0.000957152"
"2026-08-04 15:13:25.282 +07:00","1369.6974622999999","TEST_95","95","-0.000937023"
"2026-08-04 15:13:25.961 +07:00","1370.3758096","TEST_95","95","-0.000933084"
"2026-08-04 15:13:26.637 +07:00","1371.0522127","TEST_95","95","-0.000917752"
"2026-08-04 15:13:27.738 +07:00","1372.1525596","TEST_95","95","-0.000931782"
"2026-08-04 15:13:28.436 +07:00","1372.8510347","TEST_95","95","-0.000920527"
"2026-08-04 15:13:29.127 +07:00","1373.5424318","TEST_95","95","-0.000935259"
"2026-08-04 15:13:29.820 +07:00","1374.2346165","TEST_95","95","-0.000916474"
"2026-08-04 15:13:30.499 +07:00","1374.9137097999999","TEST_95","95","-0.000940243"
"2026-08-04 15:13:31.195 +07:00","1375.6095678","TEST_95","95","-0.00093025"
"2026-08-04 15:13:31.889 +07:00","1376.3043149","TEST_95","95","-0.000950137"
"2026-08-04 15:13:32.565 +07:00","1376.9804726","TEST_95","95","-0.000942122"
"2026-08-04 15:13:33.256 +07:00","1377.6708029","TEST_95","95","-0.000967651"
"2026-08-04 15:13:33.940 +07:00","1378.3545745","TEST_95","95","-0.000962087"
"2026-08-04 15:13:35.166 +07:00","1379.5808067","TEST_95","95","-0.000982446"
"2026-08-04 15:13:35.866 +07:00","1380.2806059","TEST_95","95","-0.000989056"
"2026-08-04 15:13:36.555 +07:00","1380.9701000999999","TEST_95","95","-0.001008713"
"2026-08-04 15:13:37.250 +07:00","1381.6650183","TEST_95","95","-0.000983371"
"2026-08-04 15:13:37.931 +07:00","1382.3462049","TEST_95","95","-0.000984074"
"2026-08-04 15:13:38.626 +07:00","1383.0412764999999","TEST_95","95","-0.000990592"
"2026-08-04 15:13:39.317 +07:00","1383.7317301","TEST_95","95","-0.001011636"
"2026-08-04 15:13:39.993 +07:00","1384.4081132","TEST_95","95","-0.001004976"
"2026-08-04 15:13:40.677 +07:00","1385.0921624999999","TEST_95","95","-0.000984195"
"2026-08-04 15:13:41.339 +07:00","1385.7539162","TEST_95","95","-0.000976966"
"2026-08-04 15:13:42.484 +07:00","1386.8990268","TEST_95","95","-0.00098311"
"2026-08-04 15:13:43.158 +07:00","1387.5735092999998","TEST_95","95","-0.000995398"
"2026-08-04 15:13:43.856 +07:00","1388.2714164","TEST_95","95","-0.001001877"
"2026-08-04 15:13:44.537 +07:00","1388.952067","TEST_95","95","-0.000995405"
"2026-08-04 15:13:45.243 +07:00","1389.6578101999999","TEST_95","95","-0.000977161"
"2026-08-04 15:13:45.926 +07:00","1390.3413484","TEST_95","95","-0.000947836"
"2026-08-04 15:13:46.605 +07:00","1391.020254","TEST_95","95","-0.000939368"
"2026-08-04 15:13:47.295 +07:00","1391.7102513","TEST_95","95","-0.000966075"
"2026-08-04 15:13:47.972 +07:00","1392.3873233","TEST_95","95","-0.000946084"
"2026-08-04 15:13:48.670 +07:00","1393.0846956","TEST_95","95","-0.000934927"
"2026-08-04 15:13:49.802 +07:00","1394.2168425","TEST_95","95","-0.000914324"
"2026-08-04 15:13:50.492 +07:00","1394.9070285","TEST_95","95","-0.000914661"
"2026-08-04 15:13:51.169 +07:00","1395.5839942999999","TEST_95","95","-0.000916152"
"2026-08-04 15:13:51.853 +07:00","1396.2684264","TEST_95","95","-0.000926206"
"2026-08-04 15:13:52.530 +07:00","1396.9452844999998","TEST_95","95","-0.000951475"
"2026-08-04 15:13:53.237 +07:00","1397.652255","TEST_95","95","-0.000944605"
"2026-08-04 15:13:53.920 +07:00","1398.3345596","TEST_95","95","-0.000935789"
"2026-08-04 15:13:54.614 +07:00","1399.0294463999999","TEST_95","95","-0.000960065"
"2026-08-04 15:13:55.289 +07:00","1399.7044207","TEST_95","95","-0.000989508"
"2026-08-04 15:13:55.984 +07:00","1400.3995332","TEST_95","95","-0.00098961"
"2026-08-04 15:13:57.159 +07:00","1401.5744628","TEST_95","95","-0.001013396"
"2026-08-04 15:13:57.828 +07:00","1402.2427423","TEST_95","95","-0.001005883"
"2026-08-04 15:13:58.533 +07:00","1402.9479810999999","TEST_95","95","-0.001019851"
"2026-08-04 15:13:59.233 +07:00","1403.648381","TEST_95","95","-0.001020384"
"2026-08-04 15:13:59.912 +07:00","1404.3267028999999","TEST_95","95","-0.001022455"
"2026-08-04 15:14:00.604 +07:00","1405.0186715999998","TEST_95","95","-0.001018744"
"2026-08-04 15:14:01.303 +07:00","1405.7184361","TEST_95","95","-0.00101196"
"2026-08-04 15:14:01.998 +07:00","1406.4128862","TEST_95","95","-0.00101078"
"2026-08-04 15:14:02.684 +07:00","1407.0993919999999","TEST_95","95","-0.000994305"
"2026-08-04 15:14:03.370 +07:00","1407.7849651","TEST_95","95","-0.000976038"
"2026-08-04 15:14:04.492 +07:00","1408.9066604","TEST_95","95","-0.000998009"
"2026-08-04 15:14:05.175 +07:00","1409.590273","TEST_95","95","-0.001009104"
"2026-08-04 15:14:05.853 +07:00","1410.2685202999999","TEST_95","95","-0.001001332"
"2026-08-04 15:14:06.568 +07:00","1410.9832642","TEST_95","95","-0.001005881"
"2026-08-04 15:14:07.261 +07:00","1411.6759279","TEST_95","95","-0.00102252"
"2026-08-04 15:14:07.952 +07:00","1412.3675001","TEST_95","95","-0.001016084"
"2026-08-04 15:14:08.630 +07:00","1413.0451182","TEST_95","95","-0.001000663"
"2026-08-04 15:14:09.329 +07:00","1413.7441029","TEST_95","95","-0.001042353"
"2026-08-04 15:14:10.006 +07:00","1414.4210538","TEST_95","95","-0.001071855"
"2026-08-04 15:14:10.713 +07:00","1415.1284987","TEST_95","95","-0.001063211"
"2026-08-04 15:14:11.876 +07:00","1416.2909323","TEST_95","95","-0.001063681"
"2026-08-04 15:14:12.546 +07:00","1416.9608368","TEST_95","95","-0.001061077"
"2026-08-04 15:14:13.251 +07:00","1417.6659674","TEST_95","95","-0.001063957"
"2026-08-04 15:14:13.928 +07:00","1418.3431704","TEST_95","95","-0.001048864"
"2026-08-04 15:14:14.618 +07:00","1419.0334721","TEST_95","95","-0.001051532"
"2026-08-04 15:14:15.304 +07:00","1419.7190813","TEST_95","95","-0.001053938"
"2026-08-04 15:14:15.996 +07:00","1420.41058","TEST_95","95","-0.001014139"
"2026-08-04 15:14:16.691 +07:00","1421.1057478","TEST_95","95","-0.001012866"
"2026-08-04 15:14:17.371 +07:00","1421.7855611","TEST_95","95","-0.001009275"
"2026-08-04 15:14:18.052 +07:00","1422.4674399","TEST_95","95","-0.000975592"
"2026-08-04 15:14:19.178 +07:00","1423.5927465999998","TEST_95","95","-0.000961765"
"2026-08-04 15:14:19.872 +07:00","1424.2870292","TEST_95","95","-0.000965455"
"2026-08-04 15:14:20.553 +07:00","1424.9676864","TEST_95","95","-0.000964649"
"2026-08-04 15:14:21.246 +07:00","1425.6613496","TEST_95","95","-0.000926866"
"2026-08-04 15:14:21.937 +07:00","1426.3516127","TEST_95","95","-0.000922624"
"2026-08-04 15:14:22.617 +07:00","1427.0324206999999","TEST_95","95","-0.000941079"
"2026-08-04 15:14:23.314 +07:00","1427.7286726","TEST_95","95","-0.000918958"
"2026-08-04 15:14:24.003 +07:00","1428.4185023999999","TEST_95","95","-0.000922878"
"2026-08-04 15:14:24.704 +07:00","1429.1185833","TEST_95","95","-0.000930098"
"2026-08-04 15:14:25.397 +07:00","1429.8118611","TEST_95","95","-0.000924062"
"2026-08-04 15:14:26.560 +07:00","1430.9746361999998","TEST_95","95","-0.000899858"
"2026-08-04 15:14:27.238 +07:00","1431.6529705","TEST_95","95","-0.000897328"
"2026-08-04 15:14:27.908 +07:00","1432.3226382999999","TEST_95","95","-0.000934207"
"2026-08-04 15:14:28.579 +07:00","1432.9942423999998","TEST_95","95","-0.000934759"
"2026-08-04 15:14:29.271 +07:00","1433.6855679","TEST_95","95","-0.000931858"
"2026-08-04 15:14:29.953 +07:00","1434.3675887","TEST_95","95","-0.000944135"
"2026-08-04 15:14:30.632 +07:00","1435.0468389","TEST_95","95","-0.000970043"
"2026-08-04 15:14:31.336 +07:00","1435.7510489","TEST_95","95","-0.000956139"
"2026-08-04 15:14:32.016 +07:00","1436.4312424999998","TEST_95","95","-0.000975155"
"2026-08-04 15:14:32.691 +07:00","1437.1058538999998","TEST_95","95","-0.000966325"
"2026-08-04 15:14:33.893 +07:00","1438.3080614","TEST_95","95","-0.000978939"
"2026-08-04 15:14:34.569 +07:00","1438.9837421","TEST_95","95","-0.000969098"
"2026-08-04 15:14:35.244 +07:00","1439.6587239","TEST_95","95","-0.000978964"
"2026-08-04 15:14:35.929 +07:00","1440.3436924999999","TEST_95","95","-0.000970609"
"2026-08-04 15:14:36.606 +07:00","1441.0209086","TEST_95","95","-0.000956616"
"2026-08-04 15:14:37.314 +07:00","1441.7285577","TEST_95","95","-0.000943915"
"2026-08-04 15:14:37.982 +07:00","1442.3967341999999","TEST_95","95","-0.000957581"
"2026-08-04 15:14:38.689 +07:00","1443.1036018999998","TEST_95","95","-0.000940112"
"2026-08-04 15:14:39.365 +07:00","1443.7798802","TEST_95","95","-0.000949443"
"2026-08-04 15:14:40.064 +07:00","1444.4793293999999","TEST_95","95","-0.000944114"
"2026-08-04 15:14:41.209 +07:00","1445.6238959999998","TEST_95","95","-0.000973643"
"2026-08-04 15:14:41.887 +07:00","1446.3018588","TEST_95","95","-0.000978244"
"2026-08-04 15:14:42.577 +07:00","1446.9918349","TEST_95","95","-0.000987108"
"2026-08-04 15:14:43.248 +07:00","1447.6628471","TEST_95","95","-0.001012349"
"2026-08-04 15:14:43.939 +07:00","1448.3539779999999","TEST_95","95","-0.000990217"
"2026-08-04 15:14:44.644 +07:00","1449.058832","TEST_95","95","-0.000988147"
"2026-08-04 15:14:45.329 +07:00","1449.7437163","TEST_95","95","-0.000998501"
"2026-08-04 15:14:46.022 +07:00","1450.4374702","TEST_95","95","-0.001011306"
"2026-08-04 15:14:46.699 +07:00","1451.1138352","TEST_95","95","-0.001023843"
"2026-08-04 15:14:47.394 +07:00","1451.8090915","TEST_95","95","-0.001014291"
"2026-08-04 15:14:48.517 +07:00","1452.9316388","TEST_95","95","-0.001003011"
"2026-08-04 15:14:49.188 +07:00","1453.6027024","TEST_95","95","-0.001009705"
"2026-08-04 15:14:49.881 +07:00","1454.2961933","TEST_95","95","-0.000989848"
"2026-08-04 15:14:50.576 +07:00","1454.9908148","TEST_95","95","-0.001005407"
"2026-08-04 15:14:51.272 +07:00","1455.6865994999998","TEST_95","95","-0.001009265"
"2026-08-04 15:14:51.958 +07:00","1456.3733634999999","TEST_95","95","-0.000983694"
"2026-08-04 15:14:52.653 +07:00","1457.0679186","TEST_95","95","-0.000970278"
"2026-08-04 15:14:53.340 +07:00","1457.7549402","TEST_95","95","-0.000974295"
"2026-08-04 15:14:54.032 +07:00","1458.4465777","TEST_95","95","-0.000955629"
"2026-08-04 15:14:54.721 +07:00","1459.1358956","TEST_95","95","-0.000961913"
"2026-08-04 15:14:55.916 +07:00","1460.3307267","TEST_95","95","-0.000965707"
"2026-08-04 15:14:56.600 +07:00","1461.0150818","TEST_95","95","-0.000982549"
"2026-08-04 15:14:57.278 +07:00","1461.6932282","TEST_95","95","-0.000996682"
"2026-08-04 15:14:57.986 +07:00","1462.4013767","TEST_95","95","-0.001022812"
"2026-08-04 15:14:58.658 +07:00","1463.0728924","TEST_95","95","-0.001011829"
"2026-08-04 15:14:59.329 +07:00","1463.7440546","TEST_95","95","-0.001040073"
"2026-08-04 15:15:00.022 +07:00","1464.436633","TEST_95","95","-0.001016729"
"2026-08-04 15:15:00.722 +07:00","1465.1368075","TEST_95","95","-0.001018735"
"2026-08-04 15:15:01.430 +07:00","1465.8449965","TEST_95","95","-0.001017661"
"2026-08-04 15:15:02.117 +07:00","1466.5324151","TEST_95","95","-0.001010981"
"2026-08-04 15:15:03.376 +07:00","1467.7909379999999","TEST_95","95","-0.000967815"
"2026-08-04 15:15:04.047 +07:00","1468.4620424","TEST_95","95","-0.000956731"
"2026-08-04 15:15:04.739 +07:00","1469.1539174","TEST_95","95","-0.000945963"
"2026-08-04 15:15:05.438 +07:00","1469.8526055999998","TEST_95","95","-0.00099423"
"2026-08-04 15:15:06.130 +07:00","1470.5450002","TEST_95","95","-0.000958093"
"2026-08-04 15:15:06.807 +07:00","1471.2216131","TEST_95","95","-0.000970126"
"2026-08-04 15:15:07.519 +07:00","1471.934487","TEST_95","95","-0.000990143"
"2026-08-04 15:15:08.212 +07:00","1472.6272302","TEST_95","95","-0.000965589"
"2026-08-04 15:15:08.905 +07:00","1473.3201712999999","TEST_95","95","-0.000953685"
"2026-08-04 15:15:09.582 +07:00","1473.9975272","TEST_95","95","-0.000972673"
"2026-08-04 15:15:10.764 +07:00","1475.1788313","TEST_95","95","-0.00098059"
"2026-08-04 15:15:11.460 +07:00","1475.8753305","TEST_95","95","-0.00096163"
"2026-08-04 15:15:12.150 +07:00","1476.5647316","TEST_95","95","-0.000959183"
"2026-08-04 15:15:12.832 +07:00","1477.2465516","TEST_95","95","-0.000975607"
"2026-08-04 15:15:13.498 +07:00","1477.9133459999998","TEST_95","95","-0.000961533"
"2026-08-04 15:15:14.204 +07:00","1478.6187181","TEST_95","95","-0.000948421"
"2026-08-04 15:15:14.881 +07:00","1479.2957589","TEST_95","95","-0.000962673"
"2026-08-04 15:15:15.594 +07:00","1480.0085686","TEST_95","95","-0.000969687"
"2026-08-04 15:15:16.288 +07:00","1480.7027569","TEST_95","95","-0.000952332"
"2026-08-04 15:15:16.973 +07:00","1481.3876301","TEST_95","95","-0.000964544"
"2026-08-04 15:15:18.486 +07:00","1482.9014071","TEST_95","95","-0.000908046"
"2026-08-04 15:15:19.166 +07:00","1483.5813429","TEST_95","95","-0.000902503"
"2026-08-04 15:15:19.861 +07:00","1484.275815","TEST_95","95","-0.000901408"
"2026-08-04 15:15:20.541 +07:00","1484.9563919999998","TEST_95","95","-0.000903289"
"2026-08-04 15:15:21.234 +07:00","1485.6486905","TEST_95","95","-0.000925586"
"2026-08-04 15:15:21.944 +07:00","1486.3587823","TEST_95","95","-0.000928822"
"2026-08-04 15:15:22.619 +07:00","1487.0344874","TEST_95","95","-0.000958532"
"2026-08-04 15:15:23.296 +07:00","1487.7109606","TEST_95","95","-0.000960464"
"2026-08-04 15:15:23.993 +07:00","1488.408175","TEST_95","95","-0.000966737"
"2026-08-04 15:15:24.687 +07:00","1489.1018522","TEST_95","95","-0.00097174"
"2026-08-04 15:15:25.832 +07:00","1490.2465643","TEST_95","95","-0.000989471"
"2026-08-04 15:15:26.525 +07:00","1490.9399862999999","TEST_95","95","-0.000997333"
"2026-08-04 15:15:27.223 +07:00","1491.6378461","TEST_95","95","-0.000998832"
"2026-08-04 15:15:27.902 +07:00","1492.3166778","TEST_95","95","-0.001004913"
"2026-08-04 15:15:28.607 +07:00","1493.0220255","TEST_95","95","-0.001022742"
"2026-08-04 15:15:29.292 +07:00","1493.7066711","TEST_95","95","-0.001010982"
"2026-08-04 15:15:29.986 +07:00","1494.4011008999998","TEST_95","95","-0.001000853"
"2026-08-04 15:15:30.661 +07:00","1495.0758465","TEST_95","95","-0.00101267"
"2026-08-04 15:15:31.352 +07:00","1495.7667858","TEST_95","95","-0.001043239"
"2026-08-04 15:15:32.053 +07:00","1496.4682120999998","TEST_95","95","-0.001068316"
"2026-08-04 15:15:33.326 +07:00","1497.7411557","TEST_95","95","-0.001052149"
"2026-08-04 15:15:34.004 +07:00","1498.4195195999998","TEST_95","95","-0.001056823"
"2026-08-04 15:15:34.687 +07:00","1499.1021962999998","TEST_95","95","-0.001003394"
"2026-08-04 15:15:35.394 +07:00","1499.8087355999999","TEST_95","95","-0.001002028"
"2026-08-04 15:15:36.071 +07:00","1500.4855825","TEST_95","95","-0.001001529"
"2026-08-04 15:15:36.768 +07:00","1501.1825774","TEST_95","95","-0.001002402"
"2026-08-04 15:15:37.447 +07:00","1501.8616206","TEST_95","95","-0.000979149"
"2026-08-04 15:15:38.123 +07:00","1502.5384494","TEST_95","95","-0.000969349"
"2026-08-04 15:15:38.819 +07:00","1503.2341781999999","TEST_95","95","-0.000940999"
"2026-08-04 15:15:39.500 +07:00","1503.9150018999999","TEST_95","95","-0.0009362"
"2026-08-04 15:15:40.645 +07:00","1505.0597017999999","TEST_95","95","-0.000943127"
"2026-08-04 15:15:41.320 +07:00","1505.7353515","TEST_95","95","-0.000994206"
"2026-08-04 15:15:42.033 +07:00","1506.447849","TEST_95","95","-0.000970919"
"2026-08-04 15:15:42.712 +07:00","1507.127272","TEST_95","95","-0.000959406"
"2026-08-04 15:15:43.404 +07:00","1507.8190365","TEST_95","95","-0.000992031"
"2026-08-04 15:15:44.100 +07:00","1508.515299","TEST_95","95","-0.000963575"
"2026-08-04 15:15:44.797 +07:00","1509.2115835","TEST_95","95","-0.000952435"
"2026-08-04 15:15:45.487 +07:00","1509.902441","TEST_95","95","-0.000964273"
"2026-08-04 15:15:46.148 +07:00","1510.56307","TEST_95","95","-0.00094993"
"2026-08-04 15:15:46.834 +07:00","1511.2492535","TEST_95","95","-0.000948574"
"2026-08-04 15:15:48.010 +07:00","1512.42536","TEST_95","95","-0.000948962"
"2026-08-04 15:15:48.698 +07:00","1513.1132825","TEST_95","95","-0.000959063"
"2026-08-04 15:15:49.377 +07:00","1513.7923362","TEST_95","95","-0.000998945"
"2026-08-04 15:15:50.046 +07:00","1514.4608741","TEST_95","95","-0.000964006"
"2026-08-04 15:15:50.753 +07:00","1515.1682191999998","TEST_95","95","-0.001005263"
"2026-08-04 15:15:51.444 +07:00","1515.8589759","TEST_95","95","-0.001013786"
"2026-08-04 15:15:52.146 +07:00","1516.5611187","TEST_95","95","-0.00102662"
"2026-08-04 15:15:52.823 +07:00","1517.2377190999998","TEST_95","95","-0.001015679"
"2026-08-04 15:15:53.528 +07:00","1517.9427916","TEST_95","95","-0.001030099"
"2026-08-04 15:15:54.209 +07:00","1518.6245367","TEST_95","95","-0.001029274"
"2026-08-04 15:15:55.471 +07:00","1519.8858102","TEST_95","95","-0.001030129"
"2026-08-04 15:15:56.161 +07:00","1520.5761241","TEST_95","95","-0.000979768"
"2026-08-04 15:15:56.860 +07:00","1521.2749658","TEST_95","95","-0.000965137"
"2026-08-04 15:15:57.543 +07:00","1521.957567","TEST_95","95","-0.000945667"
"2026-08-04 15:15:58.213 +07:00","1522.6284062999998","TEST_95","95","-0.000934928"
"2026-08-04 15:15:58.911 +07:00","1523.3263178","TEST_95","95","-0.000922409"
"2026-08-04 15:15:59.591 +07:00","1524.0061988","TEST_95","95","-0.000948461"
"2026-08-04 15:16:00.282 +07:00","1524.6969116","TEST_95","95","-0.000947904"
"2026-08-04 15:16:00.973 +07:00","1525.3875914","TEST_95","95","-0.000922626"
"2026-08-04 15:16:01.657 +07:00","1526.0721896999999","TEST_95","95","-0.000932269"
"2026-08-04 15:16:02.774 +07:00","1527.1895365","TEST_95","95","-0.000956763"
"2026-08-04 15:16:03.449 +07:00","1527.8641579","TEST_95","95","-0.000987179"
"2026-08-04 15:16:04.155 +07:00","1528.5704332","TEST_95","95","-0.001025116"
"2026-08-04 15:16:04.839 +07:00","1529.2539293999998","TEST_95","95","-0.001036957"
"2026-08-04 15:16:05.518 +07:00","1529.9331574","TEST_95","95","-0.001048615"
"2026-08-04 15:16:06.224 +07:00","1530.6391647","TEST_95","95","-0.001048781"
"2026-08-04 15:16:06.916 +07:00","1531.3312151999999","TEST_95","95","-0.001038442"
"2026-08-04 15:16:07.600 +07:00","1532.014846","TEST_95","95","-0.001041404"
"2026-08-04 15:16:08.277 +07:00","1532.6924368","TEST_95","95","-0.001050863"
"2026-08-04 15:16:08.971 +07:00","1533.3859065","TEST_95","95","-0.001059711"
"2026-08-04 15:16:10.264 +07:00","1534.6792934999999","TEST_95","95","-0.001034809"
"2026-08-04 15:16:10.941 +07:00","1535.3555669","TEST_95","95","-0.001003204"
"2026-08-04 15:16:11.636 +07:00","1536.0508353","TEST_95","95","-0.000998511"
"2026-08-04 15:16:12.333 +07:00","1536.7476559","TEST_95","95","-0.000998622"
"2026-08-04 15:16:13.023 +07:00","1537.4384281999999","TEST_95","95","-0.00098965"
"2026-08-04 15:16:13.702 +07:00","1538.1173457999998","TEST_95","95","-0.000994621"
"2026-08-04 15:16:14.401 +07:00","1538.8163186","TEST_95","95","-0.001014112"
"2026-08-04 15:16:15.094 +07:00","1539.5092886","TEST_95","95","-0.00099755"
"2026-08-04 15:16:15.787 +07:00","1540.2024001","TEST_95","95","-0.000985798"
"2026-08-04 15:16:16.483 +07:00","1540.8979765","TEST_95","95","-0.000980569"
"2026-08-04 15:16:17.664 +07:00","1542.0789591999999","TEST_95","95","-0.000974244"
"2026-08-04 15:16:18.355 +07:00","1542.769574","TEST_95","95","-0.000972987"
"2026-08-04 15:16:19.032 +07:00","1543.4475022","TEST_95","95","-0.00098606"
"2026-08-04 15:16:19.730 +07:00","1544.1453543999999","TEST_95","95","-0.00098799"
"2026-08-04 15:16:20.423 +07:00","1544.8383749","TEST_95","95","-0.00097724"
"2026-08-04 15:16:21.113 +07:00","1545.528196","TEST_95","95","-0.000963735"
"2026-08-04 15:16:21.796 +07:00","1546.2114368","TEST_95","95","-0.000957638"
"2026-08-04 15:16:22.461 +07:00","1546.8756008","TEST_95","95","-0.000944505"
"2026-08-04 15:16:23.167 +07:00","1547.5816453","TEST_95","95","-0.000940762"
"2026-08-04 15:16:23.852 +07:00","1548.2671407999999","TEST_95","95","-0.000947349"
"2026-08-04 15:16:25.108 +07:00","1549.5232480999998","TEST_95","95","-0.00094004"
"2026-08-04 15:16:25.800 +07:00","1550.2152793","TEST_95","95","-0.000938485"
"2026-08-04 15:16:26.495 +07:00","1550.9096382999999","TEST_95","95","-0.000937065"
"2026-08-04 15:16:27.193 +07:00","1551.6076705","TEST_95","95","-0.000932865"
"2026-08-04 15:16:27.880 +07:00","1552.2954642999998","TEST_95","95","-0.000929016"
"2026-08-04 15:16:28.561 +07:00","1552.9759172","TEST_95","95","-0.000951374"
"2026-08-04 15:16:29.261 +07:00","1553.6756712","TEST_95","95","-0.000984784"
"2026-08-04 15:16:29.953 +07:00","1554.3678029999999","TEST_95","95","-0.000994118"
"2026-08-04 15:16:30.645 +07:00","1555.0596111","TEST_95","95","-0.000989122"
"2026-08-04 15:16:31.326 +07:00","1555.7407808","TEST_95","95","-0.000985877"
"2026-08-04 15:16:32.538 +07:00","1556.9531809999999","TEST_95","95","-0.000984244"
"2026-08-04 15:16:33.229 +07:00","1557.6443402999998","TEST_95","95","-0.000975626"
"2026-08-04 15:16:33.909 +07:00","1558.3240601999998","TEST_95","95","-0.000987498"
"2026-08-04 15:16:34.581 +07:00","1558.9962299","TEST_95","95","-0.001024865"
"2026-08-04 15:16:35.266 +07:00","1559.6808987","TEST_95","95","-0.000992989"
"2026-08-04 15:16:35.972 +07:00","1560.3874552999998","TEST_95","95","-0.000968697"
"2026-08-04 15:16:36.657 +07:00","1561.0721478","TEST_95","95","-0.000973997"
"2026-08-04 15:16:37.334 +07:00","1561.749319","TEST_95","95","-0.000982697"
"2026-08-04 15:16:38.023 +07:00","1562.4380962","TEST_95","95","-0.00097874"
"2026-08-04 15:16:38.705 +07:00","1563.1202721","TEST_95","95","-0.000992746"
"2026-08-04 15:16:39.886 +07:00","1564.3015329","TEST_95","95","-0.000980066"
"2026-08-04 15:16:40.563 +07:00","1564.977723","TEST_95","95","-0.000960929"
"2026-08-04 15:16:41.271 +07:00","1565.6858905","TEST_95","95","-0.000947642"
"2026-08-04 15:16:41.955 +07:00","1566.3700247","TEST_95","95","-0.000984966"
"2026-08-04 15:16:42.632 +07:00","1567.0472379999999","TEST_95","95","-0.000972675"
"2026-08-04 15:16:43.323 +07:00","1567.7384713","TEST_95","95","-0.000966418"
"2026-08-04 15:16:44.019 +07:00","1568.434428","TEST_95","95","-0.000957376"
"2026-08-04 15:16:44.698 +07:00","1569.1134279999999","TEST_95","95","-0.000971898"
"2026-08-04 15:16:45.390 +07:00","1569.8049434","TEST_95","95","-0.000959591"
"2026-08-04 15:16:46.073 +07:00","1570.4878228999999","TEST_95","95","-0.00099575"
"2026-08-04 15:16:47.275 +07:00","1571.690109","TEST_95","95","-0.000990629"
"2026-08-04 15:16:47.945 +07:00","1572.3600104","TEST_95","95","-0.000968143"
"2026-08-04 15:16:48.636 +07:00","1573.0507559999999","TEST_95","95","-0.000955049"
"2026-08-04 15:16:49.332 +07:00","1573.7471028","TEST_95","95","-0.000973916"
"2026-08-04 15:16:50.011 +07:00","1574.4263529","TEST_95","95","-0.000959929"
"2026-08-04 15:16:50.702 +07:00","1575.1172216","TEST_95","95","-0.000956662"
"2026-08-04 15:16:51.384 +07:00","1575.7990837999998","TEST_95","95","-0.000955383"
"2026-08-04 15:16:52.079 +07:00","1576.4936592","TEST_95","95","-0.000947586"
"2026-08-04 15:16:52.758 +07:00","1577.1734526999999","TEST_95","95","-0.000933665"
"2026-08-04 15:16:53.462 +07:00","1577.8774116","TEST_95","95","-0.000939608"
"2026-08-04 15:16:54.674 +07:00","1579.0888206","TEST_95","95","-0.001041995"
"2026-08-04 15:16:55.342 +07:00","1579.757513","TEST_95","95","-0.001048822"
"2026-08-04 15:16:56.050 +07:00","1580.4646676999998","TEST_95","95","-0.001039508"
"2026-08-04 15:16:56.731 +07:00","1581.1455824999998","TEST_95","95","-0.001067411"
"2026-08-04 15:16:57.427 +07:00","1581.8415757999999","TEST_95","95","-0.001052342"
"2026-08-04 15:16:58.102 +07:00","1582.5171842999998","TEST_95","95","-0.001053974"
"2026-08-04 15:16:58.777 +07:00","1583.1917944","TEST_95","95","-0.001062861"
"2026-08-04 15:16:59.462 +07:00","1583.8770903999998","TEST_95","95","-0.001100892"
"2026-08-04 15:17:00.155 +07:00","1584.5696384","TEST_95","95","-0.001066531"
"2026-08-04 15:17:00.842 +07:00","1585.2572694","TEST_95","95","-0.000999333"
"2026-08-04 15:17:02.134 +07:00","1586.5491789999999","TEST_95","95","-0.000992816"
"2026-08-04 15:17:02.819 +07:00","1587.2342397","TEST_95","95","-0.001003618"
"2026-08-04 15:17:03.511 +07:00","1587.9257768999998","TEST_95","95","-0.00098741"
"2026-08-04 15:17:04.209 +07:00","1588.624184","TEST_95","95","-0.000995847"
"2026-08-04 15:17:04.903 +07:00","1589.3183038999998","TEST_95","95","-0.000985559"
"2026-08-04 15:17:05.580 +07:00","1589.994827","TEST_95","95","-0.000977388"
"2026-08-04 15:17:06.276 +07:00","1590.6910501","TEST_95","95","-0.000928459"
"2026-08-04 15:17:06.972 +07:00","1591.3868556999998","TEST_95","95","-0.000943335"
"2026-08-04 15:17:07.647 +07:00","1592.0622521999999","TEST_95","95","-0.000919365"
"2026-08-04 15:17:08.325 +07:00","1592.7402685","TEST_95","95","-0.00091734"
"2026-08-04 15:17:09.452 +07:00","1593.8672319999998","TEST_95","95","-0.000908882"
"2026-08-04 15:17:10.152 +07:00","1594.5674907999999","TEST_95","95","-0.000917255"
"2026-08-04 15:17:10.844 +07:00","1595.2593368","TEST_95","95","-0.000912047"
"2026-08-04 15:17:11.523 +07:00","1595.9381518999999","TEST_95","95","-0.000991777"
"2026-08-04 15:17:12.222 +07:00","1596.6368472","TEST_95","95","-0.000992382"
"2026-08-04 15:17:12.912 +07:00","1597.3267139","TEST_95","95","-0.001024016"
"2026-08-04 15:17:13.602 +07:00","1598.016705","TEST_95","95","-0.00103992"
"2026-08-04 15:17:14.289 +07:00","1598.7039445999999","TEST_95","95","-0.001053103"
"2026-08-04 15:17:14.981 +07:00","1599.3965102999998","TEST_95","95","-0.001044944"
"2026-08-04 15:17:15.673 +07:00","1600.0878762","TEST_95","95","-0.001059091"
"2026-08-04 15:17:17.177 +07:00","1601.5918092","TEST_95","95","-0.001072794"
"2026-08-04 15:17:17.871 +07:00","1602.2857124","TEST_95","95","-0.001067261"
"2026-08-04 15:17:18.553 +07:00","1602.9681613","TEST_95","95","-0.001073318"
"2026-08-04 15:17:19.246 +07:00","1603.6611242","TEST_95","95","-0.001058433"
"2026-08-04 15:17:19.952 +07:00","1604.3668489","TEST_95","95","-0.001046736"
"2026-08-04 15:17:20.635 +07:00","1605.0501669999999","TEST_95","95","-0.001030032"
"2026-08-04 15:17:21.328 +07:00","1605.743107","TEST_95","95","-0.001025388"
"2026-08-04 15:17:22.005 +07:00","1606.4196682","TEST_95","95","-0.001018759"
"2026-08-04 15:17:22.703 +07:00","1607.1177713","TEST_95","95","-0.001022371"
"2026-08-04 15:17:23.395 +07:00","1607.8103687","TEST_95","95","-0.001009392"
"2026-08-04 15:17:24.607 +07:00","1609.0220315","TEST_95","95","-0.000972469"
"2026-08-04 15:17:25.295 +07:00","1609.7096792999998","TEST_95","95","-0.00097859"
"2026-08-04 15:17:25.980 +07:00","1610.3948618","TEST_95","95","-0.000984227"
"2026-08-04 15:17:26.659 +07:00","1611.0737738","TEST_95","95","-0.000981539"
"2026-08-04 15:17:27.365 +07:00","1611.7802319999998","TEST_95","95","-0.000979919"
"2026-08-04 15:17:28.048 +07:00","1612.4631949999998","TEST_95","95","-0.000988637"
"2026-08-04 15:17:28.742 +07:00","1613.1574833","TEST_95","95","-0.000969049"
"2026-08-04 15:17:29.418 +07:00","1613.8326163","TEST_95","95","-0.001019106"
"2026-08-04 15:17:30.098 +07:00","1614.5127665","TEST_95","95","-0.001043555"
"2026-08-04 15:17:30.779 +07:00","1615.1937375","TEST_95","95","-0.001042501"
"2026-08-04 15:17:32.004 +07:00","1616.4189764999999","TEST_95","95","-0.001075128"
"2026-08-04 15:17:32.694 +07:00","1617.1087138","TEST_95","95","-0.001056336"
"2026-08-04 15:17:33.386 +07:00","1617.8011913999999","TEST_95","95","-0.00107618"
"2026-08-04 15:17:34.088 +07:00","1618.5029158999998","TEST_95","95","-0.001099148"
"2026-08-04 15:17:34.777 +07:00","1619.1921528999999","TEST_95","95","-0.001101337"
"2026-08-04 15:17:35.461 +07:00","1619.8756904","TEST_95","95","-0.001122123"
"2026-08-04 15:17:36.124 +07:00","1620.5391892","TEST_95","95","-0.001063611"
"2026-08-04 15:17:36.829 +07:00","1621.2440599","TEST_95","95","-0.00105852"
"2026-08-04 15:17:37.511 +07:00","1621.9258794","TEST_95","95","-0.001052928"
"2026-08-04 15:17:38.193 +07:00","1622.6076148","TEST_95","95","-0.001029467"
"2026-08-04 15:17:39.464 +07:00","1623.8787805","TEST_95","95","-0.001051842"
"2026-08-04 15:17:40.159 +07:00","1624.5743337","TEST_95","95","-0.001030661"
"2026-08-04 15:17:40.826 +07:00","1625.2405489","TEST_95","95","-0.001012753"
"2026-08-04 15:17:41.517 +07:00","1625.9315829999998","TEST_95","95","-0.001018727"
"2026-08-04 15:17:42.214 +07:00","1626.6286585","TEST_95","95","-0.001012035"
"2026-08-04 15:17:42.906 +07:00","1627.3209270999998","TEST_95","95","-0.001024832"
"2026-08-04 15:17:43.585 +07:00","1627.9996841999998","TEST_95","95","-0.001009021"
"2026-08-04 15:17:44.290 +07:00","1628.7047436","TEST_95","95","-0.000999043"
"2026-08-04 15:17:44.973 +07:00","1629.3879619","TEST_95","95","-0.000981209"
"2026-08-04 15:17:45.655 +07:00","1630.0699640999999","TEST_95","95","-0.000977036"
"2026-08-04 15:17:46.863 +07:00","1631.2780412","TEST_95","95","-0.00097099"
"2026-08-04 15:17:47.540 +07:00","1631.9549309","TEST_95","95","-0.000977408"
"2026-08-04 15:17:48.254 +07:00","1632.6686094","TEST_95","95","-0.000967439"
"2026-08-04 15:17:48.931 +07:00","1633.3458395","TEST_95","95","-0.00096248"
"2026-08-04 15:17:49.621 +07:00","1634.0364987","TEST_95","95","-0.000956684"
"2026-08-04 15:17:50.321 +07:00","1634.7356303","TEST_95","95","-0.000968949"
"2026-08-04 15:17:51.011 +07:00","1635.4256561","TEST_95","95","-0.000988434"
"2026-08-04 15:17:51.691 +07:00","1636.1056268999998","TEST_95","95","-0.000974535"
"2026-08-04 15:17:52.388 +07:00","1636.8027229","TEST_95","95","-0.00096701"
"2026-08-04 15:17:53.081 +07:00","1637.4961750999998","TEST_95","95","-0.000956099"
"2026-08-04 15:17:54.275 +07:00","1638.6904863","TEST_95","95","-0.000930454"
"2026-08-04 15:17:54.983 +07:00","1639.3980792999998","TEST_95","95","-0.000904825"
"2026-08-04 15:17:55.652 +07:00","1640.0674437","TEST_95","95","-0.000895512"
"2026-08-04 15:17:56.359 +07:00","1640.774297","TEST_95","95","-0.000905157"
"2026-08-04 15:17:57.047 +07:00","1641.4622345999999","TEST_95","95","-0.000891283"
"2026-08-04 15:17:57.736 +07:00","1642.1514883999998","TEST_95","95","-0.00087919"
"2026-08-04 15:17:58.428 +07:00","1642.8429572999999","TEST_95","95","-0.000887088"
"2026-08-04 15:17:59.103 +07:00","1643.5183018999999","TEST_95","95","-0.000879363"
"2026-08-04 15:17:59.799 +07:00","1644.2136312999999","TEST_95","95","-0.000893055"
"2026-08-04 15:18:00.480 +07:00","1644.8951937","TEST_95","95","-0.000919386"
"2026-08-04 15:18:01.737 +07:00","1646.1516259999999","TEST_95","95","-0.001002676"
"2026-08-04 15:18:02.414 +07:00","1646.8293497999998","TEST_95","95","-0.001012454"
"2026-08-04 15:18:03.088 +07:00","1647.5032967999998","TEST_95","95","-0.000968815"
"2026-08-04 15:18:03.773 +07:00","1648.1878273999998","TEST_95","95","-0.000961735"
"2026-08-04 15:18:04.463 +07:00","1648.8781831","TEST_95","95","-0.000976236"
"2026-08-04 15:18:05.146 +07:00","1649.560687","TEST_95","95","-0.001000532"
"2026-08-04 15:18:05.826 +07:00","1650.2407535999998","TEST_95","95","-0.001003171"
"2026-08-04 15:18:06.517 +07:00","1650.9324351","TEST_95","95","-0.000965194"
"2026-08-04 15:18:07.200 +07:00","1651.6149031999998","TEST_95","95","-0.00096709"
"2026-08-04 15:18:07.892 +07:00","1652.3069639","TEST_95","95","-0.000982545"
"2026-08-04 15:18:09.108 +07:00","1653.5232956","TEST_95","95","-0.000973536"
"2026-08-04 15:18:09.779 +07:00","1654.1938301999999","TEST_95","95","-0.000979525"
"2026-08-04 15:18:10.478 +07:00","1654.8929335999999","TEST_95","95","-0.00100565"
"2026-08-04 15:18:11.169 +07:00","1655.5844326","TEST_95","95","-0.001008674"
"2026-08-04 15:18:11.859 +07:00","1656.2743756999998","TEST_95","95","-0.000971098"
"2026-08-04 15:18:12.543 +07:00","1656.957825","TEST_95","95","-0.000983079"
"2026-08-04 15:18:13.239 +07:00","1657.6536468","TEST_95","95","-0.000989139"
"2026-08-04 15:18:13.916 +07:00","1658.3309206","TEST_95","95","-0.001041834"
"2026-08-04 15:18:14.624 +07:00","1659.0386466999998","TEST_95","95","-0.001047027"
"2026-08-04 15:18:15.307 +07:00","1659.7219953","TEST_95","95","-0.001025934"
"2026-08-04 15:18:16.531 +07:00","1660.9461173999998","TEST_95","95","-0.001067515"
"2026-08-04 15:18:17.209 +07:00","1661.6236961","TEST_95","95","-0.001077099"
"2026-08-04 15:18:17.905 +07:00","1662.3195595999998","TEST_95","95","-0.001062743"
"2026-08-04 15:18:18.599 +07:00","1663.014046","TEST_95","95","-0.001085702"
"2026-08-04 15:18:19.275 +07:00","1663.6896083","TEST_95","95","-0.001073694"
"2026-08-04 15:18:19.956 +07:00","1664.3708677","TEST_95","95","-0.001074366"
"2026-08-04 15:18:20.632 +07:00","1665.0473628999998","TEST_95","95","-0.000987523"
"2026-08-04 15:18:21.328 +07:00","1665.7426745","TEST_95","95","-0.000965765"
"2026-08-04 15:18:22.007 +07:00","1666.4219346999998","TEST_95","95","-0.000972598"
"2026-08-04 15:18:22.672 +07:00","1667.0868096","TEST_95","95","-0.000975219"
"2026-08-04 15:18:23.881 +07:00","1668.2958416","TEST_95","95","-0.000913187"
"2026-08-04 15:18:24.572 +07:00","1668.9869777","TEST_95","95","-0.000937154"
"2026-08-04 15:18:25.253 +07:00","1669.6683656999999","TEST_95","95","-0.000943407"
"2026-08-04 15:18:25.933 +07:00","1670.3481746","TEST_95","95","-0.000919881"
"2026-08-04 15:18:26.624 +07:00","1671.0385701999999","TEST_95","95","-0.000951552"
"2026-08-04 15:18:27.303 +07:00","1671.7184946999998","TEST_95","95","-0.000976828"
"2026-08-04 15:18:27.985 +07:00","1672.4001865999999","TEST_95","95","-0.000986575"
"2026-08-04 15:18:28.661 +07:00","1673.0762737999999","TEST_95","95","-0.000994893"
"2026-08-04 15:18:29.369 +07:00","1673.784433","TEST_95","95","-0.00099476"
"2026-08-04 15:18:30.068 +07:00","1674.4830307999998","TEST_95","95","-0.000987534"
"2026-08-04 15:18:31.404 +07:00","1675.8189353999999","TEST_95","95","-0.000969052"
"2026-08-04 15:18:32.085 +07:00","1676.4997021","TEST_95","95","-0.000945378"
"2026-08-04 15:18:32.764 +07:00","1677.1788311","TEST_95","95","-0.000958604"
"2026-08-04 15:18:33.442 +07:00","1677.8573112","TEST_95","95","-0.000938443"
"2026-08-04 15:18:34.134 +07:00","1678.5486661999998","TEST_95","95","-0.000929677"
"2026-08-04 15:18:34.848 +07:00","1679.2630150999998","TEST_95","95","-0.000914238"
"2026-08-04 15:18:35.542 +07:00","1679.9569755999999","TEST_95","95","-0.000927988"
"2026-08-04 15:18:36.219 +07:00","1680.6340123","TEST_95","95","-0.000921861"
"2026-08-04 15:18:36.925 +07:00","1681.3397125","TEST_95","95","-0.000939559"
"2026-08-04 15:18:37.609 +07:00","1682.0244969999999","TEST_95","95","-0.000952034"
"2026-08-04 15:18:38.899 +07:00","1683.3138122999999","TEST_95","95","-0.000989227"
"2026-08-04 15:18:39.579 +07:00","1683.9943623","TEST_95","95","-0.00098876"
"2026-08-04 15:18:40.259 +07:00","1684.6740952","TEST_95","95","-0.000979246"
"2026-08-04 15:18:40.966 +07:00","1685.381162","TEST_95","95","-0.000982406"
"2026-08-04 15:18:41.647 +07:00","1686.0620744999999","TEST_95","95","-0.000992531"
"2026-08-04 15:18:42.313 +07:00","1686.7282432","TEST_95","95","-0.00100033"
"2026-08-04 15:18:43.024 +07:00","1687.4389383","TEST_95","95","-0.001020389"
"2026-08-04 15:18:43.708 +07:00","1688.1228973","TEST_95","95","-0.001002357"
"2026-08-04 15:18:44.410 +07:00","1688.8251334","TEST_95","95","-0.000997972"
"2026-08-04 15:18:45.088 +07:00","1689.5033955","TEST_95","95","-0.00097254"
"2026-08-04 15:18:46.342 +07:00","1690.7572553999998","TEST_95","95","-0.000988555"
"2026-08-04 15:18:47.040 +07:00","1691.4552789","TEST_95","95","-0.000980201"
"2026-08-04 15:18:47.736 +07:00","1692.1507362999998","TEST_95","95","-0.000968479"
"2026-08-04 15:18:48.411 +07:00","1692.8257296","TEST_95","95","-0.000951233"
"2026-08-04 15:18:49.110 +07:00","1693.5251076","TEST_95","95","-0.000922235"
"2026-08-04 15:18:49.788 +07:00","1694.2031089999998","TEST_95","95","-0.000938808"
"2026-08-04 15:18:50.481 +07:00","1694.8960433999998","TEST_95","95","-0.000944947"
"2026-08-04 15:18:51.173 +07:00","1695.5877136","TEST_95","95","-0.000929083"
"2026-08-04 15:18:51.842 +07:00","1696.2567553","TEST_95","95","-0.000968286"
"2026-08-04 15:18:52.548 +07:00","1696.9628782","TEST_95","95","-0.000995266"
"2026-08-04 15:18:53.820 +07:00","1698.2352853","TEST_95","95","-0.001003371"
"2026-08-04 15:18:54.490 +07:00","1698.9054953","TEST_95","95","-0.00102598"
"2026-08-04 15:18:55.181 +07:00","1699.5961874","TEST_95","95","-0.001040196"
"2026-08-04 15:18:55.887 +07:00","1700.3016610999998","TEST_95","95","-0.001022133"
"2026-08-04 15:18:56.586 +07:00","1701.0014572999999","TEST_95","95","-0.000988108"
"2026-08-04 15:18:57.265 +07:00","1701.679879","TEST_95","95","-0.000967975"
"2026-08-04 15:18:57.966 +07:00","1702.3815226","TEST_95","95","-0.001004053"
"2026-08-04 15:18:58.652 +07:00","1703.0669685999999","TEST_95","95","-0.000992904"
"2026-08-04 15:18:59.349 +07:00","1703.7636166","TEST_95","95","-0.000949538"
"2026-08-04 15:19:00.037 +07:00","1704.4515726999998","TEST_95","95","-0.000913705"
"2026-08-04 15:19:01.240 +07:00","1705.6546389","TEST_95","95","-0.00091293"
"2026-08-04 15:19:01.919 +07:00","1706.3338004","TEST_95","95","-0.000920282"
"2026-08-04 15:19:02.626 +07:00","1707.0407251","TEST_95","95","-0.000944401"
"2026-08-04 15:19:03.302 +07:00","1707.7173937999999","TEST_95","95","-0.000955729"
"2026-08-04 15:19:03.985 +07:00","1708.3996104999999","TEST_95","95","-0.000989327"
"2026-08-04 15:19:04.678 +07:00","1709.0932679","TEST_95","95","-0.000961597"
"2026-08-04 15:19:05.371 +07:00","1709.7861154","TEST_95","95","-0.000956302"
"2026-08-04 15:19:06.066 +07:00","1710.4812153","TEST_95","95","-0.000935881"
"2026-08-04 15:19:06.742 +07:00","1711.1569003999998","TEST_95","95","-0.000971207"
"2026-08-04 15:19:07.422 +07:00","1711.8373534","TEST_95","95","-0.000975954"
"2026-08-04 15:19:08.727 +07:00","1713.1421131","TEST_95","95","-0.000971685"
"2026-08-04 15:19:09.411 +07:00","1713.825674","TEST_95","95","-0.000960706"
"2026-08-04 15:19:10.088 +07:00","1714.5026027","TEST_95","95","-0.000974931"
"2026-08-04 15:19:10.799 +07:00","1715.2143219999998","TEST_95","95","-0.000964947"
"2026-08-04 15:19:11.494 +07:00","1715.9091065999999","TEST_95","95","-0.000972152"
"2026-08-04 15:19:12.185 +07:00","1716.6001420999999","TEST_95","95","-0.000969977"
"2026-08-04 15:19:12.863 +07:00","1717.278118","TEST_95","95","-0.000982385"
"2026-08-04 15:19:13.553 +07:00","1717.9683475","TEST_95","95","-0.000981282"
"2026-08-04 15:19:14.239 +07:00","1718.6541756","TEST_95","95","-0.000985642"
"2026-08-04 15:19:14.915 +07:00","1719.3297395999998","TEST_95","95","-0.000980152"
"2026-08-04 15:19:16.220 +07:00","1720.6354546","TEST_95","95","-0.001011692"
"2026-08-04 15:19:16.904 +07:00","1721.3186047","TEST_95","95","-0.000992934"
"2026-08-04 15:19:17.610 +07:00","1722.0248929","TEST_95","95","-0.001007579"
"2026-08-04 15:19:18.294 +07:00","1722.7088575999999","TEST_95","95","-0.001003824"
"2026-08-04 15:19:18.988 +07:00","1723.4030240999998","TEST_95","95","-0.001009111"
"2026-08-04 15:19:19.678 +07:00","1724.0931031999999","TEST_95","95","-0.001020313"
"2026-08-04 15:19:20.361 +07:00","1724.7760320999998","TEST_95","95","-0.001008574"
"2026-08-04 15:19:21.039 +07:00","1725.4543746","TEST_95","95","-0.000997681"
"2026-08-04 15:19:21.731 +07:00","1726.1463500999998","TEST_95","95","-0.000993317"
"2026-08-04 15:19:22.409 +07:00","1726.8242656","TEST_95","95","-0.000982824"
"2026-08-04 15:19:23.632 +07:00","1728.0475058","TEST_95","95","-0.000979084"
"2026-08-04 15:19:24.301 +07:00","1728.7160245","TEST_95","95","-0.000969962"
"2026-08-04 15:19:24.982 +07:00","1729.3973317999998","TEST_95","95","-0.000968056"
"2026-08-04 15:19:25.690 +07:00","1730.1047056","TEST_95","95","-0.00095994"
"2026-08-04 15:19:26.366 +07:00","1730.78102","TEST_95","95","-0.000946722"
"2026-08-04 15:19:27.059 +07:00","1731.4743136999998","TEST_95","95","-0.000962657"
"2026-08-04 15:19:27.739 +07:00","1732.1540696","TEST_95","95","-0.000973842"
"2026-08-04 15:19:28.407 +07:00","1732.8224969999999","TEST_95","95","-0.001057434"
"2026-08-04 15:19:29.114 +07:00","1733.5291336999999","TEST_95","95","-0.001056613"
"2026-08-04 15:19:29.792 +07:00","1734.2072414","TEST_95","95","-0.001076721"
"2026-08-04 15:19:31.044 +07:00","1735.4586424","TEST_95","95","-0.001059029"
"2026-08-04 15:19:31.715 +07:00","1736.1303584","TEST_95","95","-0.001064574"
"2026-08-04 15:19:32.406 +07:00","1736.8213865","TEST_95","95","-0.001070658"
"2026-08-04 15:19:33.103 +07:00","1737.5178283999999","TEST_95","95","-0.001080877"
"2026-08-04 15:19:33.799 +07:00","1738.2142308999998","TEST_95","95","-0.001076021"
"2026-08-04 15:19:34.490 +07:00","1738.9046859999999","TEST_95","95","-0.001089385"
"2026-08-04 15:19:35.186 +07:00","1739.6010824999998","TEST_95","95","-0.001005967"
"2026-08-04 15:19:35.867 +07:00","1740.2823279","TEST_95","95","-0.001007238"
"2026-08-04 15:19:36.558 +07:00","1740.9733497","TEST_95","95","-0.001004083"
"2026-08-04 15:19:37.235 +07:00","1741.6504367","TEST_95","95","-0.001016974"
"2026-08-04 15:19:38.529 +07:00","1742.9442119999999","TEST_95","95","-0.001035037"
"2026-08-04 15:19:39.207 +07:00","1743.6221722","TEST_95","95","-0.001015435"
"2026-08-04 15:19:39.884 +07:00","1744.2993554999998","TEST_95","95","-0.001097447"
"2026-08-04 15:19:40.598 +07:00","1745.0126132999999","TEST_95","95","-0.001056088"
"2026-08-04 15:19:41.289 +07:00","1745.7039957","TEST_95","95","-0.001032347"
"2026-08-04 15:19:41.981 +07:00","1746.3964065999999","TEST_95","95","-0.001035066"
"2026-08-04 15:19:42.675 +07:00","1747.0898574","TEST_95","95","-0.001025449"
"2026-08-04 15:19:43.368 +07:00","1747.7834122","TEST_95","95","-0.001009538"
"2026-08-04 15:19:44.067 +07:00","1748.4821785","TEST_95","95","-0.001019245"
"2026-08-04 15:19:44.767 +07:00","1749.1819633999999","TEST_95","95","-0.000984831"
"2026-08-04 15:19:45.998 +07:00","1750.4130364999999","TEST_95","95","-0.001000235"
"2026-08-04 15:19:46.683 +07:00","1751.0975666","TEST_95","95","-0.000913411"
"2026-08-04 15:19:47.367 +07:00","1751.7822348999998","TEST_95","95","-0.000952274"
"2026-08-04 15:19:48.065 +07:00","1752.4801413","TEST_95","95","-0.000972902"
"2026-08-04 15:19:48.748 +07:00","1753.1635046","TEST_95","95","-0.000953706"
"2026-08-04 15:19:49.433 +07:00","1753.8482334999999","TEST_95","95","-0.00094228"
"2026-08-04 15:19:50.116 +07:00","1754.5306306999998","TEST_95","95","-0.000944214"
"2026-08-04 15:19:50.818 +07:00","1755.2332791","TEST_95","95","-0.000931514"
"2026-08-04 15:19:51.511 +07:00","1755.9258467","TEST_95","95","-0.00095449"
"2026-08-04 15:19:52.197 +07:00","1756.6123011999998","TEST_95","95","-0.001024172"
"2026-08-04 15:19:53.447 +07:00","1757.8622156","TEST_95","95","-0.001003575"
"2026-08-04 15:19:54.145 +07:00","1758.5602086","TEST_95","95","-0.001009392"
"2026-08-04 15:19:54.831 +07:00","1759.2463126","TEST_95","95","-0.00100893"
"2026-08-04 15:19:55.512 +07:00","1759.9272385","TEST_95","95","-0.001026704"
"2026-08-04 15:19:56.196 +07:00","1760.6113684","TEST_95","95","-0.001054511"
"2026-08-04 15:19:56.894 +07:00","1761.3086707","TEST_95","95","-0.001042957"
"2026-08-04 15:19:57.577 +07:00","1761.991755","TEST_95","95","-0.001066989"
"2026-08-04 15:19:58.261 +07:00","1762.6765149","TEST_95","95","-0.001062678"
"2026-08-04 15:19:58.943 +07:00","1763.3583334999998","TEST_95","95","-0.001007329"
"2026-08-04 15:19:59.642 +07:00","1764.0565781999999","TEST_95","95","-0.001017353"
"2026-08-04 15:20:01.152 +07:00","1765.5673047","TEST_95","95","-0.001027974"
"2026-08-04 15:20:01.841 +07:00","1766.2558468999998","TEST_95","95","-0.00100088"
"2026-08-04 15:20:02.527 +07:00","1766.9416846","TEST_95","95","-0.000998806"
"2026-08-04 15:20:03.220 +07:00","1767.6349957999998","TEST_95","95","-0.001004782"
"2026-08-04 15:20:03.909 +07:00","1768.3237652999999","TEST_95","95","-0.000980674"
"2026-08-04 15:20:04.590 +07:00","1769.00551","TEST_95","95","-0.000992035"
"2026-08-04 15:20:05.274 +07:00","1769.6894426","TEST_95","95","-0.000973655"
"2026-08-04 15:20:05.974 +07:00","1770.3891979999999","TEST_95","95","-0.000984714"
"2026-08-04 15:20:06.671 +07:00","1771.0865376","TEST_95","95","-0.00096702"
"2026-08-04 15:20:07.357 +07:00","1771.7717971999998","TEST_95","95","-0.000955125"
"2026-08-04 15:20:08.606 +07:00","1773.0205738999998","TEST_95","95","-0.000972623"
"2026-08-04 15:20:09.287 +07:00","1773.7020077999998","TEST_95","95","-0.000994494"
"2026-08-04 15:20:09.987 +07:00","1774.4019821","TEST_95","95","-0.001001879"
"2026-08-04 15:20:10.668 +07:00","1775.0828325999998","TEST_95","95","-0.000988387"
"2026-08-04 15:20:11.355 +07:00","1775.7704666999998","TEST_95","95","-0.000960698"
"2026-08-04 15:20:12.052 +07:00","1776.4667193","TEST_95","95","-0.000953013"
"2026-08-04 15:20:12.736 +07:00","1777.1512165","TEST_95","95","-0.000947547"
"2026-08-04 15:20:13.432 +07:00","1777.8467452999998","TEST_95","95","-0.00094782"
"2026-08-04 15:20:14.120 +07:00","1778.5345751","TEST_95","95","-0.000956572"
"2026-08-04 15:20:14.804 +07:00","1779.218649","TEST_95","95","-0.000965619"
"2026-08-04 15:20:16.316 +07:00","1780.7308788","TEST_95","95","-0.000925428"
"2026-08-04 15:20:17.002 +07:00","1781.4174526","TEST_95","95","-0.000960844"
"2026-08-04 15:20:17.701 +07:00","1782.1163156","TEST_95","95","-0.000964219"
"2026-08-04 15:20:18.383 +07:00","1782.7981426","TEST_95","95","-0.000987367"
"2026-08-04 15:20:19.084 +07:00","1783.4985674","TEST_95","95","-0.000997128"
"2026-08-04 15:20:19.784 +07:00","1784.1994399999999","TEST_95","95","-0.00099803"
"2026-08-04 15:20:20.465 +07:00","1784.8803426","TEST_95","95","-0.000972788"
"2026-08-04 15:20:21.150 +07:00","1785.5653582999998","TEST_95","95","-0.00097584"
"2026-08-04 15:20:21.850 +07:00","1786.2650222999998","TEST_95","95","-0.000990472"
"2026-08-04 15:20:22.548 +07:00","1786.9629977999998","TEST_95","95","-0.000986315"
"2026-08-04 15:20:23.890 +07:00","1788.3052341","TEST_95","95","-0.000957632"
"2026-08-04 15:20:24.582 +07:00","1788.9972172","TEST_95","95","-0.000987724"
"2026-08-04 15:20:25.265 +07:00","1789.6802372","TEST_95","95","-0.000981306"
"2026-08-04 15:20:25.950 +07:00","1790.364748","TEST_95","95","-0.000973436"
"2026-08-04 15:20:26.648 +07:00","1791.0634466","TEST_95","95","-0.000985025"
"2026-08-04 15:20:27.347 +07:00","1791.7616282","TEST_95","95","-0.001027426"
"2026-08-04 15:20:28.046 +07:00","1792.4607477","TEST_95","95","-0.001013099"
"2026-08-04 15:20:28.731 +07:00","1793.145904","TEST_95","95","-0.001022011"
"2026-08-04 15:20:29.428 +07:00","1793.8427715999999","TEST_95","95","-0.001008885"
"2026-08-04 15:20:30.129 +07:00","1794.5444486","TEST_95","95","-0.001007908"
"2026-08-04 15:20:31.642 +07:00","1796.057268","TEST_95","95","-0.000985955"
"2026-08-04 15:20:32.327 +07:00","1796.7421949999998","TEST_95","95","-0.000997907"
"2026-08-04 15:20:33.022 +07:00","1797.4373702999999","TEST_95","95","-0.001008342"
"2026-08-04 15:20:33.727 +07:00","1798.1420107","TEST_95","95","-0.001006324"
"2026-08-04 15:20:34.427 +07:00","1798.8418035999998","TEST_95","95","-0.001034605"
"2026-08-04 15:20:35.126 +07:00","1799.5413300999999","TEST_95","95","-0.001018379"
"2026-08-04 15:20:35.807 +07:00","1800.2217561","TEST_95","95","-0.001020061"
"2026-08-04 15:20:36.491 +07:00","1800.9065127","TEST_95","95","-0.001046525"
"2026-08-04 15:20:37.191 +07:00","1801.6055575999999","TEST_95","95","-0.001039012"
"2026-08-04 15:20:37.874 +07:00","1802.2893569999999","TEST_95","95","-0.001004375"
"2026-08-04 15:20:39.092 +07:00","1803.5069968","TEST_95","95","-0.001037505"
"2026-08-04 15:20:39.773 +07:00","1804.1879305","TEST_95","95","-0.001037754"
"2026-08-04 15:20:40.473 +07:00","1804.8878694","TEST_95","95","-0.00103256"
"2026-08-04 15:20:41.173 +07:00","1805.5875514","TEST_95","95","-0.001020428"
"2026-08-04 15:20:41.854 +07:00","1806.2690533","TEST_95","95","-0.001038063"
"2026-08-04 15:20:42.538 +07:00","1806.9529653999998","TEST_95","95","-0.001047203"
"2026-08-04 15:20:43.237 +07:00","1807.6518809","TEST_95","95","-0.001035059"
"2026-08-04 15:20:43.922 +07:00","1808.3370333999999","TEST_95","95","-0.001022532"
"2026-08-04 15:20:44.601 +07:00","1809.0157972","TEST_95","95","-0.00106657"
"2026-08-04 15:20:45.305 +07:00","1809.7196688","TEST_95","95","-0.001046243"
"2026-08-04 15:20:46.603 +07:00","1811.0176032","TEST_95","95","-0.001038755"
"2026-08-04 15:20:47.289 +07:00","1811.7041378","TEST_95","95","-0.001017734"
"2026-08-04 15:20:47.986 +07:00","1812.4009698","TEST_95","95","-0.001003877"
"2026-08-04 15:20:48.670 +07:00","1813.0851859","TEST_95","95","-0.000983876"
"2026-08-04 15:20:49.352 +07:00","1813.7674178999998","TEST_95","95","-0.000973703"
"2026-08-04 15:20:50.045 +07:00","1814.4597019","TEST_95","95","-0.000980394"
"2026-08-04 15:20:50.733 +07:00","1815.1480127","TEST_95","95","-0.000978313"
"2026-08-04 15:20:51.418 +07:00","1815.8334109999998","TEST_95","95","-0.000954461"
"2026-08-04 15:20:52.103 +07:00","1816.5184629999999","TEST_95","95","-0.000961202"
"2026-08-04 15:20:52.793 +07:00","1817.2080475","TEST_95","95","-0.000948271"
"2026-08-04 15:20:54.084 +07:00","1818.4994593","TEST_95","95","-0.000950025"
"2026-08-04 15:20:54.784 +07:00","1819.1989131999999","TEST_95","95","-0.000964384"
"2026-08-04 15:20:55.464 +07:00","1819.8787416","TEST_95","95","-0.000965285"
"2026-08-04 15:20:56.152 +07:00","1820.5673622","TEST_95","95","-0.000942879"
"2026-08-04 15:20:56.842 +07:00","1821.2568509999999","TEST_95","95","-0.000928855"
"2026-08-04 15:20:57.529 +07:00","1821.9439653","TEST_95","95","-0.001009333"
"2026-08-04 15:20:58.210 +07:00","1822.6252209","TEST_95","95","-0.001007478"
"2026-08-04 15:20:58.916 +07:00","1823.3305586","TEST_95","95","-0.001020952"
"2026-08-04 15:20:59.608 +07:00","1824.0229273999998","TEST_95","95","-0.001111021"
"2026-08-04 15:21:00.305 +07:00","1824.7200363","TEST_95","95","-0.00110067"
"2026-08-04 15:21:01.848 +07:00","1826.2634756999998","TEST_95","95","-0.001100393"
"2026-08-04 15:21:02.546 +07:00","1826.9611462999999","TEST_95","95","-0.001126237"
"2026-08-04 15:21:03.216 +07:00","1827.6312447999999","TEST_95","95","-0.001149897"
"2026-08-04 15:21:03.904 +07:00","1828.3191735999999","TEST_95","95","-0.001077981"
"2026-08-04 15:21:04.609 +07:00","1829.0240431999998","TEST_95","95","-0.001115363"
"2026-08-04 15:21:05.288 +07:00","1829.7032586","TEST_95","95","-0.001083906"
"2026-08-04 15:21:05.976 +07:00","1830.3910333","TEST_95","95","-0.001017876"
"2026-08-04 15:21:06.650 +07:00","1831.0651042","TEST_95","95","-0.001031353"
"2026-08-04 15:21:07.353 +07:00","1831.7684451999999","TEST_95","95","-0.001019152"
"2026-08-04 15:21:08.052 +07:00","1832.4665765","TEST_95","95","-0.001027588"
"2026-08-04 15:21:09.568 +07:00","1833.9831402999998","TEST_95","95","-0.001039872"
"2026-08-04 15:21:10.261 +07:00","1834.6764335999999","TEST_95","95","-0.001042147"
"2026-08-04 15:21:10.939 +07:00","1835.3543315","TEST_95","95","-0.001011254"
"2026-08-04 15:21:11.638 +07:00","1836.0531227","TEST_95","95","-0.001036677"
"2026-08-04 15:21:12.331 +07:00","1836.7461847999998","TEST_95","95","-0.001037384"
"2026-08-04 15:21:13.006 +07:00","1837.4214640999999","TEST_95","95","-0.001024877"
"2026-08-04 15:21:13.698 +07:00","1838.1132659","TEST_95","95","-0.001036099"
"2026-08-04 15:21:14.381 +07:00","1838.7964777999998","TEST_95","95","-0.001013241"
"2026-08-04 15:21:15.072 +07:00","1839.486933","TEST_95","95","-0.000998944"
"2026-08-04 15:21:15.765 +07:00","1840.1804588999998","TEST_95","95","-0.000997192"
"2026-08-04 15:21:17.077 +07:00","1841.4917335","TEST_95","95","-0.000994722"
"2026-08-04 15:21:17.754 +07:00","1842.168645","TEST_95","95","-0.000990109"
"2026-08-04 15:21:18.432 +07:00","1842.8474858999998","TEST_95","95","-0.000985353"
"2026-08-04 15:21:19.114 +07:00","1843.5286824999998","TEST_95","95","-0.000959367"
"2026-08-04 15:21:19.788 +07:00","1844.2032204","TEST_95","95","-0.000968871"
"2026-08-04 15:21:20.464 +07:00","1844.8787252","TEST_95","95","-0.000967144"
"2026-08-04 15:21:21.148 +07:00","1845.5631764","TEST_95","95","-0.000977738"
"2026-08-04 15:21:21.845 +07:00","1846.2596847999998","TEST_95","95","-0.000984889"
"2026-08-04 15:21:22.520 +07:00","1846.9351659","TEST_95","95","-0.00096746"
"2026-08-04 15:21:23.221 +07:00","1847.6365148999998","TEST_95","95","-0.000954275"
"2026-08-04 15:21:24.766 +07:00","1849.1806731","TEST_95","95","-0.001003376"
"2026-08-04 15:21:25.439 +07:00","1849.85428","TEST_95","95","-0.001011784"
"2026-08-04 15:21:26.136 +07:00","1850.5512016999999","TEST_95","95","-0.001006224"
"2026-08-04 15:21:26.820 +07:00","1851.235267","TEST_95","95","-0.000995437"
"2026-08-04 15:21:27.517 +07:00","1851.9321472","TEST_95","95","-0.000992656"
"2026-08-04 15:21:28.216 +07:00","1852.6314226999998","TEST_95","95","-0.001006142"
"2026-08-04 15:21:28.896 +07:00","1853.311303","TEST_95","95","-0.001004784"
"2026-08-04 15:21:29.588 +07:00","1854.003254","TEST_95","95","-0.000997088"
"2026-08-04 15:21:30.284 +07:00","1854.698833","TEST_95","95","-0.000994218"
"2026-08-04 15:21:30.971 +07:00","1855.3856162999998","TEST_95","95","-0.000960246"
"2026-08-04 15:21:32.480 +07:00","1856.8954480999998","TEST_95","95","-0.00092925"
"2026-08-04 15:21:33.180 +07:00","1857.5953897","TEST_95","95","-0.000931151"
"2026-08-04 15:21:33.881 +07:00","1858.2955952","TEST_95","95","-0.000918087"
"2026-08-04 15:21:34.570 +07:00","1858.9854487","TEST_95","95","-0.00090508"
"2026-08-04 15:21:35.260 +07:00","1859.6754566999998","TEST_95","95","-0.000910766"
"2026-08-04 15:21:35.950 +07:00","1860.3655451","TEST_95","95","-0.00091082"
"2026-08-04 15:21:36.655 +07:00","1861.0703488","TEST_95","95","-0.000872825"
"2026-08-04 15:21:37.338 +07:00","1861.7532589999998","TEST_95","95","-0.000880381"
"2026-08-04 15:21:38.029 +07:00","1862.4436633999999","TEST_95","95","-0.000902325"
"2026-08-04 15:21:38.720 +07:00","1863.1355049","TEST_95","95","-0.000932114"
"2026-08-04 15:21:40.232 +07:00","1864.6465914999999","TEST_95","95","-0.000944553"
"2026-08-04 15:21:40.926 +07:00","1865.3406940999998","TEST_95","95","-0.000933483"
"2026-08-04 15:21:41.623 +07:00","1866.0376856999999","TEST_95","95","-0.000959357"
"2026-08-04 15:21:42.315 +07:00","1866.7301473","TEST_95","95","-0.000986767"
"2026-08-04 15:21:43.007 +07:00","1867.4220182","TEST_95","95","-0.000987184"
"2026-08-04 15:21:43.691 +07:00","1868.1060330999999","TEST_95","95","-0.000999343"
"2026-08-04 15:21:44.368 +07:00","1868.7830264","TEST_95","95","-0.001009647"
"2026-08-04 15:21:45.045 +07:00","1869.4602705","TEST_95","95","-0.000994715"
"2026-08-04 15:21:45.734 +07:00","1870.1495398999998","TEST_95","95","-0.001002171"
"2026-08-04 15:21:46.426 +07:00","1870.8410540999998","TEST_95","95","-0.001019609"
"2026-08-04 15:21:47.711 +07:00","1872.1260530999998","TEST_95","95","-0.001009081"
"2026-08-04 15:21:48.387 +07:00","1872.8020070999999","TEST_95","95","-0.000985797"
"2026-08-04 15:21:49.085 +07:00","1873.5003597999998","TEST_95","95","-0.000954605"
"2026-08-04 15:21:49.776 +07:00","1874.1907956","TEST_95","95","-0.000980786"
"2026-08-04 15:21:50.468 +07:00","1874.8829658","TEST_95","95","-0.000981136"
"2026-08-04 15:21:51.149 +07:00","1875.5644447","TEST_95","95","-0.000978979"
"2026-08-04 15:21:51.813 +07:00","1876.2277755999999","TEST_95","95","-0.000959301"
"2026-08-04 15:21:52.518 +07:00","1876.9332161999998","TEST_95","95","-0.000932997"
"2026-08-04 15:21:53.200 +07:00","1877.6151949","TEST_95","95","-0.000944123"
"2026-08-04 15:21:53.876 +07:00","1878.2910501","TEST_95","95","-0.000947217"
"2026-08-04 15:21:55.152 +07:00","1879.5671616999998","TEST_95","95","-0.000948855"
"2026-08-04 15:21:55.829 +07:00","1880.2441393","TEST_95","95","-0.000942073"
"2026-08-04 15:21:56.507 +07:00","1880.9218876","TEST_95","95","-0.000927103"
"2026-08-04 15:21:57.195 +07:00","1881.6101001999998","TEST_95","95","-0.000918058"
"2026-08-04 15:21:57.899 +07:00","1882.3144912999999","TEST_95","95","-0.000900879"
"2026-08-04 15:21:58.599 +07:00","1883.0136112999999","TEST_95","95","-0.000934905"
"2026-08-04 15:21:59.295 +07:00","1883.7101877","TEST_95","95","-0.000945133"
"2026-08-04 15:22:00.001 +07:00","1884.4161333","TEST_95","95","-0.000901225"
"2026-08-04 15:22:00.682 +07:00","1885.0970946999998","TEST_95","95","-0.000914673"
"2026-08-04 15:22:01.367 +07:00","1885.7822245","TEST_95","95","-0.000931218"
"2026-08-04 15:22:02.913 +07:00","1887.3280685999998","TEST_95","95","-0.000956741"
"2026-08-04 15:22:03.617 +07:00","1888.0316613999998","TEST_95","95","-0.000965026"
"2026-08-04 15:22:04.316 +07:00","1888.7312752","TEST_95","95","-0.000985638"
"2026-08-04 15:22:04.999 +07:00","1889.4138173","TEST_95","95","-0.000975376"
"2026-08-04 15:22:05.697 +07:00","1890.1123332","TEST_95","95","-0.001003085"
"2026-08-04 15:22:06.382 +07:00","1890.7966556","TEST_95","95","-0.001020934"
"2026-08-04 15:22:07.064 +07:00","1891.4792140999998","TEST_95","95","-0.001018845"
"2026-08-04 15:22:07.761 +07:00","1892.1763082999998","TEST_95","95","-0.001009913"
"2026-08-04 15:22:08.445 +07:00","1892.8599058999998","TEST_95","95","-0.00099615"
"2026-08-04 15:22:09.133 +07:00","1893.5483912999998","TEST_95","95","-0.001012788"
"2026-08-04 15:22:10.639 +07:00","1895.0541286","TEST_95","95","-0.000999429"
"2026-08-04 15:22:11.325 +07:00","1895.7402531999999","TEST_95","95","-0.000992381"
"2026-08-04 15:22:12.013 +07:00","1896.4276977","TEST_95","95","-0.00097241"
"2026-08-04 15:22:12.703 +07:00","1897.1175627999999","TEST_95","95","-0.000986637"
"2026-08-04 15:22:13.411 +07:00","1897.8260636","TEST_95","95","-0.000969578"
"2026-08-04 15:22:14.110 +07:00","1898.5249348","TEST_95","95","-0.000975056"
"2026-08-04 15:22:14.802 +07:00","1899.2165871999998","TEST_95","95","-0.000984621"
"2026-08-04 15:22:15.494 +07:00","1899.9086756","TEST_95","95","-0.000989364"
"2026-08-04 15:22:16.169 +07:00","1900.5841226","TEST_95","95","-0.000995821"
"2026-08-04 15:22:16.875 +07:00","1901.2897647","TEST_95","95","-0.00099597"
"2026-08-04 15:22:18.606 +07:00","1903.0205984","TEST_95","95","-0.001025117"
"2026-08-04 15:22:19.293 +07:00","1903.7082997","TEST_95","95","-0.001027682"
"2026-08-04 15:22:19.976 +07:00","1904.3913934","TEST_95","95","-0.001023369"
"2026-08-04 15:22:20.675 +07:00","1905.0905033","TEST_95","95","-0.001061011"
"2026-08-04 15:22:21.356 +07:00","1905.7711249","TEST_95","95","-0.001066044"
"2026-08-04 15:22:22.037 +07:00","1906.4518967","TEST_95","95","-0.001067541"
"2026-08-04 15:22:22.715 +07:00","1907.1304017999998","TEST_95","95","-0.001058084"
"2026-08-04 15:22:23.418 +07:00","1907.8333897999998","TEST_95","95","-0.001071071"
"2026-08-04 15:22:24.103 +07:00","1908.5184508999998","TEST_95","95","-0.001064351"
"2026-08-04 15:22:24.789 +07:00","1909.2041941999998","TEST_95","95","-0.001027314"
"2026-08-04 15:22:26.292 +07:00","1910.706677","TEST_95","95","-0.000995307"
"2026-08-04 15:22:27.004 +07:00","1911.4188769999998","TEST_95","95","-0.000959721"
"2026-08-04 15:22:27.687 +07:00","1912.1024473999998","TEST_95","95","-0.000972472"
"2026-08-04 15:22:28.371 +07:00","1912.7860143999999","TEST_95","95","-0.000964603"
"2026-08-04 15:22:29.055 +07:00","1913.4698093999998","TEST_95","95","-0.000960569"
"2026-08-04 15:22:29.753 +07:00","1914.1683464999999","TEST_95","95","-0.00094353"
"2026-08-04 15:22:30.436 +07:00","1914.8514779999998","TEST_95","95","-0.000955371"
"2026-08-04 15:22:31.120 +07:00","1915.5348425999998","TEST_95","95","-0.000971588"
"2026-08-04 15:22:31.819 +07:00","1916.2340276","TEST_95","95","-0.000947199"
"2026-08-04 15:22:32.519 +07:00","1916.9344431999998","TEST_95","95","-0.000965558"
"2026-08-04 15:22:34.033 +07:00","1918.447682","TEST_95","95","-0.000925716"
"2026-08-04 15:22:34.716 +07:00","1919.1314989999998","TEST_95","95","-0.000928427"
"2026-08-04 15:22:35.399 +07:00","1919.8135671999999","TEST_95","95","-0.000971454"
"2026-08-04 15:22:36.101 +07:00","1920.5157049","TEST_95","95","-0.000956946"
"2026-08-04 15:22:36.800 +07:00","1921.2151239999998","TEST_95","95","-0.000956818"
"2026-08-04 15:22:37.500 +07:00","1921.9148951","TEST_95","95","-0.000966553"
"2026-08-04 15:22:38.183 +07:00","1922.5977119","TEST_95","95","-0.000979391"
"2026-08-04 15:22:38.882 +07:00","1923.2969326","TEST_95","95","-0.000970011"
"2026-08-04 15:22:39.581 +07:00","1923.9962335999999","TEST_95","95","-0.00097525"
"2026-08-04 15:22:40.272 +07:00","1924.6868256999999","TEST_95","95","-0.001001805"
"2026-08-04 15:22:41.820 +07:00","1926.2347624","TEST_95","95","-0.00096832"
"2026-08-04 15:22:42.488 +07:00","1926.9029546","TEST_95","95","-0.000950811"
"2026-08-04 15:22:43.172 +07:00","1927.5866916","TEST_95","95","-0.000946093"
"2026-08-04 15:22:43.861 +07:00","1928.2764579999998","TEST_95","95","-0.000926639"
"2026-08-04 15:22:44.545 +07:00","1928.9596817","TEST_95","95","-0.000936923"
"2026-08-04 15:22:45.219 +07:00","1929.6338331999998","TEST_95","95","-0.000931512"
"2026-08-04 15:22:45.924 +07:00","1930.3391720999998","TEST_95","95","-0.000935666"
"2026-08-04 15:22:46.599 +07:00","1931.0137857","TEST_95","95","-0.000957085"
"2026-08-04 15:22:47.273 +07:00","1931.6885341","TEST_95","95","-0.00096975"
"2026-08-04 15:22:47.957 +07:00","1932.3720108","TEST_95","95","-0.000941871"
"2026-08-04 15:22:49.475 +07:00","1933.8898256999998","TEST_95","95","-0.001001066"
"2026-08-04 15:22:50.168 +07:00","1934.5826533","TEST_95","95","-0.001024551"
"2026-08-04 15:22:50.856 +07:00","1935.2715027","TEST_95","95","-0.001018264"
"2026-08-04 15:22:51.539 +07:00","1935.9544288","TEST_95","95","-0.00102502"
"2026-08-04 15:22:52.554 +07:00","1936.9692527","RECOVERY_100_AFTER_95","100","-0.001021524"
"2026-08-04 15:22:53.249 +07:00","1937.6640975999999","RECOVERY_100_AFTER_95","100","-0.001028572"
"2026-08-04 15:22:53.943 +07:00","1938.3576302","RECOVERY_100_AFTER_95","100","-0.001055414"
"2026-08-04 15:22:54.625 +07:00","1939.0405377","RECOVERY_100_AFTER_95","100","-0.001036135"
"2026-08-04 15:22:55.308 +07:00","1939.7227017999999","RECOVERY_100_AFTER_95","100","-0.001031182"
"2026-08-04 15:22:56.012 +07:00","1940.4274682","RECOVERY_100_AFTER_95","100","-0.000999123"
"2026-08-04 15:22:57.551 +07:00","1941.9664367999999","RECOVERY_100_AFTER_95","100","-0.000987169"
"2026-08-04 15:22:58.240 +07:00","1942.6546429","RECOVERY_100_AFTER_95","100","-0.000970427"
"2026-08-04 15:22:58.940 +07:00","1943.3554358","RECOVERY_100_AFTER_95","100","-0.000968777"
"2026-08-04 15:22:59.640 +07:00","1944.0550182999998","RECOVERY_100_AFTER_95","100","-0.000962381"
"2026-08-04 15:23:00.322 +07:00","1944.7366130999999","RECOVERY_100_AFTER_95","100","-0.000948306"
"2026-08-04 15:23:01.022 +07:00","1945.4368997","RECOVERY_100_AFTER_95","100","-0.000944021"
"2026-08-04 15:23:01.721 +07:00","1946.1358968","RECOVERY_100_AFTER_95","100","-0.000955992"
"2026-08-04 15:23:02.404 +07:00","1946.8192812","RECOVERY_100_AFTER_95","100","-0.000990423"
"2026-08-04 15:23:03.086 +07:00","1947.5014067999998","RECOVERY_100_AFTER_95","100","-0.000985956"
"2026-08-04 15:23:03.786 +07:00","1948.2007459","RECOVERY_100_AFTER_95","100","-0.000971644"
"2026-08-04 15:23:05.297 +07:00","1949.7123829","RECOVERY_100_AFTER_95","100","-0.000942809"
"2026-08-04 15:23:05.984 +07:00","1950.3994123","RECOVERY_100_AFTER_95","100","-0.000946187"
"2026-08-04 15:23:06.670 +07:00","1951.0846427","RECOVERY_100_AFTER_95","100","-0.000949677"
"2026-08-04 15:23:07.353 +07:00","1951.7681922","RECOVERY_100_AFTER_95","100","-0.000947969"
"2026-08-04 15:23:08.050 +07:00","1952.4652477999998","RECOVERY_100_AFTER_95","100","-0.000941776"
"2026-08-04 15:23:08.734 +07:00","1953.1490638999999","RECOVERY_100_AFTER_95","100","-0.000921936"
"2026-08-04 15:23:09.435 +07:00","1953.8500649","RECOVERY_100_AFTER_95","100","-0.000925142"
"2026-08-04 15:23:10.126 +07:00","1954.5410344","RECOVERY_100_AFTER_95","100","-0.00095749"
"2026-08-04 15:23:10.797 +07:00","1955.2121553999998","RECOVERY_100_AFTER_95","100","-0.000976052"
"2026-08-04 15:23:11.487 +07:00","1955.902028","RECOVERY_100_AFTER_95","100","-0.001004826"
"2026-08-04 15:23:13.007 +07:00","1957.4218859","RECOVERY_100_AFTER_95","100","-0.000955967"
"2026-08-04 15:23:13.687 +07:00","1958.1021878","RECOVERY_100_AFTER_95","100","-0.000995653"
"2026-08-04 15:23:14.375 +07:00","1958.7896896999998","RECOVERY_100_AFTER_95","100","-0.000992649"
"2026-08-04 15:23:15.076 +07:00","1959.49075","RECOVERY_100_AFTER_95","100","-0.000995905"
"2026-08-04 15:23:15.760 +07:00","1960.1754039999998","RECOVERY_100_AFTER_95","100","-0.001005736"
"2026-08-04 15:23:16.451 +07:00","1960.8661336999999","RECOVERY_100_AFTER_95","100","-0.001003272"
"2026-08-04 15:23:17.144 +07:00","1961.5586022999998","RECOVERY_100_AFTER_95","100","-0.000998507"
"2026-08-04 15:23:17.827 +07:00","1962.2424474","RECOVERY_100_AFTER_95","100","-0.000974584"
"2026-08-04 15:23:18.512 +07:00","1962.9269623","RECOVERY_100_AFTER_95","100","-0.001016342"
"2026-08-04 15:23:19.213 +07:00","1963.6280207999998","RECOVERY_100_AFTER_95","100","-0.001010542"
"2026-08-04 15:23:20.758 +07:00","1965.1725723","RECOVERY_100_AFTER_95","100","-0.000998352"
"2026-08-04 15:23:21.460 +07:00","1965.8750768999998","RECOVERY_100_AFTER_95","100","-0.000984904"
"2026-08-04 15:23:22.161 +07:00","1966.5764378","RECOVERY_100_AFTER_95","100","-0.000982686"
"2026-08-04 15:23:22.843 +07:00","1967.2580864","RECOVERY_100_AFTER_95","100","-0.000972045"
"2026-08-04 15:23:23.525 +07:00","1967.9402455999998","RECOVERY_100_AFTER_95","100","-0.000965048"
"2026-08-04 15:23:24.211 +07:00","1968.6258354","RECOVERY_100_AFTER_95","100","-0.00097224"
"2026-08-04 15:23:24.909 +07:00","1969.3240039","RECOVERY_100_AFTER_95","100","-0.000952419"
"2026-08-04 15:23:25.595 +07:00","1970.0100768","RECOVERY_100_AFTER_95","100","-0.000966405"
"2026-08-04 15:23:26.274 +07:00","1970.6894459","RECOVERY_100_AFTER_95","100","-0.000955674"
"2026-08-04 15:23:26.975 +07:00","1971.3899798","RECOVERY_100_AFTER_95","100","-0.000950583"
"2026-08-04 15:23:28.276 +07:00","1972.6911805","RECOVERY_100_AFTER_95","100","-0.000992248"
"2026-08-04 15:23:28.973 +07:00","1973.3876094","RECOVERY_100_AFTER_95","100","-0.000981336"
"2026-08-04 15:23:29.658 +07:00","1974.0730678999998","RECOVERY_100_AFTER_95","100","-0.00098848"
"2026-08-04 15:23:30.341 +07:00","1974.7560096","RECOVERY_100_AFTER_95","100","-0.001008051"
"2026-08-04 15:23:31.024 +07:00","1975.4385748","RECOVERY_100_AFTER_95","100","-0.001015789"
"2026-08-04 15:23:31.722 +07:00","1976.1370986","RECOVERY_100_AFTER_95","100","-0.00101575"
"2026-08-04 15:23:32.405 +07:00","1976.8201737","RECOVERY_100_AFTER_95","100","-0.000999308"
"2026-08-04 15:23:33.089 +07:00","1977.5038149999998","RECOVERY_100_AFTER_95","100","-0.000999776"
"2026-08-04 15:23:33.789 +07:00","1978.2042196999998","RECOVERY_100_AFTER_95","100","-0.001005386"
"2026-08-04 15:23:34.488 +07:00","1978.9034915","RECOVERY_100_AFTER_95","100","-0.000987336"
"2026-08-04 15:23:35.999 +07:00","1980.4142421","RECOVERY_100_AFTER_95","100","-0.000990807"
"2026-08-04 15:23:36.686 +07:00","1981.1010881999998","RECOVERY_100_AFTER_95","100","-0.000968173"
"2026-08-04 15:23:37.370 +07:00","1981.785471","RECOVERY_100_AFTER_95","100","-0.000942782"
"2026-08-04 15:23:38.070 +07:00","1982.4849583","RECOVERY_100_AFTER_95","100","-0.000934759"
"2026-08-04 15:23:38.770 +07:00","1983.1850064999999","RECOVERY_100_AFTER_95","100","-0.000960526"
"2026-08-04 15:23:39.469 +07:00","1983.8836167","RECOVERY_100_AFTER_95","100","-0.000949773"
"2026-08-04 15:23:40.152 +07:00","1984.5668002999998","RECOVERY_100_AFTER_95","100","-0.00102498"
"2026-08-04 15:23:40.835 +07:00","1985.2504078999998","RECOVERY_100_AFTER_95","100","-0.001022788"
"2026-08-04 15:23:41.535 +07:00","1985.9500544999999","RECOVERY_100_AFTER_95","100","-0.001024067"
"2026-08-04 15:23:42.217 +07:00","1986.6319813","RECOVERY_100_AFTER_95","100","-0.001045688"
"2026-08-04 15:23:43.730 +07:00","1988.144671","RECOVERY_100_AFTER_95","100","-0.001075798"
"2026-08-04 15:23:44.415 +07:00","1988.8299814999998","RECOVERY_100_AFTER_95","100","-0.001163348"
"2026-08-04 15:23:45.117 +07:00","1989.5321775","RECOVERY_100_AFTER_95","100","-0.001157833"
"2026-08-04 15:23:45.816 +07:00","1990.2310917","RECOVERY_100_AFTER_95","100","-0.001159463"
"2026-08-04 15:23:46.499 +07:00","1990.9140717999999","RECOVERY_100_AFTER_95","100","-0.001073786"
"2026-08-04 15:23:47.182 +07:00","1991.5973345","RECOVERY_100_AFTER_95","100","-0.001071565"
"2026-08-04 15:23:47.881 +07:00","1992.2963906","RECOVERY_100_AFTER_95","100","-0.001087915"
"2026-08-04 15:23:48.582 +07:00","1992.9971767999998","RECOVERY_100_AFTER_95","100","-0.001056547"
"2026-08-04 15:23:49.265 +07:00","1993.6796393999998","RECOVERY_100_AFTER_95","100","-0.00104932"
"2026-08-04 15:23:49.963 +07:00","1994.3781718","RECOVERY_100_AFTER_95","100","-0.001043626"
"2026-08-04 15:23:51.509 +07:00","1995.9241963","RECOVERY_100_AFTER_95","100","-0.000986139"
"2026-08-04 15:23:52.196 +07:00","1996.6113730999998","RECOVERY_100_AFTER_95","100","-0.000995899"
"2026-08-04 15:23:52.895 +07:00","1997.3101459","RECOVERY_100_AFTER_95","100","-0.001000618"
"2026-08-04 15:23:53.595 +07:00","1998.0097626","RECOVERY_100_AFTER_95","100","-0.000994222"
"2026-08-04 15:23:54.278 +07:00","1998.6929323","RECOVERY_100_AFTER_95","100","-0.000995077"
"2026-08-04 15:23:54.978 +07:00","1999.3926643","RECOVERY_100_AFTER_95","100","-0.001014628"
"2026-08-04 15:23:55.679 +07:00","2000.0936806","RECOVERY_100_AFTER_95","100","-0.001002316"
"2026-08-04 15:23:56.377 +07:00","2000.7918859","RECOVERY_100_AFTER_95","100","-0.000981597"
"2026-08-04 15:23:57.061 +07:00","2001.4762369","RECOVERY_100_AFTER_95","100","-0.000969947"
"2026-08-04 15:23:57.740 +07:00","2002.1546041","RECOVERY_100_AFTER_95","100","-0.000937273"
"2026-08-04 15:23:59.254 +07:00","2003.6691354999998","RECOVERY_100_AFTER_95","100","-0.000948619"
"2026-08-04 15:23:59.924 +07:00","2004.3390674","RECOVERY_100_AFTER_95","100","-0.000959839"
"2026-08-04 15:24:00.622 +07:00","2005.0372929999999","RECOVERY_100_AFTER_95","100","-0.000958734"
"2026-08-04 15:24:01.305 +07:00","2005.7200579999999","RECOVERY_100_AFTER_95","100","-0.000953035"
"2026-08-04 15:24:01.990 +07:00","2006.4046038","RECOVERY_100_AFTER_95","100","-0.000971895"
"2026-08-04 15:24:02.680 +07:00","2007.0954637999998","RECOVERY_100_AFTER_95","100","-0.000992364"
"2026-08-04 15:24:03.373 +07:00","2007.7881317","RECOVERY_100_AFTER_95","100","-0.000968086"
"2026-08-04 15:24:04.053 +07:00","2008.4679856999999","RECOVERY_100_AFTER_95","100","-0.000995217"
"2026-08-04 15:24:04.751 +07:00","2009.1661419","RECOVERY_100_AFTER_95","100","-0.000991808"
"2026-08-04 15:24:05.440 +07:00","2009.8553863999998","RECOVERY_100_AFTER_95","100","-0.000999939"
"2026-08-04 15:24:06.950 +07:00","2011.3650939","RECOVERY_100_AFTER_95","100","-0.000993616"
"2026-08-04 15:24:07.637 +07:00","2012.0518662999998","RECOVERY_100_AFTER_95","100","-0.000992113"
"2026-08-04 15:24:08.320 +07:00","2012.7352094999999","RECOVERY_100_AFTER_95","100","-0.000998565"
"2026-08-04 15:24:09.002 +07:00","2013.4172118","RECOVERY_100_AFTER_95","100","-0.001003707"
"2026-08-04 15:24:09.689 +07:00","2014.1040091999998","RECOVERY_100_AFTER_95","100","-0.001014161"
"2026-08-04 15:24:10.370 +07:00","2014.7851526","RECOVERY_100_AFTER_95","100","-0.001025914"
"2026-08-04 15:24:11.051 +07:00","2015.4655504","RECOVERY_100_AFTER_95","100","-0.001004158"
"2026-08-04 15:24:11.751 +07:00","2016.1660576","RECOVERY_100_AFTER_95","100","-0.000992152"
"2026-08-04 15:24:12.429 +07:00","2016.843735","RECOVERY_100_AFTER_95","100","-0.000994946"
"2026-08-04 15:24:13.136 +07:00","2017.5506636","RECOVERY_100_AFTER_95","100","-0.000981798"
"2026-08-04 15:24:14.689 +07:00","2019.1041369999998","RECOVERY_100_AFTER_95","100","-0.001083684"
"2026-08-04 15:24:15.385 +07:00","2019.7995865999999","RECOVERY_100_AFTER_95","100","-0.001087871"
"2026-08-04 15:24:16.082 +07:00","2020.4974209","RECOVERY_100_AFTER_95","100","-0.001077616"
"2026-08-04 15:24:16.768 +07:00","2021.1835262999998","RECOVERY_100_AFTER_95","100","-0.001073571"
"2026-08-04 15:24:17.451 +07:00","2021.8658255999999","RECOVERY_100_AFTER_95","100","-0.001103688"
"2026-08-04 15:24:18.151 +07:00","2022.5657523","RECOVERY_100_AFTER_95","100","-0.001111094"
"2026-08-04 15:24:18.850 +07:00","2023.2654100999998","RECOVERY_100_AFTER_95","100","-0.001098332"
"2026-08-04 15:24:19.550 +07:00","2023.9651963","RECOVERY_100_AFTER_95","100","-0.001108227"
"2026-08-04 15:24:20.232 +07:00","2024.647514","RECOVERY_100_AFTER_95","100","-0.001097666"
"2026-08-04 15:24:20.915 +07:00","2025.3299055999998","RECOVERY_100_AFTER_95","100","-0.001061766"
"2026-08-04 15:24:22.428 +07:00","2026.8425920999998","RECOVERY_100_AFTER_95","100","-0.000975672"
"2026-08-04 15:24:23.129 +07:00","2027.5439685","RECOVERY_100_AFTER_95","100","-0.00095003799999999995"
"2026-08-04 15:24:23.830 +07:00","2028.2445962","RECOVERY_100_AFTER_95","100","-0.00091655"
"2026-08-04 15:24:24.514 +07:00","2028.9293573999998","RECOVERY_100_AFTER_95","100","-0.000900128"
"2026-08-04 15:24:25.201 +07:00","2029.6156118","RECOVERY_100_AFTER_95","100","-0.000887229"
"2026-08-04 15:24:25.894 +07:00","2030.3095237999999","RECOVERY_100_AFTER_95","100","-0.000893903"
"2026-08-04 15:24:26.582 +07:00","2030.9966848","RECOVERY_100_AFTER_95","100","-0.000909475"
"2026-08-04 15:24:27.264 +07:00","2031.6786700999999","RECOVERY_100_AFTER_95","100","-0.000931626"
"2026-08-04 15:24:27.962 +07:00","2032.3770181999998","RECOVERY_100_AFTER_95","100","-0.000940876"
"2026-08-04 15:24:28.661 +07:00","2033.0764170999998","RECOVERY_100_AFTER_95","100","-0.0009326"
"2026-08-04 15:24:29.962 +07:00","2034.3774469999998","RECOVERY_100_AFTER_95","100","-0.000971377"
"2026-08-04 15:24:30.661 +07:00","2035.0762943","RECOVERY_100_AFTER_95","100","-0.001005098"
"2026-08-04 15:24:31.346 +07:00","2035.7615231","RECOVERY_100_AFTER_95","100","-0.001012635"
"2026-08-04 15:24:32.027 +07:00","2036.4422435","RECOVERY_100_AFTER_95","100","-0.001021965"
"2026-08-04 15:24:32.710 +07:00","2037.1252459","RECOVERY_100_AFTER_95","100","-0.001038811"
"2026-08-04 15:24:33.410 +07:00","2037.8248826","RECOVERY_100_AFTER_95","100","-0.001018382"
"2026-08-04 15:24:34.108 +07:00","2038.5232922999999","RECOVERY_100_AFTER_95","100","-0.00100144"
"2026-08-04 15:24:34.792 +07:00","2039.2072269999999","RECOVERY_100_AFTER_95","100","-0.001010356"
"2026-08-04 15:24:35.492 +07:00","2039.9070537999999","RECOVERY_100_AFTER_95","100","-0.001009834"
"2026-08-04 15:24:36.189 +07:00","2040.6042489","RECOVERY_100_AFTER_95","100","-0.000997912"
"2026-08-04 15:24:37.702 +07:00","2042.1168177","RECOVERY_100_AFTER_95","100","-0.000978329"
"2026-08-04 15:24:38.388 +07:00","2042.8031572","RECOVERY_100_AFTER_95","100","-0.000979551"
"2026-08-04 15:24:39.071 +07:00","2043.4865075","RECOVERY_100_AFTER_95","100","-0.00095988"
"2026-08-04 15:24:39.771 +07:00","2044.185986","RECOVERY_100_AFTER_95","100","-0.001034138"
"2026-08-04 15:24:40.473 +07:00","2044.8882752999998","RECOVERY_100_AFTER_95","100","-0.00104638"
"2026-08-04 15:24:41.172 +07:00","2045.5874413","RECOVERY_100_AFTER_95","100","-0.001039449"
"2026-08-04 15:24:41.856 +07:00","2046.2711253","RECOVERY_100_AFTER_95","100","-0.001064079"
"2026-08-04 15:24:42.553 +07:00","2046.9682309999998","RECOVERY_100_AFTER_95","100","-0.001044622"
"2026-08-04 15:24:43.252 +07:00","2047.6672574","RECOVERY_100_AFTER_95","100","-0.00102629"
"2026-08-04 15:24:43.936 +07:00","2048.351458","RECOVERY_100_AFTER_95","100","-0.001010263"
"2026-08-04 15:24:45.482 +07:00","2049.8966361","RECOVERY_100_AFTER_95","100","-0.001055452"
"2026-08-04 15:24:46.172 +07:00","2050.5869645","RECOVERY_100_AFTER_95","100","-0.000985219"
"2026-08-04 15:24:46.869 +07:00","2051.2838851","RECOVERY_100_AFTER_95","100","-0.000995143"
"2026-08-04 15:24:47.570 +07:00","2051.9846939","RECOVERY_100_AFTER_95","100","-0.001014143"
"2026-08-04 15:24:48.269 +07:00","2052.6842345","RECOVERY_100_AFTER_95","100","-0.000971903"
"2026-08-04 15:24:48.950 +07:00","2053.3655402","RECOVERY_100_AFTER_95","100","-0.000986163"
"2026-08-04 15:24:49.635 +07:00","2054.0501656","RECOVERY_100_AFTER_95","100","-0.000980659"
"2026-08-04 15:24:50.335 +07:00","2054.7503343","RECOVERY_100_AFTER_95","100","-0.000990891"
"2026-08-04 15:24:51.034 +07:00","2055.4488301","RECOVERY_100_AFTER_95","100","-0.000959864"
"2026-08-04 15:24:51.734 +07:00","2056.1487469999997","RECOVERY_100_AFTER_95","100","-0.000968602"
"2026-08-04 15:24:53.244 +07:00","2057.659509","RECOVERY_100_AFTER_95","100","-0.000949495"
"2026-08-04 15:24:53.929 +07:00","2058.344168","RECOVERY_100_AFTER_95","100","-0.000954911"
"2026-08-04 15:24:54.619 +07:00","2059.0336005999998","RECOVERY_100_AFTER_95","100","-0.000968636"
"2026-08-04 15:24:55.313 +07:00","2059.7285385","RECOVERY_100_AFTER_95","100","-0.000954541"
"2026-08-04 15:24:55.997 +07:00","2060.4118421999997","RECOVERY_100_AFTER_95","100","-0.00096487"
"2026-08-04 15:24:56.699 +07:00","2061.1138998","RECOVERY_100_AFTER_95","100","-0.000969286"
"2026-08-04 15:24:57.397 +07:00","2061.8122293","RECOVERY_100_AFTER_95","100","-0.000946557"
"2026-08-04 15:24:58.096 +07:00","2062.5113824","RECOVERY_100_AFTER_95","100","-0.000928394"
"2026-08-04 15:24:58.780 +07:00","2063.1955411999998","RECOVERY_100_AFTER_95","100","-0.000930069"
"2026-08-04 15:24:59.463 +07:00","2063.8781608","RECOVERY_100_AFTER_95","100","-0.000928732"
"2026-08-04 15:25:00.974 +07:00","2065.3893024","RECOVERY_100_AFTER_95","100","-0.000925322"
"2026-08-04 15:25:01.679 +07:00","2066.0940513","RECOVERY_100_AFTER_95","100","-0.000956992"
"2026-08-04 15:25:02.378 +07:00","2066.7930732","RECOVERY_100_AFTER_95","100","-0.000959498"
"2026-08-04 15:25:03.063 +07:00","2067.4776865999997","RECOVERY_100_AFTER_95","100","-0.000951678"
"2026-08-04 15:25:03.759 +07:00","2068.1736594","RECOVERY_100_AFTER_95","100","-0.000991006"
"2026-08-04 15:25:04.445 +07:00","2068.8597311999997","RECOVERY_100_AFTER_95","100","-0.001000739"
"2026-08-04 15:25:05.145 +07:00","2069.5596958","RECOVERY_100_AFTER_95","100","-0.000985003"
"2026-08-04 15:25:05.826 +07:00","2070.2415293999998","RECOVERY_100_AFTER_95","100","-0.001001399"
"2026-08-04 15:25:06.512 +07:00","2070.9268881","RECOVERY_100_AFTER_95","100","-0.001004059"
"2026-08-04 15:25:07.210 +07:00","2071.6248723999997","RECOVERY_100_AFTER_95","100","-0.001015318"
"2026-08-04 15:25:08.754 +07:00","2073.1694675","RECOVERY_100_AFTER_95","100","-0.000993893"
"2026-08-04 15:25:09.456 +07:00","2073.8715237","RECOVERY_100_AFTER_95","100","-0.000993305"
"2026-08-04 15:25:10.140 +07:00","2074.5552352","RECOVERY_100_AFTER_95","100","-0.000997803"
"2026-08-04 15:25:10.823 +07:00","2075.2383159","RECOVERY_100_AFTER_95","100","-0.000985458"
"2026-08-04 15:25:11.504 +07:00","2075.9189907","RECOVERY_100_AFTER_95","100","-0.000995739"
"2026-08-04 15:25:12.205 +07:00","2076.6196623","RECOVERY_100_AFTER_95","100","-0.000997266"
"2026-08-04 15:25:12.885 +07:00","2077.3004794999997","RECOVERY_100_AFTER_95","100","-0.00097816"
"2026-08-04 15:25:13.589 +07:00","2078.0038415","RECOVERY_100_AFTER_95","100","-0.000995793"
"2026-08-04 15:25:14.272 +07:00","2078.6868157","RECOVERY_100_AFTER_95","100","-0.00100141"
"2026-08-04 15:25:14.978 +07:00","2079.3929582","RECOVERY_100_AFTER_95","100","-0.000987364"
"2026-08-04 15:25:16.489 +07:00","2080.9039682","RECOVERY_100_AFTER_95","100","-0.00096033"
"2026-08-04 15:25:17.184 +07:00","2081.5989609","RECOVERY_100_AFTER_95","100","-0.000975196"
"2026-08-04 15:25:17.871 +07:00","2082.2858509","RECOVERY_100_AFTER_95","100","-0.000975578"
"2026-08-04 15:25:18.558 +07:00","2082.9729149","RECOVERY_100_AFTER_95","100","-0.000971265"
"2026-08-04 15:25:19.248 +07:00","2083.6633332","RECOVERY_100_AFTER_95","100","-0.000975004"
"2026-08-04 15:25:19.933 +07:00","2084.3484372","RECOVERY_100_AFTER_95","100","-0.000978657"
"2026-08-04 15:25:20.637 +07:00","2085.0521487","RECOVERY_100_AFTER_95","100","-0.000963018"
"2026-08-04 15:25:21.336 +07:00","2085.7512492","RECOVERY_100_AFTER_95","100","-0.000968385"
"2026-08-04 15:25:22.035 +07:00","2086.4496154","RECOVERY_100_AFTER_95","100","-0.000956315"
"2026-08-04 15:25:22.718 +07:00","2087.1327177","RECOVERY_100_AFTER_95","100","-0.000967584"
"2026-08-04 15:25:24.230 +07:00","2088.6455292","RECOVERY_100_AFTER_95","100","-0.001008281"
"2026-08-04 15:25:24.917 +07:00","2089.3316993999997","RECOVERY_100_AFTER_95","100","-0.001003376"
"2026-08-04 15:25:25.616 +07:00","2090.0312596999997","RECOVERY_100_AFTER_95","100","-0.001013199"
"2026-08-04 15:25:26.318 +07:00","2090.7326463","RECOVERY_100_AFTER_95","100","-0.001004289"
"2026-08-04 15:25:27.014 +07:00","2091.4293509999998","RECOVERY_100_AFTER_95","100","-0.001027985"
"2026-08-04 15:25:27.700 +07:00","2092.1148365","RECOVERY_100_AFTER_95","100","-0.001094062"
"2026-08-04 15:25:28.398 +07:00","2092.8125849","RECOVERY_100_AFTER_95","100","-0.001100386"
"2026-08-04 15:25:29.099 +07:00","2093.514403","RECOVERY_100_AFTER_95","100","-0.001080202"
"2026-08-04 15:25:29.781 +07:00","2094.1961914","RECOVERY_100_AFTER_95","100","-0.00106202"
"2026-08-04 15:25:30.465 +07:00","2094.8798351","RECOVERY_100_AFTER_95","100","-0.001083527"
"2026-08-04 15:25:32.011 +07:00","2096.4259446","RECOVERY_100_AFTER_95","100","-0.001079541"
"2026-08-04 15:25:32.697 +07:00","2097.1124434","RECOVERY_100_AFTER_95","100","-0.001074405"
"2026-08-04 15:25:33.397 +07:00","2097.8124322999997","RECOVERY_100_AFTER_95","100","-0.001057829"
"2026-08-04 15:25:34.095 +07:00","2098.5101858","RECOVERY_100_AFTER_95","100","-0.0010069"
"2026-08-04 15:25:34.786 +07:00","2099.2010628","RECOVERY_100_AFTER_95","100","-0.000998558"
"2026-08-04 15:25:35.476 +07:00","2099.890552","RECOVERY_100_AFTER_95","100","-0.001004186"
"2026-08-04 15:25:36.166 +07:00","2100.5807164","RECOVERY_100_AFTER_95","100","-0.001006147"
"2026-08-04 15:25:36.860 +07:00","2101.2749783","RECOVERY_100_AFTER_95","100","-0.001004399"
"2026-08-04 15:25:37.554 +07:00","2101.9692870999997","RECOVERY_100_AFTER_95","100","-0.000984216"
"2026-08-04 15:25:38.243 +07:00","2102.6575912999997","RECOVERY_100_AFTER_95","100","-0.000983804"
"2026-08-04 15:25:39.753 +07:00","2104.1676239999997","RECOVERY_100_AFTER_95","100","-0.000991193"
"2026-08-04 15:25:40.440 +07:00","2104.8555124","RECOVERY_100_AFTER_95","100","-0.000980923"
"2026-08-04 15:25:41.126 +07:00","2105.540707","RECOVERY_100_AFTER_95","100","-0.000991756"
"2026-08-04 15:25:41.808 +07:00","2106.2229217999998","RECOVERY_100_AFTER_95","100","-0.001010232"
"2026-08-04 15:25:42.493 +07:00","2106.9076508999997","RECOVERY_100_AFTER_95","100","-0.001013582"
"2026-08-04 15:25:43.192 +07:00","2107.6068345","RECOVERY_100_AFTER_95","100","-0.000982887"
"2026-08-04 15:25:43.875 +07:00","2108.2904535","RECOVERY_100_AFTER_95","100","-0.000983049"
"2026-08-04 15:25:44.558 +07:00","2108.9732461999997","RECOVERY_100_AFTER_95","100","-0.00100163"
"2026-08-04 15:25:45.259 +07:00","2109.6737622","RECOVERY_100_AFTER_95","100","-0.00101299"
"2026-08-04 15:25:45.957 +07:00","2110.3721359","RECOVERY_100_AFTER_95","100","-0.000996151"
"2026-08-04 15:25:47.469 +07:00","2111.8842443999997","RECOVERY_100_AFTER_95","100","-0.000994796"
"2026-08-04 15:25:48.155 +07:00","2112.5698737","RECOVERY_100_AFTER_95","100","-0.000974622"
"2026-08-04 15:25:48.839 +07:00","2113.2541493999997","RECOVERY_100_AFTER_95","100","-0.000987562"
"2026-08-04 15:25:49.535 +07:00","2113.9505166","RECOVERY_100_AFTER_95","100","-0.000993334"
"2026-08-04 15:25:50.222 +07:00","2114.6366844","RECOVERY_100_AFTER_95","100","-0.001005367"
"2026-08-04 15:25:50.905 +07:00","2115.3198662","RECOVERY_100_AFTER_95","100","-0.000986117"
"2026-08-04 15:25:51.588 +07:00","2116.0028675","RECOVERY_100_AFTER_95","100","-0.000970158"
"2026-08-04 15:25:52.290 +07:00","2116.7046362","RECOVERY_100_AFTER_95","100","-0.000994254"
"2026-08-04 15:25:52.985 +07:00","2117.4002373999997","RECOVERY_100_AFTER_95","100","-0.000977793"
"2026-08-04 15:25:53.671 +07:00","2118.0863682","RECOVERY_100_AFTER_95","100","-0.000999744"
"2026-08-04 15:25:54.973 +07:00","2119.3884851","RECOVERY_100_AFTER_95","100","-0.000990685"
"2026-08-04 15:25:55.670 +07:00","2120.0846558999997","RECOVERY_100_AFTER_95","100","-0.000987392"
"2026-08-04 15:25:56.369 +07:00","2120.7839965999997","RECOVERY_100_AFTER_95","100","-0.000992928"
"2026-08-04 15:25:57.068 +07:00","2121.4829998","RECOVERY_100_AFTER_95","100","-0.0010034"
"2026-08-04 15:25:57.767 +07:00","2122.1819321","RECOVERY_100_AFTER_95","100","-0.001006119"
"2026-08-04 15:25:58.452 +07:00","2122.8670107","RECOVERY_100_AFTER_95","100","-0.001031141"
"2026-08-04 15:25:59.134 +07:00","2123.5490762","RECOVERY_100_AFTER_95","100","-0.001014519"
"2026-08-04 15:25:59.841 +07:00","2124.2561351","RECOVERY_100_AFTER_95","100","-0.001021286"
"2026-08-04 15:26:00.534 +07:00","2124.9486207","RECOVERY_100_AFTER_95","100","-0.001010824"
"2026-08-04 15:26:01.229 +07:00","2125.6439889999997","RECOVERY_100_AFTER_95","100","-0.000982939"
"2026-08-04 15:26:02.777 +07:00","2127.1919571999997","RECOVERY_100_AFTER_95","100","-0.000974509"
"2026-08-04 15:26:03.466 +07:00","2127.8813277","RECOVERY_100_AFTER_95","100","-0.000968566"
"2026-08-04 15:26:04.161 +07:00","2128.5764934999997","RECOVERY_100_AFTER_95","100","-0.000963465"
"2026-08-04 15:26:04.850 +07:00","2129.2647859","RECOVERY_100_AFTER_95","100","-0.000944355"
"2026-08-04 15:26:05.548 +07:00","2129.9633470999997","RECOVERY_100_AFTER_95","100","-0.000954979"
"2026-08-04 15:26:06.244 +07:00","2130.6591774","RECOVERY_100_AFTER_95","100","-0.000969165"
"2026-08-04 15:26:06.929 +07:00","2131.3440525","RECOVERY_100_AFTER_95","100","-0.000956246"
"2026-08-04 15:26:07.629 +07:00","2132.0442823999997","RECOVERY_100_AFTER_95","100","-0.000963764"
"2026-08-04 15:26:08.313 +07:00","2132.7284185999997","RECOVERY_100_AFTER_95","100","-0.000962983"
"2026-08-04 15:26:08.996 +07:00","2133.4113861","RECOVERY_100_AFTER_95","100","-0.00096262"
"2026-08-04 15:26:10.507 +07:00","2134.9218352","RECOVERY_100_AFTER_95","100","-0.001006316"
"2026-08-04 15:26:11.209 +07:00","2135.6244265","RECOVERY_100_AFTER_95","100","-0.001020092"
"2026-08-04 15:26:11.911 +07:00","2136.3265336","RECOVERY_100_AFTER_95","100","-0.00107292"
"2026-08-04 15:26:12.611 +07:00","2137.0259286","RECOVERY_100_AFTER_95","100","-0.001042155"
"2026-08-04 15:26:13.293 +07:00","2137.7079875","RECOVERY_100_AFTER_95","100","-0.001060642"
"2026-08-04 15:26:13.977 +07:00","2138.392191","RECOVERY_100_AFTER_95","100","-0.001070935"
"2026-08-04 15:26:14.677 +07:00","2139.0915672","RECOVERY_100_AFTER_95","100","-0.001072452"
"2026-08-04 15:26:15.358 +07:00","2139.7728827","RECOVERY_100_AFTER_95","100","-0.001094293"
"2026-08-04 15:26:16.042 +07:00","2140.4567101","RECOVERY_100_AFTER_95","100","-0.001085563"
"2026-08-04 15:26:16.749 +07:00","2141.1640896","RECOVERY_100_AFTER_95","100","-0.001075944"
"2026-08-04 15:26:18.251 +07:00","2142.666546","RECOVERY_100_AFTER_95","100","-0.001009646"
"2026-08-04 15:26:18.941 +07:00","2143.3561211","RECOVERY_100_AFTER_95","100","-0.001036095"
"2026-08-04 15:26:19.632 +07:00","2144.0468370999997","RECOVERY_100_AFTER_95","100","-0.001015625"
"2026-08-04 15:26:20.325 +07:00","2144.7401568","RECOVERY_100_AFTER_95","100","-0.001013032"
"2026-08-04 15:26:21.021 +07:00","2145.4363568999997","RECOVERY_100_AFTER_95","100","-0.001016478"
"2026-08-04 15:26:21.723 +07:00","2146.1381576999997","RECOVERY_100_AFTER_95","100","-0.00099205"
"2026-08-04 15:26:22.405 +07:00","2146.8200788","RECOVERY_100_AFTER_95","100","-0.000974317"
"2026-08-04 15:26:23.089 +07:00","2147.5043296999997","RECOVERY_100_AFTER_95","100","-0.000941259"
"2026-08-04 15:26:23.787 +07:00","2148.2020543999997","RECOVERY_100_AFTER_95","100","-0.000924197"
"2026-08-04 15:26:24.491 +07:00","2148.9064033","RECOVERY_100_AFTER_95","100","-0.000921036"
"2026-08-04 15:26:26.033 +07:00","2150.4483050999997","RECOVERY_100_AFTER_95","100","-0.000904825"
"2026-08-04 15:26:26.721 +07:00","2151.1359763","RECOVERY_100_AFTER_95","100","-0.000930479"
"2026-08-04 15:26:27.404 +07:00","2151.818977","RECOVERY_100_AFTER_95","100","-0.000935633"
"2026-08-04 15:26:28.086 +07:00","2152.5014536","RECOVERY_100_AFTER_95","100","-0.000952458"
"2026-08-04 15:26:28.783 +07:00","2153.1980543","RECOVERY_100_AFTER_95","100","-0.000959541"
"2026-08-04 15:26:29.468 +07:00","2153.8829736","RECOVERY_100_AFTER_95","100","-0.00099234"
"2026-08-04 15:26:30.153 +07:00","2154.5677436","RECOVERY_100_AFTER_95","100","-0.00098711"
"2026-08-04 15:26:30.852 +07:00","2155.2672485999997","RECOVERY_100_AFTER_95","100","-0.001024193"
"2026-08-04 15:26:31.552 +07:00","2155.9672149","RECOVERY_100_AFTER_95","100","-0.001029384"
"2026-08-04 15:26:32.233 +07:00","2156.6485358","RECOVERY_100_AFTER_95","100","-0.001059728"
"2026-08-04 15:26:33.747 +07:00","2158.1618848","RECOVERY_100_AFTER_95","100","-0.001059981"
"2026-08-04 15:26:34.431 +07:00","2158.8462706","RECOVERY_100_AFTER_95","100","-0.00111961"
"2026-08-04 15:26:35.132 +07:00","2159.54713","RECOVERY_100_AFTER_95","100","-0.001117848"
"2026-08-04 15:26:35.832 +07:00","2160.2470293","RECOVERY_100_AFTER_95","100","-0.00109918"
"2026-08-04 15:26:36.515 +07:00","2160.9302746999997","RECOVERY_100_AFTER_95","100","-0.001102009"
"2026-08-04 15:26:37.201 +07:00","2161.6161204","RECOVERY_100_AFTER_95","100","-0.001069042"
"2026-08-04 15:26:37.884 +07:00","2162.2986716","RECOVERY_100_AFTER_95","100","-0.001073958"
"2026-08-04 15:26:38.582 +07:00","2162.9971637999997","RECOVERY_100_AFTER_95","100","-0.001037453"
"2026-08-04 15:26:39.262 +07:00","2163.6773991","RECOVERY_100_AFTER_95","100","-0.001037027"
"2026-08-04 15:26:39.951 +07:00","2164.3658412","RECOVERY_100_AFTER_95","100","-0.001028119"
"2026-08-04 15:26:41.461 +07:00","2165.8764947","RECOVERY_100_AFTER_95","100","-0.000920986"
"2026-08-04 15:26:42.163 +07:00","2166.5783339","RECOVERY_100_AFTER_95","100","-0.000946837"
"2026-08-04 15:26:42.861 +07:00","2167.275843","RECOVERY_100_AFTER_95","100","-0.000948394"
"2026-08-04 15:26:43.545 +07:00","2167.9598171","RECOVERY_100_AFTER_95","100","-0.000963409"
"2026-08-04 15:26:44.228 +07:00","2168.6433147","RECOVERY_100_AFTER_95","100","-0.000953515"
"2026-08-04 15:26:44.927 +07:00","2169.342266","RECOVERY_100_AFTER_95","100","-0.000953102"
"2026-08-04 15:26:45.611 +07:00","2170.0264057","RECOVERY_100_AFTER_95","100","-0.000963621"
"2026-08-04 15:26:46.291 +07:00","2170.7060416","RECOVERY_100_AFTER_95","100","-0.000986423"
"2026-08-04 15:26:46.977 +07:00","2171.3915661","RECOVERY_100_AFTER_95","100","-0.000978647"
"2026-08-04 15:26:47.677 +07:00","2172.0919884","RECOVERY_100_AFTER_95","100","-0.000995652"
"2026-08-04 15:26:49.220 +07:00","2173.6349182999998","RECOVERY_100_AFTER_95","100","-0.000974726"
"2026-08-04 15:26:49.908 +07:00","2174.3233225999998","RECOVERY_100_AFTER_95","100","-0.000965351"
"2026-08-04 15:26:50.590 +07:00","2175.004944","RECOVERY_100_AFTER_95","100","-0.000971744"
"2026-08-04 15:26:51.276 +07:00","2175.6909539","RECOVERY_100_AFTER_95","100","-0.000969407"
"2026-08-04 15:26:51.975 +07:00","2176.3896451","RECOVERY_100_AFTER_95","100","-0.000949724"
"2026-08-04 15:26:52.675 +07:00","2177.0900272999997","RECOVERY_100_AFTER_95","100","-0.000923355"
"2026-08-04 15:26:53.357 +07:00","2177.7720483999997","RECOVERY_100_AFTER_95","100","-0.000944953"
"2026-08-04 15:26:54.041 +07:00","2178.4559348","RECOVERY_100_AFTER_95","100","-0.000946825"
"2026-08-04 15:26:54.739 +07:00","2179.1544083999997","RECOVERY_100_AFTER_95","100","-0.00094841"
"2026-08-04 15:26:55.427 +07:00","2179.8416196","RECOVERY_100_AFTER_95","100","-0.000967144"
"2026-08-04 15:26:56.939 +07:00","2181.3535877","RECOVERY_100_AFTER_95","100","-0.000976868"
"2026-08-04 15:26:57.621 +07:00","2182.0362142","RECOVERY_100_AFTER_95","100","-0.000994712"
"2026-08-04 15:26:58.318 +07:00","2182.732784","RECOVERY_100_AFTER_95","100","-0.001007803"
"2026-08-04 15:26:59.001 +07:00","2183.4155817","RECOVERY_100_AFTER_95","100","-0.001002646"
"2026-08-04 15:26:59.690 +07:00","2184.10484","RECOVERY_100_AFTER_95","100","-0.000979641"
"2026-08-04 15:27:00.371 +07:00","2184.7864022999997","RECOVERY_100_AFTER_95","100","-0.000973589"
"2026-08-04 15:27:01.071 +07:00","2185.4857842","RECOVERY_100_AFTER_95","100","-0.001001845"
"2026-08-04 15:27:01.771 +07:00","2186.1856775","RECOVERY_100_AFTER_95","100","-0.000974113"
"2026-08-04 15:27:02.452 +07:00","2186.8673983999997","RECOVERY_100_AFTER_95","100","-0.000982355"
"2026-08-04 15:27:03.136 +07:00","2187.5508213999997","RECOVERY_100_AFTER_95","100","-0.000990164"
"2026-08-04 15:27:04.647 +07:00","2189.0620651","RECOVERY_100_AFTER_95","100","-0.000953632"
"2026-08-04 15:27:05.349 +07:00","2189.7644990999997","RECOVERY_100_AFTER_95","100","-0.000958474"
"2026-08-04 15:27:06.033 +07:00","2190.447918","RECOVERY_100_AFTER_95","100","-0.000959204"
"2026-08-04 15:27:06.716 +07:00","2191.1314566","RECOVERY_100_AFTER_95","100","-0.000951713"
"2026-08-04 15:27:07.401 +07:00","2191.8158934999997","RECOVERY_100_AFTER_95","100","-0.000932959"
"2026-08-04 15:27:08.099 +07:00","2192.5143776","RECOVERY_100_AFTER_95","100","-0.000955401"
"2026-08-04 15:27:08.801 +07:00","2193.215808","RECOVERY_100_AFTER_95","100","-0.000949474"
"2026-08-04 15:27:09.481 +07:00","2193.8960429999997","RECOVERY_100_AFTER_95","100","-0.001015278"
"2026-08-04 15:27:10.167 +07:00","2194.5816575999997","RECOVERY_100_AFTER_95","100","-0.001039735"
"2026-08-04 15:27:10.866 +07:00","2195.2810136","RECOVERY_100_AFTER_95","100","-0.00103402"
"2026-08-04 15:27:12.409 +07:00","2196.8237601","RECOVERY_100_AFTER_95","100","-0.001056006"
"2026-08-04 15:27:13.097 +07:00","2197.5121504999997","RECOVERY_100_AFTER_95","100","-0.001064937"
"2026-08-04 15:27:13.780 +07:00","2198.1951331","RECOVERY_100_AFTER_95","100","-0.001045982"
"2026-08-04 15:27:14.463 +07:00","2198.878479","RECOVERY_100_AFTER_95","100","-0.00104424"
"2026-08-04 15:27:15.163 +07:00","2199.5776409","RECOVERY_100_AFTER_95","100","-0.001039659"
"2026-08-04 15:27:15.862 +07:00","2200.2766368","RECOVERY_100_AFTER_95","100","-0.000967135"
"2026-08-04 15:27:16.545 +07:00","2200.9604031","RECOVERY_100_AFTER_95","100","-0.00097547"
"2026-08-04 15:27:17.228 +07:00","2201.6432313","RECOVERY_100_AFTER_95","100","-0.000967143"
"2026-08-04 15:27:17.929 +07:00","2202.344047","RECOVERY_100_AFTER_95","100","-0.000952377"
"2026-08-04 15:27:18.622 +07:00","2203.0372002999998","RECOVERY_100_AFTER_95","100","-0.00096472"
"2026-08-04 15:27:20.134 +07:00","2204.5490455","RECOVERY_100_AFTER_95","100","-0.000986484"
"2026-08-04 15:27:20.827 +07:00","2205.2417198","RECOVERY_100_AFTER_95","100","-0.000979223"
"2026-08-04 15:27:21.509 +07:00","2205.9242474","RECOVERY_100_AFTER_95","100","-0.00098375"
"2026-08-04 15:27:22.211 +07:00","2206.6264019","RECOVERY_100_AFTER_95","100","-0.000998316"
"2026-08-04 15:27:22.909 +07:00","2207.3237988","RECOVERY_100_AFTER_95","100","-0.000966771"
"2026-08-04 15:27:23.594 +07:00","2208.0093537","RECOVERY_100_AFTER_95","100","-0.000986441"
"2026-08-04 15:27:24.276 +07:00","2208.6912101","RECOVERY_100_AFTER_95","100","-0.001014042"
"2026-08-04 15:27:24.972 +07:00","2209.3872714999998","RECOVERY_100_AFTER_95","100","-0.001008661"
"2026-08-04 15:27:25.659 +07:00","2210.073657","RECOVERY_100_AFTER_95","100","-0.000985381"
"2026-08-04 15:27:26.341 +07:00","2210.7565154999998","RECOVERY_100_AFTER_95","100","-0.000991898"
"2026-08-04 15:27:27.851 +07:00","2212.2660409","RECOVERY_100_AFTER_95","100","-0.000991409"
"2026-08-04 15:27:28.558 +07:00","2212.9725863999997","RECOVERY_100_AFTER_95","100","-0.000987702"
"2026-08-04 15:27:29.257 +07:00","2213.6715980999998","RECOVERY_100_AFTER_95","100","-0.001001091"
"2026-08-04 15:27:29.957 +07:00","2214.3717601999997","RECOVERY_100_AFTER_95","100","-0.000996836"
"2026-08-04 15:27:30.639 +07:00","2215.0545066","RECOVERY_100_AFTER_95","100","-0.000986664"
"2026-08-04 15:27:31.321 +07:00","2215.7357852","RECOVERY_100_AFTER_95","100","-0.000980094"
"2026-08-04 15:27:32.022 +07:00","2216.4375072","RECOVERY_100_AFTER_95","100","-0.00101069"
"2026-08-04 15:27:32.722 +07:00","2217.1365849","RECOVERY_100_AFTER_95","100","-0.000999989"
"2026-08-04 15:27:33.421 +07:00","2217.8357529","RECOVERY_100_AFTER_95","100","-0.001017035"
"2026-08-04 15:27:34.105 +07:00","2218.5199502","RECOVERY_100_AFTER_95","100","-0.000992512"
"2026-08-04 15:27:35.649 +07:00","2220.0636084","RECOVERY_100_AFTER_95","100","-0.000986261"
"2026-08-04 15:27:36.337 +07:00","2220.7522277999997","RECOVERY_100_AFTER_95","100","-0.000977875"
"2026-08-04 15:27:37.035 +07:00","2221.450227","RECOVERY_100_AFTER_95","100","-0.000964248"
"2026-08-04 15:27:37.716 +07:00","2222.1309839","RECOVERY_100_AFTER_95","100","-0.000983653"
"2026-08-04 15:27:38.402 +07:00","2222.8168063","RECOVERY_100_AFTER_95","100","-0.000953464"
"2026-08-04 15:27:39.104 +07:00","2223.5193322","RECOVERY_100_AFTER_95","100","-0.000953135"
"2026-08-04 15:27:39.799 +07:00","2224.2139717","RECOVERY_100_AFTER_95","100","-0.000942643"
"2026-08-04 15:27:40.484 +07:00","2224.8988117","RECOVERY_100_AFTER_95","100","-0.00098368"
"2026-08-04 15:27:41.166 +07:00","2225.5812001","RECOVERY_100_AFTER_95","100","-0.000975803"
"2026-08-04 15:27:41.864 +07:00","2226.2794578","RECOVERY_100_AFTER_95","100","-0.000989383"
"2026-08-04 15:27:43.377 +07:00","2227.7918537","RECOVERY_100_AFTER_95","100","-0.001012934"
"2026-08-04 15:27:44.063 +07:00","2228.4778511","RECOVERY_100_AFTER_95","100","-0.001001959"
"2026-08-04 15:27:44.749 +07:00","2229.1640468","RECOVERY_100_AFTER_95","100","-0.001014961"
"2026-08-04 15:27:45.431 +07:00","2229.8457261","RECOVERY_100_AFTER_95","100","-0.001010297"
"2026-08-04 15:27:46.132 +07:00","2230.5469045","RECOVERY_100_AFTER_95","100","-0.000975393"
"2026-08-04 15:27:46.831 +07:00","2231.2461674","RECOVERY_100_AFTER_95","100","-0.000952267"
"2026-08-04 15:27:47.512 +07:00","2231.9274723","RECOVERY_100_AFTER_95","100","-0.000951952"
"2026-08-04 15:27:48.196 +07:00","2232.6114964999997","RECOVERY_100_AFTER_95","100","-0.000953129"
"2026-08-04 15:27:48.897 +07:00","2233.3121256","RECOVERY_100_AFTER_95","100","-0.00094346"
"2026-08-04 15:27:49.597 +07:00","2234.0125256","RECOVERY_100_AFTER_95","100","-0.000936827"
"2026-08-04 15:27:51.109 +07:00","2235.5237724","RECOVERY_100_AFTER_95","100","-0.000902459"
"2026-08-04 15:27:51.795 +07:00","2236.2096758","RECOVERY_100_AFTER_95","100","-0.000929464"
"2026-08-04 15:27:52.479 +07:00","2236.893736","RECOVERY_100_AFTER_95","100","-0.000968447"
"2026-08-04 15:27:53.180 +07:00","2237.5947822999997","RECOVERY_100_AFTER_95","100","-0.000958064"
"2026-08-04 15:27:53.878 +07:00","2238.2925576","RECOVERY_100_AFTER_95","100","-0.000987651"
"2026-08-04 15:27:54.561 +07:00","2238.9757409","RECOVERY_100_AFTER_95","100","-0.000981532"
"2026-08-04 15:27:55.244 +07:00","2239.6593408","RECOVERY_100_AFTER_95","100","-0.001011806"
"2026-08-04 15:27:55.943 +07:00","2240.3577547","RECOVERY_100_AFTER_95","100","-0.001020339"
"2026-08-04 15:27:56.643 +07:00","2241.0582208","RECOVERY_100_AFTER_95","100","-0.001035566"
"2026-08-04 15:27:57.328 +07:00","2241.7426212","RECOVERY_100_AFTER_95","100","-0.001055183"
"2026-08-04 15:27:58.873 +07:00","2243.2885423","RECOVERY_100_AFTER_95","100","-0.001004348"
"2026-08-04 15:27:59.559 +07:00","2243.9738598999998","RECOVERY_100_AFTER_95","100","-0.001010601"
"2026-08-04 15:28:00.258 +07:00","2244.6734139","RECOVERY_100_AFTER_95","100","-0.00097849"
"2026-08-04 15:28:00.957 +07:00","2245.3717825","RECOVERY_100_AFTER_95","100","-0.000998943"
"2026-08-04 15:28:01.641 +07:00","2246.0559763","RECOVERY_100_AFTER_95","100","-0.000967021"
"2026-08-04 15:28:02.325 +07:00","2246.7395493","RECOVERY_100_AFTER_95","100","-0.000946003"
"2026-08-04 15:28:03.022 +07:00","2247.4374141999997","RECOVERY_100_AFTER_95","100","-0.000916388"
"2026-08-04 15:28:03.724 +07:00","2248.1386233","RECOVERY_100_AFTER_95","100","-0.000911266"
"2026-08-04 15:28:04.404 +07:00","2248.8194005","RECOVERY_100_AFTER_95","100","-0.000914343"
"2026-08-04 15:28:05.090 +07:00","2249.5047111","RECOVERY_100_AFTER_95","100","-0.00090882"
"2026-08-04 15:28:06.602 +07:00","2251.0174392999998","RECOVERY_100_AFTER_95","100","-0.000909649"
"2026-08-04 15:28:07.304 +07:00","2251.7189135","RECOVERY_100_AFTER_95","100","-0.000887296"
"2026-08-04 15:28:08.007 +07:00","2252.4217255999997","RECOVERY_100_AFTER_95","100","-0.000887765"
"2026-08-04 15:28:08.702 +07:00","2253.1174132","RECOVERY_100_AFTER_95","100","-0.000902332"
"2026-08-04 15:28:09.385 +07:00","2253.8000836","RECOVERY_100_AFTER_95","100","-0.000950847"
"2026-08-04 15:28:10.085 +07:00","2254.5005318999997","RECOVERY_100_AFTER_95","100","-0.000940932"
"2026-08-04 15:28:10.786 +07:00","2255.2012793999997","RECOVERY_100_AFTER_95","100","-0.000930755"
"2026-08-04 15:28:11.486 +07:00","2255.9006457","RECOVERY_100_AFTER_95","100","-0.00090955"
"2026-08-04 15:28:12.168 +07:00","2256.5830545","RECOVERY_100_AFTER_95","100","-0.000906594"
"2026-08-04 15:28:12.872 +07:00","2257.2869274","RECOVERY_100_AFTER_95","100","-0.000912346"
"2026-08-04 15:28:14.380 +07:00","2258.7947515","RECOVERY_100_AFTER_95","100","-0.00094729"
"2026-08-04 15:28:15.067 +07:00","2259.4819515","RECOVERY_100_AFTER_95","100","-0.000962383"
"2026-08-04 15:28:15.753 +07:00","2260.1676781","RECOVERY_100_AFTER_95","100","-0.000939169"
"2026-08-04 15:28:16.435 +07:00","2260.8504241","RECOVERY_100_AFTER_95","100","-0.000938509"
"2026-08-04 15:28:17.133 +07:00","2261.5478221999997","RECOVERY_100_AFTER_95","100","-0.00093776"
"2026-08-04 15:28:17.833 +07:00","2262.2479550999997","RECOVERY_100_AFTER_95","100","-0.000970879"
"2026-08-04 15:28:18.515 +07:00","2262.9299812","RECOVERY_100_AFTER_95","100","-0.000964401"
"2026-08-04 15:28:19.199 +07:00","2263.6138375","RECOVERY_100_AFTER_95","100","-0.000974369"
"2026-08-04 15:28:19.898 +07:00","2264.3133869999997","RECOVERY_100_AFTER_95","100","-0.000972402"
"2026-08-04 15:28:20.599 +07:00","2265.0138286","RECOVERY_100_AFTER_95","100","-0.000977349"
"2026-08-04 15:28:22.141 +07:00","2266.5562382999997","RECOVERY_100_AFTER_95","100","-0.000980898"
"2026-08-04 15:28:22.831 +07:00","2267.2457167","RECOVERY_100_AFTER_95","100","-0.000970025"
"2026-08-04 15:28:23.515 +07:00","2267.9300085","RECOVERY_100_AFTER_95","100","-0.000972057"
"2026-08-04 15:28:24.198 +07:00","2268.6125634","RECOVERY_100_AFTER_95","100","-0.000969376"
"2026-08-04 15:28:24.897 +07:00","2269.3125357","RECOVERY_100_AFTER_95","100","-0.000968012"
"2026-08-04 15:28:25.595 +07:00","2270.0099689999997","RECOVERY_100_AFTER_95","100","-0.000954606"
"2026-08-04 15:28:26.279 +07:00","2270.6935912999998","RECOVERY_100_AFTER_95","100","-0.000944525"
"2026-08-04 15:28:26.979 +07:00","2271.3936496","RECOVERY_100_AFTER_95","100","-0.000939945"
"2026-08-04 15:28:27.678 +07:00","2272.0932482999997","RECOVERY_100_AFTER_95","100","-0.000924694"
"2026-08-04 15:28:28.378 +07:00","2272.7926537","RECOVERY_100_AFTER_95","100","-0.000934764"
"2026-08-04 15:28:29.892 +07:00","2274.3074125","RECOVERY_100_AFTER_95","100","-0.000957791"
"2026-08-04 15:28:30.576 +07:00","2274.9907376","RECOVERY_100_AFTER_95","100","-0.000970892"
"2026-08-04 15:28:31.260 +07:00","2275.6747826","RECOVERY_100_AFTER_95","100","-0.000962515"
"2026-08-04 15:28:31.960 +07:00","2276.3750924","RECOVERY_100_AFTER_95","100","-0.000984475"
"2026-08-04 15:28:32.641 +07:00","2277.0564736","RECOVERY_100_AFTER_95","100","-0.000994601"
"2026-08-04 15:28:33.326 +07:00","2277.7414623","RECOVERY_100_AFTER_95","100","-0.001006899"
"2026-08-04 15:28:34.025 +07:00","2278.4404945","RECOVERY_100_AFTER_95","100","-0.001004425"
"2026-08-04 15:28:34.728 +07:00","2279.1431576","RECOVERY_100_AFTER_95","100","-0.000996874"
"2026-08-04 15:28:35.423 +07:00","2279.8376728","RECOVERY_100_AFTER_95","100","-0.001019227"
"2026-08-04 15:28:36.116 +07:00","2280.5314367","RECOVERY_100_AFTER_95","100","-0.000984715"
"2026-08-04 15:28:37.634 +07:00","2282.0493383","RECOVERY_100_AFTER_95","100","-0.00093854"
"2026-08-04 15:28:38.320 +07:00","2282.7353051","RECOVERY_100_AFTER_95","100","-0.000941671"
"2026-08-04 15:28:39.002 +07:00","2283.4170599999998","RECOVERY_100_AFTER_95","100","-0.000926037"
"2026-08-04 15:28:39.701 +07:00","2284.1159988","RECOVERY_100_AFTER_95","100","-0.000939008"
"2026-08-04 15:28:40.385 +07:00","2284.8003438","RECOVERY_100_AFTER_95","100","-0.000942771"
"2026-08-04 15:28:41.060 +07:00","2285.4754540999998","RECOVERY_100_AFTER_95","100","-0.000947841"
"2026-08-04 15:28:41.735 +07:00","2286.1504016999997","RECOVERY_100_AFTER_95","100","-0.000928989"
"2026-08-04 15:28:42.426 +07:00","2286.8414935","RECOVERY_100_AFTER_95","100","-0.00095743"
"2026-08-04 15:28:43.103 +07:00","2287.5178751999997","RECOVERY_100_AFTER_95","100","-0.00097317"
"2026-08-04 15:28:43.769 +07:00","2288.1836258999997","RECOVERY_100_AFTER_95","100","-0.000968434"
"2026-08-04 15:28:45.314 +07:00","2289.7291115","RECOVERY_100_AFTER_95","100","-0.000989554"
"2026-08-04 15:28:46.017 +07:00","2290.4318424","RECOVERY_100_AFTER_95","100","-0.000971464"
"2026-08-04 15:28:46.701 +07:00","2291.1156293999998","RECOVERY_100_AFTER_95","100","-0.000994222"
"2026-08-04 15:28:47.383 +07:00","2291.7980644","RECOVERY_100_AFTER_95","100","-0.000992113"
"2026-08-04 15:28:48.066 +07:00","2292.4807095","RECOVERY_100_AFTER_95","100","-0.001017865"
"2026-08-04 15:28:48.764 +07:00","2293.1795268","RECOVERY_100_AFTER_95","100","-0.000997895"
"2026-08-04 15:28:49.448 +07:00","2293.8627303999997","RECOVERY_100_AFTER_95","100","-0.001003121"
"2026-08-04 15:28:50.147 +07:00","2294.561933","RECOVERY_100_AFTER_95","100","-0.001004014"
"2026-08-04 15:28:50.831 +07:00","2295.2456422","RECOVERY_100_AFTER_95","100","-0.001015966"
"2026-08-04 15:28:51.514 +07:00","2295.9294428999997","RECOVERY_100_AFTER_95","100","-0.00102748"
"2026-08-04 15:28:53.030 +07:00","2297.4452573999997","RECOVERY_100_AFTER_95","100","-0.001039562"
"2026-08-04 15:28:53.712 +07:00","2298.1270807","RECOVERY_100_AFTER_95","100","-0.001034291"
"2026-08-04 15:28:54.394 +07:00","2298.809351","RECOVERY_100_AFTER_95","100","-0.001020303"
"2026-08-04 15:28:55.095 +07:00","2299.5099289","RECOVERY_100_AFTER_95","100","-0.001034957"
"2026-08-04 15:28:55.779 +07:00","2300.1938474","RECOVERY_100_AFTER_95","100","-0.001019165"
"2026-08-04 15:28:56.462 +07:00","2300.8767405","RECOVERY_100_AFTER_95","100","-0.001034069"
"2026-08-04 15:28:57.128 +07:00","2301.5430008999997","RECOVERY_100_AFTER_95","100","-0.001026462"
"2026-08-04 15:28:57.810 +07:00","2302.2248139999997","RECOVERY_100_AFTER_95","100","-0.001014596"
"2026-08-04 15:28:58.493 +07:00","2302.9082398","RECOVERY_100_AFTER_95","100","-0.001003157"
"2026-08-04 15:28:59.160 +07:00","2303.5755179","RECOVERY_100_AFTER_95","100","-0.000978692"
"2026-08-04 15:29:00.681 +07:00","2305.0957780999997","RECOVERY_100_AFTER_95","100","-0.000947011"
"2026-08-04 15:29:01.343 +07:00","2305.7576280999997","RECOVERY_100_AFTER_95","100","-0.000954221"
"2026-08-04 15:29:02.042 +07:00","2306.4574595999998","RECOVERY_100_AFTER_95","100","-0.000960466"
"2026-08-04 15:29:02.724 +07:00","2307.1387319","RECOVERY_100_AFTER_95","100","-0.000949168"
"2026-08-04 15:29:03.428 +07:00","2307.8431035999997","RECOVERY_100_AFTER_95","100","-0.000970333"
"2026-08-04 15:29:04.123 +07:00","2308.5376228","RECOVERY_100_AFTER_95","100","-0.000969303"
"2026-08-04 15:29:04.806 +07:00","2309.2214762","RECOVERY_100_AFTER_95","100","-0.000952078"
"2026-08-04 15:29:05.496 +07:00","2309.9111954","RECOVERY_100_AFTER_95","100","-0.000953118"
"2026-08-04 15:29:06.172 +07:00","2310.5874544","RECOVERY_100_AFTER_95","100","-0.000960904"
"2026-08-04 15:29:06.856 +07:00","2311.2707461","RECOVERY_100_AFTER_95","100","-0.000982007"
"2026-08-04 15:29:08.410 +07:00","2312.8249957999997","RECOVERY_100_AFTER_95","100","-0.000957087"
"2026-08-04 15:29:09.091 +07:00","2313.5060389","RECOVERY_100_AFTER_95","100","-0.000937385"
"2026-08-04 15:29:09.771 +07:00","2314.1863846","RECOVERY_100_AFTER_95","100","-0.000945256"
"2026-08-04 15:29:10.455 +07:00","2314.8701834","RECOVERY_100_AFTER_95","100","-0.000941129"
"2026-08-04 15:29:11.146 +07:00","2315.5609928","RECOVERY_100_AFTER_95","100","-0.000926296"
"2026-08-04 15:29:11.837 +07:00","2316.2517267999997","RECOVERY_100_AFTER_95","100","-0.000923563"
"2026-08-04 15:29:12.518 +07:00","2316.9334295","RECOVERY_100_AFTER_95","100","-0.000921998"
"2026-08-04 15:29:13.218 +07:00","2317.6331428999997","RECOVERY_100_AFTER_95","100","-0.000924799"
"2026-08-04 15:29:13.901 +07:00","2318.3163285","RECOVERY_100_AFTER_95","100","-0.000903513"
"2026-08-04 15:29:14.600 +07:00","2319.0152141","RECOVERY_100_AFTER_95","100","-0.000922195"
"2026-08-04 15:29:16.120 +07:00","2320.5349112999997","RECOVERY_100_AFTER_95","100","-0.000887651"
"2026-08-04 15:29:16.816 +07:00","2321.2308292","RECOVERY_100_AFTER_95","100","-0.000895359"
"2026-08-04 15:29:17.500 +07:00","2321.9151956","RECOVERY_100_AFTER_95","100","-0.000909301"
"2026-08-04 15:29:18.185 +07:00","2322.5997303","RECOVERY_100_AFTER_95","100","-0.000905002"
"2026-08-04 15:29:18.868 +07:00","2323.2826076","RECOVERY_100_AFTER_95","100","-0.000908522"
"2026-08-04 15:29:19.557 +07:00","2323.9718986","RECOVERY_100_AFTER_95","100","-0.000901726"
"2026-08-04 15:29:20.233 +07:00","2324.6476749","RECOVERY_100_AFTER_95","100","-0.000928896"
"2026-08-04 15:29:20.916 +07:00","2325.330641","RECOVERY_100_AFTER_95","100","-0.000906658"
"2026-08-04 15:29:21.614 +07:00","2326.0288579999997","RECOVERY_100_AFTER_95","100","-0.000907916"
"2026-08-04 15:29:22.302 +07:00","2326.7172987999998","RECOVERY_100_AFTER_95","100","-0.00091189"
"2026-08-04 15:29:23.817 +07:00","2328.2320938","RECOVERY_100_AFTER_95","100","-0.000928568"
"2026-08-04 15:29:24.513 +07:00","2328.9284588","RECOVERY_100_AFTER_95","100","-0.000943339"
"2026-08-04 15:29:25.198 +07:00","2329.6132497","RECOVERY_100_AFTER_95","100","-0.000949309"
"2026-08-04 15:29:25.880 +07:00","2330.2949559999997","RECOVERY_100_AFTER_95","100","-0.0009416"
"2026-08-04 15:29:26.566 +07:00","2330.9806295999997","RECOVERY_100_AFTER_95","100","-0.000955543"
"2026-08-04 15:29:27.261 +07:00","2331.6756059","RECOVERY_100_AFTER_95","100","-0.000982968"
"2026-08-04 15:29:27.930 +07:00","2332.3448525999997","RECOVERY_100_AFTER_95","100","-0.000992833"
"2026-08-04 15:29:28.613 +07:00","2333.0279603999998","RECOVERY_100_AFTER_95","100","-0.001003867"
"2026-08-04 15:29:29.320 +07:00","2333.7351539","RECOVERY_100_AFTER_95","100","-0.00099215"
"2026-08-04 15:29:30.010 +07:00","2334.425484","RECOVERY_100_AFTER_95","100","-0.00098169"
"2026-08-04 15:29:31.560 +07:00","2335.9754167","RECOVERY_100_AFTER_95","100","-0.000950711"
"2026-08-04 15:29:32.244 +07:00","2336.6588357","RECOVERY_100_AFTER_95","100","-0.000956751"
"2026-08-04 15:29:32.926 +07:00","2337.3409243","RECOVERY_100_AFTER_95","100","-0.000926141"
"2026-08-04 15:29:33.608 +07:00","2338.0234744","RECOVERY_100_AFTER_95","100","-0.000931365"
"2026-08-04 15:29:34.292 +07:00","2338.7073867","RECOVERY_100_AFTER_95","100","-0.000916565"
"2026-08-04 15:29:34.976 +07:00","2339.3913442","RECOVERY_100_AFTER_95","100","-0.000978307"
"2026-08-04 15:29:35.659 +07:00","2340.0736882","RECOVERY_100_AFTER_95","100","-0.001016937"
"2026-08-04 15:29:36.350 +07:00","2340.7653897","RECOVERY_100_AFTER_95","100","-0.001010835"
"2026-08-04 15:29:37.024 +07:00","2341.4390558","RECOVERY_100_AFTER_95","100","-0.000995678"
"2026-08-04 15:29:37.709 +07:00","2342.1240731","RECOVERY_100_AFTER_95","100","-0.001032457"
"2026-08-04 15:29:39.249 +07:00","2343.6640217","RECOVERY_100_AFTER_95","100","-0.001069252"
"2026-08-04 15:29:39.924 +07:00","2344.3387752999997","RECOVERY_100_AFTER_95","100","-0.001083517"
"2026-08-04 15:29:40.628 +07:00","2345.0433029","RECOVERY_100_AFTER_95","100","-0.001106145"
"2026-08-04 15:29:41.312 +07:00","2345.7273298","RECOVERY_100_AFTER_95","100","-0.001043946"
"2026-08-04 15:29:41.989 +07:00","2346.4036046","RECOVERY_100_AFTER_95","100","-0.001027206"
"2026-08-04 15:29:42.672 +07:00","2347.0871199999997","RECOVERY_100_AFTER_95","100","-0.001036"
"2026-08-04 15:29:43.353 +07:00","2347.7684638","RECOVERY_100_AFTER_95","100","-0.001028066"
"2026-08-04 15:29:44.021 +07:00","2348.4363734999997","RECOVERY_100_AFTER_95","100","-0.001009865"
"2026-08-04 15:29:44.699 +07:00","2349.1143558999997","RECOVERY_100_AFTER_95","100","-0.000988437"
"2026-08-04 15:29:45.385 +07:00","2349.8005261999997","RECOVERY_100_AFTER_95","100","-0.001005771"
"2026-08-04 15:29:46.909 +07:00","2351.3238539","RECOVERY_100_AFTER_95","100","-0.000950936"
"2026-08-04 15:29:47.586 +07:00","2352.0010306","RECOVERY_100_AFTER_95","100","-0.000951071"
"2026-08-04 15:29:48.269 +07:00","2352.6835923","RECOVERY_100_AFTER_95","100","-0.000972151"
"2026-08-04 15:29:48.954 +07:00","2353.3690302","RECOVERY_100_AFTER_95","100","-0.000961906"
"2026-08-04 15:29:49.640 +07:00","2354.0549913","RECOVERY_100_AFTER_95","100","-0.000960506"
"2026-08-04 15:29:50.322 +07:00","2354.7373414999997","RECOVERY_100_AFTER_95","100","-0.000950534"
"2026-08-04 15:29:51.001 +07:00","2355.4162131999997","RECOVERY_100_AFTER_95","100","-0.000971611"
"2026-08-04 15:29:51.688 +07:00","2356.103014","RECOVERY_100_AFTER_95","100","-0.000962314"
"2026-08-04 15:29:52.377 +07:00","2356.7925004","RECOVERY_100_AFTER_95","100","-0.000963539"
"2026-08-04 15:29:53.052 +07:00","2357.4673334","RECOVERY_100_AFTER_95","100","-0.000968402"
"2026-08-04 15:29:54.598 +07:00","2359.0128299","RECOVERY_100_AFTER_95","100","-0.000945882"
"2026-08-04 15:29:55.281 +07:00","2359.6958391999997","RECOVERY_100_AFTER_95","100","-0.000961524"
"2026-08-04 15:29:55.981 +07:00","2360.3959707","RECOVERY_100_AFTER_95","100","-0.00096393"
"2026-08-04 15:29:56.666 +07:00","2361.0805938999997","RECOVERY_100_AFTER_95","100","-0.00099849"
"2026-08-04 15:29:57.349 +07:00","2361.7640693","RECOVERY_100_AFTER_95","100","-0.001002141"
"2026-08-04 15:29:58.031 +07:00","2362.4464095","RECOVERY_100_AFTER_95","100","-0.000988193"
"2026-08-04 15:29:58.738 +07:00","2363.1525558","RECOVERY_100_AFTER_95","100","-0.00099238"
"2026-08-04 15:29:59.413 +07:00","2363.8283262","RECOVERY_100_AFTER_95","100","-0.000973384"
"2026-08-04 15:30:00.096 +07:00","2364.5114817999997","RECOVERY_100_AFTER_95","100","-0.000990551"
"2026-08-04 15:30:00.780 +07:00","2365.1950552999997","RECOVERY_100_AFTER_95","100","-0.000985156"
"2026-08-04 15:30:02.409 +07:00","2366.8239998999998","RECOVERY_100_AFTER_95","100","-0.001001361"
"2026-08-04 15:30:03.094 +07:00","2367.5090356","RECOVERY_100_AFTER_95","100","-0.000974571"
"2026-08-04 15:30:03.785 +07:00","2368.2001188","RECOVERY_100_AFTER_95","100","-0.000957794"
"2026-08-04 15:30:04.466 +07:00","2368.8806646","RECOVERY_100_AFTER_95","100","-0.000965205"
"2026-08-04 15:30:05.145 +07:00","2369.559663","RECOVERY_100_AFTER_95","100","-0.000950063"
"2026-08-04 15:30:05.826 +07:00","2370.2406094","RECOVERY_100_AFTER_95","100","-0.000958889"
"2026-08-04 15:30:06.510 +07:00","2370.9251117","RECOVERY_100_AFTER_95","100","-0.000940697"
"2026-08-04 15:30:07.191 +07:00","2371.6059152","RECOVERY_100_AFTER_95","100","-0.000939881"
"2026-08-04 15:30:07.877 +07:00","2372.2917460999997","RECOVERY_100_AFTER_95","100","-0.000932078"
"2026-08-04 15:30:08.559 +07:00","2372.9737305","RECOVERY_100_AFTER_95","100","-0.000949026"
"2026-08-04 15:30:10.080 +07:00","2374.4946196","RECOVERY_100_AFTER_95","100","-0.000946409"
"2026-08-04 15:30:10.768 +07:00","2375.183068","RECOVERY_100_AFTER_95","100","-0.000944664"
"2026-08-04 15:30:11.457 +07:00","2375.8722553","RECOVERY_100_AFTER_95","100","-0.000951092"
"2026-08-04 15:30:12.146 +07:00","2376.5613954","RECOVERY_100_AFTER_95","100","-0.000954819"
"2026-08-04 15:30:12.839 +07:00","2377.2539434","RECOVERY_100_AFTER_95","100","-0.000970268"
"2026-08-04 15:30:13.523 +07:00","2377.9377021","RECOVERY_100_AFTER_95","100","-0.000981893"
"2026-08-04 15:30:14.212 +07:00","2378.6270778","RECOVERY_100_AFTER_95","100","-0.000986564"
"2026-08-04 15:30:14.903 +07:00","2379.3183225","RECOVERY_100_AFTER_95","100","-0.00097408"
"2026-08-04 15:30:15.592 +07:00","2380.0067528","RECOVERY_100_AFTER_95","100","-0.0009843"
"2026-08-04 15:30:16.272 +07:00","2380.6874822","RECOVERY_100_AFTER_95","100","-0.001005762"
"2026-08-04 15:30:17.818 +07:00","2382.232833","RECOVERY_100_AFTER_95","100","-0.001014073"
"2026-08-04 15:30:18.521 +07:00","2382.9356166","RECOVERY_100_AFTER_95","100","-0.000976585"
"2026-08-04 15:30:19.205 +07:00","2383.6198858","RECOVERY_100_AFTER_95","100","-0.000986759"
"2026-08-04 15:30:19.891 +07:00","2384.3057684","RECOVERY_100_AFTER_95","100","-0.000992871"
"2026-08-04 15:30:20.570 +07:00","2384.9845725","RECOVERY_100_AFTER_95","100","-0.000990058"
"2026-08-04 15:30:21.246 +07:00","2385.6607937999997","RECOVERY_100_AFTER_95","100","-0.001008255"
"2026-08-04 15:30:21.937 +07:00","2386.3524261","RECOVERY_100_AFTER_95","100","-0.0009929"
"2026-08-04 15:30:22.621 +07:00","2387.0362869","RECOVERY_100_AFTER_95","100","-0.000999257"
"2026-08-04 15:30:23.321 +07:00","2387.7363204","RECOVERY_100_AFTER_95","100","-0.000998426"
"2026-08-04 15:30:24.022 +07:00","2388.4368086","RECOVERY_100_AFTER_95","100","-0.001015513"
"2026-08-04 15:30:25.586 +07:00","2390.0005671999998","RECOVERY_100_AFTER_95","100","-0.000996617"
"2026-08-04 15:30:26.285 +07:00","2390.6996000999998","RECOVERY_100_AFTER_95","100","-0.000993859"
"2026-08-04 15:30:26.984 +07:00","2391.3988909","RECOVERY_100_AFTER_95","100","-0.000982851"
"2026-08-04 15:30:27.669 +07:00","2392.0840491","RECOVERY_100_AFTER_95","100","-0.000966644"
"2026-08-04 15:30:28.352 +07:00","2392.7675126999998","RECOVERY_100_AFTER_95","100","-0.000951791"
"2026-08-04 15:30:29.052 +07:00","2393.4669808999997","RECOVERY_100_AFTER_95","100","-0.000944952"
"2026-08-04 15:30:29.734 +07:00","2394.1486771","RECOVERY_100_AFTER_95","100","-0.000946319"
"2026-08-04 15:30:30.420 +07:00","2394.8347384999997","RECOVERY_100_AFTER_95","100","-0.000913517"
"2026-08-04 15:30:31.102 +07:00","2395.5169474","RECOVERY_100_AFTER_95","100","-0.000926381"
"2026-08-04 15:30:31.800 +07:00","2396.2155318","RECOVERY_100_AFTER_95","100","-0.000929717"
"2026-08-04 15:30:33.313 +07:00","2397.7285168","RECOVERY_100_AFTER_95","100","-0.000916991"
"2026-08-04 15:30:33.999 +07:00","2398.4145135","RECOVERY_100_AFTER_95","100","-0.000909831"
"2026-08-04 15:30:34.683 +07:00","2399.0976911","RECOVERY_100_AFTER_95","100","-0.000929044"
"2026-08-04 15:30:35.381 +07:00","2399.7961130999997","RECOVERY_100_AFTER_95","100","-0.000931112"
"2026-08-04 15:30:36.082 +07:00","2400.4970785","RECOVERY_100_AFTER_95","100","-0.000952929"
"2026-08-04 15:30:36.764 +07:00","2401.1785476","RECOVERY_100_AFTER_95","100","-0.000954734"
"2026-08-04 15:30:37.449 +07:00","2401.864227","RECOVERY_100_AFTER_95","100","-0.000946663"
"2026-08-04 15:30:38.147 +07:00","2402.5617488","RECOVERY_100_AFTER_95","100","-0.000968126"
"2026-08-04 15:30:38.846 +07:00","2403.2614384999997","RECOVERY_100_AFTER_95","100","-0.000937045"
"2026-08-04 15:30:39.531 +07:00","2403.9458325","RECOVERY_100_AFTER_95","100","-0.000929466"
"2026-08-04 15:30:41.181 +07:00","2405.5959199","RECOVERY_100_AFTER_95","100","-0.000933792"
"2026-08-04 15:30:41.878 +07:00","2406.2927159","RECOVERY_100_AFTER_95","100","-0.000935075"
"2026-08-04 15:30:42.562 +07:00","2406.9768214","RECOVERY_100_AFTER_95","100","-0.000932307"
"2026-08-04 15:30:43.247 +07:00","2407.6616719999997","RECOVERY_100_AFTER_95","100","-0.000943146"
"2026-08-04 15:30:43.943 +07:00","2408.3577677999997","RECOVERY_100_AFTER_95","100","-0.000951096"
"2026-08-04 15:30:44.629 +07:00","2409.0439128","RECOVERY_100_AFTER_95","100","-0.000956829"
"2026-08-04 15:30:45.310 +07:00","2409.7249205999997","RECOVERY_100_AFTER_95","100","-0.000992961"
"2026-08-04 15:30:46.010 +07:00","2410.4247516","RECOVERY_100_AFTER_95","100","-0.000984294"
"2026-08-04 15:30:46.708 +07:00","2411.123514","RECOVERY_100_AFTER_95","100","-0.000968985"
"2026-08-04 15:30:47.393 +07:00","2411.8079069","RECOVERY_100_AFTER_95","100","-0.000983241"
"2026-08-04 15:30:48.907 +07:00","2413.3220226999997","RECOVERY_100_AFTER_95","100","-0.000931096"
"2026-08-04 15:30:49.594 +07:00","2414.0094767","RECOVERY_100_AFTER_95","100","-0.000941449"
"2026-08-04 15:30:50.274 +07:00","2414.6894973","RECOVERY_100_AFTER_95","100","-0.000950785"
"2026-08-04 15:30:50.975 +07:00","2415.3900764","RECOVERY_100_AFTER_95","100","-0.00092766"
"2026-08-04 15:30:51.674 +07:00","2416.0895293999997","RECOVERY_100_AFTER_95","100","-0.000936733"
"2026-08-04 15:30:52.358 +07:00","2416.7735216","RECOVERY_100_AFTER_95","100","-0.000950984"
"2026-08-04 15:30:53.039 +07:00","2417.4544874999997","RECOVERY_100_AFTER_95","100","-0.000970889"
"2026-08-04 15:30:53.740 +07:00","2418.1548003","RECOVERY_100_AFTER_95","100","-0.000981354"
"2026-08-04 15:30:54.425 +07:00","2418.8401719999997","RECOVERY_100_AFTER_95","100","-0.001005693"
"2026-08-04 15:30:55.106 +07:00","2419.5206562","RECOVERY_100_AFTER_95","100","-0.001021569"
"2026-08-04 15:30:56.653 +07:00","2421.067669","RECOVERY_100_AFTER_95","100","-0.001036997"
"2026-08-04 15:30:57.338 +07:00","2421.7531983","RECOVERY_100_AFTER_95","100","-0.001047993"
"2026-08-04 15:30:58.038 +07:00","2422.4531014","RECOVERY_100_AFTER_95","100","-0.001028917"
"2026-08-04 15:30:58.721 +07:00","2423.1357565999997","RECOVERY_100_AFTER_95","100","-0.001035131"
"2026-08-04 15:30:59.404 +07:00","2423.8191097999998","RECOVERY_100_AFTER_95","100","-0.001040394"
"2026-08-04 15:31:00.087 +07:00","2424.5024027","RECOVERY_100_AFTER_95","100","-0.001025361"
"2026-08-04 15:31:00.789 +07:00","2425.2035547","RECOVERY_100_AFTER_95","100","-0.001012416"
"2026-08-04 15:31:01.468 +07:00","2425.8832183","RECOVERY_100_AFTER_95","100","-0.001020888"
"2026-08-04 15:31:02.152 +07:00","2426.5671472","RECOVERY_100_AFTER_95","100","-0.001006797"
"2026-08-04 15:31:02.836 +07:00","2427.251217","RECOVERY_100_AFTER_95","100","-0.001011526"
"2026-08-04 15:31:04.351 +07:00","2428.7657044","RECOVERY_100_AFTER_95","100","-0.000998067"
"2026-08-04 15:31:05.050 +07:00","2429.4654003","RECOVERY_100_AFTER_95","100","-0.000974323"
"2026-08-04 15:31:05.735 +07:00","2430.1499854","RECOVERY_100_AFTER_95","100","-0.000972768"
"2026-08-04 15:31:06.417 +07:00","2430.83191","RECOVERY_100_AFTER_95","100","-0.000982514"
"2026-08-04 15:31:07.116 +07:00","2431.5314221","RECOVERY_100_AFTER_95","100","-0.000985239"
"2026-08-04 15:31:07.816 +07:00","2432.2305969","RECOVERY_100_AFTER_95","100","-0.000994968"
"2026-08-04 15:31:08.501 +07:00","2432.9157614","RECOVERY_100_AFTER_95","100","-0.001008093"
"2026-08-04 15:31:09.185 +07:00","2433.5995774999997","RECOVERY_100_AFTER_95","100","-0.001011091"
"2026-08-04 15:31:09.883 +07:00","2434.2976737","RECOVERY_100_AFTER_95","100","-0.001028051"
"2026-08-04 15:31:10.581 +07:00","2434.9959900999997","RECOVERY_100_AFTER_95","100","-0.001037848"
"2026-08-04 15:31:12.094 +07:00","2436.5093385","RECOVERY_100_AFTER_95","100","-0.001038119"
"2026-08-04 15:31:12.781 +07:00","2437.1962971999997","RECOVERY_100_AFTER_95","100","-0.001026777"
"2026-08-04 15:31:13.464 +07:00","2437.8786528","RECOVERY_100_AFTER_95","100","-0.001010858"
"2026-08-04 15:31:14.164 +07:00","2438.5789581","RECOVERY_100_AFTER_95","100","-0.000992378"
"2026-08-04 15:31:14.864 +07:00","2439.2787196","RECOVERY_100_AFTER_95","100","-0.000988829"
"2026-08-04 15:31:15.562 +07:00","2439.9774966","RECOVERY_100_AFTER_95","100","-0.000996948"
"2026-08-04 15:31:16.244 +07:00","2440.6588879","RECOVERY_100_AFTER_95","100","-0.000992531"
"2026-08-04 15:31:16.949 +07:00","2441.3639454999998","RECOVERY_100_AFTER_95","100","-0.000972367"
"2026-08-04 15:31:17.643 +07:00","2442.0585432","RECOVERY_100_AFTER_95","100","-0.000975046"
"2026-08-04 15:31:18.327 +07:00","2442.7417606","RECOVERY_100_AFTER_95","100","-0.000975114"
"2026-08-04 15:31:19.872 +07:00","2444.2874997","RECOVERY_100_AFTER_95","100","-0.001001974"
"2026-08-04 15:31:20.560 +07:00","2444.9752484","RECOVERY_100_AFTER_95","100","-0.000991142"
"2026-08-04 15:31:21.244 +07:00","2445.6587426","RECOVERY_100_AFTER_95","100","-0.000969097"
"2026-08-04 15:31:21.942 +07:00","2446.3574272","RECOVERY_100_AFTER_95","100","-0.000956541"
"2026-08-04 15:31:22.623 +07:00","2447.0385324999997","RECOVERY_100_AFTER_95","100","-0.000933964"
"2026-08-04 15:31:23.307 +07:00","2447.7222419","RECOVERY_100_AFTER_95","100","-0.000946499"
"2026-08-04 15:31:24.008 +07:00","2448.4229372","RECOVERY_100_AFTER_95","100","-0.000949664"
"2026-08-04 15:31:24.709 +07:00","2449.1238408","RECOVERY_100_AFTER_95","100","-0.000944649"
"2026-08-04 15:31:25.390 +07:00","2449.8048495999997","RECOVERY_100_AFTER_95","100","-0.000958209"
"2026-08-04 15:31:26.074 +07:00","2450.4888569","RECOVERY_100_AFTER_95","100","-0.000952151"
"2026-08-04 15:31:27.586 +07:00","2452.0008970999997","RECOVERY_100_AFTER_95","100","-0.000958672"
"2026-08-04 15:31:28.288 +07:00","2452.7034282","RECOVERY_100_AFTER_95","100","-0.00096989"
"2026-08-04 15:31:28.990 +07:00","2453.4049411","RECOVERY_100_AFTER_95","100","-0.00097608"
"2026-08-04 15:31:29.671 +07:00","2454.0860981","RECOVERY_100_AFTER_95","100","-0.000979347"
"2026-08-04 15:31:30.355 +07:00","2454.7702004","RECOVERY_100_AFTER_95","100","-0.000985715"
"2026-08-04 15:31:31.056 +07:00","2455.4711598","RECOVERY_100_AFTER_95","100","-0.001011423"
"2026-08-04 15:31:31.755 +07:00","2456.1701202","RECOVERY_100_AFTER_95","100","-0.001018792"
"2026-08-04 15:31:32.455 +07:00","2456.8700214","RECOVERY_100_AFTER_95","100","-0.00102323"
"2026-08-04 15:31:33.137 +07:00","2457.552325","RECOVERY_100_AFTER_95","100","-0.001013325"
"2026-08-04 15:31:33.836 +07:00","2458.2510580999997","RECOVERY_100_AFTER_95","100","-0.001010173"
"2026-08-04 15:31:35.349 +07:00","2459.7636563","RECOVERY_100_AFTER_95","100","-0.000995887"
"2026-08-04 15:31:36.034 +07:00","2460.4493351","RECOVERY_100_AFTER_95","100","-0.00098095"
"2026-08-04 15:31:36.718 +07:00","2461.1327177","RECOVERY_100_AFTER_95","100","-0.000982601"
"2026-08-04 15:31:37.403 +07:00","2461.8185072","RECOVERY_100_AFTER_95","100","-0.000963809"
"2026-08-04 15:31:38.100 +07:00","2462.5152138999997","RECOVERY_100_AFTER_95","100","-0.00094929"
"2026-08-04 15:31:38.787 +07:00","2463.2016355","RECOVERY_100_AFTER_95","100","-0.000957206"
"2026-08-04 15:31:39.467 +07:00","2463.8815793","RECOVERY_100_AFTER_95","100","-0.000966252"
"2026-08-04 15:31:40.152 +07:00","2464.5668708999997","RECOVERY_100_AFTER_95","100","-0.000947204"
"2026-08-04 15:31:40.850 +07:00","2465.2654356999997","RECOVERY_100_AFTER_95","100","-0.000950402"
"2026-08-04 15:31:41.549 +07:00","2465.9644862","RECOVERY_100_AFTER_95","100","-0.000942511"
"2026-08-04 15:31:43.096 +07:00","2467.5110254","RECOVERY_100_AFTER_95","100","-0.000938195"
"2026-08-04 15:31:43.781 +07:00","2468.1959763","RECOVERY_100_AFTER_95","100","-0.000923502"
"2026-08-04 15:31:44.465 +07:00","2468.8796107999997","RECOVERY_100_AFTER_95","100","-0.000933328"
"2026-08-04 15:31:45.163 +07:00","2469.5784223","RECOVERY_100_AFTER_95","100","-0.000916795"
"2026-08-04 15:31:45.864 +07:00","2470.2791856","RECOVERY_100_AFTER_95","100","-0.000932488"
"2026-08-04 15:31:46.548 +07:00","2470.962596","RECOVERY_100_AFTER_95","100","-0.000943374"
"2026-08-04 15:31:47.231 +07:00","2471.646097","RECOVERY_100_AFTER_95","100","-0.000942783"
"2026-08-04 15:31:47.928 +07:00","2472.3429785999997","RECOVERY_100_AFTER_95","100","-0.000952919"
"2026-08-04 15:31:48.614 +07:00","2473.0287979","RECOVERY_100_AFTER_95","100","-0.00095109"
"2026-08-04 15:31:49.294 +07:00","2473.7090488999997","RECOVERY_100_AFTER_95","100","-0.000951784"
"2026-08-04 15:31:50.807 +07:00","2475.2215695","RECOVERY_100_AFTER_95","100","-0.000933606"
"2026-08-04 15:31:51.494 +07:00","2475.909064","RECOVERY_100_AFTER_95","100","-0.000921263"
"2026-08-04 15:31:52.195 +07:00","2476.6096093","RECOVERY_100_AFTER_95","100","-0.000915255"
"2026-08-04 15:31:52.894 +07:00","2477.3094946","RECOVERY_100_AFTER_95","100","-0.000932344"
"2026-08-04 15:31:53.578 +07:00","2477.9932102","RECOVERY_100_AFTER_95","100","-0.000932324"
"2026-08-04 15:31:54.258 +07:00","2478.6732875","RECOVERY_100_AFTER_95","100","-0.000946556"
"2026-08-04 15:31:54.961 +07:00","2479.3756304999997","RECOVERY_100_AFTER_95","100","-0.000941989"
"2026-08-04 15:31:55.660 +07:00","2480.0747893","RECOVERY_100_AFTER_95","100","-0.000948834"
"2026-08-04 15:31:56.341 +07:00","2480.7563652","RECOVERY_100_AFTER_95","100","-0.000966876"
"2026-08-04 15:31:57.027 +07:00","2481.4417768","RECOVERY_100_AFTER_95","100","-0.000978806"
"2026-08-04 15:31:58.556 +07:00","2482.9710923","RECOVERY_100_AFTER_95","100","-0.000985458"
"2026-08-04 15:31:59.258 +07:00","2483.6729961","RECOVERY_100_AFTER_95","100","-0.000971675"
"2026-08-04 15:31:59.957 +07:00","2484.3717422","RECOVERY_100_AFTER_95","100","-0.00094672"
"2026-08-04 15:32:00.658 +07:00","2485.0728108999997","RECOVERY_100_AFTER_95","100","-0.000910522"
"2026-08-04 15:32:01.340 +07:00","2485.7548741","RECOVERY_100_AFTER_95","100","-0.000925315"
"2026-08-04 15:32:02.040 +07:00","2486.4548394","RECOVERY_100_AFTER_95","100","-0.000901597"
"2026-08-04 15:32:02.738 +07:00","2487.1533439","RECOVERY_100_AFTER_95","100","-0.000894733"
"2026-08-04 15:32:03.421 +07:00","2487.8361781999997","RECOVERY_100_AFTER_95","100","-0.000885519"
"2026-08-04 15:32:04.106 +07:00","2488.521126","RECOVERY_100_AFTER_95","100","-0.000879859"
"2026-08-04 15:32:04.804 +07:00","2489.2189353999997","RECOVERY_100_AFTER_95","100","-0.000863603"
"2026-08-04 15:32:06.349 +07:00","2490.764178","RECOVERY_100_AFTER_95","100","-0.000923231"
"2026-08-04 15:32:07.038 +07:00","2491.4526176","RECOVERY_100_AFTER_95","100","-0.000940843"
"2026-08-04 15:32:07.735 +07:00","2492.1502062","RECOVERY_100_AFTER_95","100","-0.000922434"
"2026-08-04 15:32:08.418 +07:00","2492.8334287","RECOVERY_100_AFTER_95","100","-0.000953853"
"2026-08-04 15:32:09.104 +07:00","2493.5192394","RECOVERY_100_AFTER_95","100","-0.000972317"
"2026-08-04 15:32:09.802 +07:00","2494.2169853","RECOVERY_100_AFTER_95","100","-0.000976363"
"2026-08-04 15:32:10.484 +07:00","2494.8986532999998","RECOVERY_100_AFTER_95","100","-0.000986853"
"2026-08-04 15:32:11.169 +07:00","2495.5841179","RECOVERY_100_AFTER_95","100","-0.000990451"
"2026-08-04 15:32:11.869 +07:00","2496.2835895999997","RECOVERY_100_AFTER_95","100","-0.000967843"
"2026-08-04 15:32:12.568 +07:00","2496.9828508","RECOVERY_100_AFTER_95","100","-0.000971289"
"2026-08-04 15:32:14.150 +07:00","2498.5647011","RECOVERY_100_AFTER_95","100","-0.000983319"
"2026-08-04 15:32:14.850 +07:00","2499.2652122","RECOVERY_100_AFTER_95","100","-0.000962837"
"2026-08-04 15:32:15.534 +07:00","2499.9493562","RECOVERY_100_AFTER_95","100","-0.000938976"
"2026-08-04 15:32:16.215 +07:00","2500.6296491999997","RECOVERY_100_AFTER_95","100","-0.000960131"
"2026-08-04 15:32:16.916 +07:00","2501.3310926","RECOVERY_100_AFTER_95","100","-0.000956754"
"2026-08-04 15:32:17.614 +07:00","2502.0292987","RECOVERY_100_AFTER_95","100","-0.000962436"
"2026-08-04 15:32:18.297 +07:00","2502.7123162","RECOVERY_100_AFTER_95","100","-0.000987303"
"2026-08-04 15:32:18.982 +07:00","2503.3968591","RECOVERY_100_AFTER_95","100","-0.000986455"
"2026-08-04 15:32:19.681 +07:00","2504.0962083","RECOVERY_100_AFTER_95","100","-0.000994967"
"2026-08-04 15:32:20.381 +07:00","2504.79555","RECOVERY_100_AFTER_95","100","-0.000999628"
"2026-08-04 15:32:21.895 +07:00","2506.3104943999997","RECOVERY_100_AFTER_95","100","-0.001026286"
"2026-08-04 15:32:22.578 +07:00","2506.9933813","RECOVERY_100_AFTER_95","100","-0.001005295"
"2026-08-04 15:32:23.263 +07:00","2507.6775904","RECOVERY_100_AFTER_95","100","-0.000989458"
"2026-08-04 15:32:23.963 +07:00","2508.3777735999997","RECOVERY_100_AFTER_95","100","-0.000992043"
"2026-08-04 15:32:24.661 +07:00","2509.0764939","RECOVERY_100_AFTER_95","100","-0.000988033"
"2026-08-04 15:32:25.361 +07:00","2509.775721","RECOVERY_100_AFTER_95","100","-0.000979216"
"2026-08-04 15:32:26.045 +07:00","2510.4598215","RECOVERY_100_AFTER_95","100","-0.001063355"
"2026-08-04 15:32:26.728 +07:00","2511.1429421","RECOVERY_100_AFTER_95","100","-0.001063573"
"2026-08-04 15:32:27.429 +07:00","2511.8436309999997","RECOVERY_100_AFTER_95","100","-0.001055875"
"2026-08-04 15:32:28.109 +07:00","2512.5244282999997","RECOVERY_100_AFTER_95","100","-0.001044586"
"2026-08-04 15:32:29.656 +07:00","2514.0714209","RECOVERY_100_AFTER_95","100","-0.001057201"
"2026-08-04 15:32:30.342 +07:00","2514.7570115999997","RECOVERY_100_AFTER_95","100","-0.001064619"
"2026-08-04 15:32:31.029 +07:00","2515.4440584","RECOVERY_100_AFTER_95","100","-0.001045786"
"2026-08-04 15:32:31.726 +07:00","2516.1408726","RECOVERY_100_AFTER_95","100","-0.001042101"
"2026-08-04 15:32:32.408 +07:00","2516.8225995","RECOVERY_100_AFTER_95","100","-0.000944361"
"2026-08-04 15:32:33.092 +07:00","2517.5073119","RECOVERY_100_AFTER_95","100","-0.000914043"
"2026-08-04 15:32:33.789 +07:00","2518.2045138999997","RECOVERY_100_AFTER_95","100","-0.000923442"
"2026-08-04 15:32:34.492 +07:00","2518.9069919999997","RECOVERY_100_AFTER_95","100","-0.000933767"
"2026-08-04 15:32:35.173 +07:00","2519.5881525","RECOVERY_100_AFTER_95","100","-0.000935401"
"2026-08-04 15:32:35.858 +07:00","2520.2728447","RECOVERY_100_AFTER_95","100","-0.000949929"
"2026-08-04 15:32:37.368 +07:00","2521.7832694999997","RECOVERY_100_AFTER_95","100","-0.000954636"
"2026-08-04 15:32:38.069 +07:00","2522.4839309","RECOVERY_100_AFTER_95","100","-0.000964648"
"2026-08-04 15:32:38.771 +07:00","2523.1864676","RECOVERY_100_AFTER_95","100","-0.000991564"
"2026-08-04 15:32:39.453 +07:00","2523.8681487","RECOVERY_100_AFTER_95","100","-0.001036996"
"2026-08-04 15:32:40.137 +07:00","2524.5518684999997","RECOVERY_100_AFTER_95","100","-0.000996046"
"2026-08-04 15:32:40.836 +07:00","2525.2514805","RECOVERY_100_AFTER_95","100","-0.000989072"
"2026-08-04 15:32:41.538 +07:00","2525.9531254","RECOVERY_100_AFTER_95","100","-0.000980735"
"2026-08-04 15:32:42.219 +07:00","2526.6342592","RECOVERY_100_AFTER_95","100","-0.000998354"
"2026-08-04 15:32:42.903 +07:00","2527.3177957","RECOVERY_100_AFTER_95","100","-0.000998933"
"2026-08-04 15:32:43.588 +07:00","2528.0031836999997","RECOVERY_100_AFTER_95","100","-0.000978442"
"2026-08-04 15:32:45.202 +07:00","2529.6166166","RECOVERY_100_AFTER_95","100","-0.001021974"
"2026-08-04 15:32:45.883 +07:00","2530.2982287","RECOVERY_100_AFTER_95","100","-0.001004054"
"2026-08-04 15:32:46.584 +07:00","2530.9986157","RECOVERY_100_AFTER_95","100","-0.001034968"
"2026-08-04 15:32:47.266 +07:00","2531.6810676","RECOVERY_100_AFTER_95","100","-0.001044309"
"2026-08-04 15:32:47.950 +07:00","2532.365029","RECOVERY_100_AFTER_95","100","-0.001047022"
"2026-08-04 15:32:48.649 +07:00","2533.0642853","RECOVERY_100_AFTER_95","100","-0.001021034"
"2026-08-04 15:32:49.350 +07:00","2533.7652562","RECOVERY_100_AFTER_95","100","-0.001025342"
"2026-08-04 15:32:50.049 +07:00","2534.4636201","RECOVERY_100_AFTER_95","100","-0.001024056"
"2026-08-04 15:32:50.731 +07:00","2535.145881","RECOVERY_100_AFTER_95","100","-0.001030554"
"2026-08-04 15:32:51.431 +07:00","2535.8463631","RECOVERY_100_AFTER_95","100","-0.000920776"
"2026-08-04 15:32:52.977 +07:00","2537.3922503999997","RECOVERY_100_AFTER_95","100","-0.000879659"
"2026-08-04 15:32:53.679 +07:00","2538.0943537","RECOVERY_100_AFTER_95","100","-0.000862879"
"2026-08-04 15:32:54.380 +07:00","2538.7953875999997","RECOVERY_100_AFTER_95","100","-0.000868202"
"2026-08-04 15:32:55.062 +07:00","2539.4767954999998","RECOVERY_100_AFTER_95","100","-0.000889775"
"2026-08-04 15:32:55.747 +07:00","2540.1622322","RECOVERY_100_AFTER_95","100","-0.000907433"
"2026-08-04 15:32:56.446 +07:00","2540.8607383","RECOVERY_100_AFTER_95","100","-0.000910604"
"2026-08-04 15:32:57.145 +07:00","2541.5598185","RECOVERY_100_AFTER_95","100","-0.000920618"
"2026-08-04 15:32:57.827 +07:00","2542.2418026","RECOVERY_100_AFTER_95","100","-0.000964776"
"2026-08-04 15:32:58.512 +07:00","2542.9265577","RECOVERY_100_AFTER_95","100","-0.001010828"
"2026-08-04 15:32:59.211 +07:00","2543.6260112","RECOVERY_100_AFTER_95","100","-0.001041711"
"2026-08-04 15:33:00.763 +07:00","2545.1784279999997","RECOVERY_100_AFTER_95","100","-0.001093104"
"2026-08-04 15:33:01.461 +07:00","2545.8755972","RECOVERY_100_AFTER_95","100","-0.001097108"
"2026-08-04 15:33:02.143 +07:00","2546.5575799","RECOVERY_100_AFTER_95","100","-0.001068732"
"2026-08-04 15:33:02.828 +07:00","2547.2426793","RECOVERY_100_AFTER_95","100","-0.001058432"
"2026-08-04 15:33:03.509 +07:00","2547.9242268","RECOVERY_100_AFTER_95","100","-0.0010519"
"2026-08-04 15:33:04.208 +07:00","2548.6234394","RECOVERY_100_AFTER_95","100","-0.001042167"
"2026-08-04 15:33:04.892 +07:00","2549.3066089","RECOVERY_100_AFTER_95","100","-0.001017392"
"2026-08-04 15:33:05.585 +07:00","2550.00051","RECOVERY_100_AFTER_95","100","-0.00101711"
"2026-08-04 15:33:06.291 +07:00","2550.7062978999998","RECOVERY_100_AFTER_95","100","-0.001010896"
"2026-08-04 15:33:06.991 +07:00","2551.4055746","RECOVERY_100_AFTER_95","100","-0.000998549"
"2026-08-04 15:33:08.504 +07:00","2552.9188731","RECOVERY_100_AFTER_95","100","-0.000950208"
"2026-08-04 15:33:09.189 +07:00","2553.6042503999997","RECOVERY_100_AFTER_95","100","-0.000940381"
"2026-08-04 15:33:09.872 +07:00","2554.2872107999997","RECOVERY_100_AFTER_95","100","-0.000932159"
"2026-08-04 15:33:10.557 +07:00","2554.9716789999998","RECOVERY_100_AFTER_95","100","-0.000948205"
"2026-08-04 15:33:11.256 +07:00","2555.6710427999997","RECOVERY_100_AFTER_95","100","-0.000945962"
"2026-08-04 15:33:11.938 +07:00","2556.3530181","RECOVERY_100_AFTER_95","100","-0.00091485"
"2026-08-04 15:33:12.622 +07:00","2557.0369511999997","RECOVERY_100_AFTER_95","100","-0.000915517"
"2026-08-04 15:33:13.322 +07:00","2557.7365838","RECOVERY_100_AFTER_95","100","-0.000941757"
"2026-08-04 15:33:14.020 +07:00","2558.4349546999997","RECOVERY_100_AFTER_95","100","-0.000968942"
"2026-08-04 15:33:14.705 +07:00","2559.120167","RECOVERY_100_AFTER_95","100","-0.000970157"
"2026-08-04 15:33:16.270 +07:00","2560.6849687999998","RECOVERY_100_AFTER_95","100","-0.001012328"
"2026-08-04 15:33:16.953 +07:00","2561.3679016","RECOVERY_100_AFTER_95","100","-0.001009053"
"2026-08-04 15:33:17.636 +07:00","2562.0509684999997","RECOVERY_100_AFTER_95","100","-0.001020118"
"2026-08-04 15:33:18.335 +07:00","2562.7504248","RECOVERY_100_AFTER_95","100","-0.001012478"
"2026-08-04 15:33:19.018 +07:00","2563.4332262999997","RECOVERY_100_AFTER_95","100","-0.00099411"
"2026-08-04 15:33:19.702 +07:00","2564.1174034","RECOVERY_100_AFTER_95","100","-0.000957857"
"2026-08-04 15:33:20.385 +07:00","2564.800191","RECOVERY_100_AFTER_95","100","-0.00092707"
"2026-08-04 15:33:21.083 +07:00","2565.4981422","RECOVERY_100_AFTER_95","100","-0.000916897"
"2026-08-04 15:33:21.765 +07:00","2566.1795795","RECOVERY_100_AFTER_95","100","-0.000927253"
"2026-08-04 15:33:22.448 +07:00","2566.8630298999997","RECOVERY_100_AFTER_95","100","-0.000914712"
"2026-08-04 15:33:23.963 +07:00","2568.3775843","RECOVERY_100_AFTER_95","100","-0.00088432"
"2026-08-04 15:33:24.665 +07:00","2569.0797312","RECOVERY_100_AFTER_95","100","-0.000889026"
"2026-08-04 15:33:25.365 +07:00","2569.7796553999997","RECOVERY_100_AFTER_95","100","-0.000886078"
"2026-08-04 15:33:26.048 +07:00","2570.4627287","RECOVERY_100_AFTER_95","100","-0.000881426"
"2026-08-04 15:33:26.732 +07:00","2571.1467227","RECOVERY_100_AFTER_95","100","-0.000897641"
"2026-08-04 15:33:27.430 +07:00","2571.8452222","RECOVERY_100_AFTER_95","100","-0.000908871"
"2026-08-04 15:33:28.130 +07:00","2572.5447596999998","RECOVERY_100_AFTER_95","100","-0.000905955"
"2026-08-04 15:33:28.814 +07:00","2573.2287609","RECOVERY_100_AFTER_95","100","-0.000926928"
"2026-08-04 15:33:29.497 +07:00","2573.9122724999997","RECOVERY_100_AFTER_95","100","-0.00096257"
"2026-08-04 15:33:30.195 +07:00","2574.6100888","RECOVERY_100_AFTER_95","100","-0.000952123"
"2026-08-04 15:33:31.728 +07:00","2576.143364","RECOVERY_100_AFTER_95","100","-0.000969812"
"2026-08-04 15:33:32.427 +07:00","2576.841841","RECOVERY_100_AFTER_95","100","-0.000995361"
"2026-08-04 15:33:33.109 +07:00","2577.524485","RECOVERY_100_AFTER_95","100","-0.000980953"
"2026-08-04 15:33:33.795 +07:00","2578.2100898","RECOVERY_100_AFTER_95","100","-0.000970483"
"2026-08-04 15:33:34.478 +07:00","2578.8933222","RECOVERY_100_AFTER_95","100","-0.000995624"
"2026-08-04 15:33:35.176 +07:00","2579.5915105","RECOVERY_100_AFTER_95","100","-0.000963883"
"2026-08-04 15:33:35.861 +07:00","2580.2765188999997","RECOVERY_100_AFTER_95","100","-0.000962014"
"2026-08-04 15:33:36.560 +07:00","2580.9748098","RECOVERY_100_AFTER_95","100","-0.000955102"
"2026-08-04 15:33:37.245 +07:00","2581.6596383","RECOVERY_100_AFTER_95","100","-0.000962458"
"2026-08-04 15:33:37.944 +07:00","2582.3586886","RECOVERY_100_AFTER_95","100","-0.000987812"
"2026-08-04 15:33:39.543 +07:00","2583.9579073","RECOVERY_100_AFTER_95","100","-0.000964878"
"2026-08-04 15:33:40.241 +07:00","2584.6561914","RECOVERY_100_AFTER_95","100","-0.0009658"
"2026-08-04 15:33:40.940 +07:00","2585.3552987999997","RECOVERY_100_AFTER_95","100","-0.000922265"
"2026-08-04 15:33:41.624 +07:00","2586.0385702999997","RECOVERY_100_AFTER_95","100","-0.000950182"
"2026-08-04 15:33:42.307 +07:00","2586.7216076","RECOVERY_100_AFTER_95","100","-0.000947003"
"2026-08-04 15:33:43.009 +07:00","2587.4236253999998","RECOVERY_100_AFTER_95","100","-0.000954794"
"2026-08-04 15:33:43.705 +07:00","2588.119842","RECOVERY_100_AFTER_95","100","-0.000954858"
"2026-08-04 15:33:44.389 +07:00","2588.8040278999997","RECOVERY_100_AFTER_95","100","-0.000947021"
"2026-08-04 15:33:45.073 +07:00","2589.4879814","RECOVERY_100_AFTER_95","100","-0.000945458"
"2026-08-04 15:33:45.772 +07:00","2590.1873143","RECOVERY_100_AFTER_95","100","-0.000981698"
"2026-08-04 15:33:47.453 +07:00","2591.8684659","RECOVERY_100_AFTER_95","100","-0.000970278"
"2026-08-04 15:33:48.139 +07:00","2592.5536687999997","RECOVERY_100_AFTER_95","100","-0.000949041"
"2026-08-04 15:33:48.822 +07:00","2593.2372921","RECOVERY_100_AFTER_95","100","-0.000963774"
"2026-08-04 15:33:49.519 +07:00","2593.9338018","RECOVERY_100_AFTER_95","100","-0.000951019"
"2026-08-04 15:33:50.203 +07:00","2594.6183078","RECOVERY_100_AFTER_95","100","-0.000959849"
"2026-08-04 15:33:50.887 +07:00","2595.3018782","RECOVERY_100_AFTER_95","100","-0.00093575"
"2026-08-04 15:33:51.585 +07:00","2595.9999167","RECOVERY_100_AFTER_95","100","-0.000933604"
"2026-08-04 15:33:52.269 +07:00","2596.6840957","RECOVERY_100_AFTER_95","100","-0.000925709"
"2026-08-04 15:33:52.952 +07:00","2597.3670929","RECOVERY_100_AFTER_95","100","-0.000943711"
"2026-08-04 15:33:53.634 +07:00","2598.0490922","RECOVERY_100_AFTER_95","100","-0.000954872"
"2026-08-04 15:33:55.169 +07:00","2599.5844211999997","RECOVERY_100_AFTER_95","100","-0.001004939"
"2026-08-04 15:33:55.867 +07:00","2600.2821292999997","RECOVERY_100_AFTER_95","100","-0.001015889"
"2026-08-04 15:33:56.566 +07:00","2600.9814619","RECOVERY_100_AFTER_95","100","-0.000977924"
"2026-08-04 15:33:57.249 +07:00","2601.6645159","RECOVERY_100_AFTER_95","100","-0.001000888"
"2026-08-04 15:33:57.932 +07:00","2602.3470540999997","RECOVERY_100_AFTER_95","100","-0.0010179"
"2026-08-04 15:33:58.631 +07:00","2603.0464804","RECOVERY_100_AFTER_95","100","-0.001020301"
"2026-08-04 15:33:59.332 +07:00","2603.7466403999997","RECOVERY_100_AFTER_95","100","-0.001005976"
"2026-08-04 15:34:00.014 +07:00","2604.4293172","RECOVERY_100_AFTER_95","100","-0.001024469"
"2026-08-04 15:34:00.698 +07:00","2605.1130066","RECOVERY_100_AFTER_95","100","-0.001023932"
"2026-08-04 15:34:01.397 +07:00","2605.812014","RECOVERY_100_AFTER_95","100","-0.001010531"
"2026-08-04 15:34:02.982 +07:00","2607.396655","RECOVERY_100_AFTER_95","100","-0.001023903"
"2026-08-04 15:34:03.681 +07:00","2608.0961589","RECOVERY_100_AFTER_95","100","-0.001038184"
"2026-08-04 15:34:04.380 +07:00","2608.7947907","RECOVERY_100_AFTER_95","100","-0.001001932"
"2026-08-04 15:34:05.062 +07:00","2609.4775457","RECOVERY_100_AFTER_95","100","-0.000979072"
"2026-08-04 15:34:05.747 +07:00","2610.1625386","RECOVERY_100_AFTER_95","100","-0.000985078"
"2026-08-04 15:34:06.445 +07:00","2610.8602696999997","RECOVERY_100_AFTER_95","100","-0.000970128"
"2026-08-04 15:34:07.145 +07:00","2611.5599434","RECOVERY_100_AFTER_95","100","-0.000961875"
"2026-08-04 15:34:07.828 +07:00","2612.2428591999997","RECOVERY_100_AFTER_95","100","-0.000988626"
"2026-08-04 15:34:08.510 +07:00","2612.925512","RECOVERY_100_AFTER_95","100","-0.000959707"
"2026-08-04 15:34:09.212 +07:00","2613.6268351999997","RECOVERY_100_AFTER_95","100","-0.001018699"
"2026-08-04 15:34:10.836 +07:00","2615.2507333","RECOVERY_100_AFTER_95","100","-0.00097255"
"2026-08-04 15:34:11.536 +07:00","2615.9515048999997","RECOVERY_100_AFTER_95","100","-0.0009987"
"2026-08-04 15:34:12.226 +07:00","2616.6409513999997","RECOVERY_100_AFTER_95","100","-0.000995193"
"2026-08-04 15:34:12.908 +07:00","2617.3228952","RECOVERY_100_AFTER_95","100","-0.001002338"
"2026-08-04 15:34:13.573 +07:00","2617.9880441","RECOVERY_100_AFTER_95","100","-0.00099645"
"2026-08-04 15:34:14.265 +07:00","2618.6799625999997","RECOVERY_100_AFTER_95","100","-0.00097714"
"2026-08-04 15:34:14.956 +07:00","2619.371397","RECOVERY_100_AFTER_95","100","-0.001004074"
"2026-08-04 15:34:15.653 +07:00","2620.0677848","RECOVERY_100_AFTER_95","100","-0.000973496"
"2026-08-04 15:34:16.333 +07:00","2620.7480892","RECOVERY_100_AFTER_95","100","-0.000989285"
"2026-08-04 15:34:17.025 +07:00","2621.4403276999997","RECOVERY_100_AFTER_95","100","-0.001005015"
"2026-08-04 15:34:18.544 +07:00","2622.9586469","RECOVERY_100_AFTER_95","100","-0.001038222"
"2026-08-04 15:34:19.235 +07:00","2623.6502682","RECOVERY_100_AFTER_95","100","-0.001034639"
"2026-08-04 15:34:19.934 +07:00","2624.3485941999998","RECOVERY_100_AFTER_95","100","-0.00104155"
"2026-08-04 15:34:20.597 +07:00","2625.0117949","RECOVERY_100_AFTER_95","100","-0.001051428"
"2026-08-04 15:34:21.301 +07:00","2625.7159812","RECOVERY_100_AFTER_95","100","-0.00103707"
"2026-08-04 15:34:22.001 +07:00","2626.4164849","RECOVERY_100_AFTER_95","100","-0.001005416"
"2026-08-04 15:34:22.690 +07:00","2627.1053582","RECOVERY_100_AFTER_95","100","-0.001001083"
"2026-08-04 15:34:23.387 +07:00","2627.8020601999997","RECOVERY_100_AFTER_95","100","-0.000987045"
"2026-08-04 15:34:24.083 +07:00","2628.4979853","RECOVERY_100_AFTER_95","100","-0.000971625"
"2026-08-04 15:34:24.764 +07:00","2629.1791552","RECOVERY_100_AFTER_95","100","-0.000972691"
"2026-08-04 15:34:26.305 +07:00","2630.7203455999997","RECOVERY_100_AFTER_95","100","-0.000954138"
"2026-08-04 15:34:26.992 +07:00","2631.4068841","RECOVERY_100_AFTER_95","100","-0.000936317"
"2026-08-04 15:34:27.697 +07:00","2632.1123638999998","RECOVERY_100_AFTER_95","100","-0.000943073"
"2026-08-04 15:34:28.396 +07:00","2632.8113066","RECOVERY_100_AFTER_95","100","-0.000939617"
"2026-08-04 15:34:29.075 +07:00","2633.490281","RECOVERY_100_AFTER_95","100","-0.000945237"
"2026-08-04 15:34:29.760 +07:00","2634.1746635","RECOVERY_100_AFTER_95","100","-0.000941458"
"2026-08-04 15:34:30.443 +07:00","2634.8582588","RECOVERY_100_AFTER_95","100","-0.000938442"
"2026-08-04 15:34:31.129 +07:00","2635.5436424","RECOVERY_100_AFTER_95","100","-0.00090949"
"2026-08-04 15:34:31.817 +07:00","2636.2322064","RECOVERY_100_AFTER_95","100","-0.000912945"
"2026-08-04 15:34:32.498 +07:00","2636.9130538","RECOVERY_100_AFTER_95","100","-0.000939279"
"2026-08-04 15:34:34.098 +07:00","2638.5129782999998","RECOVERY_100_AFTER_95","100","-0.000967679"
"2026-08-04 15:34:34.795 +07:00","2639.2102155","RECOVERY_100_AFTER_95","100","-0.000966365"
"2026-08-04 15:34:35.471 +07:00","2639.8861414999997","RECOVERY_100_AFTER_95","100","-0.000967129"
"2026-08-04 15:34:36.175 +07:00","2640.5896712999997","RECOVERY_100_AFTER_95","100","-0.000976421"
"2026-08-04 15:34:36.860 +07:00","2641.2747755","RECOVERY_100_AFTER_95","100","-0.000978307"
"2026-08-04 15:34:37.540 +07:00","2641.9546977","RECOVERY_100_AFTER_95","100","-0.000969943"
"2026-08-04 15:34:38.245 +07:00","2642.6598553","RECOVERY_100_AFTER_95","100","-0.000957252"
"2026-08-04 15:34:38.931 +07:00","2643.3456954999997","RECOVERY_100_AFTER_95","100","-0.000962554"
"2026-08-04 15:34:39.628 +07:00","2644.0427311999997","RECOVERY_100_AFTER_95","100","-0.000975933"
"2026-08-04 15:34:40.304 +07:00","2644.7191648","RECOVERY_100_AFTER_95","100","-0.000970238"
"2026-08-04 15:34:42.052 +07:00","2646.4670655","RECOVERY_100_AFTER_95","100","-0.000957199"
"2026-08-04 15:34:42.735 +07:00","2647.1502778","RECOVERY_100_AFTER_95","100","-0.000955002"
"2026-08-04 15:34:43.415 +07:00","2647.8301079999997","RECOVERY_100_AFTER_95","100","-0.000979726"
"2026-08-04 15:34:44.101 +07:00","2648.5162545","RECOVERY_100_AFTER_95","100","-0.00099599"
"2026-08-04 15:34:44.786 +07:00","2649.2006229","RECOVERY_100_AFTER_95","100","-0.001010499"
"2026-08-04 15:34:45.448 +07:00","2649.8628817999997","RECOVERY_100_AFTER_95","100","-0.001013216"
"2026-08-04 15:34:46.140 +07:00","2650.5548636","RECOVERY_100_AFTER_95","100","-0.000983989"
"2026-08-04 15:34:46.829 +07:00","2651.2435954","RECOVERY_100_AFTER_95","100","-0.000972921"
"2026-08-04 15:34:47.541 +07:00","2651.9557164","RECOVERY_100_AFTER_95","100","-0.000978101"
"2026-08-04 15:34:48.241 +07:00","2652.6560041","RECOVERY_100_AFTER_95","100","-0.000978952"
"2026-08-04 15:34:49.907 +07:00","2654.3221706","RECOVERY_100_AFTER_95","100","-0.000974424"
"2026-08-04 15:34:50.591 +07:00","2655.0064002999998","RECOVERY_100_AFTER_95","100","-0.000976839"
"2026-08-04 15:34:51.288 +07:00","2655.7028666","RECOVERY_100_AFTER_95","100","-0.000965487"
"2026-08-04 15:34:51.973 +07:00","2656.3884453","RECOVERY_100_AFTER_95","100","-0.000961883"
"2026-08-04 15:34:52.654 +07:00","2657.0694872","RECOVERY_100_AFTER_95","100","-0.00095572"
"2026-08-04 15:34:53.339 +07:00","2657.7537616","RECOVERY_100_AFTER_95","100","-0.000947939"
"2026-08-04 15:34:54.038 +07:00","2658.4529485999997","RECOVERY_100_AFTER_95","100","-0.000973343"
"2026-08-04 15:34:54.737 +07:00","2659.1525435999997","RECOVERY_100_AFTER_95","100","-0.000962317"
"2026-08-04 15:34:55.423 +07:00","2659.8375876","RECOVERY_100_AFTER_95","100","-0.000962632"
"2026-08-04 15:34:56.105 +07:00","2660.5201703","RECOVERY_100_AFTER_95","100","-0.000976544"