timestamp_local,elapsed_s,phase,duty_pct,mq8_v
"2026-08-04 16:01:28.443 +07:00","1.9494478","TEST_100","100","0.053977333"
"2026-08-04 16:01:29.466 +07:00","2.9717849999999997","TEST_100","100","0.053389497"
"2026-08-04 16:01:30.149 +07:00","3.6547639999999997","TEST_100","100","0.052956231"
"2026-08-04 16:01:30.828 +07:00","4.3338556","TEST_100","100","0.05285598"
"2026-08-04 16:01:31.520 +07:00","5.0255827","TEST_100","100","0.052001495"
"2026-08-04 16:01:32.216 +07:00","5.7217725","TEST_100","100","0.050991427"
"2026-08-04 16:01:32.888 +07:00","6.3943942","TEST_100","100","0.050950956"
"2026-08-04 16:01:33.573 +07:00","7.0794923","TEST_100","100","0.050155591"
"2026-08-04 16:01:34.252 +07:00","7.7576658999999992","TEST_100","100","0.049261082"
"2026-08-04 16:01:34.950 +07:00","8.4565284","TEST_100","100","0.048386842"
"2026-08-04 16:01:35.741 +07:00","9.247490899999999","TEST_100","100","0.048231058"
"2026-08-04 16:01:36.446 +07:00","9.9519287","TEST_100","100","0.047853436"
"2026-08-04 16:01:37.137 +07:00","10.6429957","TEST_100","100","0.047492959"
"2026-08-04 16:01:37.836 +07:00","11.3417344","TEST_100","100","0.04661889"
"2026-08-04 16:01:38.515 +07:00","12.0207391","TEST_100","100","0.046047851"
"2026-08-04 16:01:39.206 +07:00","12.7123213","TEST_100","100","0.045681782"
"2026-08-04 16:01:39.881 +07:00","13.3870899","TEST_100","100","0.044273444"
"2026-08-04 16:01:40.581 +07:00","14.0874235","TEST_100","100","0.042526014"
"2026-08-04 16:01:41.259 +07:00","14.765283","TEST_100","100","0.040774565"
"2026-08-04 16:01:41.968 +07:00","15.4739814","TEST_100","100","0.039727401"
"2026-08-04 16:01:42.673 +07:00","16.1794913","TEST_100","100","0.037380621"
"2026-08-04 16:01:43.343 +07:00","16.849552199999998","TEST_100","100","0.035396233"
"2026-08-04 16:01:44.048 +07:00","17.5544329","TEST_100","100","0.033544086"
"2026-08-04 16:01:44.736 +07:00","18.2421294","TEST_100","100","0.031834371"
"2026-08-04 16:01:45.441 +07:00","18.947358299999998","TEST_100","100","0.030137544"
"2026-08-04 16:01:46.134 +07:00","19.6402926","TEST_100","100","0.028209919"
"2026-08-04 16:01:46.815 +07:00","20.321532599999998","TEST_100","100","0.026311537"
"2026-08-04 16:01:47.507 +07:00","21.0129414","TEST_100","100","0.024755608"
"2026-08-04 16:01:48.186 +07:00","21.692454299999998","TEST_100","100","0.023432301"
"2026-08-04 16:01:48.876 +07:00","22.3824957","TEST_100","100","0.02252767"
"2026-08-04 16:01:49.573 +07:00","23.0794391","TEST_100","100","0.020538863"
"2026-08-04 16:01:50.240 +07:00","23.7455964","TEST_100","100","0.01957182"
"2026-08-04 16:01:50.931 +07:00","24.4375017","TEST_100","100","0.017290467"
"2026-08-04 16:01:51.630 +07:00","25.135777299999997","TEST_100","100","0.015662001"
"2026-08-04 16:01:52.309 +07:00","25.8151005","TEST_100","100","0.014481174"
"2026-08-04 16:01:53.010 +07:00","26.5157888","TEST_100","100","0.012190608"
"2026-08-04 16:01:53.700 +07:00","27.2065308","TEST_100","100","0.01169416"
"2026-08-04 16:01:54.391 +07:00","27.8969445","TEST_100","100","0.010572321"
"2026-08-04 16:01:55.068 +07:00","28.574233","TEST_100","100","0.009897921"
"2026-08-04 16:01:55.773 +07:00","29.2795083","TEST_100","100","0.008422451"
"2026-08-04 16:01:56.464 +07:00","29.9700764","TEST_100","100","0.007858214"
"2026-08-04 16:01:57.135 +07:00","30.6408086","TEST_100","100","0.006041328"
"2026-08-04 16:01:57.841 +07:00","31.347234","TEST_100","100","0.005387662"
"2026-08-04 16:01:58.522 +07:00","32.028493","TEST_100","100","0.004073824"
"2026-08-04 16:01:59.217 +07:00","32.722782099999996","TEST_100","100","0.00263652"
"2026-08-04 16:01:59.907 +07:00","33.4130055","TEST_100","100","0.002475438"
"2026-08-04 16:02:00.601 +07:00","34.1071855","TEST_100","100","0.001046861"
"2026-08-04 16:02:01.287 +07:00","34.7927755","TEST_100","100","0.000662725"
"2026-08-04 16:02:01.979 +07:00","35.484837899999995","TEST_100","100","-0.00035504"
"2026-08-04 16:02:02.657 +07:00","36.1626407","TEST_100","100","-0.00109306"
"2026-08-04 16:02:03.372 +07:00","36.8781998","TEST_100","100","-0.001097552"
"2026-08-04 16:02:04.048 +07:00","37.5545529","TEST_100","100","-0.001102879"
"2026-08-04 16:02:04.755 +07:00","38.260891099999995","TEST_100","100","-0.001027811"
"2026-08-04 16:02:05.431 +07:00","38.9371867","TEST_100","100","-0.001019771"
"2026-08-04 16:02:06.112 +07:00","39.618478499999995","TEST_100","100","-0.001001389"
"2026-08-04 16:02:06.808 +07:00","40.313728999999995","TEST_100","100","-0.000995679"
"2026-08-04 16:02:07.489 +07:00","40.9952105","TEST_100","100","-0.000974624"
"2026-08-04 16:02:08.169 +07:00","41.675433299999995","TEST_100","100","-0.000985096"
"2026-08-04 16:02:08.875 +07:00","42.3811671","TEST_100","100","-0.000998034"
"2026-08-04 16:02:09.552 +07:00","43.057984999999995","TEST_100","100","-0.001002819"
"2026-08-04 16:02:10.265 +07:00","43.7714089","TEST_100","100","-0.001010435"
"2026-08-04 16:02:10.929 +07:00","44.4346107","TEST_100","100","-0.001030733"
"2026-08-04 16:02:11.618 +07:00","45.124258","TEST_100","100","-0.001105272"
"2026-08-04 16:02:12.317 +07:00","45.823253799999996","TEST_100","100","-0.001091448"
"2026-08-04 16:02:13.012 +07:00","46.518546699999995","TEST_100","100","-0.001098189"
"2026-08-04 16:02:13.704 +07:00","47.209658","TEST_100","100","-0.001081466"
"2026-08-04 16:02:14.386 +07:00","47.8917988","TEST_100","100","-0.001091671"
"2026-08-04 16:02:15.049 +07:00","48.554885899999995","TEST_100","100","-0.00107408"
"2026-08-04 16:02:15.756 +07:00","49.2624378","TEST_100","100","-0.0010672119999999999"
"2026-08-04 16:02:16.445 +07:00","49.9506027","TEST_100","100","-0.001078235"
"2026-08-04 16:02:17.162 +07:00","50.6681726","TEST_100","100","-0.001090233"
"2026-08-04 16:02:17.857 +07:00","51.3627924","TEST_100","100","-0.001084344"
"2026-08-04 16:02:18.533 +07:00","52.0391787","TEST_100","100","-0.000996315"
"2026-08-04 16:02:19.244 +07:00","52.7501715","TEST_100","100","-0.001009032"
"2026-08-04 16:02:19.917 +07:00","53.4235475","TEST_100","100","-0.001003972"
"2026-08-04 16:02:20.600 +07:00","54.1063409","TEST_100","100","-0.001022267"
"2026-08-04 16:02:21.318 +07:00","54.8242085","TEST_100","100","-0.000998568"
"2026-08-04 16:02:21.993 +07:00","55.4988849","TEST_100","100","-0.000997445"
"2026-08-04 16:02:22.701 +07:00","56.206643799999995","TEST_100","100","-0.00099825"
"2026-08-04 16:02:23.391 +07:00","56.8967047","TEST_100","100","-0.000971088"
"2026-08-04 16:02:24.107 +07:00","57.6134232","TEST_100","100","-0.000955567"
"2026-08-04 16:02:24.783 +07:00","58.289106","TEST_100","100","-0.000956308"
"2026-08-04 16:02:25.460 +07:00","58.9660802","TEST_100","100","-0.000991478"
"2026-08-04 16:02:26.161 +07:00","59.6666412","TEST_100","100","-0.000999043"
"2026-08-04 16:02:26.853 +07:00","60.3585803","TEST_100","100","-0.001027152"
"2026-08-04 16:02:27.530 +07:00","61.0358528","TEST_100","100","-0.001008835"
"2026-08-04 16:02:28.227 +07:00","61.732696499999996","TEST_100","100","-0.001011496"
"2026-08-04 16:02:28.917 +07:00","62.4230647","TEST_100","100","-0.000990916"
"2026-08-04 16:02:29.596 +07:00","63.1022641","TEST_100","100","-0.00098301"
"2026-08-04 16:02:30.290 +07:00","63.796324999999996","TEST_100","100","-0.000990751"
"2026-08-04 16:02:30.997 +07:00","64.5030632","TEST_100","100","-0.000998003"
"2026-08-04 16:02:31.697 +07:00","65.2031025","TEST_100","100","-0.0010718"
"2026-08-04 16:02:32.373 +07:00","65.8787656","TEST_100","100","-0.001030956"
"2026-08-04 16:02:33.071 +07:00","66.5770428","TEST_100","100","-0.001022181"
"2026-08-04 16:02:33.779 +07:00","67.2853798","TEST_100","100","-0.000993276"
"2026-08-04 16:02:34.456 +07:00","67.961782","TEST_100","100","-0.000992757"
"2026-08-04 16:02:35.152 +07:00","68.6582888","TEST_100","100","-0.001002398"
"2026-08-04 16:02:35.850 +07:00","69.3562747","TEST_100","100","-0.001016906"
"2026-08-04 16:02:36.541 +07:00","70.0468392","TEST_100","100","-0.001039595"
"2026-08-04 16:02:37.220 +07:00","70.7261085","TEST_100","100","-0.001033915"
"2026-08-04 16:02:37.932 +07:00","71.437764399999992","TEST_100","100","-0.000998211"
"2026-08-04 16:02:38.623 +07:00","72.1286379","TEST_100","100","-0.000928366"
"2026-08-04 16:02:39.304 +07:00","72.80989679999999","TEST_100","100","-0.000975585"
"2026-08-04 16:02:39.969 +07:00","73.4753733","TEST_100","100","-0.0009659"
"2026-08-04 16:02:40.677 +07:00","74.182669699999991","TEST_100","100","-0.000979638"
"2026-08-04 16:02:41.353 +07:00","74.8590845","TEST_100","100","-0.000992223"
"2026-08-04 16:02:42.050 +07:00","75.5559172","TEST_100","100","-0.001021535"
"2026-08-04 16:02:42.730 +07:00","76.2356179","TEST_100","100","-0.001030596"
"2026-08-04 16:02:43.436 +07:00","76.9425521","TEST_100","100","-0.001040628"
"2026-08-04 16:02:44.113 +07:00","77.6188738","TEST_100","100","-0.001060382"
"2026-08-04 16:02:44.829 +07:00","78.335179099999991","TEST_100","100","-0.001090751"
"2026-08-04 16:02:45.519 +07:00","79.025262","TEST_100","100","-0.001081288"
"2026-08-04 16:02:46.201 +07:00","79.7066026","TEST_100","100","-0.001020158"
"2026-08-04 16:02:46.869 +07:00","80.3754307","TEST_100","100","-0.001023056"
"2026-08-04 16:02:47.558 +07:00","81.0639858","TEST_100","100","-0.001027043"
"2026-08-04 16:02:48.250 +07:00","81.7558026","TEST_100","100","-0.001046808"
"2026-08-04 16:02:48.947 +07:00","82.453533499999992","TEST_100","100","-0.001030791"
"2026-08-04 16:02:49.610 +07:00","83.1162073","TEST_100","100","-0.001045507"
"2026-08-04 16:02:50.303 +07:00","83.809073","TEST_100","100","-0.001032836"
"2026-08-04 16:02:50.998 +07:00","84.5038977","TEST_100","100","-0.001013254"
"2026-08-04 16:02:51.726 +07:00","85.2325224","TEST_100","100","-0.001022044"
"2026-08-04 16:02:52.415 +07:00","85.9212747","TEST_100","100","-0.00101015"
"2026-08-04 16:02:53.096 +07:00","86.6024673","TEST_100","100","-0.00103767"
"2026-08-04 16:02:53.778 +07:00","87.28417739999999","TEST_100","100","-0.001056575"
"2026-08-04 16:02:54.485 +07:00","87.9905789","TEST_100","100","-0.001055179"
"2026-08-04 16:02:55.161 +07:00","88.6668957","TEST_100","100","-0.001048746"
"2026-08-04 16:02:55.861 +07:00","89.3669805","TEST_100","100","-0.001046854"
"2026-08-04 16:02:56.537 +07:00","90.0428685","TEST_100","100","-0.001023116"
"2026-08-04 16:02:57.214 +07:00","90.720267299999989","TEST_100","100","-0.001034643"
"2026-08-04 16:02:57.909 +07:00","91.41504789999999","TEST_100","100","-0.001052423"
"2026-08-04 16:02:58.638 +07:00","92.144277399999993","TEST_100","100","-0.001055495"
"2026-08-04 16:02:59.329 +07:00","92.8351411","TEST_100","100","-0.001093782"
"2026-08-04 16:03:00.026 +07:00","93.5315931","TEST_100","100","-0.001107133"
"2026-08-04 16:03:00.703 +07:00","94.2087901","TEST_100","100","-0.001092421"
"2026-08-04 16:03:01.381 +07:00","94.8868767","TEST_100","100","-0.001125732"
"2026-08-04 16:03:02.075 +07:00","95.580968099999993","TEST_100","100","-0.001122576"
"2026-08-04 16:03:02.765 +07:00","96.2714403","TEST_100","100","-0.001120828"
"2026-08-04 16:03:03.451 +07:00","96.9568164","TEST_100","100","-0.001130772"
"2026-08-04 16:03:04.157 +07:00","97.663131299999989","TEST_100","100","-0.00107463"
"2026-08-04 16:03:04.843 +07:00","98.3491011","TEST_100","100","-0.001060783"
"2026-08-04 16:03:05.567 +07:00","99.0728673","TEST_100","100","-0.001055359"
"2026-08-04 16:03:06.242 +07:00","99.7484247","TEST_100","100","-0.001042901"
"2026-08-04 16:03:06.941 +07:00","100.4466266","TEST_100","100","-0.001044109"
"2026-08-04 16:03:07.619 +07:00","101.12495729999999","TEST_100","100","-0.00103898"
"2026-08-04 16:03:08.324 +07:00","101.8296092","TEST_100","100","-0.000996568"
"2026-08-04 16:03:09.005 +07:00","102.5113413","TEST_100","100","-0.000981981"
"2026-08-04 16:03:09.704 +07:00","103.2102098","TEST_100","100","-0.000987959"
"2026-08-04 16:03:10.391 +07:00","103.89742009999999","TEST_100","100","-0.000990854"
"2026-08-04 16:03:11.071 +07:00","104.5771467","TEST_100","100","-0.001034998"
"2026-08-04 16:03:11.753 +07:00","105.25938029999999","TEST_100","100","-0.001040599"
"2026-08-04 16:03:12.494 +07:00","106.000014","TEST_100","100","-0.001035458"
"2026-08-04 16:03:13.200 +07:00","106.7059359","TEST_100","100","-0.001019862"
"2026-08-04 16:03:13.886 +07:00","107.3923848","TEST_100","100","-0.001009547"
"2026-08-04 16:03:14.578 +07:00","108.0838421","TEST_100","100","-0.001023795"
"2026-08-04 16:03:15.284 +07:00","108.7902999","TEST_100","100","-0.001029374"
"2026-08-04 16:03:15.969 +07:00","109.4749935","TEST_100","100","-0.001036218"
"2026-08-04 16:03:16.630 +07:00","110.13574009999999","TEST_100","100","-0.001017773"
"2026-08-04 16:03:17.332 +07:00","110.83774849999999","TEST_100","100","-0.001006364"
"2026-08-04 16:03:18.015 +07:00","111.5211698","TEST_100","100","-0.001007426"
"2026-08-04 16:03:18.713 +07:00","112.21942709999999","TEST_100","100","-0.00100174"
"2026-08-04 16:03:19.452 +07:00","112.9585171","TEST_100","100","-0.001004845"
"2026-08-04 16:03:20.146 +07:00","113.65191039999999","TEST_100","100","-0.001024096"
"2026-08-04 16:03:20.828 +07:00","114.33387959999999","TEST_100","100","-0.001031103"
"2026-08-04 16:03:21.522 +07:00","115.0283","TEST_100","100","-0.00103877"
"2026-08-04 16:03:22.199 +07:00","115.70479809999999","TEST_100","100","-0.001052977"
"2026-08-04 16:03:22.881 +07:00","116.3875554","TEST_100","100","-0.001066276"
"2026-08-04 16:03:23.590 +07:00","117.0964633","TEST_100","100","-0.001079981"
"2026-08-04 16:03:24.265 +07:00","117.7706079","TEST_100","100","-0.001104511"
"2026-08-04 16:03:24.948 +07:00","118.4536562","TEST_100","100","-0.001112764"
"2026-08-04 16:03:25.626 +07:00","119.13163499999999","TEST_100","100","-0.001100915"
"2026-08-04 16:03:26.366 +07:00","119.8724809","TEST_100","100","-0.001097714"
"2026-08-04 16:03:27.047 +07:00","120.5526385","TEST_100","100","-0.001104793"
"2026-08-04 16:03:27.724 +07:00","121.2305538","TEST_100","100","-0.001068832"
"2026-08-04 16:03:28.419 +07:00","121.9248174","TEST_100","100","-0.001052113"
"2026-08-04 16:03:29.092 +07:00","122.59849609999999","TEST_100","100","-0.001040246"
"2026-08-04 16:03:29.778 +07:00","123.2841847","TEST_100","100","-0.001023622"
"2026-08-04 16:03:30.455 +07:00","123.9608487","TEST_100","100","-0.001016553"
"2026-08-04 16:03:31.146 +07:00","124.6522912","TEST_100","100","-0.001068857"
"2026-08-04 16:03:31.845 +07:00","125.3511611","TEST_100","100","-0.001062456"
"2026-08-04 16:03:32.539 +07:00","126.04466869999999","TEST_100","100","-0.001072253"
"2026-08-04 16:03:33.271 +07:00","126.7770857","TEST_100","100","-0.00108267"
"2026-08-04 16:03:33.960 +07:00","127.46597009999999","TEST_100","100","-0.001051826"
"2026-08-04 16:03:34.639 +07:00","128.1449917","TEST_100","100","-0.001113794"
"2026-08-04 16:03:35.328 +07:00","128.8338168","TEST_100","100","-0.001119825"
"2026-08-04 16:03:36.012 +07:00","129.5177999","TEST_100","100","-0.001120232"
"2026-08-04 16:03:36.691 +07:00","130.1971072","TEST_100","100","-0.00112036"
"2026-08-04 16:03:37.398 +07:00","130.90390399999998","TEST_100","100","-0.001099236"
"2026-08-04 16:03:38.087 +07:00","131.5933775","TEST_100","100","-0.001039918"
"2026-08-04 16:03:38.772 +07:00","132.2781076","TEST_100","100","-0.001033172"
"2026-08-04 16:03:39.452 +07:00","132.95845789999998","TEST_100","100","-0.001045661"
"2026-08-04 16:03:40.194 +07:00","133.6997527","TEST_100","100","-0.001034006"
"2026-08-04 16:03:40.888 +07:00","134.3935728","TEST_100","100","-0.001029454"
"2026-08-04 16:03:41.551 +07:00","135.05723989999998","TEST_100","100","-0.000994811"
"2026-08-04 16:03:42.244 +07:00","135.7498287","TEST_100","100","-0.000991678"
"2026-08-04 16:03:42.929 +07:00","136.4346883","TEST_100","100","-0.0010653"
"2026-08-04 16:03:43.632 +07:00","137.13852459999998","TEST_100","100","-0.001074774"
"2026-08-04 16:03:44.328 +07:00","137.83396109999998","TEST_100","100","4.5262E-05"
"2026-08-04 16:03:45.023 +07:00","138.52939369999999","TEST_100","100","0.000917791"
"2026-08-04 16:03:45.712 +07:00","139.2178141","TEST_100","100","0.001661989"
"2026-08-04 16:03:46.394 +07:00","139.9002622","TEST_100","100","0.00350677"
"2026-08-04 16:03:47.148 +07:00","140.65374979999999","TEST_100","100","0.006139079"
"2026-08-04 16:03:47.826 +07:00","141.33184169999998","TEST_100","100","0.00913268"
"2026-08-04 16:03:48.495 +07:00","142.0012516","TEST_100","100","0.012998271"
"2026-08-04 16:03:49.184 +07:00","142.6903791","TEST_100","100","0.017050896"
"2026-08-04 16:03:49.885 +07:00","143.39151289999998","TEST_100","100","0.021493625"
"2026-08-04 16:03:50.563 +07:00","144.0695276","TEST_100","100","0.026054662"
"2026-08-04 16:03:51.270 +07:00","144.7759024","TEST_100","100","0.030289024"
"2026-08-04 16:03:51.968 +07:00","145.4739818","TEST_100","100","0.034776397"
"2026-08-04 16:03:52.644 +07:00","146.1498899","TEST_100","100","0.039546154"
"2026-08-04 16:03:53.323 +07:00","146.8295483","TEST_100","100","0.043589786"
"2026-08-04 16:03:54.068 +07:00","147.57411199999999","TEST_100","100","0.04661097"
"2026-08-04 16:03:54.761 +07:00","148.26741339999998","TEST_100","100","0.049218409"
"2026-08-04 16:03:55.439 +07:00","148.94478229999999","TEST_100","100","0.051471598"
"2026-08-04 16:03:56.131 +07:00","149.6372308","TEST_100","100","0.055279363"
"2026-08-04 16:03:56.830 +07:00","150.3365676","TEST_100","100","0.058789223"
"2026-08-04 16:03:57.508 +07:00","151.0140414","TEST_100","100","0.062406033"
"2026-08-04 16:03:58.214 +07:00","151.71970109999998","TEST_100","100","0.065242894"
"2026-08-04 16:03:58.897 +07:00","152.4034304","TEST_100","100","0.068523668"
"2026-08-04 16:03:59.576 +07:00","153.08231379999998","TEST_100","100","0.071668871"
"2026-08-04 16:04:00.282 +07:00","153.7879797","TEST_100","100","0.074636817"
"2026-08-04 16:04:01.010 +07:00","154.5158878","TEST_100","100","0.077913009"
"2026-08-04 16:04:01.675 +07:00","155.1813008","TEST_100","100","0.081545264"
"2026-08-04 16:04:02.380 +07:00","155.8858136","TEST_100","100","0.084952697"
"2026-08-04 16:04:03.065 +07:00","156.5715555","TEST_100","100","0.086662561"
"2026-08-04 16:04:03.759 +07:00","157.2652368","TEST_100","100","0.088549361"
"2026-08-04 16:04:04.436 +07:00","157.9416928","TEST_100","100","0.090355456"
"2026-08-04 16:04:05.142 +07:00","158.6484432","TEST_100","100","0.092344463"
"2026-08-04 16:04:05.842 +07:00","159.3485071","TEST_100","100","0.094150439"
"2026-08-04 16:04:06.519 +07:00","160.0252251","TEST_100","100","0.096093521"
"2026-08-04 16:04:07.211 +07:00","160.7173702","TEST_100","100","0.098000959"
"2026-08-04 16:04:07.973 +07:00","161.4790389","TEST_100","100","0.100015983"
"2026-08-04 16:04:08.651 +07:00","162.15685209999998","TEST_100","100","0.101852283"
"2026-08-04 16:04:09.343 +07:00","162.8491665","TEST_100","100","0.103506185"
"2026-08-04 16:04:10.041 +07:00","163.5468655","TEST_100","100","0.10526675"
"2026-08-04 16:04:10.721 +07:00","164.2274104","TEST_100","100","0.106903814"
"2026-08-04 16:04:11.397 +07:00","164.9029252","TEST_100","100","0.108491674"
"2026-08-04 16:04:12.092 +07:00","165.5977122","TEST_100","100","0.109933279"
"2026-08-04 16:04:12.785 +07:00","166.2907229","TEST_100","100","0.111084044"
"2026-08-04 16:04:13.480 +07:00","166.9857104","TEST_100","100","0.112401985"
"2026-08-04 16:04:14.173 +07:00","167.67917549999999","TEST_100","100","0.113457605"
"2026-08-04 16:04:14.926 +07:00","168.4318635","TEST_100","100","0.114493147"
"2026-08-04 16:04:15.611 +07:00","169.1172808","TEST_100","100","0.115409866"
"2026-08-04 16:04:16.304 +07:00","169.81028709999998","TEST_100","100","0.116175272"
"2026-08-04 16:04:16.986 +07:00","170.4924709","TEST_100","100","0.117082991"
"2026-08-04 16:04:17.693 +07:00","171.19864619999998","TEST_100","100","0.118055068"
"2026-08-04 16:04:18.382 +07:00","171.8881889","TEST_100","100","0.119177639"
"2026-08-04 16:04:19.068 +07:00","172.5742434","TEST_100","100","0.120727442"
"2026-08-04 16:04:19.748 +07:00","173.2539415","TEST_100","100","0.122629926"
"2026-08-04 16:04:20.453 +07:00","173.9589636","TEST_100","100","0.124495387"
"2026-08-04 16:04:21.147 +07:00","174.6535149","TEST_100","100","0.126792237"
"2026-08-04 16:04:21.880 +07:00","175.3857463","TEST_100","100","0.129316837"
"2026-08-04 16:04:22.570 +07:00","176.0758473","TEST_100","100","0.13226971"
"2026-08-04 16:04:23.253 +07:00","176.7595572","TEST_100","100","0.135519207"
"2026-08-04 16:04:23.931 +07:00","177.4368668","TEST_100","100","0.138823703"
"2026-08-04 16:04:24.636 +07:00","178.1421418","TEST_100","100","0.142269209"
"2026-08-04 16:04:25.332 +07:00","178.83837319999998","TEST_100","100","0.145541281"
"2026-08-04 16:04:26.031 +07:00","179.53667339999998","TEST_100","100","0.148611397"
"2026-08-04 16:04:26.722 +07:00","180.22774189999998","TEST_100","100","0.151592299"
"2026-08-04 16:04:27.412 +07:00","180.9175832","TEST_100","100","0.154536769"
"2026-08-04 16:04:28.098 +07:00","181.603994","TEST_100","100","0.157563031"
"2026-08-04 16:04:28.839 +07:00","182.3452783","TEST_100","100","0.160273388"
"2026-08-04 16:04:29.530 +07:00","183.0357077","TEST_100","100","0.162948325"
"2026-08-04 16:04:30.198 +07:00","183.70385199999998","TEST_100","100","0.1654751"
"2026-08-04 16:04:30.903 +07:00","184.40913129999998","TEST_100","100","0.168011159"
"2026-08-04 16:04:31.595 +07:00","185.1011259","TEST_100","100","0.170483708"
"2026-08-04 16:04:32.282 +07:00","185.7880504","TEST_100","100","0.173104733"
"2026-08-04 16:04:32.959 +07:00","186.46493719999998","TEST_100","100","0.175546408"
"2026-08-04 16:04:33.642 +07:00","187.1476722","TEST_100","100","0.177787632"
"2026-08-04 16:04:34.332 +07:00","187.837696","TEST_100","100","0.180053174"
"2026-08-04 16:04:35.026 +07:00","188.53195219999998","TEST_100","100","0.181847319"
"2026-08-04 16:04:35.772 +07:00","189.2777384","TEST_100","100","0.183931947"
"2026-08-04 16:04:36.482 +07:00","189.9877773","TEST_100","100","0.185615629"
"2026-08-04 16:04:37.174 +07:00","190.6799488","TEST_100","100","0.187256441"
"2026-08-04 16:04:37.864 +07:00","191.3698575","TEST_100","100","0.188748524"
"2026-08-04 16:04:38.543 +07:00","192.0495386","TEST_100","100","0.189862996"
"2026-08-04 16:04:39.244 +07:00","192.7495749","TEST_100","100","0.190657526"
"2026-08-04 16:04:39.920 +07:00","193.4255873","TEST_100","100","0.191424012"
"2026-08-04 16:04:40.612 +07:00","194.11808689999998","TEST_100","100","0.192084789"
"2026-08-04 16:04:41.308 +07:00","194.8144228","TEST_100","100","0.192640886"
"2026-08-04 16:04:41.992 +07:00","195.4980247","TEST_100","100","0.193303302"
"2026-08-04 16:04:42.809 +07:00","196.3148194","TEST_100","100","0.193634331"
"2026-08-04 16:04:43.492 +07:00","196.99769659999998","TEST_100","100","0.194076702"
"2026-08-04 16:04:44.182 +07:00","197.6879409","TEST_100","100","0.194333404"
"2026-08-04 16:04:44.876 +07:00","198.38176059999998","TEST_100","100","0.194857076"
"2026-08-04 16:04:45.557 +07:00","199.0626302","TEST_100","100","0.195720941"
"2026-08-04 16:04:46.234 +07:00","199.7404358","TEST_100","100","0.196803242"
"2026-08-04 16:04:46.938 +07:00","200.44402839999998","TEST_100","100","0.197955355"
"2026-08-04 16:04:47.623 +07:00","201.1289469","TEST_100","100","0.199404091"
"2026-08-04 16:04:48.315 +07:00","201.8212467","TEST_100","100","0.200619847"
"2026-08-04 16:04:49.010 +07:00","202.5161216","TEST_100","100","0.201834366"
"2026-08-04 16:04:49.767 +07:00","203.2731756","TEST_100","100","0.202971846"
"2026-08-04 16:04:50.435 +07:00","203.9407282","TEST_100","100","0.203816533"
"2026-08-04 16:04:51.131 +07:00","204.63706109999998","TEST_100","100","0.204595253"
"2026-08-04 16:04:51.821 +07:00","205.3275648","TEST_100","100","0.205098629"
"2026-08-04 16:04:52.496 +07:00","206.00207229999998","TEST_100","100","0.205414772"
"2026-08-04 16:04:53.163 +07:00","206.6694148","TEST_100","100","0.20578368"
"2026-08-04 16:04:53.855 +07:00","207.3606423","TEST_100","100","0.20577684"
"2026-08-04 16:04:54.537 +07:00","208.04351649999998","TEST_100","100","0.20567894"
"2026-08-04 16:04:55.221 +07:00","208.72731339999999","TEST_100","100","0.205585167"
"2026-08-04 16:04:55.906 +07:00","209.4121682","TEST_100","100","0.205319852"
"2026-08-04 16:04:56.664 +07:00","210.1701958","TEST_100","100","0.205286667"
"2026-08-04 16:04:57.332 +07:00","210.83845929999998","TEST_100","100","0.205375001"
"2026-08-04 16:04:58.022 +07:00","211.52823189999998","TEST_100","100","0.205567315"
"2026-08-04 16:04:58.717 +07:00","212.22270659999998","TEST_100","100","0.20574899"
"2026-08-04 16:04:59.392 +07:00","212.8981791","TEST_100","100","0.206013963"
"2026-08-04 16:05:00.082 +07:00","213.5880613","TEST_100","100","0.205862612"
"2026-08-04 16:05:00.770 +07:00","214.2756776","TEST_100","100","0.205900669"
"2026-08-04 16:05:01.469 +07:00","214.97500259999998","TEST_100","100","0.205855757"
"2026-08-04 16:05:02.171 +07:00","215.67658839999999","TEST_100","100","0.205829218"
"2026-08-04 16:05:02.867 +07:00","216.37313","TEST_100","100","0.205987617"
"2026-08-04 16:05:03.653 +07:00","217.15925539999998","TEST_100","100","0.205942556"
"2026-08-04 16:05:04.334 +07:00","217.8405307","TEST_100","100","0.2060256"
"2026-08-04 16:05:05.018 +07:00","218.52366669999998","TEST_100","100","0.206181005"
"2026-08-04 16:05:05.714 +07:00","219.220347","TEST_100","100","0.206193089"
"2026-08-04 16:05:06.399 +07:00","219.90548569999999","TEST_100","100","0.206210583"
"2026-08-04 16:05:07.100 +07:00","220.60567269999999","TEST_100","100","0.206560925"
"2026-08-04 16:05:07.783 +07:00","221.2890119","TEST_100","100","0.206849247"
"2026-08-04 16:05:08.482 +07:00","221.9881222","TEST_100","100","0.207012564"
"2026-08-04 16:05:09.165 +07:00","222.67077609999998","TEST_100","100","0.206957102"
"2026-08-04 16:05:09.851 +07:00","223.3567142","TEST_100","100","0.207297653"
"2026-08-04 16:05:10.625 +07:00","224.1315109","TEST_100","100","0.20791471"
"2026-08-04 16:05:11.314 +07:00","224.8195824","TEST_100","100","0.208208725"
"2026-08-04 16:05:12.014 +07:00","225.52031929999998","TEST_100","100","0.208687276"
"2026-08-04 16:05:12.713 +07:00","226.2189357","TEST_100","100","0.209021494"
"2026-08-04 16:05:13.394 +07:00","226.90020769999998","TEST_100","100","0.209633678"
"2026-08-04 16:05:14.080 +07:00","227.5859361","TEST_100","100","0.210131049"
"2026-08-04 16:05:14.778 +07:00","228.2844254","TEST_100","100","0.210542709"
"2026-08-04 16:05:15.462 +07:00","228.96778039999998","TEST_100","100","0.21140787"
"2026-08-04 16:05:16.162 +07:00","229.66761509999998","TEST_100","100","0.212700337"
"2026-08-04 16:05:16.845 +07:00","230.35101279999998","TEST_100","100","0.213679284"
"2026-08-04 16:05:17.644 +07:00","231.1500207","TEST_100","100","0.214449838"
"2026-08-04 16:05:18.329 +07:00","231.8346057","TEST_100","100","0.21574159"
"2026-08-04 16:05:19.026 +07:00","232.53256249999998","TEST_100","100","0.216994494"
"2026-08-04 16:05:19.711 +07:00","233.21694889999998","TEST_100","100","0.218466833"
"2026-08-04 16:05:20.394 +07:00","233.89979079999998","TEST_100","100","0.219648838"
"2026-08-04 16:05:21.092 +07:00","234.598551","TEST_100","100","0.221134931"
"2026-08-04 16:05:21.792 +07:00","235.2982079","TEST_100","100","0.222726583"
"2026-08-04 16:05:22.476 +07:00","235.9816316","TEST_100","100","0.224100545"
"2026-08-04 16:05:23.158 +07:00","236.6644767","TEST_100","100","0.225374132"
"2026-08-04 16:05:23.858 +07:00","237.36379359999998","TEST_100","100","0.226632744"
"2026-08-04 16:05:24.655 +07:00","238.161045","TEST_100","100","0.22782883"
"2026-08-04 16:05:25.358 +07:00","238.8638217","TEST_100","100","0.228879482"
"2026-08-04 16:05:26.057 +07:00","239.56275639999998","TEST_100","100","0.229800135"
"2026-08-04 16:05:26.740 +07:00","240.24613499999998","TEST_100","100","0.230806619"
"2026-08-04 16:05:27.422 +07:00","240.92791179999998","TEST_100","100","0.23187533"
"2026-08-04 16:05:28.121 +07:00","241.62734619999998","TEST_100","100","0.232559994"
"2026-08-04 16:05:28.822 +07:00","242.3277579","TEST_100","100","0.233563215"
"2026-08-04 16:05:29.504 +07:00","243.01039749999998","TEST_100","100","0.234440714"
"2026-08-04 16:05:30.190 +07:00","243.6963434","TEST_100","100","0.235263273"
"2026-08-04 16:05:30.886 +07:00","244.392431","TEST_100","100","0.236073166"
"2026-08-04 16:05:31.671 +07:00","245.1775406","TEST_100","100","0.236864179"
"2026-08-04 16:05:32.370 +07:00","245.87605779999998","TEST_100","100","0.237536073"
"2026-08-04 16:05:33.070 +07:00","246.57607539999998","TEST_100","100","0.238425463"
"2026-08-04 16:05:33.751 +07:00","247.2574635","TEST_100","100","0.23902981"
"2026-08-04 16:05:34.454 +07:00","247.95980379999997","TEST_100","100","0.239536375"
"2026-08-04 16:05:35.152 +07:00","248.6585131","TEST_100","100","0.240036845"
"2026-08-04 16:05:35.835 +07:00","249.3415181","TEST_100","100","0.240257382"
"2026-08-04 16:05:36.519 +07:00","250.02555869999998","TEST_100","100","0.240085289"
"2026-08-04 16:05:37.219 +07:00","250.7247672","TEST_100","100","0.240228266"
"2026-08-04 16:05:37.918 +07:00","251.4236939","TEST_100","100","0.24023366"
"2026-08-04 16:05:38.698 +07:00","252.2041357","TEST_100","100","0.24025166"
"2026-08-04 16:05:39.383 +07:00","252.8886885","TEST_100","100","0.240262955"
"2026-08-04 16:05:40.066 +07:00","253.5725678","TEST_100","100","0.240122512"
"2026-08-04 16:05:40.767 +07:00","254.27258229999998","TEST_100","100","0.240317941"
"2026-08-04 16:05:41.466 +07:00","254.97225469999998","TEST_100","100","0.240574166"
"2026-08-04 16:05:42.148 +07:00","255.65378389999998","TEST_100","100","0.24121277"
"2026-08-04 16:05:42.834 +07:00","256.339617","TEST_100","100","0.242108852"
"2026-08-04 16:05:43.532 +07:00","257.0376452","TEST_100","100","0.243551046"
"2026-08-04 16:05:44.231 +07:00","257.73739969999997","TEST_100","100","0.244789749"
"2026-08-04 16:05:44.932 +07:00","258.4376997","TEST_100","100","0.246233612"
"2026-08-04 16:05:45.711 +07:00","259.2172903","TEST_100","100","0.247802407"
"2026-08-04 16:05:46.395 +07:00","259.900915","TEST_100","100","0.24945955"
"2026-08-04 16:05:47.096 +07:00","260.6016767","TEST_100","100","0.251081645"
"2026-08-04 16:05:47.794 +07:00","261.2998106","TEST_100","100","0.252401888"
"2026-08-04 16:05:48.496 +07:00","262.0024312","TEST_100","100","0.253756672"
"2026-08-04 16:05:49.193 +07:00","262.6993659","TEST_100","100","0.254942715"
"2026-08-04 16:05:49.878 +07:00","263.38382609999996","TEST_100","100","0.255969286"
"2026-08-04 16:05:50.562 +07:00","264.0679071","TEST_100","100","0.256794065"
"2026-08-04 16:05:51.263 +07:00","264.7688564","TEST_100","100","0.257414639"
"2026-08-04 16:05:51.944 +07:00","265.45006","TEST_100","100","0.257948548"
"2026-08-04 16:05:52.728 +07:00","266.2341187","TEST_100","100","0.258587033"
"2026-08-04 16:05:53.411 +07:00","266.91741959999996","TEST_100","100","0.259319574"
"2026-08-04 16:05:54.110 +07:00","267.6155913","TEST_100","100","0.259969085"
"2026-08-04 16:05:54.810 +07:00","268.316369","TEST_100","100","0.260801762"
"2026-08-04 16:05:55.490 +07:00","268.9960987","TEST_100","100","0.261399448"
"2026-08-04 16:05:56.174 +07:00","269.6801387","TEST_100","100","0.262069017"
"2026-08-04 16:05:56.858 +07:00","270.364122","TEST_100","100","0.262734294"
"2026-08-04 16:05:57.558 +07:00","271.0639313","TEST_100","100","0.263360023"
"2026-08-04 16:05:58.239 +07:00","271.7454911","TEST_100","100","0.264161706"
"2026-08-04 16:05:58.922 +07:00","272.4279126","TEST_100","100","0.264909685"
"2026-08-04 16:05:59.705 +07:00","273.2109475","TEST_100","100","0.265065283"
"2026-08-04 16:06:00.407 +07:00","273.91308699999996","TEST_100","100","0.265393198"
"2026-08-04 16:06:01.108 +07:00","274.6136887","TEST_100","100","0.265892327"
"2026-08-04 16:06:01.789 +07:00","275.2952896","TEST_100","100","0.266255528"
"2026-08-04 16:06:02.473 +07:00","275.9787576","TEST_100","100","0.266814321"
"2026-08-04 16:06:03.156 +07:00","276.6623175","TEST_100","100","0.267140865"
"2026-08-04 16:06:03.854 +07:00","277.36009029999997","TEST_100","100","0.267558008"
"2026-08-04 16:06:04.538 +07:00","278.0442562","TEST_100","100","0.267968923"
"2026-08-04 16:06:05.221 +07:00","278.72682349999997","TEST_100","100","0.268354714"
"2026-08-04 16:06:05.921 +07:00","279.4267258","TEST_100","100","0.268698871"
"2026-08-04 16:06:06.705 +07:00","280.2110088","TEST_100","100","0.269589514"
"2026-08-04 16:06:07.404 +07:00","280.9104612","TEST_100","100","0.269864142"
"2026-08-04 16:06:08.086 +07:00","281.5923709","TEST_100","100","0.270308495"
"2026-08-04 16:06:08.771 +07:00","282.2772566","TEST_100","100","0.270646811"
"2026-08-04 16:06:09.469 +07:00","282.97551799999997","TEST_100","100","0.270833582"
"2026-08-04 16:06:10.170 +07:00","283.6758038","TEST_100","100","0.271005392"
"2026-08-04 16:06:10.850 +07:00","284.35649459999996","TEST_100","100","0.271129608"
"2026-08-04 16:06:11.533 +07:00","285.0390706","TEST_100","100","0.271263152"
"2026-08-04 16:06:12.235 +07:00","285.74061839999996","TEST_100","100","0.271505445"
"2026-08-04 16:06:12.935 +07:00","286.4414643","TEST_100","100","0.272151053"
"2026-08-04 16:06:13.737 +07:00","287.2430137","TEST_100","100","0.271992534"
"2026-08-04 16:06:14.434 +07:00","287.93989669999996","TEST_100","100","0.272201955"
"2026-08-04 16:06:15.116 +07:00","288.6217377","TEST_100","100","0.272172391"
"2026-08-04 16:06:15.799 +07:00","289.3055455","TEST_100","100","0.272159964"
"2026-08-04 16:06:16.498 +07:00","290.0036672","TEST_100","100","0.272345662"
"2026-08-04 16:06:17.199 +07:00","290.70520899999997","TEST_100","100","0.273012608"
"2026-08-04 16:06:17.881 +07:00","291.3868712","TEST_100","100","0.272936285"
"2026-08-04 16:06:18.564 +07:00","292.0697341","TEST_100","100","0.273052722"
"2026-08-04 16:06:19.264 +07:00","292.7703777","TEST_100","100","0.272597671"
"2026-08-04 16:06:19.967 +07:00","293.4732146","TEST_100","100","0.272137284"
"2026-08-04 16:06:20.759 +07:00","294.2647851","TEST_100","100","0.272347659"
"2026-08-04 16:06:21.445 +07:00","294.9514168","TEST_100","100","0.272364438"
"2026-08-04 16:06:22.129 +07:00","295.6347789","TEST_100","100","0.27229777"
"2026-08-04 16:06:22.813 +07:00","296.3193338","TEST_100","100","0.272378325"
"2026-08-04 16:06:23.511 +07:00","297.0166587","TEST_100","100","0.272222608"
"2026-08-04 16:06:24.196 +07:00","297.7022851","TEST_100","100","0.27142477"
"2026-08-04 16:06:24.877 +07:00","298.3834455","TEST_100","100","0.27140376"
"2026-08-04 16:06:25.578 +07:00","299.08384589999997","TEST_100","100","0.271188855"
"2026-08-04 16:06:26.276 +07:00","299.78205859999997","TEST_100","100","0.271352291"
"2026-08-04 16:06:26.961 +07:00","300.4669355","TEST_100","100","0.270986944"
"2026-08-04 16:06:27.754 +07:00","301.2599259","TEST_100","100","0.270699561"
"2026-08-04 16:06:28.436 +07:00","301.94179629999996","TEST_100","100","0.270589858"
"2026-08-04 16:06:29.126 +07:00","302.6316968","TEST_100","100","0.270525634"
"2026-08-04 16:06:29.809 +07:00","303.3150442","TEST_100","100","0.270342648"
"2026-08-04 16:06:30.499 +07:00","304.0050779","TEST_100","100","0.270294338"
"2026-08-04 16:06:31.190 +07:00","304.6957099","TEST_100","100","0.270444334"
"2026-08-04 16:06:31.890 +07:00","305.3957076","TEST_100","100","0.270551652"
"2026-08-04 16:06:32.575 +07:00","306.0813265","TEST_100","100","0.270719111"
"2026-08-04 16:06:33.258 +07:00","306.7641734","TEST_100","100","0.270904958"
"2026-08-04 16:06:33.940 +07:00","307.4461622","TEST_100","100","0.271245629"
"2026-08-04 16:06:34.739 +07:00","308.2452452","TEST_100","100","0.271420956"
"2026-08-04 16:06:35.422 +07:00","308.9281473","TEST_100","100","0.271506786"
"2026-08-04 16:06:36.121 +07:00","309.6272279","TEST_100","100","0.271551996"
"2026-08-04 16:06:36.805 +07:00","310.3112513","TEST_100","100","0.271737695"
"2026-08-04 16:06:37.489 +07:00","310.9952068","TEST_100","100","0.271924794"
"2026-08-04 16:06:38.190 +07:00","311.6958476","TEST_100","100","0.272120088"
"2026-08-04 16:06:38.888 +07:00","312.3940088","TEST_100","100","0.27223134"
"2026-08-04 16:06:39.569 +07:00","313.07527269999997","TEST_100","100","0.272352904"
"2026-08-04 16:06:40.254 +07:00","313.7598246","TEST_100","100","0.272383958"
"2026-08-04 16:06:40.938 +07:00","314.4438737","TEST_100","100","0.272356868"
"2026-08-04 16:06:41.737 +07:00","315.2433761","TEST_100","100","0.272527367"
"2026-08-04 16:06:42.436 +07:00","315.9421734","TEST_100","100","0.272655636"
"2026-08-04 16:06:43.134 +07:00","316.6403478","TEST_100","100","0.272770196"
"2026-08-04 16:06:43.818 +07:00","317.3243461","TEST_100","100","0.272651017"
"2026-08-04 16:06:44.502 +07:00","318.0080913","TEST_100","100","0.272687167"
"2026-08-04 16:06:45.201 +07:00","318.70737909999997","TEST_100","100","0.272720516"
"2026-08-04 16:06:45.885 +07:00","319.3909928","TEST_100","100","0.272669792"
"2026-08-04 16:06:46.567 +07:00","320.0729329","TEST_100","100","0.272788495"
"2026-08-04 16:06:47.250 +07:00","320.75603559999996","TEST_100","100","0.2730726"
"2026-08-04 16:06:47.949 +07:00","321.4555178","TEST_100","100","0.273449838"
"2026-08-04 16:06:48.750 +07:00","322.2563737","TEST_100","100","0.273798466"
"2026-08-04 16:06:49.448 +07:00","322.954539","TEST_100","100","0.274266452"
"2026-08-04 16:06:50.132 +07:00","323.6384076","TEST_100","100","0.274843872"
"2026-08-04 16:06:50.815 +07:00","324.3214981","TEST_100","100","0.275799155"
"2026-08-04 16:06:51.514 +07:00","325.02023729999996","TEST_100","100","0.276530713"
"2026-08-04 16:06:52.214 +07:00","325.72056349999997","TEST_100","100","0.277557641"
"2026-08-04 16:06:52.897 +07:00","326.4034966","TEST_100","100","0.278600782"
"2026-08-04 16:06:53.581 +07:00","327.087133","TEST_100","100","0.27958411"
"2026-08-04 16:06:54.279 +07:00","327.7851316","TEST_100","100","0.280609787"
"2026-08-04 16:06:54.981 +07:00","328.48674689999996","TEST_100","100","0.281668514"
"2026-08-04 16:06:55.796 +07:00","329.3025283","TEST_100","100","0.282745749"
"2026-08-04 16:06:56.495 +07:00","330.00103459999997","TEST_100","100","0.283301651"
"2026-08-04 16:06:57.179 +07:00","330.68554439999997","TEST_100","100","0.284364313"
"2026-08-04 16:06:57.861 +07:00","331.3667628","TEST_100","100","0.285172492"
"2026-08-04 16:06:58.562 +07:00","332.0681978","TEST_100","100","0.286089987"
"2026-08-04 16:06:59.261 +07:00","332.7674174","TEST_100","100","0.286690474"
"2026-08-04 16:06:59.943 +07:00","333.4488315","TEST_100","100","0.287553102"
"2026-08-04 16:07:00.627 +07:00","334.1327933","TEST_100","100","0.288377583"
"2026-08-04 16:07:01.326 +07:00","334.83222689999997","TEST_100","100","0.289129645"
"2026-08-04 16:07:02.025 +07:00","335.53096469999997","TEST_100","100","0.28976956"
"2026-08-04 16:07:03.087 +07:00","336.5930148","TEST_100","100","0.291651934"
"2026-08-04 16:07:03.776 +07:00","337.2817339","TEST_100","100","0.292390853"
"2026-08-04 16:07:04.459 +07:00","337.96522719999996","TEST_100","100","0.293130696"
"2026-08-04 16:07:05.142 +07:00","338.6477394","TEST_100","100","0.294014633"
"2026-08-04 16:07:05.841 +07:00","339.3475466","TEST_100","100","0.295005858"
"2026-08-04 16:07:06.541 +07:00","340.0466967","TEST_100","100","0.295721292"
"2026-08-04 16:07:07.222 +07:00","340.7285576","TEST_100","100","0.296774"
"2026-08-04 16:07:07.907 +07:00","341.41302149999996","TEST_100","100","0.297834337"
"2026-08-04 16:07:08.605 +07:00","342.110946","TEST_100","100","0.299271643"
"2026-08-04 16:07:09.288 +07:00","342.7941222","TEST_100","100","0.30033043"
"2026-08-04 16:07:10.090 +07:00","343.5958234","TEST_100","100","0.301622331"
"2026-08-04 16:07:10.774 +07:00","344.27968469999996","TEST_100","100","0.302876651"
"2026-08-04 16:07:11.456 +07:00","344.9618005","TEST_100","100","0.304308236"
"2026-08-04 16:07:12.153 +07:00","345.65929619999997","TEST_100","100","0.305556864"
"2026-08-04 16:07:12.839 +07:00","346.34497","TEST_100","100","0.30726409"
"2026-08-04 16:07:13.522 +07:00","347.0280997","TEST_100","100","0.308702201"
"2026-08-04 16:07:14.202 +07:00","347.7085373","TEST_100","100","0.30988133"
"2026-08-04 16:07:14.903 +07:00","348.409263","TEST_100","100","0.311050296"
"2026-08-04 16:07:15.586 +07:00","349.0921497","TEST_100","100","0.312130749"
"2026-08-04 16:07:16.269 +07:00","349.7752494","TEST_100","100","0.313491762"
"2026-08-04 16:07:17.070 +07:00","350.57650029999996","TEST_100","100","0.314932168"
"2026-08-04 16:07:17.752 +07:00","351.2585315","TEST_100","100","0.316540092"
"2026-08-04 16:07:18.452 +07:00","351.9580656","TEST_100","100","0.317751259"
"2026-08-04 16:07:19.151 +07:00","352.65709219999997","TEST_100","100","0.319634438"
"2026-08-04 16:07:19.832 +07:00","353.3380204","TEST_100","100","0.321268499"
"2026-08-04 16:07:20.516 +07:00","354.0223398","TEST_100","100","0.323395163"
"2026-08-04 16:07:21.217 +07:00","354.72285919999996","TEST_100","100","0.325447381"
"2026-08-04 16:07:21.915 +07:00","355.42140079999996","TEST_100","100","0.327607006"
"2026-08-04 16:07:22.599 +07:00","356.1054342","TEST_100","100","0.329560578"
"2026-08-04 16:07:23.282 +07:00","356.788206","TEST_100","100","0.331597149"
"2026-08-04 16:07:24.099 +07:00","357.6047298","TEST_100","100","0.333317816"
"2026-08-04 16:07:24.783 +07:00","358.28898169999997","TEST_100","100","0.334879607"
"2026-08-04 16:07:25.483 +07:00","358.98860809999996","TEST_100","100","0.336708069"
"2026-08-04 16:07:26.163 +07:00","359.6695532","TEST_100","100","0.338017225"
"2026-08-04 16:07:26.849 +07:00","360.3554417","TEST_100","100","0.339229107"
"2026-08-04 16:07:27.545 +07:00","361.05118319999997","TEST_100","100","0.340069205"
"2026-08-04 16:07:28.230 +07:00","361.7357484","TEST_100","100","0.341057152"
"2026-08-04 16:07:28.929 +07:00","362.43463299999996","TEST_100","100","0.342420071"
"2026-08-04 16:07:29.613 +07:00","363.1186562","TEST_100","100","0.343487799"
"2026-08-04 16:07:30.298 +07:00","363.80374509999996","TEST_100","100","0.344559729"
"2026-08-04 16:07:31.090 +07:00","364.5959145","TEST_100","100","0.346177578"
"2026-08-04 16:07:31.773 +07:00","365.2786999","TEST_100","100","0.3471407"
"2026-08-04 16:07:32.461 +07:00","365.9672175","TEST_100","100","0.348046243"
"2026-08-04 16:07:33.161 +07:00","366.6668693","TEST_100","100","0.348806381"
"2026-08-04 16:07:33.844 +07:00","367.3502909","TEST_100","100","0.349578589"
"2026-08-04 16:07:34.526 +07:00","368.0319293","TEST_100","100","0.35052523"
"2026-08-04 16:07:35.213 +07:00","368.7188536","TEST_100","100","0.351471841"
"2026-08-04 16:07:35.885 +07:00","369.39089229999996","TEST_100","100","0.352064878"
"2026-08-04 16:07:36.575 +07:00","370.0811845","TEST_100","100","0.35311991"
"2026-08-04 16:07:37.264 +07:00","370.7699705","TEST_100","100","0.354121149"
"2026-08-04 16:07:38.338 +07:00","371.84369549999997","TEST_100","100","0.356019914"
"2026-08-04 16:07:39.024 +07:00","372.5298471","TEST_100","100","0.35738641"
"2026-08-04 16:07:39.708 +07:00","373.2142789","TEST_100","100","0.358692944"
"2026-08-04 16:07:40.391 +07:00","373.89741269999996","TEST_100","100","0.3599208"
"2026-08-04 16:07:41.090 +07:00","374.59600409999996","TEST_100","100","0.36146611"
"2026-08-04 16:07:41.772 +07:00","375.27798839999997","TEST_100","100","0.362774044"
"2026-08-04 16:07:42.455 +07:00","375.9608336","TEST_100","100","0.364085436"
"2026-08-04 16:07:43.156 +07:00","376.6619598","TEST_100","100","0.365151793"
"2026-08-04 16:07:43.856 +07:00","377.3618186","TEST_100","100","0.36605826"
"2026-08-04 16:07:44.538 +07:00","378.0437608","TEST_100","100","0.367369622"
"2026-08-04 16:07:45.356 +07:00","378.86214989999996","TEST_100","100","0.368278772"
"2026-08-04 16:07:46.039 +07:00","379.54468069999996","TEST_100","100","0.369163841"
"2026-08-04 16:07:46.721 +07:00","380.22713819999996","TEST_100","100","0.370213836"
"2026-08-04 16:07:47.419 +07:00","380.9248244","TEST_100","100","0.370631754"
"2026-08-04 16:07:48.104 +07:00","381.6102107","TEST_100","100","0.371264935"
"2026-08-04 16:07:48.788 +07:00","382.2938213","TEST_100","100","0.371497691"
"2026-08-04 16:07:49.470 +07:00","382.9760002","TEST_100","100","0.371487081"
"2026-08-04 16:07:50.170 +07:00","383.6761327","TEST_100","100","0.371361762"
"2026-08-04 16:07:50.851 +07:00","384.3574953","TEST_100","100","0.371209681"
"2026-08-04 16:07:51.534 +07:00","385.04019669999997","TEST_100","100","0.370479912"
"2026-08-04 16:07:52.606 +07:00","386.1120775","TEST_100","100","0.369233549"
"2026-08-04 16:07:53.286 +07:00","386.792425","TEST_100","100","0.368261725"
"2026-08-04 16:07:53.984 +07:00","387.489621","TEST_100","100","0.367782593"
"2026-08-04 16:07:54.684 +07:00","388.1899468","TEST_100","100","0.366722107"
"2026-08-04 16:07:55.366 +07:00","388.8722591","TEST_100","100","0.366065025"
"2026-08-04 16:07:56.048 +07:00","389.5540737","TEST_100","100","0.365468204"
"2026-08-04 16:07:56.750 +07:00","390.25581389999996","TEST_100","100","0.364860743"
"2026-08-04 16:07:57.449 +07:00","390.95524009999997","TEST_100","100","0.364446104"
"2026-08-04 16:07:58.131 +07:00","391.6371208","TEST_100","100","0.363878667"
"2026-08-04 16:07:58.815 +07:00","392.3212545","TEST_100","100","0.363578856"
"2026-08-04 16:07:59.886 +07:00","393.39225719999996","TEST_100","100","0.363144249"
"2026-08-04 16:08:00.581 +07:00","394.0872448","TEST_100","100","0.363068134"
"2026-08-04 16:08:01.280 +07:00","394.78561959999996","TEST_100","100","0.362982064"
"2026-08-04 16:08:01.979 +07:00","395.48508119999997","TEST_100","100","0.36270085"
"2026-08-04 16:08:02.663 +07:00","396.1693736","TEST_100","100","0.362493068"
"2026-08-04 16:08:03.344 +07:00","396.850129","TEST_100","100","0.362841338"
"2026-08-04 16:08:04.042 +07:00","397.5485523","TEST_100","100","0.362593532"
"2026-08-04 16:08:04.729 +07:00","398.23457279999997","TEST_100","100","0.362384886"
"2026-08-04 16:08:05.413 +07:00","398.91895489999996","TEST_100","100","0.362102807"
"2026-08-04 16:08:06.095 +07:00","399.6010902","TEST_100","100","0.36184901"
"2026-08-04 16:08:07.167 +07:00","400.67318059999997","TEST_100","100","0.361051291"
"2026-08-04 16:08:07.861 +07:00","401.36659929999996","TEST_100","100","0.360628515"
"2026-08-04 16:08:08.559 +07:00","402.0651832","TEST_100","100","0.36035797"
"2026-08-04 16:08:09.240 +07:00","402.7462839","TEST_100","100","0.36008364"
"2026-08-04 16:08:09.928 +07:00","403.43380659999997","TEST_100","100","0.35924533"
"2026-08-04 16:08:10.626 +07:00","404.13176269999997","TEST_100","100","0.358915597"
"2026-08-04 16:08:11.325 +07:00","404.83078659999995","TEST_100","100","0.358653039"
"2026-08-04 16:08:12.025 +07:00","405.5314117","TEST_100","100","0.358367264"
"2026-08-04 16:08:12.706 +07:00","406.21252219999997","TEST_100","100","0.358000576"
"2026-08-04 16:08:13.392 +07:00","406.8975719","TEST_100","100","0.357915401"
"2026-08-04 16:08:14.463 +07:00","407.9692065","TEST_100","100","0.357642114"
"2026-08-04 16:08:15.157 +07:00","408.66355849999997","TEST_100","100","0.357654244"
"2026-08-04 16:08:15.855 +07:00","409.3606909","TEST_100","100","0.357515812"
"2026-08-04 16:08:16.539 +07:00","410.0450075","TEST_100","100","0.357513428"
"2026-08-04 16:08:17.223 +07:00","410.72885729999996","TEST_100","100","0.357480079"
"2026-08-04 16:08:17.924 +07:00","411.429602","TEST_100","100","0.357407779"
"2026-08-04 16:08:18.621 +07:00","412.1274795","TEST_100","100","0.357365042"
"2026-08-04 16:08:19.303 +07:00","412.8090671","TEST_100","100","0.357485622"
"2026-08-04 16:08:19.988 +07:00","413.4939606","TEST_100","100","0.357265413"
"2026-08-04 16:08:20.672 +07:00","414.1782715","TEST_100","100","0.357131511"
"2026-08-04 16:08:21.744 +07:00","415.2502647","TEST_100","100","0.356801093"
"2026-08-04 16:08:22.437 +07:00","415.9428106","TEST_100","100","0.356568694"
"2026-08-04 16:08:23.137 +07:00","416.64287079999997","TEST_100","100","0.356518865"
"2026-08-04 16:08:23.819 +07:00","417.3251808","TEST_100","100","0.356267333"
"2026-08-04 16:08:24.519 +07:00","418.0245984","TEST_100","100","0.355947047"
"2026-08-04 16:08:25.219 +07:00","418.7247677","TEST_100","100","0.35554561"
"2026-08-04 16:08:25.919 +07:00","419.4250423","TEST_100","100","0.355245709"
"2026-08-04 16:08:26.600 +07:00","420.106021","TEST_100","100","0.355673611"
"2026-08-04 16:08:27.284 +07:00","420.7902119","TEST_100","100","0.355560094"
"2026-08-04 16:08:27.984 +07:00","421.49006599999996","TEST_100","100","0.35589093"
"2026-08-04 16:08:29.055 +07:00","422.5613553","TEST_100","100","0.355080634"
"2026-08-04 16:08:29.749 +07:00","423.25521729999997","TEST_100","100","0.354596347"
"2026-08-04 16:08:30.449 +07:00","423.9550041","TEST_100","100","0.354568839"
"2026-08-04 16:08:31.132 +07:00","424.6375831","TEST_100","100","0.354730099"
"2026-08-04 16:08:31.814 +07:00","425.3202935","TEST_100","100","0.354925662"
"2026-08-04 16:08:32.515 +07:00","426.0211678","TEST_100","100","0.354613125"
"2026-08-04 16:08:33.213 +07:00","426.7190966","TEST_100","100","0.354961187"
"2026-08-04 16:08:33.898 +07:00","427.4039911","TEST_100","100","0.358772218"
"2026-08-04 16:08:34.582 +07:00","428.08833849999996","TEST_100","100","0.367193878"
"2026-08-04 16:08:35.279 +07:00","428.78467609999996","TEST_100","100","0.37911433"
"2026-08-04 16:08:36.361 +07:00","429.8670185","TEST_100","100","0.409000218"
"2026-08-04 16:08:37.063 +07:00","430.5692388","TEST_100","100","0.423958212"
"2026-08-04 16:08:37.762 +07:00","431.2683887","TEST_100","100","0.437490404"
"2026-08-04 16:08:38.446 +07:00","431.9525541","TEST_100","100","0.450875759"
"2026-08-04 16:08:39.130 +07:00","432.63597669999996","TEST_100","100","0.464711189"
"2026-08-04 16:08:39.830 +07:00","433.3357272","TEST_100","100","0.476280063"
"2026-08-04 16:08:40.525 +07:00","434.03151549999995","TEST_100","100","0.483973116"
"2026-08-04 16:08:41.211 +07:00","434.7174179","TEST_100","100","0.485724539"
"2026-08-04 16:08:41.894 +07:00","435.4003444","TEST_100","100","0.482904971"
"2026-08-04 16:08:42.593 +07:00","436.0988916","TEST_100","100","0.47670418"
"2026-08-04 16:08:43.674 +07:00","437.1804558","TEST_100","100","0.461960077"
"2026-08-04 16:08:44.375 +07:00","437.8811674","TEST_100","100","0.455237389"
"2026-08-04 16:08:45.076 +07:00","438.5816524","TEST_100","100","0.448196083"
"2026-08-04 16:08:45.758 +07:00","439.2643726","TEST_100","100","0.440513223"
"2026-08-04 16:08:46.442 +07:00","439.948422","TEST_100","100","0.433753103"
"2026-08-04 16:08:47.142 +07:00","440.64829799999995","TEST_100","100","0.427426636"
"2026-08-04 16:08:47.840 +07:00","441.34629259999997","TEST_100","100","0.422219604"
"2026-08-04 16:08:48.524 +07:00","442.0304003","TEST_100","100","0.417639881"
"2026-08-04 16:08:49.208 +07:00","442.7136746","TEST_100","100","0.414160967"
"2026-08-04 16:08:49.906 +07:00","443.4120326","TEST_100","100","0.410609484"
"2026-08-04 16:08:50.988 +07:00","444.4944746","TEST_100","100","0.404135644"
"2026-08-04 16:08:51.671 +07:00","445.1769253","TEST_100","100","0.401706368"
"2026-08-04 16:08:52.372 +07:00","445.8781452","TEST_100","100","0.399707675"
"2026-08-04 16:08:53.071 +07:00","446.5773584","TEST_100","100","0.397579789"
"2026-08-04 16:08:53.755 +07:00","447.2609546","TEST_100","100","0.395999193"
"2026-08-04 16:08:54.453 +07:00","447.9590265","TEST_100","100","0.394336671"
"2026-08-04 16:08:55.154 +07:00","448.6599462","TEST_100","100","0.393065929"
"2026-08-04 16:08:55.853 +07:00","449.3594847","TEST_100","100","0.391777158"
"2026-08-04 16:08:56.536 +07:00","450.0419503","TEST_100","100","0.390652001"
"2026-08-04 16:08:57.222 +07:00","450.72843989999996","TEST_100","100","0.389813244"
"2026-08-04 16:08:58.303 +07:00","451.8087801","TEST_100","100","0.387926608"
"2026-08-04 16:08:58.985 +07:00","452.491509","TEST_100","100","0.387148559"
"2026-08-04 16:08:59.684 +07:00","453.1905677","TEST_100","100","0.386581182"
"2026-08-04 16:09:00.369 +07:00","453.8746059","TEST_100","100","0.385692596"
"2026-08-04 16:09:01.051 +07:00","454.5573262","TEST_100","100","0.385081828"
"2026-08-04 16:09:01.734 +07:00","455.2401273","TEST_100","100","0.384502351"
"2026-08-04 16:09:02.433 +07:00","455.9386924","TEST_100","100","0.384059519"
"2026-08-04 16:09:03.116 +07:00","456.6221134","TEST_100","100","0.383612692"
"2026-08-04 16:09:03.800 +07:00","457.3056861","TEST_100","100","0.382925123"
"2026-08-04 16:09:04.498 +07:00","458.00425609999996","TEST_100","100","0.38273114"
"2026-08-04 16:09:05.582 +07:00","459.0877081","TEST_100","100","0.382231683"
"2026-08-04 16:09:06.283 +07:00","459.7886233","TEST_100","100","0.381887764"
"2026-08-04 16:09:06.982 +07:00","460.4878753","TEST_100","100","0.381762445"
"2026-08-04 16:09:07.664 +07:00","461.1696397","TEST_100","100","0.38171044"
"2026-08-04 16:09:08.347 +07:00","461.8529269","TEST_100","100","0.381658524"
"2026-08-04 16:09:09.031 +07:00","462.53681789999996","TEST_100","100","0.381542623"
"2026-08-04 16:09:09.728 +07:00","463.2342142","TEST_100","100","0.381520271"
"2026-08-04 16:09:10.415 +07:00","463.9206898","TEST_100","100","0.381579459"
"2026-08-04 16:09:11.097 +07:00","464.60341409999995","TEST_100","100","0.381550282"
"2026-08-04 16:09:11.795 +07:00","465.30132419999995","TEST_100","100","0.381402791"
"2026-08-04 16:09:12.879 +07:00","466.3849143","TEST_100","100","0.381417096"
"2026-08-04 16:09:13.578 +07:00","467.084567","TEST_100","100","0.381295711"
"2026-08-04 16:09:14.278 +07:00","467.78408829999995","TEST_100","100","0.381086886"
"2026-08-04 16:09:14.962 +07:00","468.4676753","TEST_100","100","0.380673587"
"2026-08-04 16:09:15.644 +07:00","469.1500469","TEST_100","100","0.380380988"
"2026-08-04 16:09:16.342 +07:00","469.84828089999996","TEST_100","100","0.380083293"
"2026-08-04 16:09:17.045 +07:00","470.5507457","TEST_100","100","0.379933655"
"2026-08-04 16:09:17.741 +07:00","471.2467019","TEST_100","100","0.379523158"
"2026-08-04 16:09:18.426 +07:00","471.9319811","TEST_100","100","0.379218638"
"2026-08-04 16:09:19.125 +07:00","472.63144739999996","TEST_100","100","0.379007101"
"2026-08-04 16:09:20.208 +07:00","473.7143197","TEST_100","100","0.37941286"
"2026-08-04 16:09:20.891 +07:00","474.3970571","TEST_100","100","0.379769981"
"2026-08-04 16:09:21.590 +07:00","475.09608049999997","TEST_100","100","0.380460203"
"2026-08-04 16:09:22.274 +07:00","475.77959139999996","TEST_100","100","0.381313503"
"2026-08-04 16:09:22.955 +07:00","476.460738","TEST_100","100","0.382324517"
"2026-08-04 16:09:23.641 +07:00","477.1468678","TEST_100","100","0.383287132"
"2026-08-04 16:09:24.340 +07:00","477.84569189999996","TEST_100","100","0.384908736"
"2026-08-04 16:09:25.023 +07:00","478.52890049999996","TEST_100","100","0.386529982"
"2026-08-04 16:09:25.706 +07:00","479.21177","TEST_100","100","0.388126671"
"2026-08-04 16:09:26.404 +07:00","479.91046209999996","TEST_100","100","0.389613211"
"2026-08-04 16:09:27.486 +07:00","480.99238929999996","TEST_100","100","0.392376751"
"2026-08-04 16:09:28.187 +07:00","481.6935138","TEST_100","100","0.393670857"
"2026-08-04 16:09:28.888 +07:00","482.393846","TEST_100","100","0.395449102"
"2026-08-04 16:09:29.568 +07:00","483.0743448","TEST_100","100","0.396692812"
"2026-08-04 16:09:30.253 +07:00","483.75862559999996","TEST_100","100","0.398079813"
"2026-08-04 16:09:30.955 +07:00","484.4615032","TEST_100","100","0.398999125"
"2026-08-04 16:09:31.653 +07:00","485.1595312","TEST_100","100","0.400124729"
"2026-08-04 16:09:32.334 +07:00","485.84036299999997","TEST_100","100","0.401284397"
"2026-08-04 16:09:33.018 +07:00","486.523961","TEST_100","100","0.402451366"
"2026-08-04 16:09:33.717 +07:00","487.2234964","TEST_100","100","0.403466642"
"2026-08-04 16:09:34.800 +07:00","488.3059737","TEST_100","100","0.40570169699999997"
"2026-08-04 16:09:35.501 +07:00","489.007392","TEST_100","100","0.406366915"
"2026-08-04 16:09:36.201 +07:00","489.70699049999996","TEST_100","100","0.407272011"
"2026-08-04 16:09:36.898 +07:00","490.40391339999996","TEST_100","100","0.408844322"
"2026-08-04 16:09:37.582 +07:00","491.08848329999995","TEST_100","100","0.410726935"
"2026-08-04 16:09:38.265 +07:00","491.77109859999996","TEST_100","100","0.412956953"
"2026-08-04 16:09:38.966 +07:00","492.47204539999996","TEST_100","100","0.415332794"
"2026-08-04 16:09:39.649 +07:00","493.1555186","TEST_100","100","0.41825372"
"2026-08-04 16:09:40.330 +07:00","493.83584199999996","TEST_100","100","0.421579361"
"2026-08-04 16:09:41.015 +07:00","494.5210497","TEST_100","100","0.42491442"
"2026-08-04 16:09:42.094 +07:00","495.6004612","TEST_100","100","0.43203178"
"2026-08-04 16:09:42.781 +07:00","496.2873997","TEST_100","100","0.435511738"
"2026-08-04 16:09:43.463 +07:00","496.96934369999997","TEST_100","100","0.438320249"
"2026-08-04 16:09:44.161 +07:00","497.66734699999995","TEST_100","100","0.441456079"
"2026-08-04 16:09:44.843 +07:00","498.34867299999996","TEST_100","100","0.443813711"
"2026-08-04 16:09:45.529 +07:00","499.0345913","TEST_100","100","0.446033299"
"2026-08-04 16:09:46.216 +07:00","499.722553","TEST_100","100","0.447871298"
"2026-08-04 16:09:46.894 +07:00","500.39982999999995","TEST_100","100","0.449329287"
"2026-08-04 16:09:47.596 +07:00","501.10178579999996","TEST_100","100","0.451177657"
"2026-08-04 16:09:48.294 +07:00","501.8003503","TEST_100","100","0.452865213"
"2026-08-04 16:09:49.382 +07:00","502.8878754","TEST_100","100","0.455999523"
"2026-08-04 16:09:50.075 +07:00","503.58104149999997","TEST_100","100","0.457776964"
"2026-08-04 16:09:50.758 +07:00","504.26418859999995","TEST_100","100","0.459037304"
"2026-08-04 16:09:51.442 +07:00","504.94796449999996","TEST_100","100","0.460655987"
"2026-08-04 16:09:52.126 +07:00","505.63194469999996","TEST_100","100","0.462317139"
"2026-08-04 16:09:52.825 +07:00","506.33086349999996","TEST_100","100","0.463717073"
"2026-08-04 16:09:53.524 +07:00","507.0304658","TEST_100","100","0.465078682"
"2026-08-04 16:09:54.209 +07:00","507.7151199","TEST_100","100","0.466230452"
"2026-08-04 16:09:54.892 +07:00","508.3981871","TEST_100","100","0.467626035"
"2026-08-04 16:09:55.592 +07:00","509.09761829999997","TEST_100","100","0.468876064"
"2026-08-04 16:09:56.673 +07:00","510.1790438","TEST_100","100","0.471057564"
"2026-08-04 16:09:57.373 +07:00","510.8790481","TEST_100","100","0.471999556"
"2026-08-04 16:09:58.057 +07:00","511.56260779999997","TEST_100","100","0.473086834"
"2026-08-04 16:09:58.739 +07:00","512.2454166","TEST_100","100","0.474135488"
"2026-08-04 16:09:59.422 +07:00","512.9276145","TEST_100","100","0.475417942"
"2026-08-04 16:10:00.122 +07:00","513.6276085","TEST_100","100","0.477050364"
"2026-08-04 16:10:00.806 +07:00","514.311608","TEST_100","100","0.479030937"
"2026-08-04 16:10:01.486 +07:00","514.9922868","TEST_100","100","0.480341583"
"2026-08-04 16:10:02.188 +07:00","515.69426709999993","TEST_100","100","0.481938213"
"2026-08-04 16:10:02.887 +07:00","516.3932","TEST_100","100","0.483427346"
"2026-08-04 16:10:03.969 +07:00","517.4752432","TEST_100","100","0.486538827"
"2026-08-04 16:10:04.669 +07:00","518.17493689999992","TEST_100","100","0.487670004"
"2026-08-04 16:10:05.352 +07:00","518.8583208","TEST_100","100","0.488686711"
"2026-08-04 16:10:06.036 +07:00","519.54250159999992","TEST_100","100","0.49019289"
"2026-08-04 16:10:06.736 +07:00","520.2420512","TEST_100","100","0.490783781"
"2026-08-04 16:10:07.435 +07:00","520.9413872","TEST_100","100","0.49083218"
"2026-08-04 16:10:08.117 +07:00","521.6233575","TEST_100","100","0.491098464"
"2026-08-04 16:10:08.799 +07:00","522.30551159999993","TEST_100","100","0.491324514"
"2026-08-04 16:10:09.501 +07:00","523.0068758","TEST_100","100","0.492095321"
"2026-08-04 16:10:10.200 +07:00","523.7064239","TEST_100","100","0.492326021"
"2026-08-04 16:10:11.283 +07:00","524.78863519999993","TEST_100","100","0.49350667"
"2026-08-04 16:10:11.984 +07:00","525.4897112","TEST_100","100","0.494392097"
"2026-08-04 16:10:12.682 +07:00","526.1884183","TEST_100","100","0.494814485"
"2026-08-04 16:10:13.367 +07:00","526.872669","TEST_100","100","0.495517582"
"2026-08-04 16:10:14.048 +07:00","527.5539755","TEST_100","100","0.496894747"
"2026-08-04 16:10:14.748 +07:00","528.2541172","TEST_100","100","0.498716831"
"2026-08-04 16:10:15.432 +07:00","528.93765899999994","TEST_100","100","0.500647724"
"2026-08-04 16:10:16.114 +07:00","529.61963789999993","TEST_100","100","0.502247453"
"2026-08-04 16:10:16.798 +07:00","530.3036831","TEST_100","100","0.504536986"
"2026-08-04 16:10:17.496 +07:00","531.0020628","TEST_100","100","0.507065594"
"2026-08-04 16:10:18.578 +07:00","532.083756","TEST_100","100","0.511292219"
"2026-08-04 16:10:19.279 +07:00","532.785185","TEST_100","100","0.512360394"
"2026-08-04 16:10:19.961 +07:00","533.4672538","TEST_100","100","0.514159441"
"2026-08-04 16:10:20.646 +07:00","534.1517511","TEST_100","100","0.514983475"
"2026-08-04 16:10:21.330 +07:00","534.8364159","TEST_100","100","0.515238643"
"2026-08-04 16:10:22.029 +07:00","535.535362","TEST_100","100","0.514845669"
"2026-08-04 16:10:22.728 +07:00","536.2344029","TEST_100","100","0.514108121"
"2026-08-04 16:10:23.412 +07:00","536.91795159999992","TEST_100","100","0.513015151"
"2026-08-04 16:10:24.094 +07:00","537.5999105","TEST_100","100","0.511199832"
"2026-08-04 16:10:24.792 +07:00","538.29853559999992","TEST_100","100","0.509490311"
"2026-08-04 16:10:25.873 +07:00","539.3793535","TEST_100","100","0.506556749"
"2026-08-04 16:10:26.575 +07:00","540.08104589999994","TEST_100","100","0.505013406"
"2026-08-04 16:10:27.258 +07:00","540.76420699999994","TEST_100","100","0.503688693"
"2026-08-04 16:10:27.942 +07:00","541.4481297","TEST_100","100","0.502530515"
"2026-08-04 16:10:28.625 +07:00","542.1310267","TEST_100","100","0.501668632"
"2026-08-04 16:10:29.324 +07:00","542.83013099999994","TEST_100","100","0.501147449"
"2026-08-04 16:10:30.008 +07:00","543.513964","TEST_100","100","0.50080502"
"2026-08-04 16:10:30.687 +07:00","544.1934546","TEST_100","100","0.500494301"
"2026-08-04 16:10:31.393 +07:00","544.8991872","TEST_100","100","0.50039202"
"2026-08-04 16:10:32.090 +07:00","545.5960596","TEST_100","100","0.500219285"
"2026-08-04 16:10:33.173 +07:00","546.67914469999994","TEST_100","100","0.499770492"
"2026-08-04 16:10:33.871 +07:00","547.3772259","TEST_100","100","0.499633133"
"2026-08-04 16:10:34.556 +07:00","548.0619898","TEST_100","100","0.499479383"
"2026-08-04 16:10:35.235 +07:00","548.7408811","TEST_100","100","0.49920994"
"2026-08-04 16:10:35.937 +07:00","549.4431505","TEST_100","100","0.498921454"
"2026-08-04 16:10:36.637 +07:00","550.1425767","TEST_100","100","0.498445362"
"2026-08-04 16:10:37.319 +07:00","550.8253962","TEST_100","100","0.497967482"
"2026-08-04 16:10:38.003 +07:00","551.50862139999992","TEST_100","100","0.497644365"
"2026-08-04 16:10:38.703 +07:00","552.2093487","TEST_100","100","0.497423351"
"2026-08-04 16:10:39.402 +07:00","552.907713","TEST_100","100","0.497355163"
"2026-08-04 16:10:40.483 +07:00","553.98948969999992","TEST_100","100","0.496428579"
"2026-08-04 16:10:41.183 +07:00","554.6893291","TEST_100","100","0.496129811"
"2026-08-04 16:10:41.867 +07:00","555.3733957","TEST_100","100","0.495859057"
"2026-08-04 16:10:42.550 +07:00","556.0562357","TEST_100","100","0.495280355"
"2026-08-04 16:10:43.234 +07:00","556.7400031","TEST_100","100","0.49442929"
"2026-08-04 16:10:43.934 +07:00","557.43976539999994","TEST_100","100","0.493963629"
"2026-08-04 16:10:44.615 +07:00","558.1213189","TEST_100","100","0.493208945"
"2026-08-04 16:10:45.299 +07:00","558.80528759999993","TEST_100","100","0.492512167"
"2026-08-04 16:10:46.000 +07:00","559.5058493","TEST_100","100","0.491833538"
"2026-08-04 16:10:46.699 +07:00","560.20554889999994","TEST_100","100","0.491389751"
"2026-08-04 16:10:47.778 +07:00","561.2840246","TEST_100","100","0.490696669"
"2026-08-04 16:10:48.480 +07:00","561.98648889999993","TEST_100","100","0.490492195"
"2026-08-04 16:10:49.162 +07:00","562.66787779999993","TEST_100","100","0.490690291"
"2026-08-04 16:10:49.847 +07:00","563.3531849","TEST_100","100","0.490660518"
"2026-08-04 16:10:50.528 +07:00","564.0345054","TEST_100","100","0.490760505"
"2026-08-04 16:10:51.215 +07:00","564.720888","TEST_100","100","0.490862995"
"2026-08-04 16:10:51.904 +07:00","565.4103586","TEST_100","100","0.490891695"
"2026-08-04 16:10:52.580 +07:00","566.0857626","TEST_100","100","0.490119606"
"2026-08-04 16:10:53.267 +07:00","566.77296919999992","TEST_100","100","0.489552408"
"2026-08-04 16:10:53.963 +07:00","567.46934179999994","TEST_100","100","0.488764852"
"2026-08-04 16:10:55.052 +07:00","568.5580939","TEST_100","100","0.486564785"
"2026-08-04 16:10:55.743 +07:00","569.24927059999993","TEST_100","100","0.484903395"
"2026-08-04 16:10:56.428 +07:00","569.93418739999993","TEST_100","100","0.483744919"
"2026-08-04 16:10:57.112 +07:00","570.61827829999993","TEST_100","100","0.481875747"
"2026-08-04 16:10:57.817 +07:00","571.3232233","TEST_100","100","0.480114311"
"2026-08-04 16:10:58.527 +07:00","572.0332198","TEST_100","100","0.478298247"
"2026-08-04 16:10:59.210 +07:00","572.7159038","TEST_100","100","0.476915777"
"2026-08-04 16:10:59.893 +07:00","573.3994005","TEST_100","100","0.475164026"
"2026-08-04 16:11:00.593 +07:00","574.0989394","TEST_100","100","0.473469257"
"2026-08-04 16:11:01.292 +07:00","574.7981781","TEST_100","100","0.471839815"
"2026-08-04 16:11:02.375 +07:00","575.8812342","TEST_100","100","0.468858242"
"2026-08-04 16:11:03.075 +07:00","576.580971","TEST_100","100","0.467566401"
"2026-08-04 16:11:03.758 +07:00","577.2643443","TEST_100","100","0.466440052"
"2026-08-04 16:11:04.441 +07:00","577.9469915","TEST_100","100","0.465325058"
"2026-08-04 16:11:05.139 +07:00","578.6451601","TEST_100","100","0.464291573"
"2026-08-04 16:11:05.840 +07:00","579.345868","TEST_100","100","0.46330753"
"2026-08-04 16:11:06.522 +07:00","580.0280534","TEST_100","100","0.462787926"
"2026-08-04 16:11:07.205 +07:00","580.7107665","TEST_100","100","0.462562859"
"2026-08-04 16:11:07.907 +07:00","581.4130129","TEST_100","100","0.462342501"
"2026-08-04 16:11:08.606 +07:00","582.1125601","TEST_100","100","0.461920172"
"2026-08-04 16:11:09.688 +07:00","583.1940041","TEST_100","100","0.461726487"
"2026-08-04 16:11:10.384 +07:00","583.8904542","TEST_100","100","0.461528122"
"2026-08-04 16:11:11.070 +07:00","584.5760402","TEST_100","100","0.461274922"
"2026-08-04 16:11:11.753 +07:00","585.25904229999992","TEST_100","100","0.461447895"
"2026-08-04 16:11:12.453 +07:00","585.95937229999993","TEST_100","100","0.461254448"
"2026-08-04 16:11:13.153 +07:00","586.6586221","TEST_100","100","0.460709989"
"2026-08-04 16:11:13.837 +07:00","587.3430175","TEST_100","100","0.460057318"
"2026-08-04 16:11:14.518 +07:00","588.0240907","TEST_100","100","0.459369332"
"2026-08-04 16:11:15.218 +07:00","588.72404","TEST_100","100","0.458913267"
"2026-08-04 16:11:15.918 +07:00","589.4245585","TEST_100","100","0.458476692"
"2026-08-04 16:11:17.001 +07:00","590.5070992","TEST_100","100","0.457336128"
"2026-08-04 16:11:17.701 +07:00","591.2074467","TEST_100","100","0.456852525"
"2026-08-04 16:11:18.382 +07:00","591.8877009","TEST_100","100","0.455949247"
"2026-08-04 16:11:19.066 +07:00","592.5716156","TEST_100","100","0.455620915"
"2026-08-04 16:11:19.750 +07:00","593.2556834","TEST_100","100","0.454842657"
"2026-08-04 16:11:20.448 +07:00","593.9542131","TEST_100","100","0.454738557"
"2026-08-04 16:11:21.132 +07:00","594.6376973","TEST_100","100","0.454712927"
"2026-08-04 16:11:21.813 +07:00","595.31932829999994","TEST_100","100","0.454532564"
"2026-08-04 16:11:22.514 +07:00","596.0203814","TEST_100","100","0.454198897"
"2026-08-04 16:11:23.197 +07:00","596.70325889999992","TEST_100","100","0.454067469"
"2026-08-04 16:11:24.280 +07:00","597.7858341","TEST_100","100","0.454327285"
"2026-08-04 16:11:24.963 +07:00","598.4687008","TEST_100","100","0.45452404"
"2026-08-04 16:11:25.645 +07:00","599.151533","TEST_100","100","0.454839945"
"2026-08-04 16:11:26.328 +07:00","599.8345194","TEST_100","100","0.45560199"
"2026-08-04 16:11:27.026 +07:00","600.5323502","TEST_100","100","0.455757767"
"2026-08-04 16:11:27.712 +07:00","601.21818239999993","TEST_100","100","0.456056178"
"2026-08-04 16:11:28.395 +07:00","601.9015567","TEST_100","100","0.456633985"
"2026-08-04 16:11:29.095 +07:00","602.6012132","TEST_100","100","0.457029969"
"2026-08-04 16:11:29.795 +07:00","603.3011183","TEST_100","100","0.457513183"
"2026-08-04 16:11:30.483 +07:00","603.98918559999993","TEST_100","100","0.45777908"
"2026-08-04 16:11:31.562 +07:00","605.0677287","TEST_100","100","0.459084034"
"2026-08-04 16:11:32.244 +07:00","605.74966039999993","TEST_100","100","0.459388822"
"2026-08-04 16:11:32.926 +07:00","606.4321142","TEST_100","100","0.459844053"
"2026-08-04 16:11:33.609 +07:00","607.1154894","TEST_100","100","0.460409403"
"2026-08-04 16:11:34.308 +07:00","607.81393889999993","TEST_100","100","0.461369276"
"2026-08-04 16:11:34.992 +07:00","608.497699","TEST_100","100","0.461699307"
"2026-08-04 16:11:35.675 +07:00","609.1806719","TEST_100","100","0.462023109"
"2026-08-04 16:11:36.373 +07:00","609.8790455","TEST_100","100","0.462327659"
"2026-08-04 16:11:37.059 +07:00","610.5655595","TEST_100","100","0.46275267"
"2026-08-04 16:11:37.742 +07:00","611.2482546","TEST_100","100","0.463043511"
"2026-08-04 16:11:38.824 +07:00","612.3297474","TEST_100","100","0.463501155"
"2026-08-04 16:11:39.507 +07:00","613.0128929","TEST_100","100","0.46380353"
"2026-08-04 16:11:40.190 +07:00","613.6960563","TEST_100","100","0.463936716"
"2026-08-04 16:11:40.890 +07:00","614.3957715","TEST_100","100","0.463417381"
"2026-08-04 16:11:41.572 +07:00","615.0783811","TEST_100","100","0.463442713"
"2026-08-04 16:11:42.255 +07:00","615.7608634","TEST_100","100","0.463646024"
"2026-08-04 16:11:42.938 +07:00","616.4444168","TEST_100","100","0.463247597"
"2026-08-04 16:11:43.638 +07:00","617.144087","TEST_100","100","0.463118255"
"2026-08-04 16:11:44.319 +07:00","617.8252618","TEST_100","100","0.462828577"
"2026-08-04 16:11:45.004 +07:00","618.51014479999992","TEST_100","100","0.462438285"
"2026-08-04 16:11:46.086 +07:00","619.5917225","TEST_100","100","0.461413771"
"2026-08-04 16:11:46.770 +07:00","620.2764364","TEST_100","100","0.460870028"
"2026-08-04 16:11:47.453 +07:00","620.9590429","TEST_100","100","0.460664183"
"2026-08-04 16:11:48.150 +07:00","621.65655629999992","TEST_100","100","0.460994422"
"2026-08-04 16:11:48.836 +07:00","622.3420193","TEST_100","100","0.46168380999999997"
"2026-08-04 16:11:49.518 +07:00","623.02456599999994","TEST_100","100","0.463295132"
"2026-08-04 16:11:50.217 +07:00","623.7232094","TEST_100","100","0.465103328"
"2026-08-04 16:11:50.916 +07:00","624.422563","TEST_100","100","0.467442989"
"2026-08-04 16:11:51.601 +07:00","625.1068932","TEST_100","100","0.47004205"
"2026-08-04 16:11:52.283 +07:00","625.7887323","TEST_100","100","0.472748995"
"2026-08-04 16:11:53.368 +07:00","626.8741208","TEST_100","100","0.47828728"
"2026-08-04 16:11:54.050 +07:00","627.555576","TEST_100","100","0.48086381"
"2026-08-04 16:11:54.750 +07:00","628.2557915","TEST_100","100","0.483028501"
"2026-08-04 16:11:55.447 +07:00","628.9527955","TEST_100","100","0.484528393"
"2026-08-04 16:11:56.132 +07:00","629.63762669999994","TEST_100","100","0.485480487"
"2026-08-04 16:11:56.814 +07:00","630.31980979999992","TEST_100","100","0.48562336"
"2026-08-04 16:11:57.517 +07:00","631.0227876","TEST_100","100","0.485271752"
"2026-08-04 16:11:58.214 +07:00","631.7200759","TEST_100","100","0.484602302"
"2026-08-04 16:11:58.897 +07:00","632.4035486","TEST_100","100","0.483672768"
"2026-08-04 16:11:59.581 +07:00","633.0869679","TEST_100","100","0.482220352"
"2026-08-04 16:12:00.664 +07:00","634.1698635","TEST_100","100","0.478803396"
"2026-08-04 16:12:01.346 +07:00","634.8516243","TEST_100","100","0.476397038"
"2026-08-04 16:12:02.044 +07:00","635.5505432","TEST_100","100","0.473887056"
"2026-08-04 16:12:02.730 +07:00","636.2357521","TEST_100","100","0.471760511"
"2026-08-04 16:12:03.411 +07:00","636.9174687","TEST_100","100","0.469156832"
"2026-08-04 16:12:04.096 +07:00","637.6016609","TEST_100","100","0.466552585"
"2026-08-04 16:12:04.796 +07:00","638.30177659999993","TEST_100","100","0.46392864"
"2026-08-04 16:12:05.477 +07:00","638.98270389999993","TEST_100","100","0.461353868"
"2026-08-04 16:12:06.160 +07:00","639.66581639999993","TEST_100","100","0.459445477"
"2026-08-04 16:12:06.859 +07:00","640.3649035","TEST_100","100","0.457557768"
"2026-08-04 16:12:07.942 +07:00","641.44770729999993","TEST_100","100","0.454791605"
"2026-08-04 16:12:08.625 +07:00","642.1311443","TEST_100","100","0.453920424"
"2026-08-04 16:12:09.326 +07:00","642.83218849999992","TEST_100","100","0.45308885"
"2026-08-04 16:12:10.024 +07:00","643.5296778","TEST_100","100","0.452943861"
"2026-08-04 16:12:10.709 +07:00","644.21549329999993","TEST_100","100","0.453148514"
"2026-08-04 16:12:11.408 +07:00","644.914546","TEST_100","100","0.453519166"
"2026-08-04 16:12:12.107 +07:00","645.6126157","TEST_100","100","0.454638422"
"2026-08-04 16:12:12.790 +07:00","646.2956757","TEST_100","100","0.456033051"
"2026-08-04 16:12:13.473 +07:00","646.9792867","TEST_100","100","0.456799269"
"2026-08-04 16:12:14.174 +07:00","647.67981009999994","TEST_100","100","0.457655668"
"2026-08-04 16:12:15.258 +07:00","648.7636729","TEST_100","100","0.459276736"
"2026-08-04 16:12:15.940 +07:00","649.4461169","TEST_100","100","0.459740728"
"2026-08-04 16:12:16.638 +07:00","650.1443667","TEST_100","100","0.460218996"
"2026-08-04 16:12:17.336 +07:00","650.8420856","TEST_100","100","0.459987879"
"2026-08-04 16:12:18.021 +07:00","651.5269258","TEST_100","100","0.460258901"
"2026-08-04 16:12:18.704 +07:00","652.2103426","TEST_100","100","0.459830433"
"2026-08-04 16:12:19.405 +07:00","652.9106916","TEST_100","100","0.4597826"
"2026-08-04 16:12:20.085 +07:00","653.5914749","TEST_100","100","0.459534347"
"2026-08-04 16:12:20.770 +07:00","654.27605929999993","TEST_100","100","0.459145397"
"2026-08-04 16:12:21.454 +07:00","654.9599723","TEST_100","100","0.458860338"
"2026-08-04 16:12:22.536 +07:00","656.0421369","TEST_100","100","0.458943546"
"2026-08-04 16:12:23.219 +07:00","656.72495259999994","TEST_100","100","0.458809197"
"2026-08-04 16:12:23.917 +07:00","657.42350149999993","TEST_100","100","0.459156364"
"2026-08-04 16:12:24.602 +07:00","658.1081335","TEST_100","100","0.458916277"
"2026-08-04 16:12:25.285 +07:00","658.79058249999991","TEST_100","100","0.458776295"
"2026-08-04 16:12:25.984 +07:00","659.4901757","TEST_100","100","0.458227396"
"2026-08-04 16:12:26.683 +07:00","660.1895185","TEST_100","100","0.457972139"
"2026-08-04 16:12:27.365 +07:00","660.8715419","TEST_100","100","0.457714409"
"2026-08-04 16:12:28.049 +07:00","661.5546677","TEST_100","100","0.457275957"
"2026-08-04 16:12:28.749 +07:00","662.2554913","TEST_100","100","0.456193596"
"2026-08-04 16:12:29.832 +07:00","663.3381843","TEST_100","100","0.455228388"
"2026-08-04 16:12:30.530 +07:00","664.035702","TEST_100","100","0.454657793"
"2026-08-04 16:12:31.215 +07:00","664.72074209999994","TEST_100","100","0.454384893"
"2026-08-04 16:12:31.897 +07:00","665.4030043","TEST_100","100","0.45424518"
"2026-08-04 16:12:32.580 +07:00","666.08565779999992","TEST_100","100","0.453891098"
"2026-08-04 16:12:33.282 +07:00","666.788451","TEST_100","100","0.454096377"
"2026-08-04 16:12:33.980 +07:00","667.4864742","TEST_100","100","0.454475731"
"2026-08-04 16:12:34.661 +07:00","668.16738109999994","TEST_100","100","0.454907566"
"2026-08-04 16:12:35.346 +07:00","668.85238729999992","TEST_100","100","0.455517381"
"2026-08-04 16:12:36.045 +07:00","669.550884","TEST_100","100","0.456535995"
"2026-08-04 16:12:37.127 +07:00","670.6332298","TEST_100","100","0.45731768"
"2026-08-04 16:12:37.827 +07:00","671.3334942","TEST_100","100","0.457668126"
"2026-08-04 16:12:38.529 +07:00","672.0348514","TEST_100","100","0.457694679"
"2026-08-04 16:12:39.211 +07:00","672.716731","TEST_100","100","0.457754195"
"2026-08-04 16:12:39.893 +07:00","673.3994989","TEST_100","100","0.457833767"
"2026-08-04 16:12:40.592 +07:00","674.0982895","TEST_100","100","0.457801878"
"2026-08-04 16:12:41.276 +07:00","674.78257009999993","TEST_100","100","0.457125515"
"2026-08-04 16:12:41.957 +07:00","675.4634605","TEST_100","100","0.456411183"
"2026-08-04 16:12:42.644 +07:00","676.15012319999994","TEST_100","100","0.455069959"
"2026-08-04 16:12:43.341 +07:00","676.84747859999993","TEST_100","100","0.45434624"
"2026-08-04 16:12:44.424 +07:00","677.9305496","TEST_100","100","0.452408701"
"2026-08-04 16:12:45.131 +07:00","678.6369394","TEST_100","100","0.452111661"
"2026-08-04 16:12:45.823 +07:00","679.3294909","TEST_100","100","0.451094687"
"2026-08-04 16:12:46.507 +07:00","680.0130628","TEST_100","100","0.449662536"
"2026-08-04 16:12:47.189 +07:00","680.69538849999992","TEST_100","100","0.448800325"
"2026-08-04 16:12:47.890 +07:00","681.3963243","TEST_100","100","0.448559582"
"2026-08-04 16:12:48.589 +07:00","682.09487719999993","TEST_100","100","0.448343694"
"2026-08-04 16:12:49.271 +07:00","682.7772997","TEST_100","100","0.448221922"
"2026-08-04 16:12:49.957 +07:00","683.4628662","TEST_100","100","0.448116958"
"2026-08-04 16:12:50.655 +07:00","684.1611977","TEST_100","100","0.447919995"
"2026-08-04 16:12:51.738 +07:00","685.2443363","TEST_100","100","0.447206974"
"2026-08-04 16:12:52.436 +07:00","685.9416919","TEST_100","100","0.447489351"
"2026-08-04 16:12:53.136 +07:00","686.6423278","TEST_100","100","0.447664261"
"2026-08-04 16:12:53.820 +07:00","687.326233","TEST_100","100","0.447423607"
"2026-08-04 16:12:54.505 +07:00","688.01091739999993","TEST_100","100","0.447108209"
"2026-08-04 16:12:55.203 +07:00","688.7090128","TEST_100","100","0.446886301"
"2026-08-04 16:12:55.886 +07:00","689.3920686","TEST_100","100","0.446435452"
"2026-08-04 16:12:56.569 +07:00","690.074991","TEST_100","100","0.446501106"
"2026-08-04 16:12:57.255 +07:00","690.7615549","TEST_100","100","0.446693122"
"2026-08-04 16:12:57.952 +07:00","691.4579345","TEST_100","100","0.446470916"
"2026-08-04 16:12:59.034 +07:00","692.5396677","TEST_100","100","0.44672513"
"2026-08-04 16:12:59.734 +07:00","693.2398246","TEST_100","100","0.446724474"
"2026-08-04 16:13:00.416 +07:00","693.92222299999992","TEST_100","100","0.446941555"
"2026-08-04 16:13:01.100 +07:00","694.6060993","TEST_100","100","0.447315782"
"2026-08-04 16:13:01.784 +07:00","695.289906","TEST_100","100","0.447412491"
"2026-08-04 16:13:02.483 +07:00","695.989162","TEST_100","100","0.447463274"
"2026-08-04 16:13:03.181 +07:00","696.6869663","TEST_100","100","0.447092146"
"2026-08-04 16:13:03.866 +07:00","697.37161859999992","TEST_100","100","0.446632773"
"2026-08-04 16:13:04.549 +07:00","698.05461889999992","TEST_100","100","0.446638286"
"2026-08-04 16:13:05.248 +07:00","698.7542793","TEST_100","100","0.445828378"
"2026-08-04 16:13:06.332 +07:00","699.8381822","TEST_100","100","0.444749504"
"2026-08-04 16:13:07.031 +07:00","700.53727689999994","TEST_100","100","0.443523705"
"2026-08-04 16:13:07.731 +07:00","701.23665169999992","TEST_100","100","0.442114264"
"2026-08-04 16:13:08.412 +07:00","701.9181522","TEST_100","100","0.44082126"
"2026-08-04 16:13:09.095 +07:00","702.60117859999991","TEST_100","100","0.439554363"
"2026-08-04 16:13:09.795 +07:00","703.3007633","TEST_100","100","0.438185871"
"2026-08-04 16:13:10.479 +07:00","703.9852606","TEST_100","100","0.436689615"
"2026-08-04 16:13:11.162 +07:00","704.66788139999994","TEST_100","100","0.43486318"
"2026-08-04 16:13:11.859 +07:00","705.3653168","TEST_100","100","0.433418423"
"2026-08-04 16:13:12.561 +07:00","706.0674268","TEST_100","100","0.431856066"
"2026-08-04 16:13:13.643 +07:00","707.1493786","TEST_100","100","0.428275198"
"2026-08-04 16:13:14.344 +07:00","707.8498907","TEST_100","100","0.426855147"
"2026-08-04 16:13:15.043 +07:00","708.54935719999992","TEST_100","100","0.425368935"
"2026-08-04 16:13:15.718 +07:00","709.2238566","TEST_100","100","0.424047798"
"2026-08-04 16:13:16.403 +07:00","709.9094278","TEST_100","100","0.422730446"
"2026-08-04 16:13:17.076 +07:00","710.58185029999993","TEST_100","100","0.421538979"
"2026-08-04 16:13:17.775 +07:00","711.2808478","TEST_100","100","0.420489848"
"2026-08-04 16:13:18.453 +07:00","711.9592576","TEST_100","100","0.419110388"
"2026-08-04 16:13:19.150 +07:00","712.65607249999994","TEST_100","100","0.418226004"
"2026-08-04 16:13:19.834 +07:00","713.3402854","TEST_100","100","0.41724667"
"2026-08-04 16:13:20.911 +07:00","714.4171314","TEST_100","100","0.415368229"
"2026-08-04 16:13:21.596 +07:00","715.10251469999992","TEST_100","100","0.414509356"
"2026-08-04 16:13:22.300 +07:00","715.80587719999994","TEST_100","100","0.413542986"
"2026-08-04 16:13:22.984 +07:00","716.4898721","TEST_100","100","0.412611634"
"2026-08-04 16:13:23.680 +07:00","717.18648339999993","TEST_100","100","0.411670387"
"2026-08-04 16:13:24.376 +07:00","717.8818271","TEST_100","100","0.410902977"
"2026-08-04 16:13:25.071 +07:00","718.5767373","TEST_100","100","0.410475492"
"2026-08-04 16:13:25.755 +07:00","719.26153149999993","TEST_100","100","0.409706354"
"2026-08-04 16:13:26.452 +07:00","719.95821319999993","TEST_100","100","0.408982038"
"2026-08-04 16:13:27.156 +07:00","720.66247279999993","TEST_100","100","0.40798825"
"2026-08-04 16:13:28.238 +07:00","721.74455119999993","TEST_100","100","0.406128496"
"2026-08-04 16:13:28.935 +07:00","722.4408215","TEST_100","100","0.405390978"
"2026-08-04 16:13:29.614 +07:00","723.1201077","TEST_100","100","0.404760122"
"2026-08-04 16:13:30.309 +07:00","723.8147533","TEST_100","100","0.404270321"
"2026-08-04 16:13:31.002 +07:00","724.5078555","TEST_100","100","0.403593689"
"2026-08-04 16:13:31.696 +07:00","725.2025705","TEST_100","100","0.403178036"
"2026-08-04 16:13:32.390 +07:00","725.8963289","TEST_100","100","0.402885616"
"2026-08-04 16:13:33.069 +07:00","726.57488649999993","TEST_100","100","0.402645051"
"2026-08-04 16:13:33.759 +07:00","727.26483339999993","TEST_100","100","0.402788252"
"2026-08-04 16:13:34.443 +07:00","727.94908779999992","TEST_100","100","0.403030217"
"2026-08-04 16:13:35.525 +07:00","729.03072739999993","TEST_100","100","0.403420985"
"2026-08-04 16:13:36.208 +07:00","729.71455529999992","TEST_100","100","0.403670847"
"2026-08-04 16:13:36.899 +07:00","730.4049231","TEST_100","100","0.403559923"
"2026-08-04 16:13:37.584 +07:00","731.0898004","TEST_100","100","0.40362674"
"2026-08-04 16:13:38.269 +07:00","731.7747915","TEST_100","100","0.40350318"
"2026-08-04 16:13:38.962 +07:00","732.4684388","TEST_100","100","0.403168201"
"2026-08-04 16:13:39.643 +07:00","733.1487261","TEST_100","100","0.402898878"
"2026-08-04 16:13:40.329 +07:00","733.8349761","TEST_100","100","0.402534157"
"2026-08-04 16:13:41.019 +07:00","734.5246874","TEST_100","100","0.401892424"
"2026-08-04 16:13:41.709 +07:00","735.2149119","TEST_100","100","0.401151747"
"2026-08-04 16:13:42.788 +07:00","736.29453319999993","TEST_100","100","0.399781287"
"2026-08-04 16:13:43.479 +07:00","736.98485099999994","TEST_100","100","0.399154365"
"2026-08-04 16:13:44.163 +07:00","737.66857499999992","TEST_100","100","0.398361534"
"2026-08-04 16:13:44.843 +07:00","738.3493379","TEST_100","100","0.397316992"
"2026-08-04 16:13:45.522 +07:00","739.02776959999994","TEST_100","100","0.396686792"
"2026-08-04 16:13:46.196 +07:00","739.7020487","TEST_100","100","0.395770609"
"2026-08-04 16:13:46.892 +07:00","740.3979653","TEST_100","100","0.394901484"
"2026-08-04 16:13:47.559 +07:00","741.0650598","TEST_100","100","0.394275069"
"2026-08-04 16:13:48.266 +07:00","741.77239049999991","TEST_100","100","0.393836677"
"2026-08-04 16:13:48.942 +07:00","742.4478429","TEST_100","100","0.393582702"
"2026-08-04 16:13:50.026 +07:00","743.5318674","TEST_100","100","0.391756475"
"2026-08-04 16:13:50.707 +07:00","744.2131267","TEST_100","100","0.390945077"
"2026-08-04 16:13:51.369 +07:00","744.8753829","TEST_100","100","0.390034944"
"2026-08-04 16:13:52.078 +07:00","745.5840529","TEST_100","100","0.388900995"
"2026-08-04 16:13:52.776 +07:00","746.281857","TEST_100","100","0.387855768"
"2026-08-04 16:13:53.484 +07:00","746.99029639999992","TEST_100","100","0.386577696"
"2026-08-04 16:13:54.160 +07:00","747.6662152","TEST_100","100","0.385149777"
"2026-08-04 16:13:54.822 +07:00","748.32816959999991","TEST_100","100","0.383688956"
"2026-08-04 16:13:55.513 +07:00","749.0186413","TEST_100","100","0.381781042"
"2026-08-04 16:13:56.198 +07:00","749.703616","TEST_100","100","0.380430818"
"2026-08-04 16:13:57.276 +07:00","750.7822504","TEST_100","100","0.378496647"
"2026-08-04 16:13:57.963 +07:00","751.4694936","TEST_100","100","0.377364039"
"2026-08-04 16:13:58.656 +07:00","752.1620663","TEST_100","100","0.376350224"
"2026-08-04 16:13:59.332 +07:00","752.8381218","TEST_100","100","0.375354201"
"2026-08-04 16:14:00.007 +07:00","753.5134211","TEST_100","100","0.374503762"
"2026-08-04 16:14:00.703 +07:00","754.2091329","TEST_100","100","0.373835087"
"2026-08-04 16:14:01.373 +07:00","754.8793638","TEST_100","100","0.37293458"
"2026-08-04 16:14:02.053 +07:00","755.5587207","TEST_100","100","0.372269005"
"2026-08-04 16:14:02.748 +07:00","756.2536586","TEST_100","100","0.371720701"
"2026-08-04 16:14:03.433 +07:00","756.9395558","TEST_100","100","0.371674538"
"2026-08-04 16:14:04.509 +07:00","758.0151098","TEST_100","100","0.370942712"
"2026-08-04 16:14:05.194 +07:00","758.6997031","TEST_100","100","0.370935768"
"2026-08-04 16:14:05.883 +07:00","759.38873649999994","TEST_100","100","0.37129721"
"2026-08-04 16:14:06.566 +07:00","760.0717204","TEST_100","100","0.3715927"
"2026-08-04 16:14:07.257 +07:00","760.7627","TEST_100","100","0.371895403"
"2026-08-04 16:14:07.938 +07:00","761.4438774","TEST_100","100","0.372641504"
"2026-08-04 16:14:08.629 +07:00","762.1351221","TEST_100","100","0.372913986"
"2026-08-04 16:14:09.312 +07:00","762.8182389","TEST_100","100","0.373302877"
"2026-08-04 16:14:09.991 +07:00","763.4967696","TEST_100","100","0.373245776"
"2026-08-04 16:14:10.700 +07:00","764.2059052","TEST_100","100","0.373177707"
"2026-08-04 16:14:11.780 +07:00","765.2863245","TEST_100","100","0.373016179"
"2026-08-04 16:14:12.462 +07:00","765.9681939","TEST_100","100","0.372871459"
"2026-08-04 16:14:13.140 +07:00","766.6461271","TEST_100","100","0.372899085"
"2026-08-04 16:14:13.833 +07:00","767.3391144","TEST_100","100","0.372823626"
"2026-08-04 16:14:14.538 +07:00","768.044056","TEST_100","100","0.372495115"
"2026-08-04 16:14:15.208 +07:00","768.7143105","TEST_100","100","0.37255162"
"2026-08-04 16:14:15.899 +07:00","769.40526679999994","TEST_100","100","0.372411579"
"2026-08-04 16:14:16.597 +07:00","770.1027346","TEST_100","100","0.37205416"
"2026-08-04 16:14:17.266 +07:00","770.77238749999992","TEST_100","100","0.371747464"
"2026-08-04 16:14:17.952 +07:00","771.45791969999993","TEST_100","100","0.371704638"
"2026-08-04 16:14:19.034 +07:00","772.5401034","TEST_100","100","0.370019287"
"2026-08-04 16:14:19.708 +07:00","773.21412409999994","TEST_100","100","0.368950069"
"2026-08-04 16:14:20.384 +07:00","773.8901784","TEST_100","100","0.367873162"
"2026-08-04 16:14:21.073 +07:00","774.5791793","TEST_100","100","0.366788685"
"2026-08-04 16:14:21.752 +07:00","775.25783089999993","TEST_100","100","0.365571916"
"2026-08-04 16:14:22.444 +07:00","775.9504231","TEST_100","100","0.364284664"
"2026-08-04 16:14:23.137 +07:00","776.64281139999991","TEST_100","100","0.363536894"
"2026-08-04 16:14:23.814 +07:00","777.3203734","TEST_100","100","0.362852961"
"2026-08-04 16:14:24.521 +07:00","778.0271106","TEST_100","100","0.36145395"
"2026-08-04 16:14:25.190 +07:00","778.69622659999993","TEST_100","100","0.36058861"
"2026-08-04 16:14:26.281 +07:00","779.7871594","TEST_100","100","0.359634548"
"2026-08-04 16:14:26.965 +07:00","780.4711245","TEST_100","100","0.35925886"
"2026-08-04 16:14:27.670 +07:00","781.1764449","TEST_100","100","0.358841717"
"2026-08-04 16:14:28.370 +07:00","781.8765393","TEST_100","100","0.358813941"
"2026-08-04 16:14:29.048 +07:00","782.55428299999994","TEST_100","100","0.358839601"
"2026-08-04 16:14:29.755 +07:00","783.2607853","TEST_100","100","0.358633965"
"2026-08-04 16:14:30.432 +07:00","783.93760149999991","TEST_100","100","0.358370721"
"2026-08-04 16:14:31.115 +07:00","784.6208639","TEST_100","100","0.358692259"
"2026-08-04 16:14:31.794 +07:00","785.299756","TEST_100","100","0.359021008"
"2026-08-04 16:14:32.491 +07:00","785.99736139999993","TEST_100","100","0.359050751"
"2026-08-04 16:14:33.572 +07:00","787.0778674","TEST_100","100","0.359387219"
"2026-08-04 16:14:34.254 +07:00","787.7600804","TEST_100","100","0.359630764"
"2026-08-04 16:14:34.942 +07:00","788.448192","TEST_100","100","0.359577507"
"2026-08-04 16:14:35.635 +07:00","789.1414591","TEST_100","100","0.359722495"
"2026-08-04 16:14:36.310 +07:00","789.8165394","TEST_100","100","0.359948307"
"2026-08-04 16:14:36.994 +07:00","790.49961609999991","TEST_100","100","0.360246956"
"2026-08-04 16:14:37.687 +07:00","791.1930391","TEST_100","100","0.359967291"
"2026-08-04 16:14:38.370 +07:00","791.8755744","TEST_100","100","0.360338897"
"2026-08-04 16:14:39.063 +07:00","792.5688686","TEST_100","100","0.360775411"
"2026-08-04 16:14:39.752 +07:00","793.25786699999992","TEST_100","100","0.361424327"
"2026-08-04 16:14:40.834 +07:00","794.339579","TEST_100","100","0.362903684"
"2026-08-04 16:14:41.532 +07:00","795.03761709999992","TEST_100","100","0.363955945"
"2026-08-04 16:14:42.211 +07:00","795.716648","TEST_100","100","0.364893615"
"2026-08-04 16:14:42.905 +07:00","796.4105786","TEST_100","100","0.365692973"
"2026-08-04 16:14:43.596 +07:00","797.10200509999993","TEST_100","100","0.366512358"
"2026-08-04 16:14:44.264 +07:00","797.7704319","TEST_100","100","0.36787051"
"2026-08-04 16:14:44.958 +07:00","798.4636415","TEST_100","100","0.368620098"
"2026-08-04 16:14:45.648 +07:00","799.15394859999992","TEST_100","100","0.369362026"
"2026-08-04 16:14:46.339 +07:00","799.8451289","TEST_100","100","0.370630831"
"2026-08-04 16:14:47.009 +07:00","800.51527679999992","TEST_100","100","0.371381938"
"2026-08-04 16:14:48.091 +07:00","801.5968709","TEST_100","100","0.373470604"
"2026-08-04 16:14:48.781 +07:00","802.2868446","TEST_100","100","0.37441951"
"2026-08-04 16:14:49.475 +07:00","802.9811377","TEST_100","100","0.375410765"
"2026-08-04 16:14:50.189 +07:00","803.6948625","TEST_100","100","0.376274079"
"2026-08-04 16:14:50.865 +07:00","804.3708942","TEST_100","100","0.377050132"
"2026-08-04 16:14:51.560 +07:00","805.0662274","TEST_100","100","0.377878129"
"2026-08-04 16:14:52.234 +07:00","805.73958329999994","TEST_100","100","0.378743112"
"2026-08-04 16:14:52.934 +07:00","806.4403747","TEST_100","100","0.378840655"
"2026-08-04 16:14:53.623 +07:00","807.1294947","TEST_100","100","0.379751414"
"2026-08-04 16:14:54.309 +07:00","807.8154177","TEST_100","100","0.380130112"
"2026-08-04 16:14:55.392 +07:00","808.8982545","TEST_100","100","0.380764306"
"2026-08-04 16:14:56.085 +07:00","809.59092609999993","TEST_100","100","0.381240517"
"2026-08-04 16:14:56.761 +07:00","810.26707379999993","TEST_100","100","0.381690502"
"2026-08-04 16:14:57.459 +07:00","810.9651507","TEST_100","100","0.382186919"
"2026-08-04 16:14:58.137 +07:00","811.6430624","TEST_100","100","0.382764518"
"2026-08-04 16:14:58.827 +07:00","812.3328905","TEST_100","100","0.382897556"
"2026-08-04 16:14:59.519 +07:00","813.02534129999992","TEST_100","100","0.383237869"
"2026-08-04 16:15:00.189 +07:00","813.6954066","TEST_100","100","0.382954627"
"2026-08-04 16:15:00.881 +07:00","814.38754629999994","TEST_100","100","0.383002132"
"2026-08-04 16:15:01.589 +07:00","815.0946332","TEST_100","100","0.383176416"
"2026-08-04 16:15:02.655 +07:00","816.16112049999992","TEST_100","100","0.383075118"
"2026-08-04 16:15:03.337 +07:00","816.84292039999991","TEST_100","100","0.383395851"
"2026-08-04 16:15:04.047 +07:00","817.5531565","TEST_100","100","0.383511066"
"2026-08-04 16:15:04.723 +07:00","818.2293241","TEST_100","100","0.383351028"
"2026-08-04 16:15:05.431 +07:00","818.9372688","TEST_100","100","0.383466452"
"2026-08-04 16:15:06.115 +07:00","819.62134929999991","TEST_100","100","0.383362859"
"2026-08-04 16:15:06.806 +07:00","820.3120248","TEST_100","100","0.383361489"
"2026-08-04 16:15:07.505 +07:00","821.0114598","TEST_100","100","0.383229494"
"2026-08-04 16:15:08.197 +07:00","821.70286019999992","TEST_100","100","0.382966459"
"2026-08-04 16:15:08.888 +07:00","822.39375699999994","TEST_100","100","0.382935911"
"2026-08-04 16:15:09.956 +07:00","823.461952","TEST_100","100","0.382753313"
"2026-08-04 16:15:10.650 +07:00","824.1558772","TEST_100","100","0.382734746"
"2026-08-04 16:15:11.318 +07:00","824.82360699999992","TEST_100","100","0.382706821"
"2026-08-04 16:15:12.009 +07:00","825.5150691","TEST_100","100","0.382942051"
"2026-08-04 16:15:12.716 +07:00","826.22191479999992","TEST_100","100","0.383009613"
"2026-08-04 16:15:13.384 +07:00","826.8898924","TEST_100","100","0.383087993"
"2026-08-04 16:15:14.078 +07:00","827.58415189999994","TEST_100","100","0.3833341"
"2026-08-04 16:15:14.770 +07:00","828.27595339999993","TEST_100","100","0.383544356"
"2026-08-04 16:15:15.474 +07:00","828.98029509999992","TEST_100","100","0.383616894"
"2026-08-04 16:15:16.159 +07:00","829.66504709999992","TEST_100","100","0.383435875"
"2026-08-04 16:15:17.242 +07:00","830.7484876","TEST_100","100","0.383143663"
"2026-08-04 16:15:17.933 +07:00","831.4389446","TEST_100","100","0.382884234"
"2026-08-04 16:15:18.613 +07:00","832.11897249999993","TEST_100","100","0.382357985"
"2026-08-04 16:15:19.281 +07:00","832.7866313","TEST_100","100","0.381792605"
"2026-08-04 16:15:19.971 +07:00","833.4768351","TEST_100","100","0.381068289"
"2026-08-04 16:15:20.663 +07:00","834.1689665","TEST_100","100","0.380305678"
"2026-08-04 16:15:21.336 +07:00","834.84242469999992","TEST_100","100","0.379272521"
"2026-08-04 16:15:22.008 +07:00","835.514282","TEST_100","100","0.378129184"
"2026-08-04 16:15:22.700 +07:00","836.2057932","TEST_100","100","0.376818746"
"2026-08-04 16:15:23.397 +07:00","836.90264949999994","TEST_100","100","0.375406712"
"2026-08-04 16:15:24.480 +07:00","837.9857129","TEST_100","100","0.37290138"
"2026-08-04 16:15:25.173 +07:00","838.6791139","TEST_100","100","0.371510535"
"2026-08-04 16:15:25.860 +07:00","839.3664024","TEST_100","100","0.370196044"
"2026-08-04 16:15:26.560 +07:00","840.06615779999993","TEST_100","100","0.369001567"
"2026-08-04 16:15:27.240 +07:00","840.74637409999991","TEST_100","100","0.367710739"
"2026-08-04 16:15:27.934 +07:00","841.43994","TEST_100","100","0.366570085"
"2026-08-04 16:15:28.620 +07:00","842.1261446","TEST_100","100","0.365492195"
"2026-08-04 16:15:29.300 +07:00","842.8062609","TEST_100","100","0.364300787"
"2026-08-04 16:15:29.986 +07:00","843.4915814","TEST_100","100","0.363190919"
"2026-08-04 16:15:30.680 +07:00","844.18608499999993","TEST_100","100","0.362181455"
"2026-08-04 16:15:31.762 +07:00","845.268412","TEST_100","100","0.359516919"
"2026-08-04 16:15:32.458 +07:00","845.963575","TEST_100","100","0.358282477"
"2026-08-04 16:15:33.150 +07:00","846.65601499999991","TEST_100","100","0.357098639"
"2026-08-04 16:15:33.830 +07:00","847.3359987","TEST_100","100","0.355736524"
"2026-08-04 16:15:34.522 +07:00","848.0281094","TEST_100","100","0.35428381"
"2026-08-04 16:15:35.210 +07:00","848.7162202","TEST_100","100","0.353107393"
"2026-08-04 16:15:35.910 +07:00","849.41610719999994","TEST_100","100","0.352097809"
"2026-08-04 16:15:36.590 +07:00","850.09600119999993","TEST_100","100","0.350684375"
"2026-08-04 16:15:37.286 +07:00","850.791926","TEST_100","100","0.349741727"
"2026-08-04 16:15:37.976 +07:00","851.4821301","TEST_100","100","0.348446906"
"2026-08-04 16:15:39.056 +07:00","852.56240129999992","TEST_100","100","0.347172439"
"2026-08-04 16:15:39.750 +07:00","853.256143","TEST_100","100","0.346627891"
"2026-08-04 16:15:40.454 +07:00","853.95998309999993","TEST_100","100","0.346292436"
"2026-08-04 16:15:41.140 +07:00","854.64645509999991","TEST_100","100","0.3465828"
"2026-08-04 16:15:41.835 +07:00","855.34103499999992","TEST_100","100","0.346341848"
"2026-08-04 16:15:42.520 +07:00","856.02598879999994","TEST_100","100","0.345789701"
"2026-08-04 16:15:43.214 +07:00","856.72002379999992","TEST_100","100","0.346590638"
"2026-08-04 16:15:43.890 +07:00","857.3963626","TEST_100","100","0.346751392"
"2026-08-04 16:15:44.580 +07:00","858.08613329999991","TEST_100","100","0.34749794"
"2026-08-04 16:15:45.264 +07:00","858.77047069999992","TEST_100","100","0.34737587"
"2026-08-04 16:15:46.346 +07:00","859.8518805","TEST_100","100","0.347937882"
"2026-08-04 16:15:47.036 +07:00","860.54215119999992","TEST_100","100","0.348091185"
"2026-08-04 16:15:47.730 +07:00","861.23607629999992","TEST_100","100","0.347980678"
"2026-08-04 16:15:48.417 +07:00","861.9231096","TEST_100","100","0.348247379"
"2026-08-04 16:15:49.108 +07:00","862.6138525","TEST_100","100","0.349053681"
"2026-08-04 16:15:49.812 +07:00","863.31832179999992","TEST_100","100","0.348606259"
"2026-08-04 16:15:50.490 +07:00","863.99612789999992","TEST_100","100","0.349043071"
"2026-08-04 16:15:51.163 +07:00","864.6691397","TEST_100","100","0.34936294"
"2026-08-04 16:15:51.865 +07:00","865.3715429","TEST_100","100","0.350073218"
"2026-08-04 16:15:52.547 +07:00","866.053446","TEST_100","100","0.350508094"
"2026-08-04 16:15:53.648 +07:00","867.1542578","TEST_100","100","0.351493925"
"2026-08-04 16:15:54.335 +07:00","867.84122819999993","TEST_100","100","0.351883322"
"2026-08-04 16:15:55.032 +07:00","868.53781429999992","TEST_100","100","0.352356732"
"2026-08-04 16:15:55.733 +07:00","869.23910949999993","TEST_100","100","0.352794796"
"2026-08-04 16:15:56.410 +07:00","869.9157024","TEST_100","100","0.353741378"
"2026-08-04 16:15:57.091 +07:00","870.59659909999993","TEST_100","100","0.353908747"
"2026-08-04 16:15:57.795 +07:00","871.3009098","TEST_100","100","0.354069799"
"2026-08-04 16:15:58.484 +07:00","871.99053429999992","TEST_100","100","0.35406518"
"2026-08-04 16:15:59.163 +07:00","872.6687423","TEST_100","100","0.353878349"
"2026-08-04 16:15:59.849 +07:00","873.35552139999993","TEST_100","100","0.354009449"
"2026-08-04 16:16:00.930 +07:00","874.4358135","TEST_100","100","0.354417592"
"2026-08-04 16:16:01.610 +07:00","875.11574509999991","TEST_100","100","0.354492813"
"2026-08-04 16:16:02.299 +07:00","875.8055624","TEST_100","100","0.35443148"
"2026-08-04 16:16:02.995 +07:00","876.50069179999991","TEST_100","100","0.354316413"
"2026-08-04 16:16:03.680 +07:00","877.1859538","TEST_100","100","0.354206741"
"2026-08-04 16:16:04.360 +07:00","877.8657819","TEST_100","100","0.354242563"
"2026-08-04 16:16:05.060 +07:00","878.5657874","TEST_100","100","0.354403615"
"2026-08-04 16:16:05.760 +07:00","879.2657947","TEST_100","100","0.354736418"
"2026-08-04 16:16:06.460 +07:00","879.96562599999993","TEST_100","100","0.354720742"
"2026-08-04 16:16:07.142 +07:00","880.647703","TEST_100","100","0.354277492"
"2026-08-04 16:16:08.232 +07:00","881.7380161","TEST_100","100","0.354352236"
"2026-08-04 16:16:08.910 +07:00","882.4159419","TEST_100","100","0.35457167"
"2026-08-04 16:16:09.591 +07:00","883.09723539999993","TEST_100","100","0.354717076"
"2026-08-04 16:16:10.292 +07:00","883.79832939999994","TEST_100","100","0.354901135"
"2026-08-04 16:16:10.972 +07:00","884.4783603","TEST_100","100","0.355534464"
"2026-08-04 16:16:11.647 +07:00","885.15321009999991","TEST_100","100","0.355697334"
"2026-08-04 16:16:12.347 +07:00","885.8527961","TEST_100","100","0.355898917"
"2026-08-04 16:16:13.042 +07:00","886.5480987","TEST_100","100","0.356330186"
"2026-08-04 16:16:13.722 +07:00","887.22788259999993","TEST_100","100","0.357041389"
"2026-08-04 16:16:14.405 +07:00","887.9110683","TEST_100","100","0.35750407"
"2026-08-04 16:16:15.489 +07:00","888.9955178","TEST_100","100","0.357884109"
"2026-08-04 16:16:16.172 +07:00","889.67810149999991","TEST_100","100","0.357910454"
"2026-08-04 16:16:16.872 +07:00","890.37811579999993","TEST_100","100","0.3584387"
"2026-08-04 16:16:17.555 +07:00","891.0615401","TEST_100","100","0.358517766"
"2026-08-04 16:16:18.242 +07:00","891.74821869999994","TEST_100","100","0.359016955"
"2026-08-04 16:16:18.927 +07:00","892.4329776","TEST_100","100","0.359406054"
"2026-08-04 16:16:19.614 +07:00","893.1200951","TEST_100","100","0.359941989"
"2026-08-04 16:16:20.302 +07:00","893.8081313","TEST_100","100","0.36047554"
"2026-08-04 16:16:20.982 +07:00","894.48817839999992","TEST_100","100","0.360905647"
"2026-08-04 16:16:21.682 +07:00","895.18831349999994","TEST_100","100","0.361450672"
"2026-08-04 16:16:22.762 +07:00","896.2682398","TEST_100","100","0.362927377"
"2026-08-04 16:16:23.452 +07:00","896.95787109999992","TEST_100","100","0.363100886"
"2026-08-04 16:16:24.149 +07:00","897.6546376","TEST_100","100","0.362992078"
"2026-08-04 16:16:24.840 +07:00","898.34575699999994","TEST_100","100","0.362733811"
"2026-08-04 16:16:25.509 +07:00","899.0146942","TEST_100","100","0.362658441"
"2026-08-04 16:16:26.211 +07:00","899.7170053","TEST_100","100","0.361819386"
"2026-08-04 16:16:26.897 +07:00","900.40258629999994","TEST_100","100","0.360787451"
"2026-08-04 16:16:27.582 +07:00","901.0876453","TEST_100","100","0.359748989"
"2026-08-04 16:16:28.265 +07:00","901.7706627","TEST_100","100","0.35852614"
"2026-08-04 16:16:28.938 +07:00","902.44425029999991","TEST_100","100","0.357268423"
"2026-08-04 16:16:30.022 +07:00","903.52833079999994","TEST_100","100","0.354432344"
"2026-08-04 16:16:30.711 +07:00","904.21702799999991","TEST_100","100","0.353380024"
"2026-08-04 16:16:31.395 +07:00","904.9008326","TEST_100","100","0.352187097"
"2026-08-04 16:16:32.086 +07:00","905.5919791","TEST_100","100","0.350955427"
"2026-08-04 16:16:32.763 +07:00","906.2690677999999","TEST_100","100","0.349632829"
"2026-08-04 16:16:33.461 +07:00","906.96739619999994","TEST_100","100","0.34914201499999997"
"2026-08-04 16:16:34.158 +07:00","907.66399389999992","TEST_100","100","0.348889023"
"2026-08-04 16:16:34.842 +07:00","908.3481971","TEST_100","100","0.348278195"
"2026-08-04 16:16:35.511 +07:00","909.0171123","TEST_100","100","0.34820205"
"2026-08-04 16:16:36.190 +07:00","909.6964876","TEST_100","100","0.34775573"
"2026-08-04 16:16:37.282 +07:00","910.78825399999994","TEST_100","100","0.347026378"
"2026-08-04 16:16:37.978 +07:00","911.4841617","TEST_100","100","0.346827447"
"2026-08-04 16:16:38.659 +07:00","912.1646671","TEST_100","100","0.34634769"
"2026-08-04 16:16:39.324 +07:00","912.8297713","TEST_100","100","0.346429527"
"2026-08-04 16:16:40.024 +07:00","913.53046869999991","TEST_100","100","0.345926732"
"2026-08-04 16:16:40.715 +07:00","914.221095","TEST_100","100","0.345091522"
"2026-08-04 16:16:41.400 +07:00","914.906345","TEST_100","100","0.344467819"
"2026-08-04 16:16:42.072 +07:00","915.578078","TEST_100","100","0.343354523"
"2026-08-04 16:16:42.770 +07:00","916.2760205","TEST_100","100","0.342728108"
"2026-08-04 16:16:43.445 +07:00","916.9512635","TEST_100","100","0.341881126"
"2026-08-04 16:16:44.522 +07:00","918.0284517","TEST_100","100","0.33976385"
"2026-08-04 16:16:45.208 +07:00","918.71437329999992","TEST_100","100","0.338904053"
"2026-08-04 16:16:45.907 +07:00","919.4134752","TEST_100","100","0.337975264"
"2026-08-04 16:16:46.602 +07:00","920.1076365","TEST_100","100","0.336740494"
"2026-08-04 16:16:47.284 +07:00","920.7901549","TEST_100","100","0.335559458"
"2026-08-04 16:16:47.971 +07:00","921.4772257","TEST_100","100","0.334679902"
"2026-08-04 16:16:48.652 +07:00","922.1584209","TEST_100","100","0.333740711"
"2026-08-04 16:16:49.336 +07:00","922.842501","TEST_100","100","0.332944185"
"2026-08-04 16:16:50.018 +07:00","923.52418249999994","TEST_100","100","0.332126677"
"2026-08-04 16:16:50.702 +07:00","924.20804609999993","TEST_100","100","0.331323862"
"2026-08-04 16:16:51.786 +07:00","925.29219519999992","TEST_100","100","0.329526037"
"2026-08-04 16:16:52.472 +07:00","925.9776278999999","TEST_100","100","0.328790069"
"2026-08-04 16:16:53.167 +07:00","926.67270769999993","TEST_100","100","0.328126132"
"2026-08-04 16:16:53.857 +07:00","927.3632948","TEST_100","100","0.327520162"
"2026-08-04 16:16:54.544 +07:00","928.04978429999994","TEST_100","100","0.326834261"
"2026-08-04 16:16:55.217 +07:00","928.7232041","TEST_100","100","0.326243788"
"2026-08-04 16:16:55.915 +07:00","929.4208454","TEST_100","100","0.325496614"
"2026-08-04 16:16:56.605 +07:00","930.1107435","TEST_100","100","0.324729294"
"2026-08-04 16:16:57.288 +07:00","930.7937652999999","TEST_100","100","0.324137628"
"2026-08-04 16:16:57.980 +07:00","931.48609749999991","TEST_100","100","0.324319571"
"2026-08-04 16:16:59.048 +07:00","932.5539256","TEST_100","100","0.323891819"
"2026-08-04 16:16:59.731 +07:00","933.23685449999994","TEST_100","100","0.323800772"
"2026-08-04 16:17:00.416 +07:00","933.922248","TEST_100","100","0.323803961"
"2026-08-04 16:17:01.098 +07:00","934.6041159","TEST_100","100","0.323557615"
"2026-08-04 16:17:01.787 +07:00","935.29337149999992","TEST_100","100","0.323200017"
"2026-08-04 16:17:02.470 +07:00","935.97599759999991","TEST_100","100","0.322815478"
"2026-08-04 16:17:03.163 +07:00","936.6693664","TEST_100","100","0.32254076"
"2026-08-04 16:17:03.855 +07:00","937.36155009999993","TEST_100","100","0.322078943"
"2026-08-04 16:17:04.546 +07:00","938.05239639999991","TEST_100","100","0.321515679"
"2026-08-04 16:17:05.242 +07:00","938.7481442","TEST_100","100","0.320436209"
"2026-08-04 16:17:06.324 +07:00","939.8305664","TEST_100","100","0.319188297"
"2026-08-04 16:17:07.011 +07:00","940.5173926","TEST_100","100","0.318503082"
"2026-08-04 16:17:07.695 +07:00","941.2006593","TEST_100","100","0.318177253"
"2026-08-04 16:17:08.378 +07:00","941.88403429999994","TEST_100","100","0.31792745"
"2026-08-04 16:17:09.048 +07:00","942.5535847","TEST_100","100","0.317269683"
"2026-08-04 16:17:09.735 +07:00","943.2415702","TEST_100","100","0.317039311"
"2026-08-04 16:17:10.421 +07:00","943.9274462","TEST_100","100","0.316305488"
"2026-08-04 16:17:11.096 +07:00","944.60175459999994","TEST_100","100","0.316187054"
"2026-08-04 16:17:11.794 +07:00","945.29959439999993","TEST_100","100","0.316498339"
"2026-08-04 16:17:12.475 +07:00","945.9813958","TEST_100","100","0.316102803"
"2026-08-04 16:17:13.570 +07:00","947.07619779999993","TEST_100","100","0.315353304"
"2026-08-04 16:17:14.261 +07:00","947.7675256","TEST_100","100","0.314894557"
"2026-08-04 16:17:14.942 +07:00","948.4478128","TEST_100","100","0.31441164"
"2026-08-04 16:17:15.623 +07:00","949.12947139999994","TEST_100","100","0.314830244"
"2026-08-04 16:17:16.327 +07:00","949.83298819999993","TEST_100","100","0.314433962"
"2026-08-04 16:17:16.998 +07:00","950.5038614","TEST_100","100","0.314377099"
"2026-08-04 16:17:17.696 +07:00","951.2018769","TEST_100","100","0.313639402"
"2026-08-04 16:17:18.376 +07:00","951.88196599999992","TEST_100","100","0.312793314"
"2026-08-04 16:17:19.059 +07:00","952.5651273","TEST_100","100","0.311923683"
"2026-08-04 16:17:19.741 +07:00","953.2470303","TEST_100","100","0.311161011"
"2026-08-04 16:17:20.821 +07:00","954.3266007","TEST_100","100","0.309669554"
"2026-08-04 16:17:21.506 +07:00","955.0117345","TEST_100","100","0.308702588"
"2026-08-04 16:17:22.189 +07:00","955.6950448","TEST_100","100","0.3073093"
"2026-08-04 16:17:22.876 +07:00","956.38177","TEST_100","100","0.306356549"
"2026-08-04 16:17:23.561 +07:00","957.0666044","TEST_100","100","0.305416644"
"2026-08-04 16:17:24.256 +07:00","957.76204509999991","TEST_100","100","0.305069864"
"2026-08-04 16:17:24.956 +07:00","958.4620438","TEST_100","100","0.304088265"
"2026-08-04 16:17:25.641 +07:00","959.1469512","TEST_100","100","0.30398789"
"2026-08-04 16:17:26.326 +07:00","959.83167659999992","TEST_100","100","0.303701758"
"2026-08-04 16:17:27.017 +07:00","960.52268129999993","TEST_100","100","0.303649366"
"2026-08-04 16:17:28.101 +07:00","961.6075052","TEST_100","100","0.303639203"
"2026-08-04 16:17:28.794 +07:00","962.2996458","TEST_100","100","0.303127885"
"2026-08-04 16:17:29.468 +07:00","962.97453","TEST_100","100","0.302541167"
"2026-08-04 16:17:30.150 +07:00","963.6563735","TEST_100","100","0.302367985"
"2026-08-04 16:17:30.833 +07:00","964.3391578","TEST_100","100","0.301747978"
"2026-08-04 16:17:31.518 +07:00","965.0242956","TEST_100","100","0.302059889"
"2026-08-04 16:17:32.216 +07:00","965.7217982","TEST_100","100","0.301687837"
"2026-08-04 16:17:32.905 +07:00","966.411134","TEST_100","100","0.301294416"
"2026-08-04 16:17:33.597 +07:00","967.1030167","TEST_100","100","0.300659418"
"2026-08-04 16:17:34.281 +07:00","967.7874552","TEST_100","100","0.300129652"
"2026-08-04 16:17:35.370 +07:00","968.87627839999993","TEST_100","100","0.298599571"
"2026-08-04 16:17:36.051 +07:00","969.5569423","TEST_100","100","0.29811433"
"2026-08-04 16:17:36.725 +07:00","970.2314305","TEST_100","100","0.297696412"
"2026-08-04 16:17:37.428 +07:00","970.9337458","TEST_100","100","0.296870321"
"2026-08-04 16:17:38.105 +07:00","971.61089069999991","TEST_100","100","0.295563042"
"2026-08-04 16:17:38.810 +07:00","972.3160385","TEST_100","100","0.294703811"
"2026-08-04 16:17:39.487 +07:00","972.9929959","TEST_100","100","0.293938696"
"2026-08-04 16:17:40.174 +07:00","973.67969229999994","TEST_100","100","0.29310593"
"2026-08-04 16:17:40.855 +07:00","974.3609762","TEST_100","100","0.29235661"
"2026-08-04 16:17:41.524 +07:00","975.03001139999992","TEST_100","100","0.29163155"
"2026-08-04 16:17:42.606 +07:00","976.1119844","TEST_100","100","0.290987134"
"2026-08-04 16:17:43.307 +07:00","976.8128833","TEST_100","100","0.290487051"
"2026-08-04 16:17:43.994 +07:00","977.5000448","TEST_100","100","0.29027912"
"2026-08-04 16:17:44.669 +07:00","978.1754665","TEST_100","100","0.29036212"
"2026-08-04 16:17:45.358 +07:00","978.86384679999992","TEST_100","100","0.290050328"
"2026-08-04 16:17:46.045 +07:00","979.5506815","TEST_100","100","0.28965199"
"2026-08-04 16:17:46.729 +07:00","980.23513199999991","TEST_100","100","0.289535582"
"2026-08-04 16:17:47.417 +07:00","980.92309679999994","TEST_100","100","0.289284736"
"2026-08-04 16:17:48.123 +07:00","981.6287798","TEST_100","100","0.289008766"
"2026-08-04 16:17:48.797 +07:00","982.30308529999991","TEST_100","100","0.288355649"
"2026-08-04 16:17:49.887 +07:00","983.3932668","TEST_100","100","0.287424386"
"2026-08-04 16:17:50.567 +07:00","984.0731614","TEST_100","100","0.286741048"
"2026-08-04 16:17:51.247 +07:00","984.75321839999992","TEST_100","100","0.286168277"
"2026-08-04 16:17:51.940 +07:00","985.4460355","TEST_100","100","0.286027372"
"2026-08-04 16:17:52.637 +07:00","986.1431579","TEST_100","100","0.285583407"
"2026-08-04 16:17:53.323 +07:00","986.82935779999991","TEST_100","100","0.284868836"
"2026-08-04 16:17:54.004 +07:00","987.5102635","TEST_100","100","0.284397364"
"2026-08-04 16:17:54.697 +07:00","988.20320889999994","TEST_100","100","0.284092635"
"2026-08-04 16:17:55.384 +07:00","988.88976029999992","TEST_100","100","0.283840954"
"2026-08-04 16:17:56.067 +07:00","989.5729517","TEST_100","100","0.283445984"
"2026-08-04 16:17:57.153 +07:00","990.6594291","TEST_100","100","0.283147335"
"2026-08-04 16:17:57.830 +07:00","991.3360838","TEST_100","100","0.283081859"
"2026-08-04 16:17:58.510 +07:00","992.01640309999993","TEST_100","100","0.28256768"
"2026-08-04 16:17:59.202 +07:00","992.70772319999992","TEST_100","100","0.282359153"
"2026-08-04 16:17:59.880 +07:00","993.3857147","TEST_100","100","0.282237053"
"2026-08-04 16:18:00.580 +07:00","994.08613259999993","TEST_100","100","0.282618791"
"2026-08-04 16:18:01.255 +07:00","994.76110109999991","TEST_100","100","0.282498389"
"2026-08-04 16:18:01.950 +07:00","995.4560737999999","TEST_100","100","0.282550097"
"2026-08-04 16:18:02.640 +07:00","996.14603219999992","TEST_100","100","0.282467455"
"2026-08-04 16:18:03.333 +07:00","996.8394645","TEST_100","100","0.282185972"
"2026-08-04 16:18:04.420 +07:00","997.92595099999994","TEST_100","100","0.281994194"
"2026-08-04 16:18:05.100 +07:00","998.6057251","TEST_100","100","0.281999141"
"2026-08-04 16:18:05.784 +07:00","999.290039","TEST_100","100","0.281988472"
"2026-08-04 16:18:06.482 +07:00","999.98835139999994","TEST_100","100","0.282112896"
"2026-08-04 16:18:07.167 +07:00","1000.6728204","TEST_100","100","0.281538427"
"2026-08-04 16:18:07.862 +07:00","1001.3682779999999","TEST_100","100","0.281606704"
"2026-08-04 16:18:08.549 +07:00","1002.05526","TEST_100","100","0.281600535"
"2026-08-04 16:18:09.250 +07:00","1002.7556538","TEST_100","100","0.281769633"
"2026-08-04 16:18:09.926 +07:00","1003.4324326","TEST_100","100","0.282007635"
"2026-08-04 16:18:10.632 +07:00","1004.1384638999999","TEST_100","100","0.282056272"
"2026-08-04 16:18:11.714 +07:00","1005.2200535999999","TEST_100","100","0.282772154"
"2026-08-04 16:18:12.398 +07:00","1005.9045467","TEST_100","100","0.283012331"
"2026-08-04 16:18:13.095 +07:00","1006.6014438999999","TEST_100","100","0.283380568"
"2026-08-04 16:18:13.798 +07:00","1007.3037822","TEST_100","100","0.283861339"
"2026-08-04 16:18:14.491 +07:00","1007.996762","TEST_100","100","0.284830719"
"2026-08-04 16:18:15.181 +07:00","1008.6872732999999","TEST_100","100","0.285819948"
"2026-08-04 16:18:15.863 +07:00","1009.3693529999999","TEST_100","100","0.286375195"
"2026-08-04 16:18:16.561 +07:00","1010.0669231999999","TEST_100","100","0.286874324"
"2026-08-04 16:18:17.256 +07:00","1010.7621482999999","TEST_100","100","0.287924409"
"2026-08-04 16:18:17.951 +07:00","1011.4573962","TEST_100","100","0.288087785"
"2026-08-04 16:18:19.079 +07:00","1012.5846725","TEST_100","100","0.288495958"
"2026-08-04 16:18:19.761 +07:00","1013.2674996999999","TEST_100","100","0.288582563"
"2026-08-04 16:18:20.445 +07:00","1013.9506838","TEST_100","100","0.288780749"
"2026-08-04 16:18:21.129 +07:00","1014.6348207","TEST_100","100","0.288179427"
"2026-08-04 16:18:21.827 +07:00","1015.3328286999999","TEST_100","100","0.287620604"
"2026-08-04 16:18:22.509 +07:00","1016.0155235","TEST_100","100","0.287181288"
"2026-08-04 16:18:23.190 +07:00","1016.6958507999999","TEST_100","100","0.286807001"
"2026-08-04 16:18:23.887 +07:00","1017.3927587999999","TEST_100","100","0.285928935"
"2026-08-04 16:18:24.569 +07:00","1018.0751578999999","TEST_100","100","0.285508573"
"2026-08-04 16:18:25.259 +07:00","1018.764962","TEST_100","100","0.285006195"
"2026-08-04 16:18:26.341 +07:00","1019.8470881999999","TEST_100","100","0.284556776"
"2026-08-04 16:18:27.025 +07:00","1020.5307389999999","TEST_100","100","0.284045905"
"2026-08-04 16:18:27.707 +07:00","1021.2130592999999","TEST_100","100","0.283618987"
"2026-08-04 16:18:28.408 +07:00","1021.9139660999999","TEST_100","100","0.28323707"
"2026-08-04 16:18:29.100 +07:00","1022.6062185999999","TEST_100","100","0.283091694"
"2026-08-04 16:18:29.783 +07:00","1023.2893803999999","TEST_100","100","0.282609463"
"2026-08-04 16:18:30.466 +07:00","1023.9721552","TEST_100","100","0.282189667"
"2026-08-04 16:18:31.149 +07:00","1024.6555438999999","TEST_100","100","0.281862408"
"2026-08-04 16:18:31.832 +07:00","1025.3382583","TEST_100","100","0.281612575"
"2026-08-04 16:18:32.517 +07:00","1026.0231343","TEST_100","100","0.281559885"
"2026-08-04 16:18:33.599 +07:00","1027.1055644","TEST_100","100","0.281357467"
"2026-08-04 16:18:34.280 +07:00","1027.7862337","TEST_100","100","0.281473935"
"2026-08-04 16:18:34.987 +07:00","1028.4926879","TEST_100","100","0.281371266"
"2026-08-04 16:18:35.686 +07:00","1029.192358","TEST_100","100","0.281265587"
"2026-08-04 16:18:36.371 +07:00","1029.8765896","TEST_100","100","0.281489819"
"2026-08-04 16:18:37.052 +07:00","1030.5575784","TEST_100","100","0.281680465"
"2026-08-04 16:18:37.752 +07:00","1031.2579282","TEST_100","100","0.281577975"
"2026-08-04 16:18:38.452 +07:00","1031.9581524999999","TEST_100","100","0.28121978"
"2026-08-04 16:18:39.134 +07:00","1032.6405325","TEST_100","100","0.280749679"
"2026-08-04 16:18:39.817 +07:00","1033.3235666","TEST_100","100","0.280068636"
"2026-08-04 16:18:40.901 +07:00","1034.4073629","TEST_100","100","0.278409481"
"2026-08-04 16:18:41.584 +07:00","1035.0904168","TEST_100","100","0.2775895"
"2026-08-04 16:18:42.274 +07:00","1035.780348","TEST_100","100","0.276585162"
"2026-08-04 16:18:42.965 +07:00","1036.4711843999999","TEST_100","100","0.275507689"
"2026-08-04 16:18:43.651 +07:00","1037.1567444","TEST_100","100","0.274444431"
"2026-08-04 16:18:44.332 +07:00","1037.8384821","TEST_100","100","0.273403436"
"2026-08-04 16:18:45.032 +07:00","1038.5376480999998","TEST_100","100","0.272474289"
"2026-08-04 16:18:45.715 +07:00","1039.2207058","TEST_100","100","0.271480888"
"2026-08-04 16:18:46.396 +07:00","1039.9016962","TEST_100","100","0.270697892"
"2026-08-04 16:18:47.097 +07:00","1040.603153","TEST_100","100","0.269885004"
"2026-08-04 16:18:48.179 +07:00","1041.6849479","TEST_100","100","0.26870051"
"2026-08-04 16:18:48.864 +07:00","1042.3697276","TEST_100","100","0.268245876"
"2026-08-04 16:18:49.563 +07:00","1043.0689071","TEST_100","100","0.267763436"
"2026-08-04 16:18:50.245 +07:00","1043.7507791","TEST_100","100","0.267230719"
"2026-08-04 16:18:50.929 +07:00","1044.4353196","TEST_100","100","0.266910374"
"2026-08-04 16:18:51.612 +07:00","1045.1176722999999","TEST_100","100","0.266703606"
"2026-08-04 16:18:52.314 +07:00","1045.8200772","TEST_100","100","0.266486704"
"2026-08-04 16:18:53.011 +07:00","1046.5166545","TEST_100","100","0.266349882"
"2026-08-04 16:18:53.694 +07:00","1047.1999048","TEST_100","100","0.266357958"
"2026-08-04 16:18:54.378 +07:00","1047.8845053999999","TEST_100","100","0.26624018"
"2026-08-04 16:18:55.476 +07:00","1048.9821588","TEST_100","100","0.266083062"
"2026-08-04 16:18:56.159 +07:00","1049.6647819","TEST_100","100","0.266151041"
"2026-08-04 16:18:56.862 +07:00","1050.3684034","TEST_100","100","0.266542941"
"2026-08-04 16:18:57.553 +07:00","1051.0590112","TEST_100","100","0.266862363"
"2026-08-04 16:18:58.242 +07:00","1051.7479343","TEST_100","100","0.267166257"
"2026-08-04 16:18:58.925 +07:00","1052.4308637","TEST_100","100","0.267628253"
"2026-08-04 16:18:59.624 +07:00","1053.1299342","TEST_100","100","0.267430931"
"2026-08-04 16:19:00.324 +07:00","1053.8299849","TEST_100","100","0.267544925"
"2026-08-04 16:19:01.006 +07:00","1054.5123113","TEST_100","100","0.267578185"
"2026-08-04 16:19:01.697 +07:00","1055.2028866","TEST_100","100","0.267348915"
"2026-08-04 16:19:02.791 +07:00","1056.2975262999998","TEST_100","100","0.266838133"
"2026-08-04 16:19:03.491 +07:00","1056.9972613","TEST_100","100","0.266387999"
"2026-08-04 16:19:04.173 +07:00","1057.6792791999999","TEST_100","100","0.26591"
"2026-08-04 16:19:04.872 +07:00","1058.378045","TEST_100","100","0.265521944"
"2026-08-04 16:19:05.555 +07:00","1059.0607294","TEST_100","100","0.26480487"
"2026-08-04 16:19:06.239 +07:00","1059.7451432","TEST_100","100","0.264484644"
"2026-08-04 16:19:06.929 +07:00","1060.4352608","TEST_100","100","0.263662726"
"2026-08-04 16:19:07.624 +07:00","1061.1296283","TEST_100","100","0.262790948"
"2026-08-04 16:19:08.304 +07:00","1061.8103454","TEST_100","100","0.262022108"
"2026-08-04 16:19:08.986 +07:00","1062.491902","TEST_100","100","0.26124531"
"2026-08-04 16:19:10.069 +07:00","1063.5752920999998","TEST_100","100","0.259445727"
"2026-08-04 16:19:10.758 +07:00","1064.2637144","TEST_100","100","0.258819818"
"2026-08-04 16:19:11.450 +07:00","1064.9555934","TEST_100","100","0.257608026"
"2026-08-04 16:19:12.137 +07:00","1065.6429068999998","TEST_100","100","0.256596476"
"2026-08-04 16:19:12.819 +07:00","1066.3255614","TEST_100","100","0.255670696"
"2026-08-04 16:19:13.519 +07:00","1067.024711","TEST_100","100","0.254659265"
"2026-08-04 16:19:14.215 +07:00","1067.7213878999999","TEST_100","100","0.253917068"
"2026-08-04 16:19:14.901 +07:00","1068.4067349","TEST_100","100","0.253468215"
"2026-08-04 16:19:15.584 +07:00","1069.0898806999999","TEST_100","100","0.253122449"
"2026-08-04 16:19:16.267 +07:00","1069.7733911999999","TEST_100","100","0.252719522"
"2026-08-04 16:19:17.350 +07:00","1070.8565355","TEST_100","100","0.252160311"
"2026-08-04 16:19:18.046 +07:00","1071.5524244","TEST_100","100","0.252186477"
"2026-08-04 16:19:18.731 +07:00","1072.2375319","TEST_100","100","0.252350807"
"2026-08-04 16:19:19.417 +07:00","1072.9235178","TEST_100","100","0.252749622"
"2026-08-04 16:19:20.092 +07:00","1073.5982769","TEST_100","100","0.253322989"
"2026-08-04 16:19:20.795 +07:00","1074.3014699999999","TEST_100","100","0.253715724"
"2026-08-04 16:19:21.498 +07:00","1075.0036824","TEST_100","100","0.2533997"
"2026-08-04 16:19:22.180 +07:00","1075.6861599","TEST_100","100","0.253411144"
"2026-08-04 16:19:22.863 +07:00","1076.3695115","TEST_100","100","0.253520161"
"2026-08-04 16:19:23.564 +07:00","1077.0699201","TEST_100","100","0.253870904"
"2026-08-04 16:19:24.745 +07:00","1078.2508490999999","TEST_100","100","0.253729641"
"2026-08-04 16:19:25.428 +07:00","1078.9344036999998","TEST_100","100","0.253481865"
"2026-08-04 16:19:26.113 +07:00","1079.6194589","TEST_100","100","0.253135949"
"2026-08-04 16:19:26.811 +07:00","1080.3175374999998","TEST_100","100","0.252790362"
"2026-08-04 16:19:27.495 +07:00","1081.0008106999999","TEST_100","100","0.252413809"
"2026-08-04 16:19:28.177 +07:00","1081.6830478","TEST_100","100","0.252605945"
"2026-08-04 16:19:28.861 +07:00","1082.367483","TEST_100","100","0.252181351"
"2026-08-04 16:19:29.560 +07:00","1083.065824","TEST_100","100","0.251866281"
"2026-08-04 16:19:30.243 +07:00","1083.7492353999999","TEST_100","100","0.250940353"
"2026-08-04 16:19:30.925 +07:00","1084.4307535","TEST_100","100","0.250405639"
"2026-08-04 16:19:32.006 +07:00","1085.5122476","TEST_100","100","0.249602959"
"2026-08-04 16:19:32.691 +07:00","1086.1975662","TEST_100","100","0.248990536"
"2026-08-04 16:19:33.391 +07:00","1086.8966779","TEST_100","100","0.248218626"
"2026-08-04 16:19:34.075 +07:00","1087.5808259","TEST_100","100","0.247742459"
"2026-08-04 16:19:34.757 +07:00","1088.263137","TEST_100","100","0.247167155"
"2026-08-04 16:19:35.440 +07:00","1088.9464261","TEST_100","100","0.246879101"
"2026-08-04 16:19:36.140 +07:00","1089.6457788","TEST_100","100","0.24664104"
"2026-08-04 16:19:36.839 +07:00","1090.3453546","TEST_100","100","0.24635236"
"2026-08-04 16:19:37.522 +07:00","1091.0280418","TEST_100","100","0.246032879"
"2026-08-04 16:19:38.222 +07:00","1091.7278549999999","TEST_100","100","0.245744973"
"2026-08-04 16:19:39.305 +07:00","1092.8109703","TEST_100","100","0.245170906"
"2026-08-04 16:19:39.987 +07:00","1093.4932177","TEST_100","100","0.245487899"
"2026-08-04 16:19:40.688 +07:00","1094.193833","TEST_100","100","0.245665163"
"2026-08-04 16:19:41.388 +07:00","1094.8939688","TEST_100","100","0.246117756"
"2026-08-04 16:19:42.072 +07:00","1095.5781259","TEST_100","100","0.246673152"
"2026-08-04 16:19:42.754 +07:00","1096.2598305","TEST_100","100","0.246870011"
"2026-08-04 16:19:43.452 +07:00","1096.9582407","TEST_100","100","0.247551635"
"2026-08-04 16:19:44.137 +07:00","1097.6427251999999","TEST_100","100","0.248176366"
"2026-08-04 16:19:44.819 +07:00","1098.3251864","TEST_100","100","0.248659521"
"2026-08-04 16:19:45.517 +07:00","1099.0233256","TEST_100","100","0.249617264"
"2026-08-04 16:19:46.601 +07:00","1100.1067947","TEST_100","100","0.250143796"
"2026-08-04 16:19:47.285 +07:00","1100.7912709","TEST_100","100","0.250364959"
"2026-08-04 16:19:47.987 +07:00","1101.4933945","TEST_100","100","0.250397921"
"2026-08-04 16:19:48.683 +07:00","1102.1894386","TEST_100","100","0.249974295"
"2026-08-04 16:19:49.368 +07:00","1102.8736787999999","TEST_100","100","0.249603555"
"2026-08-04 16:19:50.049 +07:00","1103.5552100999998","TEST_100","100","0.249140471"
"2026-08-04 16:19:50.749 +07:00","1104.2555559999998","TEST_100","100","0.248754114"
"2026-08-04 16:19:51.431 +07:00","1104.9374177","TEST_100","100","0.248242095"
"2026-08-04 16:19:52.116 +07:00","1105.6221427","TEST_100","100","0.247901753"
"2026-08-04 16:19:52.815 +07:00","1106.3208111","TEST_100","100","0.247555569"
"2026-08-04 16:19:53.897 +07:00","1107.4033963","TEST_100","100","0.246849746"
"2026-08-04 16:19:54.581 +07:00","1108.0872841999999","TEST_100","100","0.246552736"
"2026-08-04 16:19:55.279 +07:00","1108.7846491","TEST_100","100","0.246383026"
"2026-08-04 16:19:55.965 +07:00","1109.4705993","TEST_100","100","0.246347755"
"2026-08-04 16:19:56.647 +07:00","1110.1525944999999","TEST_100","100","0.246138453"
"2026-08-04 16:19:57.329 +07:00","1110.8355282999999","TEST_100","100","0.245918781"
"2026-08-04 16:19:58.027 +07:00","1111.5333285","TEST_100","100","0.246000409"
"2026-08-04 16:19:58.720 +07:00","1112.2264312","TEST_100","100","0.245930463"
"2026-08-04 16:19:59.415 +07:00","1112.9206821","TEST_100","100","0.246020481"
"2026-08-04 16:20:00.113 +07:00","1113.6187276","TEST_100","100","0.245868474"
"2026-08-04 16:20:01.195 +07:00","1114.7013785","TEST_100","100","0.245670199"
"2026-08-04 16:20:01.877 +07:00","1115.3834580999999","TEST_100","100","0.24557288"
"2026-08-04 16:20:02.574 +07:00","1116.0796106","TEST_100","100","0.245425865"
"2026-08-04 16:20:03.258 +07:00","1116.7637206","TEST_100","100","0.245410964"
"2026-08-04 16:20:03.943 +07:00","1117.4486433","TEST_100","100","0.245483249"
"2026-08-04 16:20:04.642 +07:00","1118.1477157","TEST_100","100","0.245339945"
"2026-08-04 16:20:05.341 +07:00","1118.8475488","TEST_100","100","0.245314479"
"2026-08-04 16:20:06.025 +07:00","1119.5313872","TEST_100","100","0.24501121"
"2026-08-04 16:20:06.707 +07:00","1120.2130409","TEST_100","100","0.244835734"
"2026-08-04 16:20:07.408 +07:00","1120.9143084","TEST_100","100","0.24457173"
"2026-08-04 16:20:08.490 +07:00","1121.9956539","TEST_100","100","0.24404344"
"2026-08-04 16:20:09.191 +07:00","1122.6967353999999","TEST_100","100","0.243833661"
"2026-08-04 16:20:09.888 +07:00","1123.3938303999998","TEST_100","100","0.243423626"
"2026-08-04 16:20:10.573 +07:00","1124.0786236","TEST_100","100","0.243222386"
"2026-08-04 16:20:11.257 +07:00","1124.7627267999999","TEST_100","100","0.243209124"
"2026-08-04 16:20:11.956 +07:00","1125.4619877999999","TEST_100","100","0.243120596"
"2026-08-04 16:20:12.656 +07:00","1126.1619601999998","TEST_100","100","0.243096069"
"2026-08-04 16:20:13.351 +07:00","1126.8567971","TEST_100","100","0.243072942"
"2026-08-04 16:20:14.055 +07:00","1127.5613518","TEST_100","100","0.242946148"
"2026-08-04 16:20:14.756 +07:00","1128.2622081","TEST_100","100","0.242764741"
"2026-08-04 16:20:15.849 +07:00","1129.3546786","TEST_100","100","0.24255307"
"2026-08-04 16:20:16.538 +07:00","1130.0445336","TEST_100","100","0.242340401"
"2026-08-04 16:20:17.229 +07:00","1130.7349041","TEST_100","100","0.241859153"
"2026-08-04 16:20:17.913 +07:00","1131.4193768","TEST_100","100","0.241217881"
"2026-08-04 16:20:18.597 +07:00","1132.1027459","TEST_100","100","0.240529969"
"2026-08-04 16:20:19.289 +07:00","1132.7946623999999","TEST_100","100","0.239936233"
"2026-08-04 16:20:19.976 +07:00","1133.4817979","TEST_100","100","0.23923631"
"2026-08-04 16:20:20.669 +07:00","1134.1748449","TEST_100","100","0.23866038"
"2026-08-04 16:20:21.371 +07:00","1134.8773072","TEST_100","100","0.23802726"
"2026-08-04 16:20:22.051 +07:00","1135.5574586999999","TEST_100","100","0.237366587"
"2026-08-04 16:20:23.151 +07:00","1136.6574816","TEST_100","100","0.235482976"
"2026-08-04 16:20:23.834 +07:00","1137.3398964","TEST_100","100","0.234960824"
"2026-08-04 16:20:24.525 +07:00","1138.0314157999999","TEST_100","100","0.234503701"
"2026-08-04 16:20:25.202 +07:00","1138.7079893","TEST_100","100","0.23397806299999999"
"2026-08-04 16:20:25.898 +07:00","1139.4043439","TEST_100","100","0.233414859"
"2026-08-04 16:20:26.577 +07:00","1140.0830678","TEST_100","100","0.232970923"
"2026-08-04 16:20:27.266 +07:00","1140.7716865999998","TEST_100","100","0.232432395"
"2026-08-04 16:20:27.946 +07:00","1141.4525214999999","TEST_100","100","0.232075527"
"2026-08-04 16:20:28.636 +07:00","1142.1418303","TEST_100","100","0.231636047"
"2026-08-04 16:20:29.322 +07:00","1142.8281097","TEST_100","100","0.231251165"
"2026-08-04 16:20:30.412 +07:00","1143.9184681","TEST_100","100","0.230958417"
"2026-08-04 16:20:31.114 +07:00","1144.6202845","TEST_100","100","0.230600193"
"2026-08-04 16:20:31.813 +07:00","1145.3187393","TEST_100","100","0.23026903"
"2026-08-04 16:20:32.495 +07:00","1146.0015458","TEST_100","100","0.22997494"
"2026-08-04 16:20:33.180 +07:00","1146.6865437","TEST_100","100","0.22986272"
"2026-08-04 16:20:33.861 +07:00","1147.3671761","TEST_100","100","0.229950622"
"2026-08-04 16:20:34.561 +07:00","1148.0673941","TEST_100","100","0.229896545"
"2026-08-04 16:20:35.262 +07:00","1148.7680954","TEST_100","100","0.229987472"
"2026-08-04 16:20:35.943 +07:00","1149.4495216","TEST_100","100","0.230120391"
"2026-08-04 16:20:36.644 +07:00","1150.1496723999999","TEST_100","100","0.230124354"
"2026-08-04 16:20:37.726 +07:00","1151.2316319","TEST_100","100","0.230090454"
"2026-08-04 16:20:38.409 +07:00","1151.9155607999999","TEST_100","100","0.230114296"
"2026-08-04 16:20:39.109 +07:00","1152.6148151999998","TEST_100","100","0.230170697"
"2026-08-04 16:20:39.792 +07:00","1153.298149","TEST_100","100","0.2296267"
"2026-08-04 16:20:40.475 +07:00","1153.9808466","TEST_100","100","0.22947824"
"2026-08-04 16:20:41.175 +07:00","1154.6808504","TEST_100","100","0.229412943"
"2026-08-04 16:20:41.875 +07:00","1155.3807487","TEST_100","100","0.229402632"
"2026-08-04 16:20:42.558 +07:00","1156.0635754","TEST_100","100","0.229591802"
"2026-08-04 16:20:43.241 +07:00","1156.746668","TEST_100","100","0.229858637"
"2026-08-04 16:20:43.924 +07:00","1157.4299962","TEST_100","100","0.230140001"
"2026-08-04 16:20:45.023 +07:00","1158.5288835","TEST_100","100","0.230685025"
"2026-08-04 16:20:45.706 +07:00","1159.211927","TEST_100","100","0.230819896"
"2026-08-04 16:20:46.405 +07:00","1159.9107087","TEST_100","100","0.231575757"
"2026-08-04 16:20:47.087 +07:00","1160.5926912","TEST_100","100","0.231767148"
"2026-08-04 16:20:47.771 +07:00","1161.2766706999998","TEST_100","100","0.231982186"
"2026-08-04 16:20:48.469 +07:00","1161.9751013","TEST_100","100","0.232127756"
"2026-08-04 16:20:49.169 +07:00","1162.6755463","TEST_100","100","0.232107997"
"2026-08-04 16:20:49.853 +07:00","1163.359019","TEST_100","100","0.232176229"
"2026-08-04 16:20:50.536 +07:00","1164.0419891","TEST_100","100","0.232007578"
"2026-08-04 16:20:51.236 +07:00","1164.7416834","TEST_100","100","0.2319884"
"2026-08-04 16:20:52.318 +07:00","1165.8240169","TEST_100","100","0.232008144"
"2026-08-04 16:20:53.003 +07:00","1166.5088862999999","TEST_100","100","0.231984094"
"2026-08-04 16:20:53.702 +07:00","1167.2081291","TEST_100","100","0.232060552"
"2026-08-04 16:20:54.400 +07:00","1167.9063373","TEST_100","100","0.23207286"
"2026-08-04 16:20:55.081 +07:00","1168.5871711","TEST_100","100","0.232013255"
"2026-08-04 16:20:55.785 +07:00","1169.2908445","TEST_100","100","0.232094556"
"2026-08-04 16:20:56.483 +07:00","1169.9894319","TEST_100","100","0.232010096"
"2026-08-04 16:20:57.166 +07:00","1170.6716304","TEST_100","100","0.23201707"
"2026-08-04 16:20:57.850 +07:00","1171.3560524","TEST_100","100","0.232157037"
"2026-08-04 16:20:58.548 +07:00","1172.0544307999999","TEST_100","100","0.232218072"
"2026-08-04 16:20:59.648 +07:00","1173.1542324","TEST_100","100","0.23201482"
"2026-08-04 16:21:00.331 +07:00","1173.8371262","TEST_100","100","0.232019067"
"2026-08-04 16:21:01.031 +07:00","1174.537206","TEST_100","100","0.231816083"
"2026-08-04 16:21:01.713 +07:00","1175.219063","TEST_100","100","0.231654808"
"2026-08-04 16:21:02.398 +07:00","1175.9037547","TEST_100","100","0.231372982"
"2026-08-04 16:21:03.081 +07:00","1176.5869244","TEST_100","100","0.231156856"
"2026-08-04 16:21:03.780 +07:00","1177.2860437","TEST_100","100","0.230878234"
"2026-08-04 16:21:04.463 +07:00","1177.9692324999999","TEST_100","100","0.230538562"
"2026-08-04 16:21:05.144 +07:00","1178.6503648","TEST_100","100","0.230136514"
"2026-08-04 16:21:05.846 +07:00","1179.352027","TEST_100","100","0.229784042"
"2026-08-04 16:21:06.994 +07:00","1180.5004083","TEST_100","100","0.228964493"
"2026-08-04 16:21:07.677 +07:00","1181.1834159","TEST_100","100","0.228770971"
"2026-08-04 16:21:08.378 +07:00","1181.8842915999999","TEST_100","100","0.228501201"
"2026-08-04 16:21:09.078 +07:00","1182.5844588","TEST_100","100","0.228033021"
"2026-08-04 16:21:09.778 +07:00","1183.2841686","TEST_100","100","0.227640599"
"2026-08-04 16:21:10.460 +07:00","1183.9662491","TEST_100","100","0.227524638"
"2026-08-04 16:21:11.144 +07:00","1184.6496167999999","TEST_100","100","0.227335215"
"2026-08-04 16:21:11.843 +07:00","1185.348686","TEST_100","100","0.227218673"
"2026-08-04 16:21:12.543 +07:00","1186.0486514","TEST_100","100","0.22710517"
"2026-08-04 16:21:13.226 +07:00","1186.7323681","TEST_100","100","0.226927951"
"2026-08-04 16:21:14.308 +07:00","1187.8136732","TEST_100","100","0.226380542"
"2026-08-04 16:21:14.991 +07:00","1188.4970941","TEST_100","100","0.226107359"
"2026-08-04 16:21:15.673 +07:00","1189.1794919","TEST_100","100","0.22558558"
"2026-08-04 16:21:16.373 +07:00","1189.8794865999998","TEST_100","100","0.225497082"
"2026-08-04 16:21:17.054 +07:00","1190.5597535","TEST_100","100","0.225075439"
"2026-08-04 16:21:17.740 +07:00","1191.2460111","TEST_100","100","0.224296615"
"2026-08-04 16:21:18.439 +07:00","1191.9447572","TEST_100","100","0.224390835"
"2026-08-04 16:21:19.139 +07:00","1192.6450706","TEST_100","100","0.224571913"
"2026-08-04 16:21:19.823 +07:00","1193.3291054","TEST_100","100","0.22445932"
"2026-08-04 16:21:20.509 +07:00","1194.0148021","TEST_100","100","0.22375901"
"2026-08-04 16:21:21.589 +07:00","1195.0946483","TEST_100","100","0.223703235"
"2026-08-04 16:21:22.271 +07:00","1195.7775459","TEST_100","100","0.224082559"
"2026-08-04 16:21:22.970 +07:00","1196.4758571","TEST_100","100","0.223973542"
"2026-08-04 16:21:23.670 +07:00","1197.1762634","TEST_100","100","0.224011779"
"2026-08-04 16:21:24.369 +07:00","1197.8749608","TEST_100","100","0.224309206"
"2026-08-04 16:21:25.051 +07:00","1198.5573219","TEST_100","100","0.223850518"
"2026-08-04 16:21:25.737 +07:00","1199.2434759999999","TEST_100","100","0.223385647"
"2026-08-04 16:21:26.436 +07:00","1199.9418735","TEST_100","100","0.223275617"
"2026-08-04 16:21:27.123 +07:00","1200.6291927","TEST_100","100","0.223613232"
"2026-08-04 16:21:27.802 +07:00","1201.3084465","TEST_100","100","0.223897219"
"2026-08-04 16:21:28.954 +07:00","1202.4599298","TEST_100","100","0.223043635"
"2026-08-04 16:21:29.640 +07:00","1203.1464036999998","TEST_100","100","0.222858787"
"2026-08-04 16:21:30.330 +07:00","1203.8363484","TEST_100","100","0.222558692"
"2026-08-04 16:21:31.002 +07:00","1204.5078575","TEST_100","100","0.222543359"
"2026-08-04 16:21:31.689 +07:00","1205.1948765","TEST_100","100","0.2222424"
"2026-08-04 16:21:32.364 +07:00","1205.8704126999999","TEST_100","100","0.221883535"
"2026-08-04 16:21:33.049 +07:00","1206.5545766999999","TEST_100","100","0.221678451"
"2026-08-04 16:21:33.730 +07:00","1207.2358629","TEST_100","100","0.221564025"
"2026-08-04 16:21:34.416 +07:00","1207.9223222","TEST_100","100","0.221344948"
"2026-08-04 16:21:35.106 +07:00","1208.6124352","TEST_100","100","0.221290752"
"2026-08-04 16:21:36.198 +07:00","1209.7040683","TEST_100","100","0.221315503"
"2026-08-04 16:21:36.880 +07:00","1210.38582","TEST_100","100","0.221330196"
"2026-08-04 16:21:37.580 +07:00","1211.0862336","TEST_100","100","0.221145436"
"2026-08-04 16:21:38.279 +07:00","1211.7849718","TEST_100","100","0.221145391"
"2026-08-04 16:21:38.979 +07:00","1212.4852209","TEST_100","100","0.221088335"
"2026-08-04 16:21:39.663 +07:00","1213.1689145999999","TEST_100","100","0.22096023"
"2026-08-04 16:21:40.347 +07:00","1213.8530432999999","TEST_100","100","0.220771"
"2026-08-04 16:21:41.045 +07:00","1214.5509995","TEST_100","100","0.220772952"
"2026-08-04 16:21:41.726 +07:00","1215.2323732999998","TEST_100","100","0.220600128"
"2026-08-04 16:21:42.411 +07:00","1215.917326","TEST_100","100","0.219898343"
"2026-08-04 16:21:43.494 +07:00","1217.0002522","TEST_100","100","0.219133422"
"2026-08-04 16:21:44.176 +07:00","1217.6822528999999","TEST_100","100","0.219018936"
"2026-08-04 16:21:44.876 +07:00","1218.3820028","TEST_100","100","0.218805552"
"2026-08-04 16:21:45.576 +07:00","1219.0824272","TEST_100","100","0.218719721"
"2026-08-04 16:21:46.259 +07:00","1219.7651156","TEST_100","100","0.21871689"
"2026-08-04 16:21:46.941 +07:00","1220.4475625999999","TEST_100","100","0.218716428"
"2026-08-04 16:21:47.642 +07:00","1221.1480503999999","TEST_100","100","0.218587518"
"2026-08-04 16:21:48.342 +07:00","1221.8482924999998","TEST_100","100","0.218594268"
"2026-08-04 16:21:49.025 +07:00","1222.5307685999999","TEST_100","100","0.218994349"
"2026-08-04 16:21:49.706 +07:00","1223.2125465","TEST_100","100","0.218782857"
"2026-08-04 16:21:50.789 +07:00","1224.2946008","TEST_100","100","0.219632104"
"2026-08-04 16:21:51.474 +07:00","1224.979944","TEST_100","100","0.21956031"
"2026-08-04 16:21:52.172 +07:00","1225.6783083999999","TEST_100","100","0.2195528"
"2026-08-04 16:21:52.855 +07:00","1226.3615705","TEST_100","100","0.219467521"
"2026-08-04 16:21:53.538 +07:00","1227.0436309","TEST_100","100","0.219347268"
"2026-08-04 16:21:54.223 +07:00","1227.7291249","TEST_100","100","0.219166398"
"2026-08-04 16:21:54.921 +07:00","1228.4272153","TEST_100","100","0.218907714"
"2026-08-04 16:21:55.605 +07:00","1229.111442","TEST_100","100","0.218527466"
"2026-08-04 16:21:56.287 +07:00","1229.7932013","TEST_100","100","0.218254849"
"2026-08-04 16:21:56.987 +07:00","1230.4927613","TEST_100","100","0.21726203"
"2026-08-04 16:21:58.070 +07:00","1231.5756050999998","TEST_100","100","0.216067672"
"2026-08-04 16:21:58.770 +07:00","1232.2761564999998","TEST_100","100","0.215397641"
"2026-08-04 16:21:59.471 +07:00","1232.9767268","TEST_100","100","0.214679837"
"2026-08-04 16:22:00.168 +07:00","1233.674377","TEST_100","100","0.213896483"
"2026-08-04 16:22:00.850 +07:00","1234.35598","TEST_100","100","0.213225409"
"2026-08-04 16:22:01.535 +07:00","1235.0413888","TEST_100","100","0.212403297"
"2026-08-04 16:22:02.235 +07:00","1235.7411536","TEST_100","100","0.211702317"
"2026-08-04 16:22:02.936 +07:00","1236.4425704","TEST_100","100","0.210890606"
"2026-08-04 16:22:03.618 +07:00","1237.1240198","TEST_100","100","0.210176304"
"2026-08-04 16:22:04.299 +07:00","1237.8050985999998","TEST_100","100","0.209599167"
"2026-08-04 16:22:05.398 +07:00","1238.9040329","TEST_100","100","0.208575085"
"2026-08-04 16:22:06.083 +07:00","1239.5889339999999","TEST_100","100","0.207992226"
"2026-08-04 16:22:06.782 +07:00","1240.2885508","TEST_100","100","0.207358524"
"2026-08-04 16:22:07.483 +07:00","1240.9888346999999","TEST_100","100","0.206697077"
"2026-08-04 16:22:08.166 +07:00","1241.6716695999999","TEST_100","100","0.206018835"
"2026-08-04 16:22:08.849 +07:00","1242.3549805","TEST_100","100","0.205294535"
"2026-08-04 16:22:09.548 +07:00","1243.0541515","TEST_100","100","0.204424784"
"2026-08-04 16:22:10.247 +07:00","1243.752872","TEST_100","100","0.203941017"
"2026-08-04 16:22:10.931 +07:00","1244.4367498","TEST_100","100","0.203331754"
"2026-08-04 16:22:11.616 +07:00","1245.1216677999998","TEST_100","100","0.202421784"
"2026-08-04 16:22:12.744 +07:00","1246.2500467999998","TEST_100","100","0.200716645"
"2026-08-04 16:22:13.430 +07:00","1246.9361135","TEST_100","100","0.199876919"
"2026-08-04 16:22:14.113 +07:00","1247.6190553","TEST_100","100","0.199094981"
"2026-08-04 16:22:14.812 +07:00","1248.3177918","TEST_100","100","0.19851163"
"2026-08-04 16:22:15.496 +07:00","1249.0017195","TEST_100","100","0.197912127"
"2026-08-04 16:22:16.178 +07:00","1249.6843443","TEST_100","100","0.197102368"
"2026-08-04 16:22:16.861 +07:00","1250.3672144","TEST_100","100","0.195997059"
"2026-08-04 16:22:17.560 +07:00","1251.0664795","TEST_100","100","0.19532831"
"2026-08-04 16:22:18.260 +07:00","1251.7663671999999","TEST_100","100","0.194765419"
"2026-08-04 16:22:18.942 +07:00","1252.4484337","TEST_100","100","0.194062322"
"2026-08-04 16:22:20.030 +07:00","1253.5361149999999","TEST_100","100","0.193037957"
"2026-08-04 16:22:20.712 +07:00","1254.2177027999999","TEST_100","100","0.192707568"
"2026-08-04 16:22:21.409 +07:00","1254.9147389","TEST_100","100","0.192310184"
"2026-08-04 16:22:22.107 +07:00","1255.6135201","TEST_100","100","0.191992521"
"2026-08-04 16:22:22.791 +07:00","1256.2973713","TEST_100","100","0.192332998"
"2026-08-04 16:22:23.475 +07:00","1256.9814933","TEST_100","100","0.192757547"
"2026-08-04 16:22:24.174 +07:00","1257.680141","TEST_100","100","0.192546487"
"2026-08-04 16:22:24.873 +07:00","1258.3794699","TEST_100","100","0.192731932"
"2026-08-04 16:22:25.559 +07:00","1259.0653446","TEST_100","100","0.192858025"
"2026-08-04 16:22:26.239 +07:00","1259.7449606","TEST_100","100","0.192920938"
"2026-08-04 16:22:27.337 +07:00","1260.8435236","TEST_100","100","0.19324857"
"2026-08-04 16:22:28.020 +07:00","1261.5260362","TEST_100","100","0.19361043"
"2026-08-04 16:22:28.722 +07:00","1262.2283919","TEST_100","100","0.193757892"
"2026-08-04 16:22:29.422 +07:00","1262.9283223","TEST_100","100","0.193703085"
"2026-08-04 16:22:30.105 +07:00","1263.6105716","TEST_100","100","0.193596795"
"2026-08-04 16:22:30.789 +07:00","1264.2947881999999","TEST_100","100","0.193776488"
"2026-08-04 16:22:31.471 +07:00","1264.9766026999998","TEST_100","100","0.193703026"
"2026-08-04 16:22:32.172 +07:00","1265.6783699999999","TEST_100","100","0.193782389"
"2026-08-04 16:22:32.854 +07:00","1266.3601485","TEST_100","100","0.193822742"
"2026-08-04 16:22:33.535 +07:00","1267.0413932","TEST_100","100","0.193850502"
"2026-08-04 16:22:34.618 +07:00","1268.1245122999999","TEST_100","100","0.193281099"
"2026-08-04 16:22:35.302 +07:00","1268.8079298999999","TEST_100","100","0.19317767"
"2026-08-04 16:22:36.002 +07:00","1269.5079574","TEST_100","100","0.19313398"
"2026-08-04 16:22:36.699 +07:00","1270.2053076","TEST_100","100","0.19301413"
"2026-08-04 16:22:37.384 +07:00","1270.8903583","TEST_100","100","0.19311367"
"2026-08-04 16:22:38.065 +07:00","1271.5713621999998","TEST_100","100","0.19312036"
"2026-08-04 16:22:38.766 +07:00","1272.2718508","TEST_100","100","0.193009898"
"2026-08-04 16:22:39.449 +07:00","1272.9551551","TEST_100","100","0.192967445"
"2026-08-04 16:22:40.133 +07:00","1273.639404","TEST_100","100","0.192761272"
"2026-08-04 16:22:40.816 +07:00","1274.3219279999998","TEST_100","100","0.192761824"
"2026-08-04 16:22:41.997 +07:00","1275.5029003","TEST_100","100","0.192371458"
"2026-08-04 16:22:42.682 +07:00","1276.1875751999999","TEST_100","100","0.192028597"
"2026-08-04 16:22:43.365 +07:00","1276.8705840999999","TEST_100","100","0.19176507"
"2026-08-04 16:22:44.064 +07:00","1277.5699453","TEST_100","100","0.191110536"
"2026-08-04 16:22:44.764 +07:00","1278.2699985","TEST_100","100","0.190676704"
"2026-08-04 16:22:45.448 +07:00","1278.9540651999998","TEST_100","100","0.190369487"
"2026-08-04 16:22:46.129 +07:00","1279.6350244999999","TEST_100","100","0.190024167"
"2026-08-04 16:22:46.828 +07:00","1280.3340249","TEST_100","100","0.189774066"
"2026-08-04 16:22:47.514 +07:00","1281.0204841","TEST_100","100","0.189535752"
"2026-08-04 16:22:48.197 +07:00","1281.7030392","TEST_100","100","0.18933102499999999"
"2026-08-04 16:22:49.363 +07:00","1282.8689755","TEST_100","100","0.188959241"
"2026-08-04 16:22:50.064 +07:00","1283.5703154999999","TEST_100","100","0.188913152"
"2026-08-04 16:22:50.761 +07:00","1284.2671483","TEST_100","100","0.189188212"
"2026-08-04 16:22:51.443 +07:00","1284.9491704","TEST_100","100","0.189153165"
"2026-08-04 16:22:52.127 +07:00","1285.6331450999999","TEST_100","100","0.189040422"
"2026-08-04 16:22:52.827 +07:00","1286.3333401999998","TEST_100","100","0.188819975"
"2026-08-04 16:22:53.526 +07:00","1287.0323397","TEST_100","100","0.188678831"
"2026-08-04 16:22:54.211 +07:00","1287.7165943","TEST_100","100","0.188543782"
"2026-08-04 16:22:54.894 +07:00","1288.3999555999999","TEST_100","100","0.188435748"
"2026-08-04 16:22:55.593 +07:00","1289.0994639","TEST_100","100","0.188297912"
"2026-08-04 16:22:56.691 +07:00","1290.1969987","TEST_100","100","0.187998027"
"2026-08-04 16:22:57.391 +07:00","1290.8972208","TEST_100","100","0.187605411"
"2026-08-04 16:22:58.074 +07:00","1291.5804105","TEST_100","100","0.187426805"
"2026-08-04 16:22:58.768 +07:00","1292.274541","TEST_100","100","0.187349364"
"2026-08-04 16:22:59.460 +07:00","1292.9663613999999","TEST_100","100","0.18717131"
"2026-08-04 16:23:00.147 +07:00","1293.6531839","TEST_100","100","0.187120438"
"2026-08-04 16:23:00.837 +07:00","1294.3433012","TEST_100","100","0.186924621"
"2026-08-04 16:23:01.523 +07:00","1295.0288999","TEST_100","100","0.186829209"
"2026-08-04 16:23:02.205 +07:00","1295.7115056999999","TEST_100","100","0.186935917"
"2026-08-04 16:23:02.899 +07:00","1296.4051545","TEST_100","100","0.186723888"
"2026-08-04 16:23:04.003 +07:00","1297.5095102999999","TEST_100","100","0.186654598"
"2026-08-04 16:23:04.705 +07:00","1298.211439","TEST_100","100","0.186493114"
"2026-08-04 16:23:05.403 +07:00","1298.9092636","TEST_100","100","0.186269268"
"2026-08-04 16:23:06.088 +07:00","1299.5936975","TEST_100","100","0.186198667"
"2026-08-04 16:23:06.770 +07:00","1300.2762469","TEST_100","100","0.186046541"
"2026-08-04 16:23:07.470 +07:00","1300.9764005","TEST_100","100","0.186007798"
"2026-08-04 16:23:08.168 +07:00","1301.674345","TEST_100","100","0.185835838"
"2026-08-04 16:23:08.852 +07:00","1302.3582144","TEST_100","100","0.185459271"
"2026-08-04 16:23:09.538 +07:00","1303.0439623999998","TEST_100","100","0.185118347"
"2026-08-04 16:23:10.235 +07:00","1303.7413975","TEST_100","100","0.184804365"
"2026-08-04 16:23:11.317 +07:00","1304.8235476","TEST_100","100","0.184295923"
"2026-08-04 16:23:12.016 +07:00","1305.5225526","TEST_100","100","0.184127688"
"2026-08-04 16:23:12.717 +07:00","1306.2235467","TEST_100","100","0.183891639"
"2026-08-04 16:23:13.400 +07:00","1306.9056331","TEST_100","100","0.183582529"
"2026-08-04 16:23:14.083 +07:00","1307.5892066","TEST_100","100","0.183200091"
"2026-08-04 16:23:14.783 +07:00","1308.2890955","TEST_100","100","0.183037251"
"2026-08-04 16:23:15.481 +07:00","1308.9870723","TEST_100","100","0.182908267"
"2026-08-04 16:23:16.165 +07:00","1309.6713754999998","TEST_100","100","0.182891279"
"2026-08-04 16:23:16.848 +07:00","1310.3536361","TEST_100","100","0.182697624"
"2026-08-04 16:23:17.548 +07:00","1311.0539211","TEST_100","100","0.182532817"
"2026-08-04 16:23:18.697 +07:00","1312.2035489999998","TEST_100","100","0.182458341"
"2026-08-04 16:23:19.381 +07:00","1312.8868169999998","TEST_100","100","0.18251285"
"2026-08-04 16:23:20.080 +07:00","1313.5858245","TEST_100","100","0.182448715"
"2026-08-04 16:23:20.779 +07:00","1314.2854812","TEST_100","100","0.182410866"
"2026-08-04 16:23:21.462 +07:00","1314.9679425","TEST_100","100","0.182236299"
"2026-08-04 16:23:22.145 +07:00","1315.6508316","TEST_100","100","0.181526601"
"2026-08-04 16:23:22.846 +07:00","1316.351792","TEST_100","100","0.181320027"
"2026-08-04 16:23:23.545 +07:00","1317.0508449","TEST_100","100","0.181144744"
"2026-08-04 16:23:24.229 +07:00","1317.7353125","TEST_100","100","0.180688962"
"2026-08-04 16:23:24.910 +07:00","1318.4161442","TEST_100","100","0.180397883"
"2026-08-04 16:23:26.126 +07:00","1319.6320908999999","TEST_100","100","0.179507494"
"2026-08-04 16:23:26.825 +07:00","1320.3309203","TEST_100","100","0.179275692"
"2026-08-04 16:23:27.501 +07:00","1321.0074267","TEST_100","100","0.179117113"
"2026-08-04 16:23:28.190 +07:00","1321.6960219999999","TEST_100","100","0.178780153"
"2026-08-04 16:23:28.879 +07:00","1322.3847601999998","TEST_100","100","0.179155976"
"2026-08-04 16:23:29.566 +07:00","1323.0717743999999","TEST_100","100","0.179003701"
"2026-08-04 16:23:30.230 +07:00","1323.7358205","TEST_100","100","0.178879246"
"2026-08-04 16:23:30.923 +07:00","1324.4288388","TEST_100","100","0.179133043"
"2026-08-04 16:23:31.614 +07:00","1325.1200761999999","TEST_100","100","0.179035932"
"2026-08-04 16:23:32.305 +07:00","1325.810953","TEST_100","100","0.178596482"
"2026-08-04 16:23:33.434 +07:00","1326.9396525","TEST_100","100","0.178741381"
"2026-08-04 16:23:34.105 +07:00","1327.6111678","TEST_100","100","0.178548187"
"2026-08-04 16:23:34.791 +07:00","1328.2969491","TEST_100","100","0.17849341"
"2026-08-04 16:23:35.472 +07:00","1328.9784485999999","TEST_100","100","0.17832613"
"2026-08-04 16:23:36.174 +07:00","1329.6801220999998","TEST_100","100","0.178079709"
"2026-08-04 16:23:36.872 +07:00","1330.3784013","TEST_100","100","0.177990869"
"2026-08-04 16:23:37.555 +07:00","1331.0611304","TEST_100","100","0.177823126"
"2026-08-04 16:23:38.238 +07:00","1331.7444096","TEST_100","100","0.177991033"
"2026-08-04 16:23:38.938 +07:00","1332.4442361","TEST_100","100","0.1779695"
"2026-08-04 16:23:39.635 +07:00","1333.1412487","TEST_100","100","0.177796826"
"2026-08-04 16:23:40.735 +07:00","1334.2412941","TEST_100","100","0.17684716"
"2026-08-04 16:23:41.436 +07:00","1334.9422757999998","TEST_100","100","0.17675671"
"2026-08-04 16:23:42.118 +07:00","1335.623646","TEST_100","100","0.176650062"
"2026-08-04 16:23:42.806 +07:00","1336.3119081","TEST_100","100","0.176564813"
"2026-08-04 16:23:43.502 +07:00","1337.0084103","TEST_100","100","0.176410481"
"2026-08-04 16:23:44.202 +07:00","1337.7076952","TEST_100","100","0.176406011"
"2026-08-04 16:23:44.885 +07:00","1338.3905793","TEST_100","100","0.176017255"
"2026-08-04 16:23:45.567 +07:00","1339.0726544","TEST_100","100","0.175873727"
"2026-08-04 16:23:46.267 +07:00","1339.7731111","TEST_100","100","0.175820976"
"2026-08-04 16:23:46.950 +07:00","1340.4564725","TEST_100","100","0.17618224"
"2026-08-04 16:23:48.099 +07:00","1341.6048666","TEST_100","100","0.176436126"
"2026-08-04 16:23:48.798 +07:00","1342.3044382","TEST_100","100","0.176348403"
"2026-08-04 16:23:49.499 +07:00","1343.0047518","TEST_100","100","0.176172525"
"2026-08-04 16:23:50.181 +07:00","1343.6869163","TEST_100","100","0.176010624"
"2026-08-04 16:23:50.865 +07:00","1344.3713496999999","TEST_100","100","0.175708503"
"2026-08-04 16:23:51.565 +07:00","1345.0715212","TEST_100","100","0.176024884"
"2026-08-04 16:23:52.263 +07:00","1345.7692585999998","TEST_100","100","0.175880954"
"2026-08-04 16:23:52.947 +07:00","1346.4531617","TEST_100","100","0.175775737"
"2026-08-04 16:23:53.631 +07:00","1347.1368019","TEST_100","100","0.175766438"
"2026-08-04 16:23:54.325 +07:00","1347.8305837999999","TEST_100","100","0.175605029"
"2026-08-04 16:23:55.628 +07:00","1349.1343571","TEST_100","100","0.174841315"
"2026-08-04 16:23:56.329 +07:00","1349.8350148","TEST_100","100","0.17472145"
"2026-08-04 16:23:57.010 +07:00","1350.5158522","TEST_100","100","0.174386293"
"2026-08-04 16:23:57.697 +07:00","1351.203172","TEST_100","100","0.174196392"
"2026-08-04 16:23:58.378 +07:00","1351.8839318","TEST_100","100","0.173499763"
"2026-08-04 16:23:59.078 +07:00","1352.5837179","TEST_100","100","0.173313409"
"2026-08-04 16:23:59.760 +07:00","1353.266455","TEST_100","100","0.173025161"
"2026-08-04 16:24:00.444 +07:00","1353.9498815","TEST_100","100","0.172663435"
"2026-08-04 16:24:01.144 +07:00","1354.6502125","TEST_100","100","0.172539487"
"2026-08-04 16:24:01.842 +07:00","1355.3480481","TEST_100","100","0.172248721"
"2026-08-04 16:24:02.924 +07:00","1356.4302765","TEST_100","100","0.171963111"
"2026-08-04 16:24:03.626 +07:00","1357.1317295","TEST_100","100","0.172048479"
"2026-08-04 16:24:04.309 +07:00","1357.8151625","TEST_100","100","0.172006771"
"2026-08-04 16:24:04.992 +07:00","1358.4981957","TEST_100","100","0.171892181"
"2026-08-04 16:24:05.675 +07:00","1359.1810544","TEST_100","100","0.171216264"
"2026-08-04 16:24:06.361 +07:00","1359.8668321","TEST_100","100","0.170984119"
"2026-08-04 16:24:07.059 +07:00","1360.5646411999999","TEST_100","100","0.171419278"
"2026-08-04 16:24:07.738 +07:00","1361.2441076","TEST_100","100","0.171024516"
"2026-08-04 16:24:08.420 +07:00","1361.9259087","TEST_100","100","0.170729682"
"2026-08-04 16:24:09.101 +07:00","1362.6072345999999","TEST_100","100","0.170261115"