timeIso,deviceId,mode,gasName,gasClass,confidence,alarm,MQ8,MQ135,MQ3,MQ5,MQ4,MQ7,MQ6,MQ2
2026-07-30T00:02:43.278Z,1001,inference,CO2,6,0,0,-0.001369187,0.132102832,0.004613296,0.997024179,0.755260944,0.889345586,1.030967593,0.425945461
2026-07-30T00:02:43.730Z,1001,inference,CO2,6,0,0,-0.001358709,0.183497667,0.004502564,1.017610312,0.800374389,0.896576345,1.047016144,0.459980369
2026-07-30T00:02:44.192Z,1001,inference,CO2,6,0,0,-0.001358709,0.183497667,0.004502564,1.017610312,0.800374389,0.896576345,1.047016144,0.459980369
2026-07-30T00:02:44.810Z,1001,inference,CO2,6,0,0,-0.001356267,0.24429965,0.004537707,1.030334353,0.853201091,0.896346152,1.052013516,0.494761795
2026-07-30T00:02:45.259Z,1001,inference,CO2,6,0,0,-0.001338725,0.297684073,0.010848555,1.047242284,0.893842936,0.891151607,1.057056904,0.517510056
2026-07-30T00:02:45.746Z,1001,inference,CO2,6,0,0,-0.001338725,0.297684073,0.010848555,1.047242284,0.893842936,0.891151607,1.057056904,0.517510056
2026-07-30T00:02:47.290Z,1001,inference,CO2,6,0,0,-0.001376642,0.362694889,0.065632835,1.06061995,0.930053353,0.859731376,1.059555769,0.539946198
2026-07-30T00:02:47.726Z,1001,inference,CO2,6,0,0,-0.001418905,0.411416739,0.11397019,1.06697166,0.953254461,0.827133417,1.060268998,0.553140461
2026-07-30T00:02:48.200Z,1001,inference,CO2,6,0,0,-0.001418905,0.411416739,0.11397019,1.06697166,0.953254461,0.827133417,1.060268998,0.553140461
2026-07-30T00:02:48.806Z,1001,inference,CO2,6,0,0,0.003650249,0.449122906,0.157796249,1.064575911,0.965103447,0.788621783,1.056911707,0.557166398
2026-07-30T00:02:49.236Z,1001,inference,CO2,6,0,0,0.008886436,0.476738751,0.193903312,1.057940364,0.970384181,0.753252327,1.051501036,0.556631148
2026-07-30T00:02:49.721Z,1001,inference,CO2,6,0,0,0.008886436,0.476738751,0.193903312,1.057940364,0.970384181,0.753252327,1.051501036,0.556631148
2026-07-30T00:02:50.318Z,1001,inference,CO2,6,0,0,0.013870286,0.49328205,0.22514759,1.044530153,0.966621399,0.718538404,1.041165113,0.5490008
2026-07-30T00:02:50.761Z,1001,inference,LPG,1,99,1,0.019908104,0.502442241,0.251565546,1.028966784,0.961409092,0.687804818,1.029618859,0.540522873
2026-07-30T00:02:51.233Z,1001,inference,LPG,1,99,1,0.019908104,0.502442241,0.251565546,1.028966784,0.961409092,0.687804818,1.029618859,0.540522873
2026-07-30T00:02:51.832Z,1001,inference,LPG,1,99,1,0.028354004,0.541268051,0.302069545,1.010471106,0.970858574,0.635781169,1.014076948,0.539608598
2026-07-30T00:02:52.187Z,1001,inference,LPG,1,99,1,0.028354004,0.541268051,0.302069545,1.010471106,0.970858574,0.635781169,1.014076948,0.539608598
2026-07-30T00:02:52.650Z,1001,inference,LPG,1,99,1,0.028354004,0.541268051,0.302069545,1.010471106,0.970858574,0.635781169,1.014076948,0.539608598
2026-07-30T00:02:53.150Z,1001,inference,LPG,1,99,1,0.028354004,0.541268051,0.302069545,1.010471106,0.970858574,0.635781169,1.014076948,0.539608598
2026-07-30T00:02:53.652Z,1001,inference,LPG,1,99,1,0.028354004,0.541268051,0.302069545,1.010471106,0.970858574,0.635781169,1.014076948,0.539608598
2026-07-30T00:02:54.292Z,1001,inference,LPG,1,99,1,0.039401364,0.559716702,0.355445921,0.971809983,0.952336788,0.574382782,0.979556859,0.523851752
2026-07-30T00:02:54.695Z,1001,inference,LPG,1,99,1,0.050891273,0.562517166,0.409278929,0.928435147,0.91782397,0.512131453,0.941747665,0.500173926
2026-07-30T00:02:55.178Z,1001,inference,LPG,1,99,1,0.050891273,0.562517166,0.409278929,0.928435147,0.91782397,0.512131453,0.941747665,0.500173926
2026-07-30T00:02:55.787Z,1001,inference,LPG,1,99,1,0.063069619,0.554542243,0.460551202,0.876499295,0.871268392,0.450330019,0.897752285,0.4734779
2026-07-30T00:02:56.182Z,1001,inference,LPG,1,99,1,0.075813077,0.529301345,0.486129194,0.820552051,0.814676285,0.401760489,0.849505544,0.44268328
2026-07-30T00:02:56.661Z,1001,inference,LPG,1,99,1,0.075813077,0.529301345,0.486129194,0.820552051,0.814676285,0.401760489,0.849505544,0.44268328
2026-07-30T00:02:57.267Z,1001,inference,LPG,1,99,1,0.089217469,0.49895525,0.504040062,0.763246655,0.752705872,0.359656662,0.79786098,0.41198197
2026-07-30T00:02:57.680Z,1001,inference,LPG,1,99,1,0.099520624,0.466955006,0.515199542,0.708508909,0.690803587,0.326326251,0.748333335,0.383612424
2026-07-30T00:02:58.157Z,1001,inference,LPG,1,99,1,0.099520624,0.466955006,0.515199542,0.708508909,0.690803587,0.326326251,0.748333335,0.383612424
2026-07-30T00:02:58.764Z,1001,inference,LPG,1,99,1,0.109538853,0.434636593,0.522683024,0.655422747,0.626507938,0.296258152,0.69803077,0.357323945
2026-07-30T00:02:59.190Z,1001,inference,LPG,1,99,1,0.118984178,0.406281799,0.527079582,0.608168483,0.566557765,0.273233443,0.651360512,0.337323338
2026-07-30T00:02:59.670Z,1001,inference,LPG,1,99,1,0.118984178,0.406281799,0.527079582,0.608168483,0.566557765,0.273233443,0.651360512,0.337323338
2026-07-30T00:03:00.291Z,1001,inference,LPG,1,99,1,0.126881272,0.381371588,0.52913326,0.563417435,0.504560232,0.252097785,0.605151534,0.320106208
2026-07-30T00:03:00.701Z,1001,inference,LPG,1,99,1,0.133978188,0.362445027,0.528654456,0.524878621,0.446479231,0.234337211,0.562138081,0.306155503
2026-07-30T00:03:01.180Z,1001,inference,LPG,1,99,1,0.133978188,0.362445027,0.528654456,0.524878621,0.446479231,0.234337211,0.562138081,0.306155503
2026-07-30T00:03:01.794Z,1001,inference,LPG,1,99,1,0.13926056,0.352860034,0.524182975,0.49973923,0.403378487,0.224039286,0.532534957,0.29885143
2026-07-30T00:03:02.339Z,1001,inference,LPG,1,99,1,0.144730121,0.345698535,0.518736184,0.47620216,0.362753332,0.215259507,0.504849136,0.292986721
2026-07-30T00:03:02.686Z,1001,inference,LPG,1,99,1,0.144730121,0.345698535,0.518736184,0.47620216,0.362753332,0.215259507,0.504849136,0.292986721
2026-07-30T00:03:03.149Z,1001,inference,LPG,1,99,1,0.144730121,0.345698535,0.518736184,0.47620216,0.362753332,0.215259507,0.504849136,0.292986721
2026-07-30T00:03:03.662Z,1001,inference,LPG,1,99,1,0.144730121,0.345698535,0.518736184,0.47620216,0.362753332,0.215259507,0.504849136,0.292986721
2026-07-30T00:03:04.147Z,1001,inference,LPG,1,99,1,0.144730121,0.345698535,0.518736184,0.47620216,0.362753332,0.215259507,0.504849136,0.292986721
2026-07-30T00:03:04.754Z,1001,inference,LPG,1,99,1,0.150547475,0.338522762,0.510737896,0.452204645,0.321510136,0.206851169,0.477347374,0.287105024
2026-07-30T00:03:05.303Z,1001,inference,LPG,1,99,1,0.156005844,0.331801176,0.502400875,0.42945689,0.283532649,0.199002087,0.453239977,0.280543089
2026-07-30T00:03:05.726Z,1001,inference,LPG,1,99,1,0.161005139,0.326690018,0.493807167,0.408735812,0.25027135,0.191745758,0.432082713,0.274679214
2026-07-30T00:03:06.212Z,1001,inference,LPG,1,99,1,0.161005139,0.326690018,0.493807167,0.408735812,0.25027135,0.191745758,0.432082713,0.274679214
2026-07-30T00:03:06.766Z,1001,inference,LPG,1,99,1,0.166055635,0.320601881,0.484572947,0.388295293,0.218912765,0.186355218,0.41008845,0.269710809
2026-07-30T00:03:07.177Z,1001,inference,LPG,1,99,1,0.1704292,0.315126449,0.475640833,0.369252533,0.191977739,0.18224363,0.390057296,0.265290231
2026-07-30T00:03:07.651Z,1001,inference,LPG,1,99,1,0.1704292,0.315126449,0.475640833,0.369252533,0.191977739,0.18224363,0.390057296,0.265290231
2026-07-30T00:03:08.210Z,1001,inference,LPG,1,99,1,0.174963355,0.309900761,0.466061056,0.350312352,0.16691193,0.177321464,0.370320499,0.260764718
2026-07-30T00:03:08.799Z,1001,inference,LPG,1,99,1,0.179330647,0.304804265,0.456592619,0.332558095,0.145399392,0.173842683,0.352486432,0.255569994
2026-07-30T00:03:09.215Z,1001,inference,LPG,1,99,1,0.183732659,0.300121605,0.446984947,0.315562963,0.125801355,0.170523494,0.335613638,0.251484722
2026-07-30T00:03:09.688Z,1001,inference,LPG,1,99,1,0.183732659,0.300121605,0.446984947,0.315562963,0.125801355,0.170523494,0.335613638,0.251484722
2026-07-30T00:03:10.300Z,1001,inference,LPG,1,99,1,0.187540203,0.295606196,0.437479675,0.299799651,0.109235503,0.167480141,0.319552809,0.248588413
2026-07-30T00:03:10.709Z,1001,inference,LPG,1,99,1,0.190866739,0.290867895,0.427775323,0.284524649,0.094612971,0.164432719,0.304292619,0.244931191
2026-07-30T00:03:11.192Z,1001,inference,LPG,1,99,1,0.190866739,0.290867895,0.427775323,0.284524649,0.094612971,0.164432719,0.304292619,0.244931191
2026-07-30T00:03:11.800Z,1001,inference,LPG,1,99,1,0.193292916,0.287391812,0.419669479,0.272727191,0.086337917,0.162446916,0.292919606,0.241989762
2026-07-30T00:03:12.203Z,1001,inference,LPG,1,99,1,0.195823953,0.283933014,0.411464989,0.261130363,0.078357115,0.160868838,0.282667726,0.239769891
2026-07-30T00:03:12.678Z,1001,inference,LPG,1,99,1,0.195823953,0.283933014,0.411464989,0.261130363,0.078357115,0.160868838,0.282667726,0.239769891
2026-07-30T00:03:13.266Z,1001,inference,LPG,1,99,1,0.198327452,0.280445755,0.402948797,0.249295354,0.071178488,0.159347594,0.271388113,0.23713088
2026-07-30T00:03:13.686Z,1001,inference,LPG,1,99,1,0.198327452,0.280445755,0.402948797,0.249295354,0.071178488,0.159347594,0.271388113,0.23713088
2026-07-30T00:03:14.148Z,1001,inference,LPG,1,99,1,0.198327452,0.280445755,0.402948797,0.249295354,0.071178488,0.159347594,0.271388113,0.23713088
2026-07-30T00:03:14.647Z,1001,inference,LPG,1,99,1,0.198327452,0.280445755,0.402948797,0.249295354,0.071178488,0.159347594,0.271388113,0.23713088
2026-07-30T00:03:15.161Z,1001,inference,LPG,1,99,1,0.198327452,0.280445755,0.402948797,0.249295354,0.071178488,0.159347594,0.271388113,0.23713088
2026-07-30T00:03:15.784Z,1001,inference,LPG,1,99,1,0.200838923,0.276883394,0.393006325,0.236714989,0.063342996,0.157347038,0.258970886,0.234457895
2026-07-30T00:03:16.193Z,1001,inference,LPG,1,99,1,0.203232169,0.273223996,0.38343668,0.224501699,0.05658688,0.155596912,0.247156575,0.231831238
2026-07-30T00:03:16.674Z,1001,inference,LPG,1,99,1,0.203232169,0.273223996,0.38343668,0.224501699,0.05658688,0.155596912,0.247156575,0.231831238
2026-07-30T00:03:17.269Z,1001,inference,LPG,1,99,1,0.205327436,0.2694785,0.373855442,0.212941676,0.05018986,0.153783649,0.23578158,0.229170635
2026-07-30T00:03:17.829Z,1001,inference,LPG,1,99,1,0.207222983,0.266104877,0.364353269,0.201849774,0.04483695,0.151813194,0.225223973,0.226692647
2026-07-30T00:03:18.260Z,1001,inference,LPG,1,99,1,0.208934978,0.262673795,0.354995906,0.191038817,0.038820054,0.150279805,0.21492219,0.22408101
2026-07-30T00:03:18.735Z,1001,inference,LPG,1,99,1,0.208934978,0.262673795,0.354995906,0.191038817,0.038820054,0.150279805,0.21492219,0.22408101
2026-07-30T00:03:19.313Z,1001,inference,LPG,1,99,1,0.210528776,0.259545594,0.346106887,0.181386977,0.03460487,0.148589164,0.205509663,0.221646696
2026-07-30T00:03:19.743Z,1001,inference,LPG,1,99,1,0.212179974,0.256577909,0.337310493,0.171509326,0.029460639,0.146953285,0.19631353,0.21947518
2026-07-30T00:03:20.219Z,1001,inference,LPG,1,99,1,0.212179974,0.256577909,0.337310493,0.171509326,0.029460639,0.146953285,0.19631353,0.21947518
2026-07-30T00:03:20.779Z,1001,inference,LPG,1,99,1,0.213591501,0.253877252,0.328876346,0.16255796,0.023844037,0.145319998,0.187743455,0.217317387
2026-07-30T00:03:21.212Z,1001,inference,LPG,1,99,1,0.214913055,0.251130998,0.320507258,0.153958768,0.019799152,0.143552497,0.178655952,0.214603379
2026-07-30T00:03:21.692Z,1001,inference,LPG,1,99,1,0.214913055,0.251130998,0.320507258,0.153958768,0.019799152,0.143552497,0.178655952,0.214603379
2026-07-30T00:03:22.269Z,1001,inference,LPG,1,99,1,0.216099709,0.248382181,0.312738836,0.145729154,0.015766619,0.141411111,0.171395957,0.212334007
2026-07-30T00:03:22.712Z,1001,inference,LPG,1,99,1,0.216601998,0.246327728,0.306790411,0.140487358,0.012381502,0.139668137,0.16624257,0.210480019
2026-07-30T00:03:23.188Z,1001,inference,LPG,1,99,1,0.216601998,0.246327728,0.306790411,0.140487358,0.012381502,0.139668137,0.16624257,0.210480019
2026-07-30T00:03:23.746Z,1001,inference,LPG,1,99,1,0.21726048,0.244277805,0.301277339,0.134674415,0.008648032,0.138030335,0.160239622,0.20860824
2026-07-30T00:03:24.183Z,1001,inference,LPG,1,99,1,0.21726048,0.244277805,0.301277339,0.134674415,0.008648032,0.138030335,0.160239622,0.20860824
2026-07-30T00:03:24.647Z,1001,inference,LPG,1,99,1,0.21726048,0.244277805,0.301277339,0.134674415,0.008648032,0.138030335,0.160239622,0.20860824
2026-07-30T00:03:25.185Z,1001,inference,LPG,1,99,1,0.21726048,0.244277805,0.301277339,0.134674415,0.008648032,0.138030335,0.160239622,0.20860824
2026-07-30T00:03:25.650Z,1001,inference,LPG,1,99,1,0.21726048,0.244277805,0.301277339,0.134674415,0.008648032,0.138030335,0.160239622,0.20860824
2026-07-30T00:03:26.264Z,1001,inference,LPG,1,99,1,0.217797488,0.241861865,0.294355005,0.128345832,0.005430867,0.136836514,0.154705852,0.206753179
2026-07-30T00:03:26.670Z,1001,inference,LPG,1,99,1,0.218216062,0.239454895,0.288661659,0.122592233,0.001879691,0.134863734,0.149132445,0.204849035
2026-07-30T00:03:27.154Z,1001,inference,LPG,1,99,1,0.218216062,0.239454895,0.288661659,0.122592233,0.001879691,0.134863734,0.149132445,0.204849035
2026-07-30T00:03:27.763Z,1001,inference,LPG,1,99,1,0.218629569,0.2368633,0.282112986,0.117042914,-0.000408786,0.132815406,0.143718034,0.203271508
2026-07-30T00:03:28.334Z,1001,inference,LPG,1,99,1,0.218993589,0.234347701,0.276461661,0.111321524,-0.003568532,0.131158412,0.13849923,0.201656073
2026-07-30T00:03:28.768Z,1001,inference,LPG,1,99,1,0.219155401,0.231948018,0.270375282,0.106575109,-0.005547232,0.129007116,0.133548737,0.199999452
2026-07-30T00:03:29.254Z,1001,inference,LPG,1,99,1,0.219155401,0.231948018,0.270375282,0.106575109,-0.005547232,0.129007116,0.133548737,0.199999452
2026-07-30T00:03:29.675Z,1001,inference,LPG,1,99,1,0.219271109,0.228957772,0.264191598,0.101827763,-0.006429575,0.127257869,0.128586382,0.19819887
2026-07-30T00:03:30.158Z,1001,inference,LPG,1,99,1,0.219271109,0.228957772,0.264191598,0.101827763,-0.006429575,0.127257869,0.128586382,0.19819887
2026-07-30T00:03:30.796Z,1001,inference,LPG,1,99,1,0.219139576,0.226465061,0.257584423,0.097424604,-0.00832225,0.125446528,0.123968244,0.196538374
2026-07-30T00:03:31.204Z,1001,inference,LPG,1,99,1,0.219038725,0.224194765,0.251794815,0.093599692,-0.009807957,0.123965606,0.119339719,0.1951112
2026-07-30T00:03:31.684Z,1001,inference,LPG,1,99,1,0.219038725,0.224194765,0.251794815,0.093599692,-0.009807957,0.123965606,0.119339719,0.1951112
2026-07-30T00:03:32.298Z,1001,inference,LPG,1,99,1,0.219144017,0.22165601,0.246495813,0.089290008,-0.00995932,0.122193672,0.114669167,0.193577558
2026-07-30T00:03:32.691Z,1001,inference,LPG,1,99,1,0.218994096,0.219267651,0.240313917,0.085722245,-0.009984486,0.12081448,0.111362115,0.192178935
2026-07-30T00:03:33.173Z,1001,inference,LPG,1,99,1,0.218994096,0.219267651,0.240313917,0.085722245,-0.009984486,0.12081448,0.111362115,0.192178935
2026-07-30T00:03:33.753Z,1001,inference,LPG,1,99,1,0.218861192,0.217460185,0.236037642,0.08322265,-0.010009828,0.119142532,0.108125411,0.190924734
2026-07-30T00:03:34.174Z,1001,inference,LPG,1,99,1,0.218861192,0.217460185,0.236037642,0.08322265,-0.010009828,0.119142532,0.108125411,0.190924734
2026-07-30T00:03:34.637Z,1001,inference,LPG,1,99,1,0.218861192,0.217460185,0.236037642,0.08322265,-0.010009828,0.119142532,0.108125411,0.190924734
2026-07-30T00:03:35.135Z,1001,inference,LPG,1,99,1,0.218861192,0.217460185,0.236037642,0.08322265,-0.010009828,0.119142532,0.108125411,0.190924734
2026-07-30T00:03:35.650Z,1001,inference,LPG,1,99,1,0.218861192,0.217460185,0.236037642,0.08322265,-0.010009828,0.119142532,0.108125411,0.190924734
2026-07-30T00:03:36.258Z,1001,inference,LPG,1,99,1,0.218533397,0.215627238,0.230625108,0.080255091,-0.010047664,0.117319807,0.104560375,0.189418033
2026-07-30T00:03:36.668Z,1001,inference,LPG,1,99,1,0.21823585,0.213275105,0.225914598,0.077725358,-0.010056316,0.115562283,0.101371445,0.187897071
2026-07-30T00:03:37.146Z,1001,inference,LPG,1,99,1,0.21823585,0.213275105,0.225914598,0.077725358,-0.010056316,0.115562283,0.101371445,0.187897071
2026-07-30T00:03:37.753Z,1001,inference,LPG,1,99,1,0.217746973,0.211192966,0.220373392,0.075028248,-0.0100574,0.113577947,0.098230481,0.186229631
2026-07-30T00:03:38.331Z,1001,inference,LPG,1,99,1,0.217275336,0.209131002,0.215729862,0.07209485,-0.010061904,0.112318352,0.094993144,0.184613228
2026-07-30T00:03:38.762Z,1001,inference,LPG,1,99,1,0.216816783,0.208145142,0.211657614,0.069785476,-0.010158207,0.110641792,0.092326976,0.183138371
2026-07-30T00:03:39.250Z,1001,inference,LPG,1,99,1,0.216816783,0.208145142,0.211657614,0.069785476,-0.010158207,0.110641792,0.092326976,0.183138371
2026-07-30T00:03:39.809Z,1001,inference,LPG,1,99,1,0.216453224,0.20631209,0.208120018,0.06758067,-0.010162191,0.108688518,0.089631706,0.18181935
2026-07-30T00:03:40.267Z,1001,inference,LPG,1,99,1,0.216034651,0.204176426,0.204303294,0.064919122,-0.01015316,0.106597558,0.087001115,0.180098698
2026-07-30T00:03:40.754Z,1001,inference,LPG,1,99,1,0.216034651,0.204176426,0.204303294,0.064919122,-0.01015316,0.106597558,0.087001115,0.180098698
2026-07-30T00:03:41.318Z,1001,inference,LPG,1,99,1,0.215349957,0.202091217,0.200464457,0.062330417,-0.010136722,0.104608357,0.084698804,0.178617775
2026-07-30T00:03:41.758Z,1001,inference,LPG,1,99,1,0.214831591,0.200163797,0.196905106,0.059928648,-0.010092596,0.102583408,0.082142375,0.177253991
2026-07-30T00:03:42.236Z,1001,inference,LPG,1,99,1,0.214831591,0.200163797,0.196905106,0.059928648,-0.010092596,0.102583408,0.082142375,0.177253991
2026-07-30T00:03:42.811Z,1001,inference,LPG,1,99,1,0.214225888,0.197999403,0.193390593,0.057563744,-0.010080501,0.100727037,0.080391452,0.17588219
2026-07-30T00:03:43.248Z,1001,inference,LPG,1,99,1,0.21372512,0.195918113,0.190201595,0.055794884,-0.01006479,0.099641077,0.078753121,0.174915925
2026-07-30T00:03:43.731Z,1001,inference,LPG,1,99,1,0.21372512,0.195918113,0.190201595,0.055794884,-0.01006479,0.099641077,0.078753121,0.174915925
2026-07-30T00:03:44.281Z,1001,inference,LPG,1,99,1,0.213173389,0.194558635,0.187039226,0.053651817,-0.010054626,0.098831877,0.07715743,0.173997715
2026-07-30T00:03:44.686Z,1001,inference,LPG,1,99,1,0.213173389,0.194558635,0.187039226,0.053651817,-0.010054626,0.098831877,0.07715743,0.173997715
2026-07-30T00:03:45.151Z,1001,inference,LPG,1,99,1,0.213173389,0.194558635,0.187039226,0.053651817,-0.010054626,0.098831877,0.07715743,0.173997715
2026-07-30T00:03:45.663Z,1001,inference,LPG,1,99,1,0.213173389,0.194558635,0.187039226,0.053651817,-0.010054626,0.098831877,0.07715743,0.173997715
2026-07-30T00:03:46.161Z,1001,inference,LPG,1,99,1,0.213173389,0.194558635,0.187039226,0.053651817,-0.010054626,0.098831877,0.07715743,0.173997715
2026-07-30T00:03:46.753Z,1001,inference,LPG,1,99,1,0.212499067,0.192820698,0.18431136,0.051697187,-0.010035515,0.097496346,0.075403199,0.172991917
2026-07-30T00:03:47.329Z,1001,inference,LPG,1,99,1,0.211900786,0.19126308,0.181748688,0.050080724,-0.010024774,0.095622227,0.073912703,0.171886966
2026-07-30T00:03:47.770Z,1001,inference,LPG,1,99,1,0.211271405,0.189221978,0.178817749,0.048369583,-0.00994252,0.094231591,0.072404958,0.170891762
2026-07-30T00:03:48.256Z,1001,inference,LPG,1,99,1,0.211271405,0.189221978,0.178817749,0.048369583,-0.00994252,0.094231591,0.072404958,0.170891762
2026-07-30T00:03:48.818Z,1001,inference,LPG,1,99,1,0.210556388,0.187331945,0.176141903,0.047146078,-0.009955248,0.092730127,0.071004853,0.169635817
2026-07-30T00:03:49.258Z,1001,inference,LPG,1,99,1,0.209808588,0.185684532,0.17311427,0.045813069,-0.009956568,0.091211148,0.069497667,0.168814808
2026-07-30T00:03:49.734Z,1001,inference,LPG,1,99,1,0.209808588,0.185684532,0.17311427,0.045813069,-0.009956568,0.091211148,0.069497667,0.168814808
2026-07-30T00:03:50.310Z,1001,inference,LPG,1,99,1,0.209216163,0.184074551,0.170122012,0.044800542,-0.009980652,0.090151131,0.067883715,0.167977184
2026-07-30T00:03:50.754Z,1001,inference,LPG,1,99,1,0.208362743,0.182178453,0.167417303,0.043417551,-0.010025864,0.089000091,0.066434279,0.166373938
2026-07-30T00:03:51.229Z,1001,inference,LPG,1,99,1,0.208362743,0.182178453,0.167417303,0.043417551,-0.010025864,0.089000091,0.066434279,0.166373938
2026-07-30T00:03:51.808Z,1001,inference,LPG,1,99,1,0.207615495,0.18071638,0.165433675,0.042047791,-0.010023326,0.087577656,0.064705327,0.165414765
2026-07-30T00:03:52.254Z,1001,inference,LPG,1,99,1,0.206894279,0.179206893,0.162944898,0.040244155,-0.010037633,0.086030588,0.063179895,0.164429799
2026-07-30T00:03:52.741Z,1001,inference,LPG,1,99,1,0.206894279,0.179206893,0.162944898,0.040244155,-0.010037633,0.086030588,0.063179895,0.164429799
2026-07-30T00:03:53.318Z,1001,inference,LPG,1,99,1,0.206098229,0.178057685,0.160989717,0.038905524,-0.010022996,0.084584162,0.061505813,0.16352722
2026-07-30T00:03:53.764Z,1001,inference,LPG,1,99,1,0.205404997,0.176303372,0.158871785,0.037916996,-0.010014654,0.08347293,0.06043458,0.162801504
2026-07-30T00:03:54.239Z,1001,inference,LPG,1,99,1,0.205404997,0.176303372,0.158871785,0.037916996,-0.010014654,0.08347293,0.06043458,0.162801504
2026-07-30T00:03:54.809Z,1001,inference,LPG,1,99,1,0.204683691,0.174583793,0.156495556,0.036744706,-0.010002011,0.082812354,0.059140652,0.161850259
2026-07-30T00:03:55.178Z,1001,inference,LPG,1,99,1,0.204683691,0.174583793,0.156495556,0.036744706,-0.010002011,0.082812354,0.059140652,0.161850259
2026-07-30T00:03:55.642Z,1001,inference,LPG,1,99,1,0.204683691,0.174583793,0.156495556,0.036744706,-0.010002011,0.082812354,0.059140652,0.161850259
2026-07-30T00:03:56.142Z,1001,inference,LPG,1,99,1,0.204683691,0.174583793,0.156495556,0.036744706,-0.010002011,0.082812354,0.059140652,0.161850259
2026-07-30T00:03:56.641Z,1001,inference,LPG,1,99,1,0.204683691,0.174583793,0.156495556,0.036744706,-0.010002011,0.082812354,0.059140652,0.161850259
2026-07-30T00:03:57.267Z,1001,inference,LPG,1,99,1,0.20401895,0.172503829,0.154228747,0.035227563,-0.009977257,0.081238352,0.057540547,0.160710901
2026-07-30T00:03:57.675Z,1001,inference,LPG,1,99,1,0.203079224,0.170855001,0.151917145,0.032564551,-0.009898687,0.079960056,0.055885442,0.15975669
2026-07-30T00:03:58.159Z,1001,inference,LPG,1,99,1,0.203079224,0.170855001,0.151917145,0.032564551,-0.009898687,0.079960056,0.055885442,0.15975669
2026-07-30T00:03:58.772Z,1001,inference,LPG,1,99,1,0.202293515,0.169427842,0.149899155,0.031490445,-0.009898828,0.079087831,0.054351874,0.158595607
2026-07-30T00:03:59.186Z,1001,inference,LPG,1,99,1,0.201336741,0.168381676,0.14773801,0.030307036,-0.009900219,0.077751659,0.053098839,0.157343403
2026-07-30T00:03:59.671Z,1001,inference,LPG,1,99,1,0.201336741,0.168381676,0.14773801,0.030307036,-0.009900219,0.077751659,0.053098839,0.157343403
2026-07-30T00:04:00.278Z,1001,inference,LPG,1,99,1,0.200651795,0.166941792,0.145369649,0.028653556,-0.009882159,0.076410629,0.05171451,0.156803876
2026-07-30T00:04:00.674Z,1001,inference,LPG,1,99,1,0.199739486,0.165349126,0.142500311,0.027128285,-0.009891545,0.075246558,0.050478596,0.155742764
2026-07-30T00:04:01.149Z,1001,inference,LPG,1,99,1,0.199739486,0.165349126,0.142500311,0.027128285,-0.009891545,0.075246558,0.050478596,0.155742764
2026-07-30T00:04:01.768Z,1001,inference,LPG,1,99,1,0.199029669,0.163584709,0.140346631,0.026150346,-0.009881128,0.074125037,0.049228415,0.154460639
2026-07-30T00:04:02.169Z,1001,inference,LPG,1,99,1,0.198270932,0.161591142,0.138360485,0.024893943,-0.009876421,0.07269831,0.048298504,0.15321146
2026-07-30T00:04:02.652Z,1001,inference,LPG,1,99,1,0.198270932,0.161591142,0.138360485,0.024893943,-0.009876421,0.07269831,0.048298504,0.15321146
2026-07-30T00:04:03.258Z,1001,inference,LPG,1,99,1,0.197617203,0.160353869,0.136508107,0.023920706,-0.00987995,0.071498439,0.04711568,0.152097479
2026-07-30T00:04:03.822Z,1001,inference,LPG,1,99,1,0.196719855,0.158869296,0.134977236,0.023301819,-0.009920327,0.070194483,0.046053909,0.151137725
2026-07-30T00:04:04.261Z,1001,inference,LPG,1,99,1,0.196012348,0.15775542,0.133396462,0.021873485,-0.009918508,0.069552891,0.045244232,0.150240272
2026-07-30T00:04:04.734Z,1001,inference,LPG,1,99,1,0.196012348,0.15775542,0.133396462,0.021873485,-0.009918508,0.069552891,0.045244232,0.150240272
2026-07-30T00:04:05.289Z,1001,inference,LPG,1,99,1,0.195519298,0.156627804,0.131611124,0.021641731,-0.009896645,0.069017798,0.044392545,0.14941375
2026-07-30T00:04:05.690Z,1001,inference,LPG,1,99,1,0.195519298,0.156627804,0.131611124,0.021641731,-0.009896645,0.069017798,0.044392545,0.14941375
2026-07-30T00:04:06.152Z,1001,inference,LPG,1,99,1,0.195519298,0.156627804,0.131611124,0.021641731,-0.009896645,0.069017798,0.044392545,0.14941375
2026-07-30T00:04:06.652Z,1001,inference,LPG,1,99,1,0.195519298,0.156627804,0.131611124,0.021641731,-0.009896645,0.069017798,0.044392545,0.14941375
2026-07-30T00:04:07.163Z,1001,inference,LPG,1,99,1,0.195519298,0.156627804,0.131611124,0.021641731,-0.009896645,0.069017798,0.044392545,0.14941375
2026-07-30T00:04:07.758Z,1001,inference,LPG,1,99,1,0.194639638,0.155087516,0.129992738,0.020690516,-0.009875642,0.067698807,0.043512035,0.148504972
2026-07-30T00:04:08.333Z,1001,inference,LPG,1,99,1,0.193960354,0.153308377,0.128235817,0.019600425,-0.009850813,0.06668777,0.042736448,0.147775412
2026-07-30T00:04:08.774Z,1001,inference,LPG,1,99,1,0.192872986,0.151997253,0.126767814,0.018032912,-0.00985959,0.065478332,0.041943625,0.146897152
2026-07-30T00:04:09.251Z,1001,inference,LPG,1,99,1,0.192872986,0.151997253,0.126767814,0.018032912,-0.00985959,0.065478332,0.041943625,0.146897152
2026-07-30T00:04:09.826Z,1001,inference,LPG,1,99,1,0.19212988,0.150616258,0.125402659,0.017355438,-0.009853734,0.064799681,0.041106537,0.145731568
2026-07-30T00:04:10.273Z,1001,inference,LPG,1,99,1,0.190982819,0.148782998,0.123976067,0.017054612,-0.009839436,0.06376671,0.040567901,0.14492476
2026-07-30T00:04:10.745Z,1001,inference,LPG,1,99,1,0.190982819,0.148782998,0.123976067,0.017054612,-0.009839436,0.06376671,0.040567901,0.14492476
2026-07-30T00:04:11.338Z,1001,inference,LPG,1,99,1,0.190115705,0.147807956,0.122348562,0.014972964,-0.009878734,0.06256903,0.039435767,0.143899694
2026-07-30T00:04:11.779Z,1001,inference,LPG,1,99,1,0.189123869,0.146621078,0.120866612,0.012778352,-0.009906167,0.06170211,0.038501449,0.142738611
2026-07-30T00:04:12.255Z,1001,inference,LPG,1,99,1,0.189123869,0.146621078,0.120866612,0.012778352,-0.009906167,0.06170211,0.038501449,0.142738611
2026-07-30T00:04:12.832Z,1001,inference,LPG,1,99,1,0.188408405,0.145211458,0.119190373,0.011162918,-0.009878596,0.060610436,0.037613347,0.14117986
2026-07-30T00:04:13.269Z,1001,inference,LPG,1,99,1,0.18757312,0.143198833,0.11754185,0.011143731,-0.009882719,0.059476085,0.036757402,0.139840931
2026-07-30T00:04:13.747Z,1001,inference,LPG,1,99,1,0.18757312,0.143198833,0.11754185,0.011143731,-0.009882719,0.059476085,0.036757402,0.139840931
2026-07-30T00:04:14.326Z,1001,inference,LPG,1,99,1,0.186720967,0.141852722,0.116357461,0.009178296,-0.009955605,0.058344293,0.035781253,0.138841584
2026-07-30T00:04:14.760Z,1001,inference,LPG,1,99,1,0.18607226,0.141167849,0.114888944,0.008823913,-0.009967587,0.057512213,0.03497285,0.137937859
2026-07-30T00:04:15.243Z,1001,inference,LPG,1,99,1,0.18607226,0.141167849,0.114888944,0.008823913,-0.009967587,0.057512213,0.03497285,0.137937859
2026-07-30T00:04:15.790Z,1001,inference,LPG,1,99,1,0.185544521,0.139739349,0.113735124,0.007038568,-0.009987135,0.056700271,0.033970144,0.13687849
2026-07-30T00:04:16.186Z,1001,inference,LPG,1,99,1,0.185544521,0.139739349,0.113735124,0.007038568,-0.009987135,0.056700271,0.033970144,0.13687849
2026-07-30T00:04:16.648Z,1001,inference,LPG,1,99,1,0.185544521,0.139739349,0.113735124,0.007038568,-0.009987135,0.056700271,0.033970144,0.13687849
2026-07-30T00:04:17.148Z,1001,inference,LPG,1,99,1,0.185544521,0.139739349,0.113735124,0.007038568,-0.009987135,0.056700271,0.033970144,0.13687849
2026-07-30T00:04:17.652Z,1001,inference,LPG,1,99,1,0.185544521,0.139739349,0.113735124,0.007038568,-0.009987135,0.056700271,0.033970144,0.13687849
2026-07-30T00:04:18.262Z,1001,inference,LPG,1,99,1,0.185002446,0.138154179,0.112323523,0.006492204,-0.009977692,0.055974595,0.032967042,0.135560885
2026-07-30T00:04:18.837Z,1001,inference,LPG,1,99,1,0.184050292,0.136624128,0.110556066,0.005039533,-0.01007396,0.054816317,0.031973161,0.134519055
2026-07-30T00:04:19.271Z,1001,inference,LPG,1,99,1,0.183326811,0.135758609,0.108981863,0.003284215,-0.010106013,0.053676806,0.030962417,0.133302048
2026-07-30T00:04:19.756Z,1001,inference,LPG,1,99,1,0.183326811,0.135758609,0.108981863,0.003284215,-0.010106013,0.053676806,0.030962417,0.133302048
2026-07-30T00:04:20.166Z,1001,inference,LPG,1,99,1,0.182519227,0.133758098,0.107387319,0.003435193,-0.010063732,0.053131856,0.030373052,0.132236511
2026-07-30T00:04:20.651Z,1001,inference,LPG,1,99,1,0.182519227,0.133758098,0.107387319,0.003435193,-0.010063732,0.053131856,0.030373052,0.132236511
2026-07-30T00:04:21.258Z,1001,inference,LPG,1,99,1,0.181702539,0.132079616,0.105785355,0.003249641,-0.010055355,0.052013628,0.029624412,0.131265134
2026-07-30T00:04:21.678Z,1001,inference,LPG,1,99,1,0.180923119,0.130748659,0.104469702,0.002137966,-0.010046927,0.050875902,0.028874144,0.130306438
2026-07-30T00:04:22.161Z,1001,inference,LPG,1,99,1,0.180923119,0.130748659,0.104469702,0.002137966,-0.010046927,0.050875902,0.028874144,0.130306438
2026-07-30T00:04:22.783Z,1001,inference,LPG,1,98,1,0.179762751,0.12984398,0.103439867,0.000461075,-0.010047355,0.049853999,0.027880568,0.129563168
2026-07-30T00:04:23.194Z,1001,inference,LPG,1,98,1,0.178997114,0.128497839,0.102043845,0.00038495,-0.010045437,0.048944879,0.027283981,0.128264591
2026-07-30T00:04:23.669Z,1001,inference,LPG,1,98,1,0.178997114,0.128497839,0.102043845,0.00038495,-0.010045437,0.048944879,0.027283981,0.128264591
2026-07-30T00:04:24.288Z,1001,inference,LPG,1,98,1,0.178245112,0.126610786,0.100763336,-0.0015019,-0.010049314,0.048078954,0.026769256,0.127089575
2026-07-30T00:04:24.704Z,1001,inference,LPG,1,98,1,0.177278548,0.125278383,0.099179462,-0.00185719,-0.010046135,0.047276568,0.026203196,0.126034796
2026-07-30T00:04:25.180Z,1001,inference,LPG,1,98,1,0.177278548,0.125278383,0.099179462,-0.00185719,-0.010046135,0.047276568,0.026203196,0.126034796
2026-07-30T00:04:25.786Z,1001,inference,LPG,1,98,1,0.176437795,0.124386966,0.098197579,-0.002007959,-0.01003368,0.04641388,0.025914216,0.125259638
2026-07-30T00:04:26.322Z,1001,inference,LPG,1,98,1,0.17588596,0.123354241,0.097389907,-0.002125542,-0.009945556,0.045457449,0.025704691,0.124467589
2026-07-30T00:04:26.677Z,1001,inference,LPG,1,98,1,0.17588596,0.123354241,0.097389907,-0.002125542,-0.009945556,0.045457449,0.025704691,0.124467589
2026-07-30T00:04:27.143Z,1001,inference,LPG,1,98,1,0.17588596,0.123354241,0.097389907,-0.002125542,-0.009945556,0.045457449,0.025704691,0.124467589
2026-07-30T00:04:27.648Z,1001,inference,LPG,1,98,1,0.17588596,0.123354241,0.097389907,-0.002125542,-0.009945556,0.045457449,0.025704691,0.124467589
2026-07-30T00:04:28.148Z,1001,inference,LPG,1,98,1,0.17588596,0.123354241,0.097389907,-0.002125542,-0.009945556,0.045457449,0.025704691,0.124467589
2026-07-30T00:04:28.749Z,1001,inference,LPG,1,98,1,0.175186783,0.122020364,0.096544877,-0.002379678,-0.009912733,0.044996034,0.025139004,0.123523079
2026-07-30T00:04:29.298Z,1001,inference,LPG,1,98,1,0.174542695,0.120831981,0.095430613,-0.002749038,-0.009920545,0.044049714,0.024324005,0.122509323
2026-07-30T00:04:29.715Z,1001,inference,LPG,1,98,1,0.173951268,0.11966975,0.094684742,-0.002910288,-0.009892622,0.043762974,0.023625728,0.121372059
2026-07-30T00:04:30.197Z,1001,inference,LPG,1,98,1,0.173951268,0.11966975,0.094684742,-0.002910288,-0.009892622,0.043762974,0.023625728,0.121372059
2026-07-30T00:04:30.758Z,1001,inference,LPG,1,98,1,0.173167348,0.118420266,0.093257152,-0.002963155,-0.009896854,0.043349698,0.023635779,0.120700218
2026-07-30T00:04:31.337Z,1001,inference,LPG,1,98,1,0.17273055,0.117452957,0.091906056,-0.002928561,-0.009935101,0.042799301,0.023946727,0.119822502
2026-07-30T00:04:31.721Z,1001,inference,LPG,1,98,1,0.172049031,0.116064452,0.091128454,-0.002976127,-0.009954156,0.042334564,0.023852954,0.11892724
2026-07-30T00:04:32.197Z,1001,inference,LPG,1,98,1,0.172049031,0.116064452,0.091128454,-0.002976127,-0.009954156,0.042334564,0.023852954,0.11892724
2026-07-30T00:04:32.791Z,1001,inference,LPG,1,98,1,0.171263218,0.115007833,0.090014897,-0.00297557,-0.009942515,0.042061932,0.023621134,0.118296877
2026-07-30T00:04:33.179Z,1001,inference,LPG,1,98,1,0.170477554,0.113800928,0.089080863,-0.00296147,-0.009857809,0.041424766,0.023425898,0.117385246
2026-07-30T00:04:33.665Z,1001,inference,LPG,1,98,1,0.170477554,0.113800928,0.089080863,-0.00296147,-0.009857809,0.041424766,0.023425898,0.117385246
2026-07-30T00:04:34.243Z,1001,inference,LPG,1,98,1,0.169850186,0.112586007,0.088050902,-0.002983792,-0.009872623,0.040790569,0.023383709,0.116358161
2026-07-30T00:04:34.805Z,1001,inference,LPG,1,98,1,0.1692058,0.111551665,0.087186895,-0.002922983,-0.009860268,0.04037514,0.023087792,0.115354732
2026-07-30T00:04:35.222Z,1001,inference,LPG,1,98,1,0.168604776,0.110750854,0.085871123,-0.002934807,-0.009893256,0.039773174,0.022618493,0.114537336
2026-07-30T00:04:35.702Z,1001,inference,LPG,1,98,1,0.168604776,0.110750854,0.085871123,-0.002934807,-0.009893256,0.039773174,0.022618493,0.114537336
2026-07-30T00:04:36.251Z,1001,inference,LPG,1,98,1,0.16780214,0.109991692,0.085480347,-0.002934626,-0.009898225,0.039204147,0.022258764,0.113816738
2026-07-30T00:04:36.818Z,1001,inference,LPG,1,98,1,0.167575434,0.109306589,0.08464767,-0.002922704,-0.009911277,0.038357612,0.021455463,0.112952694
2026-07-30T00:04:37.183Z,1001,inference,LPG,1,98,1,0.167575434,0.109306589,0.08464767,-0.002922704,-0.009911277,0.038357612,0.021455463,0.112952694
2026-07-30T00:04:37.659Z,1001,inference,LPG,1,98,1,0.167575434,0.109306589,0.08464767,-0.002922704,-0.009911277,0.038357612,0.021455463,0.112952694
2026-07-30T00:04:38.143Z,1001,inference,LPG,1,98,1,0.167575434,0.109306589,0.08464767,-0.002922704,-0.009911277,0.038357612,0.021455463,0.112952694
2026-07-30T00:04:38.658Z,1001,inference,LPG,1,98,1,0.167575434,0.109306589,0.08464767,-0.002922704,-0.009911277,0.038357612,0.021455463,0.112952694
2026-07-30T00:04:39.237Z,1001,inference,LPG,1,98,1,0.166694611,0.108387128,0.083819754,-0.002814189,-0.009927707,0.03760666,0.020306304,0.111958347
2026-07-30T00:04:39.797Z,1001,inference,LPG,1,98,1,0.166032851,0.107257403,0.082802497,-0.002853865,-0.00989843,0.037223585,0.019020153,0.110898137
2026-07-30T00:04:40.209Z,1001,inference,LPG,1,98,1,0.165174097,0.106445707,0.08183217,-0.002805481,-0.009876683,0.036800347,0.017785022,0.110067979
2026-07-30T00:04:40.695Z,1001,inference,LPG,1,98,1,0.165174097,0.106445707,0.08183217,-0.002805481,-0.009876683,0.036800347,0.017785022,0.110067979
2026-07-30T00:04:41.243Z,1001,inference,LPG,1,98,1,0.164531797,0.105351985,0.081057146,-0.002793053,-0.009907747,0.036208298,0.01735894,0.108632937
2026-07-30T00:04:41.834Z,1001,inference,LPG,1,98,1,0.163883731,0.104522444,0.080342911,-0.002807966,-0.009983052,0.035669595,0.016982304,0.107651494
2026-07-30T00:04:42.217Z,1001,inference,LPG,1,98,1,0.163157374,0.10351602,0.079477713,-0.002858642,-0.009982772,0.035595611,0.015996097,0.106917404
2026-07-30T00:04:42.706Z,1001,inference,LPG,1,98,1,0.163157374,0.10351602,0.079477713,-0.002858642,-0.009982772,0.035595611,0.015996097,0.106917404
2026-07-30T00:04:43.300Z,1001,inference,LPG,1,98,1,0.162525013,0.102739833,0.078715876,-0.002846928,-0.00998344,0.034902107,0.014828896,0.106155396
2026-07-30T00:04:43.676Z,1001,inference,LPG,1,98,1,0.16186282,0.10205166,0.078184485,-0.002852272,-0.00995428,0.034294009,0.013910791,0.105336748
2026-07-30T00:04:44.154Z,1001,inference,LPG,1,98,1,0.16186282,0.10205166,0.078184485,-0.002852272,-0.00995428,0.034294009,0.013910791,0.105336748
2026-07-30T00:04:44.747Z,1001,inference,LPG,1,98,1,0.161362007,0.100989424,0.077245653,-0.002843998,-0.009950856,0.034265459,0.013197077,0.104772687
2026-07-30T00:04:45.294Z,1001,inference,LPG,1,98,1,0.16039975,0.099893197,0.076259717,-0.002846749,-0.009955265,0.033944774,0.013271794,0.104207471
2026-07-30T00:04:45.716Z,1001,inference,LPG,1,98,1,0.160211772,0.099060319,0.07547158,-0.002887683,-0.009963124,0.033848681,0.013313284,0.1034256
2026-07-30T00:04:46.201Z,1001,inference,LPG,1,98,1,0.160211772,0.099060319,0.07547158,-0.002887683,-0.009963124,0.033848681,0.013313284,0.1034256
2026-07-30T00:04:46.746Z,1001,inference,LPG,1,98,1,0.159618765,0.098221317,0.0750551,-0.002936925,-0.00996802,0.033660445,0.012327356,0.10286995
2026-07-30T00:04:47.314Z,1001,inference,LPG,1,98,1,0.159268856,0.097431839,0.075295135,-0.003012703,-0.009999031,0.033169031,0.012296913,0.102044284
2026-07-30T00:04:47.681Z,1001,inference,LPG,1,98,1,0.159268856,0.097431839,0.075295135,-0.003012703,-0.009999031,0.033169031,0.012296913,0.102044284
2026-07-30T00:04:48.147Z,1001,inference,LPG,1,98,1,0.159268856,0.097431839,0.075295135,-0.003012703,-0.009999031,0.033169031,0.012296913,0.102044284
2026-07-30T00:04:48.648Z,1001,inference,LPG,1,98,1,0.159268856,0.097431839,0.075295135,-0.003012703,-0.009999031,0.033169031,0.012296913,0.102044284
2026-07-30T00:04:49.162Z,1001,inference,LPG,1,98,1,0.159268856,0.097431839,0.075295135,-0.003012703,-0.009999031,0.033169031,0.012296913,0.102044284
2026-07-30T00:04:49.748Z,1001,inference,LPG,1,98,1,0.15853408,0.096572831,0.075104579,-0.003011794,-0.009976548,0.032778151,0.01142261,0.101307951
2026-07-30T00:04:50.269Z,1001,inference,LPG,1,98,1,0.158136368,0.09582603,0.07516364,-0.003003607,-0.010008438,0.032129891,0.011042745,0.10055957
2026-07-30T00:04:50.675Z,1001,inference,LPG,1,98,1,0.157476678,0.09508349,0.07510788,-0.002930033,-0.010012194,0.031571671,0.010975996,0.099768855
2026-07-30T00:04:51.219Z,1001,inference,LPG,1,98,1,0.157476678,0.09508349,0.07510788,-0.002930033,-0.010012194,0.031571671,0.010975996,0.099768855
2026-07-30T00:04:51.689Z,1001,inference,LPG,1,98,1,0.156914875,0.094110161,0.075728342,-0.002932737,-0.010028942,0.031487733,0.010879207,0.099162623
2026-07-30T00:04:52.249Z,1001,inference,LPG,1,98,1,0.156345874,0.093008578,0.075425103,-0.002915576,-0.0100774,0.031165758,0.011057647,0.098266639
2026-07-30T00:04:52.784Z,1001,inference,LPG,1,98,1,0.155788869,0.092354462,0.075005457,-0.002912762,-0.010065939,0.030033212,0.010873948,0.09736307
2026-07-30T00:04:53.190Z,1001,inference,LPG,1,98,1,0.155295283,0.091535673,0.074415401,-0.002954132,-0.010051732,0.030031472,0.010852628,0.096545465
2026-07-30T00:04:53.736Z,1001,inference,LPG,1,98,1,0.155295283,0.091535673,0.074415401,-0.002954132,-0.010051732,0.030031472,0.010852628,0.096545465
2026-07-30T00:04:54.210Z,1001,inference,LPG,1,98,1,0.154623494,0.090595089,0.074784361,-0.002970233,-0.010034972,0.029207909,0.010365287,0.095818281
2026-07-30T00:04:54.778Z,1001,inference,LPG,1,98,1,0.154110432,0.089677319,0.074232236,-0.002868216,-0.010018722,0.028824607,0.011119405,0.095049463
2026-07-30T00:04:55.304Z,1001,inference,LPG,1,97,1,0.153607965,0.088775717,0.072706833,-0.002847649,-0.010008981,0.028444821,0.010944833,0.094267212
2026-07-30T00:04:55.703Z,1001,inference,LPG,1,97,1,0.153314352,0.088063136,0.071988896,-0.002857538,-0.010050807,0.02752411,0.010090126,0.094011202
2026-07-30T00:04:56.251Z,1001,inference,LPG,1,97,1,0.153314352,0.088063136,0.071988896,-0.002857538,-0.010050807,0.02752411,0.010090126,0.094011202
2026-07-30T00:04:56.723Z,1001,inference,LPG,1,97,1,0.152766898,0.087238595,0.070566513,-0.002803669,-0.010020728,0.027605122,0.009694518,0.093283944
2026-07-30T00:04:57.282Z,1001,inference,LPG,1,97,1,0.152457565,0.086334988,0.069691584,-0.002826129,-0.01002971,0.027053053,0.008381912,0.092418231
2026-07-30T00:04:57.799Z,1001,inference,LPG,1,97,1,0.151949823,0.085657157,0.068871818,-0.002809639,-0.010020024,0.026563799,0.006881391,0.091646269
2026-07-30T00:04:58.176Z,1001,inference,LPG,1,97,1,0.151949823,0.085657157,0.068871818,-0.002809639,-0.010020024,0.026563799,0.006881391,0.091646269
2026-07-30T00:04:58.642Z,1001,inference,LPG,1,97,1,0.151949823,0.085657157,0.068871818,-0.002809639,-0.010020024,0.026563799,0.006881391,0.091646269
2026-07-30T00:04:59.144Z,1001,inference,LPG,1,97,1,0.151949823,0.085657157,0.068871818,-0.002809639,-0.010020024,0.026563799,0.006881391,0.091646269
2026-07-30T00:04:59.644Z,1001,inference,LPG,1,97,1,0.151949823,0.085657157,0.068871818,-0.002809639,-0.010020024,0.026563799,0.006881391,0.091646269
2026-07-30T00:05:00.221Z,1001,inference,LPG,1,96,1,0.151491746,0.084861442,0.06835907,-0.002813571,-0.009960009,0.02566291,0.00679057,0.090948857
2026-07-30T00:05:00.746Z,1001,inference,LPG,1,96,1,0.15085867,0.084452249,0.067979954,-0.002858657,-0.009979804,0.025650177,0.006130845,0.090099134
2026-07-30T00:05:01.321Z,1001,inference,LPG,1,96,1,0.150175467,0.083829895,0.068127066,-0.002843159,-0.009988454,0.02414706,0.005541714,0.089369401
2026-07-30T00:05:01.689Z,1001,inference,LPG,1,96,1,0.149527192,0.083323888,0.067422256,-0.002830574,-0.009998358,0.023878993,0.004191182,0.088943504
2026-07-30T00:05:02.160Z,1001,inference,LPG,1,96,1,0.149527192,0.083323888,0.067422256,-0.002830574,-0.009998358,0.023878993,0.004191182,0.088943504
2026-07-30T00:05:02.722Z,1001,inference,LPG,1,95,1,0.149029836,0.082704701,0.066412657,-0.002862264,-0.010011343,0.022789098,0.00375545,0.088087276
2026-07-30T00:05:03.265Z,1001,inference,LPG,1,95,1,0.148446292,0.082124352,0.066815875,-0.002876394,-0.010005084,0.021865567,0.002365795,0.087519616
2026-07-30T00:05:03.665Z,1001,inference,LPG,1,95,1,0.147898436,0.081571676,0.06598299,-0.002859,-0.009974239,0.021965573,0.001978252,0.086405128
2026-07-30T00:05:04.210Z,1001,inference,LPG,1,95,1,0.147898436,0.081571676,0.06598299,-0.002859,-0.009974239,0.021965573,0.001978252,0.086405128
2026-07-30T00:05:04.683Z,1001,inference,LPG,1,95,1,0.14730525,0.080982134,0.065667316,-0.002916207,-0.009969416,0.021804977,0.001831439,0.085791178
2026-07-30T00:05:05.252Z,1001,inference,LPG,1,95,1,0.146797508,0.080532484,0.06476412,-0.002912879,-0.009945101,0.021668825,0.001370802,0.085287645
2026-07-30T00:05:05.774Z,1001,inference,LPG,1,95,1,0.146400139,0.079599805,0.063899763,-0.002923338,-0.00994305,0.021946341,0.002069307,0.084611773
2026-07-30T00:05:06.176Z,1001,inference,LPG,1,95,1,0.146000654,0.079273596,0.062764972,-0.002903543,-0.009973552,0.022759851,0.000669179,0.083989799
2026-07-30T00:05:06.724Z,1001,inference,LPG,1,95,1,0.146000654,0.079273596,0.062764972,-0.002903543,-0.009973552,0.022759851,0.000669179,0.083989799
2026-07-30T00:05:07.191Z,1001,inference,LPG,1,94,1,0.145838439,0.078338332,0.061787318,-0.002900691,-0.009982037,0.022489522,0.001046082,0.083411761
2026-07-30T00:05:07.767Z,1001,inference,LPG,1,94,1,0.145433873,0.077623166,0.059997153,-0.002888943,-0.010002234,0.023169871,-0.000329097,0.082846068
2026-07-30T00:05:08.238Z,1001,inference,LPG,1,94,1,0.145171717,0.076958306,0.059724011,-0.002894056,-0.009979593,0.023362353,0.000815871,0.082229219
2026-07-30T00:05:08.696Z,1001,inference,LPG,1,94,1,0.145171717,0.076958306,0.059724011,-0.002894056,-0.009979593,0.023362353,0.000815871,0.082229219
2026-07-30T00:05:09.151Z,1001,inference,LPG,1,94,1,0.145171717,0.076958306,0.059724011,-0.002894056,-0.009979593,0.023362353,0.000815871,0.082229219
2026-07-30T00:05:09.688Z,1001,inference,LPG,1,94,1,0.145171717,0.076958306,0.059724011,-0.002894056,-0.009979593,0.023362353,0.000815871,0.082229219
2026-07-30T00:05:10.160Z,1001,inference,LPG,1,94,1,0.145171717,0.076958306,0.059724011,-0.002894056,-0.009979593,0.023362353,0.000815871,0.082229219
2026-07-30T00:05:10.731Z,1001,inference,LPG,1,94,1,0.144582614,0.075944789,0.0586055,-0.002904228,-0.009965176,0.023909939,0.000863244,0.081389494
2026-07-30T00:05:11.252Z,1001,inference,LPG,1,93,1,0.144119039,0.075056955,0.057732731,-0.002866166,-0.009947453,0.023939062,0.001647201,0.080378734
2026-07-30T00:05:11.831Z,1001,inference,LPG,1,93,1,0.143536359,0.074179754,0.057267528,-0.00285452,-0.009939279,0.023857329,0.002124718,0.079598024
2026-07-30T00:05:12.201Z,1001,inference,LPG,1,92,1,0.143201441,0.073539317,0.056620993,-0.002849713,-0.00992924,0.022559104,0.001199373,0.07862398
2026-07-30T00:05:12.665Z,1001,inference,LPG,1,92,1,0.143201441,0.073539317,0.056620993,-0.002849713,-0.00992924,0.022559104,0.001199373,0.07862398
2026-07-30T00:05:13.253Z,1001,inference,LPG,1,92,1,0.14269115,0.072639361,0.056348193,-0.002843153,-0.009924885,0.022363285,0.000316976,0.077522263
2026-07-30T00:05:13.798Z,1001,inference,LPG,1,91,1,0.141804427,0.072091565,0.054223031,-0.002838943,-0.009914609,0.020556387,-0.000528872,0.076471269
2026-07-30T00:05:14.203Z,1001,inference,LPG,1,89,1,0.141256779,0.071011603,0.053363435,-0.002865582,-0.009918214,0.020419197,-0.001538675,0.075517826
2026-07-30T00:05:14.685Z,1001,inference,LPG,1,89,1,0.141256779,0.071011603,0.053363435,-0.002865582,-0.009918214,0.020419197,-0.001538675,0.075517826
2026-07-30T00:05:15.231Z,1001,inference,LPG,1,89,1,0.140556544,0.070127569,0.0531119,-0.002943263,-0.009901056,0.019588297,-0.00230273,0.074218117
2026-07-30T00:05:15.807Z,1001,inference,LPG,1,89,1,0.14005363,0.069251649,0.052710492,-0.002947581,-0.009884032,0.018194806,-0.002126256,0.073071733
2026-07-30T00:05:16.180Z,1001,inference,LPG,1,89,1,0.139644027,0.068421081,0.050809879,-0.002941576,-0.00989191,0.017579349,-0.003229308,0.071826637
2026-07-30T00:05:16.668Z,1001,inference,LPG,1,89,1,0.139644027,0.068421081,0.050809879,-0.002941576,-0.00989191,0.017579349,-0.003229308,0.071826637
2026-07-30T00:05:17.243Z,1001,inference,LPG,1,89,1,0.13918817,0.068325087,0.049929611,-0.002908227,-0.009905293,0.01631096,-0.003957857,0.070939757
2026-07-30T00:05:17.788Z,1001,inference,LPG,1,86,1,0.138776854,0.068377219,0.047641434,-0.002920657,-0.009910719,0.01677474,-0.004739125,0.07008113
2026-07-30T00:05:18.337Z,1001,inference,LPG,1,86,1,0.138419747,0.069267496,0.047376413,-0.002940499,-0.009848122,0.016742906,-0.006285898,0.069446385
2026-07-30T00:05:18.681Z,1001,inference,LPG,1,86,1,0.138419747,0.069267496,0.047376413,-0.002940499,-0.009848122,0.016742906,-0.006285898,0.069446385
2026-07-30T00:05:19.160Z,1001,inference,LPG,1,86,1,0.138419747,0.069267496,0.047376413,-0.002940499,-0.009848122,0.016742906,-0.006285898,0.069446385
2026-07-30T00:05:19.644Z,1001,inference,LPG,1,86,1,0.138419747,0.069267496,0.047376413,-0.002940499,-0.009848122,0.016742906,-0.006285898,0.069446385
2026-07-30T00:05:20.157Z,1001,inference,LPG,1,86,1,0.138419747,0.069267496,0.047376413,-0.002940499,-0.009848122,0.016742906,-0.006285898,0.069446385
2026-07-30T00:05:20.750Z,1001,inference,LPG,1,86,1,0.137852937,0.068845153,0.04683448,-0.002902636,-0.009864876,0.016265476,-0.007901092,0.068738088
2026-07-30T00:05:21.296Z,1001,inference,LPG,1,84,1,0.137330994,0.069032289,0.044983331,-0.002895284,-0.009892535,0.014631632,-0.007434292,0.068336926
2026-07-30T00:05:21.699Z,1001,inference,LPG,1,84,1,0.137131959,0.069274053,0.044946514,-0.002887157,-0.009899462,0.015941557,-0.007133489,0.067405477
2026-07-30T00:05:22.182Z,1001,inference,LPG,1,84,1,0.137131959,0.069274053,0.044946514,-0.002887157,-0.009899462,0.015941557,-0.007133489,0.067405477
2026-07-30T00:05:22.732Z,1001,inference,LPG,1,84,1,0.13675642,0.069992132,0.043720752,-0.002884566,-0.009864892,0.014884563,-0.007281032,0.066538759
2026-07-30T00:05:23.297Z,1001,inference,LPG,1,78,1,0.136347517,0.07049872,0.042264692,-0.00279818,-0.009863588,0.014435144,-0.008758188,0.065942973
2026-07-30T00:05:23.677Z,1001,inference,LPG,1,78,1,0.136118889,0.071115807,0.040744592,-0.002801348,-0.009857609,0.014138905,-0.009518118,0.065259486
2026-07-30T00:05:24.155Z,1001,inference,LPG,1,78,1,0.136118889,0.071115807,0.040744592,-0.002801348,-0.009857609,0.014138905,-0.009518118,0.065259486
2026-07-30T00:05:24.745Z,1001,inference,LPG,1,78,1,0.135520473,0.071623251,0.040373188,-0.002801293,-0.009848266,0.013991321,-0.010882462,0.064468324
2026-07-30T00:05:25.292Z,1001,inference,LPG,1,78,1,0.135235757,0.07150875,0.041428562,-0.002906237,-0.009766076,0.013634776,-0.012401387,0.063985914
2026-07-30T00:05:25.694Z,1001,inference,LPG,1,78,1,0.13461867,0.071161941,0.040650319,-0.002915416,-0.00975688,0.01333005,-0.013576398,0.063265152
2026-07-30T00:05:26.183Z,1001,inference,LPG,1,78,1,0.13461867,0.071161941,0.040650319,-0.002915416,-0.00975688,0.01333005,-0.013576398,0.063265152
2026-07-30T00:05:26.726Z,1001,inference,LPG,1,73,1,0.134279504,0.069142312,0.038745336,-0.002911388,-0.00982436,0.012166071,-0.013748948,0.062495857
2026-07-30T00:05:27.318Z,1001,inference,LPG,1,73,1,0.133914992,0.068458185,0.038134731,-0.002922676,-0.009819512,0.013055633,-0.012553418,0.061675925
2026-07-30T00:05:27.699Z,1001,inference,LPG,1,73,1,0.133857578,0.067637198,0.038536627,-0.002917193,-0.009803569,0.013257404,-0.012210784,0.060673527
2026-07-30T00:05:28.175Z,1001,inference,LPG,1,73,1,0.133857578,0.067637198,0.038536627,-0.002917193,-0.009803569,0.013257404,-0.012210784,0.060673527
2026-07-30T00:05:28.743Z,1001,inference,LPG,1,69,1,0.133382946,0.066871174,0.037216943,-0.002910722,-0.009781515,0.01140137,-0.013327345,0.059916489
2026-07-30T00:05:29.175Z,1001,inference,LPG,1,69,1,0.133382946,0.066871174,0.037216943,-0.002910722,-0.009781515,0.01140137,-0.013327345,0.059916489
2026-07-30T00:05:29.657Z,1001,inference,LPG,1,69,1,0.133382946,0.066871174,0.037216943,-0.002910722,-0.009781515,0.01140137,-0.013327345,0.059916489
2026-07-30T00:05:30.139Z,1001,inference,LPG,1,69,1,0.133382946,0.066871174,0.037216943,-0.002910722,-0.009781515,0.01140137,-0.013327345,0.059916489
2026-07-30T00:05:30.652Z,1001,inference,LPG,1,69,1,0.133382946,0.066871174,0.037216943,-0.002910722,-0.009781515,0.01140137,-0.013327345,0.059916489
2026-07-30T00:05:31.229Z,1001,inference,LPG,1,69,1,0.132784784,0.06529998,0.037612468,-0.002880403,-0.00983152,0.010114249,-0.013404747,0.058965534
2026-07-30T00:05:31.792Z,1001,inference,LPG,1,69,1,0.132168576,0.06348072,0.036778376,-0.002886196,-0.009810047,0.011202799,-0.01226436,0.058159821
2026-07-30T00:05:32.203Z,1001,inference,LPG,1,63,1,0.13167195,0.061622363,0.035695218,-0.002870762,-0.009758748,0.010579285,-0.012185725,0.057278581
2026-07-30T00:05:32.682Z,1001,inference,LPG,1,63,1,0.13167195,0.061622363,0.035695218,-0.002870762,-0.009758748,0.010579285,-0.012185725,0.057278581
2026-07-30T00:05:33.244Z,1001,inference,LPG,1,63,1,0.131219611,0.060489845,0.033725984,-0.002857035,-0.009809284,0.009718549,-0.01074519,0.056628168
2026-07-30T00:05:33.823Z,1001,inference,LPG,1,60,1,0.130802274,0.059101831,0.032364622,-0.002797191,-0.009901139,0.009262542,-0.010835237,0.055671949
2026-07-30T00:05:34.211Z,1001,inference,LPG,1,60,1,0.130784377,0.058039166,0.033095676,-0.00279404,-0.009919618,0.00854777,-0.010825329,0.0550013
2026-07-30T00:05:34.695Z,1001,inference,LPG,1,60,1,0.130784377,0.058039166,0.033095676,-0.00279404,-0.009919618,0.00854777,-0.010825329,0.0550013
2026-07-30T00:05:35.285Z,1001,inference,LPG,1,57,1,0.130289823,0.057811964,0.03212788,-0.002779213,-0.009939392,0.007865291,-0.010448287,0.054187894
2026-07-30T00:05:35.663Z,1001,inference,LPG,1,53,1,0.12998417,0.057494998,0.030148309,-0.002800031,-0.009923765,0.006163018,-0.011991682,0.053416748
2026-07-30T00:05:36.144Z,1001,inference,LPG,1,53,1,0.12998417,0.057494998,0.030148309,-0.002800031,-0.009923765,0.006163018,-0.011991682,0.053416748
2026-07-30T00:05:36.738Z,1001,inference,LPG,1,53,1,0.129371285,0.056421958,0.028744766,-0.002822737,-0.009931788,0.007247499,-0.012418623,0.052563734
2026-07-30T00:05:37.286Z,1001,inference,LPG,1,53,1,0.129234999,0.055091489,0.028059676,-0.002840268,-0.0099485,0.007555824,-0.011969773,0.051821195
2026-07-30T00:05:37.700Z,1001,inference,Clean_Air,0,53,0,0.129083201,0.053920228,0.027452847,-0.002849971,-0.00992552,0.008256873,-0.012299582,0.051318951
2026-07-30T00:05:38.193Z,1001,inference,Clean_Air,0,53,0,0.129083201,0.053920228,0.027452847,-0.002849971,-0.00992552,0.008256873,-0.012299582,0.051318951
2026-07-30T00:05:38.741Z,1001,inference,Clean_Air,0,53,0,0.128975958,0.05428059,0.025559057,-0.002839288,-0.009965707,0.006326037,-0.013341665,0.050571568
2026-07-30T00:05:39.303Z,1001,inference,Clean_Air,0,57,0,0.128510743,0.054260515,0.024575796,-0.002838393,-0.01000991,0.00618421,-0.01381903,0.049958654
2026-07-30T00:05:39.673Z,1001,inference,Clean_Air,0,57,0,0.128510743,0.054260515,0.024575796,-0.002838393,-0.01000991,0.00618421,-0.01381903,0.049958654
2026-07-30T00:05:40.141Z,1001,inference,Clean_Air,0,57,0,0.128510743,0.054260515,0.024575796,-0.002838393,-0.01000991,0.00618421,-0.01381903,0.049958654
2026-07-30T00:05:40.678Z,1001,inference,Clean_Air,0,57,0,0.128510743,0.054260515,0.024575796,-0.002838393,-0.01000991,0.00618421,-0.01381903,0.049958654
2026-07-30T00:05:41.153Z,1001,inference,Clean_Air,0,57,0,0.128510743,0.054260515,0.024575796,-0.002838393,-0.01000991,0.00618421,-0.01381903,0.049958654
2026-07-30T00:05:41.732Z,1001,inference,Clean_Air,0,57,0,0.128503174,0.052394856,0.025423283,-0.00285356,-0.009985166,0.005781379,-0.015165557,0.049099039
2026-07-30T00:05:42.280Z,1001,inference,Clean_Air,0,60,0,0.128239483,0.051458221,0.023616169,-0.002848511,-0.009940547,0.006809568,-0.015061078,0.048396986
2026-07-30T00:05:42.696Z,1001,inference,Clean_Air,0,67,0,0.127643675,0.050116263,0.020841088,-0.002835739,-0.009922306,0.00616209,-0.015448943,0.047624793
2026-07-30T00:05:43.184Z,1001,inference,Clean_Air,0,67,0,0.127643675,0.050116263,0.020841088,-0.002835739,-0.009922306,0.00616209,-0.015448943,0.047624793
2026-07-30T00:05:43.734Z,1001,inference,Clean_Air,0,69,0,0.127257377,0.049435027,0.019887868,-0.002837163,-0.00991057,0.00581105,-0.015003277,0.046833016
2026-07-30T00:05:44.313Z,1001,inference,Clean_Air,0,69,0,0.126742244,0.048782177,0.018578149,-0.002822481,-0.009918208,0.005422232,-0.014850304,0.046214759
2026-07-30T00:05:44.700Z,1001,inference,Clean_Air,0,73,0,0.126524881,0.048386492,0.017588029,-0.002798664,-0.009910859,0.005493567,-0.014804353,0.045587342
2026-07-30T00:05:45.190Z,1001,inference,Clean_Air,0,73,0,0.126524881,0.048386492,0.017588029,-0.002798664,-0.009910859,0.005493567,-0.014804353,0.045587342
2026-07-30T00:05:45.772Z,1001,inference,Clean_Air,0,73,0,0.126012102,0.047612537,0.017360151,-0.002792743,-0.009914814,0.004522505,-0.014625552,0.045112379
2026-07-30T00:05:46.332Z,1001,inference,Clean_Air,0,78,0,0.125535563,0.046576105,0.016607281,-0.002796388,-0.009914543,0.003519479,-0.014632113,0.044478275
2026-07-30T00:05:46.745Z,1001,inference,Clean_Air,0,78,0,0.125100031,0.044789616,0.01606176,-0.002813269,-0.009899259,0.004801282,-0.014976947,0.044087738
2026-07-30T00:05:47.236Z,1001,inference,Clean_Air,0,78,0,0.125100031,0.044789616,0.01606176,-0.002813269,-0.009899259,0.004801282,-0.014976947,0.044087738
2026-07-30T00:05:47.785Z,1001,inference,Clean_Air,0,75,0,0.124869585,0.043063559,0.017088737,-0.002832654,-0.009912556,0.005042099,-0.015154059,0.043391742
2026-07-30T00:05:48.196Z,1001,inference,Clean_Air,0,80,0,0.124326155,0.04240163,0.014788775,-0.002801268,-0.009891523,0.00466982,-0.014703752,0.042939432
2026-07-30T00:05:48.689Z,1001,inference,Clean_Air,0,80,0,0.124326155,0.04240163,0.014788775,-0.002801268,-0.009891523,0.00466982,-0.014703752,0.042939432
2026-07-30T00:05:49.238Z,1001,inference,Clean_Air,0,82,0,0.123868383,0.042137839,0.014006272,-0.002784481,-0.009911802,0.004218611,-0.015248412,0.042463873
2026-07-30T00:05:49.793Z,1001,inference,Clean_Air,0,82,0,0.123501085,0.041128166,0.014129592,-0.002792816,-0.009930694,0.002895173,-0.015216338,0.041906781
2026-07-30T00:05:50.171Z,1001,inference,Clean_Air,0,82,0,0.123501085,0.041128166,0.014129592,-0.002792816,-0.009930694,0.002895173,-0.015216338,0.041906781
2026-07-30T00:05:50.644Z,1001,inference,Clean_Air,0,82,0,0.123501085,0.041128166,0.014129592,-0.002792816,-0.009930694,0.002895173,-0.015216338,0.041906781
2026-07-30T00:05:51.143Z,1001,inference,Clean_Air,0,82,0,0.123501085,0.041128166,0.014129592,-0.002792816,-0.009930694,0.002895173,-0.015216338,0.041906781
2026-07-30T00:05:51.658Z,1001,inference,Clean_Air,0,82,0,0.123501085,0.041128166,0.014129592,-0.002792816,-0.009930694,0.002895173,-0.015216338,0.041906781
2026-07-30T00:05:52.239Z,1001,inference,Clean_Air,0,82,0,0.123112239,0.039492361,0.014212106,-0.002796333,-0.009925262,0.003484579,-0.016531462,0.041362517
2026-07-30T00:05:52.790Z,1001,inference,Clean_Air,0,84,0,0.12276189,0.037456505,0.014145883,-0.002812571,-0.009953245,0.005244531,-0.016692555,0.040692486
2026-07-30T00:05:53.207Z,1001,inference,Clean_Air,0,84,0,0.122407034,0.036827389,0.013150945,-0.002817034,-0.00993817,0.00468151,-0.017749289,0.040264197
2026-07-30T00:05:53.694Z,1001,inference,Clean_Air,0,84,0,0.122407034,0.036827389,0.013150945,-0.002817034,-0.00993817,0.00468151,-0.017749289,0.040264197
2026-07-30T00:05:54.241Z,1001,inference,Clean_Air,0,86,0,0.122129187,0.035988651,0.011852885,-0.002802699,-0.009951318,0.004101593,-0.018843966,0.03948427
2026-07-30T00:05:54.832Z,1001,inference,Clean_Air,0,93,0,0.121772967,0.035874557,0.010226974,-0.002792767,-0.009942968,0.003746702,-0.01886211,0.039088298
2026-07-30T00:05:55.208Z,1001,inference,Clean_Air,0,92,0,0.121501997,0.035486549,0.010452425,-0.002784602,-0.009925388,0.00258604,-0.018790435,0.038522791
2026-07-30T00:05:55.690Z,1001,inference,Clean_Air,0,92,0,0.121501997,0.035486549,0.010452425,-0.002784602,-0.009925388,0.00258604,-0.018790435,0.038522791
2026-07-30T00:05:56.281Z,1001,inference,Clean_Air,0,96,0,0.121039882,0.035994656,0.008890134,-0.002786872,-0.009915914,0.003233623,-0.018887717,0.03813687
2026-07-30T00:05:56.665Z,1001,inference,Clean_Air,0,97,0,0.120544478,0.035469759,0.008592062,-0.002822112,-0.009916264,0.00372225,-0.019593176,0.037562497
2026-07-30T00:05:57.154Z,1001,inference,Clean_Air,0,97,0,0.120544478,0.035469759,0.008592062,-0.002822112,-0.009916264,0.00372225,-0.019593176,0.037562497
2026-07-30T00:05:57.730Z,1001,inference,Clean_Air,0,95,0,0.120131873,0.034288723,0.009407224,-0.00284663,-0.009951971,0.002580392,-0.01938404,0.03695076
2026-07-30T00:05:58.287Z,1001,inference,Clean_Air,0,94,0,0.119765483,0.034453016,0.009923586,-0.002823791,-0.009950951,0.004578271,-0.019391617,0.036586393
2026-07-30T00:05:58.699Z,1001,inference,Clean_Air,0,96,0,0.119547725,0.033678986,0.009058382,-0.002843931,-0.009957772,0.005667181,-0.018977245,0.036097281
2026-07-30T00:05:59.178Z,1001,inference,Clean_Air,0,96,0,0.119547725,0.033678986,0.009058382,-0.002843931,-0.009957772,0.005667181,-0.018977245,0.036097281
2026-07-30T00:05:59.737Z,1001,inference,Clean_Air,0,97,0,0.119242571,0.034574866,0.008643645,-0.002827399,-0.00992678,0.003864166,-0.018994629,0.035674069
2026-07-30T00:06:00.295Z,1001,inference,Clean_Air,0,94,0,0.118763424,0.032965221,0.00980279,-0.002799936,-0.009947716,0.003739921,-0.018890616,0.034997385
2026-07-30T00:06:00.672Z,1001,inference,Clean_Air,0,94,0,0.118763424,0.032965221,0.00980279,-0.002799936,-0.009947716,0.003739921,-0.018890616,0.034997385
2026-07-30T00:06:01.141Z,1001,inference,Clean_Air,0,94,0,0.118763424,0.032965221,0.00980279,-0.002799936,-0.009947716,0.003739921,-0.018890616,0.034997385
2026-07-30T00:06:01.657Z,1001,inference,Clean_Air,0,94,0,0.118763424,0.032965221,0.00980279,-0.002799936,-0.009947716,0.003739921,-0.018890616,0.034997385
2026-07-30T00:06:02.158Z,1001,inference,Clean_Air,0,94,0,0.118763424,0.032965221,0.00980279,-0.002799936,-0.009947716,0.003739921,-0.018890616,0.034997385
2026-07-30T00:06:02.733Z,1001,inference,Clean_Air,0,95,0,0.118257895,0.031908672,0.009557155,-0.002809032,-0.009911677,0.004136353,-0.018925216,0.03456774
2026-07-30T00:06:03.281Z,1001,inference,Clean_Air,0,95,0,0.11780145,0.031901389,0.009474753,-0.002810613,-0.009922374,0.005554978,-0.018888926,0.033872027
2026-07-30T00:06:03.682Z,1001,inference,Clean_Air,0,96,0,0.117435917,0.030709187,0.009001567,-0.002803261,-0.009955363,0.00514954,-0.01895583,0.032960944
2026-07-30T00:06:04.167Z,1001,inference,Clean_Air,0,96,0,0.117435917,0.030709187,0.009001567,-0.002803261,-0.009955363,0.00514954,-0.01895583,0.032960944
2026-07-30T00:06:04.702Z,1001,inference,Clean_Air,0,96,0,0.117136933,0.028706724,0.009237092,-0.002784554,-0.00994744,0.005379401,-0.018933849,0.03236128
2026-07-30T00:06:05.281Z,1001,inference,Clean_Air,0,96,0,0.116884753,0.028457183,0.009271961,-0.002775354,-0.00995286,0.005920281,-0.019090522,0.031911097
2026-07-30T00:06:05.831Z,1001,inference,Clean_Air,0,98,0,0.116345488,0.027735602,0.008191978,-0.002766998,-0.009929202,0.005664006,-0.0192836,0.031481925
2026-07-30T00:06:06.247Z,1001,inference,Clean_Air,0,98,0,0.116203509,0.026518995,0.00703254,-0.002796294,-0.0099213,0.004343605,-0.019298811,0.030678023
2026-07-30T00:06:06.788Z,1001,inference,Clean_Air,0,98,0,0.116203509,0.026518995,0.00703254,-0.002796294,-0.0099213,0.004343605,-0.019298811,0.030678023
2026-07-30T00:06:07.264Z,1001,inference,Clean_Air,0,99,0,0.115596041,0.025968343,0.006914737,-0.002783833,-0.009850876,0.004004891,-0.019729137,0.029915551
2026-07-30T00:06:07.822Z,1001,inference,Clean_Air,0,98,0,0.115282141,0.024779947,0.006955958,-0.002774173,-0.009868892,0.005843294,-0.019700389,0.029183254
2026-07-30T00:06:08.190Z,1001,inference,Clean_Air,0,98,0,0.114967145,0.0255074,0.005608383,-0.002812222,-0.009843906,0.005877008,-0.01983563,0.028529847
2026-07-30T00:06:08.670Z,1001,inference,Clean_Air,0,98,0,0.114967145,0.0255074,0.005608383,-0.002812222,-0.009843906,0.005877008,-0.01983563,0.028529847
2026-07-30T00:06:09.243Z,1001,inference,Clean_Air,0,98,0,0.114797972,0.026334763,0.005425121,-0.002789774,-0.009907151,0.005808353,-0.019803265,0.02807048
2026-07-30T00:06:09.774Z,1001,inference,Clean_Air,0,97,0,0.114750482,0.025810059,0.005244914,-0.002799347,-0.0098306,0.004418097,-0.019829335,0.027600801
2026-07-30T00:06:10.313Z,1001,inference,Clean_Air,0,97,0,0.114606954,0.025233552,0.00525719,-0.00280391,-0.009798375,0.004032276,-0.019801052,0.027374521
2026-07-30T00:06:10.670Z,1001,inference,Clean_Air,0,97,0,0.114606954,0.025233552,0.00525719,-0.00280391,-0.009798375,0.004032276,-0.019801052,0.027374521
2026-07-30T00:06:11.142Z,1001,inference,Clean_Air,0,97,0,0.114606954,0.025233552,0.00525719,-0.00280391,-0.009798375,0.004032276,-0.019801052,0.027374521
2026-07-30T00:06:11.640Z,1001,inference,Clean_Air,0,97,0,0.114606954,0.025233552,0.00525719,-0.00280391,-0.009798375,0.004032276,-0.019801052,0.027374521
2026-07-30T00:06:12.152Z,1001,inference,Clean_Air,0,97,0,0.114606954,0.025233552,0.00525719,-0.00280391,-0.009798375,0.004032276,-0.019801052,0.027374521
2026-07-30T00:06:12.716Z,1001,inference,Clean_Air,0,94,0,0.11441084,0.024617698,0.004859501,-0.002800859,-0.009810168,0.001869251,-0.019822609,0.026619736
2026-07-30T00:06:13.256Z,1001,inference,Clean_Air,0,94,0,0.11413493,0.024811754,0.004817515,-0.00280156,-0.00979968,0.000218776,-0.019808376,0.025776368
2026-07-30T00:06:13.817Z,1001,inference,Clean_Air,0,94,0,0.114077017,0.024183188,0.004814963,-0.002867538,-0.009734778,0.001594221,-0.019830327,0.025045548
2026-07-30T00:06:14.182Z,1001,inference,Clean_Air,0,94,0,0.113765195,0.023259521,0.004825237,-0.002835149,-0.009715567,0.0012703,-0.019810185,0.024492165
2026-07-30T00:06:14.657Z,1001,inference,Clean_Air,0,94,0,0.113765195,0.023259521,0.004825237,-0.002835149,-0.009715567,0.0012703,-0.019810185,0.024492165
2026-07-30T00:06:15.219Z,1001,inference,Clean_Air,0,94,0,0.113703355,0.023106059,0.00482878,-0.002841463,-0.009810743,0.000386171,-0.019801557,0.024387177
2026-07-30T00:06:15.760Z,1001,inference,Clean_Air,0,94,0,0.113362312,0.021949317,0.004868665,-0.002857414,-0.00976346,-0.001700705,-0.019798065,0.024010304
2026-07-30T00:06:16.320Z,1001,inference,Clean_Air,0,94,0,0.113181986,0.020133322,0.004938458,-0.002866302,-0.009778609,-0.003766929,-0.019837553,0.023691697
2026-07-30T00:06:16.689Z,1001,inference,Clean_Air,0,96,0,0.112847067,0.019273892,0.005037949,-0.002895444,-0.00975914,-0.002896466,-0.019844919,0.023064559
2026-07-30T00:06:17.176Z,1001,inference,Clean_Air,0,96,0,0.112847067,0.019273892,0.005037949,-0.002895444,-0.00975914,-0.002896466,-0.019844919,0.023064559
2026-07-30T00:06:17.735Z,1001,inference,Clean_Air,0,96,0,0.112441443,0.017467652,0.00502917,-0.002907212,-0.009800477,-0.003051243,-0.019852102,0.022637935
2026-07-30T00:06:18.279Z,1001,inference,Clean_Air,0,96,0,0.112068497,0.017884145,0.005018701,-0.002925828,-0.009811053,-0.003254903,-0.019902835,0.021659736
2026-07-30T00:06:18.677Z,1001,inference,Clean_Air,0,96,0,0.111720838,0.017369997,0.005025408,-0.002951859,-0.009811878,-0.001423551,-0.01988424,0.021238303
2026-07-30T00:06:19.221Z,1001,inference,Clean_Air,0,96,0,0.111720838,0.017369997,0.005025408,-0.002951859,-0.009811878,-0.001423551,-0.01988424,0.021238303
2026-07-30T00:06:19.704Z,1001,inference,Clean_Air,0,96,0,0.111378014,0.01678307,0.004993937,-0.002938726,-0.009818008,-0.001789058,-0.01988863,0.02059304
2026-07-30T00:06:20.266Z,1001,inference,Clean_Air,0,95,0,0.111332074,0.017612066,0.004944904,-0.002874456,-0.00987643,-0.0038702,-0.019886583,0.019996922
2026-07-30T00:06:20.737Z,1001,inference,Clean_Air,0,95,0,0.110998191,0.017133262,0.004900821,-0.00288919,-0.009907263,-0.004643974,-0.019966496,0.019241894
2026-07-30T00:06:21.179Z,1001,inference,Clean_Air,0,95,0,0.110998191,0.017133262,0.004900821,-0.00288919,-0.009907263,-0.004643974,-0.019966496,0.019241894
2026-07-30T00:06:21.649Z,1001,inference,Clean_Air,0,95,0,0.110998191,0.017133262,0.004900821,-0.00288919,-0.009907263,-0.004643974,-0.019966496,0.019241894
2026-07-30T00:06:22.148Z,1001,inference,Clean_Air,0,95,0,0.110998191,0.017133262,0.004900821,-0.00288919,-0.009907263,-0.004643974,-0.019966496,0.019241894
2026-07-30T00:06:22.645Z,1001,inference,Clean_Air,0,95,0,0.110998191,0.017133262,0.004900821,-0.00288919,-0.009907263,-0.004643974,-0.019966496,0.019241894
2026-07-30T00:06:23.206Z,1001,inference,Clean_Air,0,95,0,0.110658899,0.015772041,0.004901472,-0.002851622,-0.009881138,-0.006190983,-0.019959116,0.017806504
2026-07-30T00:06:23.751Z,1001,inference,Clean_Air,0,95,0,0.110512659,0.015014147,0.00487678,-0.00292856,-0.009907643,-0.005222409,-0.019956725,0.016507357
2026-07-30T00:06:24.311Z,1001,inference,Clean_Air,0,93,0,0.110172138,0.014239219,0.004807006,-0.002898502,-0.009923225,-0.005314324,-0.019888427,0.015182552
2026-07-30T00:06:24.697Z,1001,inference,Clean_Air,0,92,0,0.109795496,0.013535072,0.004783127,-0.002898583,-0.009906708,-0.006875743,-0.019933907,0.013889168
2026-07-30T00:06:25.178Z,1001,inference,Clean_Air,0,92,0,0.109795496,0.013535072,0.004783127,-0.002898583,-0.009906708,-0.006875743,-0.019933907,0.013889168
2026-07-30T00:06:25.761Z,1001,inference,Clean_Air,0,93,0,0.109530941,0.014599049,0.0048132,-0.002907188,-0.009956364,-0.007342417,-0.019960836,0.013361661
2026-07-30T00:06:26.289Z,1001,inference,Clean_Air,0,93,0,0.109181479,0.01309339,0.004822096,-0.002868359,-0.009969468,-0.006698714,-0.019949699,0.012918751
2026-07-30T00:06:26.685Z,1001,inference,Clean_Air,0,93,0,0.108985022,0.013631716,0.004824777,-0.002852912,-0.009980671,-0.008604569,-0.019945014,0.012541806
2026-07-30T00:06:27.169Z,1001,inference,Clean_Air,0,93,0,0.108985022,0.013631716,0.004824777,-0.002852912,-0.009980671,-0.008604569,-0.019945014,0.012541806
2026-07-30T00:06:27.718Z,1001,inference,Clean_Air,0,93,0,0.10874828,0.012918517,0.004824592,-0.002851886,-0.009962207,-0.008452418,-0.019931715,0.012331768
2026-07-30T00:06:28.284Z,1001,inference,Clean_Air,0,95,0,0.10837017,0.01106808,0.00488411,-0.002825329,-0.009984141,-0.007253916,-0.019930253,0.011750492
2026-07-30T00:06:28.821Z,1001,inference,Clean_Air,0,95,0,0.108146571,0.010736932,0.004898054,-0.002836127,-0.00997891,-0.007373221,-0.019876292,0.011052703
2026-07-30T00:06:29.217Z,1001,inference,Clean_Air,0,95,0,0.108300947,0.011807335,0.004904645,-0.002841522,-0.009992846,-0.006817388,-0.019962851,0.010097573
2026-07-30T00:06:29.767Z,1001,inference,Clean_Air,0,95,0,0.108300947,0.011807335,0.004904645,-0.002841522,-0.009992846,-0.006817388,-0.019962851,0.010097573
2026-07-30T00:06:30.250Z,1001,inference,Clean_Air,0,95,0,0.108016409,0.012359138,0.004929897,-0.002786173,-0.009976257,-0.007814567,-0.019984012,0.009088716
2026-07-30T00:06:30.791Z,1001,inference,Clean_Air,0,95,0,0.10786581,0.012170133,0.004999802,-0.002808593,-0.009957128,-0.008041861,-0.020020971,0.008624289
2026-07-30T00:06:31.169Z,1001,inference,Clean_Air,0,95,0,0.10786581,0.012170133,0.004999802,-0.002808593,-0.009957128,-0.008041861,-0.020020971,0.008624289
2026-07-30T00:06:31.639Z,1001,inference,Clean_Air,0,95,0,0.10786581,0.012170133,0.004999802,-0.002808593,-0.009957128,-0.008041861,-0.020020971,0.008624289
2026-07-30T00:06:32.150Z,1001,inference,Clean_Air,0,95,0,0.10786581,0.012170133,0.004999802,-0.002808593,-0.009957128,-0.008041861,-0.020020971,0.008624289
2026-07-30T00:06:32.648Z,1001,inference,Clean_Air,0,95,0,0.10786581,0.012170133,0.004999802,-0.002808593,-0.009957128,-0.008041861,-0.020020971,0.008624289
2026-07-30T00:06:33.205Z,1001,inference,Clean_Air,0,95,0,0.107389912,0.010933396,0.005003119,-0.002797044,-0.009959368,-0.007611644,-0.020007055,0.007695612
2026-07-30T00:06:33.756Z,1001,inference,Clean_Air,0,95,0,0.107190862,0.009173212,0.00499784,-0.002768051,-0.009877751,-0.006838107,-0.019994922,0.006837477
2026-07-30T00:06:34.316Z,1001,inference,Clean_Air,0,95,0,0.107008502,0.010080503,0.004964638,-0.002788828,-0.009871903,-0.007749498,-0.019996066,0.006751684
2026-07-30T00:06:34.692Z,1001,inference,Clean_Air,0,95,0,0.106602728,0.009020385,0.004900339,-0.002795219,-0.00985816,-0.007514207,-0.020001922,0.006423552
2026-07-30T00:06:35.170Z,1001,inference,Clean_Air,0,95,0,0.106602728,0.009020385,0.004900339,-0.002795219,-0.00985816,-0.007514207,-0.020001922,0.006423552
2026-07-30T00:06:35.747Z,1001,inference,Clean_Air,0,95,0,0.106374286,0.007855436,0.004860977,-0.002828127,-0.009882506,-0.006356046,-0.020022942,0.00486809
2026-07-30T00:06:36.282Z,1001,inference,Clean_Air,0,95,0,0.106062368,0.007757358,0.004859061,-0.002839965,-0.009855269,-0.00763855,-0.020037692,0.003998837
2026-07-30T00:06:36.670Z,1001,inference,Clean_Air,0,95,0,0.105726346,0.007606971,0.004904405,-0.002826015,-0.009852589,-0.007615751,-0.020042509,0.003510363
2026-07-30T00:06:37.155Z,1001,inference,Clean_Air,0,95,0,0.105726346,0.007606971,0.004904405,-0.002826015,-0.009852589,-0.007615751,-0.020042509,0.003510363
2026-07-30T00:06:37.705Z,1001,inference,Clean_Air,0,95,0,0.105122015,0.00670692,0.004919172,-0.002823077,-0.009828474,-0.008270659,-0.01997911,0.003443643
2026-07-30T00:06:38.270Z,1001,inference,Clean_Air,0,95,0,0.104942068,0.006203232,0.004902722,-0.002779956,-0.009840376,-0.00740918,-0.019982165,0.003356973
2026-07-30T00:06:38.805Z,1001,inference,Clean_Air,0,95,0,0.104547143,0.006152418,0.004872207,-0.002772583,-0.009857697,-0.006501666,-0.019981775,0.00310448
2026-07-30T00:06:39.194Z,1001,inference,Clean_Air,0,95,0,0.104720317,0.00618707,0.004876512,-0.002762476,-0.009863272,-0.006972563,-0.019993523,0.002977047
2026-07-30T00:06:39.674Z,1001,inference,Clean_Air,0,95,0,0.104720317,0.00618707,0.004876512,-0.002762476,-0.009863272,-0.006972563,-0.019993523,0.002977047
2026-07-30T00:06:40.212Z,1001,inference,Clean_Air,0,95,0,0.104407944,0.006194471,0.00490133,-0.002745374,-0.009942072,-0.007949146,-0.020060373,0.001812252
2026-07-30T00:06:40.782Z,1001,inference,Clean_Air,0,95,0,0.104105666,0.005066558,0.00493444,-0.002761894,-0.009896455,-0.007487932,-0.020058971,0.000462472
2026-07-30T00:06:41.252Z,1001,inference,Clean_Air,0,96,0,0.103704534,0.005041447,0.005015637,-0.00274475,-0.009902163,-0.007742931,-0.020066762,-0.0013729
2026-07-30T00:06:41.679Z,1001,inference,Clean_Air,0,96,0,0.103704534,0.005041447,0.005015637,-0.00274475,-0.009902163,-0.007742931,-0.020066762,-0.0013729
2026-07-30T00:06:42.141Z,1001,inference,Clean_Air,0,96,0,0.103704534,0.005041447,0.005015637,-0.00274475,-0.009902163,-0.007742931,-0.020066762,-0.0013729
2026-07-30T00:06:42.641Z,1001,inference,Clean_Air,0,96,0,0.103704534,0.005041447,0.005015637,-0.00274475,-0.009902163,-0.007742931,-0.020066762,-0.0013729
2026-07-30T00:06:43.141Z,1001,inference,Clean_Air,0,96,0,0.103704534,0.005041447,0.005015637,-0.00274475,-0.009902163,-0.007742931,-0.020066762,-0.0013729
2026-07-30T00:06:43.713Z,1001,inference,Clean_Air,0,96,0,0.103533164,0.0050294,0.005095572,-0.002727187,-0.009824274,-0.008909928,-0.020065412,-0.000968943
2026-07-30T00:06:44.246Z,1001,inference,Clean_Air,0,96,0,0.103322104,0.005117786,0.005072243,-0.002734811,-0.0098378,-0.008607609,-0.020048192,-0.000905345
2026-07-30T00:06:44.804Z,1001,inference,Clean_Air,0,96,0,0.103081837,0.005126799,0.005044031,-0.002754067,-0.009816818,-0.008515857,-0.020051464,-0.002289065
2026-07-30T00:06:45.190Z,1001,inference,Clean_Air,0,96,0,0.102874622,0.004803144,0.005033032,-0.002792326,-0.009817732,-0.006948477,-0.020064116,-0.003505431
2026-07-30T00:06:45.675Z,1001,inference,Clean_Air,0,96,0,0.102874622,0.004803144,0.005033032,-0.002792326,-0.009817732,-0.006948477,-0.020064116,-0.003505431
2026-07-30T00:06:46.244Z,1001,inference,Clean_Air,0,96,0,0.102589622,0.00430374,0.005087909,-0.002817422,-0.009866323,-0.007205737,-0.020061284,-0.003690198
2026-07-30T00:06:46.779Z,1001,inference,Clean_Air,0,96,0,0.102478877,0.004314963,0.005113747,-0.00281238,-0.009854561,-0.007598091,-0.020067194,-0.00394831
2026-07-30T00:06:47.187Z,1001,inference,Clean_Air,0,96,0,0.102336511,0.004274043,0.005029357,-0.002833279,-0.009872627,-0.007624239,-0.020126712,-0.005156476
2026-07-30T00:06:47.672Z,1001,inference,Clean_Air,0,96,0,0.102336511,0.004274043,0.005029357,-0.002833279,-0.009872627,-0.007624239,-0.020126712,-0.005156476
2026-07-30T00:06:48.222Z,1001,inference,Clean_Air,0,96,0,0.102202475,0.004203116,0.004995957,-0.002843723,-0.009842689,-0.007617761,-0.020058684,-0.006244026
2026-07-30T00:06:48.809Z,1001,inference,Clean_Air,0,95,0,0.102052212,0.004124717,0.004974322,-0.002912646,-0.009908943,-0.007370026,-0.020043401,-0.00694517
2026-07-30T00:06:49.185Z,1001,inference,Clean_Air,0,95,0,0.102015458,0.004156625,0.004977507,-0.002945548,-0.009926828,-0.007432019,-0.020048836,-0.008165821
2026-07-30T00:06:49.662Z,1001,inference,Clean_Air,0,95,0,0.102015458,0.004156625,0.004977507,-0.002945548,-0.009926828,-0.007432019,-0.020048836,-0.008165821
2026-07-30T00:06:50.250Z,1001,inference,Clean_Air,0,95,0,0.101710156,0.004143066,0.004961435,-0.002932457,-0.010044849,-0.006622949,-0.020035949,-0.009425822
2026-07-30T00:06:50.774Z,1001,inference,Clean_Air,0,96,0,0.10162393,0.00408669,0.004992021,-0.002945014,-0.010037946,-0.006890827,-0.020036271,-0.00960963
2026-07-30T00:06:51.329Z,1001,inference,Clean_Air,0,95,0,0.101371862,0.004084844,0.004976273,-0.002938452,-0.010068092,-0.006976259,-0.020002607,-0.009883618
2026-07-30T00:06:51.666Z,1001,inference,Clean_Air,0,95,0,0.101371862,0.004084844,0.004976273,-0.002938452,-0.010068092,-0.006976259,-0.020002607,-0.009883618
2026-07-30T00:06:52.145Z,1001,inference,Clean_Air,0,95,0,0.101371862,0.004084844,0.004976273,-0.002938452,-0.010068092,-0.006976259,-0.020002607,-0.009883618
2026-07-30T00:06:52.642Z,1001,inference,Clean_Air,0,95,0,0.101371862,0.004084844,0.004976273,-0.002938452,-0.010068092,-0.006976259,-0.020002607,-0.009883618
2026-07-30T00:06:53.148Z,1001,inference,Clean_Air,0,95,0,0.101371862,0.004084844,0.004976273,-0.002938452,-0.010068092,-0.006976259,-0.020002607,-0.009883618
2026-07-30T00:06:53.734Z,1001,inference,Clean_Air,0,95,0,0.101171888,0.004108868,0.004964674,-0.002894271,-0.010081066,-0.008609714,-0.019997833,-0.008998023
2026-07-30T00:06:54.273Z,1001,inference,Clean_Air,0,95,0,0.100927308,0.00410642,0.00491371,-0.00287543,-0.010035585,-0.008817446,-0.020073261,-0.008874257
2026-07-30T00:06:54.668Z,1001,inference,Clean_Air,0,95,0,0.100474119,0.004097161,0.004909267,-0.002892246,-0.01008183,-0.009371705,-0.020057026,-0.009992919
2026-07-30T00:06:55.220Z,1001,inference,Clean_Air,0,95,0,0.100474119,0.004097161,0.004909267,-0.002892246,-0.01008183,-0.009371705,-0.020057026,-0.009992919
2026-07-30T00:06:55.701Z,1001,inference,Clean_Air,0,95,0,0.100006737,0.004107123,0.004920506,-0.002892685,-0.010046576,-0.008755953,-0.020050408,-0.008752895
2026-07-30T00:06:56.267Z,1001,inference,Clean_Air,0,95,0,0.09973821,0.004100164,0.004903758,-0.002921097,-0.010077057,-0.008772931,-0.020073414,-0.008668067
2026-07-30T00:06:56.812Z,1001,inference,Clean_Air,0,95,0,0.099352136,0.004114807,0.004939071,-0.002825629,-0.010040621,-0.009173064,-0.02007943,-0.008455661
2026-07-30T00:06:57.232Z,1001,inference,Clean_Air,0,95,0,0.09918493,0.004102227,0.004927055,-0.002815256,-0.010017951,-0.009112127,-0.020060789,-0.006972308
2026-07-30T00:06:57.716Z,1001,inference,Clean_Air,0,95,0,0.09918493,0.004102227,0.004927055,-0.002815256,-0.010017951,-0.009112127,-0.020060789,-0.006972308
2026-07-30T00:06:58.266Z,1001,inference,Clean_Air,0,95,0,0.09899395,0.004121864,0.004929944,-0.002808345,-0.010005751,-0.009035351,-0.020089604,-0.007637036
2026-07-30T00:06:58.678Z,1001,inference,Clean_Air,0,95,0,0.098740235,0.004107913,0.004933107,-0.002820949,-0.010040442,-0.009079084,-0.020085331,-0.00861415
2026-07-30T00:06:59.161Z,1001,inference,Clean_Air,0,95,0,0.098740235,0.004107913,0.004933107,-0.002820949,-0.010040442,-0.009079084,-0.020085331,-0.00861415
2026-07-30T00:06:59.708Z,1001,inference,Clean_Air,0,95,0,0.098550752,0.004167569,0.004871048,-0.002794687,-0.010029656,-0.009009742,-0.02010449,-0.009564107
2026-07-30T00:07:00.283Z,1001,inference,Clean_Air,0,95,0,0.098519646,0.004158949,0.004877334,-0.002835621,-0.010016134,-0.009005419,-0.020124206,-0.010232044
2026-07-30T00:07:00.666Z,1001,inference,Clean_Air,0,95,0,0.098351389,0.004245553,0.004889167,-0.002854328,-0.010031661,-0.009775148,-0.020025421,-0.012474234
2026-07-30T00:07:01.158Z,1001,inference,Clean_Air,0,95,0,0.098351389,0.004245553,0.004889167,-0.002854328,-0.010031661,-0.009775148,-0.020025421,-0.012474234
2026-07-30T00:07:01.709Z,1001,inference,Clean_Air,0,95,0,0.098322883,0.004253404,0.004916099,-0.002850105,-0.010013121,-0.009771493,-0.020044982,-0.013765372
2026-07-30T00:07:02.164Z,1001,inference,Clean_Air,0,95,0,0.098322883,0.004253404,0.004916099,-0.002850105,-0.010013121,-0.009771493,-0.020044982,-0.013765372
2026-07-30T00:07:03.106Z,1001,inference,Clean_Air,0,95,0,0.098322883,0.004253404,0.004916099,-0.002850105,-0.010013121,-0.009771493,-0.020044982,-0.013765372
2026-07-30T00:07:04.110Z,1001,inference,Clean_Air,0,95,0,0.098304257,0.004250682,0.004983042,-0.002811309,-0.010030584,-0.010388996,-0.020005336,-0.015974883
2026-07-30T00:07:05.147Z,1001,inference,Clean_Air,0,95,0,0.098117493,0.004264557,0.004976329,-0.00279761,-0.010035226,-0.010592202,-0.019991932,-0.018660774
2026-07-30T00:07:06.193Z,1001,inference,Clean_Air,0,96,0,0.097756349,0.004332128,0.004999818,-0.002776864,-0.010011265,-0.011606787,-0.020062897,-0.020223355
2026-07-30T00:07:07.245Z,1001,inference,Clean_Air,0,96,0,0.097362749,0.004276155,0.005073164,-0.002815323,-0.009975811,-0.011843378,-0.020058753,-0.020769646
2026-07-30T00:07:08.268Z,1001,inference,Clean_Air,0,96,0,0.096874908,0.004204196,0.005103377,-0.002785122,-0.009947932,-0.012037473,-0.020022335,-0.021170339
2026-07-30T00:07:09.096Z,1001,inference,Clean_Air,0,96,0,0.09665902,0.004204621,0.005089602,-0.002766683,-0.009945515,-0.012070922,-0.020013776,-0.020107368
2026-07-30T00:07:10.138Z,1001,inference,Clean_Air,0,96,0,0.096153453,0.004199341,0.00512292,-0.002811078,-0.009948769,-0.012192051,-0.020053741,-0.020046707
2026-07-30T00:07:11.183Z,1001,inference,Clean_Air,0,96,0,0.09603893,0.004110754,0.00508549,-0.00278188,-0.009947483,-0.012215386,-0.020101797,-0.020173913
2026-07-30T00:07:12.106Z,1001,inference,Clean_Air,0,96,0,0.095788717,0.004182019,0.005063014,-0.002789801,-0.009955254,-0.012266168,-0.020108383,-0.020746941
2026-07-30T00:07:13.102Z,1001,inference,Clean_Air,0,96,0,0.095788717,0.004182019,0.005063014,-0.002789801,-0.009955254,-0.012266168,-0.020108383,-0.020746941
2026-07-30T00:07:14.114Z,1001,inference,Clean_Air,0,96,0,0.095563024,0.00413959,0.00504627,-0.002804509,-0.009957694,-0.012188678,-0.020131644,-0.022045132
2026-07-30T00:07:15.136Z,1001,inference,Clean_Air,0,96,0,0.095366113,0.004129872,0.005001851,-0.002723486,-0.010014311,-0.012029975,-0.02013771,-0.022618245
2026-07-30T00:07:16.180Z,1001,inference,Clean_Air,0,95,0,0.095327422,0.004127366,0.004958399,-0.002696789,-0.00995071,-0.011984752,-0.020189114,-0.023746101
2026-07-30T00:07:17.221Z,1001,inference,Clean_Air,0,95,0,0.095455617,0.004151428,0.004937036,-0.002709808,-0.009880916,-0.012003535,-0.020117594,-0.024130205
2026-07-30T00:07:18.266Z,1001,inference,Clean_Air,0,95,0,0.094947949,0.004174378,0.004955802,-0.002759893,-0.009853566,-0.012070628,-0.020079661,-0.024154428
2026-07-30T00:07:19.303Z,1001,inference,Clean_Air,0,96,0,0.094760492,0.004108266,0.005002532,-0.002780142,-0.009882273,-0.01214798,-0.020048771,-0.025088841
2026-07-30T00:07:19.949Z,1001,inference,Clean_Air,0,96,0,0.09463042,0.004091613,0.005024814,-0.00279038,-0.009868246,-0.012205201,-0.020063218,-0.025854176
2026-07-30T00:07:20.240Z,1001,inference,Clean_Air,0,96,0,0.09463042,0.004091613,0.005024814,-0.00279038,-0.009868246,-0.012205201,-0.020063218,-0.025854176
2026-07-30T00:07:20.733Z,1001,inference,Clean_Air,0,96,0,0.09463042,0.004091613,0.005024814,-0.00279038,-0.009868246,-0.012205201,-0.020063218,-0.025854176
2026-07-30T00:07:21.305Z,1001,inference,Clean_Air,0,96,0,0.094414771,0.004108549,0.005057577,-0.002791044,-0.009855028,-0.012190652,-0.020124679,-0.025899624
2026-07-30T00:07:21.680Z,1001,inference,Clean_Air,0,96,0,0.093710944,0.004094047,0.00503534,-0.002810582,-0.009854707,-0.012210617,-0.020148132,-0.025902903
2026-07-30T00:07:22.155Z,1001,inference,Clean_Air,0,96,0,0.093710944,0.004094047,0.00503534,-0.002810582,-0.009854707,-0.012210617,-0.020148132,-0.025902903
2026-07-30T00:07:22.715Z,1001,inference,Clean_Air,0,96,0,0.093596265,0.004116468,0.005059677,-0.002811585,-0.009938078,-0.012239396,-0.020188337,-0.025910664
2026-07-30T00:07:23.167Z,1001,inference,Clean_Air,0,96,0,0.093596265,0.004116468,0.005059677,-0.002811585,-0.009938078,-0.012239396,-0.020188337,-0.025910664
2026-07-30T00:07:23.641Z,1001,inference,Clean_Air,0,96,0,0.093596265,0.004116468,0.005059677,-0.002811585,-0.009938078,-0.012239396,-0.020188337,-0.025910664
2026-07-30T00:07:24.143Z,1001,inference,Clean_Air,0,96,0,0.093596265,0.004116468,0.005059677,-0.002811585,-0.009938078,-0.012239396,-0.020188337,-0.025910664
2026-07-30T00:07:24.643Z,1001,inference,Clean_Air,0,96,0,0.093596265,0.004116468,0.005059677,-0.002811585,-0.009938078,-0.012239396,-0.020188337,-0.025910664
2026-07-30T00:07:25.219Z,1001,inference,Clean_Air,0,96,0,0.093267784,0.004217386,0.005057753,-0.002812655,-0.009929663,-0.012248309,-0.020198833,-0.025895458
2026-07-30T00:07:25.763Z,1001,inference,Clean_Air,0,96,0,0.092790037,0.004170756,0.005037954,-0.002813838,-0.010002534,-0.012246311,-0.020179719,-0.025888285
2026-07-30T00:07:26.169Z,1001,inference,Clean_Air,0,96,0,0.092536576,0.004183118,0.005042748,-0.002804746,-0.010011811,-0.012295535,-0.0201947,-0.02586917
2026-07-30T00:07:26.710Z,1001,inference,Clean_Air,0,96,0,0.092536576,0.004183118,0.005042748,-0.002804746,-0.010011811,-0.012295535,-0.0201947,-0.02586917
2026-07-30T00:07:27.182Z,1001,inference,Clean_Air,0,96,0,0.092333876,0.004173246,0.005049628,-0.002800306,-0.010002591,-0.012352807,-0.0202362,-0.025878185
2026-07-30T00:07:27.744Z,1001,inference,Clean_Air,0,96,0,0.09217231,0.0042053,0.005055718,-0.002785058,-0.009966774,-0.01230459,-0.020133965,-0.02588756
2026-07-30T00:07:28.288Z,1001,inference,Clean_Air,0,96,0,0.091974847,0.004205898,0.005015647,-0.002792701,-0.009981686,-0.012310131,-0.02019199,-0.025909489
2026-07-30T00:07:28.699Z,1001,inference,Clean_Air,0,95,0,0.091778725,0.004204534,0.004957071,-0.002776488,-0.009966969,-0.012367299,-0.020257328,-0.025915217
2026-07-30T00:07:29.191Z,1001,inference,Clean_Air,0,95,0,0.091778725,0.004204534,0.004957071,-0.002776488,-0.009966969,-0.012367299,-0.020257328,-0.025915217
2026-07-30T00:07:29.735Z,1001,inference,Clean_Air,0,95,0,0.091615923,0.00418677,0.004958219,-0.002770444,-0.009974748,-0.012386193,-0.0201844,-0.025880769
2026-07-30T00:07:30.295Z,1001,inference,Clean_Air,0,95,0,0.091592476,0.004203981,0.004977661,-0.002773949,-0.009950749,-0.012325141,-0.02016617,-0.025882769
2026-07-30T00:07:30.677Z,1001,inference,Clean_Air,0,95,0,0.091316581,0.004186922,0.004978211,-0.002793203,-0.009943062,-0.012267273,-0.020134706,-0.025881669
2026-07-30T00:07:31.155Z,1001,inference,Clean_Air,0,95,0,0.091316581,0.004186922,0.004978211,-0.002793203,-0.009943062,-0.012267273,-0.020134706,-0.025881669
2026-07-30T00:07:31.740Z,1001,inference,Clean_Air,0,95,0,0.091241106,0.004100827,0.004980887,-0.00278458,-0.009980963,-0.012250746,-0.020134972,-0.025918156
2026-07-30T00:07:32.278Z,1001,inference,Clean_Air,0,96,0,0.090983853,0.00408902,0.005016786,-0.002773079,-0.009990724,-0.012253889,-0.020217836,-0.025930325
2026-07-30T00:07:32.830Z,1001,inference,Clean_Air,0,96,0,0.090870366,0.004054533,0.005017493,-0.002758938,-0.009984396,-0.012186213,-0.020220909,-0.025945578
2026-07-30T00:07:33.167Z,1001,inference,Clean_Air,0,96,0,0.090870366,0.004054533,0.005017493,-0.002758938,-0.009984396,-0.012186213,-0.020220909,-0.025945578
2026-07-30T00:07:33.647Z,1001,inference,Clean_Air,0,96,0,0.090870366,0.004054533,0.005017493,-0.002758938,-0.009984396,-0.012186213,-0.020220909,-0.025945578
2026-07-30T00:07:34.147Z,1001,inference,Clean_Air,0,96,0,0.090870366,0.004054533,0.005017493,-0.002758938,-0.009984396,-0.012186213,-0.020220909,-0.025945578
2026-07-30T00:07:34.645Z,1001,inference,Clean_Air,0,96,0,0.090870366,0.004054533,0.005017493,-0.002758938,-0.009984396,-0.012186213,-0.020220909,-0.025945578
2026-07-30T00:07:35.227Z,1001,inference,Clean_Air,0,96,0,0.090734251,0.004047294,0.005023381,-0.002766588,-0.010008218,-0.012178621,-0.020146701,-0.0259667
2026-07-30T00:07:35.754Z,1001,inference,Clean_Air,0,96,0,0.09055309,0.004040799,0.005057868,-0.00278737,-0.009997329,-0.01212005,-0.020259162,-0.025957305
2026-07-30T00:07:36.162Z,1001,inference,Clean_Air,0,96,0,0.090304449,0.004007346,0.005121752,-0.00277316,-0.009980062,-0.012102778,-0.020233747,-0.025935734
2026-07-30T00:07:36.641Z,1001,inference,Clean_Air,0,96,0,0.090304449,0.004007346,0.005121752,-0.00277316,-0.009980062,-0.012102778,-0.020233747,-0.025935734
2026-07-30T00:07:37.186Z,1001,inference,Clean_Air,0,96,0,0.090042166,0.004031203,0.005161515,-0.002787625,-0.009972495,-0.012102506,-0.020165322,-0.02593269
2026-07-30T00:07:37.767Z,1001,inference,Clean_Air,0,97,0,0.089843094,0.00405667,0.005202266,-0.002787665,-0.009980917,-0.012045487,-0.020165276,-0.025933648
2026-07-30T00:07:38.311Z,1001,inference,Clean_Air,0,97,0,0.08971177,0.00407224,0.005208724,-0.002786052,-0.009929464,-0.012153083,-0.0201464,-0.025960758
2026-07-30T00:07:38.715Z,1001,inference,Clean_Air,0,97,0,0.089691713,0.004056931,0.005219071,-0.002778727,-0.009906022,-0.012208015,-0.02015857,-0.025955042
2026-07-30T00:07:39.200Z,1001,inference,Clean_Air,0,97,0,0.089691713,0.004056931,0.005219071,-0.002778727,-0.009906022,-0.012208015,-0.02015857,-0.025955042
2026-07-30T00:07:39.749Z,1001,inference,Clean_Air,0,97,0,0.089480534,0.004073854,0.005207126,-0.002770063,-0.009905923,-0.012203258,-0.020154249,-0.025962815
2026-07-30T00:07:40.325Z,1001,inference,Clean_Air,0,97,0,0.089526191,0.00409964,0.005195153,-0.00277798,-0.009913172,-0.012218689,-0.020150511,-0.025969148
2026-07-30T00:07:40.700Z,1001,inference,Clean_Air,0,97,0,0.089532711,0.004121193,0.005188417,-0.002760903,-0.009909526,-0.012249952,-0.020140231,-0.02598108
2026-07-30T00:07:41.172Z,1001,inference,Clean_Air,0,97,0,0.089532711,0.004121193,0.005188417,-0.002760903,-0.009909526,-0.012249952,-0.020140231,-0.02598108
2026-07-30T00:07:41.748Z,1001,inference,Clean_Air,0,97,0,0.089453973,0.004097451,0.005195539,-0.00275153,-0.009885183,-0.01221626,-0.020168398,-0.025946204
2026-07-30T00:07:42.295Z,1001,inference,Clean_Air,0,96,0,0.089384541,0.004084838,0.005166183,-0.002735764,-0.009924183,-0.012289794,-0.020169834,-0.025930643
2026-07-30T00:07:42.848Z,1001,inference,Clean_Air,0,96,0,0.089162536,0.004183796,0.005125661,-0.002706743,-0.009915226,-0.012268701,-0.020148981,-0.025906995
2026-07-30T00:07:43.171Z,1001,inference,Clean_Air,0,96,0,0.089162536,0.004183796,0.005125661,-0.002706743,-0.009915226,-0.012268701,-0.020148981,-0.025906995
2026-07-30T00:07:43.640Z,1001,inference,Clean_Air,0,96,0,0.089162536,0.004183796,0.005125661,-0.002706743,-0.009915226,-0.012268701,-0.020148981,-0.025906995
2026-07-30T00:07:44.138Z,1001,inference,Clean_Air,0,96,0,0.089162536,0.004183796,0.005125661,-0.002706743,-0.009915226,-0.012268701,-0.020148981,-0.025906995
2026-07-30T00:07:44.638Z,1001,inference,Clean_Air,0,96,0,0.089162536,0.004183796,0.005125661,-0.002706743,-0.009915226,-0.012268701,-0.020148981,-0.025906995
2026-07-30T00:07:45.245Z,1001,inference,Clean_Air,0,96,0,0.089102305,0.004181889,0.005111082,-0.002712799,-0.009917721,-0.012267834,-0.020104168,-0.02591629
2026-07-30T00:07:45.792Z,1001,inference,Clean_Air,0,96,0,0.089045502,0.004181219,0.00508285,-0.002708576,-0.009904983,-0.012309283,-0.020073716,-0.025934279
2026-07-30T00:07:46.198Z,1001,inference,Clean_Air,0,96,0,0.088873334,0.004174569,0.005079228,-0.002735153,-0.009971698,-0.012266484,-0.020038653,-0.025921915
2026-07-30T00:07:46.683Z,1001,inference,Clean_Air,0,96,0,0.088873334,0.004174569,0.005079228,-0.002735153,-0.009971698,-0.012266484,-0.020038653,-0.025921915
2026-07-30T00:07:47.228Z,1001,inference,Clean_Air,0,96,0,0.088867322,0.004204112,0.0050589,-0.00272328,-0.009984236,-0.012274091,-0.020051062,-0.025930777
2026-07-30T00:07:47.798Z,1001,inference,Clean_Air,0,96,0,0.08882428,0.004161034,0.00509438,-0.002727761,-0.009941836,-0.012273496,-0.020059716,-0.025907239
2026-07-30T00:07:48.175Z,1001,inference,Clean_Air,0,96,0,0.088411741,0.004172309,0.005060696,-0.002712253,-0.009925581,-0.012324804,-0.019992307,-0.025893709
2026-07-30T00:07:48.646Z,1001,inference,Clean_Air,0,96,0,0.088411741,0.004172309,0.005060696,-0.002712253,-0.009925581,-0.012324804,-0.019992307,-0.025893709
2026-07-30T00:07:49.224Z,1001,inference,Clean_Air,0,96,0,0.088203646,0.004174405,0.005067585,-0.002726537,-0.009940518,-0.012315241,-0.019982642,-0.025877338
2026-07-30T00:07:49.768Z,1001,inference,Clean_Air,0,96,0,0.088051572,0.004206245,0.005037577,-0.002732546,-0.009951805,-0.012316003,-0.019943494,-0.025892779
2026-07-30T00:07:50.188Z,1001,inference,Clean_Air,0,96,0,0.087692164,0.004216108,0.005023151,-0.002733273,-0.009945521,-0.012272084,-0.019832376,-0.025906194
2026-07-30T00:07:50.669Z,1001,inference,Clean_Air,0,96,0,0.087692164,0.004216108,0.005023151,-0.002733273,-0.009945521,-0.012272084,-0.019832376,-0.025906194
2026-07-30T00:07:51.213Z,1001,inference,Clean_Air,0,96,0,0.087634295,0.004133092,0.005008355,-0.002741392,-0.009968327,-0.012327212,-0.019842055,-0.025941473
2026-07-30T00:07:51.790Z,1001,inference,Clean_Air,0,96,0,0.087479666,0.004141742,0.00501102,-0.002731783,-0.009980252,-0.012268154,-0.019948894,-0.025907114
2026-07-30T00:07:52.180Z,1001,inference,Clean_Air,0,96,0,0.087391295,0.004135044,0.005003339,-0.002715935,-0.009981553,-0.012281996,-0.020039795,-0.025899455
2026-07-30T00:07:52.660Z,1001,inference,Clean_Air,0,96,0,0.087391295,0.004135044,0.005003339,-0.002715935,-0.009981553,-0.012281996,-0.020039795,-0.025899455
2026-07-30T00:07:53.212Z,1001,inference,Clean_Air,0,96,0,0.08733815,0.004135498,0.00500234,-0.002698147,-0.009991628,-0.012256874,-0.020154696,-0.02590852
2026-07-30T00:07:53.670Z,1001,inference,Clean_Air,0,96,0,0.08733815,0.004135498,0.00500234,-0.002698147,-0.009991628,-0.012256874,-0.020154696,-0.02590852
2026-07-30T00:07:54.151Z,1001,inference,Clean_Air,0,96,0,0.08733815,0.004135498,0.00500234,-0.002698147,-0.009991628,-0.012256874,-0.020154696,-0.02590852
2026-07-30T00:07:54.651Z,1001,inference,Clean_Air,0,96,0,0.08733815,0.004135498,0.00500234,-0.002698147,-0.009991628,-0.012256874,-0.020154696,-0.02590852
2026-07-30T00:07:55.150Z,1001,inference,Clean_Air,0,96,0,0.08733815,0.004135498,0.00500234,-0.002698147,-0.009991628,-0.012256874,-0.020154696,-0.02590852
2026-07-30T00:07:55.708Z,1001,inference,Clean_Air,0,96,0,0.087002419,0.00413788,0.004997072,-0.002691747,-0.010010082,-0.012234015,-0.020188961,-0.025893304
2026-07-30T00:07:56.251Z,1001,inference,Clean_Air,0,96,0,0.086863682,0.004185119,0.004993529,-0.00267994,-0.01002967,-0.012298024,-0.020189974,-0.025890145
2026-07-30T00:07:56.827Z,1001,inference,Clean_Air,0,96,0,0.086844936,0.004139856,0.005035562,-0.002690896,-0.010051904,-0.012240004,-0.020149158,-0.025902927
2026-07-30T00:07:57.204Z,1001,inference,Clean_Air,0,96,0,0.086817659,0.004163298,0.004999955,-0.002718112,-0.010034796,-0.012241389,-0.020149346,-0.025904184
2026-07-30T00:07:57.681Z,1001,inference,Clean_Air,0,96,0,0.086817659,0.004163298,0.004999955,-0.002718112,-0.010034796,-0.012241389,-0.020149346,-0.025904184
2026-07-30T00:07:58.259Z,1001,inference,Clean_Air,0,96,0,0.086485155,0.004167379,0.005045056,-0.002719833,-0.01004888,-0.012209618,-0.020196356,-0.025911829
2026-07-30T00:07:58.792Z,1001,inference,Clean_Air,0,96,0,0.086542182,0.004190401,0.00505342,-0.002711162,-0.010043471,-0.01221302,-0.020300942,-0.02591748
2026-07-30T00:07:59.201Z,1001,inference,Clean_Air,0,96,0,0.086342655,0.004224386,0.005065269,-0.002738025,-0.010022325,-0.012137783,-0.020317998,-0.025912777
2026-07-30T00:07:59.680Z,1001,inference,Clean_Air,0,96,0,0.086342655,0.004224386,0.005065269,-0.002738025,-0.010022325,-0.012137783,-0.020317998,-0.025912777
2026-07-30T00:08:00.240Z,1001,inference,Clean_Air,0,96,0,0.08626581,0.00417283,0.005082569,-0.002733239,-0.010010972,-0.012139547,-0.020263737,-0.025961915
2026-07-30T00:08:00.801Z,1001,inference,Clean_Air,0,96,0,0.086131737,0.004151029,0.005088322,-0.002760414,-0.010007062,-0.012082943,-0.020215498,-0.025978874
2026-07-30T00:08:01.179Z,1001,inference,Clean_Air,0,96,0,0.085951947,0.004109698,0.005098919,-0.002757281,-0.010011779,-0.012086769,-0.020210218,-0.026001189
2026-07-30T00:08:01.657Z,1001,inference,Clean_Air,0,96,0,0.085951947,0.004109698,0.005098919,-0.002757281,-0.010011779,-0.012086769,-0.020210218,-0.026001189
2026-07-30T00:08:02.234Z,1001,inference,Clean_Air,0,96,0,0.085898504,0.004105465,0.005095247,-0.002767602,-0.010014939,-0.012118993,-0.020161491,-0.025972765
2026-07-30T00:08:02.779Z,1001,inference,Clean_Air,0,96,0,0.085626915,0.004083866,0.005073258,-0.002805275,-0.010048227,-0.012126711,-0.020176638,-0.025995824
2026-07-30T00:08:03.333Z,1001,inference,Clean_Air,0,96,0,0.085638165,0.004108413,0.005070762,-0.00281028,-0.010030143,-0.012125661,-0.020244384,-0.025958827
2026-07-30T00:08:03.668Z,1001,inference,Clean_Air,0,96,0,0.085638165,0.004108413,0.005070762,-0.00281028,-0.010030143,-0.012125661,-0.020244384,-0.025958827
2026-07-30T00:08:04.149Z,1001,inference,Clean_Air,0,96,0,0.085638165,0.004108413,0.005070762,-0.00281028,-0.010030143,-0.012125661,-0.020244384,-0.025958827
2026-07-30T00:08:04.677Z,1001,inference,Clean_Air,0,96,0,0.085638165,0.004108413,0.005070762,-0.00281028,-0.010030143,-0.012125661,-0.020244384,-0.025958827
2026-07-30T00:08:05.136Z,1001,inference,Clean_Air,0,96,0,0.085638165,0.004108413,0.005070762,-0.00281028,-0.010030143,-0.012125661,-0.020244384,-0.025958827
2026-07-30T00:08:05.738Z,1001,inference,Clean_Air,0,96,0,0.085406408,0.00411447,0.005124851,-0.00277801,-0.010031449,-0.012062827,-0.020253852,-0.025930841
2026-07-30T00:08:06.264Z,1001,inference,Clean_Air,0,96,0,0.085469715,0.004091962,0.005122292,-0.002777511,-0.010008903,-0.012094618,-0.020281423,-0.025931522
2026-07-30T00:08:06.672Z,1001,inference,Clean_Air,0,96,0,0.085055485,0.004084305,0.00515009,-0.002789938,-0.01000818,-0.012178022,-0.020171234,-0.025944952
2026-07-30T00:08:07.153Z,1001,inference,Clean_Air,0,96,0,0.085055485,0.004084305,0.00515009,-0.002789938,-0.01000818,-0.012178022,-0.020171234,-0.025944952
2026-07-30T00:08:07.699Z,1001,inference,Clean_Air,0,97,0,0.084775954,0.004068074,0.005168994,-0.002753,-0.010008098,-0.01224099,-0.020101795,-0.025951436
2026-07-30T00:08:08.263Z,1001,inference,Clean_Air,0,96,0,0.084468797,0.004092366,0.005159774,-0.00277483,-0.010042389,-0.012276835,-0.020105299,-0.025999522
2026-07-30T00:08:08.807Z,1001,inference,Clean_Air,0,96,0,0.084080137,0.004065372,0.005157663,-0.002780583,-0.01004854,-0.012308937,-0.020133216,-0.025984313
2026-07-30T00:08:09.218Z,1001,inference,Clean_Air,0,96,0,0.083704799,0.00410259,0.005156317,-0.002783938,-0.010039006,-0.012337169,-0.020093594,-0.025949661
2026-07-30T00:08:09.711Z,1001,inference,Clean_Air,0,96,0,0.083704799,0.00410259,0.005156317,-0.002783938,-0.010039006,-0.012337169,-0.020093594,-0.025949661
2026-07-30T00:08:10.244Z,1001,inference,Clean_Air,0,97,0,0.083302505,0.004098086,0.005203123,-0.00277834,-0.010050346,-0.01226149,-0.020074964,-0.025976738
2026-07-30T00:08:10.818Z,1001,inference,Clean_Air,0,97,0,0.083139978,0.004107495,0.00519184,-0.002749411,-0.010013796,-0.012196653,-0.020055624,-0.025966328
2026-07-30T00:08:11.187Z,1001,inference,Clean_Air,0,97,0,0.08259324,0.004140515,0.00517502,-0.002742116,-0.010009366,-0.012198561,-0.020056512,-0.026008252
2026-07-30T00:08:11.676Z,1001,inference,Clean_Air,0,97,0,0.08259324,0.004140515,0.00517502,-0.002742116,-0.010009366,-0.012198561,-0.020056512,-0.026008252
2026-07-30T00:08:12.240Z,1001,inference,Clean_Air,0,97,0,0.082195312,0.004127071,0.005167026,-0.002732746,-0.010031137,-0.01223709,-0.020034324,-0.026021436
2026-07-30T00:08:12.768Z,1001,inference,Clean_Air,0,96,0,0.081717461,0.004166739,0.005161786,-0.002739676,-0.010038251,-0.012271537,-0.02001809,-0.026036594
2026-07-30T00:08:13.184Z,1001,inference,Clean_Air,0,96,0,0.081553772,0.004134648,0.005133008,-0.002732971,-0.010053237,-0.012202298,-0.020073805,-0.026029846
2026-07-30T00:08:13.661Z,1001,inference,Clean_Air,0,96,0,0.081553772,0.004134648,0.005133008,-0.002732971,-0.010053237,-0.012202298,-0.020073805,-0.026029846
2026-07-30T00:08:14.198Z,1001,inference,Clean_Air,0,96,0,0.081287339,0.004137028,0.005117451,-0.002751356,-0.00999451,-0.012171263,-0.020121321,-0.026023006
2026-07-30T00:08:14.650Z,1001,inference,Clean_Air,0,96,0,0.081287339,0.004137028,0.005117451,-0.002751356,-0.00999451,-0.012171263,-0.020121321,-0.026023006
2026-07-30T00:08:15.149Z,1001,inference,Clean_Air,0,96,0,0.081287339,0.004137028,0.005117451,-0.002751356,-0.00999451,-0.012171263,-0.020121321,-0.026023006
2026-07-30T00:08:15.645Z,1001,inference,Clean_Air,0,96,0,0.081287339,0.004137028,0.005117451,-0.002751356,-0.00999451,-0.012171263,-0.020121321,-0.026023006
2026-07-30T00:08:16.148Z,1001,inference,Clean_Air,0,96,0,0.081287339,0.004137028,0.005117451,-0.002751356,-0.00999451,-0.012171263,-0.020121321,-0.026023006
2026-07-30T00:08:16.729Z,1001,inference,Clean_Air,0,96,0,0.081013426,0.004221856,0.005111143,-0.002744321,-0.009893593,-0.012194009,-0.020129422,-0.025967285
2026-07-30T00:08:17.273Z,1001,inference,Clean_Air,0,96,0,0.080779299,0.004283699,0.005109687,-0.002723084,-0.009892571,-0.012222319,-0.020050611,-0.02596933
2026-07-30T00:08:17.682Z,1001,inference,Clean_Air,0,96,0,0.080504216,0.004335801,0.005104384,-0.002698127,-0.009899184,-0.012217098,-0.020028483,-0.025998812
2026-07-30T00:08:18.162Z,1001,inference,Clean_Air,0,96,0,0.080504216,0.004335801,0.005104384,-0.002698127,-0.009899184,-0.012217098,-0.020028483,-0.025998812
2026-07-30T00:08:18.705Z,1001,inference,Clean_Air,0,96,0,0.080165349,0.004343987,0.005055116,-0.002719297,-0.009892858,-0.012285017,-0.020063119,-0.026019346
2026-07-30T00:08:19.298Z,1001,inference,Clean_Air,0,96,0,0.079816446,0.00434457,0.005063046,-0.002720896,-0.009892769,-0.012284334,-0.020073807,-0.026014155
2026-07-30T00:08:19.674Z,1001,inference,Clean_Air,0,96,0,0.079792984,0.004252233,0.005079245,-0.002712039,-0.009834295,-0.012227027,-0.020067262,-0.026009887
2026-07-30T00:08:20.149Z,1001,inference,Clean_Air,0,96,0,0.079792984,0.004252233,0.005079245,-0.002712039,-0.009834295,-0.012227027,-0.020067262,-0.026009887
2026-07-30T00:08:20.726Z,1001,inference,Clean_Air,0,96,0,0.079409733,0.004261258,0.005090483,-0.002738763,-0.009814302,-0.012227743,-0.020064838,-0.026027421
2026-07-30T00:08:21.271Z,1001,inference,Clean_Air,0,96,0,0.079009838,0.004242384,0.005066115,-0.002727075,-0.00983463,-0.012166604,-0.020117,-0.026010538
2026-07-30T00:08:21.667Z,1001,inference,Clean_Air,0,96,0,0.078970484,0.004248892,0.005075644,-0.002723476,-0.009843268,-0.012135839,-0.02011493,-0.026070964
2026-07-30T00:08:22.220Z,1001,inference,Clean_Air,0,96,0,0.078970484,0.004248892,0.005075644,-0.002723476,-0.009843268,-0.012135839,-0.02011493,-0.026070964
2026-07-30T00:08:22.698Z,1001,inference,Clean_Air,0,96,0,0.079015955,0.004199101,0.005091934,-0.00270933,-0.009890993,-0.012151523,-0.020064931,-0.02607296
2026-07-30T00:08:23.256Z,1001,inference,Clean_Air,0,96,0,0.078724109,0.004132245,0.005065654,-0.002713928,-0.009980744,-0.012116624,-0.020002261,-0.026043287
2026-07-30T00:08:23.818Z,1001,inference,Clean_Air,0,95,0,0.078466125,0.004110828,0.004984177,-0.002733596,-0.009984419,-0.012092963,-0.020071803,-0.026073927
2026-07-30T00:08:24.371Z,1001,inference,Clean_Air,0,96,0,0.07847514,0.004061829,0.005007639,-0.002755009,-0.009986527,-0.012088411,-0.020073978,-0.026077747
2026-07-30T00:08:24.669Z,1001,inference,Clean_Air,0,96,0,0.07847514,0.004061829,0.005007639,-0.002755009,-0.009986527,-0.012088411,-0.020073978,-0.026077747
2026-07-30T00:08:25.140Z,1001,inference,Clean_Air,0,96,0,0.07847514,0.004061829,0.005007639,-0.002755009,-0.009986527,-0.012088411,-0.020073978,-0.026077747
2026-07-30T00:08:25.676Z,1001,inference,Clean_Air,0,96,0,0.07847514,0.004061829,0.005007639,-0.002755009,-0.009986527,-0.012088411,-0.020073978,-0.026077747
2026-07-30T00:08:26.141Z,1001,inference,Clean_Air,0,96,0,0.07847514,0.004061829,0.005007639,-0.002755009,-0.009986527,-0.012088411,-0.020073978,-0.026077747
2026-07-30T00:08:26.765Z,1001,inference,Clean_Air,0,96,0,0.078513786,0.004118933,0.005060715,-0.002730607,-0.009978255,-0.012077522,-0.020061065,-0.026057351
2026-07-30T00:08:27.310Z,1001,inference,Clean_Air,0,96,0,0.078340575,0.004132601,0.005086082,-0.002734929,-0.010008601,-0.01207562,-0.019999996,-0.026034862
2026-07-30T00:08:27.721Z,1001,inference,Clean_Air,0,96,0,0.078048334,0.004131971,0.005071546,-0.002733022,-0.010078976,-0.012118308,-0.02005497,-0.026048914
2026-07-30T00:08:28.203Z,1001,inference,Clean_Air,0,96,0,0.078048334,0.004131971,0.005071546,-0.002733022,-0.010078976,-0.012118308,-0.02005497,-0.026048914
2026-07-30T00:08:28.749Z,1001,inference,Clean_Air,0,96,0,0.078342766,0.004138641,0.005079717,-0.002719822,-0.010072781,-0.012137802,-0.020039877,-0.026049625
2026-07-30T00:08:29.162Z,1001,inference,Clean_Air,0,96,0,0.078758635,0.004144664,0.005088834,-0.002753184,-0.010060472,-0.012129533,-0.019974655,-0.026060158
2026-07-30T00:08:29.714Z,1001,inference,Clean_Air,0,96,0,0.078758635,0.004144664,0.005088834,-0.002753184,-0.010060472,-0.012129533,-0.019974655,-0.026060158
2026-07-30T00:08:30.184Z,1001,inference,Clean_Air,0,96,0,0.078421034,0.004170967,0.005093969,-0.002764476,-0.010048036,-0.012193309,-0.019966884,-0.02597723
2026-07-30T00:08:30.782Z,1001,inference,Clean_Air,0,96,0,0.078384012,0.004204189,0.005093195,-0.002782354,-0.010071268,-0.012251219,-0.020049047,-0.025992975
2026-07-30T00:08:31.319Z,1001,inference,Clean_Air,0,96,0,0.078545645,0.004164679,0.005127155,-0.002779441,-0.010066168,-0.012170715,-0.020113686,-0.026019633
2026-07-30T00:08:31.726Z,1001,inference,Clean_Air,0,97,0,0.078635767,0.004178397,0.005223258,-0.002768607,-0.010061862,-0.012240467,-0.020122668,-0.025996584
2026-07-30T00:08:32.209Z,1001,inference,Clean_Air,0,97,0,0.078635767,0.004178397,0.005223258,-0.002768607,-0.010061862,-0.012240467,-0.020122668,-0.025996584
2026-07-30T00:08:32.753Z,1001,inference,Clean_Air,0,97,0,0.078586839,0.004224307,0.005195815,-0.002761169,-0.010086668,-0.012218839,-0.020137932,-0.025939425
2026-07-30T00:08:33.167Z,1001,inference,Clean_Air,0,97,0,0.078525886,0.004164514,0.005182935,-0.002768914,-0.010055153,-0.012235126,-0.020156087,-0.025951806
2026-07-30T00:08:33.719Z,1001,inference,Clean_Air,0,97,0,0.078525886,0.004164514,0.005182935,-0.002768914,-0.010055153,-0.012235126,-0.020156087,-0.025951806
2026-07-30T00:08:34.202Z,1001,inference,Clean_Air,0,96,0,0.078819886,0.004180658,0.005158308,-0.002752855,-0.010015244,-0.012303487,-0.020154957,-0.025974769
2026-07-30T00:08:34.754Z,1001,inference,Clean_Air,0,97,0,0.079071239,0.004296721,0.005186222,-0.002770661,-0.010018899,-0.012357625,-0.020040853,-0.025957029
2026-07-30T00:08:35.171Z,1001,inference,Clean_Air,0,97,0,0.079071239,0.004296721,0.005186222,-0.002770661,-0.010018899,-0.012357625,-0.020040853,-0.025957029
2026-07-30T00:08:35.643Z,1001,inference,Clean_Air,0,97,0,0.079071239,0.004296721,0.005186222,-0.002770661,-0.010018899,-0.012357625,-0.020040853,-0.025957029
2026-07-30T00:08:36.146Z,1001,inference,Clean_Air,0,97,0,0.079071239,0.004296721,0.005186222,-0.002770661,-0.010018899,-0.012357625,-0.020040853,-0.025957029
2026-07-30T00:08:36.647Z,1001,inference,Clean_Air,0,97,0,0.079071239,0.004296721,0.005186222,-0.002770661,-0.010018899,-0.012357625,-0.020040853,-0.025957029
2026-07-30T00:08:37.222Z,1001,inference,Clean_Air,0,96,0,0.078765176,0.004302709,0.005161282,-0.002776599,-0.010022282,-0.012377772,-0.020053428,-0.025970722
2026-07-30T00:08:37.768Z,1001,inference,Clean_Air,0,97,0,0.078580961,0.004295204,0.005174747,-0.002744581,-0.010008879,-0.012392958,-0.020058716,-0.026036993
2026-07-30T00:08:38.178Z,1001,inference,Clean_Air,0,97,0,0.078759052,0.004298481,0.005182632,-0.002722094,-0.010005289,-0.012365575,-0.020054128,-0.026081253
2026-07-30T00:08:38.665Z,1001,inference,Clean_Air,0,97,0,0.078759052,0.004298481,0.005182632,-0.002722094,-0.010005289,-0.012365575,-0.020054128,-0.026081253
2026-07-30T00:08:39.198Z,1001,inference,Clean_Air,0,97,0,0.078568801,0.004369607,0.005176417,-0.00270704,-0.010027925,-0.012259893,-0.02008,-0.026063725
2026-07-30T00:08:39.775Z,1001,inference,Clean_Air,0,97,0,0.078551501,0.004397016,0.005192061,-0.002694274,-0.009998612,-0.012269847,-0.020082988,-0.026098069
2026-07-30T00:08:40.322Z,1001,inference,Clean_Air,0,97,0,0.07848753,0.004340457,0.0051989,-0.002693964,-0.009986212,-0.012259423,-0.020000178,-0.026097927
2026-07-30T00:08:40.719Z,1001,inference,Clean_Air,0,97,0,0.07842879,0.004293083,0.00521409,-0.002713732,-0.00992072,-0.012258176,-0.020007502,-0.026150515
2026-07-30T00:08:41.259Z,1001,inference,Clean_Air,0,97,0,0.07842879,0.004293083,0.00521409,-0.002713732,-0.00992072,-0.012258176,-0.020007502,-0.026150515
2026-07-30T00:08:41.741Z,1001,inference,Clean_Air,0,97,0,0.078345716,0.004304914,0.005203853,-0.002716852,-0.009957097,-0.0122557,-0.019995648,-0.026160693
2026-07-30T00:08:42.303Z,1001,inference,Clean_Air,0,97,0,0.078054994,0.004277032,0.005220216,-0.002738583,-0.009990879,-0.012246872,-0.020048806,-0.026179621
2026-07-30T00:08:42.684Z,1001,inference,Clean_Air,0,97,0,0.078061469,0.004231233,0.005178706,-0.002730311,-0.009979415,-0.012260837,-0.020162579,-0.02618224
2026-07-30T00:08:43.162Z,1001,inference,Clean_Air,0,97,0,0.078061469,0.004231233,0.005178706,-0.002730311,-0.009979415,-0.012260837,-0.020162579,-0.02618224
2026-07-30T00:08:43.739Z,1001,inference,Clean_Air,0,97,0,0.078062505,0.004267097,0.005183824,-0.002748839,-0.009995004,-0.012234202,-0.020180391,-0.026195493
2026-07-30T00:08:44.281Z,1001,inference,Clean_Air,0,97,0,0.078107677,0.004265162,0.005175774,-0.002748712,-0.010009072,-0.012236747,-0.020170977,-0.026141277
2026-07-30T00:08:44.846Z,1001,inference,Clean_Air,0,96,0,0.078041852,0.004283637,0.005155015,-0.002776679,-0.010004694,-0.012257945,-0.020196583,-0.026118675
2026-07-30T00:08:45.169Z,1001,inference,Clean_Air,0,96,0,0.078041852,0.004283637,0.005155015,-0.002776679,-0.010004694,-0.012257945,-0.020196583,-0.026118675
2026-07-30T00:08:45.642Z,1001,inference,Clean_Air,0,96,0,0.078041852,0.004283637,0.005155015,-0.002776679,-0.010004694,-0.012257945,-0.020196583,-0.026118675
2026-07-30T00:08:46.143Z,1001,inference,Clean_Air,0,96,0,0.078041852,0.004283637,0.005155015,-0.002776679,-0.010004694,-0.012257945,-0.020196583,-0.026118675
2026-07-30T00:08:46.644Z,1001,inference,Clean_Air,0,96,0,0.078041852,0.004283637,0.005155015,-0.002776679,-0.010004694,-0.012257945,-0.020196583,-0.026118675
2026-07-30T00:08:47.243Z,1001,inference,Clean_Air,0,96,0,0.07792186,0.004235801,0.005164257,-0.002808223,-0.009899682,-0.012292938,-0.020167602,-0.02613239
2026-07-30T00:08:47.774Z,1001,inference,Clean_Air,0,96,0,0.077771664,0.004246899,0.005140238,-0.00280129,-0.009905461,-0.012342604,-0.020169834,-0.02610768
2026-07-30T00:08:48.177Z,1001,inference,Clean_Air,0,96,0,0.077714004,0.004358445,0.005113357,-0.002782649,-0.009896422,-0.012323986,-0.020253368,-0.026094567
2026-07-30T00:08:48.656Z,1001,inference,Clean_Air,0,96,0,0.077714004,0.004358445,0.005113357,-0.002782649,-0.009896422,-0.012323986,-0.020253368,-0.026094567
2026-07-30T00:08:49.199Z,1001,inference,Clean_Air,0,96,0,0.0779282,0.004382473,0.005111768,-0.0027495,-0.009906614,-0.012342902,-0.020238217,-0.026079357
2026-07-30T00:08:49.783Z,1001,inference,Clean_Air,0,96,0,0.078073293,0.004364999,0.005117637,-0.002751186,-0.009876075,-0.012334334,-0.020169571,-0.026035612
2026-07-30T00:08:50.320Z,1001,inference,Clean_Air,0,96,0,0.078299224,0.004326185,0.005113333,-0.002741545,-0.009859401,-0.01227956,-0.020118909,-0.026018253
2026-07-30T00:08:50.727Z,1001,inference,Clean_Air,0,96,0,0.078045815,0.004309434,0.005145455,-0.002748909,-0.009848206,-0.012164837,-0.020110954,-0.026088268
2026-07-30T00:08:51.209Z,1001,inference,Clean_Air,0,96,0,0.078045815,0.004309434,0.005145455,-0.002748909,-0.009848206,-0.012164837,-0.020110954,-0.026088268
2026-07-30T00:08:51.752Z,1001,inference,Clean_Air,0,96,0,0.078112923,0.004284178,0.005149181,-0.00271208,-0.009822154,-0.012218269,-0.02004518,-0.026078735
2026-07-30T00:08:52.162Z,1001,inference,Clean_Air,0,96,0,0.077896349,0.004240937,0.005144308,-0.002711073,-0.009818628,-0.012271196,-0.020065438,-0.026063398
2026-07-30T00:08:52.641Z,1001,inference,Clean_Air,0,96,0,0.077896349,0.004240937,0.005144308,-0.002711073,-0.009818628,-0.012271196,-0.020065438,-0.026063398
2026-07-30T00:08:53.186Z,1001,inference,Clean_Air,0,96,0,0.07777743,0.0042077,0.005141063,-0.002710662,-0.009809617,-0.0122521,-0.020008728,-0.026064238
2026-07-30T00:08:53.751Z,1001,inference,Clean_Air,0,96,0,0.07794144,0.004235019,0.005126922,-0.002693414,-0.009893452,-0.012274598,-0.019937452,-0.026049942
2026-07-30T00:08:54.303Z,1001,inference,Clean_Air,0,96,0,0.077836208,0.004214605,0.005130902,-0.002706889,-0.009925221,-0.012289764,-0.019977754,-0.026069205
2026-07-30T00:08:54.862Z,1001,inference,Clean_Air,0,96,0,0.077872507,0.004155919,0.005141078,-0.00272673,-0.009946929,-0.012262301,-0.019966647,-0.026079724
2026-07-30T00:08:55.169Z,1001,inference,Clean_Air,0,96,0,0.077872507,0.004155919,0.005141078,-0.00272673,-0.009946929,-0.012262301,-0.019966647,-0.026079724
2026-07-30T00:08:55.641Z,1001,inference,Clean_Air,0,96,0,0.077872507,0.004155919,0.005141078,-0.00272673,-0.009946929,-0.012262301,-0.019966647,-0.026079724
2026-07-30T00:08:56.177Z,1001,inference,Clean_Air,0,96,0,0.077872507,0.004155919,0.005141078,-0.00272673,-0.009946929,-0.012262301,-0.019966647,-0.026079724
2026-07-30T00:08:56.639Z,1001,inference,Clean_Air,0,96,0,0.077872507,0.004155919,0.005141078,-0.00272673,-0.009946929,-0.012262301,-0.019966647,-0.026079724
2026-07-30T00:08:57.255Z,1001,inference,Clean_Air,0,96,0,0.07796026,0.004118121,0.005152572,-0.002741458,-0.00995106,-0.01231535,-0.019984724,-0.026098048
2026-07-30T00:08:57.781Z,1001,inference,Clean_Air,0,96,0,0.078007676,0.004136825,0.005127275,-0.002743975,-0.009951627,-0.012308114,-0.02008038,-0.026149604
2026-07-30T00:08:58.199Z,1001,inference,Clean_Air,0,96,0,0.077705279,0.004182551,0.005113722,-0.00274766,-0.009930776,-0.012314142,-0.020186173,-0.026155274
2026-07-30T00:08:58.677Z,1001,inference,Clean_Air,0,96,0,0.077705279,0.004182551,0.005113722,-0.00274766,-0.009930776,-0.012314142,-0.020186173,-0.026155274
2026-07-30T00:08:59.225Z,1001,inference,Clean_Air,0,96,0,0.077628337,0.004181015,0.005094967,-0.002743196,-0.00994374,-0.012392324,-0.020175057,-0.026087796
2026-07-30T00:08:59.800Z,1001,inference,Clean_Air,0,96,0,0.077687457,0.00416388,0.005084353,-0.002770343,-0.009956024,-0.012349214,-0.02023646,-0.026070122
2026-07-30T00:09:00.178Z,1001,inference,Clean_Air,0,96,0,0.077859998,0.004217119,0.005089625,-0.002782644,-0.009950658,-0.01235441,-0.020274047,-0.026048739
2026-07-30T00:09:00.662Z,1001,inference,Clean_Air,0,96,0,0.077859998,0.004217119,0.005089625,-0.002782644,-0.009950658,-0.01235441,-0.020274047,-0.026048739
2026-07-30T00:09:01.246Z,1001,inference,Clean_Air,0,96,0,0.077931061,0.004221218,0.005099563,-0.002755595,-0.00996352,-0.012407867,-0.020320686,-0.02606524
2026-07-30T00:09:01.771Z,1001,inference,Clean_Air,0,96,0,0.077867642,0.004181685,0.005097396,-0.002762922,-0.009966166,-0.012408942,-0.020383932,-0.026109422
2026-07-30T00:09:02.189Z,1001,inference,Clean_Air,0,96,0,0.078000702,0.004225729,0.005086869,-0.002751303,-0.009953922,-0.012437736,-0.020384524,-0.026053781
2026-07-30T00:09:02.679Z,1001,inference,Clean_Air,0,96,0,0.078000702,0.004225729,0.005086869,-0.002751303,-0.009953922,-0.012437736,-0.020384524,-0.026053781
2026-07-30T00:09:03.223Z,1001,inference,Clean_Air,0,96,0,0.077782705,0.004288826,0.005081742,-0.002736388,-0.00995243,-0.012435261,-0.020313133,-0.026059801
2026-07-30T00:09:03.798Z,1001,inference,Clean_Air,0,96,0,0.077478513,0.004353845,0.005066349,-0.002733239,-0.009980592,-0.012324982,-0.020351849,-0.026075762
2026-07-30T00:09:04.181Z,1001,inference,Clean_Air,0,96,0,0.077461705,0.004339894,0.005071992,-0.002724982,-0.010017091,-0.012342473,-0.020323824,-0.026137743
2026-07-30T00:09:04.660Z,1001,inference,Clean_Air,0,96,0,0.077461705,0.004339894,0.005071992,-0.002724982,-0.010017091,-0.012342473,-0.020323824,-0.026137743
2026-07-30T00:09:05.223Z,1001,inference,Clean_Air,0,96,0,0.077550933,0.004327982,0.005085119,-0.002709556,-0.010030311,-0.012342488,-0.020323526,-0.026155334
2026-07-30T00:09:05.671Z,1001,inference,Clean_Air,0,96,0,0.077550933,0.004327982,0.005085119,-0.002709556,-0.010030311,-0.012342488,-0.020323526,-0.026155334
2026-07-30T00:09:06.146Z,1001,inference,Clean_Air,0,96,0,0.077550933,0.004327982,0.005085119,-0.002709556,-0.010030311,-0.012342488,-0.020323526,-0.026155334
2026-07-30T00:09:06.646Z,1001,inference,Clean_Air,0,96,0,0.077550933,0.004327982,0.005085119,-0.002709556,-0.010030311,-0.012342488,-0.020323526,-0.026155334
2026-07-30T00:09:07.145Z,1001,inference,Clean_Air,0,96,0,0.077550933,0.004327982,0.005085119,-0.002709556,-0.010030311,-0.012342488,-0.020323526,-0.026155334
2026-07-30T00:09:07.725Z,1001,inference,Clean_Air,0,96,0,0.077500947,0.004278563,0.005102999,-0.00269831,-0.010020395,-0.01233702,-0.020230815,-0.026158001
2026-07-30T00:09:08.252Z,1001,inference,Clean_Air,0,96,0,0.077296078,0.004260964,0.005136989,-0.002697451,-0.010027062,-0.012289929,-0.020243056,-0.026171818
2026-07-30T00:09:08.669Z,1001,inference,Clean_Air,0,96,0,0.077164844,0.004320419,0.005133497,-0.002679336,-0.010051453,-0.012237964,-0.020212345,-0.026194206
2026-07-30T00:09:09.155Z,1001,inference,Clean_Air,0,96,0,0.077164844,0.004320419,0.005133497,-0.002679336,-0.010051453,-0.012237964,-0.020212345,-0.026194206
2026-07-30T00:09:09.699Z,1001,inference,Clean_Air,0,96,0,0.077129953,0.0043855,0.005141732,-0.002686626,-0.010058804,-0.012212582,-0.020169601,-0.02617912
2026-07-30T00:09:10.258Z,1001,inference,Clean_Air,0,96,0,0.077143967,0.004401856,0.005139491,-0.002687518,-0.010085865,-0.012214418,-0.020173229,-0.026113952
2026-07-30T00:09:10.817Z,1001,inference,Clean_Air,0,96,0,0.076967075,0.004381865,0.005166242,-0.002701486,-0.010094641,-0.012112596,-0.020123884,-0.026146453
2026-07-30T00:09:11.213Z,1001,inference,Clean_Air,0,96,0,0.077231459,0.004384266,0.00516179,-0.002735264,-0.010086288,-0.012127413,-0.02019826,-0.026139984
2026-07-30T00:09:11.689Z,1001,inference,Clean_Air,0,96,0,0.077231459,0.004384266,0.00516179,-0.002735264,-0.010086288,-0.012127413,-0.02019826,-0.026139984
2026-07-30T00:09:12.234Z,1001,inference,Clean_Air,0,96,0,0.07708253,0.00434757,0.005165816,-0.002722864,-0.010071077,-0.012128801,-0.020139465,-0.026088724
2026-07-30T00:09:12.798Z,1001,inference,Clean_Air,0,97,0,0.076968923,0.004340231,0.005177918,-0.002728353,-0.010040045,-0.012173666,-0.020155234,-0.02602886
2026-07-30T00:09:13.181Z,1001,inference,Clean_Air,0,96,0,0.077032343,0.004357361,0.005162274,-0.002749877,-0.01002978,-0.012163069,-0.020115308,-0.026016433
2026-07-30T00:09:13.672Z,1001,inference,Clean_Air,0,96,0,0.077032343,0.004357361,0.005162274,-0.002749877,-0.01002978,-0.012163069,-0.020115308,-0.026016433
2026-07-30T00:09:14.235Z,1001,inference,Clean_Air,0,96,0,0.077029042,0.00447127,0.005154674,-0.002738659,-0.010026233,-0.012091904,-0.020229112,-0.026010508
2026-07-30T00:09:14.780Z,1001,inference,Clean_Air,0,96,0,0.077121891,0.004455282,0.005130937,-0.002726241,-0.010040267,-0.012179866,-0.020275762,-0.026034852
2026-07-30T00:09:15.324Z,1001,inference,Clean_Air,0,96,0,0.076994829,0.004337749,0.00514179,-0.002734644,-0.01000526,-0.012196998,-0.020283539,-0.025995035
2026-07-30T00:09:15.672Z,1001,inference,Clean_Air,0,96,0,0.076994829,0.004337749,0.00514179,-0.002734644,-0.01000526,-0.012196998,-0.020283539,-0.025995035
2026-07-30T00:09:16.146Z,1001,inference,Clean_Air,0,96,0,0.076994829,0.004337749,0.00514179,-0.002734644,-0.01000526,-0.012196998,-0.020283539,-0.025995035
2026-07-30T00:09:16.640Z,1001,inference,Clean_Air,0,96,0,0.076994829,0.004337749,0.00514179,-0.002734644,-0.01000526,-0.012196998,-0.020283539,-0.025995035
2026-07-30T00:09:17.141Z,1001,inference,Clean_Air,0,96,0,0.076994829,0.004337749,0.00514179,-0.002734644,-0.01000526,-0.012196998,-0.020283539,-0.025995035
2026-07-30T00:09:17.721Z,1001,inference,Clean_Air,0,96,0,0.07669691,0.004273733,0.005135012,-0.002745399,-0.009990853,-0.012191489,-0.020341856,-0.026000047
2026-07-30T00:09:18.269Z,1001,inference,Clean_Air,0,96,0,0.076276593,0.004276696,0.005134025,-0.002730566,-0.009957213,-0.01218845,-0.020383392,-0.025984246
2026-07-30T00:09:18.683Z,1001,inference,Clean_Air,0,96,0,0.076232515,0.004287859,0.005115763,-0.002730346,-0.009949458,-0.012242187,-0.020434897,-0.02597053
2026-07-30T00:09:19.161Z,1001,inference,Clean_Air,0,96,0,0.076232515,0.004287859,0.005115763,-0.002730346,-0.009949458,-0.012242187,-0.020434897,-0.02597053
2026-07-30T00:09:19.706Z,1001,inference,Clean_Air,0,96,0,0.075923547,0.004213351,0.005125248,-0.002719115,-0.009965908,-0.01225228,-0.020473573,-0.025961041
2026-07-30T00:09:20.291Z,1001,inference,Clean_Air,0,96,0,0.075935282,0.004188785,0.005138964,-0.002722922,-0.009975792,-0.012307429,-0.020522315,-0.025968749
2026-07-30T00:09:20.672Z,1001,inference,Clean_Air,0,96,0,0.075655863,0.004183283,0.005144951,-0.002712764,-0.009991786,-0.012309091,-0.02045737,-0.025943022
2026-07-30T00:09:21.152Z,1001,inference,Clean_Air,0,96,0,0.075655863,0.004183283,0.005144951,-0.002712764,-0.009991786,-0.012309091,-0.02045737,-0.025943022
2026-07-30T00:09:21.726Z,1001,inference,Clean_Air,0,96,0,0.075381316,0.00417475,0.005138175,-0.002715571,-0.009998779,-0.012323543,-0.020505734,-0.025945406
2026-07-30T00:09:22.279Z,1001,inference,Clean_Air,0,96,0,0.075097963,0.004129109,0.005133348,-0.002739377,-0.010003546,-0.012397489,-0.020465998,-0.025987446
2026-07-30T00:09:22.673Z,1001,inference,Clean_Air,0,96,0,0.0749266,0.004182237,0.005144504,-0.002738023,-0.009987636,-0.012341972,-0.020354744,-0.025952065
2026-07-30T00:09:23.218Z,1001,inference,Clean_Air,0,96,0,0.0749266,0.004182237,0.005144504,-0.002738023,-0.009987636,-0.012341972,-0.020354744,-0.025952065
2026-07-30T00:09:23.695Z,1001,inference,Clean_Air,0,96,0,0.074883915,0.004226203,0.005064328,-0.00271878,-0.009994949,-0.012327896,-0.02034707,-0.025988355
2026-07-30T00:09:24.261Z,1001,inference,Clean_Air,0,96,0,0.075185038,0.004239412,0.005078044,-0.002721802,-0.009998247,-0.012297573,-0.020342158,-0.026009241
2026-07-30T00:09:24.810Z,1001,inference,Clean_Air,0,96,0,0.075420186,0.004216868,0.00501208,-0.002698333,-0.010004255,-0.012282642,-0.020310244,-0.026017252
2026-07-30T00:09:25.364Z,1001,inference,Clean_Air,0,96,0,0.07537733,0.004234157,0.005027873,-0.002689318,-0.010023037,-0.012294002,-0.020308182,-0.026031697
2026-07-30T00:09:25.672Z,1001,inference,Clean_Air,0,96,0,0.07537733,0.004234157,0.005027873,-0.002689318,-0.010023037,-0.012294002,-0.020308182,-0.026031697
2026-07-30T00:09:26.152Z,1001,inference,Clean_Air,0,96,0,0.07537733,0.004234157,0.005027873,-0.002689318,-0.010023037,-0.012294002,-0.020308182,-0.026031697
2026-07-30T00:09:26.651Z,1001,inference,Clean_Air,0,96,0,0.07537733,0.004234157,0.005027873,-0.002689318,-0.010023037,-0.012294002,-0.020308182,-0.026031697
2026-07-30T00:09:27.149Z,1001,inference,Clean_Air,0,96,0,0.07537733,0.004234157,0.005027873,-0.002689318,-0.010023037,-0.012294002,-0.020308182,-0.026031697
2026-07-30T00:09:27.757Z,1001,inference,Clean_Air,0,96,0,0.075437501,0.004201853,0.005021206,-0.00267643,-0.010026241,-0.012290569,-0.020283159,-0.026072819
2026-07-30T00:09:28.307Z,1001,inference,Clean_Air,0,96,0,0.075492091,0.00422712,0.005007006,-0.002662739,-0.010026073,-0.012281948,-0.020241743,-0.026080946
2026-07-30T00:09:28.714Z,1001,inference,Clean_Air,0,96,0,0.075439095,0.00426102,0.004998929,-0.002666934,-0.010019194,-0.012173082,-0.020302152,-0.026050221
2026-07-30T00:09:29.191Z,1001,inference,Clean_Air,0,96,0,0.075439095,0.00426102,0.004998929,-0.002666934,-0.010019194,-0.012173082,-0.020302152,-0.026050221
2026-07-30T00:09:29.749Z,1001,inference,Clean_Air,0,96,0,0.075259462,0.004304153,0.005024057,-0.002641119,-0.0100041,-0.012158433,-0.020251678,-0.026041577
2026-07-30T00:09:30.312Z,1001,inference,Clean_Air,0,96,0,0.075423121,0.004302542,0.005035393,-0.002642877,-0.010002756,-0.012163351,-0.020242084,-0.026006784
2026-07-30T00:09:30.682Z,1001,inference,Clean_Air,0,96,0,0.075368479,0.004332175,0.00501968,-0.002646218,-0.01000294,-0.0121188,-0.02032805,-0.026093122
2026-07-30T00:09:31.165Z,1001,inference,Clean_Air,0,96,0,0.075368479,0.004332175,0.00501968,-0.002646218,-0.01000294,-0.0121188,-0.02032805,-0.026093122
2026-07-30T00:09:31.733Z,1001,inference,Clean_Air,0,96,0,0.075336508,0.004339153,0.005101732,-0.002684477,-0.010002417,-0.012121062,-0.020332418,-0.026094759
2026-07-30T00:09:32.281Z,1001,inference,Clean_Air,0,96,0,0.075071126,0.004342084,0.005087528,-0.002658976,-0.009917852,-0.012072869,-0.020345027,-0.026095614
2026-07-30T00:09:32.683Z,1001,inference,Clean_Air,0,96,0,0.075061277,0.00439765,0.005156888,-0.002692138,-0.009939278,-0.012129311,-0.020342505,-0.026207855
2026-07-30T00:09:33.169Z,1001,inference,Clean_Air,0,96,0,0.075061277,0.00439765,0.005156888,-0.002692138,-0.009939278,-0.012129311,-0.020342505,-0.026207855
2026-07-30T00:09:33.717Z,1001,inference,Clean_Air,0,96,0,0.074893177,0.004393975,0.005157767,-0.002698075,-0.009908538,-0.012117831,-0.020253953,-0.026220897
2026-07-30T00:09:34.282Z,1001,inference,Clean_Air,0,97,0,0.074656203,0.004460306,0.005178317,-0.002702476,-0.009818124,-0.012088044,-0.020235786,-0.026152641
2026-07-30T00:09:34.670Z,1001,inference,Clean_Air,0,97,0,0.074513122,0.004388588,0.005182031,-0.002717335,-0.00980446,-0.012090505,-0.020213608,-0.026149701
2026-07-30T00:09:35.151Z,1001,inference,Clean_Air,0,97,0,0.074513122,0.004388588,0.005182031,-0.002717335,-0.00980446,-0.012090505,-0.020213608,-0.026149701
2026-07-30T00:09:35.702Z,1001,inference,Clean_Air,0,97,0,0.07454662,0.0043821,0.005177995,-0.002729199,-0.009790583,-0.012147848,-0.020142568,-0.026263263
2026-07-30T00:09:36.170Z,1001,inference,Clean_Air,0,97,0,0.07454662,0.0043821,0.005177995,-0.002729199,-0.009790583,-0.012147848,-0.020142568,-0.026263263
2026-07-30T00:09:36.649Z,1001,inference,Clean_Air,0,97,0,0.07454662,0.0043821,0.005177995,-0.002729199,-0.009790583,-0.012147848,-0.020142568,-0.026263263
2026-07-30T00:09:37.177Z,1001,inference,Clean_Air,0,97,0,0.07454662,0.0043821,0.005177995,-0.002729199,-0.009790583,-0.012147848,-0.020142568,-0.026263263
2026-07-30T00:09:37.653Z,1001,inference,Clean_Air,0,97,0,0.07454662,0.0043821,0.005177995,-0.002729199,-0.009790583,-0.012147848,-0.020142568,-0.026263263
2026-07-30T00:09:38.211Z,1001,inference,Clean_Air,0,97,0,0.074567147,0.004367233,0.005190133,-0.002742298,-0.00981594,-0.012141956,-0.020136828,-0.026252192
2026-07-30T00:09:38.760Z,1001,inference,Clean_Air,0,97,0,0.074531786,0.004297649,0.005180966,-0.002740392,-0.009832276,-0.012058889,-0.020143097,-0.026281545
2026-07-30T00:09:39.167Z,1001,inference,Clean_Air,0,97,0,0.074602671,0.004211179,0.005186837,-0.002734351,-0.009820811,-0.012129831,-0.020140588,-0.026161438
2026-07-30T00:09:39.647Z,1001,inference,Clean_Air,0,97,0,0.074602671,0.004211179,0.005186837,-0.002734351,-0.009820811,-0.012129831,-0.020140588,-0.026161438
2026-07-30T00:09:40.196Z,1001,inference,Clean_Air,0,96,0,0.074645273,0.004217654,0.005157058,-0.002725524,-0.009810927,-0.012134667,-0.020156479,-0.02617324
2026-07-30T00:09:40.778Z,1001,inference,Clean_Air,0,96,0,0.074540988,0.004220861,0.005137692,-0.0027518,-0.009908952,-0.012203568,-0.020145567,-0.026177784
2026-07-30T00:09:41.316Z,1001,inference,Clean_Air,0,96,0,0.07444302,0.004188545,0.005155757,-0.002750893,-0.00989438,-0.012175309,-0.02013474,-0.026109109
2026-07-30T00:09:41.712Z,1001,inference,Clean_Air,0,97,0,0.074564986,0.004182321,0.005166794,-0.002732346,-0.009899056,-0.012196775,-0.020165382,-0.026082564
2026-07-30T00:09:42.190Z,1001,inference,Clean_Air,0,97,0,0.074564986,0.004182321,0.005166794,-0.002732346,-0.009899056,-0.012196775,-0.020165382,-0.026082564
2026-07-30T00:09:42.736Z,1001,inference,Clean_Air,0,96,0,0.074446946,0.004164123,0.005131532,-0.002732165,-0.00998654,-0.012220418,-0.020167094,-0.026123758
2026-07-30T00:09:43.321Z,1001,inference,Clean_Air,0,96,0,0.074458145,0.004203561,0.005122094,-0.002743414,-0.00997597,-0.012228015,-0.02019674,-0.026150873
2026-07-30T00:09:43.687Z,1001,inference,Clean_Air,0,96,0,0.074333549,0.004194417,0.005125778,-0.002737426,-0.00998481,-0.012257962,-0.02018995,-0.026074175
2026-07-30T00:09:44.160Z,1001,inference,Clean_Air,0,96,0,0.074333549,0.004194417,0.005125778,-0.002737426,-0.00998481,-0.012257962,-0.02018995,-0.026074175
2026-07-30T00:09:44.741Z,1001,inference,Clean_Air,0,96,0,0.074285433,0.004195017,0.005120244,-0.002721216,-0.009985958,-0.012264879,-0.020204948,-0.026088085
2026-07-30T00:09:45.275Z,1001,inference,Clean_Air,0,96,0,0.074368522,0.004197774,0.005139577,-0.002722453,-0.00999244,-0.012329547,-0.020197596,-0.026097994
2026-07-30T00:09:45.831Z,1001,inference,Clean_Air,0,96,0,0.074171759,0.004234199,0.005143922,-0.002724542,-0.009993538,-0.012256641,-0.020186804,-0.026151905
2026-07-30T00:09:46.168Z,1001,inference,Clean_Air,0,96,0,0.074171759,0.004234199,0.005143922,-0.002724542,-0.009993538,-0.012256641,-0.020186804,-0.026151905
2026-07-30T00:09:46.650Z,1001,inference,Clean_Air,0,96,0,0.074171759,0.004234199,0.005143922,-0.002724542,-0.009993538,-0.012256641,-0.020186804,-0.026151905
2026-07-30T00:09:47.149Z,1001,inference,Clean_Air,0,96,0,0.074171759,0.004234199,0.005143922,-0.002724542,-0.009993538,-0.012256641,-0.020186804,-0.026151905
2026-07-30T00:09:47.652Z,1001,inference,Clean_Air,0,96,0,0.074171759,0.004234199,0.005143922,-0.002724542,-0.009993538,-0.012256641,-0.020186804,-0.026151905
2026-07-30T00:09:48.236Z,1001,inference,Clean_Air,0,96,0,0.073720813,0.004232424,0.005166212,-0.002693434,-0.01000879,-0.012300876,-0.020216269,-0.026208883
2026-07-30T00:09:48.762Z,1001,inference,Clean_Air,0,97,0,0.073696554,0.004216076,0.005207115,-0.002690333,-0.009995246,-0.01231282,-0.020213973,-0.026211137
2026-07-30T00:09:49.180Z,1001,inference,Clean_Air,0,98,0,0.073551685,0.004217257,0.005216991,-0.002669716,-0.009997025,-0.012292019,-0.020211026,-0.026196098
2026-07-30T00:09:49.666Z,1001,inference,Clean_Air,0,98,0,0.073551685,0.004217257,0.005216991,-0.002669716,-0.009997025,-0.012292019,-0.020211026,-0.026196098
2026-07-30T00:09:50.211Z,1001,inference,Clean_Air,0,97,0,0.073261842,0.004154326,0.00519886,-0.002686655,-0.010001583,-0.012218524,-0.020250116,-0.026216457
2026-07-30T00:09:50.771Z,1001,inference,Clean_Air,0,97,0,0.073355347,0.004152912,0.005209903,-0.002697312,-0.00999113,-0.012150669,-0.020260371,-0.026175816
2026-07-30T00:09:51.317Z,1001,inference,Clean_Air,0,98,0,0.073227093,0.004191571,0.00522881,-0.002702619,-0.010021426,-0.012174374,-0.020270817,-0.02616882
2026-07-30T00:09:51.721Z,1001,inference,Clean_Air,0,98,0,0.073136427,0.00419736,0.005230037,-0.002672216,-0.010028536,-0.012198346,-0.020279128,-0.026236907
2026-07-30T00:09:52.205Z,1001,inference,Clean_Air,0,98,0,0.073136427,0.00419736,0.005230037,-0.002672216,-0.010028536,-0.012198346,-0.020279128,-0.026236907
2026-07-30T00:09:52.750Z,1001,inference,Clean_Air,0,98,0,0.073293157,0.004181332,0.005222735,-0.002691048,-0.010011977,-0.012150022,-0.020210281,-0.026225114
2026-07-30T00:09:53.330Z,1001,inference,Clean_Air,0,97,0,0.07324636,0.004235735,0.00519922,-0.002701902,-0.010006651,-0.012089473,-0.020163581,-0.026196148
2026-07-30T00:09:53.697Z,1001,inference,Clean_Air,0,97,0,0.073203452,0.004234091,0.005205922,-0.002716686,-0.010031594,-0.012138112,-0.02016888,-0.02615181
2026-07-30T00:09:54.169Z,1001,inference,Clean_Air,0,97,0,0.073203452,0.004234091,0.005205922,-0.002716686,-0.010031594,-0.012138112,-0.02016888,-0.02615181
2026-07-30T00:09:54.750Z,1001,inference,Clean_Air,0,97,0,0.073485829,0.004183745,0.005202558,-0.002743918,-0.010050666,-0.012101875,-0.020109834,-0.026114892
2026-07-30T00:09:55.285Z,1001,inference,Clean_Air,0,98,0,0.073289327,0.004173755,0.005250408,-0.002727163,-0.009980428,-0.012048549,-0.020086756,-0.026094595
2026-07-30T00:09:55.841Z,1001,inference,Clean_Air,0,97,0,0.073141158,0.004146313,0.005195278,-0.002739565,-0.009959614,-0.012098074,-0.020094778,-0.026076261
2026-07-30T00:09:56.167Z,1001,inference,Clean_Air,0,97,0,0.073141158,0.004146313,0.005195278,-0.002739565,-0.009959614,-0.012098074,-0.020094778,-0.026076261
2026-07-30T00:09:56.638Z,1001,inference,Clean_Air,0,97,0,0.073141158,0.004146313,0.005195278,-0.002739565,-0.009959614,-0.012098074,-0.020094778,-0.026076261
2026-07-30T00:09:57.151Z,1001,inference,Clean_Air,0,97,0,0.073141158,0.004146313,0.005195278,-0.002739565,-0.009959614,-0.012098074,-0.020094778,-0.026076261
2026-07-30T00:09:57.650Z,1001,inference,Clean_Air,0,97,0,0.073141158,0.004146313,0.005195278,-0.002739565,-0.009959614,-0.012098074,-0.020094778,-0.026076261
2026-07-30T00:09:58.246Z,1001,inference,Clean_Air,0,97,0,0.07352151,0.004144157,0.005184148,-0.002739425,-0.009976638,-0.012160668,-0.020069268,-0.026083013
2026-07-30T00:09:58.776Z,1001,inference,Clean_Air,0,97,0,0.073626325,0.004132616,0.005187095,-0.002753377,-0.009979377,-0.012255239,-0.020062562,-0.026143139
2026-07-30T00:09:59.189Z,1001,inference,Clean_Air,0,97,0,0.073451564,0.004174988,0.005176211,-0.002747912,-0.009961125,-0.012240147,-0.020036599,-0.026147678
2026-07-30T00:09:59.668Z,1001,inference,Clean_Air,0,97,0,0.073451564,0.004174988,0.005176211,-0.002747912,-0.009961125,-0.012240147,-0.020036599,-0.026147678
2026-07-30T00:10:00.212Z,1001,inference,Clean_Air,0,97,0,0.073327266,0.004163458,0.005174463,-0.002765852,-0.009952291,-0.012199271,-0.020037577,-0.026097003
2026-07-30T00:10:00.788Z,1001,inference,Clean_Air,0,97,0,0.073224857,0.004154739,0.005176485,-0.002742667,-0.009968402,-0.012246412,-0.020100281,-0.026063066
2026-07-30T00:10:01.174Z,1001,inference,Clean_Air,0,97,0,0.073092483,0.004172997,0.005186806,-0.002724889,-0.009952277,-0.012300616,-0.020165984,-0.026060756
2026-07-30T00:10:01.660Z,1001,inference,Clean_Air,0,97,0,0.073092483,0.004172997,0.005186806,-0.002724889,-0.009952277,-0.012300616,-0.020165984,-0.026060756
2026-07-30T00:10:02.241Z,1001,inference,Clean_Air,0,97,0,0.073096827,0.004229682,0.005172484,-0.002717861,-0.00992333,-0.012308574,-0.020155914,-0.02610063
2026-07-30T00:10:02.779Z,1001,inference,Clean_Air,0,97,0,0.073140979,0.004236366,0.005195035,-0.002716586,-0.009913516,-0.012287429,-0.020140331,-0.026140273
2026-07-30T00:10:03.184Z,1001,inference,Clean_Air,0,96,0,0.073398851,0.004239473,0.005130609,-0.002712239,-0.009980692,-0.012365274,-0.020178419,-0.026147613
2026-07-30T00:10:03.665Z,1001,inference,Clean_Air,0,96,0,0.073398851,0.004239473,0.005130609,-0.002712239,-0.009980692,-0.012365274,-0.020178419,-0.026147613
2026-07-30T00:10:04.212Z,1001,inference,Clean_Air,0,96,0,0.073450282,0.004268678,0.005165081,-0.002692051,-0.009976977,-0.012273544,-0.020151824,-0.026162663
2026-07-30T00:10:04.790Z,1001,inference,Clean_Air,0,97,0,0.073145598,0.004321789,0.005169638,-0.002686103,-0.009963227,-0.012219844,-0.020163912,-0.026153231
2026-07-30T00:10:05.177Z,1001,inference,Clean_Air,0,97,0,0.073032781,0.004339836,0.005184742,-0.002667315,-0.009985256,-0.012191428,-0.020170901,-0.026151201
2026-07-30T00:10:05.667Z,1001,inference,Clean_Air,0,97,0,0.073032781,0.004339836,0.005184742,-0.002667315,-0.009985256,-0.012191428,-0.020170901,-0.026151201
2026-07-30T00:10:06.219Z,1001,inference,Clean_Air,0,97,0,0.073063374,0.004285595,0.005171298,-0.002671675,-0.009984797,-0.012199895,-0.020191245,-0.026203921
2026-07-30T00:10:06.672Z,1001,inference,Clean_Air,0,97,0,0.073063374,0.004285595,0.005171298,-0.002671675,-0.009984797,-0.012199895,-0.020191245,-0.026203921
2026-07-30T00:10:07.194Z,1001,inference,Clean_Air,0,97,0,0.073063374,0.004285595,0.005171298,-0.002671675,-0.009984797,-0.012199895,-0.020191245,-0.026203921
2026-07-30T00:10:07.640Z,1001,inference,Clean_Air,0,97,0,0.073063374,0.004285595,0.005171298,-0.002671675,-0.009984797,-0.012199895,-0.020191245,-0.026203921
2026-07-30T00:10:08.144Z,1001,inference,Clean_Air,0,97,0,0.073063374,0.004285595,0.005171298,-0.002671675,-0.009984797,-0.012199895,-0.020191245,-0.026203921
2026-07-30T00:10:08.718Z,1001,inference,Clean_Air,0,97,0,0.073203772,0.004346821,0.005197768,-0.002704135,-0.009986657,-0.012181953,-0.020251499,-0.026265781
2026-07-30T00:10:09.262Z,1001,inference,Clean_Air,0,96,0,0.07302288,0.004296076,0.005165931,-0.002729344,-0.009991619,-0.012219096,-0.020270582,-0.026292717
2026-07-30T00:10:09.679Z,1001,inference,Clean_Air,0,97,0,0.072921328,0.004301917,0.005172282,-0.002721305,-0.010005265,-0.012264563,-0.020244641,-0.026352625
2026-07-30T00:10:10.231Z,1001,inference,Clean_Air,0,97,0,0.072921328,0.004301917,0.005172282,-0.002721305,-0.010005265,-0.012264563,-0.020244641,-0.026352625
2026-07-30T00:10:10.701Z,1001,inference,Clean_Air,0,97,0,0.072678946,0.00425872,0.005186089,-0.002729639,-0.010002995,-0.012293218,-0.020259345,-0.026363414
2026-07-30T00:10:11.286Z,1001,inference,Clean_Air,0,96,0,0.072489992,0.004308807,0.005109516,-0.002726956,-0.009989492,-0.012344559,-0.020281764,-0.026343871
2026-07-30T00:10:11.835Z,1001,inference,Clean_Air,0,96,0,0.072341464,0.004310089,0.00509221,-0.002761239,-0.009998555,-0.012245636,-0.0202774,-0.026355544
2026-07-30T00:10:12.229Z,1001,inference,Clean_Air,0,97,0,0.072230503,0.004312255,0.005167496,-0.002789635,-0.010011567,-0.012347994,-0.020304859,-0.026438553
2026-07-30T00:10:12.717Z,1001,inference,Clean_Air,0,97,0,0.072230503,0.004312255,0.005167496,-0.002789635,-0.010011567,-0.012347994,-0.020304859,-0.026438553
2026-07-30T00:10:13.262Z,1001,inference,Clean_Air,0,97,0,0.071992338,0.004303896,0.005189537,-0.002790686,-0.010015039,-0.012393046,-0.02030861,-0.026447872
2026-07-30T00:10:13.673Z,1001,inference,Clean_Air,0,97,0,0.072085485,0.004281154,0.005181729,-0.002778072,-0.009987051,-0.012431614,-0.020306993,-0.026395738
2026-07-30T00:10:14.225Z,1001,inference,Clean_Air,0,97,0,0.072085485,0.004281154,0.005181729,-0.002778072,-0.009987051,-0.012431614,-0.020306993,-0.026395738
2026-07-30T00:10:14.708Z,1001,inference,Clean_Air,0,97,0,0.071974091,0.004270752,0.005195188,-0.002738968,-0.009997717,-0.012432567,-0.020312494,-0.026401591
2026-07-30T00:10:15.289Z,1001,inference,Clean_Air,0,96,0,0.071969643,0.004211619,0.005163937,-0.002726131,-0.010006255,-0.012429118,-0.020355474,-0.02634633
2026-07-30T00:10:15.819Z,1001,inference,Clean_Air,0,97,0,0.071898118,0.004285056,0.005180801,-0.002729401,-0.010001374,-0.012423286,-0.020360518,-0.026395421
2026-07-30T00:10:16.379Z,1001,inference,Clean_Air,0,96,0,0.071940355,0.004315558,0.005165047,-0.002752561,-0.010004297,-0.012382532,-0.020360339,-0.026331449
2026-07-30T00:10:16.680Z,1001,inference,Clean_Air,0,96,0,0.071940355,0.004315558,0.005165047,-0.002752561,-0.010004297,-0.012382532,-0.020360339,-0.026331449
2026-07-30T00:10:17.153Z,1001,inference,Clean_Air,0,96,0,0.071940355,0.004315558,0.005165047,-0.002752561,-0.010004297,-0.012382532,-0.020360339,-0.026331449
2026-07-30T00:10:17.652Z,1001,inference,Clean_Air,0,96,0,0.071940355,0.004315558,0.005165047,-0.002752561,-0.010004297,-0.012382532,-0.020360339,-0.026331449
2026-07-30T00:10:18.145Z,1001,inference,Clean_Air,0,96,0,0.071940355,0.004315558,0.005165047,-0.002752561,-0.010004297,-0.012382532,-0.020360339,-0.026331449
2026-07-30T00:10:18.770Z,1001,inference,Clean_Air,0,97,0,0.072136335,0.004316046,0.005167688,-0.002741656,-0.010015004,-0.01234827,-0.020351294,-0.026273156
2026-07-30T00:10:19.315Z,1001,inference,Clean_Air,0,98,0,0.071987696,0.004334389,0.005214927,-0.002744598,-0.010028383,-0.012335527,-0.020358536,-0.026240747
2026-07-30T00:10:19.727Z,1001,inference,Clean_Air,0,98,0,0.071863331,0.004357771,0.005216579,-0.002728077,-0.010042639,-0.012395692,-0.020388814,-0.026255857
2026-07-30T00:10:20.209Z,1001,inference,Clean_Air,0,98,0,0.071863331,0.004357771,0.005216579,-0.002728077,-0.010042639,-0.012395692,-0.020388814,-0.026255857
2026-07-30T00:10:20.753Z,1001,inference,Clean_Air,0,97,0,0.072018825,0.004339638,0.005168143,-0.002720918,-0.010049441,-0.012365724,-0.020387581,-0.026205525
2026-07-30T00:10:21.168Z,1001,inference,Clean_Air,0,96,0,0.072224163,0.004402619,0.005154933,-0.00273154,-0.010033969,-0.012374424,-0.020381844,-0.026150744
2026-07-30T00:10:21.657Z,1001,inference,Clean_Air,0,96,0,0.072224163,0.004402619,0.005154933,-0.00273154,-0.010033969,-0.012374424,-0.020381844,-0.026150744
2026-07-30T00:10:22.202Z,1001,inference,Clean_Air,0,97,0,0.071968183,0.004437697,0.005178964,-0.002744599,-0.010012919,-0.012264406,-0.020306034,-0.026143024
2026-07-30T00:10:22.770Z,1001,inference,Clean_Air,0,97,0,0.072079226,0.004461655,0.005184424,-0.002774236,-0.010017059,-0.012273436,-0.020224169,-0.02610305
2026-07-30T00:10:23.314Z,1001,inference,Clean_Air,0,98,0,0.071915306,0.004475973,0.005214651,-0.00276955,-0.010017654,-0.012288408,-0.020199759,-0.026073482
2026-07-30T00:10:23.733Z,1001,inference,Clean_Air,0,98,0,0.072050706,0.004464503,0.00524452,-0.002759263,-0.010028882,-0.012209466,-0.020189932,-0.026089409
2026-07-30T00:10:24.219Z,1001,inference,Clean_Air,0,98,0,0.072050706,0.004464503,0.00524452,-0.002759263,-0.010028882,-0.012209466,-0.020189932,-0.026089409
2026-07-30T00:10:24.765Z,1001,inference,Clean_Air,0,98,0,0.071862005,0.004426559,0.005264625,-0.002749231,-0.010009725,-0.012212845,-0.020216782,-0.026114222
2026-07-30T00:10:25.174Z,1001,inference,Clean_Air,0,98,0,0.071819052,0.004425059,0.005231616,-0.002745677,-0.010031031,-0.012234322,-0.020234112,-0.026170919
2026-07-30T00:10:25.656Z,1001,inference,Clean_Air,0,98,0,0.071819052,0.004425059,0.005231616,-0.002745677,-0.010031031,-0.012234322,-0.020234112,-0.026170919
2026-07-30T00:10:26.204Z,1001,inference,Clean_Air,0,98,0,0.071691468,0.004463532,0.005237679,-0.002726505,-0.010040245,-0.012207345,-0.020248935,-0.026219517
2026-07-30T00:10:26.751Z,1001,inference,Clean_Air,0,98,0,0.071644969,0.00445432,0.005272595,-0.002720312,-0.010037482,-0.01214093,-0.020225735,-0.02624712
2026-07-30T00:10:27.168Z,1001,inference,Clean_Air,0,98,0,0.071644969,0.00445432,0.005272595,-0.002720312,-0.010037482,-0.01214093,-0.020225735,-0.02624712
2026-07-30T00:10:27.640Z,1001,inference,Clean_Air,0,98,0,0.071644969,0.00445432,0.005272595,-0.002720312,-0.010037482,-0.01214093,-0.020225735,-0.02624712
2026-07-30T00:10:28.153Z,1001,inference,Clean_Air,0,98,0,0.071644969,0.00445432,0.005272595,-0.002720312,-0.010037482,-0.01214093,-0.020225735,-0.02624712
2026-07-30T00:10:28.653Z,1001,inference,Clean_Air,0,98,0,0.071644969,0.00445432,0.005272595,-0.002720312,-0.010037482,-0.01214093,-0.020225735,-0.02624712
2026-07-30T00:10:29.213Z,1001,inference,Clean_Air,0,98,0,0.071651012,0.004451076,0.005237095,-0.002699499,-0.010044115,-0.012121072,-0.020174462,-0.026250113
2026-07-30T00:10:29.759Z,1001,inference,Clean_Air,0,98,0,0.071499094,0.004393906,0.005224847,-0.002698161,-0.010048211,-0.012120162,-0.020158688,-0.026295165
2026-07-30T00:10:30.170Z,1001,inference,Clean_Air,0,98,0,0.071503855,0.004373116,0.005218639,-0.002686156,-0.010087693,-0.012196952,-0.020243969,-0.026340809
2026-07-30T00:10:30.722Z,1001,inference,Clean_Air,0,98,0,0.071503855,0.004373116,0.005218639,-0.002686156,-0.010087693,-0.012196952,-0.020243969,-0.026340809
2026-07-30T00:10:31.191Z,1001,inference,Clean_Air,0,97,0,0.071253844,0.004402707,0.005201007,-0.002680059,-0.010089855,-0.01222378,-0.020320481,-0.026334167
2026-07-30T00:10:31.778Z,1001,inference,Clean_Air,0,97,0,0.071164861,0.004447649,0.005191139,-0.002669351,-0.01009696,-0.012214063,-0.02034957,-0.0263645
2026-07-30T00:10:32.305Z,1001,inference,Clean_Air,0,97,0,0.070874751,0.004438746,0.005186361,-0.002672459,-0.010099623,-0.012282311,-0.02034793,-0.02635636
2026-07-30T00:10:32.711Z,1001,inference,Clean_Air,0,96,0,0.07087265,0.004440293,0.005163006,-0.002676162,-0.010120156,-0.012284616,-0.020350458,-0.026279608
2026-07-30T00:10:33.195Z,1001,inference,Clean_Air,0,96,0,0.07087265,0.004440293,0.005163006,-0.002676162,-0.010120156,-0.012284616,-0.020350458,-0.026279608
2026-07-30T00:10:33.740Z,1001,inference,Clean_Air,0,97,0,0.070734657,0.004488548,0.005183033,-0.00267013,-0.010103456,-0.012286383,-0.020343069,-0.026301086
2026-07-30T00:10:34.320Z,1001,inference,Clean_Air,0,97,0,0.070806116,0.004462539,0.005168898,-0.00267941,-0.010092777,-0.012264679,-0.020328758,-0.026249234
2026-07-30T00:10:34.699Z,1001,inference,Clean_Air,0,96,0,0.070784584,0.004462411,0.005120033,-0.002680395,-0.010068595,-0.012326109,-0.020334695,-0.026219806
2026-07-30T00:10:35.178Z,1001,inference,Clean_Air,0,96,0,0.070784584,0.004462411,0.005120033,-0.002680395,-0.010068595,-0.012326109,-0.020334695,-0.026219806
2026-07-30T00:10:35.755Z,1001,inference,Clean_Air,0,96,0,0.070579693,0.004485437,0.005141154,-0.002704515,-0.010046072,-0.0123367,-0.020394783,-0.026199412
2026-07-30T00:10:36.300Z,1001,inference,Clean_Air,0,96,0,0.070614263,0.004513118,0.005154216,-0.002683327,-0.010064629,-0.012381882,-0.020333439,-0.026194954
2026-07-30T00:10:36.855Z,1001,inference,Clean_Air,0,96,0,0.070349075,0.004570733,0.00514466,-0.002680663,-0.010046497,-0.012391782,-0.020322341,-0.026259471
2026-07-30T00:10:37.167Z,1001,inference,Clean_Air,0,96,0,0.070349075,0.004570733,0.00514466,-0.002680663,-0.010046497,-0.012391782,-0.020322341,-0.026259471
2026-07-30T00:10:37.648Z,1001,inference,Clean_Air,0,96,0,0.070349075,0.004570733,0.00514466,-0.002680663,-0.010046497,-0.012391782,-0.020322341,-0.026259471
2026-07-30T00:10:38.148Z,1001,inference,Clean_Air,0,96,0,0.070349075,0.004570733,0.00514466,-0.002680663,-0.010046497,-0.012391782,-0.020322341,-0.026259471
2026-07-30T00:10:38.645Z,1001,inference,Clean_Air,0,96,0,0.070349075,0.004570733,0.00514466,-0.002680663,-0.010046497,-0.012391782,-0.020322341,-0.026259471
2026-07-30T00:10:39.260Z,1001,inference,Clean_Air,0,96,0,0.070373289,0.004538503,0.005156954,-0.002708387,-0.010071514,-0.012368124,-0.020308871,-0.026267622
2026-07-30T00:10:39.785Z,1001,inference,Clean_Air,0,97,0,0.070302695,0.004505049,0.005168964,-0.002716195,-0.010067741,-0.012372571,-0.020269994,-0.026273172
2026-07-30T00:10:40.204Z,1001,inference,Clean_Air,0,96,0,0.070231341,0.004532815,0.005149651,-0.002713522,-0.010112403,-0.012384071,-0.020250823,-0.026307415
2026-07-30T00:10:40.692Z,1001,inference,Clean_Air,0,96,0,0.070231341,0.004532815,0.005149651,-0.002713522,-0.010112403,-0.012384071,-0.020250823,-0.026307415
2026-07-30T00:10:41.236Z,1001,inference,Clean_Air,0,96,0,0.070043042,0.004490934,0.0051459,-0.002698553,-0.010119567,-0.012385589,-0.020259161,-0.026427422
2026-07-30T00:10:41.793Z,1001,inference,Clean_Air,0,96,0,0.069778815,0.004484651,0.005143403,-0.002708327,-0.01011256,-0.012306647,-0.020255551,-0.026411816
2026-07-30T00:10:42.183Z,1001,inference,Clean_Air,0,96,0,0.069670342,0.004505301,0.005161247,-0.002720004,-0.010118673,-0.012324749,-0.020247292,-0.026410932
2026-07-30T00:10:42.670Z,1001,inference,Clean_Air,0,96,0,0.069670342,0.004505301,0.005161247,-0.002720004,-0.010118673,-0.012324749,-0.020247292,-0.026410932
2026-07-30T00:10:43.250Z,1001,inference,Clean_Air,0,97,0,0.069493443,0.004498256,0.005194768,-0.002732323,-0.010146737,-0.012262112,-0.02021688,-0.026406884
2026-07-30T00:10:43.782Z,1001,inference,Clean_Air,0,97,0,0.069387577,0.004539293,0.005188765,-0.002752187,-0.010165676,-0.012208579,-0.020249553,-0.026428664
2026-07-30T00:10:44.193Z,1001,inference,Clean_Air,0,97,0,0.069334015,0.004479722,0.005182803,-0.002759266,-0.010163983,-0.012170421,-0.020317446,-0.026430499
2026-07-30T00:10:44.685Z,1001,inference,Clean_Air,0,97,0,0.069334015,0.004479722,0.005182803,-0.002759266,-0.010163983,-0.012170421,-0.020317446,-0.026430499
2026-07-30T00:10:45.232Z,1001,inference,Clean_Air,0,97,0,0.069297068,0.004441977,0.005183479,-0.002744526,-0.010161139,-0.012127575,-0.020288223,-0.026354432
2026-07-30T00:10:45.808Z,1001,inference,Clean_Air,0,97,0,0.069208227,0.004428298,0.005192309,-0.002705098,-0.010124934,-0.012107511,-0.020338306,-0.026326101
2026-07-30T00:10:46.185Z,1001,inference,Clean_Air,0,96,0,0.069232211,0.004463159,0.005161075,-0.002691624,-0.010109809,-0.012115372,-0.020370414,-0.026345085
2026-07-30T00:10:46.678Z,1001,inference,Clean_Air,0,96,0,0.069232211,0.004463159,0.005161075,-0.002691624,-0.010109809,-0.012115372,-0.020370414,-0.026345085
2026-07-30T00:10:47.218Z,1001,inference,Clean_Air,0,97,0,0.06920258,0.004387442,0.005149804,-0.002688867,-0.010051959,-0.01210699,-0.020424353,-0.026298368
2026-07-30T00:10:47.671Z,1001,inference,Clean_Air,0,97,0,0.06920258,0.004387442,0.005149804,-0.002688867,-0.010051959,-0.01210699,-0.020424353,-0.026298368
2026-07-30T00:10:48.154Z,1001,inference,Clean_Air,0,97,0,0.06920258,0.004387442,0.005149804,-0.002688867,-0.010051959,-0.01210699,-0.020424353,-0.026298368
2026-07-30T00:10:48.652Z,1001,inference,Clean_Air,0,97,0,0.06920258,0.004387442,0.005149804,-0.002688867,-0.010051959,-0.01210699,-0.020424353,-0.026298368
2026-07-30T00:10:49.150Z,1001,inference,Clean_Air,0,97,0,0.06920258,0.004387442,0.005149804,-0.002688867,-0.010051959,-0.01210699,-0.020424353,-0.026298368
2026-07-30T00:10:49.716Z,1001,inference,Clean_Air,0,97,0,0.07031481,0.004429814,0.00516788,-0.002699736,-0.010034275,-0.012151814,-0.020392917,-0.026255632
2026-07-30T00:10:50.241Z,1001,inference,Clean_Air,0,97,0,0.070841677,0.004390916,0.005185428,-0.002707737,-0.010039924,-0.012216965,-0.020406522,-0.026306923
2026-07-30T00:10:50.660Z,1001,inference,Clean_Air,0,97,0,0.071676247,0.004395224,0.005192719,-0.002686427,-0.010015108,-0.012209639,-0.020416405,-0.026293322
2026-07-30T00:10:51.144Z,1001,inference,Clean_Air,0,97,0,0.071676247,0.004395224,0.005192719,-0.002686427,-0.010015108,-0.012209639,-0.020416405,-0.026293322
2026-07-30T00:10:51.689Z,1001,inference,Clean_Air,0,97,0,0.072667532,0.004418887,0.00518558,-0.002673785,-0.009989958,-0.012270384,-0.020446043,-0.026270989
2026-07-30T00:10:52.266Z,1001,inference,Clean_Air,0,97,0,0.073443271,0.004374452,0.005202792,-0.002645556,-0.009980464,-0.01225378,-0.020442206,-0.026246786
2026-07-30T00:10:52.808Z,1001,inference,Clean_Air,0,97,0,0.073979571,0.004425759,0.005201327,-0.002655058,-0.009992123,-0.012193588,-0.020370077,-0.026312625
2026-07-30T00:10:53.210Z,1001,inference,Clean_Air,0,97,0,0.074831262,0.004415031,0.005202418,-0.002676807,-0.009986718,-0.012225589,-0.020423301,-0.026284
2026-07-30T00:10:53.688Z,1001,inference,Clean_Air,0,97,0,0.074831262,0.004415031,0.005202418,-0.002676807,-0.009986718,-0.012225589,-0.020423301,-0.026284
2026-07-30T00:10:54.235Z,1001,inference,Clean_Air,0,97,0,0.075911477,0.004424382,0.005196411,-0.002697619,-0.009969005,-0.012243262,-0.020385649,-0.02628983
2026-07-30T00:10:54.812Z,1001,inference,Clean_Air,0,97,0,0.076660559,0.004366089,0.005229107,-0.002695346,-0.009999311,-0.012180796,-0.020338632,-0.026317474
2026-07-30T00:10:55.188Z,1001,inference,Clean_Air,0,98,0,0.077731267,0.004478891,0.005265332,-0.002676132,-0.009996465,-0.012110029,-0.020339398,-0.026309837
2026-07-30T00:10:55.670Z,1001,inference,Clean_Air,0,98,0,0.077731267,0.004478891,0.005265332,-0.002676132,-0.009996465,-0.012110029,-0.020339398,-0.026309837
2026-07-30T00:10:56.244Z,1001,inference,Clean_Air,0,98,0,0.077573702,0.004516483,0.005261105,-0.002665324,-0.010013608,-0.011999009,-0.020351309,-0.026344096
2026-07-30T00:10:56.794Z,1001,inference,Clean_Air,0,97,0,0.077552378,0.004443329,0.005250225,-0.002641226,-0.010010283,-0.011997178,-0.020370301,-0.026289597
2026-07-30T00:10:57.350Z,1001,inference,Clean_Air,0,97,0,0.077002138,0.004394773,0.005246734,-0.002673944,-0.010022061,-0.011978968,-0.020378735,-0.026261663
2026-07-30T00:10:57.667Z,1001,inference,Clean_Air,0,97,0,0.077002138,0.004394773,0.005246734,-0.002673944,-0.010022061,-0.011978968,-0.020378735,-0.026261663
2026-07-30T00:10:58.146Z,1001,inference,Clean_Air,0,97,0,0.077002138,0.004394773,0.005246734,-0.002673944,-0.010022061,-0.011978968,-0.020378735,-0.026261663
2026-07-30T00:10:58.647Z,1001,inference,Clean_Air,0,97,0,0.077002138,0.004394773,0.005246734,-0.002673944,-0.010022061,-0.011978968,-0.020378735,-0.026261663
2026-07-30T00:10:59.143Z,1001,inference,Clean_Air,0,97,0,0.077002138,0.004394773,0.005246734,-0.002673944,-0.010022061,-0.011978968,-0.020378735,-0.026261663
2026-07-30T00:10:59.741Z,1001,inference,Clean_Air,0,98,0,0.076237947,0.004388463,0.005254382,-0.002682166,-0.010044046,-0.011997977,-0.020358611,-0.026263097
2026-07-30T00:11:00.286Z,1001,inference,Clean_Air,0,98,0,0.075699173,0.004348695,0.005231419,-0.002692934,-0.010042813,-0.012060533,-0.020363651,-0.0262988
2026-07-30T00:11:00.689Z,1001,inference,Clean_Air,0,98,0,0.075698867,0.004284422,0.00524698,-0.002680126,-0.010036534,-0.012047965,-0.020449219,-0.026191015
2026-07-30T00:11:01.176Z,1001,inference,Clean_Air,0,98,0,0.075698867,0.004284422,0.00524698,-0.002680126,-0.010036534,-0.012047965,-0.020449219,-0.026191015
2026-07-30T00:11:01.721Z,1001,inference,Clean_Air,0,98,0,0.075714946,0.004334357,0.005253254,-0.002685639,-0.010053409,-0.011978103,-0.020431599,-0.026281366
2026-07-30T00:11:02.297Z,1001,inference,Clean_Air,0,98,0,0.074982524,0.004336955,0.005253423,-0.002690378,-0.010089907,-0.011966024,-0.020423258,-0.026343975
2026-07-30T00:11:02.677Z,1001,inference,Clean_Air,0,98,0,0.074507438,0.004355141,0.005268668,-0.002674805,-0.01006463,-0.012015603,-0.020419117,-0.026270628
2026-07-30T00:11:03.162Z,1001,inference,Clean_Air,0,98,0,0.074507438,0.004355141,0.005268668,-0.002674805,-0.01006463,-0.012015603,-0.020419117,-0.026270628
2026-07-30T00:11:03.745Z,1001,inference,Clean_Air,0,98,0,0.073754579,0.004267177,0.005266554,-0.002680219,-0.01008633,-0.012076574,-0.02037131,-0.026272694
2026-07-30T00:11:04.283Z,1001,inference,Clean_Air,0,98,0,0.073167607,0.004218317,0.005275801,-0.002665289,-0.010087514,-0.012153196,-0.020384818,-0.026234139
2026-07-30T00:11:04.678Z,1001,inference,Clean_Air,0,98,0,0.07339412,0.004280808,0.005265339,-0.002672804,-0.010098362,-0.012158109,-0.020352757,-0.026230251
2026-07-30T00:11:05.159Z,1001,inference,Clean_Air,0,98,0,0.07339412,0.004280808,0.005265339,-0.002672804,-0.010098362,-0.012158109,-0.020352757,-0.026230251
2026-07-30T00:11:05.702Z,1001,inference,Clean_Air,0,98,0,0.073562875,0.004212263,0.005268732,-0.002655657,-0.010092665,-0.012171932,-0.020333318,-0.026300877
2026-07-30T00:11:06.282Z,1001,inference,Clean_Air,0,98,0,0.074217536,0.004208046,0.005272337,-0.002652105,-0.010073454,-0.012154845,-0.020368008,-0.026316499
2026-07-30T00:11:06.661Z,1001,inference,Clean_Air,0,98,0,0.073937468,0.004252008,0.005253055,-0.002652989,-0.010063453,-0.012131543,-0.020328334,-0.026347121
2026-07-30T00:11:07.140Z,1001,inference,Clean_Air,0,98,0,0.073937468,0.004252008,0.005253055,-0.002652989,-0.010063453,-0.012131543,-0.020328334,-0.026347121
2026-07-30T00:11:07.709Z,1001,inference,Clean_Air,0,98,0,0.073504999,0.004319896,0.005232216,-0.002676186,-0.010024859,-0.012248124,-0.020302366,-0.026411008
2026-07-30T00:11:08.170Z,1001,inference,Clean_Air,0,98,0,0.073504999,0.004319896,0.005232216,-0.002676186,-0.010024859,-0.012248124,-0.020302366,-0.026411008
2026-07-30T00:11:08.648Z,1001,inference,Clean_Air,0,98,0,0.073504999,0.004319896,0.005232216,-0.002676186,-0.010024859,-0.012248124,-0.020302366,-0.026411008
2026-07-30T00:11:09.178Z,1001,inference,Clean_Air,0,98,0,0.073504999,0.004319896,0.005232216,-0.002676186,-0.010024859,-0.012248124,-0.020302366,-0.026411008
2026-07-30T00:11:09.639Z,1001,inference,Clean_Air,0,98,0,0.073504999,0.004319896,0.005232216,-0.002676186,-0.010024859,-0.012248124,-0.020302366,-0.026411008
2026-07-30T00:11:10.217Z,1001,inference,Clean_Air,0,98,0,0.073522545,0.004290461,0.005227835,-0.002679409,-0.01001417,-0.012276791,-0.020290617,-0.026313756
2026-07-30T00:11:10.762Z,1001,inference,Clean_Air,0,98,0,0.073438391,0.004262178,0.005228566,-0.002670462,-0.010008843,-0.012292517,-0.020299157,-0.026195755
2026-07-30T00:11:11.177Z,1001,inference,Clean_Air,0,97,0,0.073989622,0.004254984,0.005199587,-0.002674405,-0.009941591,-0.012306184,-0.02031233,-0.026236236
2026-07-30T00:11:11.663Z,1001,inference,Clean_Air,0,97,0,0.073989622,0.004254984,0.005199587,-0.002674405,-0.009941591,-0.012306184,-0.02031233,-0.026236236
2026-07-30T00:11:12.207Z,1001,inference,Clean_Air,0,97,0,0.074355654,0.004297995,0.005197196,-0.002709596,-0.009897543,-0.012278086,-0.020320779,-0.026207935
2026-07-30T00:11:12.783Z,1001,inference,Clean_Air,0,97,0,0.074728213,0.00423847,0.00518473,-0.002729614,-0.009886439,-0.012286866,-0.020311873,-0.026195928
2026-07-30T00:11:13.316Z,1001,inference,Clean_Air,0,97,0,0.074271165,0.00424339,0.005188112,-0.002719799,-0.009879371,-0.012261288,-0.020318706,-0.026189487
2026-07-30T00:11:13.718Z,1001,inference,Clean_Air,0,97,0,0.074553169,0.004312716,0.005209262,-0.002695864,-0.009884046,-0.01226046,-0.020255413,-0.026141107
2026-07-30T00:11:14.201Z,1001,inference,Clean_Air,0,97,0,0.074553169,0.004312716,0.005209262,-0.002695864,-0.009884046,-0.01226046,-0.020255413,-0.026141107
2026-07-30T00:11:14.749Z,1001,inference,Clean_Air,0,97,0,0.074600771,0.00431829,0.00520413,-0.002676633,-0.00989422,-0.012293637,-0.020221476,-0.026137987
2026-07-30T00:11:15.315Z,1001,inference,Clean_Air,0,98,0,0.074620932,0.004322071,0.005222041,-0.002651303,-0.009939806,-0.012317833,-0.020235863,-0.026074719
2026-07-30T00:11:15.695Z,1001,inference,Clean_Air,0,96,0,0.075223073,0.004303697,0.00514936,-0.002667722,-0.009970883,-0.012211895,-0.020264767,-0.026072284
2026-07-30T00:11:16.171Z,1001,inference,Clean_Air,0,96,0,0.075223073,0.004303697,0.00514936,-0.002667722,-0.009970883,-0.012211895,-0.020264767,-0.026072284
2026-07-30T00:11:16.748Z,1001,inference,Clean_Air,0,96,0,0.07537654,0.004266817,0.005163766,-0.002660018,-0.009988585,-0.012241438,-0.020266065,-0.026135763
2026-07-30T00:11:17.281Z,1001,inference,Clean_Air,0,96,0,0.075816728,0.0042871,0.005154314,-0.002647119,-0.009968522,-0.01215647,-0.020287361,-0.02618528
2026-07-30T00:11:17.828Z,1001,inference,Clean_Air,0,96,0,0.07526321,0.004220869,0.00514577,-0.002658388,-0.010024171,-0.012149403,-0.020287981,-0.026166895
2026-07-30T00:11:18.170Z,1001,inference,Clean_Air,0,96,0,0.07526321,0.004220869,0.00514577,-0.002658388,-0.010024171,-0.012149403,-0.020287981,-0.026166895
2026-07-30T00:11:18.650Z,1001,inference,Clean_Air,0,96,0,0.07526321,0.004220869,0.00514577,-0.002658388,-0.010024171,-0.012149403,-0.020287981,-0.026166895
2026-07-30T00:11:19.147Z,1001,inference,Clean_Air,0,96,0,0.07526321,0.004220869,0.00514577,-0.002658388,-0.010024171,-0.012149403,-0.020287981,-0.026166895
2026-07-30T00:11:19.650Z,1001,inference,Clean_Air,0,96,0,0.07526321,0.004220869,0.00514577,-0.002658388,-0.010024171,-0.012149403,-0.020287981,-0.026166895
2026-07-30T00:11:20.225Z,1001,inference,Clean_Air,0,96,0,0.074847803,0.004220367,0.005151591,-0.00264934,-0.010059038,-0.012187064,-0.020303519,-0.026186842
2026-07-30T00:11:20.769Z,1001,inference,Clean_Air,0,96,0,0.074314557,0.004300501,0.005156012,-0.002641182,-0.010054886,-0.012152436,-0.020312078,-0.026133304
2026-07-30T00:11:21.186Z,1001,inference,Clean_Air,0,96,0,0.074806646,0.004294462,0.005157246,-0.002630155,-0.010064665,-0.012115194,-0.020293877,-0.026203156
2026-07-30T00:11:21.670Z,1001,inference,Clean_Air,0,96,0,0.074806646,0.004294462,0.005157246,-0.002630155,-0.010064665,-0.012115194,-0.020293877,-0.026203156
2026-07-30T00:11:22.213Z,1001,inference,Clean_Air,0,96,0,0.074522793,0.004295291,0.005128534,-0.002648435,-0.01007473,-0.012145209,-0.020377122,-0.026241485
2026-07-30T00:11:22.776Z,1001,inference,Clean_Air,0,96,0,0.074525468,0.00432463,0.005108188,-0.002672021,-0.010074005,-0.012139782,-0.020393971,-0.026211774
2026-07-30T00:11:23.160Z,1001,inference,Clean_Air,0,96,0,0.07521528,0.004311287,0.005116196,-0.002692729,-0.010066174,-0.012148614,-0.020384843,-0.026204512
2026-07-30T00:11:23.652Z,1001,inference,Clean_Air,0,96,0,0.07521528,0.004311287,0.005116196,-0.002692729,-0.010066174,-0.012148614,-0.020384843,-0.026204512
2026-07-30T00:11:24.213Z,1001,inference,Clean_Air,0,97,0,0.075257577,0.004373806,0.005206249,-0.002667925,-0.01009207,-0.012190568,-0.020412253,-0.026138622
2026-07-30T00:11:24.772Z,1001,inference,Clean_Air,0,96,0,0.074811891,0.004405216,0.005155068,-0.002678967,-0.01008682,-0.01218999,-0.020399377,-0.026136439
2026-07-30T00:11:25.171Z,1001,inference,Clean_Air,0,96,0,0.074663483,0.004416595,0.005158988,-0.002701276,-0.010108427,-0.012245504,-0.020385478,-0.026106682
2026-07-30T00:11:25.723Z,1001,inference,Clean_Air,0,96,0,0.074663483,0.004416595,0.005158988,-0.002701276,-0.010108427,-0.012245504,-0.020385478,-0.026106682
2026-07-30T00:11:26.193Z,1001,inference,Clean_Air,0,96,0,0.074277326,0.004529464,0.005150743,-0.002698789,-0.010113672,-0.012241369,-0.020379614,-0.026043629
2026-07-30T00:11:26.782Z,1001,inference,Clean_Air,0,96,0,0.074127987,0.004525101,0.005118033,-0.002706406,-0.010076972,-0.012231658,-0.020389182,-0.026103053
2026-07-30T00:11:27.314Z,1001,inference,Clean_Air,0,96,0,0.07442347,0.004446763,0.005144082,-0.002715087,-0.010069799,-0.012248283,-0.020378541,-0.026171857
2026-07-30T00:11:27.881Z,1001,inference,Clean_Air,0,96,0,0.073722035,0.004437317,0.005146855,-0.002737604,-0.010058849,-0.01231332,-0.020376556,-0.026105216
2026-07-30T00:11:28.172Z,1001,inference,Clean_Air,0,96,0,0.073722035,0.004437317,0.005146855,-0.002737604,-0.010058849,-0.01231332,-0.020376556,-0.026105216
2026-07-30T00:11:28.646Z,1001,inference,Clean_Air,0,96,0,0.073722035,0.004437317,0.005146855,-0.002737604,-0.010058849,-0.01231332,-0.020376556,-0.026105216
2026-07-30T00:11:29.144Z,1001,inference,Clean_Air,0,96,0,0.073722035,0.004437317,0.005146855,-0.002737604,-0.010058849,-0.01231332,-0.020376556,-0.026105216
2026-07-30T00:11:29.642Z,1001,inference,Clean_Air,0,96,0,0.073722035,0.004437317,0.005146855,-0.002737604,-0.010058849,-0.01231332,-0.020376556,-0.026105216
2026-07-30T00:11:30.272Z,1001,inference,Clean_Air,0,96,0,0.073303372,0.004482343,0.005149366,-0.002729402,-0.010046495,-0.012247549,-0.020356605,-0.026094079
2026-07-30T00:11:30.817Z,1001,inference,Clean_Air,0,97,0,0.073169932,0.004435785,0.005178276,-0.002718714,-0.010051639,-0.012276378,-0.020386955,-0.026166588
2026-07-30T00:11:31.219Z,1001,inference,Clean_Air,0,96,0,0.072947793,0.004401465,0.005152961,-0.002733877,-0.010029048,-0.01224448,-0.020400198,-0.026138101
2026-07-30T00:11:31.696Z,1001,inference,Clean_Air,0,96,0,0.072947793,0.004401465,0.005152961,-0.002733877,-0.010029048,-0.01224448,-0.020400198,-0.026138101
2026-07-30T00:11:32.239Z,1001,inference,Clean_Air,0,97,0,0.072394624,0.004358595,0.005168037,-0.002740604,-0.009995854,-0.012254949,-0.020363064,-0.026187306
2026-07-30T00:11:32.659Z,1001,inference,Clean_Air,0,97,0,0.072367996,0.004385502,0.005185881,-0.002725093,-0.010018844,-0.012256118,-0.020382151,-0.026243439
2026-07-30T00:11:33.138Z,1001,inference,Clean_Air,0,97,0,0.072367996,0.004385502,0.005185881,-0.002725093,-0.010018844,-0.012256118,-0.020382151,-0.026243439
2026-07-30T00:11:33.690Z,1001,inference,Clean_Air,0,97,0,0.071996666,0.004310866,0.0051821,-0.002754744,-0.010029449,-0.01225534,-0.020372821,-0.026287118
2026-07-30T00:11:34.251Z,1001,inference,Clean_Air,0,97,0,0.072730377,0.004269439,0.005202877,-0.002774031,-0.010072427,-0.012251901,-0.020384237,-0.026304001
2026-07-30T00:11:34.798Z,1001,inference,Clean_Air,0,97,0,0.073494926,0.004288505,0.005209362,-0.002748823,-0.010092506,-0.012257477,-0.020295953,-0.026306126
2026-07-30T00:11:35.204Z,1001,inference,Clean_Air,0,97,0,0.073574163,0.00435235,0.0052062,-0.002671858,-0.010108994,-0.012186135,-0.020277493,-0.026345443
2026-07-30T00:11:35.745Z,1001,inference,Clean_Air,0,97,0,0.073574163,0.00435235,0.0052062,-0.002671858,-0.010108994,-0.012186135,-0.020277493,-0.026345443
2026-07-30T00:11:36.216Z,1001,inference,Clean_Air,0,98,0,0.073572941,0.004375308,0.005234082,-0.00259613,-0.010118254,-0.012170942,-0.020262439,-0.026383758
2026-07-30T00:11:36.798Z,1001,inference,Clean_Air,0,98,0,0.074122287,0.004261441,0.005241564,-0.002593236,-0.010125672,-0.012212512,-0.020280439,-0.026400367
2026-07-30T00:11:37.180Z,1001,inference,Clean_Air,0,98,0,0.073450491,0.004278006,0.005229329,-0.002579154,-0.010094203,-0.012178767,-0.020251153,-0.02633496
2026-07-30T00:11:37.660Z,1001,inference,Clean_Air,0,98,0,0.073450491,0.004278006,0.005229329,-0.002579154,-0.010094203,-0.012178767,-0.020251153,-0.02633496
2026-07-30T00:11:38.213Z,1001,inference,Clean_Air,0,98,0,0.072948888,0.004283219,0.00522751,-0.002571458,-0.010106358,-0.01220996,-0.020238366,-0.026400397
2026-07-30T00:11:38.670Z,1001,inference,Clean_Air,0,98,0,0.072948888,0.004283219,0.00522751,-0.002571458,-0.010106358,-0.01220996,-0.020238366,-0.026400397
2026-07-30T00:11:39.142Z,1001,inference,Clean_Air,0,98,0,0.072948888,0.004283219,0.00522751,-0.002571458,-0.010106358,-0.01220996,-0.020238366,-0.026400397
2026-07-30T00:11:39.642Z,1001,inference,Clean_Air,0,98,0,0.072948888,0.004283219,0.00522751,-0.002571458,-0.010106358,-0.01220996,-0.020238366,-0.026400397
2026-07-30T00:11:40.139Z,1001,inference,Clean_Air,0,98,0,0.072948888,0.004283219,0.00522751,-0.002571458,-0.010106358,-0.01220996,-0.020238366,-0.026400397
2026-07-30T00:11:40.707Z,1001,inference,Clean_Air,0,98,0,0.073440433,0.004271745,0.005212564,-0.002571543,-0.010114254,-0.012263388,-0.02026993,-0.026425634
2026-07-30T00:11:41.260Z,1001,inference,Clean_Air,0,98,0,0.073541239,0.004233109,0.005236008,-0.002572523,-0.010098476,-0.012286358,-0.020273838,-0.026384342
2026-07-30T00:11:41.667Z,1001,inference,Clean_Air,0,98,0,0.073829003,0.004243651,0.005242321,-0.00254603,-0.010094599,-0.012298158,-0.020283399,-0.026366875
2026-07-30T00:11:42.154Z,1001,inference,Clean_Air,0,98,0,0.073829003,0.004243651,0.005242321,-0.00254603,-0.010094599,-0.012298158,-0.020283399,-0.026366875
2026-07-30T00:11:42.697Z,1001,inference,Clean_Air,0,98,0,0.073629826,0.004216443,0.005232883,-0.002549975,-0.010057172,-0.012335047,-0.020283174,-0.026420513
2026-07-30T00:11:43.273Z,1001,inference,Clean_Air,0,98,0,0.073430046,0.004204644,0.005243602,-0.002537811,-0.010041649,-0.012329632,-0.020347344,-0.026302367
2026-07-30T00:11:43.821Z,1001,inference,Clean_Air,0,98,0,0.072834119,0.004203537,0.005225579,-0.002598799,-0.01005025,-0.012384517,-0.02038485,-0.026257047
2026-07-30T00:11:44.221Z,1001,inference,Clean_Air,0,97,0,0.072832018,0.004204803,0.005198271,-0.002597792,-0.010035931,-0.012438369,-0.020414392,-0.026231527
2026-07-30T00:11:44.713Z,1001,inference,Clean_Air,0,97,0,0.072832018,0.004204803,0.005198271,-0.002597792,-0.010035931,-0.012438369,-0.020414392,-0.026231527
2026-07-30T00:11:45.260Z,1001,inference,Clean_Air,0,97,0,0.072245747,0.004272421,0.005176523,-0.002613319,-0.0100466,-0.012481785,-0.020426849,-0.026238468
2026-07-30T00:11:45.820Z,1001,inference,Clean_Air,0,97,0,0.072539486,0.004314,0.005168266,-0.002637495,-0.010064448,-0.012464143,-0.020416955,-0.026266854
2026-07-30T00:11:46.185Z,1001,inference,Clean_Air,0,97,0,0.072322011,0.004350201,0.005209425,-0.002632314,-0.01009028,-0.012454801,-0.0204219,-0.026286369
2026-07-30T00:11:46.660Z,1001,inference,Clean_Air,0,97,0,0.072322011,0.004350201,0.005209425,-0.002632314,-0.01009028,-0.012454801,-0.0204219,-0.026286369
2026-07-30T00:11:47.234Z,1001,inference,Clean_Air,0,98,0,0.071527466,0.004360901,0.00522517,-0.002610885,-0.01007452,-0.012416999,-0.020332854,-0.026282918
2026-07-30T00:11:47.766Z,1001,inference,Clean_Air,0,98,0,0.071635075,0.004297837,0.005219673,-0.002597403,-0.01009012,-0.012395159,-0.020323854,-0.026312238
2026-07-30T00:11:48.323Z,1001,inference,Clean_Air,0,98,0,0.071040966,0.004365913,0.005239488,-0.002589136,-0.010077471,-0.012404496,-0.020318553,-0.026379546
2026-07-30T00:11:48.670Z,1001,inference,Clean_Air,0,98,0,0.071040966,0.004365913,0.005239488,-0.002589136,-0.010077471,-0.012404496,-0.020318553,-0.026379546
2026-07-30T00:11:49.153Z,1001,inference,Clean_Air,0,98,0,0.071040966,0.004365913,0.005239488,-0.002589136,-0.010077471,-0.012404496,-0.020318553,-0.026379546
2026-07-30T00:11:49.678Z,1001,inference,Clean_Air,0,98,0,0.071040966,0.004365913,0.005239488,-0.002589136,-0.010077471,-0.012404496,-0.020318553,-0.026379546
2026-07-30T00:11:50.145Z,1001,inference,Clean_Air,0,98,0,0.071040966,0.004365913,0.005239488,-0.002589136,-0.010077471,-0.012404496,-0.020318553,-0.026379546
2026-07-30T00:11:50.722Z,1001,inference,Clean_Air,0,98,0,0.07105346,0.004364814,0.005240934,-0.002575673,-0.010076883,-0.012379998,-0.020324089,-0.026351478
2026-07-30T00:11:51.268Z,1001,inference,Clean_Air,0,97,0,0.07054241,0.004336649,0.005210941,-0.002592181,-0.010112968,-0.012386767,-0.020328702,-0.026427513
2026-07-30T00:11:51.678Z,1001,inference,Clean_Air,0,98,0,0.071006291,0.004334949,0.00523303,-0.002623114,-0.010090757,-0.012335562,-0.020296751,-0.026477486
2026-07-30T00:11:52.156Z,1001,inference,Clean_Air,0,98,0,0.071006291,0.004334949,0.00523303,-0.002623114,-0.010090757,-0.012335562,-0.020296751,-0.026477486
2026-07-30T00:11:52.699Z,1001,inference,Clean_Air,0,98,0,0.071608648,0.004310689,0.005232006,-0.002689632,-0.010106502,-0.012284638,-0.020292355,-0.02652045
2026-07-30T00:11:53.277Z,1001,inference,Clean_Air,0,98,0,0.071333349,0.004283668,0.005230777,-0.002719394,-0.010103161,-0.01226653,-0.020295687,-0.026519438
2026-07-30T00:11:53.666Z,1001,inference,Clean_Air,0,98,0,0.071203746,0.004221932,0.005235526,-0.002740954,-0.010106078,-0.012258111,-0.020329539,-0.026507745
2026-07-30T00:11:54.146Z,1001,inference,Clean_Air,0,98,0,0.071203746,0.004221932,0.005235526,-0.002740954,-0.010106078,-0.012258111,-0.020329539,-0.026507745
2026-07-30T00:11:54.722Z,1001,inference,Clean_Air,0,98,0,0.07120619,0.004149226,0.005214498,-0.002727072,-0.010069708,-0.012230875,-0.020322716,-0.026524371
2026-07-30T00:11:55.266Z,1001,inference,Clean_Air,0,98,0,0.070995227,0.004136108,0.005219503,-0.002730374,-0.010085909,-0.012224297,-0.020391639,-0.026515609
2026-07-30T00:11:55.677Z,1001,inference,Clean_Air,0,98,0,0.070801243,0.004199998,0.005232476,-0.002743431,-0.010062883,-0.012166316,-0.020407824,-0.026454633
2026-07-30T00:11:56.160Z,1001,inference,Clean_Air,0,98,0,0.070801243,0.004199998,0.005232476,-0.002743431,-0.010062883,-0.012166316,-0.020407824,-0.026454633
2026-07-30T00:11:56.705Z,1001,inference,Clean_Air,0,98,0,0.071240403,0.004229338,0.005222891,-0.002729143,-0.010060092,-0.012142448,-0.020400401,-0.026456188
2026-07-30T00:11:57.278Z,1001,inference,Clean_Air,0,97,0,0.070827425,0.004294585,0.005209578,-0.002727431,-0.010074865,-0.01213789,-0.020384785,-0.026487177
2026-07-30T00:11:57.665Z,1001,inference,Clean_Air,0,98,0,0.070694178,0.004308562,0.005252222,-0.002726554,-0.010056195,-0.012183804,-0.020369511,-0.026527733
2026-07-30T00:11:58.154Z,1001,inference,Clean_Air,0,98,0,0.070694178,0.004308562,0.005252222,-0.002726554,-0.010056195,-0.012183804,-0.020369511,-0.026527733
2026-07-30T00:11:58.707Z,1001,inference,Clean_Air,0,98,0,0.070104025,0.004313446,0.005236574,-0.002703798,-0.010070411,-0.012255503,-0.020397522,-0.026519086
2026-07-30T00:11:59.158Z,1001,inference,Clean_Air,0,98,0,0.070104025,0.004313446,0.005236574,-0.002703798,-0.010070411,-0.012255503,-0.020397522,-0.026519086
2026-07-30T00:11:59.681Z,1001,inference,Clean_Air,0,98,0,0.070104025,0.004313446,0.005236574,-0.002703798,-0.010070411,-0.012255503,-0.020397522,-0.026519086
2026-07-30T00:12:00.144Z,1001,inference,Clean_Air,0,98,0,0.070104025,0.004313446,0.005236574,-0.002703798,-0.010070411,-0.012255503,-0.020397522,-0.026519086
2026-07-30T00:12:00.642Z,1001,inference,Clean_Air,0,98,0,0.070104025,0.004313446,0.005236574,-0.002703798,-0.010070411,-0.012255503,-0.020397522,-0.026519086
2026-07-30T00:12:01.215Z,1001,inference,Clean_Air,0,98,0,0.069450006,0.004329835,0.005248722,-0.002703094,-0.010065751,-0.012241548,-0.020378357,-0.026476348
2026-07-30T00:12:01.758Z,1001,inference,Clean_Air,0,98,0,0.069717929,0.004346783,0.005268958,-0.00265924,-0.010061784,-0.01215617,-0.02036218,-0.026467552
2026-07-30T00:12:02.166Z,1001,inference,Clean_Air,0,98,0,0.069410622,0.004408922,0.005276973,-0.002630292,-0.010086805,-0.012215769,-0.020337809,-0.026483422
2026-07-30T00:12:02.648Z,1001,inference,Clean_Air,0,98,0,0.069410622,0.004408922,0.005276973,-0.002630292,-0.010086805,-0.012215769,-0.020337809,-0.026483422
2026-07-30T00:12:03.193Z,1001,inference,Clean_Air,0,98,0,0.069743067,0.004458886,0.005295767,-0.002646446,-0.010098671,-0.012240626,-0.020350158,-0.026451582
2026-07-30T00:12:03.772Z,1001,inference,Clean_Air,0,98,0,0.069883689,0.004463364,0.005261048,-0.002640286,-0.010094449,-0.012234657,-0.020337243,-0.026478488
2026-07-30T00:12:04.315Z,1001,inference,Clean_Air,0,98,0,0.070002057,0.004469772,0.005237989,-0.002632059,-0.010092633,-0.0123299,-0.020332549,-0.026511822
2026-07-30T00:12:04.721Z,1001,inference,Clean_Air,0,98,0,0.070089385,0.004415956,0.005228854,-0.002680784,-0.010102079,-0.012338147,-0.020374972,-0.026486646
2026-07-30T00:12:05.203Z,1001,inference,Clean_Air,0,98,0,0.070089385,0.004415956,0.005228854,-0.002680784,-0.010102079,-0.012338147,-0.020374972,-0.026486646
2026-07-30T00:12:05.747Z,1001,inference,Clean_Air,0,98,0,0.070012853,0.004324268,0.005241073,-0.002688878,-0.010072909,-0.012337105,-0.02038515,-0.026481509
2026-07-30T00:12:06.166Z,1001,inference,Clean_Air,0,98,0,0.069749333,0.004344172,0.005235965,-0.002678083,-0.010058462,-0.012295854,-0.020397335,-0.026447505
2026-07-30T00:12:06.652Z,1001,inference,Clean_Air,0,98,0,0.069749333,0.004344172,0.005235965,-0.002678083,-0.010058462,-0.012295854,-0.020397335,-0.026447505
2026-07-30T00:12:07.196Z,1001,inference,Clean_Air,0,98,0,0.070434146,0.004346829,0.005233776,-0.002678679,-0.010046836,-0.012228621,-0.020396294,-0.026385909
2026-07-30T00:12:07.772Z,1001,inference,Clean_Air,0,98,0,0.070770681,0.004355004,0.005313077,-0.002677437,-0.010034708,-0.01228687,-0.020413978,-0.026414817
2026-07-30T00:12:08.318Z,1001,inference,Clean_Air,0,98,0,0.070836358,0.004378504,0.005293401,-0.002662694,-0.010032848,-0.012355161,-0.020419737,-0.026373941
2026-07-30T00:12:08.876Z,1001,inference,Clean_Air,0,98,0,0.07149522,0.004371698,0.005265503,-0.002669235,-0.010011358,-0.012320763,-0.020402577,-0.026360676
2026-07-30T00:12:09.177Z,1001,inference,Clean_Air,0,98,0,0.07149522,0.004371698,0.005265503,-0.002669235,-0.010011358,-0.012320763,-0.020402577,-0.026360676
2026-07-30T00:12:09.695Z,1001,inference,Clean_Air,0,98,0,0.07149522,0.004371698,0.005265503,-0.002669235,-0.010011358,-0.012320763,-0.020402577,-0.026360676
2026-07-30T00:12:10.143Z,1001,inference,Clean_Air,0,98,0,0.07149522,0.004371698,0.005265503,-0.002669235,-0.010011358,-0.012320763,-0.020402577,-0.026360676
2026-07-30T00:12:10.644Z,1001,inference,Clean_Air,0,98,0,0.07149522,0.004371698,0.005265503,-0.002669235,-0.010011358,-0.012320763,-0.020402577,-0.026360676
2026-07-30T00:12:11.266Z,1001,inference,Clean_Air,0,98,0,0.071280472,0.004388099,0.005279464,-0.002650062,-0.009921659,-0.01231284,-0.020375688,-0.026370088
2026-07-30T00:12:11.817Z,1001,inference,Clean_Air,0,98,0,0.071635492,0.004327999,0.005280678,-0.002657889,-0.009921119,-0.012326543,-0.020391416,-0.026286528
2026-07-30T00:12:12.224Z,1001,inference,Clean_Air,0,98,0,0.070970111,0.004304641,0.00530256,-0.002696053,-0.009906354,-0.012288186,-0.020395983,-0.026211556
2026-07-30T00:12:12.702Z,1001,inference,Clean_Air,0,98,0,0.070970111,0.004304641,0.00530256,-0.002696053,-0.009906354,-0.012288186,-0.020395983,-0.026211556
2026-07-30T00:12:13.246Z,1001,inference,Clean_Air,0,98,0,0.070721529,0.004292176,0.005283381,-0.002646983,-0.009877816,-0.01229328,-0.020382117,-0.026239242
2026-07-30T00:12:13.830Z,1001,inference,Clean_Air,0,98,0,0.071346126,0.004325062,0.005289256,-0.0026473,-0.009919381,-0.01229698,-0.020385975,-0.026239565
2026-07-30T00:12:14.205Z,1001,inference,Clean_Air,0,98,0,0.071452662,0.004302273,0.005267118,-0.002661748,-0.009946144,-0.012298378,-0.020384137,-0.026236791
2026-07-30T00:12:14.687Z,1001,inference,Clean_Air,0,98,0,0.071452662,0.004302273,0.005267118,-0.002661748,-0.009946144,-0.012298378,-0.020384137,-0.026236791
2026-07-30T00:12:15.254Z,1001,inference,Clean_Air,0,98,0,0.071346581,0.004304426,0.005265783,-0.002673498,-0.009979179,-0.012337242,-0.02038813,-0.026273537
2026-07-30T00:12:15.799Z,1001,inference,Clean_Air,0,97,0,0.071241178,0.00433435,0.005177684,-0.002682921,-0.009974243,-0.012279394,-0.020384038,-0.026285779
2026-07-30T00:12:16.208Z,1001,inference,Clean_Air,0,97,0,0.071174614,0.004314441,0.005200841,-0.00269327,-0.009999264,-0.012210951,-0.020380268,-0.026314562
2026-07-30T00:12:16.688Z,1001,inference,Clean_Air,0,97,0,0.071174614,0.004314441,0.005200841,-0.00269327,-0.009999264,-0.012210951,-0.020380268,-0.026314562
2026-07-30T00:12:17.237Z,1001,inference,Clean_Air,0,98,0,0.070813768,0.00421415,0.005212045,-0.002672248,-0.010008866,-0.012126202,-0.02039283,-0.026333202
2026-07-30T00:12:17.814Z,1001,inference,Clean_Air,0,97,0,0.070759654,0.004198241,0.005189282,-0.002692621,-0.010090563,-0.012140495,-0.020410676,-0.02632615
2026-07-30T00:12:18.190Z,1001,inference,Clean_Air,0,97,0,0.070267044,0.004199663,0.005210957,-0.002695339,-0.010103753,-0.012142783,-0.020415556,-0.026389033
2026-07-30T00:12:18.675Z,1001,inference,Clean_Air,0,97,0,0.070267044,0.004199663,0.005210957,-0.002695339,-0.010103753,-0.012142783,-0.020415556,-0.026389033
2026-07-30T00:12:19.233Z,1001,inference,Clean_Air,0,97,0,0.070558675,0.004215302,0.005195249,-0.002654105,-0.010121085,-0.012144553,-0.020396765,-0.026470784
2026-07-30T00:12:19.671Z,1001,inference,Clean_Air,0,97,0,0.070558675,0.004215302,0.005195249,-0.002654105,-0.010121085,-0.012144553,-0.020396765,-0.026470784
2026-07-30T00:12:20.142Z,1001,inference,Clean_Air,0,97,0,0.070558675,0.004215302,0.005195249,-0.002654105,-0.010121085,-0.012144553,-0.020396765,-0.026470784
2026-07-30T00:12:20.644Z,1001,inference,Clean_Air,0,97,0,0.070558675,0.004215302,0.005195249,-0.002654105,-0.010121085,-0.012144553,-0.020396765,-0.026470784
2026-07-30T00:12:21.140Z,1001,inference,Clean_Air,0,97,0,0.070558675,0.004215302,0.005195249,-0.002654105,-0.010121085,-0.012144553,-0.020396765,-0.026470784
2026-07-30T00:12:21.720Z,1001,inference,Clean_Air,0,98,0,0.070426948,0.004282635,0.005217084,-0.002671313,-0.010131885,-0.012152448,-0.020380374,-0.026447436
2026-07-30T00:12:22.268Z,1001,inference,Clean_Air,0,97,0,0.070006907,0.004295837,0.005197217,-0.002656664,-0.010137927,-0.012160882,-0.020360118,-0.0264815
2026-07-30T00:12:22.667Z,1001,inference,Clean_Air,0,97,0,0.070249781,0.004319373,0.005187165,-0.002649431,-0.01010531,-0.012141783,-0.020366495,-0.026481533
2026-07-30T00:12:23.220Z,1001,inference,Clean_Air,0,97,0,0.070249781,0.004319373,0.005187165,-0.002649431,-0.01010531,-0.012141783,-0.020366495,-0.026481533
2026-07-30T00:12:23.704Z,1001,inference,Clean_Air,0,97,0,0.070327468,0.004314823,0.005204282,-0.002662815,-0.010070315,-0.012133546,-0.020364629,-0.026488205
2026-07-30T00:12:24.269Z,1001,inference,Clean_Air,0,98,0,0.070155658,0.004280773,0.005212541,-0.00267949,-0.010103742,-0.012152135,-0.020356324,-0.026381787
2026-07-30T00:12:24.815Z,1001,inference,Clean_Air,0,97,0,0.07048808,0.004307333,0.005193389,-0.002698167,-0.01009063,-0.012233525,-0.020348575,-0.026394296
2026-07-30T00:12:25.217Z,1001,inference,Clean_Air,0,97,0,0.070115581,0.004377082,0.005209264,-0.002719287,-0.010087832,-0.012353901,-0.020362809,-0.02633814
2026-07-30T00:12:25.707Z,1001,inference,Clean_Air,0,97,0,0.070115581,0.004377082,0.005209264,-0.002719287,-0.010087832,-0.012353901,-0.020362809,-0.02633814
2026-07-30T00:12:26.255Z,1001,inference,Clean_Air,0,97,0,0.07090009,0.00439134,0.005196762,-0.002715492,-0.010072517,-0.012373567,-0.020339346,-0.026314814
2026-07-30T00:12:26.818Z,1001,inference,Clean_Air,0,97,0,0.071053758,0.00446725,0.005199318,-0.002739038,-0.010055905,-0.012370864,-0.02033308,-0.026322555
2026-07-30T00:12:27.184Z,1001,inference,Clean_Air,0,97,0,0.07138665,0.004450555,0.005195777,-0.0027277,-0.010077091,-0.012422021,-0.020333329,-0.026319167
2026-07-30T00:12:27.661Z,1001,inference,Clean_Air,0,97,0,0.07138665,0.004450555,0.005195777,-0.0027277,-0.010077091,-0.012422021,-0.020333329,-0.026319167
2026-07-30T00:12:28.228Z,1001,inference,Clean_Air,0,98,0,0.071531951,0.004421785,0.005217838,-0.002729526,-0.010060764,-0.012457831,-0.02034419,-0.026228398
2026-07-30T00:12:28.754Z,1001,inference,Clean_Air,0,98,0,0.07085029,0.004409416,0.00525187,-0.002751089,-0.0100165,-0.012455405,-0.02037723,-0.026190665
2026-07-30T00:12:29.308Z,1001,inference,Clean_Air,0,98,0,0.070521399,0.004400881,0.005297338,-0.002744831,-0.010027355,-0.012440927,-0.02035718,-0.026187068
2026-07-30T00:12:29.671Z,1001,inference,Clean_Air,0,98,0,0.070521399,0.004400881,0.005297338,-0.002744831,-0.010027355,-0.012440927,-0.02035718,-0.026187068
2026-07-30T00:12:30.150Z,1001,inference,Clean_Air,0,98,0,0.070521399,0.004400881,0.005297338,-0.002744831,-0.010027355,-0.012440927,-0.02035718,-0.026187068
2026-07-30T00:12:30.645Z,1001,inference,Clean_Air,0,98,0,0.070521399,0.004400881,0.005297338,-0.002744831,-0.010027355,-0.012440927,-0.02035718,-0.026187068
2026-07-30T00:12:31.146Z,1001,inference,Clean_Air,0,98,0,0.070521399,0.004400881,0.005297338,-0.002744831,-0.010027355,-0.012440927,-0.02035718,-0.026187068
2026-07-30T00:12:31.711Z,1001,inference,Clean_Air,0,98,0,0.069921277,0.004417906,0.005271491,-0.002710659,-0.01001488,-0.012518329,-0.020354211,-0.026106531
2026-07-30T00:12:32.260Z,1001,inference,Clean_Air,0,98,0,0.070162788,0.0044207,0.005272127,-0.002733147,-0.010021989,-0.012529087,-0.02035607,-0.02616604
2026-07-30T00:12:32.821Z,1001,inference,Clean_Air,0,98,0,0.070126936,0.004380248,0.005285337,-0.002737795,-0.010007851,-0.012520176,-0.020348076,-0.026170019
2026-07-30T00:12:33.204Z,1001,inference,Clean_Air,0,98,0,0.070359416,0.004369105,0.005269055,-0.002743783,-0.010002792,-0.012518209,-0.020352319,-0.026152208
2026-07-30T00:12:33.684Z,1001,inference,Clean_Air,0,98,0,0.070359416,0.004369105,0.005269055,-0.002743783,-0.010002792,-0.012518209,-0.020352319,-0.026152208
2026-07-30T00:12:34.268Z,1001,inference,Clean_Air,0,98,0,0.070184685,0.004360882,0.005241457,-0.002744642,-0.010023502,-0.012479586,-0.02036285,-0.026176572
2026-07-30T00:12:34.807Z,1001,inference,Clean_Air,0,98,0,0.070809968,0.004343192,0.005232772,-0.002719468,-0.01002938,-0.012476294,-0.020380121,-0.026175324
2026-07-30T00:12:35.202Z,1001,inference,Clean_Air,0,98,0,0.070485048,0.004365801,0.005275273,-0.00274007,-0.010012152,-0.012424312,-0.020399848,-0.026180133
2026-07-30T00:12:35.682Z,1001,inference,Clean_Air,0,98,0,0.070485048,0.004365801,0.005275273,-0.00274007,-0.010012152,-0.012424312,-0.020399848,-0.026180133
2026-07-30T00:12:36.228Z,1001,inference,Clean_Air,0,98,0,0.070143424,0.004334859,0.005249653,-0.002732087,-0.010011548,-0.012364959,-0.020376215,-0.026238248
2026-07-30T00:12:36.805Z,1001,inference,Clean_Air,0,98,0,0.071183182,0.004343012,0.005224717,-0.002723232,-0.010027277,-0.012359893,-0.020363655,-0.026261682
2026-07-30T00:12:37.188Z,1001,inference,Clean_Air,0,98,0,0.07155405,0.004384304,0.005221668,-0.002736734,-0.010051047,-0.012389828,-0.020400882,-0.026260689
2026-07-30T00:12:37.680Z,1001,inference,Clean_Air,0,98,0,0.07155405,0.004384304,0.005221668,-0.002736734,-0.010051047,-0.012389828,-0.020400882,-0.026260689
2026-07-30T00:12:38.252Z,1001,inference,Clean_Air,0,98,0,0.071343914,0.004415369,0.005214174,-0.00276409,-0.010068562,-0.012367024,-0.020419758,-0.026342243
2026-07-30T00:12:38.786Z,1001,inference,Clean_Air,0,97,0,0.071616538,0.004402565,0.005185264,-0.002720071,-0.010057634,-0.012351869,-0.020446355,-0.026366958
2026-07-30T00:12:39.342Z,1001,inference,Clean_Air,0,97,0,0.070936903,0.004448561,0.005169007,-0.002713423,-0.010071089,-0.012349072,-0.020478744,-0.026357051
2026-07-30T00:12:39.669Z,1001,inference,Clean_Air,0,97,0,0.070936903,0.004448561,0.005169007,-0.002713423,-0.010071089,-0.012349072,-0.020478744,-0.026357051
2026-07-30T00:12:40.147Z,1001,inference,Clean_Air,0,97,0,0.070936903,0.004448561,0.005169007,-0.002713423,-0.010071089,-0.012349072,-0.020478744,-0.026357051
2026-07-30T00:12:40.645Z,1001,inference,Clean_Air,0,97,0,0.070936903,0.004448561,0.005169007,-0.002713423,-0.010071089,-0.012349072,-0.020478744,-0.026357051
2026-07-30T00:12:41.146Z,1001,inference,Clean_Air,0,97,0,0.070936903,0.004448561,0.005169007,-0.002713423,-0.010071089,-0.012349072,-0.020478744,-0.026357051
2026-07-30T00:12:41.735Z,1001,inference,Clean_Air,0,97,0,0.0712758,0.004451936,0.005207915,-0.002681278,-0.010051404,-0.01229369,-0.020464245,-0.026383316
2026-07-30T00:12:42.269Z,1001,inference,Clean_Air,0,98,0,0.07027258,0.004475503,0.005252414,-0.002673497,-0.010019855,-0.012308488,-0.020478647,-0.026367713
2026-07-30T00:12:42.669Z,1001,inference,Clean_Air,0,98,0,0.07005626,0.004524828,0.00521466,-0.002682945,-0.010027635,-0.012302163,-0.020463521,-0.026381413
2026-07-30T00:12:43.213Z,1001,inference,Clean_Air,0,98,0,0.07005626,0.004524828,0.00521466,-0.002682945,-0.010027635,-0.012302163,-0.020463521,-0.026381413
2026-07-30T00:12:43.684Z,1001,inference,Clean_Air,0,97,0,0.069837913,0.00456516,0.005172213,-0.002686089,-0.010046483,-0.012299696,-0.02046435,-0.026380833
2026-07-30T00:12:44.249Z,1001,inference,Clean_Air,0,97,0,0.069968753,0.004571819,0.005171061,-0.002677259,-0.010064108,-0.012287172,-0.020503432,-0.026393568
2026-07-30T00:12:44.798Z,1001,inference,Clean_Air,0,97,0,0.069088817,0.004583403,0.005184348,-0.002679296,-0.010058567,-0.012303251,-0.020518992,-0.02635924
2026-07-30T00:12:45.201Z,1001,inference,Clean_Air,0,97,0,0.068822041,0.004533421,0.005161232,-0.002685392,-0.010071354,-0.012312961,-0.020484544,-0.026374999
2026-07-30T00:12:45.689Z,1001,inference,Clean_Air,0,97,0,0.068822041,0.004533421,0.005161232,-0.002685392,-0.010071354,-0.012312961,-0.020484544,-0.026374999
2026-07-30T00:12:46.235Z,1001,inference,Clean_Air,0,97,0,0.068600111,0.004521689,0.0051847,-0.002670261,-0.010101712,-0.012303011,-0.020468891,-0.026387712
2026-07-30T00:12:46.797Z,1001,inference,Clean_Air,0,97,0,0.068517163,0.00449684,0.005213808,-0.002682172,-0.010090324,-0.012296509,-0.020477327,-0.026365971
2026-07-30T00:12:47.180Z,1001,inference,Clean_Air,0,97,0,0.069033325,0.004474367,0.005211647,-0.002692188,-0.010079571,-0.012282362,-0.020461455,-0.026368761
2026-07-30T00:12:47.656Z,1001,inference,Clean_Air,0,97,0,0.069033325,0.004474367,0.005211647,-0.002692188,-0.010079571,-0.012282362,-0.020461455,-0.026368761
2026-07-30T00:12:48.234Z,1001,inference,Clean_Air,0,97,0,0.068475813,0.004457719,0.00518089,-0.002712946,-0.010103924,-0.012290361,-0.020450929,-0.026404867
2026-07-30T00:12:48.767Z,1001,inference,Clean_Air,0,97,0,0.069329008,0.004461222,0.005170739,-0.002695164,-0.010123643,-0.012305047,-0.020445788,-0.026400257
2026-07-30T00:12:49.187Z,1001,inference,Clean_Air,0,97,0,0.069069982,0.004408982,0.005208945,-0.002669146,-0.010098529,-0.012351008,-0.020437254,-0.026331771
2026-07-30T00:12:49.676Z,1001,inference,Clean_Air,0,97,0,0.069069982,0.004408982,0.005208945,-0.002669146,-0.010098529,-0.012351008,-0.020437254,-0.026331771
2026-07-30T00:12:50.202Z,1001,inference,Clean_Air,0,97,0,0.068514884,0.004374261,0.005226475,-0.002690807,-0.010078952,-0.012334028,-0.020414941,-0.026251813
2026-07-30T00:12:50.670Z,1001,inference,Clean_Air,0,97,0,0.068514884,0.004374261,0.005226475,-0.002690807,-0.010078952,-0.012334028,-0.020414941,-0.026251813
2026-07-30T00:12:51.140Z,1001,inference,Clean_Air,0,97,0,0.068514884,0.004374261,0.005226475,-0.002690807,-0.010078952,-0.012334028,-0.020414941,-0.026251813
2026-07-30T00:12:51.677Z,1001,inference,Clean_Air,0,97,0,0.068514884,0.004374261,0.005226475,-0.002690807,-0.010078952,-0.012334028,-0.020414941,-0.026251813
2026-07-30T00:12:52.140Z,1001,inference,Clean_Air,0,97,0,0.068514884,0.004374261,0.005226475,-0.002690807,-0.010078952,-0.012334028,-0.020414941,-0.026251813
2026-07-30T00:12:52.719Z,1001,inference,Clean_Air,0,97,0,0.068233475,0.004397857,0.005220955,-0.002721304,-0.010082055,-0.012373621,-0.02039752,-0.026242707
2026-07-30T00:12:53.263Z,1001,inference,Clean_Air,0,97,0,0.068749085,0.0043986,0.005214075,-0.002715284,-0.010105627,-0.012379145,-0.020403549,-0.026306624
2026-07-30T00:12:53.666Z,1001,inference,Clean_Air,0,97,0,0.068669364,0.004396057,0.005232726,-0.002708614,-0.010068669,-0.01241391,-0.020442028,-0.026309896
2026-07-30T00:12:54.219Z,1001,inference,Clean_Air,0,97,0,0.068669364,0.004396057,0.005232726,-0.002708614,-0.010068669,-0.01241391,-0.020442028,-0.026309896
2026-07-30T00:12:54.689Z,1001,inference,Clean_Air,0,97,0,0.068671845,0.004329579,0.005231628,-0.002718529,-0.010033975,-0.012375061,-0.020422168,-0.026297042
2026-07-30T00:12:55.265Z,1001,inference,Clean_Air,0,97,0,0.068310156,0.004403682,0.00525033,-0.002692391,-0.010054075,-0.012385355,-0.020363361,-0.026313066
2026-07-30T00:12:55.812Z,1001,inference,Clean_Air,0,98,0,0.068535432,0.004445518,0.005277206,-0.002703314,-0.010041924,-0.012381978,-0.0203663,-0.02630274
2026-07-30T00:12:56.217Z,1001,inference,Clean_Air,0,98,0,0.069172852,0.004502949,0.005277483,-0.002739137,-0.010035103,-0.012417858,-0.020390015,-0.026291907
2026-07-30T00:12:56.697Z,1001,inference,Clean_Air,0,98,0,0.069172852,0.004502949,0.005277483,-0.002739137,-0.010035103,-0.012417858,-0.020390015,-0.026291907
2026-07-30T00:12:57.248Z,1001,inference,Clean_Air,0,98,0,0.068845287,0.004429026,0.005295553,-0.002738271,-0.010044197,-0.012404367,-0.02039675,-0.026330778
2026-07-30T00:12:57.661Z,1001,inference,Clean_Air,0,98,0,0.068703733,0.004426886,0.005283637,-0.002771384,-0.010058415,-0.01236368,-0.020400921,-0.026334759
2026-07-30T00:12:58.214Z,1001,inference,Clean_Air,0,98,0,0.068703733,0.004426886,0.005283637,-0.002771384,-0.010058415,-0.01236368,-0.020400921,-0.026334759
2026-07-30T00:12:58.685Z,1001,inference,Clean_Air,0,98,0,0.068739317,0.004429654,0.00527775,-0.002750391,-0.010053975,-0.012397083,-0.020417528,-0.026444156
2026-07-30T00:12:59.264Z,1001,inference,Clean_Air,0,98,0,0.068710007,0.004466632,0.005302759,-0.002738629,-0.010042449,-0.012406327,-0.020409938,-0.026453888
2026-07-30T00:12:59.809Z,1001,inference,Clean_Air,0,98,0,0.068485215,0.004462305,0.005312522,-0.002732842,-0.010022657,-0.012318167,-0.020364976,-0.026399463
2026-07-30T00:13:00.362Z,1001,inference,Clean_Air,0,98,0,0.06839259,0.004470874,0.005298597,-0.002725198,-0.010039065,-0.012200501,-0.020326281,-0.02641066
2026-07-30T00:13:00.668Z,1001,inference,Clean_Air,0,98,0,0.06839259,0.004470874,0.005298597,-0.002725198,-0.010039065,-0.012200501,-0.020326281,-0.02641066
2026-07-30T00:13:01.146Z,1001,inference,Clean_Air,0,98,0,0.06839259,0.004470874,0.005298597,-0.002725198,-0.010039065,-0.012200501,-0.020326281,-0.02641066
2026-07-30T00:13:01.643Z,1001,inference,Clean_Air,0,98,0,0.06839259,0.004470874,0.005298597,-0.002725198,-0.010039065,-0.012200501,-0.020326281,-0.02641066
2026-07-30T00:13:02.152Z,1001,inference,Clean_Air,0,98,0,0.06839259,0.004470874,0.005298597,-0.002725198,-0.010039065,-0.012200501,-0.020326281,-0.02641066
2026-07-30T00:13:02.766Z,1001,inference,Clean_Air,0,98,0,0.068547212,0.004545017,0.005289583,-0.002720655,-0.010064003,-0.012222001,-0.020335423,-0.026399169
2026-07-30T00:13:03.314Z,1001,inference,Clean_Air,0,98,0,0.068744853,0.004513547,0.00525869,-0.002760867,-0.010083601,-0.012271087,-0.020365039,-0.026399111
2026-07-30T00:13:03.720Z,1001,inference,Clean_Air,0,98,0,0.068015344,0.004478561,0.005267181,-0.002737406,-0.010093428,-0.012282501,-0.020353258,-0.026427492
2026-07-30T00:13:04.203Z,1001,inference,Clean_Air,0,98,0,0.068015344,0.004478561,0.005267181,-0.002737406,-0.010093428,-0.012282501,-0.020353258,-0.026427492
2026-07-30T00:13:04.745Z,1001,inference,Clean_Air,0,98,0,0.067417406,0.004364025,0.005286588,-0.002690123,-0.010097423,-0.012261902,-0.020335548,-0.026438463
2026-07-30T00:13:05.162Z,1001,inference,Clean_Air,0,98,0,0.067047521,0.004392138,0.005272969,-0.002691469,-0.010091583,-0.012269931,-0.020321911,-0.02643392
2026-07-30T00:13:05.645Z,1001,inference,Clean_Air,0,98,0,0.067047521,0.004392138,0.005272969,-0.002691469,-0.010091583,-0.012269931,-0.020321911,-0.02643392
2026-07-30T00:13:06.191Z,1001,inference,Clean_Air,0,98,0,0.066916734,0.004422006,0.00528689,-0.002665341,-0.010076226,-0.012285559,-0.020315129,-0.026415184
2026-07-30T00:13:06.782Z,1001,inference,Clean_Air,0,98,0,0.067823462,0.004408178,0.005282601,-0.002667882,-0.010077273,-0.012297649,-0.020331118,-0.026362937
2026-07-30T00:13:07.318Z,1001,inference,Clean_Air,0,98,0,0.06836953,0.004381719,0.005276896,-0.002654488,-0.010085031,-0.012286843,-0.020329708,-0.026363721
2026-07-30T00:13:07.731Z,1001,inference,Clean_Air,0,98,0,0.068680435,0.004383859,0.00529457,-0.002662471,-0.010076707,-0.012343213,-0.020357694,-0.026359495
2026-07-30T00:13:08.284Z,1001,inference,Clean_Air,0,98,0,0.068680435,0.004383859,0.00529457,-0.002662471,-0.010076707,-0.012343213,-0.020357694,-0.026359495
2026-07-30T00:13:08.765Z,1001,inference,Clean_Air,0,98,0,0.068493105,0.004327565,0.005291555,-0.00267413,-0.010084683,-0.012403427,-0.020372573,-0.026325937
2026-07-30T00:13:09.172Z,1001,inference,Clean_Air,0,98,0,0.068680212,0.004277661,0.005312017,-0.002697437,-0.010078184,-0.012416074,-0.020345824,-0.026324619
2026-07-30T00:13:09.725Z,1001,inference,Clean_Air,0,98,0,0.068680212,0.004277661,0.005312017,-0.002697437,-0.010078184,-0.012416074,-0.020345824,-0.026324619
2026-07-30T00:13:10.209Z,1001,inference,Clean_Air,0,98,0,0.068544522,0.0042815,0.0053019,-0.002610643,-0.010036063,-0.01238662,-0.020379361,-0.026326161
2026-07-30T00:13:10.749Z,1001,inference,Clean_Air,0,98,0,0.069217645,0.004278238,0.005296108,-0.002615977,-0.010026802,-0.012366517,-0.020383043,-0.026321452
2026-07-30T00:13:11.172Z,1001,inference,Clean_Air,0,98,0,0.069217645,0.004278238,0.005296108,-0.002615977,-0.010026802,-0.012366517,-0.020383043,-0.026321452
2026-07-30T00:13:11.646Z,1001,inference,Clean_Air,0,98,0,0.069217645,0.004278238,0.005296108,-0.002615977,-0.010026802,-0.012366517,-0.020383043,-0.026321452
2026-07-30T00:13:12.143Z,1001,inference,Clean_Air,0,98,0,0.069217645,0.004278238,0.005296108,-0.002615977,-0.010026802,-0.012366517,-0.020383043,-0.026321452
2026-07-30T00:13:12.642Z,1001,inference,Clean_Air,0,98,0,0.069217645,0.004278238,0.005296108,-0.002615977,-0.010026802,-0.012366517,-0.020383043,-0.026321452
2026-07-30T00:13:13.218Z,1001,inference,Clean_Air,0,98,0,0.068869144,0.004360029,0.005279281,-0.002631649,-0.010000315,-0.012362504,-0.020370755,-0.026312757
2026-07-30T00:13:13.762Z,1001,inference,Clean_Air,0,98,0,0.069599219,0.004320769,0.005276971,-0.002645607,-0.010004254,-0.012378866,-0.020366317,-0.026280781
2026-07-30T00:13:14.179Z,1001,inference,Clean_Air,0,98,0,0.069740288,0.004310736,0.005272322,-0.00264047,-0.010034585,-0.012351709,-0.020379817,-0.026347065
2026-07-30T00:13:14.731Z,1001,inference,Clean_Air,0,98,0,0.069740288,0.004310736,0.005272322,-0.00264047,-0.010034585,-0.012351709,-0.020379817,-0.026347065
2026-07-30T00:13:15.213Z,1001,inference,Clean_Air,0,98,0,0.069162063,0.004316875,0.005270622,-0.002623442,-0.010023011,-0.012345055,-0.020359427,-0.026348645
2026-07-30T00:13:15.799Z,1001,inference,Clean_Air,0,98,0,0.068615712,0.004264691,0.005270557,-0.002626815,-0.010043936,-0.012342305,-0.02036141,-0.026358778
2026-07-30T00:13:16.175Z,1001,inference,Clean_Air,0,98,0,0.068478167,0.004271018,0.005262143,-0.002610137,-0.010054459,-0.012328776,-0.020290986,-0.026372671
2026-07-30T00:13:16.646Z,1001,inference,Clean_Air,0,98,0,0.068478167,0.004271018,0.005262143,-0.002610137,-0.010054459,-0.012328776,-0.020290986,-0.026372671
2026-07-30T00:13:17.230Z,1001,inference,Clean_Air,0,98,0,0.068415746,0.004255941,0.005276812,-0.00258724,-0.010029344,-0.012345007,-0.020289779,-0.026342994
2026-07-30T00:13:17.761Z,1001,inference,Clean_Air,0,97,0,0.068541557,0.004258279,0.005238738,-0.00256939,-0.010046943,-0.012345778,-0.020310765,-0.026274607
2026-07-30T00:13:18.180Z,1001,inference,Clean_Air,0,98,0,0.068039857,0.004238696,0.005263274,-0.002645063,-0.010052624,-0.012316543,-0.020293493,-0.026284184
2026-07-30T00:13:18.667Z,1001,inference,Clean_Air,0,98,0,0.068039857,0.004238696,0.005263274,-0.002645063,-0.010052624,-0.012316543,-0.020293493,-0.026284184
2026-07-30T00:13:19.210Z,1001,inference,Clean_Air,0,98,0,0.06759917,0.004250528,0.005262168,-0.002650079,-0.010070274,-0.012341901,-0.020288181,-0.026278496
2026-07-30T00:13:19.771Z,1001,inference,Clean_Air,0,98,0,0.068426795,0.004253262,0.005274325,-0.002640077,-0.010122305,-0.012259662,-0.020291014,-0.026285287
2026-07-30T00:13:20.317Z,1001,inference,Clean_Air,0,98,0,0.067636423,0.004270867,0.005290784,-0.002649959,-0.010106703,-0.012239712,-0.020307859,-0.026294315
2026-07-30T00:13:20.874Z,1001,inference,Clean_Air,0,98,0,0.067026198,0.004307168,0.005284186,-0.002641104,-0.010086373,-0.012234873,-0.020279337,-0.026342582
2026-07-30T00:13:21.176Z,1001,inference,Clean_Air,0,98,0,0.067026198,0.004307168,0.005284186,-0.002641104,-0.010086373,-0.012234873,-0.020279337,-0.026342582
2026-07-30T00:13:21.698Z,1001,inference,Clean_Air,0,98,0,0.067026198,0.004307168,0.005284186,-0.002641104,-0.010086373,-0.012234873,-0.020279337,-0.026342582
2026-07-30T00:13:22.175Z,1001,inference,Clean_Air,0,98,0,0.067026198,0.004307168,0.005284186,-0.002641104,-0.010086373,-0.012234873,-0.020279337,-0.026342582
2026-07-30T00:13:22.641Z,1001,inference,Clean_Air,0,98,0,0.067026198,0.004307168,0.005284186,-0.002641104,-0.010086373,-0.012234873,-0.020279337,-0.026342582
2026-07-30T00:13:23.266Z,1001,inference,Clean_Air,0,98,0,0.066893175,0.004297297,0.005299321,-0.002671603,-0.010125271,-0.012216637,-0.020288814,-0.026346663
2026-07-30T00:13:23.812Z,1001,inference,Clean_Air,0,98,0,0.066679269,0.004342699,0.005300599,-0.002691477,-0.010115741,-0.012256147,-0.020307368,-0.026310746
2026-07-30T00:13:24.223Z,1001,inference,Clean_Air,0,98,0,0.066614851,0.004336621,0.005282923,-0.002690361,-0.010109942,-0.012209677,-0.020396324,-0.026293704
2026-07-30T00:13:24.775Z,1001,inference,Clean_Air,0,98,0,0.066614851,0.004336621,0.005282923,-0.002690361,-0.010109942,-0.012209677,-0.020396324,-0.026293704
2026-07-30T00:13:25.245Z,1001,inference,Clean_Air,0,98,0,0.066532031,0.004437352,0.005271896,-0.002697829,-0.010126871,-0.012229836,-0.020405252,-0.026315609
2026-07-30T00:13:25.664Z,1001,inference,Clean_Air,0,98,0,0.066013902,0.004484883,0.005372856,-0.002682961,-0.010103415,-0.012215472,-0.020396981,-0.026422238
2026-07-30T00:13:26.147Z,1001,inference,Clean_Air,0,98,0,0.066013902,0.004484883,0.005372856,-0.002682961,-0.010103415,-0.012215472,-0.020396981,-0.026422238
2026-07-30T00:13:26.690Z,1001,inference,Clean_Air,0,98,0,0.066246346,0.004513838,0.005356593,-0.002667855,-0.010107236,-0.012220304,-0.020385902,-0.026444068
2026-07-30T00:13:27.270Z,1001,inference,Clean_Air,0,98,0,0.06594573,0.00451115,0.005348729,-0.002636253,-0.010106822,-0.012226223,-0.020380365,-0.026429307
2026-07-30T00:13:27.799Z,1001,inference,Clean_Air,0,98,0,0.064804874,0.004511942,0.005369902,-0.002643223,-0.010073188,-0.012227831,-0.020368276,-0.026429307
2026-07-30T00:13:28.219Z,1001,inference,Clean_Air,0,98,0,0.065629371,0.004547504,0.005366416,-0.002634041,-0.010087557,-0.012244198,-0.020361584,-0.026436865
2026-07-30T00:13:28.705Z,1001,inference,Clean_Air,0,98,0,0.065629371,0.004547504,0.005366416,-0.002634041,-0.010087557,-0.012244198,-0.020361584,-0.026436865
2026-07-30T00:13:29.250Z,1001,inference,Clean_Air,0,98,0,0.06569244,0.004502216,0.005355424,-0.002667777,-0.010098759,-0.012266315,-0.020390643,-0.026407486
2026-07-30T00:13:29.815Z,1001,inference,Clean_Air,0,98,0,0.065629445,0.004449737,0.005325092,-0.002655265,-0.010060475,-0.012268146,-0.020357402,-0.026453916
2026-07-30T00:13:30.197Z,1001,inference,Clean_Air,0,98,0,0.065895572,0.004423838,0.005325961,-0.00265919,-0.010059571,-0.012224121,-0.020345535,-0.026413422
2026-07-30T00:13:30.682Z,1001,inference,Clean_Air,0,98,0,0.065895572,0.004423838,0.005325961,-0.00265919,-0.010059571,-0.012224121,-0.020345535,-0.026413422
2026-07-30T00:13:31.230Z,1001,inference,Clean_Air,0,98,0,0.065737858,0.00441724,0.005327879,-0.00265482,-0.010061877,-0.012292652,-0.020309528,-0.026466846
2026-07-30T00:13:31.673Z,1001,inference,Clean_Air,0,98,0,0.065737858,0.00441724,0.005327879,-0.00265482,-0.010061877,-0.012292652,-0.020309528,-0.026466846
2026-07-30T00:13:32.142Z,1001,inference,Clean_Air,0,98,0,0.065737858,0.00441724,0.005327879,-0.00265482,-0.010061877,-0.012292652,-0.020309528,-0.026466846
2026-07-30T00:13:32.641Z,1001,inference,Clean_Air,0,98,0,0.065737858,0.00441724,0.005327879,-0.00265482,-0.010061877,-0.012292652,-0.020309528,-0.026466846
2026-07-30T00:13:33.143Z,1001,inference,Clean_Air,0,98,0,0.065737858,0.00441724,0.005327879,-0.00265482,-0.010061877,-0.012292652,-0.020309528,-0.026466846
2026-07-30T00:13:33.726Z,1001,inference,Clean_Air,0,98,0,0.065821663,0.004396449,0.005314899,-0.002658897,-0.010054136,-0.012280441,-0.020326037,-0.026474331
2026-07-30T00:13:34.258Z,1001,inference,Clean_Air,0,97,0,0.066516772,0.004359651,0.005236835,-0.002675379,-0.010072265,-0.012334181,-0.020336783,-0.026450474
2026-07-30T00:13:34.669Z,1001,inference,Clean_Air,0,97,0,0.066207089,0.004332949,0.005253886,-0.002678497,-0.010050054,-0.01235536,-0.020337822,-0.026422743
2026-07-30T00:13:35.149Z,1001,inference,Clean_Air,0,97,0,0.066207089,0.004332949,0.005253886,-0.002678497,-0.010050054,-0.01235536,-0.020337822,-0.026422743
2026-07-30T00:13:35.705Z,1001,inference,Clean_Air,0,98,0,0.066962644,0.004319385,0.005277182,-0.002686963,-0.010033647,-0.012356982,-0.020365259,-0.026438722
2026-07-30T00:13:36.276Z,1001,inference,Clean_Air,0,98,0,0.067747101,0.004329233,0.005285594,-0.002681427,-0.010035275,-0.012411455,-0.020399408,-0.026412508
2026-07-30T00:13:36.814Z,1001,inference,Clean_Air,0,98,0,0.066782117,0.004321282,0.0052626,-0.002677456,-0.010023876,-0.012385749,-0.020378975,-0.026394412
2026-07-30T00:13:37.223Z,1001,inference,Clean_Air,0,98,0,0.067330368,0.004334894,0.005271704,-0.002683652,-0.010009422,-0.01238759,-0.020367004,-0.026386585
2026-07-30T00:13:37.712Z,1001,inference,Clean_Air,0,98,0,0.067330368,0.004334894,0.005271704,-0.002683652,-0.010009422,-0.01238759,-0.020367004,-0.026386585
2026-07-30T00:13:38.244Z,1001,inference,Clean_Air,0,98,0,0.067841344,0.004405566,0.00529447,-0.002680578,-0.010033758,-0.012384149,-0.020381128,-0.026344234
2026-07-30T00:13:38.823Z,1001,inference,Clean_Air,0,98,0,0.067721233,0.004432249,0.005285412,-0.00265832,-0.010036845,-0.012400438,-0.02035078,-0.026428316
2026-07-30T00:13:39.200Z,1001,inference,Clean_Air,0,98,0,0.067667566,0.004449687,0.005302171,-0.002677718,-0.010045493,-0.012382469,-0.020374708,-0.026403779
2026-07-30T00:13:39.678Z,1001,inference,Clean_Air,0,98,0,0.067667566,0.004449687,0.005302171,-0.002677718,-0.010045493,-0.012382469,-0.020374708,-0.026403779
2026-07-30T00:13:40.254Z,1001,inference,Clean_Air,0,98,0,0.068561539,0.004437716,0.005289129,-0.002689487,-0.010053889,-0.012393003,-0.020362286,-0.02644283
2026-07-30T00:13:40.783Z,1001,inference,Clean_Air,0,97,0,0.068137258,0.004474723,0.005253769,-0.002686135,-0.010028723,-0.012281929,-0.020348383,-0.026438449
2026-07-30T00:13:41.344Z,1001,inference,Clean_Air,0,97,0,0.067960784,0.00447675,0.005232606,-0.002687912,-0.010061316,-0.012280159,-0.020339286,-0.026448321
2026-07-30T00:13:41.672Z,1001,inference,Clean_Air,0,97,0,0.067960784,0.00447675,0.005232606,-0.002687912,-0.010061316,-0.012280159,-0.020339286,-0.026448321
2026-07-30T00:13:42.141Z,1001,inference,Clean_Air,0,97,0,0.067960784,0.00447675,0.005232606,-0.002687912,-0.010061316,-0.012280159,-0.020339286,-0.026448321
2026-07-30T00:13:42.639Z,1001,inference,Clean_Air,0,97,0,0.067960784,0.00447675,0.005232606,-0.002687912,-0.010061316,-0.012280159,-0.020339286,-0.026448321
2026-07-30T00:13:43.153Z,1001,inference,Clean_Air,0,97,0,0.067960784,0.00447675,0.005232606,-0.002687912,-0.010061316,-0.012280159,-0.020339286,-0.026448321
2026-07-30T00:13:43.750Z,1001,inference,Clean_Air,0,97,0,0.066935435,0.004455839,0.005215472,-0.002685585,-0.010073353,-0.012283735,-0.020335147,-0.026468251
2026-07-30T00:13:44.276Z,1001,inference,Clean_Air,0,97,0,0.066904351,0.00444789,0.005246226,-0.002671795,-0.010080907,-0.012292621,-0.020336892,-0.026477566
2026-07-30T00:13:44.693Z,1001,inference,Clean_Air,0,98,0,0.066879682,0.004475211,0.005274922,-0.002666824,-0.010099567,-0.012279488,-0.020355022,-0.026481505
2026-07-30T00:13:45.180Z,1001,inference,Clean_Air,0,98,0,0.066879682,0.004475211,0.005274922,-0.002666824,-0.010099567,-0.012279488,-0.020355022,-0.026481505
2026-07-30T00:13:45.726Z,1001,inference,Clean_Air,0,98,0,0.066322796,0.004488545,0.005331293,-0.002647073,-0.010102691,-0.012218498,-0.020361379,-0.026474094
2026-07-30T00:13:46.302Z,1001,inference,Clean_Air,0,98,0,0.066104122,0.004460274,0.005339932,-0.002620966,-0.010092266,-0.012227736,-0.020370064,-0.026509235
2026-07-30T00:13:46.682Z,1001,inference,Clean_Air,0,98,0,0.066141203,0.004441242,0.005351829,-0.002621831,-0.010103496,-0.012252021,-0.020396134,-0.026478812
2026-07-30T00:13:47.161Z,1001,inference,Clean_Air,0,98,0,0.066141203,0.004441242,0.005351829,-0.002621831,-0.010103496,-0.012252021,-0.020396134,-0.026478812
2026-07-30T00:13:47.745Z,1001,inference,Clean_Air,0,98,0,0.065682635,0.004421448,0.00532297,-0.002612089,-0.010111105,-0.012283682,-0.020391358,-0.026476482
2026-07-30T00:13:48.269Z,1001,inference,Clean_Air,0,98,0,0.065604843,0.004430195,0.005361307,-0.002569868,-0.010117827,-0.012271838,-0.020398589,-0.026479829
2026-07-30T00:13:48.694Z,1001,inference,Clean_Air,0,98,0,0.065182723,0.00437521,0.005413833,-0.002534692,-0.010134282,-0.012340674,-0.020417932,-0.026443273
2026-07-30T00:13:49.174Z,1001,inference,Clean_Air,0,98,0,0.065182723,0.00437521,0.005413833,-0.002534692,-0.010134282,-0.012340674,-0.020417932,-0.026443273
2026-07-30T00:13:49.721Z,1001,inference,Clean_Air,0,98,0,0.065376565,0.00439294,0.005446993,-0.00251667,-0.01011692,-0.012318052,-0.020429268,-0.0264346
2026-07-30T00:13:50.285Z,1001,inference,Clean_Air,0,98,0,0.0654753,0.004415507,0.005439796,-0.002523063,-0.010130236,-0.012246073,-0.020403983,-0.026356462
2026-07-30T00:13:50.661Z,1001,inference,Clean_Air,0,98,0,0.064730503,0.004330205,0.005388151,-0.002546924,-0.010131658,-0.012261762,-0.020371441,-0.026410829
2026-07-30T00:13:51.146Z,1001,inference,Clean_Air,0,98,0,0.064730503,0.004330205,0.005388151,-0.002546924,-0.010131658,-0.012261762,-0.020371441,-0.026410829
2026-07-30T00:13:51.709Z,1001,inference,Clean_Air,0,98,0,0.065313578,0.004351624,0.005358203,-0.002560212,-0.010142947,-0.012296662,-0.020381957,-0.026455721
2026-07-30T00:13:52.171Z,1001,inference,Clean_Air,0,98,0,0.065313578,0.004351624,0.005358203,-0.002560212,-0.010142947,-0.012296662,-0.020381957,-0.026455721
2026-07-30T00:13:52.643Z,1001,inference,Clean_Air,0,98,0,0.065313578,0.004351624,0.005358203,-0.002560212,-0.010142947,-0.012296662,-0.020381957,-0.026455721
2026-07-30T00:13:53.147Z,1001,inference,Clean_Air,0,98,0,0.065313578,0.004351624,0.005358203,-0.002560212,-0.010142947,-0.012296662,-0.020381957,-0.026455721
2026-07-30T00:13:53.647Z,1001,inference,Clean_Air,0,98,0,0.065313578,0.004351624,0.005358203,-0.002560212,-0.010142947,-0.012296662,-0.020381957,-0.026455721
2026-07-30T00:13:54.234Z,1001,inference,Clean_Air,0,98,0,0.065592036,0.004317774,0.005306375,-0.002554534,-0.01014099,-0.012369238,-0.020383911,-0.026463237
2026-07-30T00:13:54.759Z,1001,inference,Clean_Air,0,98,0,0.065661415,0.004272358,0.005287145,-0.002583516,-0.010132248,-0.012381734,-0.020400759,-0.026432132
2026-07-30T00:13:55.178Z,1001,inference,Clean_Air,0,98,0,0.065894805,0.004207771,0.005292102,-0.002578833,-0.010077908,-0.012377368,-0.020377118,-0.026467737
2026-07-30T00:13:55.729Z,1001,inference,Clean_Air,0,98,0,0.065894805,0.004207771,0.005292102,-0.002578833,-0.010077908,-0.012377368,-0.020377118,-0.026467737
2026-07-30T00:13:56.199Z,1001,inference,Clean_Air,0,98,0,0.066371031,0.004234781,0.00529779,-0.002575728,-0.01004139,-0.012339017,-0.020371471,-0.026465813
2026-07-30T00:13:56.773Z,1001,inference,Clean_Air,0,98,0,0.06567014,0.00423675,0.005280682,-0.002570639,-0.010040734,-0.012334338,-0.020353485,-0.026415994
2026-07-30T00:13:57.310Z,1001,inference,Clean_Air,0,98,0,0.065995887,0.004251911,0.005272389,-0.002632382,-0.010012521,-0.012336999,-0.020359421,-0.026448596
2026-07-30T00:13:57.717Z,1001,inference,Clean_Air,0,97,0,0.066467538,0.004230906,0.005254856,-0.002646072,-0.010023581,-0.012391981,-0.020384844,-0.026448864
2026-07-30T00:13:58.200Z,1001,inference,Clean_Air,0,97,0,0.066467538,0.004230906,0.005254856,-0.002646072,-0.010023581,-0.012391981,-0.020384844,-0.026448864
2026-07-30T00:13:58.745Z,1001,inference,Clean_Air,0,97,0,0.066608451,0.004236387,0.005251809,-0.002677218,-0.010008419,-0.012465196,-0.020424735,-0.026444718
2026-07-30T00:13:59.162Z,1001,inference,Clean_Air,0,98,0,0.06660223,0.004281303,0.005257527,-0.002661823,-0.010004776,-0.012454763,-0.020445723,-0.026429564
2026-07-30T00:13:59.715Z,1001,inference,Clean_Air,0,98,0,0.06660223,0.004281303,0.005257527,-0.002661823,-0.010004776,-0.012454763,-0.020445723,-0.026429564
2026-07-30T00:14:00.195Z,1001,inference,Clean_Air,0,98,0,0.066726133,0.004264004,0.005260921,-0.002649126,-0.009962331,-0.012443608,-0.020448023,-0.026390737
2026-07-30T00:14:00.760Z,1001,inference,Clean_Air,0,98,0,0.066860467,0.004267991,0.005280501,-0.002665018,-0.00996849,-0.012433052,-0.020442387,-0.026408926
2026-07-30T00:14:01.318Z,1001,inference,Clean_Air,0,98,0,0.066881828,0.004301182,0.005289014,-0.002631122,-0.009987885,-0.012449597,-0.020435084,-0.026407901
2026-07-30T00:14:01.872Z,1001,inference,Clean_Air,0,98,0,0.066757545,0.004367127,0.005279608,-0.002628798,-0.010039026,-0.01241811,-0.020548727,-0.026410576
2026-07-30T00:14:02.173Z,1001,inference,Clean_Air,0,98,0,0.066757545,0.004367127,0.005279608,-0.002628798,-0.010039026,-0.01241811,-0.020548727,-0.026410576
2026-07-30T00:14:02.649Z,1001,inference,Clean_Air,0,98,0,0.066757545,0.004367127,0.005279608,-0.002628798,-0.010039026,-0.01241811,-0.020548727,-0.026410576
2026-07-30T00:14:03.145Z,1001,inference,Clean_Air,0,98,0,0.066757545,0.004367127,0.005279608,-0.002628798,-0.010039026,-0.01241811,-0.020548727,-0.026410576
2026-07-30T00:14:03.648Z,1001,inference,Clean_Air,0,98,0,0.066757545,0.004367127,0.005279608,-0.002628798,-0.010039026,-0.01241811,-0.020548727,-0.026410576
2026-07-30T00:14:04.258Z,1001,inference,Clean_Air,0,98,0,0.066909313,0.004318574,0.005273894,-0.002628721,-0.010063948,-0.012455995,-0.020575549,-0.026409725
2026-07-30T00:14:04.805Z,1001,inference,Clean_Air,0,98,0,0.066585258,0.004354571,0.005322877,-0.002655432,-0.010062026,-0.012406832,-0.020562528,-0.02641941
2026-07-30T00:14:05.220Z,1001,inference,Clean_Air,0,98,0,0.066209987,0.004286252,0.005309953,-0.002617086,-0.010064458,-0.012412326,-0.020572832,-0.026420599
2026-07-30T00:14:05.703Z,1001,inference,Clean_Air,0,98,0,0.066209987,0.004286252,0.005309953,-0.002617086,-0.010064458,-0.012412326,-0.020572832,-0.026420599
2026-07-30T00:14:06.249Z,1001,inference,Clean_Air,0,98,0,0.065379001,0.004290407,0.005316563,-0.002622029,-0.010068321,-0.01241523,-0.020528393,-0.026416328
2026-07-30T00:14:06.813Z,1001,inference,Clean_Air,0,98,0,0.065137185,0.00429287,0.005341041,-0.002562962,-0.010057027,-0.012439584,-0.020519841,-0.026515786
2026-07-30T00:14:07.198Z,1001,inference,Clean_Air,0,98,0,0.065484509,0.004318016,0.005308635,-0.002581077,-0.010060731,-0.012435519,-0.020540291,-0.026466083
2026-07-30T00:14:07.686Z,1001,inference,Clean_Air,0,98,0,0.065484509,0.004318016,0.005308635,-0.002581077,-0.010060731,-0.012435519,-0.020540291,-0.026466083
2026-07-30T00:14:08.264Z,1001,inference,Clean_Air,0,98,0,0.0648413,0.004311738,0.005314255,-0.002599828,-0.010079696,-0.012428444,-0.020534266,-0.026454832
2026-07-30T00:14:08.796Z,1001,inference,Clean_Air,0,98,0,0.064360797,0.004316376,0.00530663,-0.002562806,-0.010082135,-0.012438836,-0.020556329,-0.026428049
2026-07-30T00:14:09.214Z,1001,inference,Clean_Air,0,98,0,0.064163581,0.00433096,0.005299434,-0.002599062,-0.010099116,-0.012413422,-0.020561708,-0.026447052
2026-07-30T00:14:09.702Z,1001,inference,Clean_Air,0,98,0,0.064163581,0.00433096,0.005299434,-0.002599062,-0.010099116,-0.012413422,-0.020561708,-0.026447052
2026-07-30T00:14:10.235Z,1001,inference,Clean_Air,0,98,0,0.06347011,0.004324301,0.005267955,-0.002599783,-0.01007391,-0.012407213,-0.020475436,-0.026406834
2026-07-30T00:14:10.801Z,1001,inference,Clean_Air,0,98,0,0.063245699,0.004361147,0.005278376,-0.002625338,-0.010100305,-0.01240139,-0.020450376,-0.026390737
2026-07-30T00:14:11.193Z,1001,inference,Clean_Air,0,97,0,0.063410178,0.004308619,0.005248744,-0.002618538,-0.010096629,-0.012415148,-0.020457063,-0.026415205
2026-07-30T00:14:11.677Z,1001,inference,Clean_Air,0,97,0,0.063410178,0.004308619,0.005248744,-0.002618538,-0.010096629,-0.012415148,-0.020457063,-0.026415205
2026-07-30T00:14:12.235Z,1001,inference,Clean_Air,0,98,0,0.063266441,0.004341719,0.005269209,-0.00262154,-0.010107341,-0.012421999,-0.020442765,-0.026420051
2026-07-30T00:14:12.673Z,1001,inference,Clean_Air,0,98,0,0.063266441,0.004341719,0.005269209,-0.00262154,-0.010107341,-0.012421999,-0.020442765,-0.026420051
2026-07-30T00:14:13.145Z,1001,inference,Clean_Air,0,98,0,0.063266441,0.004341719,0.005269209,-0.00262154,-0.010107341,-0.012421999,-0.020442765,-0.026420051
2026-07-30T00:14:13.643Z,1001,inference,Clean_Air,0,98,0,0.063266441,0.004341719,0.005269209,-0.00262154,-0.010107341,-0.012421999,-0.020442765,-0.026420051
2026-07-30T00:14:14.144Z,1001,inference,Clean_Air,0,98,0,0.063266441,0.004341719,0.005269209,-0.00262154,-0.010107341,-0.012421999,-0.020442765,-0.026420051
2026-07-30T00:14:14.726Z,1001,inference,Clean_Air,0,97,0,0.063640289,0.004344122,0.005245752,-0.002635038,-0.010114813,-0.012380944,-0.02046515,-0.026458338
2026-07-30T00:14:15.254Z,1001,inference,Clean_Air,0,97,0,0.063878044,0.004324598,0.005220587,-0.002675493,-0.010118793,-0.012340243,-0.020463459,-0.026420603
2026-07-30T00:14:15.659Z,1001,inference,Clean_Air,0,98,0,0.06357494,0.00432294,0.005293327,-0.002644976,-0.010118928,-0.012348764,-0.020461403,-0.026487749
2026-07-30T00:14:16.204Z,1001,inference,Clean_Air,0,98,0,0.06357494,0.00432294,0.005293327,-0.002644976,-0.010118928,-0.012348764,-0.020461403,-0.026487749
2026-07-30T00:14:16.677Z,1001,inference,Clean_Air,0,98,0,0.063810334,0.004326405,0.005306556,-0.002637198,-0.010131328,-0.012353647,-0.020490576,-0.026527077
2026-07-30T00:14:17.261Z,1001,inference,Clean_Air,0,98,0,0.0646827,0.00429747,0.005316726,-0.002679527,-0.010146217,-0.012344131,-0.020455889,-0.026563207
2026-07-30T00:14:17.788Z,1001,inference,Clean_Air,0,98,0,0.06417425,0.004317682,0.005322954,-0.002642688,-0.01010669,-0.012337817,-0.020426562,-0.026546651
2026-07-30T00:14:18.195Z,1001,inference,Clean_Air,0,98,0,0.065142505,0.004337811,0.005360673,-0.002646761,-0.010114029,-0.012341086,-0.020419147,-0.026588071
2026-07-30T00:14:18.678Z,1001,inference,Clean_Air,0,98,0,0.065142505,0.004337811,0.005360673,-0.002646761,-0.010114029,-0.012341086,-0.020419147,-0.026588071
2026-07-30T00:14:19.226Z,1001,inference,Clean_Air,0,98,0,0.064717636,0.004308066,0.005354314,-0.002627332,-0.010093756,-0.012330098,-0.020425566,-0.026613021
2026-07-30T00:14:19.807Z,1001,inference,Clean_Air,0,98,0,0.06474252,0.004319028,0.005341488,-0.002640466,-0.010099046,-0.012362725,-0.020442432,-0.026513064
2026-07-30T00:14:20.174Z,1001,inference,Clean_Air,0,98,0,0.065709449,0.004347012,0.005342888,-0.00261466,-0.010104268,-0.012346008,-0.02041666,-0.026539301
2026-07-30T00:14:20.653Z,1001,inference,Clean_Air,0,98,0,0.065709449,0.004347012,0.005342888,-0.00261466,-0.010104268,-0.012346008,-0.02041666,-0.026539301
2026-07-30T00:14:21.217Z,1001,inference,Clean_Air,0,98,0,0.066066198,0.004339007,0.00536224,-0.002618538,-0.010089493,-0.012346228,-0.020404672,-0.026527669
2026-07-30T00:14:21.765Z,1001,inference,Clean_Air,0,98,0,0.065757826,0.004362101,0.005380619,-0.002541065,-0.010104043,-0.012328143,-0.020401469,-0.026530668
2026-07-30T00:14:22.317Z,1001,inference,Clean_Air,0,98,0,0.065966584,0.004363205,0.005335835,-0.002569288,-0.010076777,-0.012342374,-0.020373899,-0.026464853
2026-07-30T00:14:22.674Z,1001,inference,Clean_Air,0,98,0,0.065966584,0.004363205,0.005335835,-0.002569288,-0.010076777,-0.012342374,-0.020373899,-0.026464853
2026-07-30T00:14:23.196Z,1001,inference,Clean_Air,0,98,0,0.065966584,0.004363205,0.005335835,-0.002569288,-0.010076777,-0.012342374,-0.020373899,-0.026464853
2026-07-30T00:14:23.642Z,1001,inference,Clean_Air,0,98,0,0.065966584,0.004363205,0.005335835,-0.002569288,-0.010076777,-0.012342374,-0.020373899,-0.026464853
2026-07-30T00:14:24.146Z,1001,inference,Clean_Air,0,98,0,0.065966584,0.004363205,0.005335835,-0.002569288,-0.010076777,-0.012342374,-0.020373899,-0.026464853
2026-07-30T00:14:24.730Z,1001,inference,Clean_Air,0,98,0,0.066398948,0.004337498,0.005318182,-0.002554292,-0.010057259,-0.01238435,-0.020333974,-0.026447108
2026-07-30T00:14:25.272Z,1001,inference,Clean_Air,0,98,0,0.065976419,0.004355589,0.00531523,-0.002525151,-0.010040769,-0.012372831,-0.020365369,-0.026409412
2026-07-30T00:14:25.680Z,1001,inference,Clean_Air,0,98,0,0.066157505,0.004334713,0.005309438,-0.002575632,-0.010058245,-0.012371476,-0.020406313,-0.026428178
2026-07-30T00:14:26.233Z,1001,inference,Clean_Air,0,98,0,0.066157505,0.004334713,0.005309438,-0.002575632,-0.010058245,-0.012371476,-0.020406313,-0.026428178
2026-07-30T00:14:26.715Z,1001,inference,Clean_Air,0,98,0,0.066256039,0.004322385,0.005307495,-0.002576775,-0.01005079,-0.012361993,-0.020395104,-0.026425967
2026-07-30T00:14:27.299Z,1001,inference,Clean_Air,0,98,0,0.066934422,0.004325206,0.005379708,-0.002579391,-0.010049803,-0.012398384,-0.020471487,-0.02643792
2026-07-30T00:14:27.675Z,1001,inference,Clean_Air,0,98,0,0.066776201,0.004334127,0.005409419,-0.002587195,-0.01005959,-0.012399061,-0.020456934,-0.026526529
2026-07-30T00:14:28.145Z,1001,inference,Clean_Air,0,98,0,0.066776201,0.004334127,0.005409419,-0.002587195,-0.01005959,-0.012399061,-0.020456934,-0.026526529
2026-07-30T00:14:28.732Z,1001,inference,Clean_Air,0,98,0,0.066715628,0.004369481,0.005392511,-0.002616431,-0.01006886,-0.01241994,-0.020475283,-0.026497811
2026-07-30T00:14:29.271Z,1001,inference,Clean_Air,0,98,0,0.066765502,0.004421356,0.005407101,-0.002600314,-0.010078889,-0.012406001,-0.020492774,-0.026450938
2026-07-30T00:14:29.682Z,1001,inference,Clean_Air,0,98,0,0.066569656,0.004420758,0.005399697,-0.002694717,-0.010082521,-0.012426596,-0.020500312,-0.026458558
2026-07-30T00:14:30.161Z,1001,inference,Clean_Air,0,98,0,0.066569656,0.004420758,0.005399697,-0.002694717,-0.010082521,-0.012426596,-0.020500312,-0.026458558
2026-07-30T00:14:30.703Z,1001,inference,Clean_Air,0,98,0,0.066392452,0.004402787,0.005367772,-0.002675531,-0.010102061,-0.012427032,-0.020498356,-0.026491981
2026-07-30T00:14:31.279Z,1001,inference,Clean_Air,0,98,0,0.066164933,0.004431448,0.005382561,-0.002695309,-0.010112402,-0.012425543,-0.020516524,-0.026490558
2026-07-30T00:14:31.823Z,1001,inference,Clean_Air,0,98,0,0.06624499,0.004436559,0.005366887,-0.00274631,-0.010102075,-0.012431787,-0.020494733,-0.026420053
2026-07-30T00:14:32.379Z,1001,inference,Clean_Air,0,98,0,0.065879069,0.004445036,0.005346101,-0.002717554,-0.010097701,-0.012455896,-0.020476673,-0.026408371
2026-07-30T00:14:32.680Z,1001,inference,Clean_Air,0,98,0,0.065879069,0.004445036,0.005346101,-0.002717554,-0.010097701,-0.012455896,-0.020476673,-0.026408371
2026-07-30T00:14:33.197Z,1001,inference,Clean_Air,0,98,0,0.065879069,0.004445036,0.005346101,-0.002717554,-0.010097701,-0.012455896,-0.020476673,-0.026408371
2026-07-30T00:14:33.647Z,1001,inference,Clean_Air,0,98,0,0.065879069,0.004445036,0.005346101,-0.002717554,-0.010097701,-0.012455896,-0.020476673,-0.026408371
2026-07-30T00:14:34.147Z,1001,inference,Clean_Air,0,98,0,0.065879069,0.004445036,0.005346101,-0.002717554,-0.010097701,-0.012455896,-0.020476673,-0.026408371
2026-07-30T00:14:34.768Z,1001,inference,Clean_Air,0,98,0,0.065548554,0.00444951,0.005329632,-0.002729591,-0.010098604,-0.012449238,-0.020495389,-0.026395539
2026-07-30T00:14:35.315Z,1001,inference,Clean_Air,0,98,0,0.064631537,0.004397699,0.005274135,-0.002723323,-0.010104902,-0.012433161,-0.020416809,-0.026361153
2026-07-30T00:14:35.727Z,1001,inference,Clean_Air,0,98,0,0.06468071,0.004378042,0.005262464,-0.002717905,-0.010093821,-0.012432468,-0.020435061,-0.026339754
2026-07-30T00:14:36.204Z,1001,inference,Clean_Air,0,98,0,0.06468071,0.004378042,0.005262464,-0.002717905,-0.010093821,-0.012432468,-0.020435061,-0.026339754
2026-07-30T00:14:36.763Z,1001,inference,Clean_Air,0,98,0,0.064614527,0.004326587,0.005337336,-0.002719842,-0.010060707,-0.012416863,-0.020432062,-0.026337635
2026-07-30T00:14:37.168Z,1001,inference,Clean_Air,0,98,0,0.064062186,0.004325622,0.005328516,-0.002733399,-0.010030227,-0.012415279,-0.020421451,-0.02636672
2026-07-30T00:14:37.645Z,1001,inference,Clean_Air,0,98,0,0.064062186,0.004325622,0.005328516,-0.002733399,-0.010030227,-0.012415279,-0.020421451,-0.02636672
2026-07-30T00:14:38.190Z,1001,inference,Clean_Air,0,98,0,0.064303912,0.004274937,0.005316403,-0.002711807,-0.010036794,-0.012435863,-0.020415863,-0.026351631
2026-07-30T00:14:38.780Z,1001,inference,Clean_Air,0,98,0,0.064641163,0.004301146,0.005326096,-0.002720861,-0.010047514,-0.012362272,-0.020430136,-0.026348451
2026-07-30T00:14:39.315Z,1001,inference,Clean_Air,0,98,0,0.064128481,0.004293524,0.005322645,-0.0027077,-0.010046612,-0.012336473,-0.020413514,-0.026328575
2026-07-30T00:14:39.718Z,1001,inference,Clean_Air,0,98,0,0.063981541,0.004322955,0.005315796,-0.002652925,-0.010042252,-0.012334294,-0.020421702,-0.02640431
2026-07-30T00:14:40.209Z,1001,inference,Clean_Air,0,98,0,0.063981541,0.004322955,0.005315796,-0.002652925,-0.010042252,-0.012334294,-0.020421702,-0.02640431
2026-07-30T00:14:40.752Z,1001,inference,Clean_Air,0,98,0,0.064777687,0.004324969,0.005336022,-0.002660631,-0.010020018,-0.012300465,-0.020414414,-0.02639934
2026-07-30T00:14:41.170Z,1001,inference,Clean_Air,0,98,0,0.06414026,0.004331616,0.005355569,-0.002647798,-0.010053187,-0.012304873,-0.020413926,-0.026392749
2026-07-30T00:14:41.656Z,1001,inference,Clean_Air,0,98,0,0.06414026,0.004331616,0.005355569,-0.002647798,-0.010053187,-0.012304873,-0.020413926,-0.026392749
2026-07-30T00:14:42.198Z,1001,inference,Clean_Air,0,98,0,0.064784132,0.004385753,0.005423807,-0.00263813,-0.01002761,-0.012293978,-0.020419531,-0.026393
2026-07-30T00:14:42.747Z,1001,inference,Clean_Air,0,98,0,0.064587161,0.004394107,0.005431422,-0.002629993,-0.009960366,-0.012330838,-0.020393074,-0.02639995
2026-07-30T00:14:43.169Z,1001,inference,Clean_Air,0,98,0,0.064587161,0.004394107,0.005431422,-0.002629993,-0.009960366,-0.012330838,-0.020393074,-0.02639995
2026-07-30T00:14:43.639Z,1001,inference,Clean_Air,0,98,0,0.064587161,0.004394107,0.005431422,-0.002629993,-0.009960366,-0.012330838,-0.020393074,-0.02639995
2026-07-30T00:14:44.145Z,1001,inference,Clean_Air,0,98,0,0.064587161,0.004394107,0.005431422,-0.002629993,-0.009960366,-0.012330838,-0.020393074,-0.02639995
2026-07-30T00:14:44.644Z,1001,inference,Clean_Air,0,98,0,0.064587161,0.004394107,0.005431422,-0.002629993,-0.009960366,-0.012330838,-0.020393074,-0.02639995
2026-07-30T00:14:45.214Z,1001,inference,Clean_Air,0,98,0,0.06450066,0.004458698,0.005376557,-0.00264891,-0.009978324,-0.012340825,-0.020408409,-0.026426554
2026-07-30T00:14:45.748Z,1001,inference,Clean_Air,0,98,0,0.064674072,0.004421501,0.005356807,-0.002622823,-0.009990904,-0.012377817,-0.020409381,-0.026417097
2026-07-30T00:14:46.323Z,1001,inference,Clean_Air,0,98,0,0.065129466,0.00445255,0.00537781,-0.002660303,-0.010004064,-0.01235787,-0.020372804,-0.026421089
2026-07-30T00:14:46.698Z,1001,inference,Clean_Air,0,98,0,0.065092519,0.004426303,0.005379514,-0.002667054,-0.010009938,-0.012416491,-0.020392571,-0.026428904
2026-07-30T00:14:47.180Z,1001,inference,Clean_Air,0,98,0,0.065092519,0.004426303,0.005379514,-0.002667054,-0.010009938,-0.012416491,-0.020392571,-0.026428904
2026-07-30T00:14:47.762Z,1001,inference,Clean_Air,0,98,0,0.065139398,0.004474377,0.005338324,-0.002662197,-0.009996469,-0.012388668,-0.020381276,-0.026433393
2026-07-30T00:14:48.290Z,1001,inference,Clean_Air,0,98,0,0.06436082,0.004438083,0.005345394,-0.002693002,-0.010022457,-0.012396253,-0.020379867,-0.026446616
2026-07-30T00:14:48.706Z,1001,inference,Clean_Air,0,98,0,0.063265339,0.004452027,0.005353525,-0.002700336,-0.010028857,-0.01240191,-0.020367334,-0.026441645
2026-07-30T00:14:49.195Z,1001,inference,Clean_Air,0,98,0,0.063265339,0.004452027,0.005353525,-0.002700336,-0.010028857,-0.01240191,-0.020367334,-0.026441645
2026-07-30T00:14:49.742Z,1001,inference,Clean_Air,0,98,0,0.063981965,0.004441435,0.005355055,-0.002714838,-0.009993983,-0.012406421,-0.020385129,-0.026437778
2026-07-30T00:14:50.331Z,1001,inference,Clean_Air,0,98,0,0.063747413,0.004462828,0.00527653,-0.002734163,-0.010021601,-0.012413571,-0.020360747,-0.026432414
2026-07-30T00:14:50.706Z,1001,inference,Clean_Air,0,98,0,0.063926011,0.004468413,0.005265565,-0.00273495,-0.010063186,-0.012379359,-0.020355377,-0.026449397
2026-07-30T00:14:51.181Z,1001,inference,Clean_Air,0,98,0,0.063926011,0.004468413,0.005265565,-0.00273495,-0.010063186,-0.012379359,-0.020355377,-0.026449397
2026-07-30T00:14:51.759Z,1001,inference,Clean_Air,0,97,0,0.063798808,0.004416247,0.005253432,-0.002713045,-0.010061519,-0.012365677,-0.020342894,-0.026451554
2026-07-30T00:14:52.305Z,1001,inference,Clean_Air,0,98,0,0.063341565,0.00440737,0.005271676,-0.002721754,-0.010050794,-0.012381223,-0.020356569,-0.026452001
2026-07-30T00:14:52.850Z,1001,inference,Clean_Air,0,97,0,0.063620791,0.004345964,0.005256166,-0.00267829,-0.01002078,-0.012389624,-0.020391583,-0.026458953
2026-07-30T00:14:53.173Z,1001,inference,Clean_Air,0,97,0,0.063620791,0.004345964,0.005256166,-0.00267829,-0.01002078,-0.012389624,-0.020391583,-0.026458953
2026-07-30T00:14:53.646Z,1001,inference,Clean_Air,0,97,0,0.063620791,0.004345964,0.005256166,-0.00267829,-0.01002078,-0.012389624,-0.020391583,-0.026458953
2026-07-30T00:14:54.143Z,1001,inference,Clean_Air,0,97,0,0.063620791,0.004345964,0.005256166,-0.00267829,-0.01002078,-0.012389624,-0.020391583,-0.026458953
2026-07-30T00:14:54.641Z,1001,inference,Clean_Air,0,97,0,0.063620791,0.004345964,0.005256166,-0.00267829,-0.01002078,-0.012389624,-0.020391583,-0.026458953
2026-07-30T00:14:55.250Z,1001,inference,Clean_Air,0,97,0,0.063172027,0.004353689,0.005244711,-0.002671973,-0.009976061,-0.012416204,-0.020385107,-0.026458826
2026-07-30T00:14:55.796Z,1001,inference,Clean_Air,0,98,0,0.062829003,0.00431534,0.005274498,-0.002719251,-0.009981802,-0.012436545,-0.020396151,-0.026445448
2026-07-30T00:14:56.210Z,1001,inference,Clean_Air,0,97,0,0.063619912,0.004255126,0.005255785,-0.002742556,-0.009969709,-0.012419037,-0.020388175,-0.026358152
2026-07-30T00:14:56.762Z,1001,inference,Clean_Air,0,97,0,0.063619912,0.004255126,0.005255785,-0.002742556,-0.009969709,-0.012419037,-0.020388175,-0.026358152
2026-07-30T00:14:57.236Z,1001,inference,Clean_Air,0,98,0,0.064177647,0.004262771,0.005257803,-0.002722472,-0.009997506,-0.012430028,-0.02038902,-0.026360089
2026-07-30T00:14:57.813Z,1001,inference,Clean_Air,0,97,0,0.063916601,0.004255623,0.005252437,-0.002708938,-0.010026218,-0.012420564,-0.020360595,-0.026366312
2026-07-30T00:14:58.198Z,1001,inference,Clean_Air,0,97,0,0.063892528,0.004212672,0.005251956,-0.002712822,-0.010003175,-0.012414573,-0.020376649,-0.026310358
2026-07-30T00:14:58.685Z,1001,inference,Clean_Air,0,97,0,0.063892528,0.004212672,0.005251956,-0.002712822,-0.010003175,-0.012414573,-0.020376649,-0.026310358
2026-07-30T00:14:59.270Z,1001,inference,Clean_Air,0,98,0,0.063685097,0.004179432,0.005268627,-0.002720704,-0.010041052,-0.012346317,-0.020403959,-0.026306018
2026-07-30T00:14:59.797Z,1001,inference,Clean_Air,0,98,0,0.063683189,0.004209111,0.005267591,-0.002693359,-0.010015898,-0.012352413,-0.020424094,-0.026189053
2026-07-30T00:15:00.220Z,1001,inference,Clean_Air,0,97,0,0.063878492,0.004201978,0.005233533,-0.002678246,-0.010057732,-0.012320658,-0.020411443,-0.026221761
2026-07-30T00:15:00.703Z,1001,inference,Clean_Air,0,97,0,0.063878492,0.004201978,0.005233533,-0.002678246,-0.010057732,-0.012320658,-0.020411443,-0.026221761
2026-07-30T00:15:01.246Z,1001,inference,Clean_Air,0,97,0,0.063451931,0.004315899,0.005239679,-0.002664955,-0.010063563,-0.012346868,-0.02038398,-0.02621825
2026-07-30T00:15:01.830Z,1001,inference,Clean_Air,0,98,0,0.063540176,0.004327533,0.005270411,-0.002671514,-0.01008475,-0.012345692,-0.020379595,-0.026224354
2026-07-30T00:15:02.206Z,1001,inference,Clean_Air,0,98,0,0.063951932,0.004330397,0.005272715,-0.002634753,-0.010094773,-0.012349909,-0.020393748,-0.026243258
2026-07-30T00:15:02.690Z,1001,inference,Clean_Air,0,98,0,0.063951932,0.004330397,0.005272715,-0.002634753,-0.010094773,-0.012349909,-0.020393748,-0.026243258
2026-07-30T00:15:03.230Z,1001,inference,Clean_Air,0,98,0,0.063761503,0.004335669,0.00531198,-0.002589,-0.010110531,-0.012367297,-0.020407693,-0.026309961
2026-07-30T00:15:03.673Z,1001,inference,Clean_Air,0,98,0,0.063761503,0.004335669,0.00531198,-0.002589,-0.010110531,-0.012367297,-0.020407693,-0.026309961
2026-07-30T00:15:04.142Z,1001,inference,Clean_Air,0,98,0,0.063761503,0.004335669,0.00531198,-0.002589,-0.010110531,-0.012367297,-0.020407693,-0.026309961
2026-07-30T00:15:04.643Z,1001,inference,Clean_Air,0,98,0,0.063761503,0.004335669,0.00531198,-0.002589,-0.010110531,-0.012367297,-0.020407693,-0.026309961
2026-07-30T00:15:05.147Z,1001,inference,Clean_Air,0,98,0,0.063761503,0.004335669,0.00531198,-0.002589,-0.010110531,-0.012367297,-0.020407693,-0.026309961
2026-07-30T00:15:05.711Z,1001,inference,Clean_Air,0,98,0,0.063718244,0.004319408,0.005326022,-0.002606132,-0.010090998,-0.012357747,-0.020509789,-0.026324973
2026-07-30T00:15:06.257Z,1001,inference,Clean_Air,0,98,0,0.063933618,0.00432135,0.005330645,-0.00260339,-0.010064295,-0.012368701,-0.020524627,-0.026242945
2026-07-30T00:15:06.820Z,1001,inference,Clean_Air,0,98,0,0.06399852,0.004354707,0.005324561,-0.002593999,-0.01009083,-0.012360189,-0.020531494,-0.026306864
2026-07-30T00:15:07.188Z,1001,inference,Clean_Air,0,98,0,0.06441319,0.004393243,0.005294274,-0.00259672,-0.010073071,-0.012463857,-0.020515518,-0.026288891
2026-07-30T00:15:07.679Z,1001,inference,Clean_Air,0,98,0,0.06441319,0.004393243,0.005294274,-0.00259672,-0.010073071,-0.012463857,-0.020515518,-0.026288891
2026-07-30T00:15:08.250Z,1001,inference,Clean_Air,0,98,0,0.063943237,0.004364227,0.005292412,-0.002627806,-0.010119964,-0.012453876,-0.020505842,-0.026384097
2026-07-30T00:15:08.786Z,1001,inference,Clean_Air,0,98,0,0.064214058,0.004381987,0.005320085,-0.00263559,-0.010116385,-0.01241917,-0.020522334,-0.026358631
2026-07-30T00:15:09.174Z,1001,inference,Clean_Air,0,98,0,0.064482518,0.004348719,0.005309117,-0.002656085,-0.010120255,-0.012389748,-0.020544976,-0.02636968
2026-07-30T00:15:09.658Z,1001,inference,Clean_Air,0,98,0,0.064482518,0.004348719,0.005309117,-0.002656085,-0.010120255,-0.012389748,-0.020544976,-0.02636968
2026-07-30T00:15:10.204Z,1001,inference,Clean_Air,0,98,0,0.065076984,0.004356825,0.005274295,-0.002640912,-0.0101349,-0.012379697,-0.020526536,-0.026361603
2026-07-30T00:15:10.766Z,1001,inference,Clean_Air,0,98,0,0.064441547,0.004356303,0.005285491,-0.002626867,-0.010120938,-0.01237577,-0.020512586,-0.026365068
2026-07-30T00:15:11.315Z,1001,inference,Clean_Air,0,98,0,0.06396389,0.004411268,0.005265177,-0.002630331,-0.010116693,-0.012378754,-0.020515675,-0.026402673
2026-07-30T00:15:11.727Z,1001,inference,Clean_Air,0,98,0,0.063611664,0.004437016,0.005261803,-0.002632826,-0.010123572,-0.012380498,-0.020442273,-0.02637881
2026-07-30T00:15:12.279Z,1001,inference,Clean_Air,0,98,0,0.063611664,0.004437016,0.005261803,-0.002632826,-0.010123572,-0.012380498,-0.020442273,-0.02637881
2026-07-30T00:15:12.760Z,1001,inference,Clean_Air,0,97,0,0.062911555,0.004450141,0.005214114,-0.002639103,-0.010123676,-0.012381343,-0.02044552,-0.02648443
2026-07-30T00:15:13.304Z,1001,inference,Clean_Air,0,97,0,0.063193381,0.004459212,0.005221286,-0.002657463,-0.010108712,-0.012342586,-0.020430174,-0.026492715
2026-07-30T00:15:13.671Z,1001,inference,Clean_Air,0,97,0,0.063193381,0.004459212,0.005221286,-0.002657463,-0.010108712,-0.012342586,-0.020430174,-0.026492715
2026-07-30T00:15:14.146Z,1001,inference,Clean_Air,0,97,0,0.063193381,0.004459212,0.005221286,-0.002657463,-0.010108712,-0.012342586,-0.020430174,-0.026492715
2026-07-30T00:15:14.644Z,1001,inference,Clean_Air,0,97,0,0.063193381,0.004459212,0.005221286,-0.002657463,-0.010108712,-0.012342586,-0.020430174,-0.026492715
2026-07-30T00:15:15.143Z,1001,inference,Clean_Air,0,97,0,0.063193381,0.004459212,0.005221286,-0.002657463,-0.010108712,-0.012342586,-0.020430174,-0.026492715
2026-07-30T00:15:15.724Z,1001,inference,Clean_Air,0,97,0,0.062754884,0.004393219,0.005235802,-0.002648125,-0.010088273,-0.012313199,-0.020464517,-0.02643916
2026-07-30T00:15:16.272Z,1001,inference,Clean_Air,0,97,0,0.063209921,0.00440099,0.005195691,-0.002640036,-0.010068209,-0.012307721,-0.02049138,-0.026458001
2026-07-30T00:15:16.668Z,1001,inference,Clean_Air,0,97,0,0.063223347,0.004407682,0.005173613,-0.002613699,-0.010036907,-0.012324884,-0.020483822,-0.026455577
2026-07-30T00:15:17.221Z,1001,inference,Clean_Air,0,97,0,0.063223347,0.004407682,0.005173613,-0.002613699,-0.010036907,-0.012324884,-0.020483822,-0.026455577
2026-07-30T00:15:17.690Z,1001,inference,Clean_Air,0,97,0,0.063226692,0.004397124,0.005193689,-0.002603765,-0.010007143,-0.012263079,-0.020502437,-0.026442319
2026-07-30T00:15:18.268Z,1001,inference,Clean_Air,0,97,0,0.063122153,0.004393329,0.005222309,-0.002604156,-0.009989678,-0.012257153,-0.020503033,-0.02643602
2026-07-30T00:15:18.818Z,1001,inference,Clean_Air,0,97,0,0.063395306,0.00439708,0.005180829,-0.002629716,-0.010002041,-0.012245986,-0.020582978,-0.026436886
2026-07-30T00:15:19.233Z,1001,inference,Clean_Air,0,97,0,0.063297942,0.004408177,0.005171765,-0.002651471,-0.010078107,-0.012242793,-0.020572225,-0.026426325
2026-07-30T00:15:19.784Z,1001,inference,Clean_Air,0,97,0,0.063297942,0.004408177,0.005171765,-0.002651471,-0.010078107,-0.012242793,-0.020572225,-0.026426325
2026-07-30T00:15:20.265Z,1001,inference,Clean_Air,0,97,0,0.063629769,0.004405252,0.005165531,-0.002608932,-0.010068228,-0.012192423,-0.020560956,-0.026439572
2026-07-30T00:15:20.679Z,1001,inference,Clean_Air,0,97,0,0.064150199,0.004391851,0.005216601,-0.002605588,-0.010074357,-0.012183318,-0.020566676,-0.026432743
2026-07-30T00:15:21.158Z,1001,inference,Clean_Air,0,97,0,0.064150199,0.004391851,0.005216601,-0.002605588,-0.010074357,-0.012183318,-0.020566676,-0.026432743
2026-07-30T00:15:21.700Z,1001,inference,Clean_Air,0,97,0,0.063265383,0.004397617,0.005213534,-0.002597255,-0.010061353,-0.012270004,-0.020566873,-0.026450068
2026-07-30T00:15:22.284Z,1001,inference,Clean_Air,0,97,0,0.063867755,0.0044021,0.005206125,-0.002615769,-0.010080629,-0.012259414,-0.020520363,-0.02651366
2026-07-30T00:15:22.815Z,1001,inference,Clean_Air,0,97,0,0.063965335,0.004387225,0.00523307,-0.002598217,-0.01009096,-0.012302116,-0.020473847,-0.026465997
2026-07-30T00:15:23.354Z,1001,inference,Clean_Air,0,98,0,0.063947991,0.004355914,0.00526351,-0.002624752,-0.010100266,-0.012317298,-0.020468187,-0.026455957
2026-07-30T00:15:23.671Z,1001,inference,Clean_Air,0,98,0,0.063947991,0.004355914,0.00526351,-0.002624752,-0.010100266,-0.012317298,-0.020468187,-0.026455957
2026-07-30T00:15:24.155Z,1001,inference,Clean_Air,0,98,0,0.063947991,0.004355914,0.00526351,-0.002624752,-0.010100266,-0.012317298,-0.020468187,-0.026455957
2026-07-30T00:15:24.651Z,1001,inference,Clean_Air,0,98,0,0.063947991,0.004355914,0.00526351,-0.002624752,-0.010100266,-0.012317298,-0.020468187,-0.026455957
2026-07-30T00:15:25.151Z,1001,inference,Clean_Air,0,98,0,0.063947991,0.004355914,0.00526351,-0.002624752,-0.010100266,-0.012317298,-0.020468187,-0.026455957
2026-07-30T00:15:25.759Z,1001,inference,Clean_Air,0,98,0,0.063121818,0.00437084,0.005266896,-0.002671125,-0.010112427,-0.012392219,-0.020445537,-0.026454713
2026-07-30T00:15:26.305Z,1001,inference,Clean_Air,0,98,0,0.062522762,0.004347897,0.005274197,-0.002664722,-0.010140015,-0.012383433,-0.020447798,-0.026445067
2026-07-30T00:15:26.713Z,1001,inference,Clean_Air,0,98,0,0.063188553,0.004362848,0.005347577,-0.002644571,-0.010147608,-0.012399371,-0.020380812,-0.02644443
2026-07-30T00:15:27.266Z,1001,inference,Clean_Air,0,98,0,0.063188553,0.004362848,0.005347577,-0.002644571,-0.010147608,-0.012399371,-0.020380812,-0.02644443
2026-07-30T00:15:27.738Z,1001,inference,Clean_Air,0,98,0,0.063287996,0.004405912,0.005367229,-0.002620734,-0.010049355,-0.012361437,-0.020393418,-0.026415849
2026-07-30T00:15:28.314Z,1001,inference,Clean_Air,0,98,0,0.062979177,0.004387946,0.005370955,-0.002639569,-0.010034199,-0.012409286,-0.020395497,-0.026420837
2026-07-30T00:15:28.699Z,1001,inference,Clean_Air,0,98,0,0.062332798,0.004401362,0.005434446,-0.002623144,-0.010007897,-0.012433181,-0.020401709,-0.026392039
2026-07-30T00:15:29.191Z,1001,inference,Clean_Air,0,98,0,0.062332798,0.004401362,0.005434446,-0.002623144,-0.010007897,-0.012433181,-0.020401709,-0.026392039
2026-07-30T00:15:29.771Z,1001,inference,Clean_Air,0,98,0,0.062109459,0.004399123,0.005440422,-0.002624074,-0.010010509,-0.012428784,-0.020409353,-0.026362434
2026-07-30T00:15:30.296Z,1001,inference,Clean_Air,0,98,0,0.062071245,0.004455999,0.005435522,-0.002615906,-0.010023149,-0.01243358,-0.02045818,-0.02637599
2026-07-30T00:15:30.711Z,1001,inference,Clean_Air,0,98,0,0.061423577,0.004464745,0.005429669,-0.002640093,-0.010009062,-0.012414875,-0.020483607,-0.026412968
2026-07-30T00:15:31.264Z,1001,inference,Clean_Air,0,98,0,0.061423577,0.004464745,0.005429669,-0.002640093,-0.010009062,-0.012414875,-0.020483607,-0.026412968
2026-07-30T00:15:31.733Z,1001,inference,Clean_Air,0,98,0,0.061314382,0.004500932,0.005489959,-0.002659555,-0.009999546,-0.012408601,-0.02048425,-0.02641727
2026-07-30T00:15:32.318Z,1001,inference,Clean_Air,0,98,0,0.061064947,0.004493964,0.00544206,-0.002628663,-0.010008101,-0.012404503,-0.020556528,-0.026424844
2026-07-30T00:15:32.694Z,1001,inference,Clean_Air,0,98,0,0.061406195,0.004525981,0.005425205,-0.002653872,-0.009986456,-0.012415634,-0.020557007,-0.02643707
2026-07-30T00:15:33.168Z,1001,inference,Clean_Air,0,98,0,0.061406195,0.004525981,0.005425205,-0.002653872,-0.009986456,-0.012415634,-0.020557007,-0.02643707
2026-07-30T00:15:33.718Z,1001,inference,Clean_Air,0,98,0,0.060701359,0.004432934,0.005400735,-0.00267606,-0.009977819,-0.012396702,-0.020567786,-0.026425701
2026-07-30T00:15:34.171Z,1001,inference,Clean_Air,0,98,0,0.060701359,0.004432934,0.005400735,-0.00267606,-0.009977819,-0.012396702,-0.020567786,-0.026425701
2026-07-30T00:15:34.649Z,1001,inference,Clean_Air,0,98,0,0.060701359,0.004432934,0.005400735,-0.00267606,-0.009977819,-0.012396702,-0.020567786,-0.026425701
2026-07-30T00:15:35.153Z,1001,inference,Clean_Air,0,98,0,0.060701359,0.004432934,0.005400735,-0.00267606,-0.009977819,-0.012396702,-0.020567786,-0.026425701
2026-07-30T00:15:35.653Z,1001,inference,Clean_Air,0,98,0,0.060701359,0.004432934,0.005400735,-0.00267606,-0.009977819,-0.012396702,-0.020567786,-0.026425701
2026-07-30T00:15:36.215Z,1001,inference,Clean_Air,0,98,0,0.06067865,0.004389557,0.005378043,-0.002687453,-0.009998765,-0.012423069,-0.020550197,-0.026422974
2026-07-30T00:15:36.756Z,1001,inference,Clean_Air,0,98,0,0.061552085,0.00440562,0.005360658,-0.002704325,-0.010033028,-0.012445944,-0.02057666,-0.026444947
2026-07-30T00:15:37.317Z,1001,inference,Clean_Air,0,98,0,0.061849318,0.004399373,0.005290991,-0.002747113,-0.010038169,-0.012435344,-0.020635907,-0.026461923
2026-07-30T00:15:37.700Z,1001,inference,Clean_Air,0,98,0,0.061772555,0.004383798,0.005291865,-0.002728978,-0.010053748,-0.012399999,-0.020628493,-0.02649942
2026-07-30T00:15:38.189Z,1001,inference,Clean_Air,0,98,0,0.061772555,0.004383798,0.005291865,-0.002728978,-0.010053748,-0.012399999,-0.020628493,-0.02649942
2026-07-30T00:15:38.763Z,1001,inference,Clean_Air,0,98,0,0.061640393,0.004400502,0.005307056,-0.00273055,-0.010043312,-0.012403825,-0.020620793,-0.026496088
2026-07-30T00:15:39.295Z,1001,inference,Clean_Air,0,98,0,0.061750151,0.004408232,0.005313396,-0.002737142,-0.01004733,-0.012406254,-0.020620577,-0.026494
2026-07-30T00:15:39.697Z,1001,inference,Clean_Air,0,97,0,0.061412632,0.004391737,0.005229807,-0.002738352,-0.010077918,-0.012428502,-0.020628881,-0.026493374
2026-07-30T00:15:40.183Z,1001,inference,Clean_Air,0,97,0,0.061412632,0.004391737,0.005229807,-0.002738352,-0.010077918,-0.012428502,-0.020628881,-0.026493374
2026-07-30T00:15:40.731Z,1001,inference,Clean_Air,0,98,0,0.061846722,0.00439011,0.005266419,-0.002708109,-0.0100916,-0.012434137,-0.020568078,-0.026495423
2026-07-30T00:15:41.312Z,1001,inference,Clean_Air,0,98,0,0.061419047,0.004378422,0.005275246,-0.002691725,-0.010177033,-0.012428678,-0.020560341,-0.02649593
2026-07-30T00:15:41.688Z,1001,inference,Clean_Air,0,98,0,0.062031806,0.004438644,0.005269877,-0.002682311,-0.01017569,-0.012433463,-0.020555779,-0.026501289
2026-07-30T00:15:42.163Z,1001,inference,Clean_Air,0,98,0,0.062031806,0.004438644,0.005269877,-0.002682311,-0.01017569,-0.012433463,-0.020555779,-0.026501289
2026-07-30T00:15:42.734Z,1001,inference,Clean_Air,0,98,0,0.062197346,0.004443244,0.00528746,-0.002670871,-0.010150922,-0.012368686,-0.020555917,-0.026527967
2026-07-30T00:15:43.279Z,1001,inference,Clean_Air,0,98,0,0.061984051,0.004413634,0.005274854,-0.002667408,-0.010138938,-0.012368266,-0.020531151,-0.026510175
2026-07-30T00:15:43.834Z,1001,inference,Clean_Air,0,98,0,0.061579615,0.004410547,0.005266011,-0.002637099,-0.010165661,-0.012296585,-0.020423878,-0.026501611
2026-07-30T00:15:44.170Z,1001,inference,Clean_Air,0,98,0,0.061579615,0.004410547,0.005266011,-0.002637099,-0.010165661,-0.012296585,-0.020423878,-0.026501611
2026-07-30T00:15:44.653Z,1001,inference,Clean_Air,0,98,0,0.061579615,0.004410547,0.005266011,-0.002637099,-0.010165661,-0.012296585,-0.020423878,-0.026501611
2026-07-30T00:15:45.178Z,1001,inference,Clean_Air,0,98,0,0.061579615,0.004410547,0.005266011,-0.002637099,-0.010165661,-0.012296585,-0.020423878,-0.026501611
2026-07-30T00:15:45.653Z,1001,inference,Clean_Air,0,98,0,0.061579615,0.004410547,0.005266011,-0.002637099,-0.010165661,-0.012296585,-0.020423878,-0.026501611
2026-07-30T00:15:46.228Z,1001,inference,Clean_Air,0,97,0,0.061734874,0.004416598,0.005254597,-0.002658058,-0.010078576,-0.012308459,-0.020508949,-0.026504016
2026-07-30T00:15:46.763Z,1001,inference,Clean_Air,0,97,0,0.061775811,0.004387763,0.005231882,-0.002649452,-0.010080581,-0.01228305,-0.02050053,-0.026517045
2026-07-30T00:15:47.170Z,1001,inference,Clean_Air,0,97,0,0.062074877,0.004391472,0.005243205,-0.002620253,-0.010070672,-0.012270822,-0.020474488,-0.026496608
2026-07-30T00:15:47.653Z,1001,inference,Clean_Air,0,97,0,0.062074877,0.004391472,0.005243205,-0.002620253,-0.010070672,-0.012270822,-0.020474488,-0.026496608
2026-07-30T00:15:48.200Z,1001,inference,Clean_Air,0,98,0,0.061810173,0.004388401,0.005283929,-0.002596624,-0.010050884,-0.012178926,-0.020451544,-0.026496798
2026-07-30T00:15:48.776Z,1001,inference,Clean_Air,0,98,0,0.061549246,0.004379395,0.005273269,-0.002629379,-0.010041568,-0.012173228,-0.020457182,-0.026495123
2026-07-30T00:15:49.319Z,1001,inference,Clean_Air,0,98,0,0.061728694,0.004379218,0.005349467,-0.002566631,-0.009987791,-0.012163679,-0.020475464,-0.026505286
2026-07-30T00:15:49.722Z,1001,inference,Clean_Air,0,98,0,0.06068445,0.00439417,0.005351808,-0.00255754,-0.009977108,-0.01216113,-0.020456199,-0.026504546
2026-07-30T00:15:50.263Z,1001,inference,Clean_Air,0,98,0,0.06068445,0.00439417,0.005351808,-0.00255754,-0.009977108,-0.01216113,-0.020456199,-0.026504546
2026-07-30T00:15:50.739Z,1001,inference,Clean_Air,0,98,0,0.06063823,0.004385642,0.0053697,-0.002564788,-0.010020074,-0.012243334,-0.020449582,-0.026502598
2026-07-30T00:15:51.309Z,1001,inference,Clean_Air,0,98,0,0.06012848,0.0043917,0.005374082,-0.002570155,-0.010004354,-0.012235628,-0.020447563,-0.026479241
2026-07-30T00:15:51.675Z,1001,inference,Clean_Air,0,98,0,0.060799491,0.004389743,0.005385048,-0.002556936,-0.01001337,-0.01232711,-0.020471994,-0.02646994
2026-07-30T00:15:52.150Z,1001,inference,Clean_Air,0,98,0,0.060799491,0.004389743,0.005385048,-0.002556936,-0.01001337,-0.01232711,-0.020471994,-0.02646994
2026-07-30T00:15:52.729Z,1001,inference,Clean_Air,0,98,0,0.061565034,0.004381687,0.005387473,-0.002546399,-0.010114891,-0.012357561,-0.020415001,-0.026461801
2026-07-30T00:15:53.254Z,1001,inference,Clean_Air,0,98,0,0.061562706,0.004391219,0.005401948,-0.002561886,-0.010109372,-0.012374346,-0.020389453,-0.026428839
2026-07-30T00:15:53.672Z,1001,inference,Clean_Air,0,98,0,0.060846768,0.004377472,0.005479291,-0.002583704,-0.010123076,-0.012375092,-0.020406133,-0.026433745
2026-07-30T00:15:54.159Z,1001,inference,Clean_Air,0,98,0,0.060846768,0.004377472,0.005479291,-0.002583704,-0.010123076,-0.012375092,-0.020406133,-0.026433745
2026-07-30T00:15:54.689Z,1001,inference,Clean_Air,0,98,0,0.060774278,0.004377637,0.005458044,-0.00260117,-0.010125054,-0.012433173,-0.020403471,-0.026439864
2026-07-30T00:15:55.142Z,1001,inference,Clean_Air,0,98,0,0.060774278,0.004377637,0.005458044,-0.00260117,-0.010125054,-0.012433173,-0.020403471,-0.026439864
2026-07-30T00:15:55.643Z,1001,inference,Clean_Air,0,98,0,0.060774278,0.004377637,0.005458044,-0.00260117,-0.010125054,-0.012433173,-0.020403471,-0.026439864
2026-07-30T00:15:56.143Z,1001,inference,Clean_Air,0,98,0,0.060774278,0.004377637,0.005458044,-0.00260117,-0.010125054,-0.012433173,-0.020403471,-0.026439864
2026-07-30T00:15:56.650Z,1001,inference,Clean_Air,0,98,0,0.060774278,0.004377637,0.005458044,-0.00260117,-0.010125054,-0.012433173,-0.020403471,-0.026439864
2026-07-30T00:15:57.225Z,1001,inference,Clean_Air,0,98,0,0.060977124,0.004317116,0.005477812,-0.002603768,-0.010117116,-0.012423852,-0.020413829,-0.026446858
2026-07-30T00:15:57.749Z,1001,inference,Clean_Air,0,98,0,0.060782731,0.004311374,0.005405161,-0.002675628,-0.01009695,-0.012431295,-0.02038748,-0.026449641
2026-07-30T00:15:58.159Z,1001,inference,Clean_Air,0,98,0,0.06093939,0.004294804,0.005360585,-0.002664946,-0.010101276,-0.012415412,-0.020388545,-0.026457012
2026-07-30T00:15:58.641Z,1001,inference,Clean_Air,0,98,0,0.06093939,0.004294804,0.005360585,-0.002664946,-0.010101276,-0.012415412,-0.020388545,-0.026457012
2026-07-30T00:15:59.187Z,1001,inference,Clean_Air,0,98,0,0.060913902,0.004303624,0.005342056,-0.002668066,-0.010073779,-0.012410784,-0.020404268,-0.026462991
2026-07-30T00:15:59.764Z,1001,inference,Clean_Air,0,98,0,0.061327696,0.004353297,0.005355745,-0.002666543,-0.010097928,-0.012410951,-0.020413771,-0.026471063
2026-07-30T00:16:00.309Z,1001,inference,Clean_Air,0,98,0,0.061387748,0.004344485,0.005361709,-0.002695754,-0.010094289,-0.012393517,-0.020441022,-0.026477549
2026-07-30T00:16:00.709Z,1001,inference,Clean_Air,0,98,0,0.06131063,0.004359695,0.005351196,-0.002684746,-0.010082124,-0.01236491,-0.020449076,-0.026481863
2026-07-30T00:16:01.255Z,1001,inference,Clean_Air,0,98,0,0.06131063,0.004359695,0.005351196,-0.002684746,-0.010082124,-0.01236491,-0.020449076,-0.026481863
2026-07-30T00:16:01.726Z,1001,inference,Clean_Air,0,98,0,0.060485609,0.00437488,0.005342752,-0.002662187,-0.010076857,-0.012371263,-0.020465214,-0.026487226
2026-07-30T00:16:02.303Z,1001,inference,Clean_Air,0,98,0,0.061017305,0.004380677,0.005268353,-0.002661076,-0.010079528,-0.012372552,-0.02047422,-0.026510026
2026-07-30T00:16:02.687Z,1001,inference,Clean_Air,0,98,0,0.061470479,0.004363095,0.005272985,-0.002667703,-0.010060185,-0.01238062,-0.020505581,-0.026509643
2026-07-30T00:16:03.176Z,1001,inference,Clean_Air,0,98,0,0.061470479,0.004363095,0.005272985,-0.002667703,-0.010060185,-0.01238062,-0.020505581,-0.026509643
2026-07-30T00:16:03.739Z,1001,inference,Clean_Air,0,98,0,0.061351132,0.004436066,0.005337645,-0.002662907,-0.01007099,-0.012324804,-0.020473611,-0.026485106
2026-07-30T00:16:04.274Z,1001,inference,Clean_Air,0,98,0,0.061285876,0.004445828,0.00533365,-0.002578183,-0.010084961,-0.012247636,-0.020491133,-0.02646493
2026-07-30T00:16:04.820Z,1001,inference,Clean_Air,0,98,0,0.061884589,0.00444556,0.00537387,-0.002576034,-0.010106224,-0.012238734,-0.020517398,-0.026477909
2026-07-30T00:16:05.167Z,1001,inference,Clean_Air,0,98,0,0.061884589,0.00444556,0.00537387,-0.002576034,-0.010106224,-0.012238734,-0.020517398,-0.026477909
2026-07-30T00:16:05.649Z,1001,inference,Clean_Air,0,98,0,0.061884589,0.00444556,0.00537387,-0.002576034,-0.010106224,-0.012238734,-0.020517398,-0.026477909
2026-07-30T00:16:06.149Z,1001,inference,Clean_Air,0,98,0,0.061884589,0.00444556,0.00537387,-0.002576034,-0.010106224,-0.012238734,-0.020517398,-0.026477909
2026-07-30T00:16:06.644Z,1001,inference,Clean_Air,0,98,0,0.061884589,0.00444556,0.00537387,-0.002576034,-0.010106224,-0.012238734,-0.020517398,-0.026477909
2026-07-30T00:16:07.219Z,1001,inference,Clean_Air,0,98,0,0.062212415,0.004428382,0.005378224,-0.002598725,-0.010118627,-0.012219886,-0.020587081,-0.026481017
2026-07-30T00:16:07.764Z,1001,inference,Clean_Air,0,98,0,0.061997969,0.004422341,0.005394037,-0.002593308,-0.010129024,-0.012216021,-0.020577213,-0.02650629
2026-07-30T00:16:08.180Z,1001,inference,Clean_Air,0,98,0,0.061564632,0.004442211,0.005396498,-0.002560661,-0.010133669,-0.012257508,-0.020543253,-0.026529411
2026-07-30T00:16:08.667Z,1001,inference,Clean_Air,0,98,0,0.061564632,0.004442211,0.005396498,-0.002560661,-0.010133669,-0.012257508,-0.020543253,-0.026529411
2026-07-30T00:16:09.211Z,1001,inference,Clean_Air,0,98,0,0.060868431,0.004443005,0.005405914,-0.0025832,-0.010139884,-0.012256203,-0.020524547,-0.026528489
2026-07-30T00:16:09.772Z,1001,inference,Clean_Air,0,98,0,0.061807405,0.004418106,0.005415258,-0.002591688,-0.010140206,-0.012252283,-0.02052702,-0.026529377
2026-07-30T00:16:10.319Z,1001,inference,Clean_Air,0,98,0,0.061330497,0.00443421,0.005376637,-0.002588089,-0.010127525,-0.012247378,-0.020512149,-0.026508763
2026-07-30T00:16:10.729Z,1001,inference,Clean_Air,0,98,0,0.061023969,0.004446338,0.005448926,-0.002571151,-0.010157427,-0.012243709,-0.020486515,-0.026491443
2026-07-30T00:16:11.208Z,1001,inference,Clean_Air,0,98,0,0.061023969,0.004446338,0.005448926,-0.002571151,-0.010157427,-0.012243709,-0.020486515,-0.026491443
2026-07-30T00:16:11.767Z,1001,inference,Clean_Air,0,98,0,0.060703378,0.004458235,0.005367057,-0.002564935,-0.010146625,-0.012304339,-0.020491896,-0.02649954
2026-07-30T00:16:12.173Z,1001,inference,Clean_Air,0,98,0,0.061217003,0.004466973,0.005364819,-0.002632812,-0.010129728,-0.01237757,-0.020486057,-0.026520815
2026-07-30T00:16:12.651Z,1001,inference,Clean_Air,0,98,0,0.061217003,0.004466973,0.005364819,-0.002632812,-0.010129728,-0.01237757,-0.020486057,-0.026520815
2026-07-30T00:16:13.194Z,1001,inference,Clean_Air,0,98,0,0.060903717,0.004408278,0.005360696,-0.002643742,-0.01010471,-0.012409467,-0.020550106,-0.026503239
2026-07-30T00:16:13.784Z,1001,inference,Clean_Air,0,98,0,0.06050992,0.004438973,0.005377792,-0.002618345,-0.010102624,-0.012413145,-0.02049136,-0.026495451
2026-07-30T00:16:14.314Z,1001,inference,Clean_Air,0,98,0,0.060612299,0.004389963,0.005352638,-0.002612427,-0.010083976,-0.012405748,-0.020475179,-0.026509464
2026-07-30T00:16:14.864Z,1001,inference,Clean_Air,0,98,0,0.061077196,0.004389997,0.005321988,-0.002613025,-0.01007059,-0.01236942,-0.020504419,-0.026513215
2026-07-30T00:16:15.171Z,1001,inference,Clean_Air,0,98,0,0.061077196,0.004389997,0.005321988,-0.002613025,-0.01007059,-0.01236942,-0.020504419,-0.026513215
2026-07-30T00:16:15.640Z,1001,inference,Clean_Air,0,98,0,0.061077196,0.004389997,0.005321988,-0.002613025,-0.01007059,-0.01236942,-0.020504419,-0.026513215
2026-07-30T00:16:16.153Z,1001,inference,Clean_Air,0,98,0,0.061077196,0.004389997,0.005321988,-0.002613025,-0.01007059,-0.01236942,-0.020504419,-0.026513215
2026-07-30T00:16:16.653Z,1001,inference,Clean_Air,0,98,0,0.061077196,0.004389997,0.005321988,-0.002613025,-0.01007059,-0.01236942,-0.020504419,-0.026513215
2026-07-30T00:16:17.279Z,1001,inference,Clean_Air,0,98,0,0.061133463,0.004390689,0.005328482,-0.002615701,-0.010050783,-0.012358173,-0.020478368,-0.026475679
2026-07-30T00:16:17.803Z,1001,inference,Clean_Air,0,98,0,0.060555737,0.004399509,0.005351773,-0.002613496,-0.010050636,-0.01235799,-0.020457853,-0.026471373
2026-07-30T00:16:18.224Z,1001,inference,Clean_Air,0,98,0,0.061181672,0.004387385,0.00546469,-0.002618984,-0.010063982,-0.012372022,-0.020458084,-0.026479989
2026-07-30T00:16:18.711Z,1001,inference,Clean_Air,0,98,0,0.061181672,0.004387385,0.00546469,-0.002618984,-0.010063982,-0.012372022,-0.020458084,-0.026479989
2026-07-30T00:16:19.257Z,1001,inference,Clean_Air,0,98,0,0.060972404,0.004402987,0.00539892,-0.002619253,-0.010062365,-0.012368667,-0.020485001,-0.026493737
2026-07-30T00:16:19.664Z,1001,inference,Clean_Air,0,98,0,0.062015511,0.004369601,0.005412328,-0.002607824,-0.010072353,-0.012364338,-0.020497737,-0.026497671
2026-07-30T00:16:20.145Z,1001,inference,Clean_Air,0,98,0,0.062015511,0.004369601,0.005412328,-0.002607824,-0.010072353,-0.012364338,-0.020497737,-0.026497671
2026-07-30T00:16:20.688Z,1001,inference,Clean_Air,0,98,0,0.061409812,0.00435286,0.005430136,-0.002644097,-0.010054716,-0.012361949,-0.02050983,-0.026502337
2026-07-30T00:16:21.264Z,1001,inference,Clean_Air,0,98,0,0.06124125,0.004418144,0.005446522,-0.002649375,-0.010080216,-0.012340428,-0.020422718,-0.026597729
2026-07-30T00:16:21.811Z,1001,inference,Clean_Air,0,98,0,0.061491977,0.004417589,0.005423181,-0.002647937,-0.010056327,-0.012354434,-0.020421017,-0.026584204
2026-07-30T00:16:22.209Z,1001,inference,Clean_Air,0,98,0,0.06136309,0.00445122,0.005434661,-0.00257791,-0.010049511,-0.01235337,-0.020453043,-0.02656498
2026-07-30T00:16:22.751Z,1001,inference,Clean_Air,0,98,0,0.06136309,0.00445122,0.005434661,-0.00257791,-0.010049511,-0.01235337,-0.020453043,-0.02656498
2026-07-30T00:16:23.233Z,1001,inference,Clean_Air,0,98,0,0.06064111,0.004459074,0.005461624,-0.002529794,-0.010043091,-0.012348305,-0.020440392,-0.026557544
2026-07-30T00:16:23.793Z,1001,inference,Clean_Air,0,98,0,0.060728114,0.004463667,0.005477389,-0.002545233,-0.010029546,-0.012353601,-0.020458058,-0.026564032
2026-07-30T00:16:24.173Z,1001,inference,Clean_Air,0,98,0,0.060650669,0.004391271,0.005459155,-0.002537118,-0.010038816,-0.012365645,-0.020479549,-0.02656672
2026-07-30T00:16:24.656Z,1001,inference,Clean_Air,0,98,0,0.060650669,0.004391271,0.005459155,-0.002537118,-0.010038816,-0.012365645,-0.020479549,-0.02656672
2026-07-30T00:16:25.206Z,1001,inference,Clean_Air,0,98,0,0.060787462,0.004392582,0.005340947,-0.002474535,-0.010026271,-0.012354592,-0.02046266,-0.02654973
2026-07-30T00:16:25.669Z,1001,inference,Clean_Air,0,98,0,0.060787462,0.004392582,0.005340947,-0.002474535,-0.010026271,-0.012354592,-0.02046266,-0.02654973
2026-07-30T00:16:26.149Z,1001,inference,Clean_Air,0,98,0,0.060787462,0.004392582,0.005340947,-0.002474535,-0.010026271,-0.012354592,-0.02046266,-0.02654973
2026-07-30T00:16:26.646Z,1001,inference,Clean_Air,0,98,0,0.060787462,0.004392582,0.005340947,-0.002474535,-0.010026271,-0.012354592,-0.02046266,-0.02654973
2026-07-30T00:16:27.151Z,1001,inference,Clean_Air,0,98,0,0.060787462,0.004392582,0.005340947,-0.002474535,-0.010026271,-0.012354592,-0.02046266,-0.02654973
2026-07-30T00:16:27.712Z,1001,inference,Clean_Air,0,98,0,0.061502576,0.004376774,0.005333176,-0.00248066,-0.010024475,-0.012387427,-0.020525295,-0.026550721
2026-07-30T00:16:28.256Z,1001,inference,Clean_Air,0,98,0,0.06098748,0.004401301,0.005318414,-0.00248254,-0.010042382,-0.012415791,-0.02051409,-0.026587065
2026-07-30T00:16:28.818Z,1001,inference,Clean_Air,0,98,0,0.060976584,0.004424511,0.005307658,-0.00239833,-0.010046241,-0.012424761,-0.020532589,-0.026588846
2026-07-30T00:16:29.202Z,1001,inference,Clean_Air,0,98,0,0.061574537,0.004428723,0.005294455,-0.002396677,-0.010019888,-0.012433611,-0.020552445,-0.026435357
2026-07-30T00:16:29.689Z,1001,inference,Clean_Air,0,98,0,0.061574537,0.004428723,0.005294455,-0.002396677,-0.010019888,-0.012433611,-0.020552445,-0.026435357
2026-07-30T00:16:30.266Z,1001,inference,Clean_Air,0,98,0,0.061247863,0.004415578,0.005280062,-0.002408813,-0.01002167,-0.012434017,-0.020538429,-0.026428381
2026-07-30T00:16:30.796Z,1001,inference,Clean_Air,0,98,0,0.061221443,0.00439861,0.005290749,-0.00249796,-0.010034363,-0.012380419,-0.020512205,-0.026405374
2026-07-30T00:16:31.189Z,1001,inference,Clean_Air,0,98,0,0.061136067,0.00437652,0.005293847,-0.002569265,-0.010038948,-0.012388104,-0.020505168,-0.026395563
2026-07-30T00:16:31.667Z,1001,inference,Clean_Air,0,98,0,0.061136067,0.00437652,0.005293847,-0.002569265,-0.010038948,-0.012388104,-0.020505168,-0.026395563
2026-07-30T00:16:32.228Z,1001,inference,Clean_Air,0,98,0,0.060853846,0.00437403,0.005273975,-0.002504129,-0.01003933,-0.012378527,-0.020502454,-0.026368961
2026-07-30T00:16:32.791Z,1001,inference,Clean_Air,0,97,0,0.060982008,0.004387616,0.005249747,-0.002531356,-0.01006243,-0.012380192,-0.020520464,-0.026397537
2026-07-30T00:16:33.167Z,1001,inference,Clean_Air,0,98,0,0.060955714,0.004375594,0.005285476,-0.002595519,-0.010076382,-0.01230515,-0.020536097,-0.026379552
2026-07-30T00:16:33.647Z,1001,inference,Clean_Air,0,98,0,0.060955714,0.004375594,0.005285476,-0.002595519,-0.010076382,-0.01230515,-0.020536097,-0.026379552
2026-07-30T00:16:34.231Z,1001,inference,Clean_Air,0,98,0,0.060335256,0.004384861,0.005277833,-0.00257929,-0.010058441,-0.012279373,-0.020467034,-0.026398161
2026-07-30T00:16:34.756Z,1001,inference,Clean_Air,0,98,0,0.060601689,0.004387781,0.005296594,-0.002600129,-0.010027668,-0.012254886,-0.02046166,-0.026388433
2026-07-30T00:16:35.324Z,1001,inference,Clean_Air,0,98,0,0.06121977,0.004366444,0.005278677,-0.002671263,-0.010027271,-0.012242665,-0.020398598,-0.026362291
2026-07-30T00:16:35.667Z,1001,inference,Clean_Air,0,98,0,0.06121977,0.004366444,0.005278677,-0.002671263,-0.010027271,-0.012242665,-0.020398598,-0.026362291
2026-07-30T00:16:36.151Z,1001,inference,Clean_Air,0,98,0,0.06121977,0.004366444,0.005278677,-0.002671263,-0.010027271,-0.012242665,-0.020398598,-0.026362291
2026-07-30T00:16:36.642Z,1001,inference,Clean_Air,0,98,0,0.06121977,0.004366444,0.005278677,-0.002671263,-0.010027271,-0.012242665,-0.020398598,-0.026362291
2026-07-30T00:16:37.144Z,1001,inference,Clean_Air,0,98,0,0.06121977,0.004366444,0.005278677,-0.002671263,-0.010027271,-0.012242665,-0.020398598,-0.026362291
2026-07-30T00:16:37.726Z,1001,inference,Clean_Air,0,98,0,0.061043065,0.004365049,0.005280538,-0.002710307,-0.01003803,-0.012289806,-0.020392029,-0.02642921
2026-07-30T00:16:38.251Z,1001,inference,Clean_Air,0,98,0,0.060959,0.004362101,0.005303784,-0.002695689,-0.010047901,-0.012265459,-0.020415679,-0.026452458
2026-07-30T00:16:38.660Z,1001,inference,Clean_Air,0,98,0,0.061259247,0.004355337,0.005301912,-0.002695719,-0.010057099,-0.012314936,-0.020433012,-0.026548684
2026-07-30T00:16:39.212Z,1001,inference,Clean_Air,0,98,0,0.061259247,0.004355337,0.005301912,-0.002695719,-0.010057099,-0.012314936,-0.020433012,-0.026548684
2026-07-30T00:16:39.685Z,1001,inference,Clean_Air,0,97,0,0.061457746,0.004409942,0.005246523,-0.002685271,-0.010052394,-0.01231391,-0.020444283,-0.026550245
2026-07-30T00:16:40.260Z,1001,inference,Clean_Air,0,98,0,0.062371094,0.004415121,0.005283828,-0.002715291,-0.010049516,-0.012308614,-0.020458547,-0.026601072
2026-07-30T00:16:40.813Z,1001,inference,Clean_Air,0,98,0,0.062588029,0.004405998,0.005294336,-0.002722865,-0.010009093,-0.01228971,-0.020464243,-0.02656368
2026-07-30T00:16:41.210Z,1001,inference,Clean_Air,0,98,0,0.061871462,0.004426374,0.005317384,-0.002701774,-0.009985945,-0.012374689,-0.020481717,-0.02659891
2026-07-30T00:16:41.701Z,1001,inference,Clean_Air,0,98,0,0.061871462,0.004426374,0.005317384,-0.002701774,-0.009985945,-0.012374689,-0.020481717,-0.02659891
2026-07-30T00:16:42.246Z,1001,inference,Clean_Air,0,98,0,0.06188659,0.004351339,0.005299082,-0.002708718,-0.010004302,-0.012392746,-0.020496676,-0.026589688
2026-07-30T00:16:42.830Z,1001,inference,Clean_Air,0,98,0,0.061330222,0.004352503,0.005295579,-0.002698292,-0.010018801,-0.012386626,-0.020506557,-0.026564211
2026-07-30T00:16:43.206Z,1001,inference,Clean_Air,0,98,0,0.061314095,0.004374367,0.005273336,-0.002686485,-0.010035491,-0.012386604,-0.020551901,-0.026564077
2026-07-30T00:16:43.681Z,1001,inference,Clean_Air,0,98,0,0.061314095,0.004374367,0.005273336,-0.002686485,-0.010035491,-0.012386604,-0.020551901,-0.026564077
2026-07-30T00:16:44.261Z,1001,inference,Clean_Air,0,98,0,0.061487399,0.00430486,0.005274802,-0.002641735,-0.010034053,-0.012375982,-0.020565772,-0.026563043
2026-07-30T00:16:44.789Z,1001,inference,Clean_Air,0,98,0,0.062015176,0.00427636,0.005262605,-0.00263798,-0.010062077,-0.012389915,-0.020537561,-0.026533451
2026-07-30T00:16:45.341Z,1001,inference,Clean_Air,0,98,0,0.061712034,0.004269476,0.005332749,-0.002666048,-0.010054436,-0.012417587,-0.020538792,-0.026448589
2026-07-30T00:16:45.668Z,1001,inference,Clean_Air,0,98,0,0.061712034,0.004269476,0.005332749,-0.002666048,-0.010054436,-0.012417587,-0.020538792,-0.026448589
2026-07-30T00:16:46.150Z,1001,inference,Clean_Air,0,98,0,0.061712034,0.004269476,0.005332749,-0.002666048,-0.010054436,-0.012417587,-0.020538792,-0.026448589
2026-07-30T00:16:46.649Z,1001,inference,Clean_Air,0,98,0,0.061712034,0.004269476,0.005332749,-0.002666048,-0.010054436,-0.012417587,-0.020538792,-0.026448589
2026-07-30T00:16:47.143Z,1001,inference,Clean_Air,0,98,0,0.061712034,0.004269476,0.005332749,-0.002666048,-0.010054436,-0.012417587,-0.020538792,-0.026448589
2026-07-30T00:16:47.746Z,1001,inference,Clean_Air,0,98,0,0.062055103,0.004269503,0.005330298,-0.002665978,-0.010064594,-0.012332544,-0.02051774,-0.026460525
2026-07-30T00:16:48.284Z,1001,inference,Clean_Air,0,98,0,0.061720271,0.004262103,0.005260487,-0.00264458,-0.010071985,-0.012322724,-0.020511782,-0.026481684
2026-07-30T00:16:48.680Z,1001,inference,Clean_Air,0,98,0,0.061002653,0.00431645,0.00527365,-0.002621917,-0.010084131,-0.012370006,-0.020478658,-0.026501384
2026-07-30T00:16:49.158Z,1001,inference,Clean_Air,0,98,0,0.061002653,0.00431645,0.00527365,-0.002621917,-0.010084131,-0.012370006,-0.020478658,-0.026501384
2026-07-30T00:16:49.701Z,1001,inference,Clean_Air,0,98,0,0.061205905,0.004292607,0.005262674,-0.002635641,-0.01007815,-0.012348433,-0.020464057,-0.026508471
2026-07-30T00:16:50.279Z,1001,inference,Clean_Air,0,98,0,0.061692894,0.004363731,0.005275817,-0.002678693,-0.010051453,-0.012323369,-0.020438302,-0.026485384
2026-07-30T00:16:50.660Z,1001,inference,Clean_Air,0,98,0,0.06181274,0.004345254,0.005341113,-0.002681098,-0.010059585,-0.012344687,-0.020413449,-0.026491588
2026-07-30T00:16:51.138Z,1001,inference,Clean_Air,0,98,0,0.06181274,0.004345254,0.005341113,-0.002681098,-0.010059585,-0.012344687,-0.020413449,-0.026491588
2026-07-30T00:16:51.715Z,1001,inference,Clean_Air,0,98,0,0.061003901,0.00432822,0.005372894,-0.002707984,-0.010023711,-0.012362172,-0.020488482,-0.026490938
2026-07-30T00:16:52.265Z,1001,inference,Clean_Air,0,98,0,0.060421597,0.00441648,0.005394806,-0.002716007,-0.010010006,-0.012322636,-0.020464556,-0.026505699
2026-07-30T00:16:52.661Z,1001,inference,Clean_Air,0,98,0,0.060436875,0.004452266,0.005375281,-0.00272917,-0.009987807,-0.012323623,-0.020505775,-0.026520867
2026-07-30T00:16:53.140Z,1001,inference,Clean_Air,0,98,0,0.060436875,0.004452266,0.005375281,-0.00272917,-0.009987807,-0.012323623,-0.020505775,-0.026520867
2026-07-30T00:16:53.687Z,1001,inference,Clean_Air,0,98,0,0.060762256,0.004467755,0.00529849,-0.002680812,-0.009999199,-0.012306035,-0.020500233,-0.026530683
2026-07-30T00:16:54.250Z,1001,inference,Clean_Air,0,98,0,0.060505725,0.004422564,0.005336232,-0.002719051,-0.009990538,-0.012375945,-0.020505611,-0.026524847
2026-07-30T00:16:54.799Z,1001,inference,Clean_Air,0,98,0,0.06032284,0.004420266,0.005338061,-0.002740253,-0.010005987,-0.012390934,-0.020522494,-0.026510846
2026-07-30T00:16:55.361Z,1001,inference,Clean_Air,0,98,0,0.060793541,0.004422175,0.005322239,-0.002740341,-0.009989513,-0.012360594,-0.020503152,-0.026505092
2026-07-30T00:16:55.668Z,1001,inference,Clean_Air,0,98,0,0.060793541,0.004422175,0.005322239,-0.002740341,-0.009989513,-0.012360594,-0.020503152,-0.026505092
2026-07-30T00:16:56.141Z,1001,inference,Clean_Air,0,98,0,0.060793541,0.004422175,0.005322239,-0.002740341,-0.009989513,-0.012360594,-0.020503152,-0.026505092
2026-07-30T00:16:56.640Z,1001,inference,Clean_Air,0,98,0,0.060793541,0.004422175,0.005322239,-0.002740341,-0.009989513,-0.012360594,-0.020503152,-0.026505092
2026-07-30T00:16:57.146Z,1001,inference,Clean_Air,0,98,0,0.060793541,0.004422175,0.005322239,-0.002740341,-0.009989513,-0.012360594,-0.020503152,-0.026505092
2026-07-30T00:16:57.754Z,1001,inference,Clean_Air,0,98,0,0.0611329,0.004424714,0.005300029,-0.002742558,-0.00999237,-0.012372728,-0.02050413,-0.026495159
2026-07-30T00:16:58.288Z,1001,inference,Clean_Air,0,98,0,0.060827177,0.004435684,0.005318019,-0.002693902,-0.010027891,-0.012394093,-0.020518823,-0.026515028
2026-07-30T00:16:58.698Z,1001,inference,Clean_Air,0,97,0,0.061429512,0.004450627,0.005253327,-0.00267933,-0.010015438,-0.012378046,-0.020556569,-0.026539672
2026-07-30T00:16:59.177Z,1001,inference,Clean_Air,0,97,0,0.061429512,0.004450627,0.005253327,-0.00267933,-0.010015438,-0.012378046,-0.020556569,-0.026539672
2026-07-30T00:16:59.722Z,1001,inference,Clean_Air,0,97,0,0.061464541,0.004447351,0.005226638,-0.002668266,-0.010042133,-0.012370159,-0.020488845,-0.026528751
2026-07-30T00:17:00.303Z,1001,inference,Clean_Air,0,97,0,0.061647378,0.004422865,0.005196508,-0.002660704,-0.01004878,-0.012394396,-0.020506706,-0.026524231
2026-07-30T00:17:00.672Z,1001,inference,Clean_Air,0,97,0,0.061176024,0.0044393,0.005230537,-0.002651911,-0.010032089,-0.012391523,-0.020468799,-0.026496148
2026-07-30T00:17:01.161Z,1001,inference,Clean_Air,0,97,0,0.061176024,0.0044393,0.005230537,-0.002651911,-0.010032089,-0.012391523,-0.020468799,-0.026496148
2026-07-30T00:17:01.729Z,1001,inference,Clean_Air,0,97,0,0.060131263,0.004436206,0.00520235,-0.002662767,-0.010024461,-0.012372969,-0.02045149,-0.026477963
2026-07-30T00:17:02.267Z,1001,inference,Clean_Air,0,98,0,0.059704334,0.004432797,0.005266073,-0.002634364,-0.010017001,-0.012372021,-0.020464925,-0.026492011
2026-07-30T00:17:02.678Z,1001,inference,Clean_Air,0,98,0,0.060263347,0.004431706,0.005316987,-0.002639174,-0.010038888,-0.012375132,-0.020443983,-0.026455084
2026-07-30T00:17:03.156Z,1001,inference,Clean_Air,0,98,0,0.060263347,0.004431706,0.005316987,-0.002639174,-0.010038888,-0.012375132,-0.020443983,-0.026455084
2026-07-30T00:17:03.701Z,1001,inference,Clean_Air,0,98,0,0.060782671,0.004443419,0.005294004,-0.002629548,-0.010077716,-0.012369349,-0.020447977,-0.026476428
2026-07-30T00:17:04.289Z,1001,inference,Clean_Air,0,98,0,0.06105458,0.004449825,0.005301269,-0.002612442,-0.010095642,-0.012368089,-0.020470854,-0.026486281
2026-07-30T00:17:04.666Z,1001,inference,Clean_Air,0,98,0,0.061321963,0.004370485,0.005311839,-0.002620811,-0.010087023,-0.01239117,-0.020453747,-0.026499014
2026-07-30T00:17:05.145Z,1001,inference,Clean_Air,0,98,0,0.061321963,0.004370485,0.005311839,-0.002620811,-0.010087023,-0.01239117,-0.020453747,-0.026499014
2026-07-30T00:17:05.709Z,1001,inference,Clean_Air,0,98,0,0.060716271,0.004328087,0.005293214,-0.00265187,-0.010110038,-0.012393285,-0.020464281,-0.026552921
2026-07-30T00:17:06.167Z,1001,inference,Clean_Air,0,98,0,0.060716271,0.004328087,0.005293214,-0.00265187,-0.010110038,-0.012393285,-0.020464281,-0.026552921
2026-07-30T00:17:06.644Z,1001,inference,Clean_Air,0,98,0,0.060716271,0.004328087,0.005293214,-0.00265187,-0.010110038,-0.012393285,-0.020464281,-0.026552921
2026-07-30T00:17:07.141Z,1001,inference,Clean_Air,0,98,0,0.060716271,0.004328087,0.005293214,-0.00265187,-0.010110038,-0.012393285,-0.020464281,-0.026552921
2026-07-30T00:17:07.655Z,1001,inference,Clean_Air,0,98,0,0.060716271,0.004328087,0.005293214,-0.00265187,-0.010110038,-0.012393285,-0.020464281,-0.026552921
2026-07-30T00:17:08.216Z,1001,inference,Clean_Air,0,98,0,0.061588366,0.004338262,0.005320926,-0.002645198,-0.010108805,-0.012381713,-0.020451155,-0.02650151
2026-07-30T00:17:08.757Z,1001,inference,Clean_Air,0,98,0,0.061116539,0.004358882,0.005313611,-0.002641853,-0.010120463,-0.012349382,-0.020433906,-0.026410904
2026-07-30T00:17:09.159Z,1001,inference,Clean_Air,0,98,0,0.060844414,0.004327601,0.005312583,-0.00264997,-0.010144268,-0.012281364,-0.020442536,-0.02645025
2026-07-30T00:17:09.703Z,1001,inference,Clean_Air,0,98,0,0.060844414,0.004327601,0.005312583,-0.00264997,-0.010144268,-0.012281364,-0.020442536,-0.02645025
2026-07-30T00:17:10.176Z,1001,inference,Clean_Air,0,98,0,0.060848139,0.004316437,0.005411427,-0.002651501,-0.010141238,-0.012299038,-0.020454677,-0.026456777
2026-07-30T00:17:10.758Z,1001,inference,Clean_Air,0,98,0,0.061497848,0.00431319,0.005371017,-0.002636291,-0.010138402,-0.01230629,-0.020431921,-0.02644057
2026-07-30T00:17:11.282Z,1001,inference,Clean_Air,0,98,0,0.06075583,0.00435763,0.005343794,-0.002651078,-0.010131843,-0.012299689,-0.02043817,-0.026457846
2026-07-30T00:17:11.681Z,1001,inference,Clean_Air,0,98,0,0.060234558,0.004356756,0.005378594,-0.002652199,-0.010122672,-0.01228305,-0.020465795,-0.02645551
2026-07-30T00:17:12.227Z,1001,inference,Clean_Air,0,98,0,0.060234558,0.004356756,0.005378594,-0.002652199,-0.010122672,-0.01228305,-0.020465795,-0.02645551
2026-07-30T00:17:12.707Z,1001,inference,Clean_Air,0,98,0,0.059577383,0.004355251,0.005464509,-0.002609674,-0.010124343,-0.012280712,-0.020452388,-0.02644586
2026-07-30T00:17:13.294Z,1001,inference,Clean_Air,0,98,0,0.059723001,0.004423866,0.005442841,-0.002629903,-0.010105869,-0.012259337,-0.020463085,-0.026439328
2026-07-30T00:17:13.819Z,1001,inference,Clean_Air,0,98,0,0.060105316,0.004470898,0.005472743,-0.002603156,-0.010058521,-0.012254762,-0.020440802,-0.026337158
2026-07-30T00:17:14.238Z,1001,inference,Clean_Air,0,98,0,0.059261627,0.004469104,0.005458845,-0.002607942,-0.010082485,-0.012208073,-0.020461172,-0.026421687
2026-07-30T00:17:14.720Z,1001,inference,Clean_Air,0,98,0,0.059261627,0.004469104,0.005458845,-0.002607942,-0.010082485,-0.012208073,-0.020461172,-0.026421687
2026-07-30T00:17:15.265Z,1001,inference,Clean_Air,0,98,0,0.059473842,0.004388457,0.005475686,-0.002625954,-0.01009099,-0.012222243,-0.020491812,-0.026499182
2026-07-30T00:17:15.825Z,1001,inference,Clean_Air,0,98,0,0.059651751,0.004393046,0.005430509,-0.002603217,-0.010089158,-0.012282674,-0.020486232,-0.026483715
2026-07-30T00:17:16.167Z,1001,inference,Clean_Air,0,98,0,0.059651751,0.004393046,0.005430509,-0.002603217,-0.010089158,-0.012282674,-0.020486232,-0.026483715
2026-07-30T00:17:16.650Z,1001,inference,Clean_Air,0,98,0,0.059651751,0.004393046,0.005430509,-0.002603217,-0.010089158,-0.012282674,-0.020486232,-0.026483715
2026-07-30T00:17:17.152Z,1001,inference,Clean_Air,0,98,0,0.059651751,0.004393046,0.005430509,-0.002603217,-0.010089158,-0.012282674,-0.020486232,-0.026483715
2026-07-30T00:17:17.654Z,1001,inference,Clean_Air,0,98,0,0.059651751,0.004393046,0.005430509,-0.002603217,-0.010089158,-0.012282674,-0.020486232,-0.026483715
2026-07-30T00:17:18.235Z,1001,inference,Clean_Air,0,98,0,0.059553444,0.004431869,0.005379588,-0.00258609,-0.010094268,-0.012297311,-0.020492535,-0.026496399
2026-07-30T00:17:18.759Z,1001,inference,Clean_Air,0,98,0,0.059649449,0.004481415,0.00543372,-0.002607264,-0.010131437,-0.012329238,-0.020489959,-0.026511211
2026-07-30T00:17:19.179Z,1001,inference,Clean_Air,0,98,0,0.060424499,0.004447045,0.005465424,-0.002602537,-0.010119626,-0.012326315,-0.020469269,-0.026501566
2026-07-30T00:17:19.666Z,1001,inference,Clean_Air,0,98,0,0.060424499,0.004447045,0.005465424,-0.002602537,-0.010119626,-0.012326315,-0.020469269,-0.026501566
2026-07-30T00:17:20.211Z,1001,inference,Clean_Air,0,98,0,0.060783464,0.00448168,0.005420984,-0.002609926,-0.010087891,-0.012339041,-0.020468041,-0.026510239
2026-07-30T00:17:20.790Z,1001,inference,Clean_Air,0,98,0,0.060555279,0.004473476,0.005420455,-0.00265085,-0.010101845,-0.01232958,-0.020460626,-0.026498457
2026-07-30T00:17:21.166Z,1001,inference,Clean_Air,0,98,0,0.060177524,0.004511039,0.00542671,-0.002619318,-0.010125669,-0.012317097,-0.020456852,-0.026504934
2026-07-30T00:17:21.649Z,1001,inference,Clean_Air,0,98,0,0.060177524,0.004511039,0.00542671,-0.002619318,-0.010125669,-0.012317097,-0.020456852,-0.026504934
2026-07-30T00:17:22.224Z,1001,inference,Clean_Air,0,98,0,0.06041757,0.004521599,0.005405448,-0.002658845,-0.01013819,-0.01231609,-0.020471256,-0.026525771
2026-07-30T00:17:22.750Z,1001,inference,Clean_Air,0,98,0,0.061041258,0.00452968,0.005408056,-0.002631551,-0.010121429,-0.012373434,-0.020460304,-0.02652123
2026-07-30T00:17:23.162Z,1001,inference,Clean_Air,0,98,0,0.061847121,0.004607697,0.005475153,-0.002612093,-0.010121574,-0.012303217,-0.020420486,-0.026524719
2026-07-30T00:17:23.641Z,1001,inference,Clean_Air,0,98,0,0.061847121,0.004607697,0.005475153,-0.002612093,-0.010121574,-0.012303217,-0.020420486,-0.026524719
2026-07-30T00:17:24.190Z,1001,inference,Clean_Air,0,98,0,0.062567331,0.004610038,0.005521877,-0.002634068,-0.010130761,-0.012310539,-0.02041507,-0.026530633
2026-07-30T00:17:24.773Z,1001,inference,Clean_Air,0,98,0,0.06293948,0.004622838,0.005494014,-0.002652858,-0.01010848,-0.012302739,-0.020384589,-0.026521474
2026-07-30T00:17:25.300Z,1001,inference,Clean_Air,0,98,0,0.062406827,0.004565846,0.005410988,-0.002633809,-0.010090263,-0.012276385,-0.020401835,-0.026500758
2026-07-30T00:17:25.853Z,1001,inference,Clean_Air,0,98,0,0.062323593,0.004544217,0.005388063,-0.002604631,-0.010093343,-0.01228168,-0.020423885,-0.026519204
2026-07-30T00:17:26.175Z,1001,inference,Clean_Air,0,98,0,0.062323593,0.004544217,0.005388063,-0.002604631,-0.010093343,-0.01228168,-0.020423885,-0.026519204
2026-07-30T00:17:26.692Z,1001,inference,Clean_Air,0,98,0,0.062323593,0.004544217,0.005388063,-0.002604631,-0.010093343,-0.01228168,-0.020423885,-0.026519204
2026-07-30T00:17:27.140Z,1001,inference,Clean_Air,0,98,0,0.062323593,0.004544217,0.005388063,-0.002604631,-0.010093343,-0.01228168,-0.020423885,-0.026519204
2026-07-30T00:17:27.642Z,1001,inference,Clean_Air,0,98,0,0.062323593,0.004544217,0.005388063,-0.002604631,-0.010093343,-0.01228168,-0.020423885,-0.026519204
2026-07-30T00:17:28.268Z,1001,inference,Clean_Air,0,98,0,0.061557733,0.004511072,0.005419882,-0.002593012,-0.010138435,-0.012298635,-0.020432757,-0.026517365
2026-07-30T00:17:28.796Z,1001,inference,Clean_Air,0,98,0,0.061284333,0.004523323,0.005343874,-0.002621738,-0.010130459,-0.012325822,-0.020453896,-0.02654252
2026-07-30T00:17:29.212Z,1001,inference,Clean_Air,0,98,0,0.061704826,0.004491273,0.005350759,-0.002626178,-0.010101152,-0.012343328,-0.020463845,-0.02653341
2026-07-30T00:17:29.700Z,1001,inference,Clean_Air,0,98,0,0.061704826,0.004491273,0.005350759,-0.002626178,-0.010101152,-0.012343328,-0.020463845,-0.02653341
2026-07-30T00:17:30.234Z,1001,inference,Clean_Air,0,98,0,0.061025269,0.004500239,0.005362843,-0.002603169,-0.010127919,-0.012350478,-0.020451235,-0.026523853
2026-07-30T00:17:30.814Z,1001,inference,Clean_Air,0,98,0,0.060527276,0.00449898,0.005355132,-0.002618628,-0.010133235,-0.012356104,-0.020452389,-0.026535269
2026-07-30T00:17:31.186Z,1001,inference,Clean_Air,0,98,0,0.0603198,0.004491318,0.005357338,-0.002636475,-0.010121464,-0.01247599,-0.020461818,-0.026530702
2026-07-30T00:17:31.677Z,1001,inference,Clean_Air,0,98,0,0.0603198,0.004491318,0.005357338,-0.002636475,-0.010121464,-0.01247599,-0.020461818,-0.026530702
2026-07-30T00:17:32.240Z,1001,inference,Clean_Air,0,98,0,0.060128681,0.004495234,0.005357982,-0.002617255,-0.010114999,-0.012481243,-0.020466587,-0.026549917
2026-07-30T00:17:32.787Z,1001,inference,Clean_Air,0,98,0,0.05973224,0.004449683,0.005399371,-0.002605916,-0.010117233,-0.012513595,-0.020473504,-0.026542693
2026-07-30T00:17:33.198Z,1001,inference,Clean_Air,0,98,0,0.060072422,0.00445976,0.005399622,-0.002619631,-0.010121429,-0.012525698,-0.020497939,-0.026545221
2026-07-30T00:17:33.750Z,1001,inference,Clean_Air,0,98,0,0.060072422,0.00445976,0.005399622,-0.002619631,-0.010121429,-0.012525698,-0.020497939,-0.026545221
2026-07-30T00:17:34.222Z,1001,inference,Clean_Air,0,98,0,0.059303589,0.004460133,0.005395768,-0.00267921,-0.010130769,-0.01251433,-0.020483986,-0.026529256
2026-07-30T00:17:34.797Z,1001,inference,Clean_Air,0,98,0,0.059766192,0.004481995,0.005371104,-0.002676523,-0.01011591,-0.01251814,-0.020449329,-0.026513401
2026-07-30T00:17:35.327Z,1001,inference,Clean_Air,0,98,0,0.060021617,0.00447671,0.005354789,-0.002701606,-0.010098507,-0.012500532,-0.02042624,-0.026475068
2026-07-30T00:17:35.866Z,1001,inference,Clean_Air,0,98,0,0.060061704,0.004468566,0.00531526,-0.002697917,-0.010104584,-0.012502,-0.0204056,-0.026445564
2026-07-30T00:17:36.171Z,1001,inference,Clean_Air,0,98,0,0.060061704,0.004468566,0.00531526,-0.002697917,-0.010104584,-0.012502,-0.0204056,-0.026445564
2026-07-30T00:17:36.643Z,1001,inference,Clean_Air,0,98,0,0.060061704,0.004468566,0.00531526,-0.002697917,-0.010104584,-0.012502,-0.0204056,-0.026445564
2026-07-30T00:17:37.141Z,1001,inference,Clean_Air,0,98,0,0.060061704,0.004468566,0.00531526,-0.002697917,-0.010104584,-0.012502,-0.0204056,-0.026445564
2026-07-30T00:17:37.642Z,1001,inference,Clean_Air,0,98,0,0.060061704,0.004468566,0.00531526,-0.002697917,-0.010104584,-0.012502,-0.0204056,-0.026445564
2026-07-30T00:17:38.263Z,1001,inference,Clean_Air,0,98,0,0.060278039,0.004423229,0.005288432,-0.002684429,-0.010090711,-0.012512644,-0.020411622,-0.026461046
2026-07-30T00:17:38.809Z,1001,inference,Clean_Air,0,98,0,0.060950495,0.004412693,0.005312198,-0.002695644,-0.010107123,-0.012526785,-0.020422015,-0.026467379
2026-07-30T00:17:39.225Z,1001,inference,Clean_Air,0,98,0,0.060719173,0.004421062,0.005316548,-0.00261807,-0.010183004,-0.012479207,-0.020429356,-0.026472608
2026-07-30T00:17:39.713Z,1001,inference,Clean_Air,0,98,0,0.060719173,0.004421062,0.005316548,-0.00261807,-0.010183004,-0.012479207,-0.020429356,-0.026472608
2026-07-30T00:17:40.259Z,1001,inference,Clean_Air,0,98,0,0.060689986,0.004351548,0.005299289,-0.002616013,-0.010180527,-0.012470888,-0.02042087,-0.026468879
2026-07-30T00:17:40.666Z,1001,inference,Clean_Air,0,97,0,0.060896643,0.004329639,0.005255991,-0.002625221,-0.010180802,-0.012453301,-0.020462617,-0.026479799
2026-07-30T00:17:41.149Z,1001,inference,Clean_Air,0,97,0,0.060896643,0.004329639,0.005255991,-0.002625221,-0.010180802,-0.012453301,-0.020462617,-0.026479799
2026-07-30T00:17:41.690Z,1001,inference,Clean_Air,0,97,0,0.060320012,0.004334112,0.005253701,-0.0026244,-0.01016967,-0.012431148,-0.020480238,-0.026477426
2026-07-30T00:17:42.272Z,1001,inference,Clean_Air,0,98,0,0.060370319,0.004351441,0.005262869,-0.002586626,-0.010176206,-0.012455675,-0.020498784,-0.026484663
2026-07-30T00:17:42.797Z,1001,inference,Clean_Air,0,98,0,0.060656965,0.004329969,0.005296199,-0.002599197,-0.010173418,-0.012444548,-0.020526925,-0.026498064
2026-07-30T00:17:43.222Z,1001,inference,Clean_Air,0,98,0,0.061545681,0.004342653,0.005312349,-0.002544141,-0.010178278,-0.01243197,-0.020536399,-0.026522636
2026-07-30T00:17:43.701Z,1001,inference,Clean_Air,0,98,0,0.061545681,0.004342653,0.005312349,-0.002544141,-0.010178278,-0.01243197,-0.020536399,-0.026522636
2026-07-30T00:17:44.250Z,1001,inference,Clean_Air,0,98,0,0.060616277,0.004385136,0.005343377,-0.002574782,-0.010206666,-0.012410318,-0.02059241,-0.026574861
2026-07-30T00:17:44.663Z,1001,inference,Clean_Air,0,98,0,0.060647927,0.004401757,0.005372932,-0.002611789,-0.010192213,-0.012399293,-0.020585289,-0.026544809
2026-07-30T00:17:45.216Z,1001,inference,Clean_Air,0,98,0,0.060647927,0.004401757,0.005372932,-0.002611789,-0.010192213,-0.012399293,-0.020585289,-0.026544809
2026-07-30T00:17:45.688Z,1001,inference,Clean_Air,0,98,0,0.060380735,0.004434639,0.00537258,-0.002589573,-0.010247437,-0.012390519,-0.02057072,-0.026521709
2026-07-30T00:17:46.240Z,1001,inference,Clean_Air,0,98,0,0.059821118,0.004419604,0.005305256,-0.002664547,-0.010191304,-0.012393446,-0.020560268,-0.026520034
2026-07-30T00:17:46.668Z,1001,inference,Clean_Air,0,98,0,0.059821118,0.004419604,0.005305256,-0.002664547,-0.010191304,-0.012393446,-0.020560268,-0.026520034
2026-07-30T00:17:47.152Z,1001,inference,Clean_Air,0,98,0,0.059821118,0.004419604,0.005305256,-0.002664547,-0.010191304,-0.012393446,-0.020560268,-0.026520034
2026-07-30T00:17:47.653Z,1001,inference,Clean_Air,0,98,0,0.059821118,0.004419604,0.005305256,-0.002664547,-0.010191304,-0.012393446,-0.020560268,-0.026520034
2026-07-30T00:17:48.155Z,1001,inference,Clean_Air,0,98,0,0.059821118,0.004419604,0.005305256,-0.002664547,-0.010191304,-0.012393446,-0.020560268,-0.026520034
2026-07-30T00:17:48.720Z,1001,inference,Clean_Air,0,98,0,0.059345789,0.004498386,0.005316317,-0.002687809,-0.010180194,-0.012411554,-0.020571422,-0.026482761
2026-07-30T00:17:49.264Z,1001,inference,Clean_Air,0,98,0,0.059756648,0.004527898,0.005325733,-0.002680172,-0.010193134,-0.012405153,-0.020555185,-0.026467029
2026-07-30T00:17:49.679Z,1001,inference,Clean_Air,0,98,0,0.059580289,0.004516975,0.005332256,-0.002668553,-0.010196854,-0.012336119,-0.020495776,-0.026494801
2026-07-30T00:17:50.232Z,1001,inference,Clean_Air,0,98,0,0.059580289,0.004516975,0.005332256,-0.002668553,-0.010196854,-0.012336119,-0.020495776,-0.026494801
2026-07-30T00:17:50.703Z,1001,inference,Clean_Air,0,98,0,0.059366561,0.004503877,0.005333991,-0.00268564,-0.010168045,-0.012305884,-0.020494107,-0.026477903
2026-07-30T00:17:51.283Z,1001,inference,Clean_Air,0,98,0,0.059048761,0.004510549,0.005340172,-0.002683575,-0.010159824,-0.012282508,-0.020485971,-0.026463985
2026-07-30T00:17:51.829Z,1001,inference,Clean_Air,0,98,0,0.058906,0.004482393,0.005346897,-0.002702072,-0.010169819,-0.012303918,-0.020496575,-0.026453972
2026-07-30T00:17:52.234Z,1001,inference,Clean_Air,0,98,0,0.058987141,0.004387802,0.005420163,-0.002697099,-0.010131436,-0.012303603,-0.020470979,-0.026438724
2026-07-30T00:17:52.717Z,1001,inference,Clean_Air,0,98,0,0.058987141,0.004387802,0.005420163,-0.002697099,-0.010131436,-0.012303603,-0.020470979,-0.026438724
2026-07-30T00:17:53.261Z,1001,inference,Clean_Air,0,98,0,0.05884419,0.004390172,0.005475934,-0.002649995,-0.010159899,-0.012294335,-0.020466041,-0.026441742
2026-07-30T00:17:53.681Z,1001,inference,Clean_Air,0,98,0,0.059297163,0.004381302,0.005505633,-0.002665594,-0.010068133,-0.012287212,-0.020491989,-0.026445698
2026-07-30T00:17:54.167Z,1001,inference,Clean_Air,0,98,0,0.059297163,0.004381302,0.005505633,-0.002665594,-0.010068133,-0.012287212,-0.020491989,-0.026445698
2026-07-30T00:17:54.704Z,1001,inference,Clean_Air,0,98,0,0.059896231,0.004323319,0.005495617,-0.002684828,-0.010033602,-0.012303323,-0.020576339,-0.026469549
2026-07-30T00:17:55.283Z,1001,inference,Clean_Air,0,98,0,0.060507823,0.004311668,0.005482052,-0.002680524,-0.010031157,-0.012317551,-0.020578487,-0.026490737
2026-07-30T00:17:55.830Z,1001,inference,Clean_Air,0,98,0,0.060198389,0.004316042,0.00549567,-0.002688171,-0.010032558,-0.012296817,-0.02057598,-0.026477199
2026-07-30T00:17:56.378Z,1001,inference,Clean_Air,0,98,0,0.060694505,0.00433096,0.005499454,-0.002708579,-0.010038179,-0.012382327,-0.020616727,-0.026457405
2026-07-30T00:17:56.680Z,1001,inference,Clean_Air,0,98,0,0.060694505,0.00433096,0.005499454,-0.002708579,-0.010038179,-0.012382327,-0.020616727,-0.026457405
2026-07-30T00:17:57.192Z,1001,inference,Clean_Air,0,98,0,0.060694505,0.00433096,0.005499454,-0.002708579,-0.010038179,-0.012382327,-0.020616727,-0.026457405
2026-07-30T00:17:57.641Z,1001,inference,Clean_Air,0,98,0,0.060694505,0.00433096,0.005499454,-0.002708579,-0.010038179,-0.012382327,-0.020616727,-0.026457405
2026-07-30T00:17:58.141Z,1001,inference,Clean_Air,0,98,0,0.060694505,0.00433096,0.005499454,-0.002708579,-0.010038179,-0.012382327,-0.020616727,-0.026457405
2026-07-30T00:17:58.766Z,1001,inference,Clean_Air,0,98,0,0.061477918,0.004341453,0.005502204,-0.002685736,-0.010046015,-0.012410061,-0.020643506,-0.026508238
2026-07-30T00:17:59.313Z,1001,inference,Clean_Air,0,98,0,0.061412036,0.00434541,0.005505479,-0.002684666,-0.010041988,-0.012422316,-0.020660078,-0.02650848
2026-07-30T00:17:59.707Z,1001,inference,Clean_Air,0,98,0,0.06054021,0.004297176,0.005480014,-0.00268931,-0.010032497,-0.012427038,-0.020661775,-0.026509464
2026-07-30T00:18:00.251Z,1001,inference,Clean_Air,0,98,0,0.06054021,0.004297176,0.005480014,-0.00268931,-0.010032497,-0.012427038,-0.020661775,-0.026509464
2026-07-30T00:18:00.735Z,1001,inference,Clean_Air,0,98,0,0.060640544,0.004381427,0.005395388,-0.002688978,-0.010047425,-0.012436843,-0.020610185,-0.026486505
2026-07-30T00:18:01.310Z,1001,inference,Clean_Air,0,98,0,0.06045866,0.00436144,0.005329311,-0.002731146,-0.010015225,-0.012447476,-0.020599771,-0.026482865
2026-07-30T00:18:01.676Z,1001,inference,Clean_Air,0,98,0,0.05988111,0.00430625,0.005371199,-0.002723585,-0.010016431,-0.012409395,-0.0205721,-0.026493927
2026-07-30T00:18:02.149Z,1001,inference,Clean_Air,0,98,0,0.05988111,0.00430625,0.005371199,-0.002723585,-0.010016431,-0.012409395,-0.0205721,-0.026493927
2026-07-30T00:18:02.715Z,1001,inference,Clean_Air,0,98,0,0.059875153,0.004390671,0.005377779,-0.002700038,-0.010050325,-0.012393536,-0.0205121,-0.026477819
2026-07-30T00:18:03.258Z,1001,inference,Clean_Air,0,98,0,0.060063411,0.0044268,0.005391026,-0.002693727,-0.010062804,-0.012357607,-0.020514166,-0.026489709
2026-07-30T00:18:03.658Z,1001,inference,Clean_Air,0,98,0,0.060204171,0.004441666,0.005388092,-0.002671242,-0.010059175,-0.012288091,-0.020532221,-0.026523452
2026-07-30T00:18:04.149Z,1001,inference,Clean_Air,0,98,0,0.060204171,0.004441666,0.005388092,-0.002671242,-0.010059175,-0.012288091,-0.020532221,-0.026523452
2026-07-30T00:18:04.692Z,1001,inference,Clean_Air,0,98,0,0.060277026,0.004433579,0.005403087,-0.002656445,-0.010075403,-0.012282006,-0.020513568,-0.026534831
2026-07-30T00:18:05.278Z,1001,inference,Clean_Air,0,98,0,0.060162645,0.004413294,0.005415303,-0.00267498,-0.010079302,-0.012264689,-0.020481253,-0.026520317
2026-07-30T00:18:05.813Z,1001,inference,Clean_Air,0,98,0,0.059845824,0.004372817,0.005404466,-0.002681155,-0.010076365,-0.012257789,-0.020447303,-0.026504371
2026-07-30T00:18:06.222Z,1001,inference,Clean_Air,0,98,0,0.059646137,0.004430655,0.005435639,-0.00267634,-0.010089127,-0.012181623,-0.020415001,-0.026513278
2026-07-30T00:18:06.705Z,1001,inference,Clean_Air,0,98,0,0.059646137,0.004430655,0.005435639,-0.00267634,-0.010089127,-0.012181623,-0.020415001,-0.026513278
2026-07-30T00:18:07.233Z,1001,inference,Clean_Air,0,98,0,0.060435425,0.004411383,0.005406492,-0.002666011,-0.010087443,-0.012168887,-0.020436982,-0.026508013
2026-07-30T00:18:07.670Z,1001,inference,Clean_Air,0,98,0,0.060435425,0.004411383,0.005406492,-0.002666011,-0.010087443,-0.012168887,-0.020436982,-0.026508013
2026-07-30T00:18:08.151Z,1001,inference,Clean_Air,0,98,0,0.060435425,0.004411383,0.005406492,-0.002666011,-0.010087443,-0.012168887,-0.020436982,-0.026508013
2026-07-30T00:18:08.650Z,1001,inference,Clean_Air,0,98,0,0.060435425,0.004411383,0.005406492,-0.002666011,-0.010087443,-0.012168887,-0.020436982,-0.026508013
2026-07-30T00:18:09.148Z,1001,inference,Clean_Air,0,98,0,0.060435425,0.004411383,0.005406492,-0.002666011,-0.010087443,-0.012168887,-0.020436982,-0.026508013
2026-07-30T00:18:09.733Z,1001,inference,Clean_Air,0,98,0,0.060561657,0.004410674,0.005394446,-0.002659586,-0.010132858,-0.012157822,-0.020427687,-0.026526058
2026-07-30T00:18:10.259Z,1001,inference,Clean_Air,0,98,0,0.060710926,0.004445566,0.005305597,-0.002672423,-0.010163313,-0.012193453,-0.020400299,-0.026514137
2026-07-30T00:18:10.677Z,1001,inference,Clean_Air,0,98,0,0.060900789,0.004420842,0.005305669,-0.002690009,-0.010140624,-0.012196447,-0.020390015,-0.026516339
2026-07-30T00:18:11.165Z,1001,inference,Clean_Air,0,98,0,0.060900789,0.004420842,0.005305669,-0.002690009,-0.010140624,-0.012196447,-0.020390015,-0.026516339
2026-07-30T00:18:11.710Z,1001,inference,Clean_Air,0,98,0,0.060133964,0.004431576,0.005294228,-0.002716204,-0.010158869,-0.012146957,-0.02041975,-0.026514867
2026-07-30T00:18:12.280Z,1001,inference,Clean_Air,0,97,0,0.060035061,0.004399522,0.005246362,-0.002736166,-0.010154319,-0.012249035,-0.020424888,-0.026501035
2026-07-30T00:18:12.665Z,1001,inference,Clean_Air,0,97,0,0.060185514,0.004390038,0.005223023,-0.002748207,-0.010145922,-0.012248015,-0.020508163,-0.02647757
2026-07-30T00:18:13.155Z,1001,inference,Clean_Air,0,97,0,0.060185514,0.004390038,0.005223023,-0.002748207,-0.010145922,-0.012248015,-0.020508163,-0.02647757
2026-07-30T00:18:13.728Z,1001,inference,Clean_Air,0,97,0,0.060401581,0.004404643,0.00518606,-0.002730394,-0.010143594,-0.012282357,-0.020515263,-0.026540119
2026-07-30T00:18:14.255Z,1001,inference,Clean_Air,0,97,0,0.060463555,0.004410147,0.005172377,-0.002742529,-0.010163059,-0.012289627,-0.020537559,-0.026545325
2026-07-30T00:18:14.678Z,1001,inference,Clean_Air,0,97,0,0.060910054,0.004430035,0.005161612,-0.002741784,-0.010141279,-0.012337194,-0.020564925,-0.026521713
2026-07-30T00:18:15.161Z,1001,inference,Clean_Air,0,97,0,0.060910054,0.004430035,0.005161612,-0.002741784,-0.010141279,-0.012337194,-0.020564925,-0.026521713
2026-07-30T00:18:15.706Z,1001,inference,Clean_Air,0,97,0,0.060633224,0.004416729,0.005192468,-0.0027594,-0.010157173,-0.012345651,-0.020595443,-0.026567364
2026-07-30T00:18:16.267Z,1001,inference,Clean_Air,0,97,0,0.060401507,0.004437343,0.005223332,-0.002741052,-0.010112735,-0.012365895,-0.020595329,-0.02657876
2026-07-30T00:18:16.820Z,1001,inference,Clean_Air,0,98,0,0.05973665,0.00443301,0.005259532,-0.00269848,-0.01009893,-0.012378165,-0.020642193,-0.026574397
2026-07-30T00:18:17.366Z,1001,inference,Clean_Air,0,98,0,0.058960568,0.004430742,0.005260913,-0.002694454,-0.010119835,-0.012376228,-0.020658856,-0.026599202
2026-07-30T00:18:17.668Z,1001,inference,Clean_Air,0,98,0,0.058960568,0.004430742,0.005260913,-0.002694454,-0.010119835,-0.012376228,-0.020658856,-0.026599202
2026-07-30T00:18:18.149Z,1001,inference,Clean_Air,0,98,0,0.058960568,0.004430742,0.005260913,-0.002694454,-0.010119835,-0.012376228,-0.020658856,-0.026599202
2026-07-30T00:18:18.653Z,1001,inference,Clean_Air,0,98,0,0.058960568,0.004430742,0.005260913,-0.002694454,-0.010119835,-0.012376228,-0.020658856,-0.026599202
2026-07-30T00:18:19.155Z,1001,inference,Clean_Air,0,98,0,0.058960568,0.004430742,0.005260913,-0.002694454,-0.010119835,-0.012376228,-0.020658856,-0.026599202
2026-07-30T00:18:19.771Z,1001,inference,Clean_Air,0,98,0,0.059439253,0.004428248,0.005273914,-0.002669515,-0.010079431,-0.012463276,-0.020619731,-0.02658304
2026-07-30T00:18:20.296Z,1001,inference,Clean_Air,0,98,0,0.059944741,0.004443596,0.005373935,-0.002674259,-0.010087925,-0.01236712,-0.020589733,-0.026585404
2026-07-30T00:18:20.714Z,1001,inference,Clean_Air,0,98,0,0.05930819,0.004441411,0.005379201,-0.002666499,-0.010082669,-0.012295371,-0.020486599,-0.026566345
2026-07-30T00:18:21.267Z,1001,inference,Clean_Air,0,98,0,0.05930819,0.004441411,0.005379201,-0.002666499,-0.010082669,-0.012295371,-0.020486599,-0.026566345
2026-07-30T00:18:21.750Z,1001,inference,Clean_Air,0,98,0,0.058414746,0.004436917,0.005468952,-0.00266722,-0.010089685,-0.012308521,-0.020465713,-0.026504621
2026-07-30T00:18:22.313Z,1001,inference,Clean_Air,0,98,0,0.058337282,0.004467346,0.005486404,-0.002659814,-0.010085681,-0.012314975,-0.020478958,-0.026508462
2026-07-30T00:18:22.698Z,1001,inference,Clean_Air,0,98,0,0.05830083,0.004464477,0.005460498,-0.002654213,-0.010093553,-0.012335691,-0.020450778,-0.026524264
2026-07-30T00:18:23.184Z,1001,inference,Clean_Air,0,98,0,0.05830083,0.004464477,0.005460498,-0.002654213,-0.010093553,-0.012335691,-0.020450778,-0.026524264
2026-07-30T00:18:23.765Z,1001,inference,Clean_Air,0,98,0,0.0576155,0.004483005,0.005455474,-0.002641141,-0.010170041,-0.012349122,-0.020434024,-0.026494488
2026-07-30T00:18:24.293Z,1001,inference,Clean_Air,0,98,0,0.057644278,0.004460006,0.005405265,-0.002646737,-0.010176118,-0.012331625,-0.02048244,-0.02650382
2026-07-30T00:18:24.694Z,1001,inference,Clean_Air,0,98,0,0.057678439,0.004465348,0.005393512,-0.002641756,-0.010171478,-0.01232529,-0.020471932,-0.026500667
2026-07-30T00:18:25.185Z,1001,inference,Clean_Air,0,98,0,0.057678439,0.004465348,0.005393512,-0.002641756,-0.010171478,-0.01232529,-0.020471932,-0.026500667
2026-07-30T00:18:25.732Z,1001,inference,Clean_Air,0,98,0,0.057567645,0.004476763,0.0053722,-0.002633058,-0.010172723,-0.012329068,-0.020461816,-0.026474888
2026-07-30T00:18:26.294Z,1001,inference,Clean_Air,0,98,0,0.057026844,0.004422986,0.005377281,-0.002632073,-0.010179971,-0.012318837,-0.020464646,-0.026490223
2026-07-30T00:18:26.673Z,1001,inference,Clean_Air,0,98,0,0.056835126,0.004399486,0.005280402,-0.002632139,-0.010174556,-0.012392965,-0.020479899,-0.026497144
2026-07-30T00:18:27.150Z,1001,inference,Clean_Air,0,98,0,0.056835126,0.004399486,0.005280402,-0.002632139,-0.010174556,-0.012392965,-0.020479899,-0.026497144
2026-07-30T00:18:27.715Z,1001,inference,Clean_Air,0,98,0,0.057838321,0.004424201,0.005291475,-0.002627545,-0.010181491,-0.012469137,-0.020490402,-0.026505435
2026-07-30T00:18:28.168Z,1001,inference,Clean_Air,0,98,0,0.057838321,0.004424201,0.005291475,-0.002627545,-0.010181491,-0.012469137,-0.020490402,-0.026505435
2026-07-30T00:18:28.639Z,1001,inference,Clean_Air,0,98,0,0.057838321,0.004424201,0.005291475,-0.002627545,-0.010181491,-0.012469137,-0.020490402,-0.026505435
2026-07-30T00:18:29.152Z,1001,inference,Clean_Air,0,98,0,0.057838321,0.004424201,0.005291475,-0.002627545,-0.010181491,-0.012469137,-0.020490402,-0.026505435
2026-07-30T00:18:29.650Z,1001,inference,Clean_Air,0,98,0,0.057838321,0.004424201,0.005291475,-0.002627545,-0.010181491,-0.012469137,-0.020490402,-0.026505435
2026-07-30T00:18:30.236Z,1001,inference,Clean_Air,0,97,0,0.058195591,0.004428209,0.00522023,-0.002628965,-0.010167741,-0.012432592,-0.020515624,-0.026482541
2026-07-30T00:18:30.761Z,1001,inference,Clean_Air,0,97,0,0.058029883,0.004424153,0.00520652,-0.002626102,-0.010177026,-0.01244699,-0.020514866,-0.026507307
2026-07-30T00:18:31.170Z,1001,inference,Clean_Air,0,97,0,0.05803309,0.004432595,0.005230927,-0.002619445,-0.010151554,-0.012433833,-0.020516925,-0.026526069
2026-07-30T00:18:31.650Z,1001,inference,Clean_Air,0,97,0,0.05803309,0.004432595,0.005230927,-0.002619445,-0.010151554,-0.012433833,-0.020516925,-0.026526069
2026-07-30T00:18:32.197Z,1001,inference,Clean_Air,0,98,0,0.057946395,0.004426437,0.005258576,-0.00257614,-0.01007416,-0.012348125,-0.02049827,-0.026447743
2026-07-30T00:18:32.760Z,1001,inference,Clean_Air,0,98,0,0.058336783,0.004448604,0.005289625,-0.002555949,-0.010081101,-0.012352279,-0.020479219,-0.026446402
2026-07-30T00:18:33.312Z,1001,inference,Clean_Air,0,98,0,0.059260674,0.004438739,0.005293066,-0.002589117,-0.010076459,-0.012343897,-0.020460075,-0.02646682
2026-07-30T00:18:33.700Z,1001,inference,Clean_Air,0,98,0,0.059170764,0.004451604,0.005330627,-0.002579056,-0.010051252,-0.012325376,-0.0204504,-0.026374316
2026-07-30T00:18:34.244Z,1001,inference,Clean_Air,0,98,0,0.059170764,0.004451604,0.005330627,-0.002579056,-0.010051252,-0.012325376,-0.0204504,-0.026374316
2026-07-30T00:18:34.728Z,1001,inference,Clean_Air,0,98,0,0.058886267,0.004467336,0.005331642,-0.002573453,-0.010051465,-0.012309736,-0.02045643,-0.026380468
2026-07-30T00:18:35.312Z,1001,inference,Clean_Air,0,98,0,0.05819913,0.004504216,0.005355439,-0.002581222,-0.010043157,-0.012297993,-0.020456899,-0.026378229
2026-07-30T00:18:35.688Z,1001,inference,Clean_Air,0,98,0,0.057325192,0.00451017,0.005356663,-0.002572252,-0.010020614,-0.012266967,-0.020450149,-0.026369795
2026-07-30T00:18:36.169Z,1001,inference,Clean_Air,0,98,0,0.057325192,0.00451017,0.005356663,-0.002572252,-0.010020614,-0.012266967,-0.020450149,-0.026369795
2026-07-30T00:18:36.734Z,1001,inference,Clean_Air,0,98,0,0.056879751,0.004534383,0.005339664,-0.002570407,-0.010023316,-0.012281217,-0.020411313,-0.026368275
2026-07-30T00:18:37.283Z,1001,inference,Clean_Air,0,98,0,0.057432443,0.004481043,0.00536794,-0.002560631,-0.010010757,-0.012272576,-0.020410195,-0.026350308
2026-07-30T00:18:37.842Z,1001,inference,Clean_Air,0,98,0,0.057392471,0.004505933,0.005419686,-0.002585333,-0.010039227,-0.012292773,-0.020418247,-0.026328359
2026-07-30T00:18:38.169Z,1001,inference,Clean_Air,0,98,0,0.057392471,0.004505933,0.005419686,-0.002585333,-0.010039227,-0.012292773,-0.020418247,-0.026328359
2026-07-30T00:18:38.645Z,1001,inference,Clean_Air,0,98,0,0.057392471,0.004505933,0.005419686,-0.002585333,-0.010039227,-0.012292773,-0.020418247,-0.026328359
2026-07-30T00:18:39.176Z,1001,inference,Clean_Air,0,98,0,0.057392471,0.004505933,0.005419686,-0.002585333,-0.010039227,-0.012292773,-0.020418247,-0.026328359
2026-07-30T00:18:39.650Z,1001,inference,Clean_Air,0,98,0,0.057392471,0.004505933,0.005419686,-0.002585333,-0.010039227,-0.012292773,-0.020418247,-0.026328359
2026-07-30T00:18:40.238Z,1001,inference,Clean_Air,0,98,0,0.057807554,0.00446208,0.00540323,-0.002623576,-0.010038455,-0.012393815,-0.020430826,-0.026485885
2026-07-30T00:18:40.775Z,1001,inference,Clean_Air,0,98,0,0.058122914,0.004497805,0.005413253,-0.002637637,-0.010061675,-0.012388865,-0.020501252,-0.026504461
2026-07-30T00:18:41.172Z,1001,inference,Clean_Air,0,98,0,0.057500344,0.004515658,0.005398455,-0.0026263,-0.010078344,-0.012404798,-0.020509224,-0.026516989
2026-07-30T00:18:41.716Z,1001,inference,Clean_Air,0,98,0,0.057500344,0.004515658,0.005398455,-0.0026263,-0.010078344,-0.012404798,-0.020509224,-0.026516989
2026-07-30T00:18:42.187Z,1001,inference,Clean_Air,0,98,0,0.057707846,0.004487874,0.005451444,-0.00263754,-0.010101344,-0.012437459,-0.020519866,-0.026613956
2026-07-30T00:18:42.765Z,1001,inference,Clean_Air,0,98,0,0.057742506,0.004410432,0.005440226,-0.002575564,-0.010136379,-0.012441953,-0.020519944,-0.02661795
2026-07-30T00:18:43.307Z,1001,inference,Clean_Air,0,98,0,0.058809906,0.004370971,0.00545771,-0.002561456,-0.010117989,-0.012445103,-0.020513987,-0.026530867
2026-07-30T00:18:43.724Z,1001,inference,Clean_Air,0,98,0,0.059391536,0.004359284,0.005442494,-0.002572194,-0.010130903,-0.012462881,-0.020536529,-0.026550943
2026-07-30T00:18:44.276Z,1001,inference,Clean_Air,0,98,0,0.059391536,0.004359284,0.005442494,-0.002572194,-0.010130903,-0.012462881,-0.020536529,-0.026550943
2026-07-30T00:18:44.749Z,1001,inference,Clean_Air,0,98,0,0.060524084,0.004344079,0.005530058,-0.002562532,-0.01014204,-0.012446551,-0.020557567,-0.026563
2026-07-30T00:18:45.159Z,1001,inference,Clean_Air,0,98,0,0.060264379,0.004396516,0.005500817,-0.002561598,-0.010142188,-0.012440498,-0.020552106,-0.026561424
2026-07-30T00:18:45.642Z,1001,inference,Clean_Air,0,98,0,0.060264379,0.004396516,0.005500817,-0.002561598,-0.010142188,-0.012440498,-0.020552106,-0.026561424
2026-07-30T00:18:46.189Z,1001,inference,Clean_Air,0,98,0,0.060184311,0.004365167,0.005512985,-0.002581797,-0.010138018,-0.01242017,-0.020570373,-0.026540285
2026-07-30T00:18:46.765Z,1001,inference,Clean_Air,0,98,0,0.060451277,0.004415507,0.005493517,-0.002580175,-0.010113826,-0.012381809,-0.020563418,-0.026390616
2026-07-30T00:18:47.314Z,1001,inference,Clean_Air,0,98,0,0.060275622,0.004360063,0.00548805,-0.002562661,-0.010103988,-0.012421698,-0.020499194,-0.026381141
2026-07-30T00:18:47.867Z,1001,inference,Clean_Air,0,98,0,0.060089327,0.004361134,0.00549459,-0.002565233,-0.010115166,-0.012408104,-0.020502225,-0.026349539
2026-07-30T00:18:48.169Z,1001,inference,Clean_Air,0,98,0,0.060089327,0.004361134,0.00549459,-0.002565233,-0.010115166,-0.012408104,-0.020502225,-0.026349539
2026-07-30T00:18:48.652Z,1001,inference,Clean_Air,0,98,0,0.060089327,0.004361134,0.00549459,-0.002565233,-0.010115166,-0.012408104,-0.020502225,-0.026349539
2026-07-30T00:18:49.153Z,1001,inference,Clean_Air,0,98,0,0.060089327,0.004361134,0.00549459,-0.002565233,-0.010115166,-0.012408104,-0.020502225,-0.026349539
2026-07-30T00:18:49.653Z,1001,inference,Clean_Air,0,98,0,0.060089327,0.004361134,0.00549459,-0.002565233,-0.010115166,-0.012408104,-0.020502225,-0.026349539
2026-07-30T00:18:50.257Z,1001,inference,Clean_Air,0,98,0,0.060900856,0.004368553,0.005396733,-0.002480165,-0.010106645,-0.01239375,-0.020499086,-0.026361173
2026-07-30T00:18:50.802Z,1001,inference,Clean_Air,0,98,0,0.060852118,0.004459099,0.00540074,-0.00253953,-0.010098259,-0.012389863,-0.020499399,-0.026342442
2026-07-30T00:18:51.195Z,1001,inference,Clean_Air,0,98,0,0.0600008,0.004488862,0.005354159,-0.002541778,-0.0101016,-0.012377724,-0.020506795,-0.026428333
2026-07-30T00:18:51.738Z,1001,inference,Clean_Air,0,98,0,0.0600008,0.004488862,0.005354159,-0.002541778,-0.0101016,-0.012377724,-0.020506795,-0.026428333
2026-07-30T00:18:52.220Z,1001,inference,Clean_Air,0,98,0,0.05933404,0.004473114,0.005357641,-0.002540868,-0.010113207,-0.01236703,-0.020507306,-0.026418203
2026-07-30T00:18:52.782Z,1001,inference,Clean_Air,0,98,0,0.058854066,0.004488843,0.005301167,-0.002545471,-0.010086196,-0.0123548,-0.020530876,-0.026410822
2026-07-30T00:18:53.316Z,1001,inference,Clean_Air,0,98,0,0.05922538,0.004479108,0.005312702,-0.002552889,-0.010082169,-0.012350547,-0.020603683,-0.026413381
2026-07-30T00:18:53.715Z,1001,inference,Clean_Air,0,97,0,0.059912283,0.004476647,0.00524152,-0.00253782,-0.010086512,-0.012369012,-0.020609077,-0.026415428
2026-07-30T00:18:54.260Z,1001,inference,Clean_Air,0,97,0,0.059912283,0.004476647,0.00524152,-0.00253782,-0.010086512,-0.012369012,-0.020609077,-0.026415428
2026-07-30T00:18:54.737Z,1001,inference,Clean_Air,0,98,0,0.059236933,0.004486157,0.005337239,-0.002554717,-0.010092508,-0.012386655,-0.020605544,-0.026480079
2026-07-30T00:18:55.317Z,1001,inference,Clean_Air,0,98,0,0.059475571,0.004498944,0.00534096,-0.002581612,-0.010093721,-0.012349637,-0.020604113,-0.026464229
2026-07-30T00:18:55.696Z,1001,inference,Clean_Air,0,98,0,0.059564024,0.004417809,0.005335917,-0.002626952,-0.010073481,-0.012388409,-0.020603172,-0.026491398
2026-07-30T00:18:56.176Z,1001,inference,Clean_Air,0,98,0,0.059564024,0.004417809,0.005335917,-0.002626952,-0.010073481,-0.012388409,-0.020603172,-0.026491398
2026-07-30T00:18:56.751Z,1001,inference,Clean_Air,0,98,0,0.059661567,0.004419871,0.005371813,-0.002709254,-0.010091161,-0.012396754,-0.020571586,-0.026459217
2026-07-30T00:18:57.297Z,1001,inference,Clean_Air,0,98,0,0.060005955,0.004396894,0.005381395,-0.002739202,-0.010093321,-0.012401154,-0.020587202,-0.026481006
2026-07-30T00:18:57.712Z,1001,inference,Clean_Air,0,98,0,0.059914969,0.004379501,0.005412102,-0.002736574,-0.010198472,-0.012428664,-0.020591196,-0.026474619
2026-07-30T00:18:58.203Z,1001,inference,Clean_Air,0,98,0,0.059914969,0.004379501,0.005412102,-0.002736574,-0.010198472,-0.012428664,-0.020591196,-0.026474619
2026-07-30T00:18:58.727Z,1001,inference,Clean_Air,0,98,0,0.060220212,0.004383088,0.005490237,-0.00271788,-0.010199096,-0.012462995,-0.020563144,-0.026492264
2026-07-30T00:18:59.170Z,1001,inference,Clean_Air,0,98,0,0.060220212,0.004383088,0.005490237,-0.00271788,-0.010199096,-0.012462995,-0.020563144,-0.026492264
2026-07-30T00:18:59.644Z,1001,inference,Clean_Air,0,98,0,0.060220212,0.004383088,0.005490237,-0.00271788,-0.010199096,-0.012462995,-0.020563144,-0.026492264
2026-07-30T00:19:00.142Z,1001,inference,Clean_Air,0,98,0,0.060220212,0.004383088,0.005490237,-0.00271788,-0.010199096,-0.012462995,-0.020563144,-0.026492264
2026-07-30T00:19:00.639Z,1001,inference,Clean_Air,0,98,0,0.060220212,0.004383088,0.005490237,-0.00271788,-0.010199096,-0.012462995,-0.020563144,-0.026492264
2026-07-30T00:19:01.222Z,1001,inference,Clean_Air,0,98,0,0.059785515,0.004354215,0.005479835,-0.002733182,-0.010237509,-0.012493169,-0.020554114,-0.026515592
2026-07-30T00:19:01.747Z,1001,inference,Clean_Air,0,98,0,0.059781156,0.004359931,0.005488087,-0.0027242,-0.010237806,-0.012496594,-0.02047025,-0.026508149
2026-07-30T00:19:02.314Z,1001,inference,Clean_Air,0,98,0,0.059428774,0.004384758,0.005563315,-0.002716298,-0.010268707,-0.012486648,-0.020471845,-0.026542511
2026-07-30T00:19:02.700Z,1001,inference,Clean_Air,0,98,0,0.06000023,0.004349913,0.005450082,-0.002694469,-0.010281397,-0.012500216,-0.020462375,-0.026549548
2026-07-30T00:19:03.185Z,1001,inference,Clean_Air,0,98,0,0.06000023,0.004349913,0.005450082,-0.002694469,-0.010281397,-0.012500216,-0.020462375,-0.026549548
2026-07-30T00:19:03.761Z,1001,inference,Clean_Air,0,98,0,0.059106059,0.004345431,0.005433226,-0.002674536,-0.010257805,-0.012501307,-0.020455517,-0.026560783
2026-07-30T00:19:04.298Z,1001,inference,Clean_Air,0,98,0,0.059759855,0.004411252,0.00544341,-0.002626745,-0.010253694,-0.012462826,-0.020442825,-0.026540115
2026-07-30T00:19:04.707Z,1001,inference,Clean_Air,0,98,0,0.058858573,0.004448938,0.005414577,-0.0026314,-0.010237033,-0.01244288,-0.020481564,-0.026552487
2026-07-30T00:19:05.250Z,1001,inference,Clean_Air,0,98,0,0.058858573,0.004448938,0.005414577,-0.0026314,-0.010237033,-0.01244288,-0.020481564,-0.026552487
2026-07-30T00:19:05.718Z,1001,inference,Clean_Air,0,98,0,0.059523433,0.004464343,0.005396039,-0.002609792,-0.010233901,-0.012440394,-0.020459924,-0.02655391
2026-07-30T00:19:06.296Z,1001,inference,Clean_Air,0,98,0,0.059645373,0.004396366,0.005388432,-0.002622458,-0.010214673,-0.012446505,-0.02045859,-0.026576977
2026-07-30T00:19:06.677Z,1001,inference,Clean_Air,0,98,0,0.060024895,0.004389671,0.005332039,-0.002649995,-0.010247195,-0.012438877,-0.020477444,-0.026574854
2026-07-30T00:19:07.168Z,1001,inference,Clean_Air,0,98,0,0.060024895,0.004389671,0.005332039,-0.002649995,-0.010247195,-0.012438877,-0.020477444,-0.026574854
2026-07-30T00:19:07.740Z,1001,inference,Clean_Air,0,98,0,0.059896566,0.00440236,0.005403114,-0.002564178,-0.010216745,-0.012444711,-0.020464655,-0.026553407
2026-07-30T00:19:08.274Z,1001,inference,Clean_Air,0,98,0,0.060132045,0.004409744,0.005465626,-0.002572697,-0.010230626,-0.012474375,-0.020451624,-0.026567364
2026-07-30T00:19:08.819Z,1001,inference,Clean_Air,0,98,0,0.059977729,0.004359226,0.005370877,-0.002546225,-0.010211126,-0.01250352,-0.020432798,-0.026567664
2026-07-30T00:19:09.170Z,1001,inference,Clean_Air,0,98,0,0.059977729,0.004359226,0.005370877,-0.002546225,-0.010211126,-0.01250352,-0.020432798,-0.026567664
2026-07-30T00:19:09.646Z,1001,inference,Clean_Air,0,98,0,0.059977729,0.004359226,0.005370877,-0.002546225,-0.010211126,-0.01250352,-0.020432798,-0.026567664
2026-07-30T00:19:10.142Z,1001,inference,Clean_Air,0,98,0,0.059977729,0.004359226,0.005370877,-0.002546225,-0.010211126,-0.01250352,-0.020432798,-0.026567664
2026-07-30T00:19:10.642Z,1001,inference,Clean_Air,0,98,0,0.059977729,0.004359226,0.005370877,-0.002546225,-0.010211126,-0.01250352,-0.020432798,-0.026567664
2026-07-30T00:19:11.225Z,1001,inference,Clean_Air,0,98,0,0.060506463,0.004367239,0.005479678,-0.002590071,-0.010209652,-0.012484414,-0.020525126,-0.026583234
2026-07-30T00:19:11.749Z,1001,inference,Clean_Air,0,98,0,0.060701478,0.004391623,0.005469387,-0.002590149,-0.010234684,-0.012485486,-0.020502109,-0.026567763
2026-07-30T00:19:12.329Z,1001,inference,Clean_Air,0,98,0,0.060286779,0.004385233,0.005453633,-0.002600583,-0.010252217,-0.012460304,-0.020512396,-0.026565399
2026-07-30T00:19:12.695Z,1001,inference,Clean_Air,0,98,0,0.060406584,0.004388618,0.00548096,-0.002594205,-0.010259482,-0.012459842,-0.020583367,-0.026546817
2026-07-30T00:19:13.168Z,1001,inference,Clean_Air,0,98,0,0.060406584,0.004388618,0.00548096,-0.002594205,-0.010259482,-0.012459842,-0.020583367,-0.026546817
2026-07-30T00:19:13.733Z,1001,inference,Clean_Air,0,98,0,0.059515812,0.004370284,0.005484826,-0.002596207,-0.010251173,-0.012476591,-0.020599779,-0.026538849
2026-07-30T00:19:14.279Z,1001,inference,Clean_Air,0,98,0,0.060378503,0.00445206,0.005487812,-0.002606393,-0.010172037,-0.012483208,-0.020594627,-0.026533758
2026-07-30T00:19:14.670Z,1001,inference,Clean_Air,0,98,0,0.060415238,0.004476299,0.005475816,-0.002583251,-0.010132496,-0.01247076,-0.020614805,-0.026527483
2026-07-30T00:19:15.212Z,1001,inference,Clean_Air,0,98,0,0.060415238,0.004476299,0.005475816,-0.002583251,-0.010132496,-0.01247076,-0.020614805,-0.026527483
2026-07-30T00:19:15.682Z,1001,inference,Clean_Air,0,98,0,0.060447752,0.004476662,0.00540571,-0.002673799,-0.010144344,-0.012485093,-0.020625196,-0.026551496
2026-07-30T00:19:16.257Z,1001,inference,Clean_Air,0,98,0,0.059961654,0.004475802,0.005415848,-0.002677551,-0.010133623,-0.012438116,-0.020666894,-0.026545426
2026-07-30T00:19:16.806Z,1001,inference,Clean_Air,0,98,0,0.059648,0.004522954,0.005481944,-0.002699882,-0.010117258,-0.012413832,-0.020672087,-0.026529232
2026-07-30T00:19:17.195Z,1001,inference,Clean_Air,0,98,0,0.05862271,0.00453532,0.005400558,-0.002679367,-0.010116274,-0.012419991,-0.020608895,-0.026515419
2026-07-30T00:19:17.680Z,1001,inference,Clean_Air,0,98,0,0.05862271,0.00453532,0.005400558,-0.002679367,-0.010116274,-0.012419991,-0.020608895,-0.026515419
2026-07-30T00:19:18.226Z,1001,inference,Clean_Air,0,98,0,0.05876714,0.004514804,0.005402326,-0.002684228,-0.01009428,-0.012433125,-0.020633969,-0.026507998
2026-07-30T00:19:18.785Z,1001,inference,Clean_Air,0,98,0,0.059045762,0.004528455,0.005398542,-0.002678893,-0.010081584,-0.012477907,-0.020661946,-0.026520213
2026-07-30T00:19:19.319Z,1001,inference,Clean_Air,0,98,0,0.059322439,0.004474223,0.005379987,-0.002689408,-0.010075633,-0.012476727,-0.020571705,-0.026556045
2026-07-30T00:19:19.671Z,1001,inference,Clean_Air,0,98,0,0.059322439,0.004474223,0.005379987,-0.002689408,-0.010075633,-0.012476727,-0.020571705,-0.026556045
2026-07-30T00:19:20.141Z,1001,inference,Clean_Air,0,98,0,0.059322439,0.004474223,0.005379987,-0.002689408,-0.010075633,-0.012476727,-0.020571705,-0.026556045
2026-07-30T00:19:20.640Z,1001,inference,Clean_Air,0,98,0,0.059322439,0.004474223,0.005379987,-0.002689408,-0.010075633,-0.012476727,-0.020571705,-0.026556045
2026-07-30T00:19:21.141Z,1001,inference,Clean_Air,0,98,0,0.059322439,0.004474223,0.005379987,-0.002689408,-0.010075633,-0.012476727,-0.020571705,-0.026556045
2026-07-30T00:19:21.722Z,1001,inference,Clean_Air,0,98,0,0.060052842,0.004472096,0.005337422,-0.00269376,-0.010063635,-0.01246212,-0.020553719,-0.02655814
2026-07-30T00:19:22.251Z,1001,inference,Clean_Air,0,98,0,0.059306093,0.004481223,0.005369441,-0.002665054,-0.01008289,-0.012422161,-0.020535568,-0.026553061
2026-07-30T00:19:22.816Z,1001,inference,Clean_Air,0,98,0,0.058802713,0.004487681,0.005354797,-0.002671718,-0.010077545,-0.012408475,-0.020530682,-0.02654618
2026-07-30T00:19:23.193Z,1001,inference,Clean_Air,0,98,0,0.059407048,0.004485276,0.00535426,-0.00267748,-0.01009788,-0.01236916,-0.020521391,-0.026522011
2026-07-30T00:19:23.674Z,1001,inference,Clean_Air,0,98,0,0.059407048,0.004485276,0.00535426,-0.00267748,-0.01009788,-0.01236916,-0.020521391,-0.026522011
2026-07-30T00:19:24.246Z,1001,inference,Clean_Air,0,98,0,0.059079688,0.004417164,0.00527602,-0.002673741,-0.010167303,-0.012397869,-0.020499377,-0.026517505
2026-07-30T00:19:24.781Z,1001,inference,Clean_Air,0,97,0,0.05969926,0.004435342,0.005224298,-0.002652036,-0.010180322,-0.012389818,-0.020485897,-0.026528522
2026-07-30T00:19:25.180Z,1001,inference,Clean_Air,0,97,0,0.06055386,0.004425523,0.005252598,-0.002640781,-0.0101575,-0.012374478,-0.020495759,-0.026529223
2026-07-30T00:19:25.721Z,1001,inference,Clean_Air,0,97,0,0.06055386,0.004425523,0.005252598,-0.002640781,-0.0101575,-0.012374478,-0.020495759,-0.026529223
2026-07-30T00:19:26.203Z,1001,inference,Clean_Air,0,98,0,0.060827237,0.004425191,0.005284505,-0.002640318,-0.010164304,-0.012373098,-0.020504914,-0.026525021
2026-07-30T00:19:26.780Z,1001,inference,Clean_Air,0,98,0,0.060263406,0.004431265,0.005303098,-0.00262859,-0.010149555,-0.01234919,-0.020492198,-0.026508862
2026-07-30T00:19:27.305Z,1001,inference,Clean_Air,0,98,0,0.059959281,0.004462116,0.005322476,-0.002622038,-0.010143457,-0.012344174,-0.02050383,-0.026497727
2026-07-30T00:19:27.724Z,1001,inference,Clean_Air,0,98,0,0.060133945,0.00446036,0.005374421,-0.002611259,-0.010142917,-0.012353227,-0.020502195,-0.026474679
2026-07-30T00:19:28.266Z,1001,inference,Clean_Air,0,98,0,0.060133945,0.00446036,0.005374421,-0.002611259,-0.010142917,-0.012353227,-0.020502195,-0.026474679
2026-07-30T00:19:28.740Z,1001,inference,Clean_Air,0,98,0,0.059967745,0.004448588,0.005362846,-0.002638646,-0.010125874,-0.01237122,-0.020516146,-0.026472339
2026-07-30T00:19:29.318Z,1001,inference,Clean_Air,0,98,0,0.060186733,0.004458717,0.005349902,-0.002633594,-0.010116876,-0.012375776,-0.020498876,-0.026462222
2026-07-30T00:19:29.833Z,1001,inference,Clean_Air,0,98,0,0.060387343,0.004464765,0.005417843,-0.002630209,-0.01010461,-0.01237365,-0.020505475,-0.026466202
2026-07-30T00:19:30.171Z,1001,inference,Clean_Air,0,98,0,0.060387343,0.004464765,0.005417843,-0.002630209,-0.01010461,-0.01237365,-0.020505475,-0.026466202
2026-07-30T00:19:30.640Z,1001,inference,Clean_Air,0,98,0,0.060387343,0.004464765,0.005417843,-0.002630209,-0.01010461,-0.01237365,-0.020505475,-0.026466202
2026-07-30T00:19:31.178Z,1001,inference,Clean_Air,0,98,0,0.060387343,0.004464765,0.005417843,-0.002630209,-0.01010461,-0.01237365,-0.020505475,-0.026466202
2026-07-30T00:19:31.653Z,1001,inference,Clean_Air,0,98,0,0.060387343,0.004464765,0.005417843,-0.002630209,-0.01010461,-0.01237365,-0.020505475,-0.026466202
2026-07-30T00:19:32.239Z,1001,inference,Clean_Air,0,98,0,0.060452729,0.0044564,0.005406098,-0.002668957,-0.010034952,-0.012360319,-0.020513505,-0.026489612
2026-07-30T00:19:32.769Z,1001,inference,Clean_Air,0,98,0,0.060145129,0.004417221,0.005420025,-0.00267908,-0.010033924,-0.012357546,-0.020529335,-0.026495311
2026-07-30T00:19:33.163Z,1001,inference,Clean_Air,0,98,0,0.059888802,0.004423129,0.005405691,-0.002688936,-0.010059087,-0.01238169,-0.020485658,-0.02648594
2026-07-30T00:19:33.706Z,1001,inference,Clean_Air,0,98,0,0.059888802,0.004423129,0.005405691,-0.002688936,-0.010059087,-0.01238169,-0.020485658,-0.02648594
2026-07-30T00:19:34.179Z,1001,inference,Clean_Air,0,98,0,0.059122004,0.004415599,0.005404667,-0.002679277,-0.010051396,-0.012378465,-0.0204414,-0.026509443
2026-07-30T00:19:34.760Z,1001,inference,Clean_Air,0,98,0,0.059846889,0.004405915,0.005388796,-0.002719358,-0.010058875,-0.01238303,-0.020424003,-0.026542559
2026-07-30T00:19:35.298Z,1001,inference,Clean_Air,0,98,0,0.060457218,0.004382367,0.005371023,-0.002721012,-0.01005281,-0.012416409,-0.020428255,-0.026566163
2026-07-30T00:19:35.703Z,1001,inference,Clean_Air,0,98,0,0.059366226,0.004326841,0.005359911,-0.002727074,-0.010081046,-0.012413545,-0.020446582,-0.026566137
2026-07-30T00:19:36.187Z,1001,inference,Clean_Air,0,98,0,0.059366226,0.004326841,0.005359911,-0.002727074,-0.010081046,-0.012413545,-0.020446582,-0.026566137
2026-07-30T00:19:36.736Z,1001,inference,Clean_Air,0,98,0,0.060240209,0.00433242,0.005349682,-0.00269509,-0.010098015,-0.012402317,-0.020442054,-0.026553016
2026-07-30T00:19:37.297Z,1001,inference,Clean_Air,0,98,0,0.060099602,0.004323958,0.005372827,-0.00268368,-0.010090086,-0.012424611,-0.020414777,-0.026573777
2026-07-30T00:19:37.670Z,1001,inference,Clean_Air,0,98,0,0.059633862,0.004323778,0.005296164,-0.002634042,-0.010081828,-0.012426247,-0.02040622,-0.026567971
2026-07-30T00:19:38.154Z,1001,inference,Clean_Air,0,98,0,0.059633862,0.004323778,0.005296164,-0.002634042,-0.010081828,-0.012426247,-0.02040622,-0.026567971
2026-07-30T00:19:38.719Z,1001,inference,Clean_Air,0,98,0,0.059339941,0.004412609,0.005300604,-0.002590186,-0.010060715,-0.012414844,-0.020399831,-0.026556293
2026-07-30T00:19:39.265Z,1001,inference,Clean_Air,0,98,0,0.05973937,0.004417656,0.005300368,-0.002594918,-0.010082399,-0.012420982,-0.020405902,-0.026567429
2026-07-30T00:19:39.667Z,1001,inference,Clean_Air,0,98,0,0.059914656,0.004438596,0.005316426,-0.002572858,-0.010067044,-0.012402029,-0.02044986,-0.026513349
2026-07-30T00:19:40.309Z,1001,inference,Clean_Air,0,98,0,0.059914656,0.004438596,0.005316426,-0.002572858,-0.010067044,-0.012402029,-0.02044986,-0.026513349
2026-07-30T00:19:40.681Z,1001,inference,Clean_Air,0,98,0,0.06009727,0.004439467,0.005317791,-0.002584935,-0.010064314,-0.012383671,-0.020499665,-0.026500812
2026-07-30T00:19:41.145Z,1001,inference,Clean_Air,0,98,0,0.06009727,0.004439467,0.005317791,-0.002584935,-0.010064314,-0.012383671,-0.020499665,-0.026500812
2026-07-30T00:19:41.647Z,1001,inference,Clean_Air,0,98,0,0.06009727,0.004439467,0.005317791,-0.002584935,-0.010064314,-0.012383671,-0.020499665,-0.026500812
2026-07-30T00:19:42.147Z,1001,inference,Clean_Air,0,98,0,0.06009727,0.004439467,0.005317791,-0.002584935,-0.010064314,-0.012383671,-0.020499665,-0.026500812
2026-07-30T00:19:42.649Z,1001,inference,Clean_Air,0,98,0,0.06009727,0.004439467,0.005317791,-0.002584935,-0.010064314,-0.012383671,-0.020499665,-0.026500812
2026-07-30T00:19:43.211Z,1001,inference,Clean_Air,0,98,0,0.059926491,0.004462513,0.005329126,-0.002605342,-0.010081401,-0.012368998,-0.020521199,-0.026467869
2026-07-30T00:19:43.764Z,1001,inference,Clean_Air,0,98,0,0.059360325,0.004463338,0.005347188,-0.00258661,-0.010081437,-0.012344585,-0.020511802,-0.026430424
2026-07-30T00:19:44.159Z,1001,inference,Clean_Air,0,98,0,0.059395969,0.004573603,0.005354001,-0.002583989,-0.010074791,-0.012256255,-0.020499337,-0.026441019
2026-07-30T00:19:44.637Z,1001,inference,Clean_Air,0,98,0,0.059395969,0.004573603,0.005354001,-0.002583989,-0.010074791,-0.012256255,-0.020499337,-0.026441019
2026-07-30T00:19:45.182Z,1001,inference,Clean_Air,0,98,0,0.058578007,0.004582768,0.005400294,-0.002579199,-0.010068526,-0.012255322,-0.020485412,-0.026454661
2026-07-30T00:19:45.761Z,1001,inference,Clean_Air,0,98,0,0.058156401,0.004582603,0.005409676,-0.002604877,-0.010085397,-0.012252467,-0.020513337,-0.026436757
2026-07-30T00:19:46.309Z,1001,inference,Clean_Air,0,98,0,0.058511339,0.004619309,0.005403796,-0.002661567,-0.010082913,-0.012263774,-0.02059512,-0.026452923
2026-07-30T00:19:46.716Z,1001,inference,Clean_Air,0,98,0,0.05932904,0.004591163,0.005423945,-0.002651728,-0.010104135,-0.012272184,-0.020584818,-0.026453357
2026-07-30T00:19:47.268Z,1001,inference,Clean_Air,0,98,0,0.05932904,0.004591163,0.005423945,-0.002651728,-0.010104135,-0.012272184,-0.020584818,-0.026453357
2026-07-30T00:19:47.737Z,1001,inference,Clean_Air,0,98,0,0.059401177,0.004580879,0.005435929,-0.002653487,-0.010076578,-0.012269688,-0.020591818,-0.026440015
2026-07-30T00:19:48.161Z,1001,inference,Clean_Air,0,98,0,0.059515525,0.004550564,0.005422058,-0.002680924,-0.010088913,-0.012255613,-0.020565014,-0.026505053
2026-07-30T00:19:48.709Z,1001,inference,Clean_Air,0,98,0,0.059515525,0.004550564,0.005422058,-0.002680924,-0.010088913,-0.012255613,-0.020565014,-0.026505053
2026-07-30T00:19:49.179Z,1001,inference,Clean_Air,0,98,0,0.060043693,0.004564195,0.005399691,-0.002695774,-0.010108965,-0.012276664,-0.020555422,-0.026503602
2026-07-30T00:19:49.756Z,1001,inference,Clean_Air,0,98,0,0.059595514,0.004548911,0.005413931,-0.002648762,-0.0100974,-0.012321956,-0.020549059,-0.026525054
2026-07-30T00:19:50.302Z,1001,inference,Clean_Air,0,98,0,0.060007863,0.00456133,0.005473611,-0.002661847,-0.010125313,-0.012266822,-0.020526767,-0.02653813
2026-07-30T00:19:50.848Z,1001,inference,Clean_Air,0,98,0,0.060339589,0.004501487,0.005457608,-0.002671109,-0.010119522,-0.012385758,-0.020529982,-0.026539445
2026-07-30T00:19:51.170Z,1001,inference,Clean_Air,0,98,0,0.060339589,0.004501487,0.005457608,-0.002671109,-0.010119522,-0.012385758,-0.020529982,-0.026539445
2026-07-30T00:19:51.643Z,1001,inference,Clean_Air,0,98,0,0.060339589,0.004501487,0.005457608,-0.002671109,-0.010119522,-0.012385758,-0.020529982,-0.026539445
2026-07-30T00:19:52.146Z,1001,inference,Clean_Air,0,98,0,0.060339589,0.004501487,0.005457608,-0.002671109,-0.010119522,-0.012385758,-0.020529982,-0.026539445
2026-07-30T00:19:52.650Z,1001,inference,Clean_Air,0,98,0,0.060339589,0.004501487,0.005457608,-0.002671109,-0.010119522,-0.012385758,-0.020529982,-0.026539445
2026-07-30T00:19:53.253Z,1001,inference,Clean_Air,0,98,0,0.061131489,0.004505342,0.005445953,-0.002690995,-0.010114022,-0.012392825,-0.020542463,-0.02654678
2026-07-30T00:19:53.790Z,1001,inference,Clean_Air,0,98,0,0.061202776,0.004510242,0.005393107,-0.002677115,-0.010106069,-0.012366516,-0.0205622,-0.026552144
2026-07-30T00:19:54.197Z,1001,inference,Clean_Air,0,98,0,0.060381848,0.00446793,0.005421878,-0.002666607,-0.010099947,-0.012359582,-0.020492952,-0.02654155
2026-07-30T00:19:54.676Z,1001,inference,Clean_Air,0,98,0,0.060381848,0.00446793,0.005421878,-0.002666607,-0.010099947,-0.012359582,-0.020492952,-0.02654155
2026-07-30T00:19:55.221Z,1001,inference,Clean_Air,0,98,0,0.060777616,0.00449637,0.005409834,-0.00267183,-0.01010663,-0.012348423,-0.020504896,-0.026458044
2026-07-30T00:19:55.787Z,1001,inference,Clean_Air,0,98,0,0.060726713,0.00451599,0.005413281,-0.002666534,-0.010095375,-0.012354929,-0.020520622,-0.02647306
2026-07-30T00:19:56.171Z,1001,inference,Clean_Air,0,98,0,0.060710978,0.00444967,0.005394582,-0.002679658,-0.010114828,-0.01237523,-0.020549698,-0.026480142
2026-07-30T00:19:56.660Z,1001,inference,Clean_Air,0,98,0,0.060710978,0.00444967,0.005394582,-0.002679658,-0.010114828,-0.01237523,-0.020549698,-0.026480142
2026-07-30T00:19:57.222Z,1001,inference,Clean_Air,0,98,0,0.060358174,0.004408842,0.005467952,-0.002675819,-0.010131941,-0.012372941,-0.020527793,-0.026475605
2026-07-30T00:19:57.767Z,1001,inference,Clean_Air,0,98,0,0.060587924,0.004412741,0.005442369,-0.002690984,-0.010129966,-0.012352559,-0.020531271,-0.02638058
2026-07-30T00:19:58.183Z,1001,inference,Clean_Air,0,98,0,0.060831927,0.004400193,0.005368164,-0.002693269,-0.01010791,-0.012411122,-0.020562336,-0.026347229
2026-07-30T00:19:58.664Z,1001,inference,Clean_Air,0,98,0,0.060831927,0.004400193,0.005368164,-0.002693269,-0.01010791,-0.012411122,-0.020562336,-0.026347229
2026-07-30T00:19:59.210Z,1001,inference,Clean_Air,0,98,0,0.061560012,0.004420465,0.00539158,-0.002691243,-0.010084622,-0.012369873,-0.020572573,-0.02635479
2026-07-30T00:19:59.789Z,1001,inference,Clean_Air,0,98,0,0.060678326,0.004412073,0.00537373,-0.002694243,-0.010099383,-0.012397865,-0.020555491,-0.02635617
2026-07-30T00:20:00.168Z,1001,inference,Clean_Air,0,98,0,0.060912203,0.004402151,0.005375355,-0.00270999,-0.010087676,-0.012457454,-0.020525884,-0.026365418
2026-07-30T00:20:00.646Z,1001,inference,Clean_Air,0,98,0,0.060912203,0.004402151,0.005375355,-0.00270999,-0.010087676,-0.012457454,-0.020525884,-0.026365418
2026-07-30T00:20:01.211Z,1001,inference,Clean_Air,0,98,0,0.061600357,0.004420986,0.005367965,-0.002686066,-0.010092121,-0.012443719,-0.02051091,-0.026363363
2026-07-30T00:20:01.668Z,1001,inference,Clean_Air,0,98,0,0.061600357,0.004420986,0.005367965,-0.002686066,-0.010092121,-0.012443719,-0.02051091,-0.026363363
2026-07-30T00:20:02.148Z,1001,inference,Clean_Air,0,98,0,0.061600357,0.004420986,0.005367965,-0.002686066,-0.010092121,-0.012443719,-0.02051091,-0.026363363
2026-07-30T00:20:02.647Z,1001,inference,Clean_Air,0,98,0,0.061600357,0.004420986,0.005367965,-0.002686066,-0.010092121,-0.012443719,-0.02051091,-0.026363363
2026-07-30T00:20:03.148Z,1001,inference,Clean_Air,0,98,0,0.061600357,0.004420986,0.005367965,-0.002686066,-0.010092121,-0.012443719,-0.02051091,-0.026363363
2026-07-30T00:20:03.731Z,1001,inference,Clean_Air,0,98,0,0.060642906,0.004413169,0.00537553,-0.002700505,-0.010091154,-0.012447167,-0.020502415,-0.026437378
2026-07-30T00:20:04.258Z,1001,inference,Clean_Air,0,98,0,0.060058147,0.004381776,0.005339881,-0.002689016,-0.010094753,-0.012442121,-0.020467075,-0.026416551
2026-07-30T00:20:04.675Z,1001,inference,Clean_Air,0,98,0,0.059043121,0.004473562,0.005360504,-0.002655207,-0.010088011,-0.012431105,-0.020429965,-0.026386555
2026-07-30T00:20:05.227Z,1001,inference,Clean_Air,0,98,0,0.059043121,0.004473562,0.005360504,-0.002655207,-0.010088011,-0.012431105,-0.020429965,-0.026386555
2026-07-30T00:20:05.711Z,1001,inference,Clean_Air,0,98,0,0.059538651,0.004503707,0.005285673,-0.002644803,-0.010077633,-0.012416475,-0.020441571,-0.0264067
2026-07-30T00:20:06.302Z,1001,inference,Clean_Air,0,98,0,0.059876896,0.004479685,0.005302764,-0.00267198,-0.010068214,-0.012336579,-0.020440008,-0.02648076
2026-07-30T00:20:07.659Z,1001,inference,Clean_Air,0,98,0,0.059354879,0.004449254,0.005279824,-0.002642469,-0.010065424,-0.012339081,-0.020450156,-0.026457291
2026-07-30T00:20:08.560Z,1001,inference,Clean_Air,0,98,0,0.059354879,0.004449254,0.005279824,-0.002642469,-0.010065424,-0.012339081,-0.020450156,-0.026457291
2026-07-30T00:20:09.478Z,1001,inference,Clean_Air,0,98,0,0.059354879,0.004449254,0.005279824,-0.002642469,-0.010065424,-0.012339081,-0.020450156,-0.026457291
2026-07-30T00:20:10.629Z,1001,inference,Clean_Air,0,98,0,0.059752095,0.004393985,0.005286915,-0.00269935,-0.010147939,-0.012313886,-0.020486955,-0.026465457
2026-07-30T00:20:11.203Z,1001,inference,Clean_Air,0,98,0,0.059956349,0.004356635,0.005272615,-0.002702677,-0.010159458,-0.012319697,-0.020510295,-0.026492786
2026-07-30T00:20:11.724Z,1001,inference,Clean_Air,0,98,0,0.05938185,0.004366909,0.005274842,-0.002712881,-0.010147884,-0.01236687,-0.020525057,-0.026459713
2026-07-30T00:20:12.172Z,1001,inference,Clean_Air,0,98,0,0.05938185,0.004366909,0.005274842,-0.002712881,-0.010147884,-0.01236687,-0.020525057,-0.026459713
2026-07-30T00:20:12.641Z,1001,inference,Clean_Air,0,98,0,0.05938185,0.004366909,0.005274842,-0.002712881,-0.010147884,-0.01236687,-0.020525057,-0.026459713
2026-07-30T00:20:13.142Z,1001,inference,Clean_Air,0,98,0,0.05938185,0.004366909,0.005274842,-0.002712881,-0.010147884,-0.01236687,-0.020525057,-0.026459713
2026-07-30T00:20:13.642Z,1001,inference,Clean_Air,0,98,0,0.05938185,0.004366909,0.005274842,-0.002712881,-0.010147884,-0.01236687,-0.020525057,-0.026459713
2026-07-30T00:20:14.224Z,1001,inference,Clean_Air,0,97,0,0.0595374,0.004362007,0.005255627,-0.002682926,-0.010166684,-0.012445242,-0.02053603,-0.026446905
2026-07-30T00:20:14.763Z,1001,inference,Clean_Air,0,97,0,0.060614537,0.004358836,0.005245552,-0.002690555,-0.010160398,-0.012450341,-0.020554831,-0.026468035
2026-07-30T00:20:15.329Z,1001,inference,Clean_Air,0,97,0,0.060483348,0.004372281,0.005224438,-0.00269738,-0.01016522,-0.012372946,-0.020568267,-0.02649639
2026-07-30T00:20:15.706Z,1001,inference,Clean_Air,0,97,0,0.060607184,0.004384965,0.005234552,-0.002704199,-0.010178031,-0.012382147,-0.020550972,-0.026524583
2026-07-30T00:20:16.191Z,1001,inference,Clean_Air,0,97,0,0.060607184,0.004384965,0.005234552,-0.002704199,-0.010178031,-0.012382147,-0.020550972,-0.026524583
2026-07-30T00:20:16.768Z,1001,inference,Clean_Air,0,97,0,0.060769964,0.004399008,0.005185853,-0.002690531,-0.010156112,-0.012375878,-0.020542238,-0.026521284
2026-07-30T00:20:17.311Z,1001,inference,Clean_Air,0,97,0,0.06107397,0.004421659,0.005150014,-0.002713962,-0.010163078,-0.012387382,-0.020562667,-0.026530083
2026-07-30T00:20:17.722Z,1001,inference,Clean_Air,0,97,0,0.061123062,0.004388957,0.005178296,-0.002726315,-0.010154597,-0.012392274,-0.020533321,-0.026536012
2026-07-30T00:20:18.201Z,1001,inference,Clean_Air,0,97,0,0.061123062,0.004388957,0.005178296,-0.002726315,-0.010154597,-0.012392274,-0.020533321,-0.026536012
2026-07-30T00:20:18.751Z,1001,inference,Clean_Air,0,97,0,0.061749112,0.004377765,0.005208564,-0.002700954,-0.010181779,-0.012392317,-0.02054232,-0.026569992
2026-07-30T00:20:19.168Z,1001,inference,Clean_Air,0,97,0,0.06192375,0.004401169,0.005233374,-0.002717042,-0.010148106,-0.012399393,-0.020555347,-0.026568949
2026-07-30T00:20:19.717Z,1001,inference,Clean_Air,0,97,0,0.06192375,0.004401169,0.005233374,-0.002717042,-0.010148106,-0.012399393,-0.020555347,-0.026568949
2026-07-30T00:20:20.185Z,1001,inference,Clean_Air,0,97,0,0.062031083,0.00440527,0.00524925,-0.002709284,-0.010162015,-0.012367875,-0.020540558,-0.026614511
2026-07-30T00:20:20.763Z,1001,inference,Clean_Air,0,97,0,0.06152124,0.004344977,0.0052566,-0.002742267,-0.010166737,-0.01236972,-0.020511225,-0.026626676
2026-07-30T00:20:21.311Z,1001,inference,Clean_Air,0,98,0,0.06052975,0.004373332,0.005284334,-0.002743663,-0.010188682,-0.012367205,-0.020492312,-0.026622886
2026-07-30T00:20:21.865Z,1001,inference,Clean_Air,0,98,0,0.060603499,0.004407499,0.005285364,-0.002753766,-0.010188656,-0.012461697,-0.020482894,-0.026598772
2026-07-30T00:20:22.172Z,1001,inference,Clean_Air,0,98,0,0.060603499,0.004407499,0.005285364,-0.002753766,-0.010188656,-0.012461697,-0.020482894,-0.026598772
2026-07-30T00:20:22.652Z,1001,inference,Clean_Air,0,98,0,0.060603499,0.004407499,0.005285364,-0.002753766,-0.010188656,-0.012461697,-0.020482894,-0.026598772
2026-07-30T00:20:23.137Z,1001,inference,Clean_Air,0,98,0,0.060603499,0.004407499,0.005285364,-0.002753766,-0.010188656,-0.012461697,-0.020482894,-0.026598772
2026-07-30T00:20:23.651Z,1001,inference,Clean_Air,0,98,0,0.060603499,0.004407499,0.005285364,-0.002753766,-0.010188656,-0.012461697,-0.020482894,-0.026598772
2026-07-30T00:20:24.260Z,1001,inference,Clean_Air,0,98,0,0.059866279,0.004335563,0.005288786,-0.002728399,-0.010189261,-0.012467633,-0.020462194,-0.026577344
2026-07-30T00:20:24.794Z,1001,inference,Clean_Air,0,98,0,0.059824266,0.004342652,0.00530423,-0.002722302,-0.010174472,-0.012482416,-0.020453284,-0.026582364
2026-07-30T00:20:25.212Z,1001,inference,Clean_Air,0,98,0,0.059622388,0.004349974,0.005406032,-0.002718791,-0.010164401,-0.012476284,-0.020438019,-0.026587853
2026-07-30T00:20:25.697Z,1001,inference,Clean_Air,0,98,0,0.059622388,0.004349974,0.005406032,-0.002718791,-0.010164401,-0.012476284,-0.020438019,-0.026587853
2026-07-30T00:20:26.237Z,1001,inference,Clean_Air,0,98,0,0.059504956,0.004389212,0.005413009,-0.002706761,-0.010140985,-0.012492522,-0.020471547,-0.02654933
2026-07-30T00:20:26.814Z,1001,inference,Clean_Air,0,98,0,0.058830135,0.004332748,0.005441625,-0.002701138,-0.010156976,-0.012518023,-0.020456834,-0.026518986
2026-07-30T00:20:27.195Z,1001,inference,Clean_Air,0,98,0,0.059244461,0.004316128,0.005438221,-0.002685642,-0.010182109,-0.012497218,-0.020454902,-0.026532605
2026-07-30T00:20:27.673Z,1001,inference,Clean_Air,0,98,0,0.059244461,0.004316128,0.005438221,-0.002685642,-0.010182109,-0.012497218,-0.020454902,-0.026532605
2026-07-30T00:20:28.249Z,1001,inference,Clean_Air,0,98,0,0.059792466,0.004310236,0.005418454,-0.002666023,-0.010190582,-0.012498047,-0.020466875,-0.026520669
2026-07-30T00:20:28.799Z,1001,inference,Clean_Air,0,98,0,0.058974385,0.004382858,0.005430768,-0.002627596,-0.010168087,-0.012522057,-0.020477997,-0.026537945
2026-07-30T00:20:29.218Z,1001,inference,Clean_Air,0,98,0,0.059781842,0.004350232,0.005423102,-0.002623707,-0.010175763,-0.012530821,-0.020476978,-0.02655356
2026-07-30T00:20:29.766Z,1001,inference,Clean_Air,0,98,0,0.059781842,0.004350232,0.005423102,-0.002623707,-0.010175763,-0.012530821,-0.020476978,-0.02655356
2026-07-30T00:20:30.239Z,1001,inference,Clean_Air,0,98,0,0.059458293,0.004318735,0.005417809,-0.002614534,-0.010155979,-0.01251747,-0.020490903,-0.026546499
2026-07-30T00:20:30.830Z,1001,inference,Clean_Air,0,98,0,0.060190786,0.004398495,0.005402239,-0.002627306,-0.010158233,-0.012494645,-0.020513585,-0.02656666
2026-07-30T00:20:31.206Z,1001,inference,Clean_Air,0,98,0,0.060192727,0.004399625,0.005418164,-0.002611778,-0.010170549,-0.012494244,-0.020505181,-0.026581604
2026-07-30T00:20:31.677Z,1001,inference,Clean_Air,0,98,0,0.060192727,0.004399625,0.005418164,-0.002611778,-0.010170549,-0.012494244,-0.020505181,-0.026581604
2026-07-30T00:20:32.240Z,1001,inference,Clean_Air,0,98,0,0.059642248,0.004361877,0.005343155,-0.002600371,-0.010147845,-0.012497497,-0.020517772,-0.026585305
2026-07-30T00:20:32.668Z,1001,inference,Clean_Air,0,98,0,0.059642248,0.004361877,0.005343155,-0.002600371,-0.010147845,-0.012497497,-0.020517772,-0.026585305
2026-07-30T00:20:33.143Z,1001,inference,Clean_Air,0,98,0,0.059642248,0.004361877,0.005343155,-0.002600371,-0.010147845,-0.012497497,-0.020517772,-0.026585305
2026-07-30T00:20:33.641Z,1001,inference,Clean_Air,0,98,0,0.059642248,0.004361877,0.005343155,-0.002600371,-0.010147845,-0.012497497,-0.020517772,-0.026585305
2026-07-30T00:20:34.148Z,1001,inference,Clean_Air,0,98,0,0.059642248,0.004361877,0.005343155,-0.002600371,-0.010147845,-0.012497497,-0.020517772,-0.026585305
2026-07-30T00:20:34.726Z,1001,inference,Clean_Air,0,98,0,0.060031779,0.004363004,0.005323284,-0.00259638,-0.010157854,-0.012488253,-0.020532131,-0.026615229
2026-07-30T00:20:35.260Z,1001,inference,Clean_Air,0,98,0,0.059896268,0.004431102,0.005290752,-0.002614527,-0.010120586,-0.012474262,-0.020604556,-0.026610296
2026-07-30T00:20:35.680Z,1001,inference,Clean_Air,0,98,0,0.059539218,0.00445214,0.005311054,-0.002630979,-0.010098236,-0.012478171,-0.020561231,-0.026581416
2026-07-30T00:20:36.164Z,1001,inference,Clean_Air,0,98,0,0.059539218,0.00445214,0.005311054,-0.002630979,-0.010098236,-0.012478171,-0.020561231,-0.026581416
2026-07-30T00:20:36.710Z,1001,inference,Clean_Air,0,98,0,0.058816534,0.004434815,0.005330452,-0.00263986,-0.010053796,-0.01246143,-0.020553997,-0.02655961
2026-07-30T00:20:37.276Z,1001,inference,Clean_Air,0,98,0,0.059239578,0.004361573,0.005317871,-0.002663607,-0.01006571,-0.012432109,-0.020576751,-0.02657187
2026-07-30T00:20:37.821Z,1001,inference,Clean_Air,0,98,0,0.059118241,0.004370342,0.00531889,-0.002655385,-0.010031406,-0.012433656,-0.020596888,-0.026558861
2026-07-30T00:20:38.231Z,1001,inference,Clean_Air,0,98,0,0.059146594,0.004359709,0.005341397,-0.002646593,-0.010050979,-0.012424568,-0.020575272,-0.026593354
2026-07-30T00:20:38.709Z,1001,inference,Clean_Air,0,98,0,0.059146594,0.004359709,0.005341397,-0.002646593,-0.010050979,-0.012424568,-0.020575272,-0.026593354
2026-07-30T00:20:39.257Z,1001,inference,Clean_Air,0,98,0,0.058678478,0.004363267,0.00535797,-0.00264714,-0.010050645,-0.012415296,-0.020573836,-0.02656607
2026-07-30T00:20:39.668Z,1001,inference,Clean_Air,0,98,0,0.058792103,0.004368349,0.005372442,-0.002652658,-0.010038322,-0.012392642,-0.020611163,-0.026554253
2026-07-30T00:20:40.145Z,1001,inference,Clean_Air,0,98,0,0.058792103,0.004368349,0.005372442,-0.002652658,-0.010038322,-0.012392642,-0.020611163,-0.026554253
2026-07-30T00:20:40.691Z,1001,inference,Clean_Air,0,98,0,0.059580624,0.0043983,0.005335758,-0.002676629,-0.01011026,-0.012408918,-0.020629967,-0.026551256
