timeIso;deviceId;mode;gasName;gasClass;confidence;alarm;MQ8;MQ135;MQ3;MQ5;MQ4;MQ7;MQ6;MQ2;Duty Cycle
2026-07-30T04:23:14.748Z;1001;inference;CO2;6;0;0;-0,001153305;0.050489165;0.004532956;1.028.751.493;0,819571972;0.882713795;1.026.242.971;0.301932782;
2026-07-30T04:23:15.339Z;1001;inference;CO2;6;0;0;-0,001172332;0.097997896;0.004379591;1.041.401.148;0,860211372;0.888574779;1.033.313.036;0.349079102;
2026-07-30T04:23:15.798Z;1001;inference;CO2;6;0;0;-0,001195185;0.147027254;0.015094531;1.047.771.335;0,893623829;0.889547527;1.036.751.151;0.388014674;
2026-07-30T04:23:16.259Z;1001;inference;CO2;6;0;0;-0,001195185;0.147027254;0.015094531;1.047.771.335;0,893623829;0.889547527;1.036.751.151;0.388014674;
2026-07-30T04:23:18.442Z;1001;inference;CO2;6;0;0;0,006646758;0.217912912;0.084649727;1.047.477.603;0,915800989;0.872112274;104.119.277;0.428320676;
2026-07-30T04:23:18.900Z;1001;inference;CO2;6;0;0;0,015215974;0.275331318;0.141928598;104.338.181;0,928633034;0.854040504;1.042.260.647;0.459209591;
2026-07-30T04:23:19.362Z;1001;inference;CO2;6;0;0;0,015215974;0.275331318;0.141928598;104.338.181;0,928633034;0.854040504;1.042.260.647;0.459209591;
2026-07-30T04:23:19.784Z;1001;inference;CO2;6;0;0;0,02372366;0.323895901;0.188586056;1.033.952.475;0,932267487;0.833793521;1.038.896.203;0.48376146;
2026-07-30T04:23:20.256Z;1001;inference;CO2;6;0;0;0,02372366;0.323895901;0.188586056;1.033.952.475;0,932267487;0.833793521;1.038.896.203;0.48376146;
2026-07-30T04:23:21.518Z;1001;inference;LPG;1;99;1;0,032133613;0.365176201;0.226069838;1.020.712.495;0,928918481;0.812135696;1.031.840.563;0.503194153;
2026-07-30T04:23:21.531Z;1001;inference;LPG;1;99;1;0,043713719;0.439498425;0.283170074;1.013.843.775;0,95265162;0.789225399;1.027.642.012;0.564477563;
2026-07-30T04:23:22.039Z;1001;inference;LPG;1;99;1;0,056098651;0.513832211;0.339582056;0.990650535;0,952016234;0.7553913;1.012.662.768;0.602559805;
2026-07-30T04:23:22.330Z;1001;inference;LPG;1;99;1;0,056098651;0.513832211;0.339582056;0.990650535;0,952016234;0.7553913;1.012.662.768;0.602559805;
2026-07-30T04:23:22.776Z;1001;inference;LPG;1;99;1;0,056098651;0.513832211;0.339582056;0.990650535;0,952016234;0.7553913;1.012.662.768;0.602559805;
2026-07-30T04:23:23.261Z;1001;inference;LPG;1;99;1;0,056098651;0.513832211;0.339582056;0.990650535;0,952016234;0.7553913;1.012.662.768;0.602559805;
2026-07-30T04:23:23.774Z;1001;inference;LPG;1;99;1;0,056098651;0.513832211;0.339582056;0.990650535;0,952016234;0.7553913;1.012.662.768;0.602559805;
2026-07-30T04:23:24.316Z;1001;inference;LPG;1;99;1;0,070624925;0.582482696;0.396399826;0.947113216;0,923143029;0.707490027;0.978555858;0.627646327;
2026-07-30T04:23:24.801Z;1001;inference;LPG;1;99;1;0,070624925;0.582482696;0.396399826;0.947113216;0,923143029;0.707490027;0.978555858;0.627646327;
2026-07-30T04:23:25.363Z;1001;inference;LPG;1;99;1;0,086231478;0.640485227;0.452818155;0.898365319;0,879661858;0.656360149;0.938262761;0.644458413;
2026-07-30T04:23:25.807Z;1001;inference;LPG;1;99;1;0,10200794;0.683261752;0.509367466;0.844770789;0,826197922;0.604035974;0.892938733;0.652733922;
2026-07-30T04:23:26.286Z;1001;inference;LPG;1;99;1;0,10200794;0.683261752;0.509367466;0.844770789;0,826197922;0.604035974;0.892938733;0.652733922;
2026-07-30T04:23:26.864Z;1001;inference;LPG;1;99;1;0,118363321;0.714229107;0.55883652;0.788339555;0,763119817;0.551131666;0.844218731;0.655176222;
2026-07-30T04:23:27.297Z;1001;inference;LPG;1;99;1;0,129770249;0.719037414;0.564684749;0.732799411;0,695470214;0.50913012;0.791293919;0.647870064;
2026-07-30T04:23:27.776Z;1001;inference;LPG;1;99;1;0,129770249;0.719037414;0.564684749;0.732799411;0,695470214;0.50913012;0.791293919;0.647870064;
2026-07-30T04:23:28.353Z;1001;inference;LPG;1;99;1;0,139608294;0.719115078;0.565794528;0.677437484;0,628402114;0.469285876;0.736753345;0.638769686;
2026-07-30T04:23:28.789Z;1001;inference;LPG;1;99;1;0,147948161;0.714623451;0.564588249;0.625438333;0,563483059;0.433929056;0.683798492;0.62858367;
2026-07-30T04:23:29.266Z;1001;inference;LPG;1;99;1;0,147948161;0.714623451;0.564588249;0.625438333;0,563483059;0.433929056;0.683798492;0.62858367;
2026-07-30T04:23:29.845Z;1001;inference;LPG;1;99;1;0,15519233;0.706145763;0.562388778;0.576829076;0,500601411;0.403411299;0.632903576;0.618238747;
2026-07-30T04:23:30.453Z;1001;inference;LPG;1;99;1;0,162229747;0.695740819;0.558163285;0.531185269;0,439735562;0.374531209;0.584383368;0.605250716;
2026-07-30T04:23:30.833Z;1001;inference;LPG;1;99;1;0,1685974;0.684269607;0.553005338;0.488780171;0,382056028;0.34848088;0.538382947;0.592876554;
2026-07-30T04:23:31.317Z;1001;inference;LPG;1;99;1;0,1685974;0.684269607;0.553005338;0.488780171;0,382056028;0.34848088;0.538382947;0.592876554;
2026-07-30T04:23:31.906Z;1001;inference;LPG;1;99;1;0,173237503;0.672566891;0.546500087;0.461420059;0,341659307;0.332648426;0.508647323;0.58274281;
2026-07-30T04:23:32.379Z;1001;inference;LPG;1;99;1;0,17707555;0.660987735;0.540516496;0.43849802;0,306448936;0.320154339;0.483233452;0.573077559;
2026-07-30T04:23:32.814Z;1001;inference;LPG;1;99;1;0,17707555;0.660987735;0.540516496;0.43849802;0,306448936;0.320154339;0.483233452;0.573077559;
2026-07-30T04:23:33.279Z;1001;inference;LPG;1;99;1;0,17707555;0.660987735;0.540516496;0.43849802;0,306448936;0.320154339;0.483233452;0.573077559;
2026-07-30T04:23:33.749Z;1001;inference;LPG;1;99;1;0,17707555;0.660987735;0.540516496;0.43849802;0,306448936;0.320154339;0.483233452;0.573077559;
2026-07-30T04:23:34.251Z;1001;inference;LPG;1;99;1;0,17707555;0.660987735;0.540516496;0.43849802;0,306448936;0.320154339;0.483233452;0.573077559;
2026-07-30T04:23:34.840Z;1001;inference;LPG;1;99;1;0,181706876;0.645985186;0.530789018;0.414032221;0,270348221;0.306296527;0.457915843;0.561348557;
2026-07-30T04:23:35.404Z;1001;inference;LPG;1;99;1;0,186061829;0.632691801;0.5210132;0.392821968;0,23901388;0.29442203;0.435925782;0.550682485;
2026-07-30T04:23:35.813Z;1001;inference;LPG;1;99;1;0,189938575;0.619787574;0.510592222;0.373092979;0,212493256;0.283978164;0.415782154;0.540206254;
2026-07-30T04:23:36.285Z;1001;inference;LPG;1;99;1;0,189938575;0.619787574;0.510592222;0.373092979;0,212493256;0.283978164;0.415782154;0.540206254;
2026-07-30T04:23:36.848Z;1001;inference;LPG;1;99;1;0,193484277;0.606961846;0.499588668;0.355091542;0,187196344;0.274813592;0.396601617;0.530246854;
2026-07-30T04:23:37.438Z;1001;inference;LPG;1;99;1;0,197092757;0.594548404;0.487926185;0.33832556;0,164685249;0.26669836;0.379975528;0.52033031;
2026-07-30T04:23:37.850Z;1001;inference;LPG;1;99;1;0,200502157;0.582997441;0.476431668;0.32298395;0,145780057;0.258747518;0.364779443;0.510361373;
2026-07-30T04:23:38.334Z;1001;inference;LPG;1;99;1;0,200502157;0.582997441;0.476431668;0.32298395;0,145780057;0.258747518;0.364779443;0.510361373;
2026-07-30T04:23:38.927Z;1001;inference;LPG;1;99;1;0,203460962;0.571463227;0.464382082;0.308056414;0,128325239;0.252697408;0.349536717;0.502070308;
2026-07-30T04:23:39.324Z;1001;inference;LPG;1;99;1;0,20608291;0.560456514;0.45310992;0.293628007;0,112761915;0.24699147;0.334982783;0.493186653;
2026-07-30T04:23:39.809Z;1001;inference;LPG;1;99;1;0,20608291;0.560456514;0.45310992;0.293628007;0,112761915;0.24699147;0.334982783;0.493186653;
2026-07-30T04:23:40.402Z;1001;inference;LPG;1;99;1;0,208641618;0.549869895;0.440605968;0.279934347;0,09899234;0.241224483;0.321165502;0.484819561;
2026-07-30T04:23:40.795Z;1001;inference;LPG;1;99;1;0,211074665;0.539655328;0.427845061;0.266507804;0,08665444;0.235125333;0.30822438;0.476601183;
2026-07-30T04:23:41.281Z;1001;inference;LPG;1;99;1;0,211074665;0.539655328;0.427845061;0.266507804;0,08665444;0.235125333;0.30822438;0.476601183;
2026-07-30T04:23:41.887Z;1001;inference;LPG;1;99;1;0,212530851;0.532976687;0.416782379;0.256235063;0,078624308;0.231798977;0.297612816;0.470419019;
2026-07-30T04:23:42.288Z;1001;inference;LPG;1;99;1;0,21384263;0.525443912;0.406178623;0.246247008;0,071629681;0.228993103;0.287288934;0.463888824;
2026-07-30T04:23:42.767Z;1001;inference;LPG;1;99;1;0,21384263;0.525443912;0.406178623;0.246247008;0,071629681;0.228993103;0.287288934;0.463888824;
2026-07-30T04:23:43.363Z;1001;inference;LPG;1;99;1;0,214994386;0.517805874;0.395394176;0.236143753;0,064756021;0.22567752;0.27639541;0.4577384;
2026-07-30T04:23:43.791Z;1001;inference;LPG;1;99;1;0,214994386;0.517805874;0.395394176;0.236143753;0,064756021;0.22567752;0.27639541;0.4577384;
2026-07-30T04:23:44.258Z;1001;inference;LPG;1;99;1;0,214994386;0.517805874;0.395394176;0.236143753;0,064756021;0.22567752;0.27639541;0.4577384;
2026-07-30T04:23:44.757Z;1001;inference;LPG;1;99;1;0,214994386;0.517805874;0.395394176;0.236143753;0,064756021;0.22567752;0.27639541;0.4577384;
2026-07-30T04:23:45.257Z;1001;inference;LPG;1;99;1;0,214994386;0.517805874;0.395394176;0.236143753;0,064756021;0.22567752;0.27639541;0.4577384;
2026-07-30T04:23:45.867Z;1001;inference;LPG;1;99;1;0,216060206;0.509551048;0.382935405;0.224310324;0,056658197;0.22236295;0.265423983;0.450860351;
2026-07-30T04:23:46.275Z;1001;inference;LPG;1;99;1;0,21682623;0.501203239;0.370564163;0.213140607;0,050373584;0.218897492;0.253382862;0.443974257;
2026-07-30T04:23:46.750Z;1001;inference;LPG;1;99;1;0,21682623;0.501203239;0.370564163;0.213140607;0,050373584;0.218897492;0.253382862;0.443974257;
2026-07-30T04:23:47.385Z;1001;inference;LPG;1;99;1;0,21735473;0.492934048;0.358084112;0.202048495;0,043594547;0.21566768;0.241250515;0.436969131;
2026-07-30T04:23:47.786Z;1001;inference;LPG;1;99;1;0,217820555;0.485331953;0.345133454;0.191998988;0,038279161;0.212355882;0.230384976;0.430715084;
2026-07-30T04:23:48.263Z;1001;inference;LPG;1;99;1;0,217820555;0.485331953;0.345133454;0.191998988;0,038279161;0.212355882;0.230384976;0.430715084;
2026-07-30T04:23:48.887Z;1001;inference;LPG;1;99;1;0,218403295;0.477519691;0.332783282;0.181541964;0,033201147;0.209156603;0.219078347;0.424191564;
2026-07-30T04:23:49.290Z;1001;inference;LPG;1;99;1;0,218622357;0.470342875;0.322461575;0.171796769;0,027889967;0.206748888;0.208164647;0.417913288;
2026-07-30T04:23:49.766Z;1001;inference;LPG;1;99;1;0,218622357;0.470342875;0.322461575;0.171796769;0,027889967;0.206748888;0.208164647;0.417913288;
2026-07-30T04:23:50.374Z;1001;inference;LPG;1;99;1;0,218786955;0.462961346;0.311201274;0.162084043;0,023303051;0.203888178;0.197812423;0.41151005;
2026-07-30T04:23:50.785Z;1001;inference;LPG;1;99;1;0,218891531;0.456010431;0.301028043;0.153534621;0,018741895;0.201452762;0.18847701;0.405917019;
2026-07-30T04:23:51.258Z;1001;inference;LPG;1;99;1;0,218891531;0.456010431;0.301028043;0.153534621;0,018741895;0.201452762;0.18847701;0.405917019;
2026-07-30T04:23:51.867Z;1001;inference;LPG;1;99;1;0,218631536;0.449181169;0.289503276;0.144634172;0,014023343;0.198337078;0.178814322;0.400279582;
2026-07-30T04:23:52.279Z;1001;inference;LPG;1;99;1;0,218494564;0.442645222;0.279482335;0.136397958;0,009968015;0.195995182;0.170498937;0.39483428;
2026-07-30T04:23:52.764Z;1001;inference;LPG;1;99;1;0,218494564;0.442645222;0.279482335;0.136397958;0,009968015;0.195995182;0.170498937;0.39483428;
2026-07-30T04:23:53.372Z;1001;inference;LPG;1;99;1;0,218037769;0.437610626;0.271802485;0.130727366;0,007586089;0.193940312;0.163815558;0.39026621;
2026-07-30T04:23:53.929Z;1001;inference;LPG;1;99;1;0,217649132;0.432974756;0.264385611;0.124913715;0,004146204;0.192016512;0.157424808;0.386095941;
2026-07-30T04:23:54.294Z;1001;inference;LPG;1;99;1;0,217649132;0.432974756;0.264385611;0.124913715;0,004146204;0.192016512;0.157424808;0.386095941;
2026-07-30T04:23:54.757Z;1001;inference;LPG;1;99;1;0,217649132;0.432974756;0.264385611;0.124913715;0,004146204;0.192016512;0.157424808;0.386095941;
2026-07-30T04:23:55.256Z;1001;inference;LPG;1;99;1;0,217649132;0.432974756;0.264385611;0.124913715;0,004146204;0.192016512;0.157424808;0.386095941;
2026-07-30T04:23:55.757Z;1001;inference;LPG;1;99;1;0,217649132;0.432974756;0.264385611;0.124913715;0,004146204;0.192016512;0.157424808;0.386095941;
2026-07-30T04:23:56.364Z;1001;inference;LPG;1;99;1;0,216850951;0.427761078;0.25578323;0.118982151;0,001821884;0.189586371;0.150784135;0.381311953;
2026-07-30T04:23:56.946Z;1001;inference;LPG;1;99;1;0,216030672;0.422173202;0.248722479;0.112625822;-0,000946207;0.187106684;0.144053429;0.376530737;
2026-07-30T04:23:57.397Z;1001;inference;LPG;1;99;1;0,215224549;0.417226464;0.241333634;0.107202135;-0,003690128;0.184636191;0.138101131;0.372212827;
2026-07-30T04:23:57.872Z;1001;inference;LPG;1;99;1;0,215224549;0.417226464;0.241333634;0.107202135;-0,003690128;0.184636191;0.138101131;0.372212827;
2026-07-30T04:23:58.290Z;1001;inference;LPG;1;99;1;0,214354873;0.412103981;0.233552977;0.102022573;-0,00523746;0.181503937;0.132797748;0.367143363;
2026-07-30T04:23:58.767Z;1001;inference;LPG;1;99;1;0,214354873;0.412103981;0.233552977;0.102022573;-0,00523746;0.181503937;0.132797748;0.367143363;
2026-07-30T04:23:59.403Z;1001;inference;LPG;1;99;1;0,213317305;0.40726161;0.226329848;0.097065352;-0,00718174;0.178877965;0.127337456;0.363292187;
2026-07-30T04:23:59.821Z;1001;inference;LPG;1;99;1;0,212205499;0.402690321;0.219602227;0.0922212;-0,008302609;0.176319078;0.121822998;0.359099925;
2026-07-30T04:24:00.298Z;1001;inference;LPG;1;99;1;0,212205499;0.402690321;0.219602227;0.0922212;-0,008302609;0.176319078;0.121822998;0.359099925;
2026-07-30T04:24:00.935Z;1001;inference;LPG;1;99;1;0,211186618;0.398054838;0.213862136;0.088054754;-0,009239521;0.174516544;0.116784237;0.355247557;
2026-07-30T04:24:01.355Z;1001;inference;LPG;1;99;1;0,209932536;0.393551767;0.20755443;0.084357351;-0,010030429;0.172119468;0.111763954;0.351143599;
2026-07-30T04:24:01.831Z;1001;inference;LPG;1;99;1;0,209932536;0.393551767;0.20755443;0.084357351;-0,010030429;0.172119468;0.111763954;0.351143599;
2026-07-30T04:24:02.292Z;1001;inference;LPG;1;99;1;0,208825782;0.389030963;0.201795414;0.080440804;-0,010039421;0.169352129;0.107275985;0.347560585;
2026-07-30T04:24:02.772Z;1001;inference;LPG;1;99;1;0,208825782;0.389030963;0.201795414;0.080440804;-0,010039421;0.169352129;0.107275985;0.347560585;
2026-07-30T04:24:03.364Z;1001;inference;LPG;1;99;1;0,207789347;0.384201616;0.195626274;0.076503895;-0,010053873;0.167076796;0.102933444;0.343768954;
2026-07-30T04:24:03.970Z;1001;inference;LPG;1;99;1;0,206700996;0.380496711;0.190990001;0.073444121;-0,010047736;0.165249899;0.099446505;0.340811193;
2026-07-30T04:24:04.295Z;1001;inference;LPG;1;99;1;0,206700996;0.380496711;0.190990001;0.073444121;-0,010047736;0.165249899;0.099446505;0.340811193;
2026-07-30T04:24:04.758Z;1001;inference;LPG;1;99;1;0,206700996;0.380496711;0.190990001;0.073444121;-0,010047736;0.165249899;0.099446505;0.340811193;
2026-07-30T04:24:05.296Z;1001;inference;LPG;1;99;1;0,206700996;0.380496711;0.190990001;0.073444121;-0,010047736;0.165249899;0.099446505;0.340811193;
2026-07-30T04:24:05.759Z;1001;inference;LPG;1;99;1;0,206700996;0.380496711;0.190990001;0.073444121;-0,010047736;0.165249899;0.099446505;0.340811193;
2026-07-30T04:24:06.428Z;1001;inference;LPG;1;99;1;0,205325216;0.376363337;0.185517088;0.070077844;-0,010077861;0.162653476;0.09576419;0.337166131;
2026-07-30T04:24:06.854Z;1001;inference;LPG;1;99;1;0,203779817;0.372050464;0.180543557;0.06721963;-0,010076249;0.16097483;0.092056796;0.333699405;
2026-07-30T04:24:07.339Z;1001;inference;LPG;1;99;1;0,203779817;0.372050464;0.180543557;0.06721963;-0,010076249;0.16097483;0.092056796;0.333699405;
2026-07-30T04:24:07.790Z;1001;inference;LPG;1;99;1;0,202457741;0.367956221;0.175208285;0.064123534;-0,010039834;0.159081891;0.088577919;0.331197172;
2026-07-30T04:24:08.264Z;1001;inference;LPG;1;99;1;0,202457741;0.367956221;0.175208285;0.064123534;-0,010039834;0.159081891;0.088577919;0.331197172;
2026-07-30T04:24:08.871Z;1001;inference;LPG;1;99;1;0,200947374;0.363931566;0.170518532;0.06124004;-0,010049032;0.156923085;0.085374996;0.326712668;
2026-07-30T04:24:09.332Z;1001;inference;LPG;1;99;1;0,199471265;0.359848797;0.166273996;0.058502726;-0,010075796;0.154540345;0.082277633;0.323250055;
2026-07-30T04:24:09.810Z;1001;inference;LPG;1;99;1;0,199471265;0.359848797;0.166273996;0.058502726;-0,010075796;0.154540345;0.082277633;0.323250055;
2026-07-30T04:24:10.401Z;1001;inference;LPG;1;99;1;0,198015735;0.355996698;0.161839992;0.055437498;-0,01007284;0.151511177;0.079620473;0.319851935;
2026-07-30T04:24:10.868Z;1001;inference;LPG;1;99;1;0,196648031;0.352098763;0.157055482;0.052204929;-0,010055204;0.149178833;0.07672032;0.316805005;
2026-07-30T04:24:11.353Z;1001;inference;LPG;1;99;1;0,196648031;0.352098763;0.157055482;0.052204929;-0,010055204;0.149178833;0.07672032;0.316805005;
2026-07-30T04:24:11.943Z;1001;inference;LPG;1;99;1;0,195172742;0.348140031;0.152423233;0.049337871;-0,010054022;0.147321224;0.074110471;0.314519078;
2026-07-30T04:24:12.395Z;1001;inference;LPG;1;99;1;0,193593115;0.344847471;0.148543686;0.046993703;-0,010001963;0.144841701;0.071637973;0.311371982;
2026-07-30T04:24:12.869Z;1001;inference;LPG;1;99;1;0,193593115;0.344847471;0.148543686;0.046993703;-0,010001963;0.144841701;0.071637973;0.311371982;
2026-07-30T04:24:13.300Z;1001;inference;LPG;1;99;1;0,192203864;0.341044366;0.144988924;0.044487379;-0,009996953;0.14250353;0.069124475;0.308475912;
2026-07-30T04:24:13.779Z;1001;inference;LPG;1;99;1;0,192203864;0.341044366;0.144988924;0.044487379;-0,009996953;0.14250353;0.069124475;0.308475912;
2026-07-30T04:24:14.382Z;1001;inference;LPG;1;99;1;0,191136017;0.337972105;0.142084807;0.042671762;-0,009952128;0.140785605;0.067094475;0.306287527;
2026-07-30T04:24:14.788Z;1001;inference;LPG;1;99;1;0,191136017;0.337972105;0.142084807;0.042671762;-0,009952128;0.140785605;0.067094475;0.306287527;
2026-07-30T04:24:15.252Z;1001;inference;LPG;1;99;1;0,191136017;0.337972105;0.142084807;0.042671762;-0,009952128;0.140785605;0.067094475;0.306287527;
2026-07-30T04:24:15.753Z;1001;inference;LPG;1;99;1;0,191136017;0.337972105;0.142084807;0.042671762;-0,009952128;0.140785605;0.067094475;0.306287527;
2026-07-30T04:24:16.267Z;1001;inference;LPG;1;99;1;0,191136017;0.337972105;0.142084807;0.042671762;-0,009952128;0.140785605;0.067094475;0.306287527;
2026-07-30T04:24:16.890Z;1001;inference;LPG;1;99;1;0,189744174;0.334472179;0.1387299;0.040043995;-0,009960215;0.137783855;0.065079518;0.303338856;
2026-07-30T04:24:17.312Z;1001;inference;LPG;1;99;1;0,188409239;0.330971658;0.136093169;0.037534539;-0,009974788;0.135494143;0.06283275;0.300348878;
2026-07-30T04:24:17.787Z;1001;inference;LPG;1;99;1;0,188409239;0.330971658;0.136093169;0.037534539;-0,009974788;0.135494143;0.06283275;0.300348878;
2026-07-30T04:24:18.426Z;1001;inference;LPG;1;99;1;0,187067255;0.327478945;0.132863104;0.035372976;-0,009981113;0.133358985;0.060524166;0.297396123;
2026-07-30T04:24:18.855Z;1001;inference;LPG;1;99;1;0,185607165;0.324162841;0.129179552;0.033599027;-0,009952491;0.131394416;0.058438946;0.294511467;
2026-07-30T04:24:19.336Z;1001;inference;LPG;1;99;1;0,185607165;0.324162841;0.129179552;0.033599027;-0,009952491;0.131394416;0.058438946;0.294511467;
2026-07-30T04:24:19.802Z;1001;inference;LPG;1;99;1;0,184211656;0.320774764;0.126352042;0.03131685;-0,009978229;0.129549369;0.055898331;0.291796476;
2026-07-30T04:24:20.277Z;1001;inference;LPG;1;99;1;0,184211656;0.320774764;0.126352042;0.03131685;-0,009978229;0.129549369;0.055898331;0.291796476;
2026-07-30T04:24:20.884Z;1001;inference;LPG;1;99;1;0,182942048;0.317631751;0.124080025;0.029305991;-0,009992884;0.126951903;0.053466011;0.288924694;
2026-07-30T04:24:21.348Z;1001;inference;LPG;1;99;1;0,181592464;0.314464241;0.121449634;0.027399698;-0,009995814;0.124811336;0.051329214;0.285274237;
2026-07-30T04:24:21.829Z;1001;inference;LPG;1;99;1;0,181592464;0.314464241;0.121449634;0.027399698;-0,009995814;0.124811336;0.051329214;0.285274237;
2026-07-30T04:24:22.406Z;1001;inference;LPG;1;99;1;0,180108279;0.311218709;0.118732095;0.026029993;-0,010003356;0.122644983;0.049181178;0.282509774;
2026-07-30T04:24:22.858Z;1001;inference;LPG;1;99;1;0,178699359;0.308277756;0.116007462;0.024837766;-0,009984187;0.120214447;0.047355942;0.279872;
2026-07-30T04:24:23.332Z;1001;inference;LPG;1;99;1;0,178699359;0.308277756;0.116007462;0.024837766;-0,009984187;0.120214447;0.047355942;0.279872;
2026-07-30T04:24:23.917Z;1001;inference;LPG;1;99;1;0,177252799;0.305239677;0.113991164;0.022185519;-0,010009916;0.118112884;0.045497276;0.277338177;
2026-07-30T04:24:24.512Z;1001;inference;LPG;1;99;1;0,176287577;0.302791327;0.111869171;0.021247031;-0,010004762;0.116698943;0.043831564;0.275406897;
2026-07-30T04:24:24.806Z;1001;inference;LPG;1;99;1;0,176287577;0.302791327;0.111869171;0.021247031;-0,010004762;0.116698943;0.043831564;0.275406897;
2026-07-30T04:24:25.271Z;1001;inference;LPG;1;99;1;0,176287577;0.302791327;0.111869171;0.021247031;-0,010004762;0.116698943;0.043831564;0.275406897;
2026-07-30T04:24:25.758Z;1001;inference;LPG;1;99;1;0,176287577;0.302791327;0.111869171;0.021247031;-0,010004762;0.116698943;0.043831564;0.275406897;
2026-07-30T04:24:26.272Z;1001;inference;LPG;1;99;1;0,176287577;0.302791327;0.111869171;0.021247031;-0,010004762;0.116698943;0.043831564;0.275406897;
2026-07-30T04:24:26.791Z;1001;inference;LPG;1;99;1;0,174781591;0.299961239;0.109711692;0.019024557;-0,010034161;0.114829913;0.042177919;0.272980928;
2026-07-30T04:24:27.271Z;1001;inference;LPG;1;99;1;0,174781591;0.299961239;0.109711692;0.019024557;-0,010034161;0.114829913;0.042177919;0.272980928;
2026-07-30T04:24:27.864Z;1001;inference;LPG;1;99;1;0,1731188;0.296931684;0.107717827;0.016973931;-0,010039951;0.113218091;0.040492177;0.271552831;
2026-07-30T04:24:28.302Z;1001;inference;LPG;1;99;1;0,17189464;0.294199109;0.106006168;0.014712515;-0,010042755;0.111072823;0.038972594;0.269421041;
2026-07-30T04:24:28.787Z;1001;inference;LPG;1;99;1;0,17189464;0.294199109;0.106006168;0.014712515;-0,010042755;0.111072823;0.038972594;0.269421041;
2026-07-30T04:24:29.363Z;1001;inference;LPG;1;99;1;0,170710728;0.291518658;0.104125425;0.014027625;-0,009996504;0.109007262;0.037762664;0.267067015;
2026-07-30T04:24:29.810Z;1001;inference;LPG;1;99;1;0,169349849;0.288717479;0.101958439;0.013161507;-0,009984685;0.107479133;0.03699043;0.264946103;
2026-07-30T04:24:30.288Z;1001;inference;LPG;1;99;1;0,169349849;0.288717479;0.101958439;0.013161507;-0,009984685;0.107479133;0.03699043;0.264946103;
2026-07-30T04:24:30.879Z;1001;inference;LPG;1;99;1;0,168256283;0.286068976;0.099991389;0.012306382;-0,009992423;0.105819203;0.03572657;0.262690425;
2026-07-30T04:24:31.318Z;1001;inference;LPG;1;99;1;0,167243332;0.283465683;0.098406076;0.010210504;-0,010085182;0.104071818;0.034593932;0.260469913;
2026-07-30T04:24:31.805Z;1001;inference;LPG;1;99;1;0,167243332;0.283465683;0.098406076;0.010210504;-0,010085182;0.104071818;0.034593932;0.260469913;
2026-07-30T04:24:32.382Z;1001;inference;LPG;1;99;1;0,166205481;0.280920148;0.096842512;0.008217791;-0,010123044;0.102719091;0.033362832;0.258092105;
2026-07-30T04:24:32.833Z;1001;inference;LPG;1;99;1;0,165125266;0.278623492;0.09484078;0.007187898;-0,010112718;0.100702822;0.032361332;0.25606209;
2026-07-30T04:24:33.312Z;1001;inference;LPG;1;99;1;0,165125266;0.278623492;0.09484078;0.007187898;-0,010112718;0.100702822;0.032361332;0.25606209;
2026-07-30T04:24:33.905Z;1001;inference;LPG;1;99;1;0,16379723;0.276067913;0.093338408;0.005164633;-0,010103496;0.098809794;0.03137831;0.253932655;
2026-07-30T04:24:34.362Z;1001;inference;LPG;1;99;1;0,162956029;0.274072856;0.091880634;0.005015655;-0,010094112;0.097501375;0.030622447;0.252570957;
2026-07-30T04:24:34.849Z;1001;inference;LPG;1;99;1;0,162956029;0.274072856;0.091880634;0.005015655;-0,010094112;0.097501375;0.030622447;0.252570957;
2026-07-30T04:24:35.403Z;1001;inference;LPG;1;99;1;0,162249953;0.272429645;0.09054628;0.004239808;-0,010072467;0.0956918;0.029998397;0.251026362;
2026-07-30T04:24:35.799Z;1001;inference;LPG;1;99;1;0,162249953;0.272429645;0.09054628;0.004239808;-0,010072467;0.0956918;0.029998397;0.251026362;
2026-07-30T04:24:36.263Z;1001;inference;LPG;1;99;1;0,162249953;0.272429645;0.09054628;0.004239808;-0,010072467;0.0956918;0.029998397;0.251026362;
2026-07-30T04:24:36.762Z;1001;inference;LPG;1;99;1;0,162249953;0.272429645;0.09054628;0.004239808;-0,010072467;0.0956918;0.029998397;0.251026362;
2026-07-30T04:24:37.263Z;1001;inference;LPG;1;99;1;0,162249953;0.272429645;0.09054628;0.004239808;-0,010072467;0.0956918;0.029998397;0.251026362;
2026-07-30T04:24:37.886Z;1001;inference;LPG;1;99;1;0,160811454;0.26995343;0.089137346;0.003243307;-0,01005125;0.094080947;0.028876564;0.24859257;
2026-07-30T04:24:38.294Z;1001;inference;LPG;1;99;1;0,159501091;0.267595023;0.087818645;0.00172452;-0,010088737;0.092784859;0.027857101;0.246452302;
2026-07-30T04:24:38.775Z;1001;inference;LPG;1;99;1;0,159501091;0.267595023;0.087818645;0.00172452;-0,010088737;0.092784859;0.027857101;0.246452302;
2026-07-30T04:24:39.398Z;1001;inference;LPG;1;99;1;0,158176601;0.264275134;0.086948261;0.000263312;-0,010089429;0.09147004;0.026654175;0.244612575;
2026-07-30T04:24:39.806Z;1001;inference;LPG;1;99;1;0,156715974;0.262044013;0.085493408;-0.001070591;-0,010072341;0.08976905;0.025740594;0.242862746;
2026-07-30T04:24:40.281Z;1001;inference;LPG;1;99;1;0,156715974;0.262044013;0.085493408;-0.001070591;-0,010072341;0.08976905;0.025740594;0.242862746;
2026-07-30T04:24:40.904Z;1001;inference;LPG;1;99;1;0,155301481;0.259709716;0.084323503;-0.001712376;-0,009984254;0.088512868;0.02479798;0.241244838;
2026-07-30T04:24:41.317Z;1001;inference;LPG;1;99;1;0,153953105;0.257222325;0.08290872;-0.002430532;-0,009997232;0.087042317;0.024085216;0.239445955;
2026-07-30T04:24:41.802Z;1001;inference;LPG;1;99;1;0,153953105;0.257222325;0.08290872;-0.002430532;-0,009997232;0.087042317;0.024085216;0.239445955;
2026-07-30T04:24:42.408Z;1001;inference;LPG;1;99;1;0,152694389;0.25482589;0.082006164;-0.0024375;-0,009992899;0.086258329;0.023176214;0.237459421;
2026-07-30T04:24:42.831Z;1001;inference;LPG;1;99;1;0,151650757;0.25249061;0.080576748;-0.002595889;-0,010016365;0.085167542;0.022678155;0.235521242;
2026-07-30T04:24:43.317Z;1001;inference;LPG;1;99;1;0,151650757;0.25249061;0.080576748;-0.002595889;-0,010016365;0.085167542;0.022678155;0.235521242;
2026-07-30T04:24:43.922Z;1001;inference;LPG;1;99;1;0,150372222;0.250110805;0.079466343;-0.002927103;-0,010009779;0.083714403;0.021554718;0.233355075;
2026-07-30T04:24:44.342Z;1001;inference;LPG;1;99;1;0,149356797;0.247622535;0.078172028;-0.00295443;-0,010029043;0.082578726;0.020633582;0.23165755;
2026-07-30T04:24:44.821Z;1001;inference;LPG;1;99;1;0,149356797;0.247622535;0.078172028;-0.00295443;-0,010029043;0.082578726;0.020633582;0.23165755;
2026-07-30T04:24:45.416Z;1001;inference;LPG;1;99;1;0,148672253;0.24571836;0.077078052;-0.002939741;-0,010036402;0.081464395;0.020499071;0.231054947;
2026-07-30T04:24:45.786Z;1001;inference;LPG;1;99;1;0,148672253;0.24571836;0.077078052;-0.002939741;-0,010036402;0.081464395;0.020499071;0.231054947;
2026-07-30T04:24:46.249Z;1001;inference;LPG;1;99;1;0,148672253;0.24571836;0.077078052;-0.002939741;-0,010036402;0.081464395;0.020499071;0.231054947;
2026-07-30T04:24:46.750Z;1001;inference;LPG;1;99;1;0,148672253;0.24571836;0.077078052;-0.002939741;-0,010036402;0.081464395;0.020499071;0.231054947;
2026-07-30T04:24:47.266Z;1001;inference;LPG;1;99;1;0,148672253;0.24571836;0.077078052;-0.002939741;-0,010036402;0.081464395;0.020499071;0.231054947;
2026-07-30T04:24:47.871Z;1001;inference;LPG;1;99;1;0,147590861;0.243880674;0.076136313;-0.002934481;-0,010022948;0.08008913;0.021018958;0.229796678;
2026-07-30T04:24:48.302Z;1001;inference;LPG;1;99;1;0,146750063;0.243033767;0.075213268;-0.002932184;-0,010040734;0.078472286;0.020652451;0.228178114;
2026-07-30T04:24:48.783Z;1001;inference;LPG;1;99;1;0,146750063;0.243033767;0.075213268;-0.002932184;-0,010040734;0.078472286;0.020652451;0.228178114;
2026-07-30T04:24:49.404Z;1001;inference;LPG;1;99;1;0,145711809;0.241097689;0.075545087;-0.002958263;-0,01004006;0.077438004;0.019935919;0.226621062;
2026-07-30T04:24:49.812Z;1001;inference;LPG;1;99;1;0,144627571;0.23926118;0.075350143;-0.002975521;-0,010046764;0.075907424;0.019264335;0.225130707;
2026-07-30T04:24:50.297Z;1001;inference;LPG;1;99;1;0,144627571;0.23926118;0.075350143;-0.002975521;-0,010046764;0.075907424;0.019264335;0.225130707;
2026-07-30T04:24:50.916Z;1001;inference;LPG;1;99;1;0,14356105;0.237378329;0.075760707;-0.002977384;-0,009996494;0.074673474;0.018297134;0.223618537;
2026-07-30T04:24:51.323Z;1001;inference;LPG;1;99;1;0,142422527;0.235359594;0.07515005;-0.003089441;-0,009998411;0.073299386;0.016906265;0.221975729;
2026-07-30T04:24:51.810Z;1001;inference;LPG;1;99;1;0,142422527;0.235359594;0.07515005;-0.003089441;-0,009998411;0.073299386;0.016906265;0.221975729;
2026-07-30T04:24:52.417Z;1001;inference;LPG;1;99;1;0,141388506;0.233437821;0.075637594;-0.003003921;-0,009994708;0.071968518;0.015651185;0.220189616;
2026-07-30T04:24:52.837Z;1001;inference;LPG;1;99;1;0,140514702;0.231564999;0.074366517;-0.003016379;-0,009993655;0.07079462;0.015410778;0.217995837;
2026-07-30T04:24:53.313Z;1001;inference;LPG;1;99;1;0,140514702;0.231564999;0.074366517;-0.003016379;-0,009993655;0.07079462;0.015410778;0.217995837;
2026-07-30T04:24:53.936Z;1001;inference;LPG;1;99;1;0,139442906;0.229755804;0.074964195;-0.002966272;-0,00997281;0.069388948;0.014886307;0.216273144;
2026-07-30T04:24:54.347Z;1001;inference;LPG;1;99;1;0,138456956;0.227652699;0.075845644;-0.002970361;-0,009972459;0.068665303;0.014110176;0.214323133;
2026-07-30T04:24:54.826Z;1001;inference;LPG;1;99;1;0,138456956;0.227652699;0.075845644;-0.002970361;-0,009972459;0.068665303;0.014110176;0.214323133;
2026-07-30T04:24:55.420Z;1001;inference;LPG;1;99;1;0,137612507;0.225581735;0.075229123;-0.002976651;-0,009965809;0.067476124;0.011774975;0.212725788;
2026-07-30T04:24:55.800Z;1001;inference;LPG;1;99;1;0,137612507;0.225581735;0.075229123;-0.002976651;-0,009965809;0.067476124;0.011774975;0.212725788;
2026-07-30T04:24:56.276Z;1001;inference;LPG;1;99;1;0,137612507;0.225581735;0.075229123;-0.002976651;-0,009965809;0.067476124;0.011774975;0.212725788;
2026-07-30T04:24:56.760Z;1001;inference;LPG;1;99;1;0,137612507;0.225581735;0.075229123;-0.002976651;-0,009965809;0.067476124;0.011774975;0.212725788;
2026-07-30T04:24:57.272Z;1001;inference;LPG;1;99;1;0,137612507;0.225581735;0.075229123;-0.002976651;-0,009965809;0.067476124;0.011774975;0.212725788;
2026-07-30T04:24:57.886Z;1001;inference;LPG;1;99;1;0,136429578;0.223049611;0.07526648;-0.002944946;-0,009981791;0.066885859;0.010493864;0.210824341;
2026-07-30T04:24:58.300Z;1001;inference;LPG;1;99;1;0,135386795;0.220574453;0.074308395;-0.002937559;-0,010008312;0.065627262;0.009532823;0.208821505;
2026-07-30T04:24:58.784Z;1001;inference;LPG;1;99;1;0,135386795;0.220574453;0.074308395;-0.002937559;-0,010008312;0.065627262;0.009532823;0.208821505;
2026-07-30T04:24:59.390Z;1001;inference;LPG;1;99;1;0,134471685;0.217878535;0.071723178;-0.002901965;-0,010007204;0.064531334;0.007186811;0.206732422;
2026-07-30T04:24:59.810Z;1001;inference;LPG;1;99;1;0,133666083;0.215721279;0.069399901;-0.002922299;-0,010026949;0.063282199;0.005814633;0.204919845;
2026-07-30T04:25:00.287Z;1001;inference;LPG;1;99;1;0,133666083;0.215721279;0.069399901;-0.002922299;-0,010026949;0.063282199;0.005814633;0.204919845;
2026-07-30T04:25:00.908Z;1001;inference;LPG;1;99;1;0,132883221;0.21356073;0.068691805;-0.002859352;-0,010008082;0.0620705;0.005480148;0.203088999;
2026-07-30T04:25:01.335Z;1001;inference;LPG;1;99;1;0,131906331;0.211514428;0.066983446;-0.002850167;-0,009999495;0.060571361;0.004617281;0.201308459;
2026-07-30T04:25:01.817Z;1001;inference;LPG;1;99;1;0,131906331;0.211514428;0.066983446;-0.002850167;-0,009999495;0.060571361;0.004617281;0.201308459;
2026-07-30T04:25:02.425Z;1001;inference;LPG;1;99;1;0,130812705;0.209282309;0.065690964;-0.002846314;-0,009927434;0.059382565;0.002477003;0.199913651;
2026-07-30T04:25:02.850Z;1001;inference;LPG;1;99;1;0,129784703;0.207638383;0.064189114;-0.002844311;-0,009906884;0.058413304;0.001409161;0.197847798;
2026-07-30T04:25:03.334Z;1001;inference;LPG;1;99;1;0,129784703;0.207638383;0.064189114;-0.002844311;-0,009906884;0.058413304;0.001409161;0.197847798;
2026-07-30T04:25:03.944Z;1001;inference;LPG;1;98;1;0,128906474;0.205643326;0.061206661;-0.002848638;-0,009941112;0.057136942;-0.000791976;0.19583641;
2026-07-30T04:25:04.357Z;1001;inference;LPG;1;98;1;0,127776906;0.203528121;0.060229182;-0.002851131;-0,009969807;0.056321401;-0.000957304;0.194169745;
2026-07-30T04:25:04.844Z;1001;inference;LPG;1;98;1;0,127776906;0.203528121;0.060229182;-0.002851131;-0,009969807;0.056321401;-0.000957304;0.194169745;
2026-07-30T04:25:05.433Z;1001;inference;LPG;1;98;1;0,127057821;0.20192945;0.058440201;-0.002865033;-0,009963172;0.055547398;-0.002780288;0.1927955;
2026-07-30T04:25:05.793Z;1001;inference;LPG;1;98;1;0,127057821;0.20192945;0.058440201;-0.002865033;-0,009963172;0.055547398;-0.002780288;0.1927955;
2026-07-30T04:25:06.256Z;1001;inference;LPG;1;98;1;0,127057821;0.20192945;0.058440201;-0.002865033;-0,009963172;0.055547398;-0.002780288;0.1927955;
2026-07-30T04:25:06.796Z;1001;inference;LPG;1;98;1;0,127057821;0.20192945;0.058440201;-0.002865033;-0,009963172;0.055547398;-0.002780288;0.1927955;
2026-07-30T04:25:07.257Z;1001;inference;LPG;1;98;1;0,127057821;0.20192945;0.058440201;-0.002865033;-0,009963172;0.055547398;-0.002780288;0.1927955;
2026-07-30T04:25:07.880Z;1001;inference;LPG;1;98;1;0,126427487;0.200173452;0.056630276;-0.002815258;-0,009958716;0.054598279;-0.00436221;0.19097814;
2026-07-30T04:25:08.298Z;1001;inference;LPG;1;98;1;0,125631541;0.198385343;0.055574398;-0.002835169;-0,009950793;0.053620029;-0.00532961;0.189395696;
2026-07-30T04:25:08.787Z;1001;inference;LPG;1;98;1;0,125631541;0.198385343;0.055574398;-0.002835169;-0,009950793;0.053620029;-0.00532961;0.189395696;
2026-07-30T04:25:09.394Z;1001;inference;LPG;1;98;1;0,124844626;0.196168572;0.055012517;-0.002840227;-0,009952666;0.052873176;-0.005780636;0.187586412;
2026-07-30T04:25:09.816Z;1001;inference;LPG;1;97;1;0,124029495;0.194282681;0.053163908;-0.002783031;-0,009963607;0.051740039;-0.006786399;0.185695559;
2026-07-30T04:25:10.293Z;1001;inference;LPG;1;97;1;0,124029495;0.194282681;0.053163908;-0.002783031;-0,009963607;0.051740039;-0.006786399;0.185695559;
2026-07-30T04:25:10.916Z;1001;inference;LPG;1;97;1;0,123238251;0.192171812;0.051453602;-0.002789932;-0,009963682;0.050956756;-0.007460697;0.184015185;
2026-07-30T04:25:11.326Z;1001;inference;LPG;1;97;1;0,122467317;0.190177158;0.051492967;-0.002783154;-0,010044573;0.049952492;-0.007821244;0.182460159;
2026-07-30T04:25:11.814Z;1001;inference;LPG;1;97;1;0,122467317;0.190177158;0.051492967;-0.002783154;-0,010044573;0.049952492;-0.007821244;0.182460159;
2026-07-30T04:25:12.423Z;1001;inference;LPG;1;97;1;0,121736348;0.187762722;0.050171394;-0.002823994;-0,010086397;0.049022138;-0.008688116;0.181067452;
2026-07-30T04:25:12.838Z;1001;inference;LPG;1;96;1;0,120905116;0.185956433;0.048799355;-0.002814289;-0,010065758;0.048022643;-0.009811871;0.179489806;
2026-07-30T04:25:13.321Z;1001;inference;LPG;1;96;1;0,120905116;0.185956433;0.048799355;-0.002814289;-0,010065758;0.048022643;-0.009811871;0.179489806;
2026-07-30T04:25:13.945Z;1001;inference;LPG;1;96;1;0,120330654;0.184101298;0.047184665;-0.002800074;-0,009979045;0.047054134;-0.01204483;0.177782848;
2026-07-30T04:25:14.356Z;1001;inference;LPG;1;94;1;0,119665638;0.182268336;0.044879846;-0.002806911;-0,009968033;0.046159793;-0.012701871;0.176067621;
2026-07-30T04:25:14.842Z;1001;inference;LPG;1;94;1;0,119665638;0.182268336;0.044879846;-0.002806911;-0,009968033;0.046159793;-0.012701871;0.176067621;
2026-07-30T04:25:15.285Z;1001;inference;LPG;1;94;1;0,11897777;0.180614173;0.042917944;-0.002848965;-0,009953083;0.045718804;-0.012410472;0.174900904;
2026-07-30T04:25:15.768Z;1001;inference;LPG;1;94;1;0,11897777;0.180614173;0.042917944;-0.002848965;-0,009953083;0.045718804;-0.012410472;0.174900904;
2026-07-30T04:25:16.330Z;1001;inference;LPG;1;94;1;0,118277468;0.179226801;0.042835183;-0.002847364;-0,009952063;0.045309;-0.011222104;0.173611298;
2026-07-30T04:25:16.796Z;1001;inference;LPG;1;94;1;0,118277468;0.179226801;0.042835183;-0.002847364;-0,009952063;0.045309;-0.011222104;0.173611298;
2026-07-30T04:25:17.273Z;1001;inference;LPG;1;94;1;0,118277468;0.179226801;0.042835183;-0.002847364;-0,009952063;0.045309;-0.011222104;0.173611298;
2026-07-30T04:25:17.757Z;1001;inference;LPG;1;94;1;0,118277468;0.179226801;0.042835183;-0.002847364;-0,009952063;0.045309;-0.011222104;0.173611298;
2026-07-30T04:25:18.258Z;1001;inference;LPG;1;94;1;0,118277468;0.179226801;0.042835183;-0.002847364;-0,009952063;0.045309;-0.011222104;0.173611298;
2026-07-30T04:25:18.882Z;1001;inference;LPG;1;94;1;0,117314517;0.1776236;0.041660726;-0.002895506;-0,009923536;0.044153787;-0.011922387;0.172175258;
2026-07-30T04:25:19.293Z;1001;inference;LPG;1;92;1;0,116363838;0.175744846;0.040483393;-0.002935168;-0,009927449;0.043475993;-0.013069518;0.170905411;
2026-07-30T04:25:19.777Z;1001;inference;LPG;1;92;1;0,116363838;0.175744846;0.040483393;-0.002935168;-0,009927449;0.043475993;-0.013069518;0.170905411;
2026-07-30T04:25:20.397Z;1001;inference;LPG;1;91;1;0,115526855;0.173908919;0.039111186;-0.002960186;-0,009948536;0.042720348;-0.013448467;0.169431999;
2026-07-30T04:25:20.804Z;1001;inference;LPG;1;91;1;0,114732608;0.172144309;0.037730992;-0.002945845;-0,009945298;0.041916717;-0.013404129;0.168323487;
2026-07-30T04:25:21.292Z;1001;inference;LPG;1;91;1;0,114732608;0.172144309;0.037730992;-0.002945845;-0,009945298;0.041916717;-0.013404129;0.168323487;
2026-07-30T04:25:21.898Z;1001;inference;LPG;1;89;1;0,113989249;0.170195967;0.036264125;-0.002925957;-0,009933611;0.041245423;-0.014449227;0.166790277;
2026-07-30T04:25:22.318Z;1001;inference;LPG;1;89;1;0,11343573;0.168385684;0.035636656;-0.002932958;-0,009950871;0.040485755;-0.014397725;0.165345281;
2026-07-30T04:25:22.796Z;1001;inference;LPG;1;89;1;0,11343573;0.168385684;0.035636656;-0.002932958;-0,009950871;0.040485755;-0.014397725;0.165345281;
2026-07-30T04:25:23.418Z;1001;inference;LPG;1;89;1;0,112694837;0.166571304;0.035110194;-0.002950629;-0,010046137;0.039886139;-0.014390834;0.163867101;
2026-07-30T04:25:23.829Z;1001;inference;LPG;1;87;1;0,111861274;0.164975479;0.034566835;-0.002952054;-0,010062662;0.038779531;-0.014440125;0.162618771;
2026-07-30T04:25:24.313Z;1001;inference;LPG;1;87;1;0,111861274;0.164975479;0.034566835;-0.002952054;-0,010062662;0.038779531;-0.014440125;0.162618771;
2026-07-30T04:25:24.935Z;1001;inference;LPG;1;87;1;0,111049153;0.163721487;0.033054333;-0.002952535;-0,010040934;0.037716962;-0.015479386;0.161229551;
2026-07-30T04:25:25.341Z;1001;inference;LPG;1;84;1;0,110096529;0.162014127;0.031962134;-0.003020727;-0,010053986;0.036754843;-0.016803283;0.159914851;
2026-07-30T04:25:25.832Z;1001;inference;LPG;1;84;1;0,110096529;0.162014127;0.031962134;-0.003020727;-0,010053986;0.036754843;-0.016803283;0.159914851;
2026-07-30T04:25:26.407Z;1001;inference;LPG;1;84;1;0,10956125;0.160967141;0.030106772;-0.00293344;-0,010092922;0.036362089;-0.017505202;0.158792242;
2026-07-30T04:25:26.797Z;1001;inference;LPG;1;84;1;0,10956125;0.160967141;0.030106772;-0.00293344;-0,010092922;0.036362089;-0.017505202;0.158792242;
2026-07-30T04:25:27.262Z;1001;inference;LPG;1;84;1;0,10956125;0.160967141;0.030106772;-0.00293344;-0,010092922;0.036362089;-0.017505202;0.158792242;
2026-07-30T04:25:27.763Z;1001;inference;LPG;1;84;1;0,10956125;0.160967141;0.030106772;-0.00293344;-0,010092922;0.036362089;-0.017505202;0.158792242;
2026-07-30T04:25:28.263Z;1001;inference;LPG;1;84;1;0,10956125;0.160967141;0.030106772;-0.00293344;-0,010092922;0.036362089;-0.017505202;0.158792242;
2026-07-30T04:25:28.858Z;1001;inference;LPG;1;80;1;0,108952299;0.159315765;0.028676143;-0.002934949;-0,010068874;0.035452757;-0.017589964;0.157426596;
2026-07-30T04:25:29.432Z;1001;inference;LPG;1;78;1;0,108402863;0.157746166;0.027286375;-0.002918847;-0,010050472;0.034713071;-0.018684369;0.156231135;
2026-07-30T04:25:29.871Z;1001;inference;LPG;1;78;1;0,107788183;0.156478792;0.026105881;-0.002934737;-0,010053456;0.034186162;-0.019553849;0.154497251;
2026-07-30T04:25:30.357Z;1001;inference;LPG;1;78;1;0,107788183;0.156478792;0.026105881;-0.002934737;-0,010053456;0.034186162;-0.019553849;0.154497251;
2026-07-30T04:25:30.932Z;1001;inference;LPG;1;73;1;0,107018128;0.155055031;0.025064763;-0.003001926;-0,010032827;0.033534709;-0.019668641;0.153138161;
2026-07-30T04:25:31.360Z;1001;inference;LPG;1;69;1;0,106126808;0.153534651;0.023230143;-0.003002548;-0,010008987;0.032869913;-0.019697824;0.151765555;
2026-07-30T04:25:31.842Z;1001;inference;LPG;1;69;1;0,106126808;0.153534651;0.023230143;-0.003002548;-0,010008987;0.032869913;-0.019697824;0.151765555;
2026-07-30T04:25:32.419Z;1001;inference;LPG;1;69;1;0,105540596;0.15200147;0.022247592;-0.003005663;-0,009997002;0.032291863;-0.019699242;0.150554925;
2026-07-30T04:25:32.852Z;1001;inference;LPG;1;69;1;0,105040535;0.150520921;0.020966595;-0.00298282;-0,009993671;0.031897955;-0.019772766;0.149169415;
2026-07-30T04:25:33.330Z;1001;inference;LPG;1;69;1;0,105040535;0.150520921;0.020966595;-0.00298282;-0,009993671;0.031897955;-0.019772766;0.149169415;
2026-07-30T04:25:33.908Z;1001;inference;LPG;1;69;1;0,104436256;0.148690149;0.021503214;-0.002979841;-0,010015102;0.030850947;-0.019961497;0.147585228;
2026-07-30T04:25:34.343Z;1001;inference;LPG;1;63;1;0,104088999;0.147285715;0.019443665;-0.002890937;-0,010020487;0.030252108;-0.019952919;0.146075815;
2026-07-30T04:25:34.833Z;1001;inference;LPG;1;63;1;0,104088999;0.147285715;0.019443665;-0.002890937;-0,010020487;0.030252108;-0.019952919;0.146075815;
2026-07-30T04:25:35.395Z;1001;inference;LPG;1;57;1;0,103555523;0.145419657;0.018070621;-0.002901724;-0,010018436;0.030033102;-0.019960904;0.144654959;
2026-07-30T04:25:35.832Z;1001;inference;LPG;1;53;1;0,103157006;0.144375786;0.017040566;-0.002888868;-0,010024318;0.029313568;-0.019964676;0.143533632;
2026-07-30T04:25:36.321Z;1001;inference;LPG;1;53;1;0,103157006;0.144375786;0.017040566;-0.002888868;-0,010024318;0.029313568;-0.019964676;0.143533632;
2026-07-30T04:25:36.863Z;1001;inference;LPG;1;53;1;0,102520563;0.143237919;0.016403865;-0.002887442;-0,010021656;0.029407647;-0.019980596;0.142337754;
2026-07-30T04:25:37.298Z;1001;inference;LPG;1;53;1;0,102520563;0.143237919;0.016403865;-0.002887442;-0,010021656;0.029407647;-0.019980596;0.142337754;
2026-07-30T04:25:37.762Z;1001;inference;LPG;1;53;1;0,102520563;0.143237919;0.016403865;-0.002887442;-0,010021656;0.029407647;-0.019980596;0.142337754;
2026-07-30T04:25:38.263Z;1001;inference;LPG;1;53;1;0,102520563;0.143237919;0.016403865;-0.002887442;-0,010021656;0.029407647;-0.019980596;0.142337754;
2026-07-30T04:25:38.764Z;1001;inference;LPG;1;53;1;0,102520563;0.143237919;0.016403865;-0.002887442;-0,010021656;0.029407647;-0.019980596;0.142337754;
2026-07-30T04:25:39.341Z;1001;inference;Clean_Air;0;50;0;0,101901636;0.141598254;0.015183295;-0.002869185;-0,01002363;0.029024884;-0.019990932;0.141086906;
2026-07-30T04:25:39.903Z;1001;inference;Clean_Air;0;50;0;0,101557769;0.140410572;0.014807409;-0.002787194;-0,010026307;0.028386528;-0.019981112;0.139780998;
2026-07-30T04:25:40.321Z;1001;inference;LPG;1;53;1;0,101065159;0.13906078;0.015688227;-0.002748696;-0,010028748;0.027665392;-0.019959506;0.138547435;
2026-07-30T04:25:40.810Z;1001;inference;LPG;1;53;1;0,101065159;0.13906078;0.015688227;-0.002748696;-0,010028748;0.027665392;-0.019959506;0.138547435;
2026-07-30T04:25:41.371Z;1001;inference;Clean_Air;0;53;0;0,100482322;0.137706935;0.014153657;-0.002744803;-0,010037668;0.02673842;-0.019988123;0.137095094;
2026-07-30T04:25:41.780Z;1001;inference;Clean_Air;0;57;0;0,099912472;0.136099666;0.01357868;-0.00275981;-0,010028088;0.025645355;-0.019888552;0.135594502;
2026-07-30T04:25:42.265Z;1001;inference;Clean_Air;0;57;0;0,099912472;0.136099666;0.01357868;-0.00275981;-0,010028088;0.025645355;-0.019888552;0.135594502;
2026-07-30T04:25:42.812Z;1001;inference;Clean_Air;0;60;0;0,099308893;0.134759039;0.011823313;-0.002770405;-0,009937166;0.025406536;-0.019945508;0.134463876;
2026-07-30T04:25:43.402Z;1001;inference;Clean_Air;0;60;0;0,098789312;0.133297324;0.012488799;-0.002792849;-0,009937922;0.024242993;-0.019973207;0.133081958;
2026-07-30T04:25:43.785Z;1001;inference;Clean_Air;0;60;0;0,097989596;0.131636962;0.013146942;-0.002803875;-0,009931879;0.023039892;-0.019962803;0.131717294;
2026-07-30T04:25:44.271Z;1001;inference;Clean_Air;0;60;0;0,097989596;0.131636962;0.013146942;-0.002803875;-0,009931879;0.023039892;-0.019962803;0.131717294;
2026-07-30T04:25:44.863Z;1001;inference;Clean_Air;0;60;0;0,097489879;0.130247653;0.012545243;-0.002792018;-0,009945594;0.023070643;-0.019976946;0.130288452;
2026-07-30T04:25:45.412Z;1001;inference;Clean_Air;0;67;0;0,097027577;0.128851429;0.011989178;-0.002791594;-0,009967642;0.022418108;-0.019980362;0.128924415;
2026-07-30T04:25:45.827Z;1001;inference;Clean_Air;0;67;0;0,096673429;0.127952576;0.012655174;-0.002797446;-0,009969754;0.021118727;-0.019984249;0.127773136;
2026-07-30T04:25:46.308Z;1001;inference;Clean_Air;0;67;0;0,096673429;0.127952576;0.012655174;-0.002797446;-0,009969754;0.021118727;-0.019984249;0.127773136;
2026-07-30T04:25:46.870Z;1001;inference;Clean_Air;0;73;0;0,096321449;0.126848817;0.011101015;-0.002816334;-0,009981246;0.020073846;-0.020014618;0.126786202;
2026-07-30T04:25:47.424Z;1001;inference;Clean_Air;0;87;0;0,096075654;0.125929758;0.009518558;-0.002852557;-0,009984471;0.0190253;-0.020008754;0.12561208;
2026-07-30T04:25:47.784Z;1001;inference;Clean_Air;0;87;0;0,096075654;0.125929758;0.009518558;-0.002852557;-0,009984471;0.0190253;-0.020008754;0.12561208;
2026-07-30T04:25:48.262Z;1001;inference;Clean_Air;0;87;0;0,096075654;0.125929758;0.009518558;-0.002852557;-0,009984471;0.0190253;-0.020008754;0.12561208;
2026-07-30T04:25:48.750Z;1001;inference;Clean_Air;0;87;0;0,096075654;0.125929758;0.009518558;-0.002852557;-0,009984471;0.0190253;-0.020008754;0.12561208;
2026-07-30T04:25:49.251Z;1001;inference;Clean_Air;0;87;0;0,096075654;0.125929758;0.009518558;-0.002852557;-0,009984471;0.0190253;-0.020008754;0.12561208;
2026-07-30T04:25:49.842Z;1001;inference;Clean_Air;0;90;0;0,095787443;0.124886774;0.009025796;-0.002853255;-0,009960504;0.019087052;-0.019980052;0.124390386;
2026-07-30T04:25:50.404Z;1001;inference;Clean_Air;0;92;0;0,095345169;0.123996124;0.008698803;-0.00283756;-0,009966859;0.018166658;-0.020004045;0.123215437;
2026-07-30T04:25:50.818Z;1001;inference;Clean_Air;0;92;0;0,094967842;0.122897066;0.008457778;-0.002788408;-0,010042602;0.017158374;-0.019953512;0.12244793;
2026-07-30T04:25:51.301Z;1001;inference;Clean_Air;0;92;0;0,094967842;0.122897066;0.008457778;-0.002788408;-0,010042602;0.017158374;-0.019953512;0.12244793;
2026-07-30T04:25:51.862Z;1001;inference;Clean_Air;0;96;0;0,094496116;0.121722676;0.00732651;-0.00278401;-0,010066612;0.018001184;-0.019938385;0.121374212;
2026-07-30T04:25:52.289Z;1001;inference;Clean_Air;0;97;0;0,094153866;0.120982111;0.006348087;-0.002774268;-0,010060286;0.01862243;-0.020001393;0.120116547;
2026-07-30T04:25:52.833Z;1001;inference;Clean_Air;0;97;0;0,094153866;0.120982111;0.006348087;-0.002774268;-0,010060286;0.01862243;-0.020001393;0.120116547;
2026-07-30T04:25:53.308Z;1001;inference;Clean_Air;0;96;0;0,093571231;0.119996354;0.006251813;-0.00280606;-0,010076651;0.017090989;-0.019936539;0.119102977;
2026-07-30T04:25:53.879Z;1001;inference;Clean_Air;0;97;0;0,093122445;0.119046152;0.006276676;-0.002794393;-0,010053202;0.015443203;-0.019927436;0.118039034;
2026-07-30T04:25:54.413Z;1001;inference;Clean_Air;0;93;0;0,092416115;0.118020952;0.004928891;-0.00279914;-0,010055928;0.01628923;-0.019931624;0.117048346;
2026-07-30T04:25:54.808Z;1001;inference;Clean_Air;0;93;0;0,0917622;0.116941437;0.004937192;-0.002803174;-0,010052441;0.01708217;-0.019916069;0.115847722;
2026-07-30T04:25:55.350Z;1001;inference;Clean_Air;0;93;0;0,0917622;0.116941437;0.004937192;-0.002803174;-0,010052441;0.01708217;-0.019916069;0.115847722;
2026-07-30T04:25:55.829Z;1001;inference;Clean_Air;0;93;0;0,09112002;0.115638994;0.004939858;-0.002816211;-0,010058681;0.016838679;-0.019957859;0.114892468;
2026-07-30T04:25:56.397Z;1001;inference;Clean_Air;0;92;0;0,090642966;0.114825323;0.004834277;-0.00282087;-0,010055513;0.016561668;-0.01996614;0.114087023;
2026-07-30T04:25:56.923Z;1001;inference;Clean_Air;0;88;0;0,090092368;0.113693096;0.004591103;-0.002828288;-0,010034263;0.016388249;-0.020010097;0.113181829;
2026-07-30T04:25:57.468Z;1001;inference;Clean_Air;0;88;0;0,089642696;0.112809971;0.004591176;-0.002855378;-0,010046741;0.017385907;-0.020024482;0.111932658;
2026-07-30T04:25:57.790Z;1001;inference;Clean_Air;0;88;0;0,089642696;0.112809971;0.004591176;-0.002855378;-0,010046741;0.017385907;-0.020024482;0.111932658;
2026-07-30T04:25:58.312Z;1001;inference;Clean_Air;0;88;0;0,089642696;0.112809971;0.004591176;-0.002855378;-0,010046741;0.017385907;-0.020024482;0.111932658;
2026-07-30T04:25:58.757Z;1001;inference;Clean_Air;0;88;0;0,089642696;0.112809971;0.004591176;-0.002855378;-0,010046741;0.017385907;-0.020024482;0.111932658;
2026-07-30T04:25:59.259Z;1001;inference;Clean_Air;0;88;0;0,089642696;0.112809971;0.004591176;-0.002855378;-0,010046741;0.017385907;-0.020024482;0.111932658;
2026-07-30T04:25:59.874Z;1001;inference;Clean_Air;0;87;0;0,089154772;0.111792304;0.004576493;-0.00287771;-0,009987677;0.015365687;-0.02008418;0.110916592;
2026-07-30T04:26:00.413Z;1001;inference;Clean_Air;0;87;0;0,088705458;0.110679314;0.004556741;-0.002859573;-0,009991298;0.015146123;-0.020015385;0.110088959;
2026-07-30T04:26:00.799Z;1001;inference;Clean_Air;0;87;0;0,088203251;0.109589361;0.00456275;-0.0028552;-0,009992591;0.015939686;-0.020060945;0.109036669;
2026-07-30T04:26:01.341Z;1001;inference;Clean_Air;0;87;0;0,088203251;0.109589361;0.00456275;-0.0028552;-0,009992591;0.015939686;-0.020060945;0.109036669;
2026-07-30T04:26:01.823Z;1001;inference;Clean_Air;0;87;0;0,087684207;0.108600542;0.004558461;-0.002854294;-0,009999554;0.015700024;-0.020055573;0.108017802;
2026-07-30T04:26:02.388Z;1001;inference;Clean_Air;0;87;0;0,087374851;0.1075183;0.004589734;-0.002849955;-0,009993413;0.015112395;-0.02003484;0.106881186;
2026-07-30T04:26:02.917Z;1001;inference;Clean_Air;0;88;0;0,087065652;0.106488429;0.004580504;-0.002842083;-0,009991258;0.013622819;-0.02004276;0.106041864;
2026-07-30T04:26:03.313Z;1001;inference;Clean_Air;0;88;0;0,086591855;0.10567335;0.004579852;-0.002838184;-0,009972377;0.012893954;-0.020050917;0.104945302;
2026-07-30T04:26:03.855Z;1001;inference;Clean_Air;0;88;0;0,086591855;0.10567335;0.004579852;-0.002838184;-0,009972377;0.012893954;-0.020050917;0.104945302;
2026-07-30T04:26:04.329Z;1001;inference;Clean_Air;0;88;0;0,086158909;0.104475245;0.004604343;-0.002821786;-0,009965952;0.011384739;-0.020131776;0.103710696;
2026-07-30T04:26:04.907Z;1001;inference;Clean_Air;0;88;0;0,085815378;0.103579924;0.004577592;-0.00283781;-0,009983873;0.012216974;-0.020163089;0.102929041;
2026-07-30T04:26:05.437Z;1001;inference;Clean_Air;0;87;0;0,085335799;0.102547191;0.004567493;-0.002863063;-0,009968655;0.011703371;-0.020196192;0.101710401;
2026-07-30T04:26:05.831Z;1001;inference;Clean_Air;0;88;0;0,084761538;0.101977132;0.004594975;-0.002834956;-0,009996003;0.013175058;-0.020163482;0.100681424;
2026-07-30T04:26:06.375Z;1001;inference;Clean_Air;0;88;0;0,084761538;0.101977132;0.004594975;-0.002834956;-0,009996003;0.013175058;-0.020163482;0.100681424;
2026-07-30T04:26:06.848Z;1001;inference;Clean_Air;0;88;0;0,084519461;0.101336911;0.004605105;-0.002817491;-0,010004006;0.012452529;-0.020185336;0.099887922;
2026-07-30T04:26:07.422Z;1001;inference;Clean_Air;0;89;0;0,084185556;0.10068848;0.004688112;-0.002829467;-0,009992583;0.012686422;-0.020214565;0.099092811;
2026-07-30T04:26:07.897Z;1001;inference;Clean_Air;0;89;0;0,084019676;0.099968925;0.00468356;-0.002837454;-0,009983064;0.013574128;-0.020223441;0.098285519;
2026-07-30T04:26:08.303Z;1001;inference;Clean_Air;0;89;0;0,084019676;0.099968925;0.00468356;-0.002837454;-0,009983064;0.013574128;-0.020223441;0.098285519;
2026-07-30T04:26:08.772Z;1001;inference;Clean_Air;0;89;0;0,084019676;0.099968925;0.00468356;-0.002837454;-0,009983064;0.013574128;-0.020223441;0.098285519;
2026-07-30T04:26:09.252Z;1001;inference;Clean_Air;0;89;0;0,084019676;0.099968925;0.00468356;-0.002837454;-0,009983064;0.013574128;-0.020223441;0.098285519;
2026-07-30T04:26:09.754Z;1001;inference;Clean_Air;0;89;0;0,084019676;0.099968925;0.00468356;-0.002837454;-0,009983064;0.013574128;-0.020223441;0.098285519;
2026-07-30T04:26:10.336Z;1001;inference;Clean_Air;0;89;0;0,083606042;0.099006824;0.004650462;-0.002848254;-0,009982947;0.011786122;-0.020239672;0.097253755;
2026-07-30T04:26:10.864Z;1001;inference;Clean_Air;0;91;0;0,083165482;0.098087661;0.004729967;-0.002874418;-0,009976158;0.012689544;-0.020237761;0.096159637;
2026-07-30T04:26:11.428Z;1001;inference;Clean_Air;0;91;0;0,082546055;0.097217917;0.004722697;-0.002864747;-0,009988774;0.011914087;-0.020218521;0.095241725;
2026-07-30T04:26:11.796Z;1001;inference;Clean_Air;0;92;0;0,081991985;0.096389122;0.004728957;-0.002845745;-0,009986629;0.013072245;-0.020186424;0.094535746;
2026-07-30T04:26:12.278Z;1001;inference;Clean_Air;0;92;0;0,081991985;0.096389122;0.004728957;-0.002845745;-0,009986629;0.013072245;-0.020186424;0.094535746;
2026-07-30T04:26:12.852Z;1001;inference;Clean_Air;0;92;0;0,081608586;0.095470577;0.004755448;-0.002822683;-0,009980818;0.010633076;-0.020108046;0.093502738;
2026-07-30T04:26:13.385Z;1001;inference;Clean_Air;0;94;0;0,081359975;0.094606832;0.004806404;-0.002798347;-0,009998129;0.010585966;-0.020028392;0.09249492;
2026-07-30T04:26:13.776Z;1001;inference;Clean_Air;0;91;0;0,081183538;0.093442544;0.004772627;-0.002808542;-0,010070723;0.00849889;-0.020021625;0.091679312;
2026-07-30T04:26:14.319Z;1001;inference;Clean_Air;0;91;0;0,081183538;0.093442544;0.004772627;-0.002808542;-0,010070723;0.00849889;-0.020021625;0.091679312;
2026-07-30T04:26:14.798Z;1001;inference;Clean_Air;0;91;0;0,080824316;0.092469499;0.004762228;-0.002866605;-0,010075708;0.007904775;-0.020081105;0.090663634;
2026-07-30T04:26:15.360Z;1001;inference;Clean_Air;0;92;0;0,080287263;0.091718122;0.004685315;-0.002826435;-0,010077695;0.007324469;-0.020122036;0.089441076;
2026-07-30T04:26:15.907Z;1001;inference;Clean_Air;0;91;0;0,079665601;0.09081094;0.004688378;-0.002843033;-0,01007816;0.005107275;-0.020148762;0.088612072;
2026-07-30T04:26:16.294Z;1001;inference;Clean_Air;0;92;0;0,079382822;0.090029009;0.004692629;-0.002831384;-0,01006576;0.006400806;-0.020148136;0.087941743;
2026-07-30T04:26:16.837Z;1001;inference;Clean_Air;0;92;0;0,079382822;0.090029009;0.004692629;-0.002831384;-0,01006576;0.006400806;-0.020148136;0.087941743;
2026-07-30T04:26:17.319Z;1001;inference;Clean_Air;0;87;0;0,078891158;0.089433357;0.004634045;-0.002799232;-0,010086553;0.003891518;-0.020147104;0.087116621;
2026-07-30T04:26:17.884Z;1001;inference;Clean_Air;0;89;0;0,078712672;0.088861763;0.004623354;-0.00279345;-0,010095073;0.004865024;-0.020182196;0.086163163;
2026-07-30T04:26:18.354Z;1001;inference;Clean_Air;0;89;0;0,078557394;0.088120699;0.004631577;-0.002817967;-0,010121234;0.004217527;-0.020119555;0.085255921;
2026-07-30T04:26:18.791Z;1001;inference;Clean_Air;0;89;0;0,078557394;0.088120699;0.004631577;-0.002817967;-0,010121234;0.004217527;-0.020119555;0.085255921;
2026-07-30T04:26:19.259Z;1001;inference;Clean_Air;0;89;0;0,078557394;0.088120699;0.004631577;-0.002817967;-0,010121234;0.004217527;-0.020119555;0.085255921;
2026-07-30T04:26:19.759Z;1001;inference;Clean_Air;0;89;0;0,078557394;0.088120699;0.004631577;-0.002817967;-0,010121234;0.004217527;-0.020119555;0.085255921;
2026-07-30T04:26:20.260Z;1001;inference;Clean_Air;0;89;0;0,078557394;0.088120699;0.004631577;-0.002817967;-0,010121234;0.004217527;-0.020119555;0.085255921;
2026-07-30T04:26:20.826Z;1001;inference;Clean_Air;0;89;0;0,078167416;0.087408595;0.004634419;-0.002851679;-0,010111609;0.00392878;-0.020119043;0.084320381;
2026-07-30T04:26:21.362Z;1001;inference;Clean_Air;0;90;0;0,077775024;0.08655417;0.004627333;-0.00286488;-0,010100957;0.001523179;-0.020095989;0.083608359;
2026-07-30T04:26:21.919Z;1001;inference;Clean_Air;0;90;0;0,07740657;0.085687049;0.004640973;-0.002856447;-0,010109769;0.002329943;-0.020096619;0.082753778;
2026-07-30T04:26:22.285Z;1001;inference;Clean_Air;0;90;0;0,077003196;0.085023992;0.004627461;-0.002846696;-0,010109662;0.001359688;-0.019989699;0.081988491;
2026-07-30T04:26:22.764Z;1001;inference;Clean_Air;0;90;0;0,077003196;0.085023992;0.004627461;-0.002846696;-0,010109662;0.001359688;-0.019989699;0.081988491;
2026-07-30T04:26:23.341Z;1001;inference;Clean_Air;0;90;0;0,076780438;0.083969474;0.004641343;-0.002855416;-0,010112332;0.001253471;-0.019889681;0.08122462;
2026-07-30T04:26:23.874Z;1001;inference;Clean_Air;0;89;0;0,076571882;0.083313748;0.004610687;-0.002834108;-0,010101533;0.001220393;-0.019836958;0.080299236;
2026-07-30T04:26:24.443Z;1001;inference;Clean_Air;0;89;0;0,076119334;0.082726613;0.004598087;-0.002842572;-0,010105189;0.00006038;-0.019840835;0.079129986;
2026-07-30T04:26:24.809Z;1001;inference;Clean_Air;0;89;0;0,075755075;0.081848197;0.004588972;-0.002848264;-0,010102438;0.00094057;-0.019838082;0.078529425;
2026-07-30T04:26:25.285Z;1001;inference;Clean_Air;0;89;0;0,075755075;0.081848197;0.004588972;-0.002848264;-0,010102438;0.00094057;-0.019838082;0.078529425;
2026-07-30T04:26:25.847Z;1001;inference;Clean_Air;0;89;0;0,075441673;0.080989763;0.004611272;-0.002841972;-0,010087517;0.000891741;-0.019782206;0.077817574;
2026-07-30T04:26:26.395Z;1001;inference;Clean_Air;0;89;0;0,074998826;0.080230974;0.00459877;-0.002857045;-0,010055232;-0.001330428;-0.019777859;0.076979816;
2026-07-30T04:26:26.784Z;1001;inference;Clean_Air;0;89;0;0,074591808;0.079536028;0.004597265;-0.002830111;-0,010047575;-0.000988341;-0.019783769;0.076393895;
2026-07-30T04:26:27.266Z;1001;inference;Clean_Air;0;89;0;0,074591808;0.079536028;0.004597265;-0.002830111;-0,010047575;-0.000988341;-0.019783769;0.076393895;
2026-07-30T04:26:27.813Z;1001;inference;Clean_Air;0;89;0;0,07435669;0.079027042;0.00458765;-0.002821804;-0,010086038;-0.000252491;-0.01977348;0.075992048;
2026-07-30T04:26:28.372Z;1001;inference;Clean_Air;0;89;0;0,074037366;0.078573242;0.00460004;-0.002819979;-0,009997109;-0.001610818;-0.019752342;0.075251885;
2026-07-30T04:26:28.897Z;1001;inference;Clean_Air;0;89;0;0,073889226;0.078152008;0.004618854;-0.002786749;-0,009894716;-0.002754436;-0.019855002;0.074476019;
2026-07-30T04:26:29.280Z;1001;inference;Clean_Air;0;89;0;0,073889226;0.078152008;0.004618854;-0.002786749;-0,009894716;-0.002754436;-0.019855002;0.074476019;
2026-07-30T04:26:29.755Z;1001;inference;Clean_Air;0;89;0;0,073889226;0.078152008;0.004618854;-0.002786749;-0,009894716;-0.002754436;-0.019855002;0.074476019;
2026-07-30T04:26:30.256Z;1001;inference;Clean_Air;0;89;0;0,073889226;0.078152008;0.004618854;-0.002786749;-0,009894716;-0.002754436;-0.019855002;0.074476019;
2026-07-30T04:26:30.757Z;1001;inference;Clean_Air;0;89;0;0,073889226;0.078152008;0.004618854;-0.002786749;-0,009894716;-0.002754436;-0.019855002;0.074476019;
2026-07-30T04:26:31.326Z;1001;inference;Clean_Air;0;89;0;0,07358484;0.077531911;0.004607982;-0.002791731;-0,009868635;-0.004653193;-0.019843617;0.073733054;
2026-07-30T04:26:31.863Z;1001;inference;Clean_Air;0;89;0;0,073323682;0.076742582;0.004651391;-0.002798614;-0,009874782;-0.004336315;-0.019866228;0.072858609;
2026-07-30T04:26:32.269Z;1001;inference;Clean_Air;0;91;0;0,073141888;0.076149873;0.004682446;-0.002786391;-0,009875046;-0.004761746;-0.019846076;0.072404407;
2026-07-30T04:26:32.758Z;1001;inference;Clean_Air;0;91;0;0,073141888;0.076149873;0.004682446;-0.002786391;-0,009875046;-0.004761746;-0.019846076;0.072404407;
2026-07-30T04:26:33.305Z;1001;inference;Clean_Air;0;91;0;0,073081858;0.075699121;0.004692708;-0.002788468;-0,009874788;-0.005311167;-0.019896768;0.0714885;
2026-07-30T04:26:33.871Z;1001;inference;Clean_Air;0;91;0;0,072910182;0.074984163;0.004692715;-0.002776437;-0,009878884;-0.007003604;-0.019894401;0.07077907;
2026-07-30T04:26:34.395Z;1001;inference;Clean_Air;0;91;0;0,072831556;0.074630089;0.004689653;-0.002759092;-0,009888481;-0.005554399;-0.019962791;0.070199057;
2026-07-30T04:26:34.803Z;1001;inference;Clean_Air;0;91;0;0,072836071;0.074210525;0.004690694;-0.002775851;-0,009973461;-0.006139673;-0.01999289;0.06950102;
2026-07-30T04:26:35.347Z;1001;inference;Clean_Air;0;91;0;0,072836071;0.074210525;0.004690694;-0.002775851;-0,009973461;-0.006139673;-0.01999289;0.06950102;
2026-07-30T04:26:35.823Z;1001;inference;Clean_Air;0;91;0;0,072472066;0.07350038;0.004682782;-0.002763915;-0,009926649;-0.00707802;-0.020040086;0.068798229;
2026-07-30T04:26:36.384Z;1001;inference;Clean_Air;0;91;0;0,072373517;0.072822943;0.00467987;-0.002761718;-0,009955289;-0.007503359;-0.020040493;0.068043865;
2026-07-30T04:26:36.929Z;1001;inference;Clean_Air;0;91;0;0,072072178;0.072107121;0.004675256;-0.002777703;-0,010046935;-0.007539464;-0.019931728;0.067432389;
2026-07-30T04:26:37.323Z;1001;inference;Clean_Air;0;89;0;0,071997985;0.071607366;0.00463469;-0.002790736;-0,010071175;-0.006069676;-0.019976096;0.066882074;
2026-07-30T04:26:37.867Z;1001;inference;Clean_Air;0;89;0;0,071997985;0.071607366;0.00463469;-0.002790736;-0,010071175;-0.006069676;-0.019976096;0.066882074;
2026-07-30T04:26:38.340Z;1001;inference;Clean_Air;0;89;0;0,07152921;0.071177207;0.004660618;-0.002774164;-0,010085019;-0.005949283;-0.019995125;0.066150159;
2026-07-30T04:26:38.904Z;1001;inference;Clean_Air;0;89;0;0,071318492;0.070537582;0.004648602;-0.002788407;-0,01011244;-0.006697374;-0.020009685;0.065400563;
2026-07-30T04:26:39.426Z;1001;inference;Clean_Air;0;89;0;0,070885599;0.069868669;0.004627747;-0.002781105;-0,010110721;-0.006066877;-0.019979754;0.064568385;
2026-07-30T04:26:39.780Z;1001;inference;Clean_Air;0;89;0;0,070885599;0.069868669;0.004627747;-0.002781105;-0,010110721;-0.006066877;-0.019979754;0.064568385;
2026-07-30T04:26:40.254Z;1001;inference;Clean_Air;0;89;0;0,070885599;0.069868669;0.004627747;-0.002781105;-0,010110721;-0.006066877;-0.019979754;0.064568385;
2026-07-30T04:26:40.755Z;1001;inference;Clean_Air;0;89;0;0,070885599;0.069868669;0.004627747;-0.002781105;-0,010110721;-0.006066877;-0.019979754;0.064568385;
2026-07-30T04:26:41.255Z;1001;inference;Clean_Air;0;89;0;0,070885599;0.069868669;0.004627747;-0.002781105;-0,010110721;-0.006066877;-0.019979754;0.064568385;
2026-07-30T04:26:41.844Z;1001;inference;Clean_Air;0;89;0;0,070314661;0.07051646;0.004641191;-0.002800324;-0,010117285;-0.00605687;-0.020003434;0.063472286;
2026-07-30T04:26:42.390Z;1001;inference;Clean_Air;0;92;0;0,070015945;0.070486881;0.004708198;-0.002820735;-0,01013778;-0.006324355;-0.019988466;0.062356036;
2026-07-30T04:26:42.788Z;1001;inference;Clean_Air;0;91;0;0,069594964;0.070817664;0.004686218;-0.00279867;-0,010075545;-0.006148777;-0.019939288;0.061112393;
2026-07-30T04:26:43.270Z;1001;inference;Clean_Air;0;91;0;0,069594964;0.070817664;0.004686218;-0.00279867;-0,010075545;-0.006148777;-0.019939288;0.061112393;
2026-07-30T04:26:43.814Z;1001;inference;Clean_Air;0;91;0;0,069488935;0.070663296;0.004699359;-0.002809763;-0,010102599;-0.006461035;-0.019901399;0.059795983;
2026-07-30T04:26:44.394Z;1001;inference;Clean_Air;0;90;0;0,069105051;0.071310252;0.004695292;-0.002811988;-0,010097262;-0.006620699;-0.019951496;0.058891106;
2026-07-30T04:26:44.780Z;1001;inference;Clean_Air;0;90;0;0,069288537;0.071673311;0.004707266;-0.002819218;-0,010098444;-0.006648192;-0.020042738;0.057831936;
2026-07-30T04:26:45.259Z;1001;inference;Clean_Air;0;90;0;0,069288537;0.071673311;0.004707266;-0.002819218;-0,010098444;-0.006648192;-0.020042738;0.057831936;
2026-07-30T04:26:45.855Z;1001;inference;Clean_Air;0;92;0;0,069688052;0.071986564;0.004734886;-0.002811835;-0,010084374;-0.007411396;-0.020066803;0.056916952;
2026-07-30T04:26:46.400Z;1001;inference;Clean_Air;0;92;0;0,070548907;0.072323456;0.004782942;-0.002820706;-0,010064563;-0.008314754;-0.020063991;0.056120418;
2026-07-30T04:26:46.822Z;1001;inference;Clean_Air;0;92;0;0,070742719;0.072005071;0.004780133;-0.002804049;-0,010079177;-0.007679137;-0.020063933;0.055286516;
2026-07-30T04:26:47.314Z;1001;inference;Clean_Air;0;92;0;0,070742719;0.072005071;0.004780133;-0.002804049;-0,010079177;-0.007679137;-0.020063933;0.055286516;
2026-07-30T04:26:47.860Z;1001;inference;Clean_Air;0;92;0;0,071167238;0.072158754;0.004796048;-0.002799951;-0,010082981;-0.008970742;-0.020067768;0.054444831;
2026-07-30T04:26:48.283Z;1001;inference;Clean_Air;0;92;0;0,072096087;0.070551276;0.004780242;-0.002786302;-0,010090781;-0.008916704;-0.020074757;0.054068893;
2026-07-30T04:26:48.765Z;1001;inference;Clean_Air;0;92;0;0,072096087;0.070551276;0.004780242;-0.002786302;-0,010090781;-0.008916704;-0.020074757;0.054068893;
2026-07-30T04:26:49.328Z;1001;inference;Clean_Air;0;92;0;0,072041392;0.069477089;0.004718276;-0.002793455;-0,010087669;-0.010122275;-0.020123878;0.053495299;
2026-07-30T04:26:49.881Z;1001;inference;Clean_Air;0;90;0;0,072359182;0.067965351;0.004703918;-0.002791332;-0,010082264;-0.010235308;-0.020155929;0.0530001;
2026-07-30T04:26:50.277Z;1001;inference;Clean_Air;0;90;0;0,072359182;0.067965351;0.004703918;-0.002791332;-0,010082264;-0.010235308;-0.020155929;0.0530001;
2026-07-30T04:26:50.755Z;1001;inference;Clean_Air;0;90;0;0,072359182;0.067965351;0.004703918;-0.002791332;-0,010082264;-0.010235308;-0.020155929;0.0530001;
2026-07-30T04:26:51.257Z;1001;inference;Clean_Air;0;90;0;0,072359182;0.067965351;0.004703918;-0.002791332;-0,010082264;-0.010235308;-0.020155929;0.0530001;
2026-07-30T04:26:51.761Z;1001;inference;Clean_Air;0;90;0;0,072359182;0.067965351;0.004703918;-0.002791332;-0,010082264;-0.010235308;-0.020155929;0.0530001;
2026-07-30T04:26:52.339Z;1001;inference;Clean_Air;0;91;0;0,072243139;0.066856012;0.004703206;-0.002808538;-0,010055218;-0.010160023;-0.020251669;0.052189428;
2026-07-30T04:26:52.881Z;1001;inference;Clean_Air;0;91;0;0,072877444;0.065427996;0.004731265;-0.002829908;-0,010017945;-0.010057359;-0.02017479;0.051424928;
2026-07-30T04:26:53.289Z;1001;inference;Clean_Air;0;91;0;0,072472319;0.064004026;0.004748773;-0.00280503;-0,010001296;-0.01014834;-0.020141175;0.050513577;
2026-07-30T04:26:53.777Z;1001;inference;Clean_Air;0;91;0;0,072472319;0.064004026;0.004748773;-0.00280503;-0,010001296;-0.01014834;-0.020141175;0.050513577;
2026-07-30T04:26:54.323Z;1001;inference;Clean_Air;0;94;0;0,071930602;0.063128851;0.004829959;-0.002791223;-0,01002623;-0.011255381;-0.020109624;0.049500324;
2026-07-30T04:26:54.907Z;1001;inference;Clean_Air;0;92;0;0,071098424;0.06163783;0.004765262;-0.002786551;-0,010025467;-0.011268601;-0.020128164;0.048583124;
2026-07-30T04:26:55.432Z;1001;inference;Clean_Air;0;92;0;0,071202248;0.060948364;0.004788234;-0.002769307;-0,009978056;-0.011923457;-0.020078948;0.047900062;
2026-07-30T04:26:55.842Z;1001;inference;Clean_Air;0;91;0;0,070690423;0.06004541;0.004750096;-0.002769753;-0,009953698;-0.011964681;-0.020069556;0.047193259;
2026-07-30T04:26:56.325Z;1001;inference;Clean_Air;0;91;0;0,070690423;0.06004541;0.004750096;-0.002769753;-0,009953698;-0.011964681;-0.020069556;0.047193259;
2026-07-30T04:26:56.872Z;1001;inference;Clean_Air;0;91;0;0,070565723;0.05966248;0.004751447;-0.002785997;-0,00990917;-0.012078771;-0.02006818;0.046284325;
2026-07-30T04:26:57.277Z;1001;inference;Clean_Air;0;91;0;0,071098424;0.058745317;0.00475162;-0.002749466;-0,009877905;-0.012078958;-0.019962685;0.045570575;
2026-07-30T04:26:57.767Z;1001;inference;Clean_Air;0;91;0;0,071098424;0.058745317;0.00475162;-0.002749466;-0,009877905;-0.012078958;-0.019962685;0.045570575;
2026-07-30T04:26:58.314Z;1001;inference;Clean_Air;0;92;0;0,071355201;0.058094364;0.004798819;-0.002758939;-0,009864682;-0.01207678;-0.019945014;0.044798665;
2026-07-30T04:26:58.905Z;1001;inference;Clean_Air;0;92;0;0,071275517;0.058292974;0.00480329;-0.00276015;-0,009862158;-0.012092143;-0.019906607;0.044272397;
2026-07-30T04:26:59.280Z;1001;inference;Clean_Air;0;92;0;0,07068608;0.057442881;0.004780334;-0.002728201;-0,00986493;-0.012124444;-0.019930234;0.043673299;
2026-07-30T04:26:59.759Z;1001;inference;Clean_Air;0;92;0;0,07068608;0.057442881;0.004780334;-0.002728201;-0,00986493;-0.012124444;-0.019930234;0.043673299;
2026-07-30T04:27:00.323Z;1001;inference;Clean_Air;0;92;0;0,070955537;0.05631246;0.004771191;-0.002737521;-0,009862856;-0.01212528;-0.019914161;0.043257393;
2026-07-30T04:27:00.781Z;1001;inference;Clean_Air;0;92;0;0,070955537;0.05631246;0.004771191;-0.002737521;-0,009862856;-0.01212528;-0.019914161;0.043257393;
2026-07-30T04:27:01.260Z;1001;inference;Clean_Air;0;92;0;0,070955537;0.05631246;0.004771191;-0.002737521;-0,009862856;-0.01212528;-0.019914161;0.043257393;
2026-07-30T04:27:01.760Z;1001;inference;Clean_Air;0;92;0;0,070955537;0.05631246;0.004771191;-0.002737521;-0,009862856;-0.01212528;-0.019914161;0.043257393;
2026-07-30T04:27:02.257Z;1001;inference;Clean_Air;0;92;0;0,070955537;0.05631246;0.004771191;-0.002737521;-0,009862856;-0.01212528;-0.019914161;0.043257393;
2026-07-30T04:27:02.843Z;1001;inference;Clean_Air;0;92;0;0,070629105;0.054413579;0.004782157;-0.002776238;-0,009878905;-0.012119379;-0.019946171;0.042668626;
2026-07-30T04:27:03.405Z;1001;inference;Clean_Air;0;92;0;0,07070452;0.053179674;0.004760884;-0.002765383;-0,009906183;-0.012054765;-0.019941945;0.042116705;
2026-07-30T04:27:03.818Z;1001;inference;Clean_Air;0;92;0;0,070382059;0.051943768;0.004761285;-0.002779354;-0,009840086;-0.012156631;-0.020010369;0.041236293;
2026-07-30T04:27:04.295Z;1001;inference;Clean_Air;0;92;0;0,070382059;0.051943768;0.004761285;-0.002779354;-0,009840086;-0.012156631;-0.020010369;0.041236293;
2026-07-30T04:27:04.871Z;1001;inference;Clean_Air;0;93;0;0,070074499;0.051218819;0.004823253;-0.002775514;-0,009834565;-0.012138147;-0.020066919;0.040404174;
2026-07-30T04:27:05.286Z;1001;inference;Clean_Air;0;93;0;0,069636703;0.049542785;0.004832734;-0.002787551;-0,009801937;-0.01206016;-0.020086888;0.039771892;
2026-07-30T04:27:05.766Z;1001;inference;Clean_Air;0;93;0;0,069636703;0.049542785;0.004832734;-0.002787551;-0,009801937;-0.01206016;-0.020086888;0.039771892;
2026-07-30T04:27:06.326Z;1001;inference;Clean_Air;0;93;0;0,0688309;0.048506975;0.004841524;-0.002784977;-0,009804906;-0.01206075;-0.020127583;0.038870849;
2026-07-30T04:27:06.904Z;1001;inference;Clean_Air;0;93;0;0,068290561;0.048219092;0.004835142;-0.002797098;-0,009824354;-0.012129437;-0.020163197;0.038073607;
2026-07-30T04:27:07.303Z;1001;inference;Clean_Air;0;92;0;0,068669178;0.046297643;0.004787779;-0.002762039;-0,009809988;-0.012185042;-0.020169035;0.037432965;
2026-07-30T04:27:07.783Z;1001;inference;Clean_Air;0;92;0;0,068669178;0.046297643;0.004787779;-0.002762039;-0,009809988;-0.012185042;-0.020169035;0.037432965;
2026-07-30T04:27:08.388Z;1001;inference;Clean_Air;0;94;0;0,068809807;0.045968708;0.004804116;-0.002796412;-0,009822876;-0.01220376;-0.020226831;0.036777399;
2026-07-30T04:27:08.777Z;1001;inference;Clean_Air;0;94;0;0,068305381;0.045068983;0.004834036;-0.002805413;-0,009837697;-0.012232801;-0.020235127;0.035841383;
2026-07-30T04:27:09.258Z;1001;inference;Clean_Air;0;94;0;0,068305381;0.045068983;0.004834036;-0.002805413;-0,009837697;-0.012232801;-0.020235127;0.035841383;
2026-07-30T04:27:09.866Z;1001;inference;Clean_Air;0;92;0;0,068556868;0.044799272;0.004739676;-0.002777854;-0,00982693;-0.012266175;-0.02019807;0.035222776;
2026-07-30T04:27:10.396Z;1001;inference;Clean_Air;0;94;0;0,068382509;0.045014251;0.004824481;-0.002822596;-0,009819011;-0.012262966;-0.020144891;0.034449987;
2026-07-30T04:27:10.779Z;1001;inference;Clean_Air;0;94;0;0,068382509;0.045014251;0.004824481;-0.002822596;-0,009819011;-0.012262966;-0.020144891;0.034449987;
2026-07-30T04:27:11.249Z;1001;inference;Clean_Air;0;94;0;0,068382509;0.045014251;0.004824481;-0.002822596;-0,009819011;-0.012262966;-0.020144891;0.034449987;
2026-07-30T04:27:11.787Z;1001;inference;Clean_Air;0;94;0;0,068382509;0.045014251;0.004824481;-0.002822596;-0,009819011;-0.012262966;-0.020144891;0.034449987;
2026-07-30T04:27:12.254Z;1001;inference;Clean_Air;0;94;0;0,068382509;0.045014251;0.004824481;-0.002822596;-0,009819011;-0.012262966;-0.020144891;0.034449987;
2026-07-30T04:27:12.855Z;1001;inference;Clean_Air;0;92;0;0,06757234;0.044051744;0.004794094;-0.002810385;-0,009816989;-0.012202467;-0.020114142;0.033730678;
2026-07-30T04:27:13.403Z;1001;inference;Clean_Air;0;92;0;0,067785546;0.043133821;0.004767728;-0.002804877;-0,00982782;-0.012264079;-0.020072112;0.033071131;
2026-07-30T04:27:13.828Z;1001;inference;Clean_Air;0;92;0;0,067689061;0.042267244;0.004775706;-0.002786045;-0,009899104;-0.012301454;-0.020093996;0.032188781;
2026-07-30T04:27:14.311Z;1001;inference;Clean_Air;0;92;0;0,067689061;0.042267244;0.004775706;-0.002786045;-0,009899104;-0.012301454;-0.020093996;0.032188781;
2026-07-30T04:27:14.875Z;1001;inference;Clean_Air;0;94;0;0,067601137;0.042116512;0.00484387;-0.002774471;-0,009925365;-0.012297014;-0.020092953;0.031447623;
2026-07-30T04:27:15.312Z;1001;inference;Clean_Air;0;94;0;0,066983983;0.040185213;0.004834752;-0.002752373;-0,009919999;-0.012230818;-0.020065306;0.030596426;
2026-07-30T04:27:15.801Z;1001;inference;Clean_Air;0;94;0;0,066983983;0.040185213;0.004834752;-0.002752373;-0,009919999;-0.012230818;-0.020065306;0.030596426;
2026-07-30T04:27:16.349Z;1001;inference;Clean_Air;0;94;0;0,066540636;0.040291715;0.004889668;-0.002765576;-0,009926332;-0.012172191;-0.02007452;0.029851034;
2026-07-30T04:27:16.925Z;1001;inference;Clean_Air;0;94;0;0,066441961;0.038798161;0.004879485;-0.002730974;-0,009927159;-0.012194904;-0.020061785;0.029018885;
2026-07-30T04:27:17.311Z;1001;inference;Clean_Air;0;94;0;0,066240795;0.038118325;0.004845521;-0.002712817;-0,009919912;-0.012160881;-0.020090131;0.028356414;
2026-07-30T04:27:17.789Z;1001;inference;Clean_Air;0;94;0;0,066240795;0.038118325;0.004845521;-0.002712817;-0,009919912;-0.012160881;-0.020090131;0.028356414;
2026-07-30T04:27:18.382Z;1001;inference;Clean_Air;0;94;0;0,065471508;0.036839835;0.004876546;-0.002683761;-0,009877004;-0.012081033;-0.020124597;0.027667951;
2026-07-30T04:27:18.928Z;1001;inference;Clean_Air;0;94;0;0,06448517;0.035026178;0.004868301;-0.002644832;-0,009863585;-0.012121237;-0.02015166;0.026935672;
2026-07-30T04:27:19.328Z;1001;inference;Clean_Air;0;94;0;0,064881273;0.035482489;0.004849866;-0.00265304;-0,009934212;-0.012149341;-0.020186946;0.026398277;
2026-07-30T04:27:19.810Z;1001;inference;Clean_Air;0;94;0;0,064881273;0.035482489;0.004849866;-0.00265304;-0,009934212;-0.012149341;-0.020186946;0.026398277;
2026-07-30T04:27:20.354Z;1001;inference;Clean_Air;0;94;0;0,064345099;0.035281919;0.004812078;-0.002670693;-0,009926191;-0.01211198;-0.020173995;0.025949886;
2026-07-30T04:27:20.902Z;1001;inference;Clean_Air;0;94;0;0,064182363;0.035078518;0.004810578;-0.002674477;-0,009846128;-0.012071656;-0.02013536;0.025439387;
2026-07-30T04:27:21.284Z;1001;inference;Clean_Air;0;94;0;0,064182363;0.035078518;0.004810578;-0.002674477;-0,009846128;-0.012071656;-0.02013536;0.025439387;
2026-07-30T04:27:21.754Z;1001;inference;Clean_Air;0;94;0;0,064182363;0.035078518;0.004810578;-0.002674477;-0,009846128;-0.012071656;-0.02013536;0.025439387;
2026-07-30T04:27:22.255Z;1001;inference;Clean_Air;0;94;0;0,064182363;0.035078518;0.004810578;-0.002674477;-0,009846128;-0.012071656;-0.02013536;0.025439387;
2026-07-30T04:27:22.754Z;1001;inference;Clean_Air;0;94;0;0,064182363;0.035078518;0.004810578;-0.002674477;-0,009846128;-0.012071656;-0.02013536;0.025439387;
2026-07-30T04:27:23.329Z;1001;inference;Clean_Air;0;91;0;0,063395366;0.033513013;0.004701038;-0.002680195;-0,009830924;-0.012070905;-0.020197393;0.024866985;
2026-07-30T04:27:23.888Z;1001;inference;Clean_Air;0;91;0;0,062817439;0.033270676;0.004708385;-0.002685844;-0,009829302;-0.012141267;-0.020217763;0.024197027;
2026-07-30T04:27:24.294Z;1001;inference;Clean_Air;0;91;0;0,062425219;0.032016285;0.004719875;-0.002710609;-0,00984132;-0.012153177;-0.020175213;0.023397861;
2026-07-30T04:27:24.780Z;1001;inference;Clean_Air;0;91;0;0,062425219;0.032016285;0.004719875;-0.002710609;-0,00984132;-0.012153177;-0.020175213;0.023397861;
2026-07-30T04:27:25.324Z;1001;inference;Clean_Air;0;91;0;0,061939269;0.031573698;0.004668556;-0.00279047;-0,009858117;-0.012128189;-0.020152289;0.022610568;
2026-07-30T04:27:25.900Z;1001;inference;Clean_Air;0;89;0;0,06087758;0.032008685;0.004655509;-0.002772617;-0,009881864;-0.012149175;-0.02013123;0.021962237;
2026-07-30T04:27:26.431Z;1001;inference;Clean_Air;0;89;0;0,060938895;0.031371336;0.00465301;-0.002786729;-0,00993984;-0.012193582;-0.020137459;0.021097653;
2026-07-30T04:27:26.823Z;1001;inference;Clean_Air;0;89;0;0,06105113;0.031572498;0.004608388;-0.002783459;-0,00994314;-0.012154598;-0.020167885;0.02097683;
2026-07-30T04:27:27.307Z;1001;inference;Clean_Air;0;89;0;0,06105113;0.031572498;0.004608388;-0.002783459;-0,00994314;-0.012154598;-0.020167885;0.02097683;
2026-07-30T04:27:27.856Z;1001;inference;Clean_Air;0;89;0;0,060177475;0.030205002;0.004662282;-0.00277938;-0,009941959;-0.012127083;-0.02019926;0.020291183;
2026-07-30T04:27:28.413Z;1001;inference;Clean_Air;0;92;0;0,060129695;0.029375592;0.004769534;-0.002745341;-0,009958865;-0.012163955;-0.020194672;0.019582152;
2026-07-30T04:27:28.790Z;1001;inference;Clean_Air;0;92;0;0,059436582;0.029087499;0.004802764;-0.002743153;-0,01002117;-0.012239389;-0.020228812;0.018756183;
2026-07-30T04:27:29.269Z;1001;inference;Clean_Air;0;92;0;0,059436582;0.029087499;0.004802764;-0.002743153;-0,01002117;-0.012239389;-0.020228812;0.018756183;
2026-07-30T04:27:29.844Z;1001;inference;Clean_Air;0;94;0;0,059101116;0.028686691;0.004828844;-0.002775709;-0,010031231;-0.012255173;-0.020176331;0.018505689;
2026-07-30T04:27:30.373Z;1001;inference;Clean_Air;0;94;0;0,058744758;0.028496211;0.00481528;-0.002761255;-0,010029788;-0.012241036;-0.020173151;0.018255893;
2026-07-30T04:27:30.923Z;1001;inference;Clean_Air;0;93;0;0,058497299;0.027848864;0.004798836;-0.002751665;-0,010071608;-0.012280342;-0.020197634;0.018067796;
2026-07-30T04:27:31.286Z;1001;inference;Clean_Air;0;93;0;0,058497299;0.027848864;0.004798836;-0.002751665;-0,010071608;-0.012280342;-0.020197634;0.018067796;
2026-07-30T04:27:31.808Z;1001;inference;Clean_Air;0;93;0;0,058497299;0.027848864;0.004798836;-0.002751665;-0,010071608;-0.012280342;-0.020197634;0.018067796;
2026-07-30T04:27:32.255Z;1001;inference;Clean_Air;0;93;0;0,058497299;0.027848864;0.004798836;-0.002751665;-0,010071608;-0.012280342;-0.020197634;0.018067796;
2026-07-30T04:27:32.759Z;1001;inference;Clean_Air;0;93;0;0,058497299;0.027848864;0.004798836;-0.002751665;-0,010071608;-0.012280342;-0.020197634;0.018067796;
2026-07-30T04:27:33.343Z;1001;inference;Clean_Air;0;94;0;0,057890125;0.027556911;0.004883281;-0.002676679;-0,010033395;-0.012249777;-0.020197636;0.017048996;
2026-07-30T04:27:33.872Z;1001;inference;Clean_Air;0;95;0;0,057352573;0.026920399;0.004904472;-0.002729483;-0,010018891;-0.012303736;-0.02020226;0.016695678;
2026-07-30T04:27:34.448Z;1001;inference;Clean_Air;0;94;0;0,056217276;0.027768219;0.00485349;-0.002737238;-0,009982428;-0.012314478;-0.020122752;0.015873034;
2026-07-30T04:27:34.813Z;1001;inference;Clean_Air;0;94;0;0,056128286;0.02729176;0.004828373;-0.002754434;-0,010001565;-0.012358638;-0.020120922;0.014968209;
2026-07-30T04:27:35.296Z;1001;inference;Clean_Air;0;94;0;0,056128286;0.02729176;0.004828373;-0.002754434;-0,010001565;-0.012358638;-0.020120922;0.014968209;
2026-07-30T04:27:35.860Z;1001;inference;Clean_Air;0;94;0;0,05547636;0.027497103;0.004814169;-0.002762299;-0,010016644;-0.01238703;-0.020071965;0.013809787;
2026-07-30T04:27:36.384Z;1001;inference;Clean_Air;0;92;0;0,055107884;0.026725214;0.004753367;-0.0027853;-0,009997632;-0.01234225;-0.020028647;0.012964745;
2026-07-30T04:27:36.783Z;1001;inference;Clean_Air;0;92;0;0,054048024;0.025169387;0.004716766;-0.002783809;-0,010000135;-0.01226512;-0.020012233;0.012670058;
2026-07-30T04:27:37.322Z;1001;inference;Clean_Air;0;92;0;0,054048024;0.025169387;0.004716766;-0.002783809;-0,010000135;-0.01226512;-0.020012233;0.012670058;
2026-07-30T04:27:37.801Z;1001;inference;Clean_Air;0;92;0;0,054325312;0.025885189;0.004756931;-0.002766474;-0,010014279;-0.012258526;-0.019994866;0.011015953;
2026-07-30T04:27:38.380Z;1001;inference;Clean_Air;0;92;0;0,054094892;0.025665959;0.004777711;-0.002794263;-0,010026532;-0.012277495;-0.020020122;0.009500796;
2026-07-30T04:27:38.904Z;1001;inference;Clean_Air;0;92;0;0,05366049;0.026109602;0.004801622;-0.002772017;-0,009998368;-0.012226664;-0.020001791;0.008809195;
2026-07-30T04:27:39.313Z;1001;inference;Clean_Air;0;92;0;0,052853227;0.025095921;0.004716452;-0.002776334;-0,010014563;-0.012256509;-0.020009615;0.008391121;
2026-07-30T04:27:39.800Z;1001;inference;Clean_Air;0;92;0;0,052853227;0.025095921;0.004716452;-0.002776334;-0,010014563;-0.012256509;-0.020009615;0.008391121;
2026-07-30T04:27:40.344Z;1001;inference;Clean_Air;0;91;0;0,053446859;0.024042793;0.004710331;-0.002745868;-0,010045425;-0.012212993;-0.020032752;0.007035563;
2026-07-30T04:27:40.925Z;1001;inference;Clean_Air;0;92;0;0,053402446;0.023351077;0.004732478;-0.002732935;-0,010033068;-0.01219915;-0.020103309;0.007102391;
2026-07-30T04:27:41.395Z;1001;inference;Clean_Air;0;92;0;0,052518867;0.021573331;0.004734009;-0.002741072;-0,010022538;-0.012222027;-0.020114478;0.006011916;
2026-07-30T04:27:41.793Z;1001;inference;Clean_Air;0;92;0;0,052518867;0.021573331;0.004734009;-0.002741072;-0,010022538;-0.012222027;-0.020114478;0.006011916;
2026-07-30T04:27:42.255Z;1001;inference;Clean_Air;0;92;0;0,052518867;0.021573331;0.004734009;-0.002741072;-0,010022538;-0.012222027;-0.020114478;0.006011916;
2026-07-30T04:27:42.750Z;1001;inference;Clean_Air;0;92;0;0,052518867;0.021573331;0.004734009;-0.002741072;-0,010022538;-0.012222027;-0.020114478;0.006011916;
2026-07-30T04:27:43.252Z;1001;inference;Clean_Air;0;92;0;0,052518867;0.021573331;0.004734009;-0.002741072;-0,010022538;-0.012222027;-0.020114478;0.006011916;
2026-07-30T04:27:43.835Z;1001;inference;Clean_Air;0;91;0;0,052475143;0.01966019;0.004685785;-0.00273564;-0,010003669;-0.012191333;-0.020169182;0.005049526;
2026-07-30T04:27:44.360Z;1001;inference;Clean_Air;0;92;0;0,052183937;0.017974205;0.004753802;-0.002751492;-0,01003986;-0.012132454;-0.020271365;0.004834836;
2026-07-30T04:27:44.935Z;1001;inference;Clean_Air;0;92;0;0,051839106;0.018649817;0.004786967;-0.002737082;-0,010056858;-0.012144042;-0.020253833;0.003574664;
2026-07-30T04:27:45.302Z;1001;inference;Clean_Air;0;93;0;0,051491279;0.01771941;0.004772011;-0.002732085;-0,010041442;-0.012154259;-0.020268267;0.002840096;
2026-07-30T04:27:45.788Z;1001;inference;Clean_Air;0;93;0;0,051491279;0.01771941;0.004772011;-0.002732085;-0,010041442;-0.012154259;-0.020268267;0.002840096;
2026-07-30T04:27:46.355Z;1001;inference;Clean_Air;0;93;0;0,051074333;0.017714018;0.004792583;-0.002740819;-0,010003895;-0.012125457;-0.020218795;0.003420696;
2026-07-30T04:27:46.883Z;1001;inference;Clean_Air;0;94;0;0,050721727;0.015926393;0.00483024;-0.002749452;-0,009988353;-0.012133976;-0.020240206;0.003208388;
2026-07-30T04:27:47.278Z;1001;inference;Clean_Air;0;95;0;0,050891142;0.015520709;0.004879122;-0.002756159;-0,010003436;-0.012112166;-0.02025618;0.00187261;
2026-07-30T04:27:47.820Z;1001;inference;Clean_Air;0;95;0;0,050891142;0.015520709;0.004879122;-0.002756159;-0,010003436;-0.012112166;-0.02025618;0.00187261;
2026-07-30T04:27:48.299Z;1001;inference;Clean_Air;0;95;0;0,04984197;0.014565306;0.004887548;-0.0027527;-0,009958173;-0.012097482;-0.020174921;0.00209903;
2026-07-30T04:27:48.868Z;1001;inference;Clean_Air;0;96;0;0,049356956;0.014260856;0.0049225;-0.002787376;-0,009958036;-0.012060218;-0.02016614;0.000944609;
2026-07-30T04:27:49.404Z;1001;inference;Clean_Air;0;95;0;0,049309127;0.015093681;0.004886036;-0.002769993;-0,009958928;-0.012062499;-0.020093065;0.001382194;
2026-07-30T04:27:49.802Z;1001;inference;Clean_Air;0;96;0;0,048918601;0.015960855;0.005000147;-0.002771028;-0,009964729;-0.01206826;-0.019985151;0.002033887;
2026-07-30T04:27:50.340Z;1001;inference;Clean_Air;0;96;0;0,048918601;0.015960855;0.005000147;-0.002771028;-0,009964729;-0.01206826;-0.019985151;0.002033887;
2026-07-30T04:27:50.822Z;1001;inference;Clean_Air;0;95;0;0,048232473;0.015644021;0.004887085;-0.00276912;-0,009954615;-0.012124073;-0.019956779;0.000553834;
2026-07-30T04:27:51.389Z;1001;inference;Clean_Air;0;94;0;0,048365168;0.01426781;0.004807554;-0.002798077;-0,009956028;-0.012134716;-0.020027321;0.001185948;
2026-07-30T04:27:51.870Z;1001;inference;Clean_Air;0;93;0;0,047644522;0.013171235;0.004790616;-0.002798377;-0,009961842;-0.012136146;-0.019978372;0.001894851;
2026-07-30T04:27:52.291Z;1001;inference;Clean_Air;0;93;0;0,047644522;0.013171235;0.004790616;-0.002798377;-0,009961842;-0.012136146;-0.019978372;0.001894851;
2026-07-30T04:27:52.764Z;1001;inference;Clean_Air;0;93;0;0,047644522;0.013171235;0.004790616;-0.002798377;-0,009961842;-0.012136146;-0.019978372;0.001894851;
2026-07-30T04:27:53.287Z;1001;inference;Clean_Air;0;93;0;0,047644522;0.013171235;0.004790616;-0.002798377;-0,009961842;-0.012136146;-0.019978372;0.001894851;
2026-07-30T04:27:53.751Z;1001;inference;Clean_Air;0;93;0;0,047644522;0.013171235;0.004790616;-0.002798377;-0,009961842;-0.012136146;-0.019978372;0.001894851;
2026-07-30T04:27:54.327Z;1001;inference;Clean_Air;0;92;0;0,047721278;0.011283797;0.004741759;-0.002774978;-0,009996081;-0.012094541;-0.020013073;0.001530979;
2026-07-30T04:27:54.872Z;1001;inference;Clean_Air;0;92;0;0,047493238;0.011281957;0.004686914;-0.002762925;-0,009997757;-0.012107694;-0.019950563;0.001058269;
2026-07-30T04:27:55.278Z;1001;inference;Clean_Air;0;92;0;0,047535822;0.011746629;0.004754379;-0.002744002;-0,009985244;-0.012129316;-0.019948889;0.000406603;
2026-07-30T04:27:55.763Z;1001;inference;Clean_Air;0;92;0;0,047535822;0.011746629;0.004754379;-0.002744002;-0,009985244;-0.012129316;-0.019948889;0.000406603;
2026-07-30T04:27:56.309Z;1001;inference;Clean_Air;0;92;0;0,047719739;0.011352907;0.004753016;-0.002740578;-0,009975866;-0.01213997;-0.020031724;-0.000441212;
2026-07-30T04:27:56.883Z;1001;inference;Clean_Air;0;91;0;0,047710098;0.0099125;0.004696443;-0.002731455;-0,00998524;-0.012204831;-0.020045919;-0.000417545;
2026-07-30T04:27:57.417Z;1001;inference;Clean_Air;0;94;0;0,047881953;0.009134813;0.004811253;-0.002752673;-0,009975807;-0.012197469;-0.020149093;-0.001231905;
2026-07-30T04:27:57.828Z;1001;inference;Clean_Air;0;94;0;0,047971394;0.007978057;0.004816927;-0.002750911;-0,009998128;-0.012236657;-0.020211857;-0.001580884;
2026-07-30T04:27:58.314Z;1001;inference;Clean_Air;0;94;0;0,047971394;0.007978057;0.004816927;-0.002750911;-0,009998128;-0.012236657;-0.020211857;-0.001580884;
2026-07-30T04:27:58.863Z;1001;inference;Clean_Air;0;95;0;0,047398023;0.008848779;0.004866376;-0.002718277;-0,010004093;-0.012228519;-0.020168427;-0.000769406;
2026-07-30T04:27:59.437Z;1001;inference;Clean_Air;0;95;0;0,047444072;0.009677031;0.00486765;-0.002692307;-0,009999766;-0.01228445;-0.020173568;-0.002814841;
2026-07-30T04:27:59.814Z;1001;inference;Clean_Air;0;95;0;0,046994813;0.010185214;0.004873624;-0.002678983;-0,009994112;-0.012280719;-0.020164721;-0.00297507;
2026-07-30T04:28:00.292Z;1001;inference;Clean_Air;0;95;0;0,046994813;0.010185214;0.004873624;-0.002678983;-0,009994112;-0.012280719;-0.020164721;-0.00297507;
2026-07-30T04:28:00.853Z;1001;inference;Clean_Air;0;96;0;0,046656154;0.009960137;0.004896941;-0.002696951;-0,009961196;-0.012392154;-0.020151893;-0.005455718;
2026-07-30T04:28:01.401Z;1001;inference;Clean_Air;0;95;0;0,046548866;0.009511537;0.004868804;-0.002736208;-0,009978206;-0.012373708;-0.020194059;-0.008149697;
2026-07-30T04:28:01.958Z;1001;inference;Clean_Air;0;95;0;0,046383247;0.009041481;0.004857027;-0.002757282;-0,009983418;-0.012380516;-0.020217443;-0.007013314;
2026-07-30T04:28:02.279Z;1001;inference;Clean_Air;0;95;0;0,046383247;0.009041481;0.004857027;-0.002757282;-0,009983418;-0.012380516;-0.020217443;-0.007013314;
2026-07-30T04:28:02.753Z;1001;inference;Clean_Air;0;95;0;0,046383247;0.009041481;0.004857027;-0.002757282;-0,009983418;-0.012380516;-0.020217443;-0.007013314;
2026-07-30T04:28:03.255Z;1001;inference;Clean_Air;0;95;0;0,046383247;0.009041481;0.004857027;-0.002757282;-0,009983418;-0.012380516;-0.020217443;-0.007013314;
2026-07-30T04:28:03.755Z;1001;inference;Clean_Air;0;95;0;0,046383247;0.009041481;0.004857027;-0.002757282;-0,009983418;-0.012380516;-0.020217443;-0.007013314;
2026-07-30T04:28:04.352Z;1001;inference;Clean_Air;0;95;0;0,046154179;0.008909971;0.00485937;-0.002768495;-0,010001196;-0.01242038;-0.020192096;-0.008394198;
2026-07-30T04:28:04.881Z;1001;inference;Clean_Air;0;95;0;0,046303336;0.008804554;0.004909319;-0.002764192;-0,010021851;-0.012404076;-0.020207046;-0.00954954;
2026-07-30T04:28:05.294Z;1001;inference;Clean_Air;0;95;0;0,045134544;0.008303306;0.004859158;-0.002721441;-0,010034701;-0.012408484;-0.020167818;-0.011921724;
2026-07-30T04:28:05.782Z;1001;inference;Clean_Air;0;95;0;0,045134544;0.008303306;0.004859158;-0.002721441;-0,010034701;-0.012408484;-0.020167818;-0.011921724;
2026-07-30T04:28:06.315Z;1001;inference;Clean_Air;0;93;0;0,044910945;0.007989833;0.004803415;-0.002710679;-0,010015097;-0.012388152;-0.020141065;-0.013665572;
2026-07-30T04:28:06.895Z;1001;inference;Clean_Air;0;95;0;0,04505774;0.006964681;0.004805279;-0.002710546;-0,009993548;-0.012404775;-0.020171378;-0.014431606;
2026-07-30T04:28:07.282Z;1001;inference;Clean_Air;0;95;0;0,044179745;0.005921344;0.004854752;-0.002713597;-0,010013176;-0.012307772;-0.020138416;-0.015437323;
2026-07-30T04:28:07.774Z;1001;inference;Clean_Air;0;95;0;0,044179745;0.005921344;0.004854752;-0.002713597;-0,010013176;-0.012307772;-0.020138416;-0.015437323;
2026-07-30T04:28:08.337Z;1001;inference;Clean_Air;0;95;0;0,044437673;0.005019227;0.00492288;-0.002711108;-0,010008649;-0.012357341;-0.020248618;-0.017033124;
2026-07-30T04:28:08.882Z;1001;inference;Clean_Air;0;95;0;0,044369183;0.005026975;0.004918139;-0.002693702;-0,010005628;-0.012302836;-0.020238644;-0.017047444;
2026-07-30T04:28:09.281Z;1001;inference;Clean_Air;0;95;0;0,043641038;0.005036276;0.004944313;-0.00268037;-0,010014776;-0.012329498;-0.020247221;-0.017298147;
2026-07-30T04:28:09.764Z;1001;inference;Clean_Air;0;95;0;0,043641038;0.005036276;0.004944313;-0.00268037;-0,010014776;-0.012329498;-0.020247221;-0.017298147;
2026-07-30T04:28:10.311Z;1001;inference;Clean_Air;0;95;0;0,043273322;0.004208153;0.004958463;-0.002673066;-0,010024184;-0.012308774;-0.020229323;-0.019455697;
2026-07-30T04:28:10.888Z;1001;inference;Clean_Air;0;95;0;0,043284092;0.00415543;0.004985035;-0.002667957;-0,010021737;-0.01224676;-0.020283429;-0.019392651;
2026-07-30T04:28:11.434Z;1001;inference;Clean_Air;0;96;0;0,043020237;0.004017483;0.004996731;-0.002675898;-0,009995171;-0.012242967;-0.020193364;-0.019972503;
2026-07-30T04:28:11.987Z;1001;inference;Clean_Air;0;96;0;0,043831278;0.004001041;0.004998296;-0.002685127;-0,009981851;-0.012291869;-0.02019394;-0.018740632;
2026-07-30T04:28:12.287Z;1001;inference;Clean_Air;0;96;0;0,043831278;0.004001041;0.004998296;-0.002685127;-0,009981851;-0.012291869;-0.02019394;-0.018740632;
2026-07-30T04:28:12.810Z;1001;inference;Clean_Air;0;96;0;0,043831278;0.004001041;0.004998296;-0.002685127;-0,009981851;-0.012291869;-0.02019394;-0.018740632;
2026-07-30T04:28:13.254Z;1001;inference;Clean_Air;0;96;0;0,043831278;0.004001041;0.004998296;-0.002685127;-0,009981851;-0.012291869;-0.02019394;-0.018740632;
2026-07-30T04:28:13.756Z;1001;inference;Clean_Air;0;96;0;0,043831278;0.004001041;0.004998296;-0.002685127;-0,009981851;-0.012291869;-0.02019394;-0.018740632;
2026-07-30T04:28:14.383Z;1001;inference;Clean_Air;0;96;0;0,0435187;0.004111419;0.005008704;-0.002700322;-0,010018912;-0.012296277;-0.020150455;-0.018489981;
2026-07-30T04:28:14.911Z;1001;inference;Clean_Air;0;95;0;0,042949155;0.004108684;0.004952387;-0.002716097;-0,010042081;-0.012248905;-0.020139854;-0.020244656;
2026-07-30T04:28:15.326Z;1001;inference;Clean_Air;0;95;0;0,043008231;0.004099612;0.004966433;-0.002708735;-0,010001916;-0.012345946;-0.020138469;-0.02015844;
2026-07-30T04:28:15.804Z;1001;inference;Clean_Air;0;95;0;0,043008231;0.004099612;0.004966433;-0.002708735;-0,010001916;-0.012345946;-0.020138469;-0.02015844;
2026-07-30T04:28:16.349Z;1001;inference;Clean_Air;0;95;0;0,042772397;0.004089648;0.004931171;-0.002703384;-0,010010296;-0.012285332;-0.020147111;-0.021232678;
2026-07-30T04:28:16.925Z;1001;inference;Clean_Air;0;95;0;0,042589664;0.004070706;0.004943806;-0.002701141;-0,0100338;-0.012287945;-0.020167209;-0.021811884;
2026-07-30T04:28:17.305Z;1001;inference;Clean_Air;0;95;0;0,042093612;0.004073588;0.004966587;-0.002714201;-0,01001799;-0.012320054;-0.020180926;-0.021219661;
2026-07-30T04:28:17.792Z;1001;inference;Clean_Air;0;95;0;0,042093612;0.004073588;0.004966587;-0.002714201;-0,01001799;-0.012320054;-0.020180926;-0.021219661;
2026-07-30T04:28:18.354Z;1001;inference;Clean_Air;0;95;0;0,041200973;0.004066633;0.00493018;-0.002704594;-0,009993984;-0.012311785;-0.020169303;-0.021203779;
2026-07-30T04:28:18.901Z;1001;inference;Clean_Air;0;95;0;0,040367305;0.004039759;0.004857453;-0.002692306;-0,009981031;-0.012317255;-0.020116875;-0.022017961;
2026-07-30T04:28:19.306Z;1001;inference;Clean_Air;0;95;0;0,039698645;0.004051858;0.004863938;-0.002668854;-0,009995476;-0.012316714;-0.020221941;-0.022683635;
2026-07-30T04:28:19.860Z;1001;inference;Clean_Air;0;95;0;0,039698645;0.004051858;0.004863938;-0.002668854;-0,009995476;-0.012316714;-0.020221941;-0.022683635;
2026-07-30T04:28:20.330Z;1001;inference;Clean_Air;0;95;0;0,038646199;0.004033701;0.00485632;-0.00268556;-0,009997386;-0.01228085;-0.020242479;-0.024037395;
2026-07-30T04:28:20.895Z;1001;inference;Clean_Air;0;95;0;0,038604748;0.003966569;0.004831578;-0.002663615;-0,010002646;-0.012316869;-0.020309605;-0.025066275;
2026-07-30T04:28:21.273Z;1001;inference;Clean_Air;0;95;0;0,039478812;0.003976199;0.004863854;-0.002671;-0,00998075;-0.012405534;-0.020302201;-0.025293436;
2026-07-30T04:28:21.761Z;1001;inference;Clean_Air;0;95;0;0,039478812;0.003976199;0.004863854;-0.002671;-0,00998075;-0.012405534;-0.020302201;-0.025293436;
2026-07-30T04:28:22.305Z;1001;inference;Clean_Air;0;94;0;0,039713107;0.004011904;0.004800501;-0.002692222;-0,009990331;-0.012406782;-0.020292418;-0.02551727;
2026-07-30T04:28:22.758Z;1001;inference;Clean_Air;0;94;0;0,039713107;0.004011904;0.004800501;-0.002692222;-0,009990331;-0.012406782;-0.020292418;-0.02551727;
2026-07-30T04:28:23.256Z;1001;inference;Clean_Air;0;94;0;0,039713107;0.004011904;0.004800501;-0.002692222;-0,009990331;-0.012406782;-0.020292418;-0.02551727;
2026-07-30T04:28:23.756Z;1001;inference;Clean_Air;0;94;0;0,039713107;0.004011904;0.004800501;-0.002692222;-0,009990331;-0.012406782;-0.020292418;-0.02551727;
2026-07-30T04:28:24.255Z;1001;inference;Clean_Air;0;94;0;0,039713107;0.004011904;0.004800501;-0.002692222;-0,009990331;-0.012406782;-0.020292418;-0.02551727;
2026-07-30T04:28:24.832Z;1001;inference;Clean_Air;0;94;0;0,038773261;0.004018043;0.004801335;-0.002716421;-0,009994705;-0.012360248;-0.020293215;-0.025062636;
2026-07-30T04:28:25.377Z;1001;inference;Clean_Air;0;95;0;0,03803689;0.004035695;0.004849935;-0.002726751;-0,009992165;-0.012322271;-0.020300599;-0.024988722;
2026-07-30T04:28:25.791Z;1001;inference;Clean_Air;0;95;0;0,037870687;0.004034948;0.004837968;-0.002695868;-0,009988604;-0.012258223;-0.020284349;-0.02562632;
2026-07-30T04:28:26.275Z;1001;inference;Clean_Air;0;95;0;0,037870687;0.004034948;0.004837968;-0.002695868;-0,009988604;-0.012258223;-0.020284349;-0.02562632;
2026-07-30T04:28:26.823Z;1001;inference;Clean_Air;0;95;0;0,038297165;0.004049239;0.004821262;-0.002677082;-0,00994538;-0.01226022;-0.020300949;-0.025638873;
2026-07-30T04:28:27.391Z;1001;inference;Clean_Air;0;95;0;0,038078453;0.004044518;0.00484155;-0.002710928;-0,009970274;-0.012275696;-0.020321995;-0.02568813;
2026-07-30T04:28:27.921Z;1001;inference;Clean_Air;0;95;0;0,038544163;0.00402068;0.004836143;-0.002710207;-0,009976304;-0.012337072;-0.020287644;-0.025725421;
2026-07-30T04:28:28.335Z;1001;inference;Clean_Air;0;95;0;0,038884897;0.004025878;0.004865376;-0.002706772;-0,009984298;-0.01233151;-0.020291319;-0.025734147;
2026-07-30T04:28:28.813Z;1001;inference;Clean_Air;0;95;0;0,038884897;0.004025878;0.004865376;-0.002706772;-0,009984298;-0.01233151;-0.020291319;-0.025734147;
2026-07-30T04:28:29.373Z;1001;inference;Clean_Air;0;95;0;0,038898814;0.004037073;0.004899806;-0.002760845;-0,009925582;-0.012310183;-0.020332854;-0.025727645;
2026-07-30T04:28:29.771Z;1001;inference;Clean_Air;0;95;0;0,037736692;0.004038753;0.004950067;-0.002747223;-0,0099348;-0.012243554;-0.020355523;-0.025665915;
2026-07-30T04:28:30.308Z;1001;inference;Clean_Air;0;95;0;0,037736692;0.004038753;0.004950067;-0.002747223;-0,0099348;-0.012243554;-0.020355523;-0.025665915;
2026-07-30T04:28:30.781Z;1001;inference;Clean_Air;0;96;0;0,036905602;0.004033868;0.004995693;-0.002717189;-0,009943415;-0.012188025;-0.020361483;-0.025639841;
2026-07-30T04:28:31.358Z;1001;inference;Clean_Air;0;96;0;0,037104405;0.004003093;0.005029882;-0.002698032;-0,009928284;-0.012265739;-0.02030926;-0.026150148;
2026-07-30T04:28:31.904Z;1001;inference;Clean_Air;0;96;0;0,037179481;0.003990977;0.005008092;-0.002663894;-0,009928639;-0.012306488;-0.020233851;-0.026187405;
2026-07-30T04:28:32.466Z;1001;inference;Clean_Air;0;96;0;0,036911108;0.004013109;0.004993062;-0.002671564;-0,009936166;-0.012273584;-0.020251725;-0.026187683;
2026-07-30T04:28:32.779Z;1001;inference;Clean_Air;0;96;0;0,036911108;0.004013109;0.004993062;-0.002671564;-0,009936166;-0.012273584;-0.020251725;-0.026187683;
2026-07-30T04:28:33.249Z;1001;inference;Clean_Air;0;96;0;0,036911108;0.004013109;0.004993062;-0.002671564;-0,009936166;-0.012273584;-0.020251725;-0.026187683;
2026-07-30T04:28:33.764Z;1001;inference;Clean_Air;0;96;0;0,036911108;0.004013109;0.004993062;-0.002671564;-0,009936166;-0.012273584;-0.020251725;-0.026187683;
2026-07-30T04:28:34.264Z;1001;inference;Clean_Air;0;96;0;0,036911108;0.004013109;0.004993062;-0.002671564;-0,009936166;-0.012273584;-0.020251725;-0.026187683;
2026-07-30T04:28:34.863Z;1001;inference;Clean_Air;0;95;0;0,03621041;0.004014278;0.004954833;-0.002687844;-0,009981656;-0.01229243;-0.020180767;-0.026205042;
2026-07-30T04:28:35.389Z;1001;inference;Clean_Air;0;95;0;0,036074858;0.004022002;0.004973482;-0.002673132;-0,009956094;-0.012328386;-0.020193744;-0.026147937;
2026-07-30T04:28:35.808Z;1001;inference;Clean_Air;0;95;0;0,035133511;0.004011282;0.004975302;-0.002687012;-0,00993541;-0.012271848;-0.020213461;-0.026097815;
2026-07-30T04:28:36.285Z;1001;inference;Clean_Air;0;95;0;0,035133511;0.004011282;0.004975302;-0.002687012;-0,00993541;-0.012271848;-0.020213461;-0.026097815;
2026-07-30T04:28:36.831Z;1001;inference;Clean_Air;0;96;0;0,035078119;0.004026542;0.005002865;-0.002692177;-0,00994129;-0.012203423;-0.020125611;-0.026103377;
2026-07-30T04:28:37.409Z;1001;inference;Clean_Air;0;96;0;0,035108037;0.003998086;0.005030974;-0.002667356;-0,009970011;-0.012180867;-0.020082548;-0.026104325;
2026-07-30T04:28:37.784Z;1001;inference;Clean_Air;0;96;0;0,034738727;0.004018695;0.00503723;-0.002679785;-0,009970199;-0.01217608;-0.020085309;-0.02607115;
2026-07-30T04:28:38.274Z;1001;inference;Clean_Air;0;96;0;0,034738727;0.004018695;0.00503723;-0.002679785;-0,009970199;-0.01217608;-0.020085309;-0.02607115;
2026-07-30T04:28:38.838Z;1001;inference;Clean_Air;0;97;0;0,03530325;0.00401009;0.005111354;-0.002718714;-0,009965465;-0.012200424;-0.020090047;-0.026097139;
2026-07-30T04:28:39.365Z;1001;inference;Clean_Air;0;96;0;0,035600625;0.004032892;0.005064099;-0.002730988;-0,009968248;-0.012174854;-0.020067055;-0.026013175;
2026-07-30T04:28:39.788Z;1001;inference;Clean_Air;0;96;0;0,035373319;0.004041894;0.005055928;-0.002744008;-0,009986648;-0.012162053;-0.020132544;-0.026017223;
2026-07-30T04:28:40.275Z;1001;inference;Clean_Air;0;96;0;0,035373319;0.004041894;0.005055928;-0.002744008;-0,009986648;-0.012162053;-0.020132544;-0.026017223;
2026-07-30T04:28:40.813Z;1001;inference;Clean_Air;0;96;0;0,035979293;0.004018225;0.005057955;-0.002725397;-0,009991234;-0.012200291;-0.020126151;-0.025988933;
2026-07-30T04:28:41.393Z;1001;inference;Clean_Air;0;96;0;0,035559811;0.004026587;0.005041302;-0.002724407;-0,010004474;-0.012210782;-0.02020107;-0.025925871;
2026-07-30T04:28:41.776Z;1001;inference;Clean_Air;0;96;0;0,035237882;0.004033598;0.005075385;-0.00272812;-0,010029285;-0.012168759;-0.020189811;-0.025996799;
2026-07-30T04:28:42.257Z;1001;inference;Clean_Air;0;96;0;0,035237882;0.004033598;0.005075385;-0.00272812;-0,010029285;-0.012168759;-0.020189811;-0.025996799;
2026-07-30T04:28:42.808Z;1001;inference;Clean_Air;0;97;0;0,03553544;0.004044161;0.005123838;-0.002701826;-0,010034573;-0.01216392;-0.020105757;-0.026003778;
2026-07-30T04:28:43.261Z;1001;inference;Clean_Air;0;97;0;0,03553544;0.004044161;0.005123838;-0.002701826;-0,010034573;-0.01216392;-0.020105757;-0.026003778;
2026-07-30T04:28:43.765Z;1001;inference;Clean_Air;0;97;0;0,03553544;0.004044161;0.005123838;-0.002701826;-0,010034573;-0.01216392;-0.020105757;-0.026003778;
2026-07-30T04:28:44.262Z;1001;inference;Clean_Air;0;97;0;0,03553544;0.004044161;0.005123838;-0.002701826;-0,010034573;-0.01216392;-0.020105757;-0.026003778;
2026-07-30T04:28:44.749Z;1001;inference;Clean_Air;0;97;0;0,03553544;0.004044161;0.005123838;-0.002701826;-0,010034573;-0.01216392;-0.020105757;-0.026003778;
2026-07-30T04:28:45.324Z;1001;inference;Clean_Air;0;96;0;0,034916695;0.004027646;0.005071006;-0.002706251;-0,010052348;-0.012202567;-0.020164289;-0.026005113;
2026-07-30T04:28:45.873Z;1001;inference;Clean_Air;0;96;0;0,034092642;0.004044179;0.005012804;-0.002687486;-0,010053372;-0.012212282;-0.020169768;-0.026032845;
2026-07-30T04:28:46.277Z;1001;inference;Clean_Air;0;96;0;0,034619845;0.004013466;0.005034202;-0.002677528;-0,010054455;-0.012222944;-0.020158362;-0.026066307;
2026-07-30T04:28:46.766Z;1001;inference;Clean_Air;0;96;0;0,034619845;0.004013466;0.005034202;-0.002677528;-0,010054455;-0.012222944;-0.020158362;-0.026066307;
2026-07-30T04:28:47.312Z;1001;inference;Clean_Air;0;96;0;0,034312658;0.004022622;0.005031537;-0.002655684;-0,010055901;-0.012207786;-0.020156566;-0.026074369;
2026-07-30T04:28:47.894Z;1001;inference;Clean_Air;0;96;0;0,033420686;0.004024743;0.005029918;-0.00263829;-0,010045568;-0.012228591;-0.020190414;-0.026083935;
2026-07-30T04:28:48.431Z;1001;inference;Clean_Air;0;96;0;0,033645414;0.004023108;0.005004685;-0.002661787;-0,010010278;-0.012287637;-0.020200754;-0.026096072;
2026-07-30T04:28:48.837Z;1001;inference;Clean_Air;0;96;0;0,032824174;0.004038037;0.005015216;-0.002659918;-0,009985434;-0.012297329;-0.020146068;-0.026149461;
2026-07-30T04:28:49.390Z;1001;inference;Clean_Air;0;96;0;0,032824174;0.004038037;0.005015216;-0.002659918;-0,009985434;-0.012297329;-0.020146068;-0.026149461;
2026-07-30T04:28:49.861Z;1001;inference;Clean_Air;0;96;0;0,033452917;0.004014757;0.005072233;-0.00265839;-0,009995819;-0.012244528;-0.020154009;-0.026261032;
2026-07-30T04:28:50.282Z;1001;inference;Clean_Air;0;96;0;0,033595275;0.004034732;0.005039854;-0.002653103;-0,009985492;-0.012214131;-0.020135578;-0.026254695;
2026-07-30T04:28:50.766Z;1001;inference;Clean_Air;0;96;0;0,033595275;0.004034732;0.005039854;-0.002653103;-0,009985492;-0.012214131;-0.020135578;-0.026254695;
2026-07-30T04:28:51.308Z;1001;inference;Clean_Air;0;96;0;0,03283551;0.004044064;0.004990553;-0.002652599;-0,009975486;-0.012224043;-0.020216782;-0.026226187;
2026-07-30T04:28:51.894Z;1001;inference;Clean_Air;0;95;0;0,032855805;0.004051747;0.004924058;-0.002644907;-0,009868014;-0.0122262;-0.020225516;-0.026220033;
2026-07-30T04:28:52.420Z;1001;inference;Clean_Air;0;95;0;0,032785717;0.004048807;0.004920785;-0.002661248;-0,009878232;-0.012232722;-0.020223167;-0.026264567;
2026-07-30T04:28:52.986Z;1001;inference;Clean_Air;0;95;0;0,031911403;0.004041036;0.004929062;-0.002649587;-0,009890094;-0.012192647;-0.02024216;-0.026274726;
2026-07-30T04:28:53.288Z;1001;inference;Clean_Air;0;95;0;0,031911403;0.004041036;0.004929062;-0.002649587;-0,009890094;-0.012192647;-0.02024216;-0.026274726;
2026-07-30T04:28:53.760Z;1001;inference;Clean_Air;0;95;0;0,031911403;0.004041036;0.004929062;-0.002649587;-0,009890094;-0.012192647;-0.02024216;-0.026274726;
2026-07-30T04:28:54.260Z;1001;inference;Clean_Air;0;95;0;0,031911403;0.004041036;0.004929062;-0.002649587;-0,009890094;-0.012192647;-0.02024216;-0.026274726;
2026-07-30T04:28:54.760Z;1001;inference;Clean_Air;0;95;0;0,031911403;0.004041036;0.004929062;-0.002649587;-0,009890094;-0.012192647;-0.02024216;-0.026274726;
2026-07-30T04:28:55.391Z;1001;inference;Clean_Air;0;95;0;0,030753717;0.004028684;0.004879043;-0.002666662;-0,009907232;-0.012190472;-0.020239569;-0.026325986;
2026-07-30T04:28:55.916Z;1001;inference;Clean_Air;0;95;0;0,030962151;0.004028786;0.004896121;-0.002666048;-0,009907183;-0.012157245;-0.020251703;-0.026286483;
2026-07-30T04:28:56.335Z;1001;inference;Clean_Air;0;95;0;0,030899957;0.004037624;0.004902864;-0.002648199;-0,009940868;-0.012125989;-0.020268383;-0.026293213;
2026-07-30T04:28:56.814Z;1001;inference;Clean_Air;0;95;0;0,030899957;0.004037624;0.004902864;-0.002648199;-0,009940868;-0.012125989;-0.020268383;-0.026293213;
2026-07-30T04:28:57.359Z;1001;inference;Clean_Air;0;96;0;0,030662064;0.004030114;0.004955988;-0.002665093;-0,009952238;-0.012130858;-0.020333601;-0.026241045;
2026-07-30T04:28:57.938Z;1001;inference;Clean_Air;0;96;0;0,03056013;0.004042904;0.004960267;-0.002654776;-0,009942581;-0.012234294;-0.02036321;-0.026138073;
2026-07-30T04:28:58.314Z;1001;inference;Clean_Air;0;95;0;0,030272841;0.004028356;0.004921011;-0.002652848;-0,009930587;-0.012197923;-0.020365994;-0.026117805;
2026-07-30T04:28:58.806Z;1001;inference;Clean_Air;0;95;0;0,030272841;0.004028356;0.004921011;-0.002652848;-0,009930587;-0.012197923;-0.020365994;-0.026117805;
2026-07-30T04:28:59.370Z;1001;inference;Clean_Air;0;95;0;0,030693198;0.004022803;0.004931221;-0.002655669;-0,009949084;-0.012175111;-0.020325277;-0.026092287;
2026-07-30T04:28:59.902Z;1001;inference;Clean_Air;0;96;0;0,030665914;0.004021707;0.004999009;-0.002664863;-0,010030845;-0.012158772;-0.020326167;-0.026099008;
2026-07-30T04:29:00.298Z;1001;inference;Clean_Air;0;96;0;0,030404577;0.004030438;0.005018552;-0.002642764;-0,009996415;-0.012119111;-0.020327983;-0.026086861;
2026-07-30T04:29:00.830Z;1001;inference;Clean_Air;0;96;0;0,030404577;0.004030438;0.005018552;-0.002642764;-0,009996415;-0.012119111;-0.020327983;-0.026086861;
2026-07-30T04:29:01.299Z;1001;inference;Clean_Air;0;96;0;0,030552063;0.004057614;0.004968132;-0.002648714;-0,009960715;-0.012160514;-0.02032561;-0.026145805;
2026-07-30T04:29:01.847Z;1001;inference;Clean_Air;0;96;0;0,031475674;0.004083604;0.004967928;-0.002637703;-0,0099397;-0.012142438;-0.020341214;-0.026136678;
2026-07-30T04:29:02.377Z;1001;inference;Clean_Air;0;96;0;0,030938447;0.004090474;0.004955383;-0.002650263;-0,009963742;-0.012145324;-0.020316232;-0.026246676;
2026-07-30T04:29:02.926Z;1001;inference;Clean_Air;0;96;0;0,030952137;0.004097186;0.004973336;-0.002636728;-0,009933238;-0.012123334;-0.020279333;-0.026231304;
2026-07-30T04:29:03.403Z;1001;inference;Clean_Air;0;95;0;0,030642811;0.004110449;0.004938809;-0.002635433;-0,009922543;-0.012135493;-0.020287173;-0.026302073;
2026-07-30T04:29:03.791Z;1001;inference;Clean_Air;0;95;0;0,030642811;0.004110449;0.004938809;-0.002635433;-0,009922543;-0.012135493;-0.020287173;-0.026302073;
2026-07-30T04:29:04.254Z;1001;inference;Clean_Air;0;95;0;0,030642811;0.004110449;0.004938809;-0.002635433;-0,009922543;-0.012135493;-0.020287173;-0.026302073;
2026-07-30T04:29:04.758Z;1001;inference;Clean_Air;0;95;0;0,030642811;0.004110449;0.004938809;-0.002635433;-0,009922543;-0.012135493;-0.020287173;-0.026302073;
2026-07-30T04:29:05.260Z;1001;inference;Clean_Air;0;95;0;0,030642811;0.004110449;0.004938809;-0.002635433;-0,009922543;-0.012135493;-0.020287173;-0.026302073;
2026-07-30T04:29:05.805Z;1001;inference;Clean_Air;0;95;0;0,030279523;0.004116125;0.004936485;-0.002647755;-0,009909023;-0.012079862;-0.020250678;-0.026301226;
2026-07-30T04:29:06.340Z;1001;inference;Clean_Air;0;96;0;0,030484926;0.004136222;0.005010827;-0.002638323;-0,00991079;-0.012138624;-0.020231329;-0.026308361;
2026-07-30T04:29:06.884Z;1001;inference;Clean_Air;0;96;0;0,02974692;0.004199293;0.004975591;-0.002643429;-0,009907761;-0.012152541;-0.020252602;-0.026369978;
2026-07-30T04:29:07.414Z;1001;inference;Clean_Air;0;96;0;0,029769043;0.00417406;0.004976219;-0.002670803;-0,009906001;-0.012172373;-0.020258086;-0.026371796;
2026-07-30T04:29:07.809Z;1001;inference;Clean_Air;0;96;0;0,030092586;0.004166081;0.005000691;-0.002676342;-0,009909369;-0.012241432;-0.020281302;-0.026422376;
2026-07-30T04:29:08.339Z;1001;inference;Clean_Air;0;96;0;0,030092586;0.004166081;0.005000691;-0.002676342;-0,009909369;-0.012241432;-0.020281302;-0.026422376;
2026-07-30T04:29:08.810Z;1001;inference;Clean_Air;0;96;0;0,029610148;0.004167405;0.00500684;-0.002677002;-0,009932656;-0.012191467;-0.020270696;-0.026351374;
2026-07-30T04:29:09.353Z;1001;inference;Clean_Air;0;96;0;0,028435726;0.004165326;0.00500656;-0.002658104;-0,00994204;-0.012202656;-0.02026863;-0.026284063;
2026-07-30T04:29:09.888Z;1001;inference;Clean_Air;0;96;0;0,028691128;0.004174954;0.005026038;-0.002629226;-0,009954929;-0.012218618;-0.020272288;-0.02623277;
2026-07-30T04:29:10.275Z;1001;inference;Clean_Air;0;96;0;0,027476117;0.004160411;0.005013962;-0.002639362;-0,00996583;-0.012221837;-0.020295642;-0.026201751;
2026-07-30T04:29:10.811Z;1001;inference;Clean_Air;0;96;0;0,027476117;0.004160411;0.005013962;-0.002639362;-0,00996583;-0.012221837;-0.020295642;-0.026201751;
2026-07-30T04:29:11.283Z;1001;inference;Clean_Air;0;96;0;0,028178606;0.004164376;0.005012057;-0.002621113;-0,009903217;-0.012202548;-0.020296197;-0.026250303;
2026-07-30T04:29:11.835Z;1001;inference;Clean_Air;0;96;0;0,027210867;0.004147118;0.004945829;-0.002617211;-0,00982987;-0.012186809;-0.020308716;-0.026291991;
2026-07-30T04:29:12.360Z;1001;inference;Clean_Air;0;96;0;0,026521271;0.004141303;0.004947555;-0.002612611;-0,009839574;-0.01219154;-0.0203363;-0.026284724;
2026-07-30T04:29:12.906Z;1001;inference;Clean_Air;0;96;0;0,026505049;0.004076265;0.004963887;-0.002613858;-0,009838989;-0.012200095;-0.020342493;-0.026252156;
2026-07-30T04:29:13.282Z;1001;inference;Clean_Air;0;96;0;0,026299005;0.004120262;0.004966034;-0.002530709;-0,009835429;-0.012195966;-0.020359658;-0.026264906;
2026-07-30T04:29:13.763Z;1001;inference;Clean_Air;0;96;0;0,026299005;0.004120262;0.004966034;-0.002530709;-0,009835429;-0.012195966;-0.020359658;-0.026264906;
2026-07-30T04:29:14.302Z;1001;inference;Clean_Air;0;96;0;0,02510317;0.004119502;0.004944951;-0.002533316;-0,009845548;-0.012196589;-0.020330425;-0.026230345;
2026-07-30T04:29:14.780Z;1001;inference;Clean_Air;0;96;0;0,02510317;0.004119502;0.004944951;-0.002533316;-0,009845548;-0.012196589;-0.020330425;-0.026230345;
2026-07-30T04:29:15.250Z;1001;inference;Clean_Air;0;96;0;0,02510317;0.004119502;0.004944951;-0.002533316;-0,009845548;-0.012196589;-0.020330425;-0.026230345;
2026-07-30T04:29:15.788Z;1001;inference;Clean_Air;0;96;0;0,02510317;0.004119502;0.004944951;-0.002533316;-0,009845548;-0.012196589;-0.020330425;-0.026230345;
2026-07-30T04:29:16.254Z;1001;inference;Clean_Air;0;96;0;0,02510317;0.004119502;0.004944951;-0.002533316;-0,009845548;-0.012196589;-0.020330425;-0.026230345;
2026-07-30T04:29:16.794Z;1001;inference;Clean_Air;0;96;0;0,026000699;0.004191508;0.004950178;-0.002571357;-0,009829113;-0.012260258;-0.020345056;-0.026215633;
2026-07-30T04:29:17.329Z;1001;inference;Clean_Air;0;96;0;0,026716435;0.00419599;0.004964962;-0.002583976;-0,009827849;-0.012271307;-0.020323167;-0.026240667;
2026-07-30T04:29:17.874Z;1001;inference;Clean_Air;0;96;0;0,026107345;0.004188028;0.004960085;-0.00261038;-0,009786295;-0.012280082;-0.020324569;-0.026196653;
2026-07-30T04:29:18.406Z;1001;inference;Clean_Air;0;96;0;0,027147878;0.004198861;0.004949732;-0.002607565;-0,009795712;-0.012278402;-0.020330708;-0.026233399;
2026-07-30T04:29:18.796Z;1001;inference;Clean_Air;0;95;0;0,026281342;0.004176527;0.004929285;-0.002617143;-0,009866056;-0.012273683;-0.020311745;-0.026148373;
2026-07-30T04:29:19.328Z;1001;inference;Clean_Air;0;95;0;0,026281342;0.004176527;0.004929285;-0.002617143;-0,009866056;-0.012273683;-0.020311745;-0.026148373;
2026-07-30T04:29:19.806Z;1001;inference;Clean_Air;0;97;0;0,027028769;0.004162552;0.005037011;-0.002621274;-0,009942896;-0.012257887;-0.02028301;-0.026180934;
2026-07-30T04:29:20.353Z;1001;inference;Clean_Air;0;97;0;0,027745206;0.004146384;0.005032212;-0.002617815;-0,009943446;-0.012216787;-0.020311777;-0.02612618;
2026-07-30T04:29:20.881Z;1001;inference;Clean_Air;0;97;0;0,02793102;0.004140134;0.005072169;-0.002611866;-0,009955204;-0.012195605;-0.020334592;-0.026148584;
2026-07-30T04:29:21.285Z;1001;inference;Clean_Air;0;97;0;0,027662948;0.004129627;0.00507872;-0.002649034;-0,009975636;-0.012197942;-0.020326044;-0.026151597;
2026-07-30T04:29:21.818Z;1001;inference;Clean_Air;0;97;0;0,027662948;0.004129627;0.00507872;-0.002649034;-0,009975636;-0.012197942;-0.020326044;-0.026151597;
2026-07-30T04:29:22.294Z;1001;inference;Clean_Air;0;97;0;0,028503995;0.004134014;0.005083106;-0.002658272;-0,009964225;-0.012152649;-0.020344432;-0.026141584;
2026-07-30T04:29:22.840Z;1001;inference;Clean_Air;0;97;0;0,02811184;0.004065656;0.005067366;-0.002625912;-0,009983427;-0.012128381;-0.020341372;-0.026128534;
2026-07-30T04:29:23.373Z;1001;inference;Clean_Air;0;97;0;0,028166106;0.004042859;0.005066977;-0.002605465;-0,009981504;-0.012115113;-0.020347524;-0.026139313;
2026-07-30T04:29:23.921Z;1001;inference;Clean_Air;0;97;0;0,027955186;0.004037718;0.005061681;-0.002600515;-0,010002088;-0.01215289;-0.020339334;-0.026179438;
2026-07-30T04:29:24.397Z;1001;inference;Clean_Air;0;97;0;0,026591152;0.003982081;0.005071945;-0.002597346;-0,009993913;-0.012153739;-0.02033711;-0.026181126;
2026-07-30T04:29:24.792Z;1001;inference;Clean_Air;0;97;0;0,026591152;0.003982081;0.005071945;-0.002597346;-0,009993913;-0.012153739;-0.02033711;-0.026181126;
2026-07-30T04:29:25.252Z;1001;inference;Clean_Air;0;97;0;0,026591152;0.003982081;0.005071945;-0.002597346;-0,009993913;-0.012153739;-0.02033711;-0.026181126;
2026-07-30T04:29:25.789Z;1001;inference;Clean_Air;0;97;0;0,026591152;0.003982081;0.005071945;-0.002597346;-0,009993913;-0.012153739;-0.02033711;-0.026181126;
2026-07-30T04:29:26.251Z;1001;inference;Clean_Air;0;97;0;0,026591152;0.003982081;0.005071945;-0.002597346;-0,009993913;-0.012153739;-0.02033711;-0.026181126;
2026-07-30T04:29:26.803Z;1001;inference;Clean_Air;0;97;0;0,026280383;0.003975174;0.005130164;-0.002608814;-0,010016042;-0.012158709;-0.020343255;-0.026219049;
2026-07-30T04:29:27.327Z;1001;inference;Clean_Air;0;97;0;0,025504369;0.004006789;0.005093878;-0.002610647;-0,010004131;-0.012192214;-0.020370541;-0.026219601;
2026-07-30T04:29:27.875Z;1001;inference;Clean_Air;0;97;0;0,02469337;0.004019865;0.005073946;-0.002616945;-0,010010967;-0.012228668;-0.020330716;-0.02628262;
2026-07-30T04:29:28.401Z;1001;inference;Clean_Air;0;97;0;0,024955925;0.004044866;0.005033066;-0.00261173;-0,009985068;-0.012236673;-0.020323886;-0.026221771;
2026-07-30T04:29:28.798Z;1001;inference;Clean_Air;0;96;0;0,02391337;0.004054127;0.004974086;-0.002620022;-0,009958411;-0.012304734;-0.020323552;-0.026149184;
2026-07-30T04:29:29.330Z;1001;inference;Clean_Air;0;96;0;0,02391337;0.004054127;0.004974086;-0.002620022;-0,009958411;-0.012304734;-0.020323552;-0.026149184;
2026-07-30T04:29:29.802Z;1001;inference;Clean_Air;0;96;0;0,022770891;0.004065673;0.004967365;-0.002613045;-0,009895176;-0.012288854;-0.020310212;-0.026158419;
2026-07-30T04:29:30.354Z;1001;inference;Clean_Air;0;96;0;0,022609156;0.004055388;0.004964763;-0.002621021;-0,009885386;-0.012238317;-0.020287752;-0.026231106;
2026-07-30T04:29:30.880Z;1001;inference;Clean_Air;0;96;0;0,021895889;0.004136109;0.0049588;-0.002648855;-0,009874788;-0.012234882;-0.020310991;-0.026227986;
2026-07-30T04:29:31.430Z;1001;inference;Clean_Air;0;95;0;0,022164326;0.004150448;0.004921463;-0.002653797;-0,009867867;-0.012192477;-0.020324629;-0.026226375;
2026-07-30T04:29:31.796Z;1001;inference;Clean_Air;0;95;0;0,023258718;0.004195896;0.004859333;-0.00265785;-0,009876719;-0.01217673;-0.020322051;-0.026161561;
2026-07-30T04:29:32.265Z;1001;inference;Clean_Air;0;95;0;0,023258718;0.004195896;0.004859333;-0.00265785;-0,009876719;-0.01217673;-0.020322051;-0.026161561;
2026-07-30T04:29:32.809Z;1001;inference;Clean_Air;0;93;0;0,023213413;0.004213181;0.004762878;-0.002644534;-0,009896016;-0.012154195;-0.020349078;-0.026089663;
2026-07-30T04:29:33.341Z;1001;inference;Clean_Air;0;93;0;0,023106616;0.004219868;0.004769877;-0.002649701;-0,00989871;-0.012103954;-0.020365383;-0.026122635;
2026-07-30T04:29:33.881Z;1001;inference;Clean_Air;0;95;0;0,02390044;0.004204667;0.004824252;-0.002616534;-0,009911055;-0.01208898;-0.020347785;-0.026117101;
2026-07-30T04:29:34.404Z;1001;inference;Clean_Air;0;95;0;0,023036648;0.004173004;0.004848413;-0.00262639;-0,009910856;-0.012086505;-0.020320589;-0.026180426;
2026-07-30T04:29:34.940Z;1001;inference;Clean_Air;0;95;0;0,023303244;0.00416205;0.004883577;-0.002614082;-0,009926744;-0.012037;-0.020309776;-0.026238918;
2026-07-30T04:29:35.282Z;1001;inference;Clean_Air;0;95;0;0,023303244;0.00416205;0.004883577;-0.002614082;-0,009926744;-0.012037;-0.020309776;-0.026238918;
2026-07-30T04:29:35.757Z;1001;inference;Clean_Air;0;95;0;0,023303244;0.00416205;0.004883577;-0.002614082;-0,009926744;-0.012037;-0.020309776;-0.026238918;
2026-07-30T04:29:36.257Z;1001;inference;Clean_Air;0;95;0;0,023303244;0.00416205;0.004883577;-0.002614082;-0,009926744;-0.012037;-0.020309776;-0.026238918;
2026-07-30T04:29:36.760Z;1001;inference;Clean_Air;0;95;0;0,023303244;0.00416205;0.004883577;-0.002614082;-0,009926744;-0.012037;-0.020309776;-0.026238918;
2026-07-30T04:29:37.315Z;1001;inference;Clean_Air;0;95;0;0,024178971;0.004163728;0.004888198;-0.002600431;-0,009995444;-0.012044847;-0.020326478;-0.026265154;
2026-07-30T04:29:37.853Z;1001;inference;Clean_Air;0;95;0;0,023971202;0.004180593;0.004889275;-0.002592379;-0,010023432;-0.012112551;-0.020340327;-0.026194939;
2026-07-30T04:29:38.395Z;1001;inference;Clean_Air;0;95;0;0,024475735;0.004115281;0.004865551;-0.002591193;-0,010067615;-0.012111428;-0.020322738;-0.026208943;
2026-07-30T04:29:38.921Z;1001;inference;Clean_Air;0;95;0;0,024173353;0.004088926;0.004891081;-0.002602591;-0,010081023;-0.012146639;-0.020338407;-0.026235048;
2026-07-30T04:29:39.319Z;1001;inference;Clean_Air;0;96;0;0,022824755;0.004094228;0.004951086;-0.002606617;-0,010069085;-0.01221578;-0.020344069;-0.026295472;
2026-07-30T04:29:39.851Z;1001;inference;Clean_Air;0;96;0;0,022824755;0.004094228;0.004951086;-0.002606617;-0,010069085;-0.01221578;-0.020344069;-0.026295472;
2026-07-30T04:29:40.319Z;1001;inference;Clean_Air;0;97;0;0,02248043;0.004073208;0.005045172;-0.002600985;-0,010045746;-0.012247005;-0.020328121;-0.026355762;
2026-07-30T04:29:40.875Z;1001;inference;Clean_Air;0;97;0;0,022003165;0.004032359;0.005039641;-0.002585734;-0,010059055;-0.012297621;-0.020299513;-0.026293632;
2026-07-30T04:29:41.408Z;1001;inference;Clean_Air;0;97;0;0,021954436;0.004050515;0.005040889;-0.002632165;-0,01006534;-0.01237234;-0.020320142;-0.026316538;
2026-07-30T04:29:41.787Z;1001;inference;Clean_Air;0;97;0;0,022383511;0.00407743;0.005041401;-0.002638575;-0,010091363;-0.012394977;-0.020348411;-0.026322564;
2026-07-30T04:29:42.322Z;1001;inference;Clean_Air;0;97;0;0,022383511;0.00407743;0.005041401;-0.002638575;-0,010091363;-0.012394977;-0.020348411;-0.026322564;
2026-07-30T04:29:42.791Z;1001;inference;Clean_Air;0;97;0;0,022278376;0.004083018;0.005067105;-0.00265753;-0,010077549;-0.012442277;-0.020338979;-0.026332473;
2026-07-30T04:29:43.345Z;1001;inference;Clean_Air;0;97;0;0,021879073;0.00408595;0.005050657;-0.002661363;-0,010122085;-0.012453402;-0.020337228;-0.026240449;
2026-07-30T04:29:43.871Z;1001;inference;Clean_Air;0;97;0;0,021362945;0.00406569;0.005071587;-0.002660881;-0,01009657;-0.012461901;-0.020348309;-0.026290316;
2026-07-30T04:29:44.406Z;1001;inference;Clean_Air;0;97;0;0,020129539;0.0040587;0.005087387;-0.002647767;-0,010045863;-0.012463253;-0.020341037;-0.026268721;
2026-07-30T04:29:44.782Z;1001;inference;Clean_Air;0;97;0;0,019789925;0.004067007;0.005090607;-0.002621399;-0,010041417;-0.012374485;-0.020341499;-0.02629759;
2026-07-30T04:29:45.253Z;1001;inference;Clean_Air;0;97;0;0,019789925;0.004067007;0.005090607;-0.002621399;-0,010041417;-0.012374485;-0.020341499;-0.02629759;
2026-07-30T04:29:45.802Z;1001;inference;Clean_Air;0;97;0;0,020292154;0.004066263;0.005102086;-0.002603489;-0,010034194;-0.012376441;-0.020335659;-0.026305333;
2026-07-30T04:29:46.251Z;1001;inference;Clean_Air;0;97;0;0,020292154;0.004066263;0.005102086;-0.002603489;-0,010034194;-0.012376441;-0.020335659;-0.026305333;
2026-07-30T04:29:46.755Z;1001;inference;Clean_Air;0;97;0;0,020292154;0.004066263;0.005102086;-0.002603489;-0,010034194;-0.012376441;-0.020335659;-0.026305333;
2026-07-30T04:29:47.259Z;1001;inference;Clean_Air;0;97;0;0,020292154;0.004066263;0.005102086;-0.002603489;-0,010034194;-0.012376441;-0.020335659;-0.026305333;
2026-07-30T04:29:47.761Z;1001;inference;Clean_Air;0;97;0;0,020292154;0.004066263;0.005102086;-0.002603489;-0,010034194;-0.012376441;-0.020335659;-0.026305333;
2026-07-30T04:29:48.308Z;1001;inference;Clean_Air;0;97;0;0,021287655;0.004097872;0.00506118;-0.002598557;-0,010020936;-0.012379074;-0.020327212;-0.026313141;
2026-07-30T04:29:48.848Z;1001;inference;Clean_Air;0;96;0;0,022368018;0.004144459;0.004988919;-0.002613002;-0,010014346;-0.012384994;-0.020320768;-0.026371652;
2026-07-30T04:29:49.389Z;1001;inference;Clean_Air;0;95;0;0,02087524;0.004141071;0.004920974;-0.002585895;-0,009999477;-0.012330991;-0.020326642;-0.026352009;
2026-07-30T04:29:49.928Z;1001;inference;Clean_Air;0;95;0;0,020244043;0.004155905;0.004845125;-0.002512205;-0,009927055;-0.012345132;-0.020339988;-0.026341233;
2026-07-30T04:29:50.311Z;1001;inference;Clean_Air;0;95;0;0,020632388;0.004172257;0.004846973;-0.002489656;-0,009923503;-0.012295388;-0.020342296;-0.026318634;
2026-07-30T04:29:50.843Z;1001;inference;Clean_Air;0;95;0;0,020632388;0.004172257;0.004846973;-0.002489656;-0,009923503;-0.012295388;-0.020342296;-0.026318634;
2026-07-30T04:29:51.315Z;1001;inference;Clean_Air;0;95;0;0,021122532;0.004164033;0.004908213;-0.002504481;-0,009889856;-0.012289462;-0.020363472;-0.026379103;
2026-07-30T04:29:51.856Z;1001;inference;Clean_Air;0;95;0;0,021504432;0.004242193;0.004921945;-0.00250434;-0,009894067;-0.012217496;-0.02034256;-0.026365632;
2026-07-30T04:29:52.392Z;1001;inference;Clean_Air;0;96;0;0,02203745;0.004238709;0.004943807;-0.002507841;-0,009907173;-0.012217927;-0.020343482;-0.026412165;
2026-07-30T04:29:52.778Z;1001;inference;Clean_Air;0;95;0;0,021990437;0.00424507;0.00487649;-0.002505856;-0,009899948;-0.012269202;-0.020362336;-0.026396107;
2026-07-30T04:29:53.301Z;1001;inference;Clean_Air;0;95;0;0,021990437;0.00424507;0.00487649;-0.002505856;-0,009899948;-0.012269202;-0.020362336;-0.026396107;
2026-07-30T04:29:53.774Z;1001;inference;Clean_Air;0;95;0;0,02242187;0.004211583;0.0048522;-0.002511811;-0,009917969;-0.012211991;-0.020368235;-0.026379123;
2026-07-30T04:29:54.315Z;1001;inference;Clean_Air;0;95;0;0,021243643;0.004187623;0.004863004;-0.002461241;-0,009911269;-0.012193745;-0.020366266;-0.026386697;
2026-07-30T04:29:54.897Z;1001;inference;Clean_Air;0;95;0;0,020713603;0.004176572;0.004865875;-0.002466503;-0,00995744;-0.01224035;-0.020386487;-0.026286185;
2026-07-30T04:29:55.503Z;1001;inference;Clean_Air;0;95;0;0,020809196;0.004184172;0.004905856;-0.002471312;-0,009960521;-0.012268641;-0.020378293;-0.026299233;
2026-07-30T04:29:55.881Z;1001;inference;Clean_Air;0;96;0;0,021038361;0.004167165;0.004986216;-0.002554109;-0,010022934;-0.01225262;-0.020275738;-0.026237223;
2026-07-30T04:29:56.267Z;1001;inference;Clean_Air;0;96;0;0,021038361;0.004167165;0.004986216;-0.002554109;-0,010022934;-0.01225262;-0.020275738;-0.026237223;
2026-07-30T04:29:56.753Z;1001;inference;Clean_Air;0;96;0;0,021038361;0.004167165;0.004986216;-0.002554109;-0,010022934;-0.01225262;-0.020275738;-0.026237223;
2026-07-30T04:29:57.253Z;1001;inference;Clean_Air;0;96;0;0,021038361;0.004167165;0.004986216;-0.002554109;-0,010022934;-0.01225262;-0.020275738;-0.026237223;
2026-07-30T04:29:57.755Z;1001;inference;Clean_Air;0;96;0;0,021038361;0.004167165;0.004986216;-0.002554109;-0,010022934;-0.01225262;-0.020275738;-0.026237223;
2026-07-30T04:29:58.298Z;1001;inference;Clean_Air;0;96;0;0,020382572;0.004151415;0.005023898;-0.002596143;-0,009955663;-0.012271015;-0.020297224;-0.026251575;
2026-07-30T04:29:58.830Z;1001;inference;Clean_Air;0;96;0;0,019059617;0.004117907;0.004958196;-0.002627505;-0,009944825;-0.012261832;-0.020295318;-0.026254708;
2026-07-30T04:29:59.377Z;1001;inference;Clean_Air;0;95;0;0,018392438;0.004057429;0.004866298;-0.002613037;-0,009927177;-0.012319835;-0.020328291;-0.026284868;
2026-07-30T04:29:59.907Z;1001;inference;Clean_Air;0;95;0;0,017533867;0.004076301;0.004829496;-0.002603795;-0,009917926;-0.012328492;-0.020311836;-0.026238207;
2026-07-30T04:30:00.301Z;1001;inference;Clean_Air;0;95;0;0,018256519;0.004126181;0.004889072;-0.002620747;-0,009921444;-0.012323691;-0.020281624;-0.026202273;
2026-07-30T04:30:00.832Z;1001;inference;Clean_Air;0;95;0;0,018256519;0.004126181;0.004889072;-0.002620747;-0,009921444;-0.012323691;-0.020281624;-0.026202273;
2026-07-30T04:30:01.304Z;1001;inference;Clean_Air;0;95;0;0,0178647;0.004155124;0.004927029;-0.002642785;-0,009909386;-0.012327307;-0.020302014;-0.026163911;
2026-07-30T04:30:01.846Z;1001;inference;Clean_Air;0;96;0;0,018126976;0.004155782;0.004956715;-0.002706871;-0,009911964;-0.012356872;-0.020306159;-0.026208315;
2026-07-30T04:30:02.377Z;1001;inference;Clean_Air;0;96;0;0,018235799;0.004149699;0.005027524;-0.0027038;-0,009874498;-0.012306281;-0.020292079;-0.026256774;
2026-07-30T04:30:02.920Z;1001;inference;Clean_Air;0;96;0;0,018085584;0.004161396;0.005016326;-0.002700972;-0,009849527;-0.012268987;-0.020297686;-0.026245218;
2026-07-30T04:30:03.296Z;1001;inference;Clean_Air;0;96;0;0,017814901;0.004234365;0.004985111;-0.002686944;-0,009847228;-0.012295363;-0.02037007;-0.026306245;
2026-07-30T04:30:03.770Z;1001;inference;Clean_Air;0;96;0;0,017814901;0.004234365;0.004985111;-0.002686944;-0,009847228;-0.012295363;-0.02037007;-0.026306245;
2026-07-30T04:30:04.308Z;1001;inference;Clean_Air;0;96;0;0,018386159;0.00423409;0.004981916;-0.002650437;-0,009915546;-0.012278488;-0.02037311;-0.026319047;
2026-07-30T04:30:04.834Z;1001;inference;Clean_Air;0;96;0;0,019271184;0.004274467;0.005002576;-0.002615545;-0,00993173;-0.012289428;-0.020354364;-0.026256869;
2026-07-30T04:30:05.388Z;1001;inference;Clean_Air;0;97;0;0,019762466;0.004266134;0.005063439;-0.002568158;-0,009948616;-0.012294901;-0.020346569;-0.026235405;
2026-07-30T04:30:05.859Z;1001;inference;Clean_Air;0;97;0;0,0197811;0.004259779;0.005086507;-0.002607858;-0,009967288;-0.01227829;-0.020346658;-0.026250284;
2026-07-30T04:30:06.290Z;1001;inference;Clean_Air;0;97;0;0,0197811;0.004259779;0.005086507;-0.002607858;-0,009967288;-0.01227829;-0.020346658;-0.026250284;
2026-07-30T04:30:06.749Z;1001;inference;Clean_Air;0;97;0;0,0197811;0.004259779;0.005086507;-0.002607858;-0,009967288;-0.01227829;-0.020346658;-0.026250284;
2026-07-30T04:30:07.264Z;1001;inference;Clean_Air;0;97;0;0,0197811;0.004259779;0.005086507;-0.002607858;-0,009967288;-0.01227829;-0.020346658;-0.026250284;
2026-07-30T04:30:07.765Z;1001;inference;Clean_Air;0;97;0;0,0197811;0.004259779;0.005086507;-0.002607858;-0,009967288;-0.01227829;-0.020346658;-0.026250284;
2026-07-30T04:30:08.299Z;1001;inference;Clean_Air;0;97;0;0,019899884;0.004210869;0.005104847;-0.002604507;-0,009966126;-0.012325034;-0.020369731;-0.026284683;
2026-07-30T04:30:08.830Z;1001;inference;Clean_Air;0;97;0;0,018658403;0.004205864;0.00510978;-0.002631827;-0,009975501;-0.012260575;-0.020353608;-0.026352474;
2026-07-30T04:30:09.378Z;1001;inference;Clean_Air;0;97;0;0,019016638;0.004227052;0.005063331;-0.002607612;-0,01000465;-0.012244446;-0.020363785;-0.026304871;
2026-07-30T04:30:09.905Z;1001;inference;Clean_Air;0;97;0;0,018917684;0.004230551;0.005057271;-0.002594768;-0,00998766;-0.012227548;-0.02038167;-0.026338661;
2026-07-30T04:30:10.290Z;1001;inference;Clean_Air;0;97;0;0,019872032;0.004197969;0.005096036;-0.002611323;-0,009998184;-0.012245758;-0.020385727;-0.026339689;
2026-07-30T04:30:10.821Z;1001;inference;Clean_Air;0;97;0;0,019872032;0.004197969;0.005096036;-0.002611323;-0,009998184;-0.012245758;-0.020385727;-0.026339689;
2026-07-30T04:30:11.297Z;1001;inference;Clean_Air;0;97;0;0,019012373;0.004132326;0.00509113;-0.002617762;-0,01000669;-0.012246866;-0.020414859;-0.026366532;
2026-07-30T04:30:11.826Z;1001;inference;Clean_Air;0;97;0;0,018519077;0.004138943;0.005050729;-0.0026202;-0,010008705;-0.012241015;-0.020401694;-0.026344782;
2026-07-30T04:30:12.358Z;1001;inference;Clean_Air;0;97;0;0,018286526;0.004123816;0.005042957;-0.00260695;-0,010021733;-0.012245022;-0.020396808;-0.026412498;
2026-07-30T04:30:12.895Z;1001;inference;Clean_Air;0;97;0;0,017176127;0.004118202;0.005053979;-0.002674434;-0,010021;-0.012257749;-0.020380966;-0.026430517;
2026-07-30T04:30:13.422Z;1001;inference;Clean_Air;0;97;0;0,017807677;0.004120152;0.005054447;-0.002653508;-0,0100123;-0.012263814;-0.020399496;-0.026425764;
2026-07-30T04:30:13.814Z;1001;inference;Clean_Air;0;97;0;0,017604779;0.004077095;0.005040552;-0.002586953;-0,010009391;-0.012190608;-0.020378284;-0.026402781;
2026-07-30T04:30:14.345Z;1001;inference;Clean_Air;0;97;0;0,017604779;0.004077095;0.005040552;-0.002586953;-0,010009391;-0.012190608;-0.020378284;-0.026402781;
2026-07-30T04:30:14.822Z;1001;inference;Clean_Air;0;96;0;0,017995471;0.00408112;0.00502597;-0.00254271;-0,010005585;-0.012276712;-0.020374725;-0.026397869;
2026-07-30T04:30:15.353Z;1001;inference;Clean_Air;0;96;0;0,0173345;0.004033558;0.0050181;-0.002554779;-0,009995153;-0.012251951;-0.020386599;-0.026398767;
2026-07-30T04:30:15.885Z;1001;inference;Clean_Air;0;96;0;0,01743393;0.004031063;0.005022754;-0.002542132;-0,010039308;-0.01226871;-0.020379353;-0.026355449;
2026-07-30T04:30:16.412Z;1001;inference;Clean_Air;0;96;0;0,016808921;0.004017266;0.004989123;-0.002550498;-0,01004968;-0.012263813;-0.020387104;-0.026372179;
2026-07-30T04:30:16.780Z;1001;inference;Clean_Air;0;96;0;0,016808921;0.004017266;0.004989123;-0.002550498;-0,01004968;-0.012263813;-0.020387104;-0.026372179;
2026-07-30T04:30:17.252Z;1001;inference;Clean_Air;0;96;0;0,016808921;0.004017266;0.004989123;-0.002550498;-0,01004968;-0.012263813;-0.020387104;-0.026372179;
2026-07-30T04:30:17.756Z;1001;inference;Clean_Air;0;96;0;0,016808921;0.004017266;0.004989123;-0.002550498;-0,01004968;-0.012263813;-0.020387104;-0.026372179;
2026-07-30T04:30:18.256Z;1001;inference;Clean_Air;0;96;0;0,016808921;0.004017266;0.004989123;-0.002550498;-0,01004968;-0.012263813;-0.020387104;-0.026372179;
2026-07-30T04:30:18.795Z;1001;inference;Clean_Air;0;96;0;0,017038424;0.004039076;0.005023219;-0.002555338;-0,010046029;-0.012208989;-0.020358788;-0.026373729;
2026-07-30T04:30:19.322Z;1001;inference;Clean_Air;0;97;0;0,016458614;0.004036105;0.005034803;-0.002556832;-0,010062663;-0.012254377;-0.020393858;-0.026369488;
2026-07-30T04:30:19.876Z;1001;inference;Clean_Air;0;97;0;0,015141256;0.003997823;0.005052893;-0.002497681;-0,010026543;-0.012302158;-0.02039006;-0.026359981;
2026-07-30T04:30:20.458Z;1001;inference;Clean_Air;0;97;0;0,016349804;0.004005662;0.00505116;-0.002492893;-0,010022625;-0.012272061;-0.020398196;-0.02636512;
2026-07-30T04:30:20.794Z;1001;inference;Clean_Air;0;97;0;0,015318004;0.00399447;0.005038332;-0.002478312;-0,010027908;-0.012273755;-0.020434642;-0.02635349;
2026-07-30T04:30:21.241Z;1001;inference;Clean_Air;0;97;0;0,015318004;0.00399447;0.005038332;-0.002478312;-0,010027908;-0.012273755;-0.020434642;-0.02635349;
2026-07-30T04:30:21.770Z;1001;inference;Clean_Air;0;96;0;0,014514548;0.004055073;0.004991709;-0.002538426;-0,010039869;-0.012289586;-0.020456862;-0.02635158;
2026-07-30T04:30:22.323Z;1001;inference;Clean_Air;0;96;0;0,015452253;0.004064261;0.005008323;-0.002541832;-0,010037059;-0.012267182;-0.020435905;-0.026366517;
2026-07-30T04:30:22.848Z;1001;inference;Clean_Air;0;96;0;0,015231851;0.004113456;0.004970503;-0.002550791;-0,010003837;-0.012293401;-0.020451378;-0.026361769;
2026-07-30T04:30:23.403Z;1001;inference;Clean_Air;0;96;0;0,01503804;0.004134454;0.004968183;-0.002562709;-0,009969942;-0.012276744;-0.020446736;-0.026378965;
2026-07-30T04:30:23.780Z;1001;inference;Clean_Air;0;96;0;0,014079625;0.004122387;0.004951445;-0.00259156;-0,009983497;-0.012282221;-0.020439455;-0.026362259;
2026-07-30T04:30:24.249Z;1001;inference;Clean_Air;0;96;0;0,014079625;0.004122387;0.004951445;-0.00259156;-0,009983497;-0.012282221;-0.020439455;-0.026362259;
2026-07-30T04:30:24.802Z;1001;inference;Clean_Air;0;96;0;0,014873503;0.004073663;0.004936748;-0.002612252;-0,009991874;-0.012355896;-0.020451795;-0.02637128;
2026-07-30T04:30:25.326Z;1001;inference;Clean_Air;0;96;0;0,015680011;0.00407691;0.004928413;-0.002588155;-0,009969826;-0.01231745;-0.020417668;-0.026418407;
2026-07-30T04:30:25.862Z;1001;inference;Clean_Air;0;96;0;0,016730687;0.004134858;0.004900737;-0.00263101;-0,009987336;-0.012274551;-0.020438008;-0.026422311;
2026-07-30T04:30:26.391Z;1001;inference;Clean_Air;0;96;0;0,01519726;0.00412862;0.004904511;-0.002671251;-0,009913443;-0.012279505;-0.0204337;-0.026455164;
2026-07-30T04:30:26.919Z;1001;inference;Clean_Air;0;96;0;0,016182255;0.004145157;0.004913434;-0.002679636;-0,009894625;-0.012295715;-0.020404104;-0.026487995;
2026-07-30T04:30:27.282Z;1001;inference;Clean_Air;0;96;0;0,016182255;0.004145157;0.004913434;-0.002679636;-0,009894625;-0.012295715;-0.020404104;-0.026487995;
2026-07-30T04:30:27.759Z;1001;inference;Clean_Air;0;96;0;0,016182255;0.004145157;0.004913434;-0.002679636;-0,009894625;-0.012295715;-0.020404104;-0.026487995;
2026-07-30T04:30:28.289Z;1001;inference;Clean_Air;0;96;0;0,016182255;0.004145157;0.004913434;-0.002679636;-0,009894625;-0.012295715;-0.020404104;-0.026487995;
2026-07-30T04:30:28.751Z;1001;inference;Clean_Air;0;96;0;0,016182255;0.004145157;0.004913434;-0.002679636;-0,009894625;-0.012295715;-0.020404104;-0.026487995;
2026-07-30T04:30:29.305Z;1001;inference;Clean_Air;0;96;0;0,01541066;0.004107553;0.004966525;-0.002679803;-0,009896608;-0.012309319;-0.020388957;-0.026496749;
2026-07-30T04:30:29.830Z;1001;inference;Clean_Air;0;96;0;0,014645025;0.004111014;0.004955686;-0.002685566;-0,009927315;-0.012314077;-0.020396765;-0.026498932;
2026-07-30T04:30:30.373Z;1001;inference;Clean_Air;0;96;0;0,014961988;0.00411572;0.00500388;-0.002724458;-0,009967147;-0.012308636;-0.020362744;-0.026522735;
2026-07-30T04:30:30.905Z;1001;inference;Clean_Air;0;96;0;0,0135204;0.004100938;0.005004795;-0.0026579;-0,009975508;-0.012341124;-0.020366397;-0.026523586;
2026-07-30T04:30:31.278Z;1001;inference;Clean_Air;0;96;0;0,014935814;0.004143813;0.00502303;-0.00260667;-0,009952322;-0.012313986;-0.020365478;-0.026551604;
2026-07-30T04:30:31.803Z;1001;inference;Clean_Air;0;96;0;0,014935814;0.004143813;0.00502303;-0.00260667;-0,009952322;-0.012313986;-0.020365478;-0.026551604;
2026-07-30T04:30:32.285Z;1001;inference;Clean_Air;0;97;0;0,014814292;0.004163426;0.005034443;-0.002576527;-0,009914408;-0.012257027;-0.020367591;-0.026546517;
2026-07-30T04:30:32.827Z;1001;inference;Clean_Air;0;97;0;0,013440368;0.004163927;0.005041515;-0.002597213;-0,009918202;-0.012253874;-0.020348236;-0.026508221;
2026-07-30T04:30:33.411Z;1001;inference;Clean_Air;0;97;0;0,012317481;0.004141918;0.00504282;-0.002624501;-0,00992859;-0.012248701;-0.020345407;-0.02649935;
2026-07-30T04:30:33.946Z;1001;inference;Clean_Air;0;97;0;0,013258214;0.004144497;0.005060653;-0.002587074;-0,009992188;-0.012238451;-0.020355998;-0.026487529;
2026-07-30T04:30:34.426Z;1001;inference;Clean_Air;0;97;0;0,013611726;0.004131391;0.005071574;-0.002582968;-0,00998661;-0.012244852;-0.020364458;-0.026490057;
2026-07-30T04:30:34.817Z;1001;inference;Clean_Air;0;97;0;0,013588259;0.00415974;0.005084907;-0.002591553;-0,009977384;-0.01223855;-0.020367768;-0.026486337;
2026-07-30T04:30:35.338Z;1001;inference;Clean_Air;0;97;0;0,013588259;0.00415974;0.005084907;-0.002591553;-0,009977384;-0.01223855;-0.020367768;-0.026486337;
2026-07-30T04:30:35.811Z;1001;inference;Clean_Air;0;97;0;0,014201296;0.004139268;0.005075831;-0.002604425;-0,00995591;-0.012273261;-0.020397853;-0.026476782;
2026-07-30T04:30:36.351Z;1001;inference;Clean_Air;0;97;0;0,013425214;0.004134915;0.00508606;-0.002572996;-0,009947889;-0.012219212;-0.020396994;-0.02647852;
2026-07-30T04:30:36.875Z;1001;inference;Clean_Air;0;97;0;0,014877764;0.00413389;0.00508741;-0.002654685;-0,0099613;-0.012222599;-0.020389292;-0.026480306;
2026-07-30T04:30:37.408Z;1001;inference;Clean_Air;0;97;0;0,014471399;0.004129416;0.005070291;-0.002657668;-0,009951077;-0.012228496;-0.020403821;-0.026484203;
2026-07-30T04:30:37.782Z;1001;inference;Clean_Air;0;97;0;0,014471399;0.004129416;0.005070291;-0.002657668;-0,009951077;-0.012228496;-0.020403821;-0.026484203;
2026-07-30T04:30:38.260Z;1001;inference;Clean_Air;0;97;0;0,014471399;0.004129416;0.005070291;-0.002657668;-0,009951077;-0.012228496;-0.020403821;-0.026484203;
2026-07-30T04:30:38.761Z;1001;inference;Clean_Air;0;97;0;0,014471399;0.004129416;0.005070291;-0.002657668;-0,009951077;-0.012228496;-0.020403821;-0.026484203;
2026-07-30T04:30:39.261Z;1001;inference;Clean_Air;0;97;0;0,014471399;0.004129416;0.005070291;-0.002657668;-0,009951077;-0.012228496;-0.020403821;-0.026484203;
2026-07-30T04:30:39.807Z;1001;inference;Clean_Air;0;97;0;0,014063197;0.004141574;0.005077334;-0.002648127;-0,009969276;-0.012208203;-0.020398596;-0.026494414;
2026-07-30T04:30:40.342Z;1001;inference;Clean_Air;0;97;0;0,01411325;0.004135476;0.00510178;-0.002657554;-0,009987853;-0.012206675;-0.020422978;-0.026512867;
2026-07-30T04:30:40.877Z;1001;inference;Clean_Air;0;97;0;0,015584688;0.004146502;0.005109443;-0.002663929;-0,009981478;-0.012197372;-0.020403402;-0.026515087;
2026-07-30T04:30:41.405Z;1001;inference;Clean_Air;0;97;0;0,01531671;0.004172248;0.005094353;-0.002635146;-0,009985256;-0.012209369;-0.020378388;-0.026485801;
2026-07-30T04:30:41.801Z;1001;inference;Clean_Air;0;97;0;0,014404851;0.004169557;0.00508345;-0.002627218;-0,010001453;-0.012140942;-0.020361332;-0.026465181;
2026-07-30T04:30:42.332Z;1001;inference;Clean_Air;0;97;0;0,014404851;0.004169557;0.00508345;-0.002627218;-0,010001453;-0.012140942;-0.020361332;-0.026465181;
2026-07-30T04:30:42.811Z;1001;inference;Clean_Air;0;97;0;0,014743321;0.004141896;0.005062821;-0.002628611;-0,009994019;-0.012095843;-0.020342657;-0.026489887;
2026-07-30T04:30:43.357Z;1001;inference;Clean_Air;0;97;0;0,013031239;0.004124971;0.005089793;-0.002622086;-0,009981422;-0.012054042;-0.02030538;-0.026476339;
2026-07-30T04:30:43.886Z;1001;inference;Clean_Air;0;97;0;0,013461458;0.004097842;0.005097998;-0.002617626;-0,009982236;-0.012090493;-0.020333443;-0.026453394;
2026-07-30T04:30:44.280Z;1001;inference;Clean_Air;0;97;0;0,011840209;0.004118492;0.005092301;-0.002605058;-0,009972152;-0.012050085;-0.020342533;-0.026491189;
2026-07-30T04:30:44.816Z;1001;inference;Clean_Air;0;97;0;0,011840209;0.004118492;0.005092301;-0.002605058;-0,009972152;-0.012050085;-0.020342533;-0.026491189;
2026-07-30T04:30:45.297Z;1001;inference;Clean_Air;0;97;0;0,011194794;0.004113589;0.005091603;-0.00262191;-0,009973364;-0.012058634;-0.020345967;-0.026473651;
2026-07-30T04:30:45.841Z;1001;inference;Clean_Air;0;97;0;0,010879809;0.004088408;0.005074829;-0.002618381;-0,010000898;-0.012070304;-0.020337602;-0.026466418;
2026-07-30T04:30:46.376Z;1001;inference;Clean_Air;0;97;0;0,01093487;0.004042762;0.005047497;-0.002608175;-0,009978637;-0.01206606;-0.020347651;-0.02648994;
2026-07-30T04:30:46.900Z;1001;inference;Clean_Air;0;97;0;0,009925134;0.003997544;0.005097162;-0.002618954;-0,00997154;-0.012092363;-0.020382334;-0.02649584;
2026-07-30T04:30:47.378Z;1001;inference;Clean_Air;0;97;0;0,010553871;0.003955538;0.005112444;-0.002633843;-0,009988232;-0.012099555;-0.020394919;-0.026485521;
2026-07-30T04:30:47.808Z;1001;inference;Clean_Air;0;97;0;0,010553871;0.003955538;0.005112444;-0.002633843;-0,009988232;-0.012099555;-0.020394919;-0.026485521;
2026-07-30T04:30:48.275Z;1001;inference;Clean_Air;0;97;0;0,010553871;0.003955538;0.005112444;-0.002633843;-0,009988232;-0.012099555;-0.020394919;-0.026485521;
2026-07-30T04:30:48.761Z;1001;inference;Clean_Air;0;97;0;0,010553871;0.003955538;0.005112444;-0.002633843;-0,009988232;-0.012099555;-0.020394919;-0.026485521;
2026-07-30T04:30:49.262Z;1001;inference;Clean_Air;0;97;0;0,010553871;0.003955538;0.005112444;-0.002633843;-0,009988232;-0.012099555;-0.020394919;-0.026485521;
2026-07-30T04:30:49.804Z;1001;inference;Clean_Air;0;97;0;0,010444421;0.003971062;0.005117933;-0.002633879;-0,010000983;-0.012208298;-0.020414446;-0.026484903;
2026-07-30T04:30:50.328Z;1001;inference;Clean_Air;0;97;0;0,01029883;0.004000888;0.005131388;-0.002643338;-0,010002749;-0.012195273;-0.020436812;-0.026476685;
2026-07-30T04:30:50.882Z;1001;inference;Clean_Air;0;97;0;0,010779873;0.004036783;0.005079825;-0.002626813;-0,010012629;-0.012188252;-0.020448025;-0.026494538;
2026-07-30T04:30:51.422Z;1001;inference;Clean_Air;0;97;0;0,010605363;0.004045518;0.005053249;-0.002660327;-0,010002571;-0.012205158;-0.020444967;-0.026487673;
2026-07-30T04:30:51.807Z;1001;inference;Clean_Air;0;97;0;0,011835469;0.004022975;0.005055883;-0.002663265;-0,010004388;-0.012244984;-0.020438882;-0.026449155;
2026-07-30T04:30:52.337Z;1001;inference;Clean_Air;0;97;0;0,011835469;0.004022975;0.005055883;-0.002663265;-0,010004388;-0.012244984;-0.020438882;-0.026449155;
2026-07-30T04:30:52.819Z;1001;inference;Clean_Air;0;97;0;0,011562314;0.004047564;0.005054732;-0.002647189;-0,009999355;-0.012238509;-0.020417765;-0.026455004;
2026-07-30T04:30:53.361Z;1001;inference;Clean_Air;0;97;0;0,010891776;0.004066695;0.005078784;-0.002660127;-0,009992735;-0.012247291;-0.020403869;-0.026453495;
2026-07-30T04:30:53.897Z;1001;inference;Clean_Air;0;97;0;0,011374475;0.004117877;0.005075722;-0.002651064;-0,010005549;-0.012252019;-0.020410318;-0.026425058;
2026-07-30T04:30:54.285Z;1001;inference;Clean_Air;0;96;0;0,011569358;0.004155748;0.005011468;-0.002633233;-0,010011712;-0.012227607;-0.020405386;-0.026432341;
2026-07-30T04:30:54.821Z;1001;inference;Clean_Air;0;96;0;0,011569358;0.004155748;0.005011468;-0.002633233;-0,010011712;-0.012227607;-0.020405386;-0.026432341;
2026-07-30T04:30:55.295Z;1001;inference;Clean_Air;0;96;0;0,011379736;0.004161845;0.004913096;-0.002640299;-0,009997984;-0.012260526;-0.020419423;-0.026449826;
2026-07-30T04:30:55.846Z;1001;inference;Clean_Air;0;96;0;0,011810163;0.004144656;0.004907724;-0.002628784;-0,009991629;-0.012221916;-0.020382896;-0.026452105;
2026-07-30T04:30:56.380Z;1001;inference;Clean_Air;0;96;0;0,012026448;0.004133413;0.00494784;-0.002628103;-0,010000189;-0.012277511;-0.020373579;-0.026435608;
2026-07-30T04:30:56.916Z;1001;inference;Clean_Air;0;96;0;0,012172224;0.004136356;0.004984226;-0.00264565;-0,010004537;-0.012337388;-0.020366235;-0.02642717;
2026-07-30T04:30:57.397Z;1001;inference;Clean_Air;0;96;0;0,012828032;0.00416666;0.005004014;-0.002588404;-0,009997509;-0.012314342;-0.020370897;-0.026440006;
2026-07-30T04:30:57.794Z;1001;inference;Clean_Air;0;96;0;0,012828032;0.00416666;0.005004014;-0.002588404;-0,009997509;-0.012314342;-0.020370897;-0.026440006;
2026-07-30T04:30:58.256Z;1001;inference;Clean_Air;0;96;0;0,012828032;0.00416666;0.005004014;-0.002588404;-0,009997509;-0.012314342;-0.020370897;-0.026440006;
2026-07-30T04:30:58.755Z;1001;inference;Clean_Air;0;96;0;0,012828032;0.00416666;0.005004014;-0.002588404;-0,009997509;-0.012314342;-0.020370897;-0.026440006;
2026-07-30T04:30:59.256Z;1001;inference;Clean_Air;0;96;0;0,012828032;0.00416666;0.005004014;-0.002588404;-0,009997509;-0.012314342;-0.020370897;-0.026440006;
2026-07-30T04:30:59.800Z;1001;inference;Clean_Air;0;96;0;0,012896255;0.004176943;0.00500778;-0.00257742;-0,010001632;-0.01230445;-0.020362144;-0.026444118;
2026-07-30T04:31:00.331Z;1001;inference;Clean_Air;0;96;0;0,01271601;0.00415461;0.005023205;-0.002582096;-0,010019171;-0.012333383;-0.020360261;-0.026460033;
2026-07-30T04:31:00.870Z;1001;inference;Clean_Air;0;96;0;0,013207656;0.00413355;0.005020607;-0.002565017;-0,010016417;-0.012352795;-0.020406343;-0.026438411;
2026-07-30T04:31:01.399Z;1001;inference;Clean_Air;0;97;0;0,013816779;0.004130925;0.005031954;-0.002581895;-0,010008682;-0.012339476;-0.020403732;-0.026451726;
2026-07-30T04:31:01.795Z;1001;inference;Clean_Air;0;97;0;0,012658039;0.004139598;0.005059718;-0.002572082;-0,010012824;-0.012347486;-0.020413633;-0.026459953;
2026-07-30T04:31:02.327Z;1001;inference;Clean_Air;0;97;0;0,012658039;0.004139598;0.005059718;-0.002572082;-0,010012824;-0.012347486;-0.020413633;-0.026459953;
2026-07-30T04:31:02.810Z;1001;inference;Clean_Air;0;97;0;0,01113102;0.004106504;0.005136497;-0.002568449;-0,010008922;-0.012306673;-0.020420443;-0.026465053;
2026-07-30T04:31:03.354Z;1001;inference;Clean_Air;0;97;0;0,01069344;0.004078269;0.005145167;-0.002582973;-0,010026857;-0.012310732;-0.020429768;-0.026462425;
2026-07-30T04:31:03.885Z;1001;inference;Clean_Air;0;97;0;0,010891621;0.004074573;0.005111511;-0.002567868;-0,010019332;-0.012334326;-0.020428788;-0.026476979;
2026-07-30T04:31:04.278Z;1001;inference;Clean_Air;0;97;0;0,010481596;0.00405624;0.005110516;-0.002561927;-0,010008373;-0.012332695;-0.020457767;-0.026482578;
2026-07-30T04:31:04.809Z;1001;inference;Clean_Air;0;97;0;0,010481596;0.00405624;0.005110516;-0.002561927;-0,010008373;-0.012332695;-0.020457767;-0.026482578;
2026-07-30T04:31:05.281Z;1001;inference;Clean_Air;0;97;0;0,009257446;0.003994609;0.005113764;-0.002596317;-0,010007407;-0.012410209;-0.020450452;-0.02648383;
2026-07-30T04:31:05.839Z;1001;inference;Clean_Air;0;97;0;0,009287855;0.00394729;0.005112448;-0.002586638;-0,009994371;-0.012353503;-0.020465089;-0.026455399;
2026-07-30T04:31:06.375Z;1001;inference;Clean_Air;0;97;0;0,010566435;0.003936006;0.00511393;-0.002589048;-0,009984699;-0.01234425;-0.020494286;-0.026468921;
2026-07-30T04:31:06.901Z;1001;inference;Clean_Air;0;97;0;0,01070735;0.003959328;0.005087939;-0.002612699;-0,00999519;-0.012344993;-0.020498019;-0.026470536;
2026-07-30T04:31:07.424Z;1001;inference;Clean_Air;0;97;0;0,009952195;0.003958502;0.005064676;-0.002600846;-0,009987379;-0.012352774;-0.020478994;-0.026475351;
2026-07-30T04:31:07.962Z;1001;inference;Clean_Air;0;97;0;0,009943282;0.003942342;0.005072745;-0.002592469;-0,009967586;-0.01235511;-0.020453807;-0.02647787;
2026-07-30T04:31:08.284Z;1001;inference;Clean_Air;0;97;0;0,009943282;0.003942342;0.005072745;-0.002592469;-0,009967586;-0.01235511;-0.020453807;-0.02647787;
2026-07-30T04:31:08.765Z;1001;inference;Clean_Air;0;97;0;0,009943282;0.003942342;0.005072745;-0.002592469;-0,009967586;-0.01235511;-0.020453807;-0.02647787;
2026-07-30T04:31:09.264Z;1001;inference;Clean_Air;0;97;0;0,009943282;0.003942342;0.005072745;-0.002592469;-0,009967586;-0.01235511;-0.020453807;-0.02647787;
2026-07-30T04:31:09.752Z;1001;inference;Clean_Air;0;97;0;0,009943282;0.003942342;0.005072745;-0.002592469;-0,009967586;-0.01235511;-0.020453807;-0.02647787;
2026-07-30T04:31:10.327Z;1001;inference;Clean_Air;0;97;0;0,011142169;0.004000267;0.00504879;-0.002590917;-0,009972784;-0.012389231;-0.020458501;-0.02647016;
2026-07-30T04:31:10.863Z;1001;inference;Clean_Air;0;97;0;0,011145338;0.004045472;0.005042273;-0.002602196;-0,00993556;-0.012380711;-0.020492807;-0.026474079;
2026-07-30T04:31:11.393Z;1001;inference;Clean_Air;0;97;0;0,00996369;0.004054055;0.005072396;-0.00259339;-0,009937734;-0.012384133;-0.020505194;-0.026479712;
2026-07-30T04:31:11.925Z;1001;inference;Clean_Air;0;97;0;0,010607839;0.004055876;0.005064416;-0.002594316;-0,009948001;-0.012309664;-0.020498123;-0.026483569;
2026-07-30T04:31:12.316Z;1001;inference;Clean_Air;0;97;0;0,010298118;0.004102976;0.005050838;-0.002575647;-0,009967546;-0.012192452;-0.020499052;-0.026474645;
2026-07-30T04:31:12.851Z;1001;inference;Clean_Air;0;97;0;0,010298118;0.004102976;0.005050838;-0.002575647;-0,009967546;-0.012192452;-0.020499052;-0.026474645;
2026-07-30T04:31:13.327Z;1001;inference;Clean_Air;0;97;0;0,00929659;0.004134866;0.005043591;-0.002594565;-0,009979429;-0.012226317;-0.020483222;-0.026514584;
2026-07-30T04:31:13.876Z;1001;inference;Clean_Air;0;97;0;0,009095357;0.004217361;0.005038089;-0.002594366;-0,009986447;-0.012165109;-0.020466277;-0.026482373;
2026-07-30T04:31:14.403Z;1001;inference;Clean_Air;0;97;0;0,008331429;0.004222019;0.005054816;-0.002530587;-0,009956989;-0.012165617;-0.020469202;-0.026509807;
2026-07-30T04:31:14.789Z;1001;inference;Clean_Air;0;97;0;0,008898067;0.004201836;0.005050456;-0.00252555;-0,009983;-0.012175363;-0.020498149;-0.026489619;
2026-07-30T04:31:15.311Z;1001;inference;Clean_Air;0;97;0;0,008898067;0.004201836;0.005050456;-0.00252555;-0,009983;-0.012175363;-0.020498149;-0.026489619;
2026-07-30T04:31:15.786Z;1001;inference;Clean_Air;0;97;0;0,01028834;0.004283887;0.005056229;-0.002542506;-0,010002364;-0.012221336;-0.020515073;-0.026505688;
2026-07-30T04:31:16.343Z;1001;inference;Clean_Air;0;97;0;0,009590545;0.004268743;0.005092288;-0.00254779;-0,010001617;-0.012195698;-0.020494848;-0.026504138;
2026-07-30T04:31:16.874Z;1001;inference;Clean_Air;0;97;0;0,008901556;0.004214909;0.005124182;-0.002581769;-0,010006554;-0.012191705;-0.020485131;-0.026509523;
2026-07-30T04:31:17.423Z;1001;inference;Clean_Air;0;97;0;0,008909533;0.004229005;0.005071084;-0.002582961;-0,010012739;-0.012171442;-0.02049681;-0.026513267;
2026-07-30T04:31:17.800Z;1001;inference;Clean_Air;0;97;0;0,008431824;0.004241095;0.005112109;-0.002548261;-0,010003894;-0.012146654;-0.020509966;-0.026515096;
2026-07-30T04:31:18.271Z;1001;inference;Clean_Air;0;97;0;0,008431824;0.004241095;0.005112109;-0.002548261;-0,010003894;-0.012146654;-0.020509966;-0.026515096;
2026-07-30T04:31:18.813Z;1001;inference;Clean_Air;0;97;0;0,009700665;0.004241501;0.005110411;-0.002561997;-0,009999529;-0.012150687;-0.020493411;-0.026533861;
2026-07-30T04:31:19.280Z;1001;inference;Clean_Air;0;97;0;0,009700665;0.004241501;0.005110411;-0.002561997;-0,009999529;-0.012150687;-0.020493411;-0.026533861;
2026-07-30T04:31:19.761Z;1001;inference;Clean_Air;0;97;0;0,009700665;0.004241501;0.005110411;-0.002561997;-0,009999529;-0.012150687;-0.020493411;-0.026533861;
2026-07-30T04:31:20.287Z;1001;inference;Clean_Air;0;97;0;0,009700665;0.004241501;0.005110411;-0.002561997;-0,009999529;-0.012150687;-0.020493411;-0.026533861;
2026-07-30T04:31:20.751Z;1001;inference;Clean_Air;0;97;0;0,009700665;0.004241501;0.005110411;-0.002561997;-0,009999529;-0.012150687;-0.020493411;-0.026533861;
2026-07-30T04:31:21.302Z;1001;inference;Clean_Air;0;97;0;0,009826815;0.004205446;0.005130609;-0.002557623;-0,009977786;-0.012163829;-0.020514606;-0.02652584;
2026-07-30T04:31:21.830Z;1001;inference;Clean_Air;0;97;0;0,009777693;0.004129619;0.00512286;-0.002544455;-0,009980215;-0.012232078;-0.020525539;-0.026529783;
2026-07-30T04:31:22.381Z;1001;inference;Clean_Air;0;97;0;0,010335635;0.004132473;0.005097731;-0.002601184;-0,009959173;-0.012230568;-0.020509478;-0.026515927;
2026-07-30T04:31:22.909Z;1001;inference;Clean_Air;0;97;0;0,010360503;0.004157218;0.005109225;-0.002604777;-0,009952331;-0.0121975;-0.020487987;-0.026527535;
2026-07-30T04:31:23.295Z;1001;inference;Clean_Air;0;97;0;0,00884477;0.004089807;0.005101856;-0.002603857;-0,009938316;-0.012137471;-0.020492896;-0.026538933;
2026-07-30T04:31:23.828Z;1001;inference;Clean_Air;0;97;0;0,00884477;0.004089807;0.005101856;-0.002603857;-0,009938316;-0.012137471;-0.020492896;-0.026538933;
2026-07-30T04:31:24.306Z;1001;inference;Clean_Air;0;97;0;0,009255609;0.004103665;0.005096271;-0.002608931;-0,009931468;-0.012145394;-0.020503202;-0.026551392;
2026-07-30T04:31:24.853Z;1001;inference;Clean_Air;0;97;0;0,008812165;0.004215641;0.00507052;-0.002567211;-0,009952323;-0.012147303;-0.020513121;-0.026545873;
2026-07-30T04:31:25.385Z;1001;inference;Clean_Air;0;97;0;0,008990454;0.004169202;0.005080424;-0.00257811;-0,009932725;-0.012154284;-0.020509074;-0.026532033;
2026-07-30T04:31:25.777Z;1001;inference;Clean_Air;0;97;0;0,008593695;0.004158733;0.005008255;-0.00260611;-0,009923697;-0.012227413;-0.020467781;-0.026521599;
2026-07-30T04:31:26.311Z;1001;inference;Clean_Air;0;97;0;0,008593695;0.004158733;0.005008255;-0.00260611;-0,009923697;-0.012227413;-0.020467781;-0.026521599;
2026-07-30T04:31:26.793Z;1001;inference;Clean_Air;0;97;0;0,007944161;0.004107565;0.005026296;-0.002598895;-0,009916505;-0.012281802;-0.020475086;-0.026524866;
2026-07-30T04:31:27.336Z;1001;inference;Clean_Air;0;97;0;0,007947618;0.004154663;0.005023253;-0.002569216;-0,009936911;-0.012285309;-0.020481778;-0.02653503;
2026-07-30T04:31:27.874Z;1001;inference;Clean_Air;0;97;0;0,006289833;0.004112498;0.005045074;-0.002577002;-0,009944416;-0.012277175;-0.020474354;-0.026540568;
2026-07-30T04:31:28.415Z;1001;inference;Clean_Air;0;97;0;0,006457733;0.00412021;0.005009133;-0.002561962;-0,009961848;-0.012309318;-0.020483008;-0.026553163;
2026-07-30T04:31:28.886Z;1001;inference;Clean_Air;0;97;0;0,004925705;0.004114143;0.005004623;-0.002569366;-0,009948811;-0.012344354;-0.020507682;-0.026575219;
2026-07-30T04:31:29.292Z;1001;inference;Clean_Air;0;97;0;0,004925705;0.004114143;0.005004623;-0.002569366;-0,009948811;-0.012344354;-0.020507682;-0.026575219;
2026-07-30T04:31:29.759Z;1001;inference;Clean_Air;0;97;0;0,004925705;0.004114143;0.005004623;-0.002569366;-0,009948811;-0.012344354;-0.020507682;-0.026575219;
2026-07-30T04:31:30.259Z;1001;inference;Clean_Air;0;97;0;0,004925705;0.004114143;0.005004623;-0.002569366;-0,009948811;-0.012344354;-0.020507682;-0.026575219;
2026-07-30T04:31:30.751Z;1001;inference;Clean_Air;0;97;0;0,004925705;0.004114143;0.005004623;-0.002569366;-0,009948811;-0.012344354;-0.020507682;-0.026575219;
2026-07-30T04:31:31.287Z;1001;inference;Clean_Air;0;96;0;0,005107383;0.004072629;0.004978854;-0.002559467;-0,009951106;-0.012322622;-0.020467961;-0.026552176;
2026-07-30T04:31:31.821Z;1001;inference;Clean_Air;0;97;0;0,005140859;0.004057792;0.004985277;-0.002554171;-0,009973628;-0.012255152;-0.02047164;-0.026538525;
2026-07-30T04:31:32.348Z;1001;inference;Clean_Air;0;96;0;0,005072421;0.00399308;0.004981623;-0.00256157;-0,0099812;-0.012267287;-0.020456977;-0.026561487;
2026-07-30T04:31:32.884Z;1001;inference;Clean_Air;0;96;0;0,006172366;0.004025102;0.004981067;-0.00254743;-0,010008107;-0.012260545;-0.020418713;-0.02656224;
2026-07-30T04:31:33.406Z;1001;inference;Clean_Air;0;96;0;0,005722159;0.00398226;0.004942116;-0.002558365;-0,010012445;-0.012223284;-0.020447694;-0.026583567;
2026-07-30T04:31:33.933Z;1001;inference;Clean_Air;0;96;0;0,005143466;0.004032507;0.004930814;-0.002545118;-0,010016017;-0.01225243;-0.020430177;-0.026589174;
2026-07-30T04:31:34.308Z;1001;inference;Clean_Air;0;96;0;0,004165516;0.004051037;0.004921892;-0.002577745;-0,009998504;-0.012261207;-0.020411665;-0.026606943;
2026-07-30T04:31:34.832Z;1001;inference;Clean_Air;0;96;0;0,004165516;0.004051037;0.004921892;-0.002577745;-0,009998504;-0.012261207;-0.020411665;-0.026606943;
2026-07-30T04:31:35.315Z;1001;inference;Clean_Air;0;96;0;0,004098147;0.004091997;0.004919945;-0.00259404;-0,009961872;-0.012244737;-0.020424511;-0.026610702;
2026-07-30T04:31:35.838Z;1001;inference;Clean_Air;0;96;0;0,003250091;0.004073896;0.004980696;-0.002617619;-0,009956385;-0.012199135;-0.020412682;-0.02660867;
2026-07-30T04:31:36.362Z;1001;inference;Clean_Air;0;96;0;0,00456632;0.004073565;0.004979273;-0.002622504;-0,009967087;-0.012193438;-0.020406477;-0.0266109;
2026-07-30T04:31:36.902Z;1001;inference;Clean_Air;0;97;0;0,00586323;0.004063508;0.00501852;-0.002671402;-0,009983524;-0.012222956;-0.020437282;-0.026590139;
2026-07-30T04:31:37.428Z;1001;inference;Clean_Air;0;97;0;0,004520287;0.004077917;0.005019752;-0.002684892;-0,009976326;-0.01233274;-0.020445582;-0.026613295;
2026-07-30T04:31:37.808Z;1001;inference;Clean_Air;0;97;0;0,0058925;0.004071641;0.00501815;-0.002680139;-0,009975531;-0.012248302;-0.020445358;-0.026664903;
2026-07-30T04:31:38.331Z;1001;inference;Clean_Air;0;97;0;0,0058925;0.004071641;0.00501815;-0.002680139;-0,009975531;-0.012248302;-0.020445358;-0.026664903;
2026-07-30T04:31:38.598Z;1001;inference;Clean_Air;0;97;0;0,00587294;0.004083097;0.005027181;-0.002685557;-0,009962845;-0.01224569;-0.02046245;-0.026661333;
2026-07-30T04:31:39.328Z;1001;inference;Clean_Air;0;97;0;0,006069095;0.004123111;0.005100241;-0.002658144;-0,009977849;-0.012205333;-0.020462269;-0.026658069;
2026-07-30T04:31:39.782Z;1001;inference;Clean_Air;0;97;0;0,006069095;0.004123111;0.005100241;-0.002658144;-0,009977849;-0.012205333;-0.020462269;-0.026658069;
2026-07-30T04:31:40.253Z;1001;inference;Clean_Air;0;97;0;0,006069095;0.004123111;0.005100241;-0.002658144;-0,009977849;-0.012205333;-0.020462269;-0.026658069;
2026-07-30T04:31:40.753Z;1001;inference;Clean_Air;0;97;0;0,006069095;0.004123111;0.005100241;-0.002658144;-0,009977849;-0.012205333;-0.020462269;-0.026658069;
2026-07-30T04:31:41.256Z;1001;inference;Clean_Air;0;97;0;0,006069095;0.004123111;0.005100241;-0.002658144;-0,009977849;-0.012205333;-0.020462269;-0.026658069;
2026-07-30T04:31:41.786Z;1001;inference;Clean_Air;0;97;0;0,007283411;0.004131331;0.005107164;-0.002672043;-0,009993368;-0.012187433;-0.020466344;-0.026641104;
2026-07-30T04:31:42.320Z;1001;inference;Clean_Air;0;97;0;0,007856859;0.004129266;0.005091222;-0.002667811;-0,010004668;-0.012162028;-0.020466344;-0.02663986;
2026-07-30T04:31:42.843Z;1001;inference;Clean_Air;0;97;0;0,009240367;0.004121518;0.005109987;-0.002650274;-0,01002374;-0.012154581;-0.020445868;-0.026642811;
2026-07-30T04:31:43.429Z;1001;inference;Clean_Air;0;97;0;0,00914897;0.004112541;0.005111303;-0.00266672;-0,010047196;-0.012100348;-0.020427;-0.026621882;
2026-07-30T04:31:43.954Z;1001;inference;Clean_Air;0;97;0;0,007670835;0.004093933;0.005114981;-0.00266103;-0,010035879;-0.012044514;-0.020402253;-0.026613304;
2026-07-30T04:31:44.439Z;1001;inference;Clean_Air;0;97;0;0,006109984;0.004129944;0.00508285;-0.002634636;-0,010006428;-0.012051937;-0.020412086;-0.026627813;
2026-07-30T04:31:44.808Z;1001;inference;Clean_Air;0;97;0;0,006060646;0.004120882;0.005080251;-0.002612891;-0,010003284;-0.011999709;-0.020401178;-0.026612442;
2026-07-30T04:31:45.330Z;1001;inference;Clean_Air;0;97;0;0,006060646;0.004120882;0.005080251;-0.002612891;-0,010003284;-0.011999709;-0.020401178;-0.026612442;
2026-07-30T04:31:45.809Z;1001;inference;Clean_Air;0;97;0;0,004901086;0.004121911;0.005071207;-0.002611957;-0,009989179;-0.012085362;-0.020401556;-0.026540274;
2026-07-30T04:31:46.331Z;1001;inference;Clean_Air;0;97;0;0,003496356;0.004102456;0.005068359;-0.002613869;-0,009979532;-0.012133112;-0.020417348;-0.026549995;
2026-07-30T04:31:46.858Z;1001;inference;Clean_Air;0;97;0;0,004103122;0.004106001;0.005079266;-0.002606934;-0,009986104;-0.012212848;-0.020409442;-0.026543293;
2026-07-30T04:31:47.398Z;1001;inference;Clean_Air;0;97;0;0,002719387;0.004090187;0.005065282;-0.002644908;-0,009959785;-0.012225308;-0.020432156;-0.026553053;
2026-07-30T04:31:47.931Z;1001;inference;Clean_Air;0;97;0;0,002596167;0.004066143;0.005093127;-0.002643691;-0,009930116;-0.012252586;-0.020443354;-0.02655527;
2026-07-30T04:31:48.301Z;1001;inference;Clean_Air;0;97;0;0,00254954;0.004099516;0.005058589;-0.002626168;-0,009944457;-0.012263765;-0.020448247;-0.026527289;
2026-07-30T04:31:48.824Z;1001;inference;Clean_Air;0;97;0;0,00254954;0.004099516;0.005058589;-0.002626168;-0,009944457;-0.012263765;-0.020448247;-0.026527289;
2026-07-30T04:31:49.296Z;1001;inference;Clean_Air;0;97;0;0,0036663;0.004132818;0.005041775;-0.002595822;-0,009940756;-0.012315964;-0.020496435;-0.026543032;
2026-07-30T04:31:49.818Z;1001;inference;Clean_Air;0;97;0;0,004309204;0.00417508;0.005059326;-0.002603237;-0,009943033;-0.012321362;-0.020515189;-0.026529003;
2026-07-30T04:31:50.283Z;1001;inference;Clean_Air;0;97;0;0,004309204;0.00417508;0.005059326;-0.002603237;-0,009943033;-0.012321362;-0.020515189;-0.026529003;
2026-07-30T04:31:50.759Z;1001;inference;Clean_Air;0;97;0;0,004309204;0.00417508;0.005059326;-0.002603237;-0,009943033;-0.012321362;-0.020515189;-0.026529003;
2026-07-30T04:31:51.260Z;1001;inference;Clean_Air;0;97;0;0,004309204;0.00417508;0.005059326;-0.002603237;-0,009943033;-0.012321362;-0.020515189;-0.026529003;
2026-07-30T04:31:51.764Z;1001;inference;Clean_Air;0;97;0;0,004309204;0.00417508;0.005059326;-0.002603237;-0,009943033;-0.012321362;-0.020515189;-0.026529003;
2026-07-30T04:31:52.285Z;1001;inference;Clean_Air;0;97;0;0,005229221;0.004203959;0.005071224;-0.00259045;-0,009965761;-0.012318952;-0.02048208;-0.026541075;
2026-07-30T04:31:52.814Z;1001;inference;Clean_Air;0;97;0;0,006671364;0.004186253;0.005076716;-0.002590624;-0,009976486;-0.01232134;-0.020468656;-0.026562635;
2026-07-30T04:31:53.345Z;1001;inference;Clean_Air;0;97;0;0,006898114;0.00421882;0.005089613;-0.002584333;-0,009975299;-0.012314814;-0.020489987;-0.02656829;
2026-07-30T04:31:53.880Z;1001;inference;Clean_Air;0;97;0;0,007764822;0.004238954;0.005087736;-0.002597094;-0,009972377;-0.01227658;-0.020491023;-0.026567319;
2026-07-30T04:31:54.406Z;1001;inference;Clean_Air;0;97;0;0,007412404;0.004237617;0.005091744;-0.002621377;-0,00997384;-0.012255972;-0.020493809;-0.02658019;
2026-07-30T04:31:54.991Z;1001;inference;Clean_Air;0;97;0;0,007987684;0.004264524;0.005108089;-0.002566738;-0,00999405;-0.012246778;-0.020497162;-0.02661247;
2026-07-30T04:31:55.329Z;1001;inference;Clean_Air;0;97;0;0,007851792;0.004254911;0.005124784;-0.002516324;-0,01003524;-0.012258069;-0.02050351;-0.026605908;
2026-07-30T04:31:55.777Z;1001;inference;Clean_Air;0;97;0;0,007851792;0.004254911;0.005124784;-0.002516324;-0,01003524;-0.012258069;-0.02050351;-0.026605908;
2026-07-30T04:31:56.301Z;1001;inference;Clean_Air;0;97;0;0,006503394;0.004246178;0.00514183;-0.002545672;-0,010018992;-0.012282213;-0.020521352;-0.026644867;
2026-07-30T04:31:56.839Z;1001;inference;Clean_Air;0;97;0;0,005453812;0.004220631;0.0051556;-0.002573501;-0,009989751;-0.012303434;-0.020502893;-0.026653692;
2026-07-30T04:31:57.372Z;1001;inference;Clean_Air;0;97;0;0,004885261;0.004213382;0.005123629;-0.002554697;-0,009990035;-0.012347918;-0.020522485;-0.026650783;
2026-07-30T04:31:57.904Z;1001;inference;Clean_Air;0;97;0;0,005156692;0.004221527;0.005125667;-0.002548825;-0,010022386;-0.01235657;-0.020533834;-0.026641661;
2026-07-30T04:31:58.431Z;1001;inference;Clean_Air;0;97;0;0,003759867;0.004292169;0.005109528;-0.002534431;-0,010017449;-0.012406176;-0.020565331;-0.026640892;
2026-07-30T04:31:58.805Z;1001;inference;Clean_Air;0;97;0;0,00458639;0.004328538;0.005103806;-0.00255725;-0,010032599;-0.012390895;-0.02054658;-0.026634017;
2026-07-30T04:31:59.326Z;1001;inference;Clean_Air;0;97;0;0,00458639;0.004328538;0.005103806;-0.00255725;-0,010032599;-0.012390895;-0.02054658;-0.026634017;
2026-07-30T04:31:59.802Z;1001;inference;Clean_Air;0;97;0;0,0037708;0.004272117;0.005080506;-0.002562857;-0,010032329;-0.012328911;-0.020536937;-0.026634041;
2026-07-30T04:32:00.322Z;1001;inference;Clean_Air;0;97;0;0,003292511;0.004272204;0.005048026;-0.002548406;-0,010004958;-0.012335715;-0.020523416;-0.026611347;
2026-07-30T04:32:00.779Z;1001;inference;Clean_Air;0;97;0;0,003292511;0.004272204;0.005048026;-0.002548406;-0,010004958;-0.012335715;-0.020523416;-0.026611347;
2026-07-30T04:32:01.261Z;1001;inference;Clean_Air;0;97;0;0,003292511;0.004272204;0.005048026;-0.002548406;-0,010004958;-0.012335715;-0.020523416;-0.026611347;
2026-07-30T04:32:01.763Z;1001;inference;Clean_Air;0;97;0;0,003292511;0.004272204;0.005048026;-0.002548406;-0,010004958;-0.012335715;-0.020523416;-0.026611347;
2026-07-30T04:32:02.265Z;1001;inference;Clean_Air;0;97;0;0,003292511;0.004272204;0.005048026;-0.002548406;-0,010004958;-0.012335715;-0.020523416;-0.026611347;
2026-07-30T04:32:02.790Z;1001;inference;Clean_Air;0;97;0;0,002905259;0.004245496;0.005046997;-0.002560081;-0,009963421;-0.01233811;-0.020525375;-0.026599491;
2026-07-30T04:32:03.321Z;1001;inference;Clean_Air;0;97;0;0,003323057;0.004259585;0.005018291;-0.002622467;-0,009957837;-0.012258142;-0.020528784;-0.026568154;
2026-07-30T04:32:03.852Z;1001;inference;Clean_Air;0;97;0;0,004221331;0.004260159;0.004987078;-0.002611083;-0,009977717;-0.012242397;-0.020528119;-0.026532512;
2026-07-30T04:32:04.386Z;1001;inference;Clean_Air;0;97;0;0,003964205;0.004254641;0.004987712;-0.002587602;-0,01001095;-0.012210104;-0.020516874;-0.02653119;
2026-07-30T04:32:04.909Z;1001;inference;Clean_Air;0;97;0;0,003859125;0.004250954;0.005011668;-0.002598683;-0,010034896;-0.012234051;-0.020513568;-0.02655023;
2026-07-30T04:32:05.438Z;1001;inference;Clean_Air;0;97;0;0,003493927;0.00417899;0.00499687;-0.002616223;-0,009918768;-0.012219371;-0.020511562;-0.026544938;
2026-07-30T04:32:05.812Z;1001;inference;Clean_Air;0;97;0;0,00345789;0.004141469;0.005002753;-0.002569619;-0,009911136;-0.012177861;-0.020497065;-0.026518092;
2026-07-30T04:32:06.336Z;1001;inference;Clean_Air;0;97;0;0,00345789;0.004141469;0.005002753;-0.002569619;-0,009911136;-0.012177861;-0.020497065;-0.026518092;
2026-07-30T04:32:06.807Z;1001;inference;Clean_Air;0;97;0;0,003157793;0.004095965;0.005009333;-0.002540983;-0,009920327;-0.012184883;-0.020521905;-0.026544457;
2026-07-30T04:32:07.340Z;1001;inference;Clean_Air;0;97;0;0,003099048;0.004139247;0.005008632;-0.002511129;-0,009937176;-0.012243349;-0.02051853;-0.026550218;
2026-07-30T04:32:07.875Z;1001;inference;Clean_Air;0;97;0;0,004158726;0.004136972;0.005030095;-0.00244672;-0,009936923;-0.012240559;-0.020536812;-0.026559209;
2026-07-30T04:32:08.404Z;1001;inference;Clean_Air;0;97;0;0,005133228;0.004153735;0.00504917;-0.002444284;-0,009965033;-0.012231961;-0.020534271;-0.026561692;
2026-07-30T04:32:08.936Z;1001;inference;Clean_Air;0;97;0;0,005623387;0.00410532;0.005054098;-0.002442115;-0,009967418;-0.012223321;-0.020523664;-0.02655662;
2026-07-30T04:32:09.310Z;1001;inference;Clean_Air;0;97;0;0,005024427;0.004091125;0.005089074;-0.002372042;-0,009959144;-0.012234492;-0.020485079;-0.026581887;
2026-07-30T04:32:09.833Z;1001;inference;Clean_Air;0;97;0;0,005024427;0.004091125;0.005089074;-0.002372042;-0,009959144;-0.012234492;-0.020485079;-0.026581887;
2026-07-30T04:32:10.304Z;1001;inference;Clean_Air;0;97;0;0,00512861;0.004105222;0.005079338;-0.002347971;-0,009981325;-0.012239116;-0.020473823;-0.026575938;
2026-07-30T04:32:10.827Z;1001;inference;Clean_Air;0;97;0;0,005106102;0.00416207;0.005090808;-0.002347011;-0,00996085;-0.012263042;-0.020445023;-0.02655445;
2026-07-30T04:32:11.282Z;1001;inference;Clean_Air;0;97;0;0,005106102;0.00416207;0.005090808;-0.002347011;-0,00996085;-0.012263042;-0.020445023;-0.02655445;
2026-07-30T04:32:11.760Z;1001;inference;Clean_Air;0;97;0;0,005106102;0.00416207;0.005090808;-0.002347011;-0,00996085;-0.012263042;-0.020445023;-0.02655445;
2026-07-30T04:32:12.258Z;1001;inference;Clean_Air;0;97;0;0,005106102;0.00416207;0.005090808;-0.002347011;-0,00996085;-0.012263042;-0.020445023;-0.02655445;
2026-07-30T04:32:12.753Z;1001;inference;Clean_Air;0;97;0;0,005106102;0.00416207;0.005090808;-0.002347011;-0,00996085;-0.012263042;-0.020445023;-0.02655445;
2026-07-30T04:32:13.288Z;1001;inference;Clean_Air;0;97;0;0,004790616;0.004210438;0.005089278;-0.002298754;-0,010040312;-0.012264648;-0.020429619;-0.02655293;
2026-07-30T04:32:13.818Z;1001;inference;Clean_Air;0;97;0;0,004772234;0.004214413;0.005100934;-0.002379926;-0,010039151;-0.012274878;-0.020429363;-0.02658144;
2026-07-30T04:32:14.346Z;1001;inference;Clean_Air;0;97;0;0,00378259;0.004212785;0.005102644;-0.002372732;-0,0100288;-0.012270677;-0.02040438;-0.026583904;
2026-07-30T04:32:14.880Z;1001;inference;Clean_Air;0;97;0;0,003765753;0.004207842;0.005139778;-0.002379316;-0,010015715;-0.012263609;-0.020422705;-0.026657145;
2026-07-30T04:32:15.406Z;1001;inference;Clean_Air;0;97;0;0,003143847;0.004213025;0.005158236;-0.002456261;-0,010046194;-0.012309058;-0.020410236;-0.0266841;
2026-07-30T04:32:15.934Z;1001;inference;Clean_Air;0;97;0;0,001929091;0.004219016;0.005148971;-0.002465364;-0,010052434;-0.012299017;-0.020398155;-0.026671723;
2026-07-30T04:32:16.310Z;1001;inference;Clean_Air;0;97;0;0,000790551;0.004254636;0.005157386;-0.002461711;-0,010047229;-0.012344969;-0.020392332;-0.026709834;
2026-07-30T04:32:16.833Z;1001;inference;Clean_Air;0;97;0;0,000790551;0.004254636;0.005157386;-0.002461711;-0,010047229;-0.012344969;-0.020392332;-0.026709834;
2026-07-30T04:32:17.303Z;1001;inference;Clean_Air;0;97;0;0,00044071;0.004245259;0.005151408;-0.002539982;-0,010039949;-0.012331874;-0.020430181;-0.026675573;
2026-07-30T04:32:17.834Z;1001;inference;Clean_Air;0;97;0;0,000308258;0.00424641;0.005142658;-0.00249232;-0,009997977;-0.012337365;-0.02040823;-0.02667338;
2026-07-30T04:32:18.365Z;1001;inference;Clean_Air;0;97;0;0,000288709;0.004131695;0.005125328;-0.002491705;-0,010018977;-0.012306027;-0.020432763;-0.026653815;
2026-07-30T04:32:18.901Z;1001;inference;Clean_Air;0;97;0;0,000347022;0.004200588;0.00514418;-0.002528134;-0,010013909;-0.012253467;-0.020530086;-0.026668737;
2026-07-30T04:32:19.435Z;1001;inference;Clean_Air;0;97;0;0,000408333;0.004188173;0.005147955;-0.002526501;-0,010026416;-0.012250453;-0.020523237;-0.026668647;
2026-07-30T04:32:19.805Z;1001;inference;Clean_Air;0;97;0;0,001596061;0.004177966;0.005135942;-0.002523358;-0,010014939;-0.012253077;-0.020530649;-0.026643414;
2026-07-30T04:32:20.327Z;1001;inference;Clean_Air;0;97;0;0,001596061;0.004177966;0.005135942;-0.002523358;-0,010014939;-0.012253077;-0.020530649;-0.026643414;
2026-07-30T04:32:20.798Z;1001;inference;Clean_Air;0;97;0;0,001765596;0.004194245;0.005121515;-0.002537554;-0,010019181;-0.01227846;-0.02052993;-0.026560474;
2026-07-30T04:32:21.320Z;1001;inference;Clean_Air;0;97;0;0,001469051;0.004263035;0.005114217;-0.002469389;-0,010006782;-0.012227602;-0.020505056;-0.026526138;
2026-07-30T04:32:21.784Z;1001;inference;Clean_Air;0;97;0;0,001469051;0.004263035;0.005114217;-0.002469389;-0,010006782;-0.012227602;-0.020505056;-0.026526138;
2026-07-30T04:32:22.259Z;1001;inference;Clean_Air;0;97;0;0,001469051;0.004263035;0.005114217;-0.002469389;-0,010006782;-0.012227602;-0.020505056;-0.026526138;
2026-07-30T04:32:22.752Z;1001;inference;Clean_Air;0;97;0;0,001469051;0.004263035;0.005114217;-0.002469389;-0,010006782;-0.012227602;-0.020505056;-0.026526138;
2026-07-30T04:32:23.254Z;1001;inference;Clean_Air;0;97;0;0,001469051;0.004263035;0.005114217;-0.002469389;-0,010006782;-0.012227602;-0.020505056;-0.026526138;
2026-07-30T04:32:23.784Z;1001;inference;Clean_Air;0;97;0;0,001648785;0.004200825;0.005034525;-0.00245812;-0,009991253;-0.01224914;-0.0204781;-0.026519403;
2026-07-30T04:32:24.320Z;1001;inference;Clean_Air;0;97;0;0,001475285;0.004235779;0.005037297;-0.002453475;-0,009973505;-0.012288099;-0.020508971;-0.026510011;
2026-07-30T04:32:24.847Z;1001;inference;Clean_Air;0;96;0;0,001731182;0.004289776;0.004963947;-0.002455992;-0,009984067;-0.012296404;-0.020511039;-0.026537756;
2026-07-30T04:32:25.378Z;1001;inference;Clean_Air;0;96;0;0,00210483;0.004286459;0.004960997;-0.002529791;-0,010014021;-0.012277437;-0.020527894;-0.02655806;
2026-07-30T04:32:25.907Z;1001;inference;Clean_Air;0;96;0;0,002133538;0.004337151;0.004952483;-0.002521202;-0,009996491;-0.01227372;-0.020519007;-0.026570067;
2026-07-30T04:32:26.490Z;1001;inference;Clean_Air;0;96;0;0,001539446;0.004263881;0.004955488;-0.002523896;-0,009994565;-0.012317609;-0.020469658;-0.02655443;
2026-07-30T04:32:26.828Z;1001;inference;Clean_Air;0;96;0;0,002581233;0.004328108;0.004949281;-0.002503032;-0,009972033;-0.012312159;-0.020473937;-0.02651816;
2026-07-30T04:32:27.275Z;1001;inference;Clean_Air;0;96;0;0,002581233;0.004328108;0.004949281;-0.002503032;-0,009972033;-0.012312159;-0.020473937;-0.02651816;
2026-07-30T04:32:27.811Z;1001;inference;Clean_Air;0;96;0;0,002299282;0.004277751;0.004962808;-0.002532086;-0,009988773;-0.012328874;-0.020480061;-0.026491482;
2026-07-30T04:32:28.336Z;1001;inference;Clean_Air;0;96;0;0,002149187;0.004253982;0.004967214;-0.00254112;-0,009990597;-0.012316613;-0.02046122;-0.026521767;
2026-07-30T04:32:28.872Z;1001;inference;Clean_Air;0;96;0;0,002248271;0.004181219;0.004959672;-0.002616881;-0,00999241;-0.012322811;-0.020504426;-0.0265419;
2026-07-30T04:32:29.398Z;1001;inference;Clean_Air;0;97;0;0,002060132;0.004227545;0.005031546;-0.002615934;-0,010034539;-0.012283988;-0.02052841;-0.026556125;
2026-07-30T04:32:29.933Z;1001;inference;Clean_Air;0;97;0;0,00279926;0.004195803;0.00502412;-0.002616673;-0,010046316;-0.012278583;-0.020519894;-0.026528094;
2026-07-30T04:32:30.299Z;1001;inference;Clean_Air;0;97;0;0,003347878;0.004155537;0.005127334;-0.002595035;-0,010032898;-0.012322243;-0.020510847;-0.026537457;
2026-07-30T04:32:30.820Z;1001;inference;Clean_Air;0;97;0;0,003347878;0.004155537;0.005127334;-0.002595035;-0,010032898;-0.012322243;-0.020510847;-0.026537457;
2026-07-30T04:32:31.291Z;1001;inference;Clean_Air;0;97;0;0,003550024;0.004144187;0.005162039;-0.00256918;-0,010011006;-0.012334817;-0.020539938;-0.026509905;
2026-07-30T04:32:31.816Z;1001;inference;Clean_Air;0;97;0;0,003542674;0.00415152;0.005170966;-0.00258078;-0,010014511;-0.012340526;-0.020552132;-0.026533613;
2026-07-30T04:32:32.286Z;1001;inference;Clean_Air;0;97;0;0,003542674;0.00415152;0.005170966;-0.00258078;-0,010014511;-0.012340526;-0.020552132;-0.026533613;
2026-07-30T04:32:32.756Z;1001;inference;Clean_Air;0;97;0;0,003542674;0.00415152;0.005170966;-0.00258078;-0,010014511;-0.012340526;-0.020552132;-0.026533613;
2026-07-30T04:32:33.257Z;1001;inference;Clean_Air;0;97;0;0,003542674;0.00415152;0.005170966;-0.00258078;-0,010014511;-0.012340526;-0.020552132;-0.026533613;
2026-07-30T04:32:33.757Z;1001;inference;Clean_Air;0;97;0;0,003542674;0.00415152;0.005170966;-0.00258078;-0,010014511;-0.012340526;-0.020552132;-0.026533613;
2026-07-30T04:32:34.288Z;1001;inference;Clean_Air;0;97;0;0,003483056;0.004142631;0.005188912;-0.002576918;-0,01001683;-0.012391026;-0.020523719;-0.026556438;
2026-07-30T04:32:34.821Z;1001;inference;Clean_Air;0;97;0;0,002611815;0.004096224;0.005195451;-0.002590236;-0,010043274;-0.0123771;-0.020552602;-0.026583573;
2026-07-30T04:32:35.347Z;1001;inference;Clean_Air;0;98;0;0,002651179;0.004124058;0.005216083;-0.002558868;-0,010010491;-0.012376995;-0.020547081;-0.026647395;
2026-07-30T04:32:35.873Z;1001;inference;Clean_Air;0;97;0;0,002641127;0.004144908;0.005209596;-0.002569604;-0,010043726;-0.012360808;-0.020570526;-0.026625777;
2026-07-30T04:32:36.400Z;1001;inference;Clean_Air;0;97;0;0,003021377;0.004164727;0.005210757;-0.002548062;-0,010046879;-0.012367178;-0.020550996;-0.026682472;
2026-07-30T04:32:36.923Z;1001;inference;Clean_Air;0;98;0;0,003784172;0.004163331;0.005217317;-0.002537332;-0,01002059;-0.012404205;-0.020570515;-0.026683781;
2026-07-30T04:32:37.305Z;1001;inference;Clean_Air;0;98;0;0,00309127;0.00417932;0.005224944;-0.002536715;-0,010033744;-0.012420177;-0.020550299;-0.026716311;
2026-07-30T04:32:37.827Z;1001;inference;Clean_Air;0;98;0;0,00309127;0.00417932;0.005224944;-0.002536715;-0,010033744;-0.012420177;-0.020550299;-0.026716311;
2026-07-30T04:32:38.296Z;1001;inference;Clean_Air;0;97;0;0,002360031;0.004187126;0.005189759;-0.002567719;-0,010042397;-0.012392593;-0.020567764;-0.026691828;
2026-07-30T04:32:38.827Z;1001;inference;Clean_Air;0;97;0;0,001790125;0.004235946;0.005189295;-0.002592313;-0,010051915;-0.012342918;-0.020563331;-0.026692804;
2026-07-30T04:32:39.358Z;1001;inference;Clean_Air;0;97;0;0,001798989;0.004239109;0.005198966;-0.002586291;-0,010063848;-0.012313671;-0.02052841;-0.026657069;
2026-07-30T04:32:39.896Z;1001;inference;Clean_Air;0;97;0;0,001778008;0.004250547;0.0051827;-0.002603518;-0,009984242;-0.012206348;-0.020529564;-0.026617309;
2026-07-30T04:32:40.423Z;1001;inference;Clean_Air;0;97;0;0,001728711;0.004206833;0.005188449;-0.002617714;-0,010007852;-0.012219967;-0.020512462;-0.026631216;
2026-07-30T04:32:40.799Z;1001;inference;Clean_Air;0;97;0;0,001468718;0.004227581;0.005159703;-0.002646117;-0,010034662;-0.012216548;-0.020523714;-0.026601693;
2026-07-30T04:32:41.321Z;1001;inference;Clean_Air;0;97;0;0,001468718;0.004227581;0.005159703;-0.002646117;-0,010034662;-0.012216548;-0.020523714;-0.026601693;
2026-07-30T04:32:41.793Z;1001;inference;Clean_Air;0;97;0;0,001457551;0.004204034;0.005167793;-0.002614369;-0,010033813;-0.012263556;-0.020489961;-0.026596123;
2026-07-30T04:32:42.314Z;1001;inference;Clean_Air;0;97;0;0,00081814;0.004211702;0.005164162;-0.00263623;-0,010031215;-0.012292102;-0.020501561;-0.026551103;
2026-07-30T04:32:42.784Z;1001;inference;Clean_Air;0;97;0;0,00081814;0.004211702;0.005164162;-0.00263623;-0,010031215;-0.012292102;-0.020501561;-0.026551103;
2026-07-30T04:32:43.252Z;1001;inference;Clean_Air;0;97;0;0,00081814;0.004211702;0.005164162;-0.00263623;-0,010031215;-0.012292102;-0.020501561;-0.026551103;
2026-07-30T04:32:43.755Z;1001;inference;Clean_Air;0;97;0;0,00081814;0.004211702;0.005164162;-0.00263623;-0,010031215;-0.012292102;-0.020501561;-0.026551103;
2026-07-30T04:32:44.256Z;1001;inference;Clean_Air;0;97;0;0,00081814;0.004211702;0.005164162;-0.00263623;-0,010031215;-0.012292102;-0.020501561;-0.026551103;
2026-07-30T04:32:44.781Z;1001;inference;Clean_Air;0;97;0;0,000013001;0.004217979;0.005148767;-0.002695902;-0,010033971;-0.012292079;-0.020508088;-0.026528275;
2026-07-30T04:32:45.308Z;1001;inference;Clean_Air;0;97;0;-0,000033107;0.004222216;0.005153056;-0.002697827;-0,010027938;-0.012274946;-0.020518264;-0.026535178;
2026-07-30T04:32:45.854Z;1001;inference;Clean_Air;0;97;0;-0,000046516;0.004221018;0.00515674;-0.002679592;-0,010032843;-0.012247373;-0.020497879;-0.026555881;
2026-07-30T04:32:46.383Z;1001;inference;Clean_Air;0;97;0;-5,59608E-06;0.004136744;0.005127951;-0.002619735;-0,010032498;-0.01235353;-0.020520881;-0.026564058;
2026-07-30T04:32:46.923Z;1001;inference;Clean_Air;0;97;0;0,000202441;0.004119602;0.005121267;-0.00261072;-0,010047054;-0.01237319;-0.020556994;-0.026596213;
2026-07-30T04:32:47.289Z;1001;inference;Clean_Air;0;97;0;0,0004075;0.004137783;0.005119436;-0.002615802;-0,010143054;-0.01241817;-0.020555293;-0.026638936;
2026-07-30T04:32:47.769Z;1001;inference;Clean_Air;0;97;0;0,0004075;0.004137783;0.005119436;-0.002615802;-0,010143054;-0.01241817;-0.020555293;-0.026638936;
2026-07-30T04:32:48.292Z;1001;inference;Clean_Air;0;97;0;0,000224643;0.004169021;0.005090661;-0.00257321;-0,010109248;-0.012435853;-0.020546716;-0.026631903;
2026-07-30T04:32:48.818Z;1001;inference;Clean_Air;0;97;0;-0,000491446;0.004187397;0.005095556;-0.00257445;-0,010091843;-0.012433859;-0.020546461;-0.026648691;
2026-07-30T04:32:49.360Z;1001;inference;Clean_Air;0;97;0;-0,00046346;0.004199647;0.005080336;-0.00258947;-0,010074922;-0.012349428;-0.020566603;-0.026643217;
2026-07-30T04:32:49.895Z;1001;inference;Clean_Air;0;97;0;-0,000455784;0.004196701;0.005077484;-0.00257678;-0,010068467;-0.012321782;-0.020570023;-0.02662098;
2026-07-30T04:32:50.420Z;1001;inference;Clean_Air;0;97;0;-0,000429543;0.004198149;0.005082194;-0.002538509;-0,010037309;-0.012300829;-0.020547355;-0.02665722;
2026-07-30T04:32:50.795Z;1001;inference;Clean_Air;0;97;0;-0,000416589;0.004173511;0.005083121;-0.002548588;-0,010037478;-0.012219807;-0.020552812;-0.026659112;
2026-07-30T04:32:51.273Z;1001;inference;Clean_Air;0;97;0;-0,000416589;0.004173511;0.005083121;-0.002548588;-0,010037478;-0.012219807;-0.020552812;-0.026659112;
2026-07-30T04:32:51.804Z;1001;inference;Clean_Air;0;97;0;-0,000229809;0.004157357;0.005086261;-0.002527836;-0,010037372;-0.012248246;-0.020567475;-0.026659112;
2026-07-30T04:32:52.336Z;1001;inference;Clean_Air;0;97;0;0,000398251;0.004225702;0.005116259;-0.002561392;-0,01003772;-0.012243543;-0.020551931;-0.026672548;
2026-07-30T04:32:52.854Z;1001;inference;Clean_Air;0;97;0;0,000216087;0.004251628;0.005109607;-0.002557775;-0,010004616;-0.012268128;-0.020549256;-0.026663935;
2026-07-30T04:32:53.282Z;1001;inference;Clean_Air;0;97;0;0,000216087;0.004251628;0.005109607;-0.002557775;-0,010004616;-0.012268128;-0.020549256;-0.026663935;
2026-07-30T04:32:53.755Z;1001;inference;Clean_Air;0;97;0;0,000216087;0.004251628;0.005109607;-0.002557775;-0,010004616;-0.012268128;-0.020549256;-0.026663935;
2026-07-30T04:32:54.258Z;1001;inference;Clean_Air;0;97;0;0,000216087;0.004251628;0.005109607;-0.002557775;-0,010004616;-0.012268128;-0.020549256;-0.026663935;
2026-07-30T04:32:54.759Z;1001;inference;Clean_Air;0;97;0;0,000216087;0.004251628;0.005109607;-0.002557775;-0,010004616;-0.012268128;-0.020549256;-0.026663935;
2026-07-30T04:32:55.290Z;1001;inference;Clean_Air;0;97;0;0,000013316;0.0042468;0.005100294;-0.002543897;-0,009971146;-0.012307166;-0.02058553;-0.02666151;
2026-07-30T04:32:55.825Z;1001;inference;Clean_Air;0;97;0;6,94963E-06;0.004249813;0.005101896;-0.002562168;-0,009982714;-0.012294294;-0.020582622;-0.026641404;
2026-07-30T04:32:56.361Z;1001;inference;Clean_Air;0;97;0;0,000012416;0.004186857;0.005121418;-0.002570314;-0,009986718;-0.012281769;-0.020587999;-0.026641896;
2026-07-30T04:32:56.892Z;1001;inference;Clean_Air;0;97;0;2,48929E-06;0.004217285;0.005158343;-0.002567624;-0,009954507;-0.012310555;-0.020614965;-0.026673328;
2026-07-30T04:32:57.274Z;1001;inference;Clean_Air;0;97;0;0,000050124;0.004213718;0.005136358;-0.002567136;-0,009938068;-0.012315771;-0.020623753;-0.026672592;
2026-07-30T04:32:57.798Z;1001;inference;Clean_Air;0;97;0;0,000050124;0.004213718;0.005136358;-0.002567136;-0,009938068;-0.012315771;-0.020623753;-0.026672592;
2026-07-30T04:32:58.276Z;1001;inference;Clean_Air;0;97;0;0,000620963;0.00421628;0.005143305;-0.002564433;-0,009945988;-0.012338225;-0.020624675;-0.026610622;
2026-07-30T04:32:58.803Z;1001;inference;Clean_Air;0;97;0;0,00069109;0.004223099;0.005148209;-0.002560434;-0,009932294;-0.012425045;-0.020596569;-0.02661927;
2026-07-30T04:32:59.387Z;1001;inference;Clean_Air;0;97;0;0,000510844;0.004245087;0.00512275;-0.002567215;-0,009911453;-0.01240472;-0.020610441;-0.026611323;
2026-07-30T04:32:59.918Z;1001;inference;Clean_Air;0;97;0;-0,00014217;0.004238185;0.00511969;-0.002523183;-0,009914335;-0.012382523;-0.020598998;-0.026584661;
2026-07-30T04:33:00.405Z;1001;inference;Clean_Air;0;97;0;-0,000175725;0.004216151;0.005129116;-0.002547644;-0,009927328;-0.012367032;-0.020588322;-0.026574668;
2026-07-30T04:33:00.782Z;1001;inference;Clean_Air;0;97;0;-0,000160674;0.004203469;0.005130154;-0.002535804;-0,009945202;-0.012369386;-0.020522233;-0.02657241;
2026-07-30T04:33:01.303Z;1001;inference;Clean_Air;0;97;0;-0,000160674;0.004203469;0.005130154;-0.002535804;-0,009945202;-0.012369386;-0.020522233;-0.02657241;
2026-07-30T04:33:01.779Z;1001;inference;Clean_Air;0;97;0;0,000199737;0.004209419;0.005148279;-0.002534772;-0,009914997;-0.012350651;-0.020555617;-0.026593765;
2026-07-30T04:33:02.308Z;1001;inference;Clean_Air;0;97;0;0,000684143;0.004264865;0.005140253;-0.00250355;-0,009927006;-0.012337616;-0.020554278;-0.02658535;
2026-07-30T04:33:02.836Z;1001;inference;Clean_Air;0;97;0;0,000745486;0.004242979;0.005123443;-0.002492874;-0,009950303;-0.012353018;-0.020534819;-0.026586419;
2026-07-30T04:33:03.355Z;1001;inference;Clean_Air;0;97;0;0,000680803;0.004245262;0.005148441;-0.002491734;-0,009982156;-0.012385672;-0.020553999;-0.026550949;
2026-07-30T04:33:03.784Z;1001;inference;Clean_Air;0;97;0;0,000680803;0.004245262;0.005148441;-0.002491734;-0,009982156;-0.012385672;-0.020553999;-0.026550949;
2026-07-30T04:33:04.256Z;1001;inference;Clean_Air;0;97;0;0,000680803;0.004245262;0.005148441;-0.002491734;-0,009982156;-0.012385672;-0.020553999;-0.026550949;
2026-07-30T04:33:04.760Z;1001;inference;Clean_Air;0;97;0;0,000680803;0.004245262;0.005148441;-0.002491734;-0,009982156;-0.012385672;-0.020553999;-0.026550949;
2026-07-30T04:33:05.260Z;1001;inference;Clean_Air;0;97;0;0,000680803;0.004245262;0.005148441;-0.002491734;-0,009982156;-0.012385672;-0.020553999;-0.026550949;
2026-07-30T04:33:05.784Z;1001;inference;Clean_Air;0;97;0;0,000213886;0.004237049;0.005121504;-0.002478791;-0,009999954;-0.01237982;-0.020585777;-0.026589027;
2026-07-30T04:33:06.310Z;1001;inference;Clean_Air;0;97;0;0,000165979;0.004300325;0.005108947;-0.002479887;-0,010011694;-0.012371985;-0.020600911;-0.026572267;
2026-07-30T04:33:06.843Z;1001;inference;Clean_Air;0;97;0;0,000104246;0.004286827;0.005138273;-0.002485489;-0,01001993;-0.012367019;-0.020597633;-0.026589144;
2026-07-30T04:33:07.373Z;1001;inference;Clean_Air;0;97;0;0,000107506;0.004219975;0.005141451;-0.002547844;-0,010010146;-0.012364871;-0.020614967;-0.02661108;
2026-07-30T04:33:07.905Z;1001;inference;Clean_Air;0;97;0;0,000102508;0.004213823;0.005125816;-0.002540631;-0,00999459;-0.012370273;-0.020601952;-0.026608277;
2026-07-30T04:33:08.435Z;1001;inference;Clean_Air;0;97;0;0,000117239;0.00421662;0.005121643;-0.002523649;-0,009999086;-0.012356092;-0.020633072;-0.026587646;
2026-07-30T04:33:08.818Z;1001;inference;Clean_Air;0;97;0;-0,000231968;0.004204706;0.005103875;-0.002466026;-0,010024749;-0.012363352;-0.020599853;-0.026577856;
2026-07-30T04:33:09.341Z;1001;inference;Clean_Air;0;97;0;-0,000231968;0.004204706;0.005103875;-0.002466026;-0,010024749;-0.012363352;-0.020599853;-0.026577856;
2026-07-30T04:33:09.822Z;1001;inference;Clean_Air;0;97;0;-0,000701522;0.004142027;0.005032235;-0.002416117;-0,009997327;-0.012316538;-0.020578314;-0.026578153;
2026-07-30T04:33:10.361Z;1001;inference;Clean_Air;0;97;0;-0,000765053;0.004140425;0.005040816;-0.002453808;-0,010026487;-0.01232163;-0.020571461;-0.026568478;
2026-07-30T04:33:10.889Z;1001;inference;Clean_Air;0;97;0;-0,000756456;0.004120243;0.005058263;-0.002459999;-0,010024936;-0.012289521;-0.020547094;-0.026611928;
2026-07-30T04:33:11.285Z;1001;inference;Clean_Air;0;97;0;-0,000881203;0.004089341;0.005079451;-0.002473991;-0,010038244;-0.012271076;-0.020499922;-0.026614651;
2026-07-30T04:33:11.808Z;1001;inference;Clean_Air;0;97;0;-0,000881203;0.004089341;0.005079451;-0.002473991;-0,010038244;-0.012271076;-0.020499922;-0.026614651;
2026-07-30T04:33:12.288Z;1001;inference;Clean_Air;0;97;0;-0,000895463;0.004054918;0.005076912;-0.002457398;-0,01004929;-0.012234153;-0.020518608;-0.026624944;
2026-07-30T04:33:12.821Z;1001;inference;Clean_Air;0;97;0;-0,000889308;0.004008598;0.005046203;-0.002473147;-0,010066739;-0.012277653;-0.020512681;-0.026621982;
2026-07-30T04:33:13.345Z;1001;inference;Clean_Air;0;97;0;-0,000887114;0.004044479;0.005041503;-0.00247826;-0,010069909;-0.0122829;-0.020492047;-0.026625564;
2026-07-30T04:33:13.883Z;1001;inference;Clean_Air;0;97;0;-0,000868183;0.004043027;0.005067703;-0.002474001;-0,010103854;-0.012279377;-0.020513956;-0.026648944;
2026-07-30T04:33:14.279Z;1001;inference;Clean_Air;0;97;0;-0,000868183;0.004043027;0.005067703;-0.002474001;-0,010103854;-0.012279377;-0.020513956;-0.026648944;
2026-07-30T04:33:14.759Z;1001;inference;Clean_Air;0;97;0;-0,000868183;0.004043027;0.005067703;-0.002474001;-0,010103854;-0.012279377;-0.020513956;-0.026648944;
2026-07-30T04:33:15.262Z;1001;inference;Clean_Air;0;97;0;-0,000868183;0.004043027;0.005067703;-0.002474001;-0,010103854;-0.012279377;-0.020513956;-0.026648944;
2026-07-30T04:33:15.767Z;1001;inference;Clean_Air;0;97;0;-0,000868183;0.004043027;0.005067703;-0.002474001;-0,010103854;-0.012279377;-0.020513956;-0.026648944;
2026-07-30T04:33:16.320Z;1001;inference;Clean_Air;0;97;0;-0,000860405;0.004002633;0.005082132;-0.002500363;-0,010125794;-0.012291178;-0.020523269;-0.026630655;
2026-07-30T04:33:16.848Z;1001;inference;Clean_Air;0;97;0;-0,000879907;0.004001462;0.005091947;-0.002571328;-0,010097871;-0.012313381;-0.020504365;-0.026620064;
2026-07-30T04:33:17.387Z;1001;inference;Clean_Air;0;97;0;-0,00090771;0.004066003;0.005163914;-0.0026771;-0,010106426;-0.012385432;-0.020508382;-0.026589166;
2026-07-30T04:33:17.926Z;1001;inference;Clean_Air;0;97;0;-0,00090886;0.004080719;0.005158938;-0.002689309;-0,010080606;-0.012377051;-0.020508364;-0.026594844;
2026-07-30T04:33:18.311Z;1001;inference;Clean_Air;0;97;0;-0,000918708;0.004062702;0.005156636;-0.002675008;-0,010059518;-0.012354971;-0.020511735;-0.026583135;
2026-07-30T04:33:18.842Z;1001;inference;Clean_Air;0;97;0;-0,000918708;0.004062702;0.005156636;-0.002675008;-0,010059518;-0.012354971;-0.020511735;-0.026583135;
2026-07-30T04:33:19.323Z;1001;inference;Clean_Air;0;97;0;-0,000916792;0.004102833;0.005140266;-0.002714982;-0,010048767;-0.012399946;-0.020537574;-0.026573062;
2026-07-30T04:33:19.858Z;1001;inference;Clean_Air;0;97;0;-0,000906519;0.00409646;0.005164607;-0.002722831;-0,01006295;-0.012444851;-0.020515243;-0.026552599;
2026-07-30T04:33:20.387Z;1001;inference;Clean_Air;0;98;0;-0,000925485;0.004162249;0.005218221;-0.002703548;-0,010062457;-0.012411575;-0.020495286;-0.026557937;
2026-07-30T04:33:20.776Z;1001;inference;Clean_Air;0;98;0;-0,00095044;0.004142102;0.00521477;-0.002701598;-0,010062009;-0.012319067;-0.020496314;-0.026544731;
2026-07-30T04:33:21.298Z;1001;inference;Clean_Air;0;98;0;-0,00095044;0.004142102;0.00521477;-0.002701598;-0,010062009;-0.012319067;-0.020496314;-0.026544731;
2026-07-30T04:33:21.772Z;1001;inference;Clean_Air;0;98;0;-0,000951022;0.004141287;0.0052165;-0.002711101;-0,01003894;-0.012310763;-0.020496409;-0.026531393;
2026-07-30T04:33:22.313Z;1001;inference;Clean_Air;0;98;0;-0,000950374;0.004240024;0.005216995;-0.002690917;-0,01003855;-0.012291206;-0.020490602;-0.026569281;
2026-07-30T04:33:22.848Z;1001;inference;Clean_Air;0;97;0;-0,000941752;0.004260277;0.005198949;-0.002679193;-0,010082543;-0.012286391;-0.020518651;-0.026581421;
2026-07-30T04:33:23.393Z;1001;inference;Clean_Air;0;98;0;-0,00091756;0.004262967;0.005223016;-0.002607839;-0,010094822;-0.012257469;-0.020595135;-0.026605159;
2026-07-30T04:33:23.875Z;1001;inference;Clean_Air;0;98;0;-0,000915937;0.004202902;0.005213036;-0.002561438;-0,010102842;-0.01226362;-0.020585846;-0.026579201;
2026-07-30T04:33:24.291Z;1001;inference;Clean_Air;0;98;0;-0,000915937;0.004202902;0.005213036;-0.002561438;-0,010102842;-0.01226362;-0.020585846;-0.026579201;
2026-07-30T04:33:24.763Z;1001;inference;Clean_Air;0;98;0;-0,000915937;0.004202902;0.005213036;-0.002561438;-0,010102842;-0.01226362;-0.020585846;-0.026579201;
2026-07-30T04:33:25.263Z;1001;inference;Clean_Air;0;98;0;-0,000915937;0.004202902;0.005213036;-0.002561438;-0,010102842;-0.01226362;-0.020585846;-0.026579201;
2026-07-30T04:33:25.767Z;1001;inference;Clean_Air;0;98;0;-0,000915937;0.004202902;0.005213036;-0.002561438;-0,010102842;-0.01226362;-0.020585846;-0.026579201;
2026-07-30T04:33:26.308Z;1001;inference;Clean_Air;0;97;0;-0,000910064;0.004224087;0.005209728;-0.002568789;-0,010115294;-0.012274327;-0.020556644;-0.026585797;
2026-07-30T04:33:26.891Z;1001;inference;Clean_Air;0;98;0;-0,000896642;0.004224723;0.005246132;-0.002514056;-0,01012592;-0.01224244;-0.020557219;-0.026588898;
2026-07-30T04:33:27.426Z;1001;inference;Clean_Air;0;97;0;-0,000883053;0.004222664;0.005208821;-0.00251579;-0,010077852;-0.012244202;-0.020582272;-0.026582306;
2026-07-30T04:33:27.912Z;1001;inference;Clean_Air;0;97;0;-0,000858932;0.004211563;0.005188433;-0.002561872;-0,010055677;-0.012262799;-0.020595588;-0.026573872;
2026-07-30T04:33:28.300Z;1001;inference;Clean_Air;0;97;0;-0,000827328;0.004248027;0.005180515;-0.002559304;-0,010051883;-0.012341883;-0.020616738;-0.026596259;
2026-07-30T04:33:28.833Z;1001;inference;Clean_Air;0;97;0;-0,000827328;0.004248027;0.005180515;-0.002559304;-0,010051883;-0.012341883;-0.020616738;-0.026596259;
2026-07-30T04:33:29.311Z;1001;inference;Clean_Air;0;97;0;-0,000858488;0.004264142;0.005151802;-0.002539153;-0,010067819;-0.012346818;-0.02060372;-0.026611865;
2026-07-30T04:33:29.856Z;1001;inference;Clean_Air;0;97;0;-0,000874599;0.004216298;0.005143474;-0.00259621;-0,010067469;-0.012293767;-0.020609837;-0.026677513;
2026-07-30T04:33:30.391Z;1001;inference;Clean_Air;0;97;0;-0,000872141;0.004186064;0.005167576;-0.002633071;-0,010050485;-0.012283901;-0.020615;-0.02668496;
2026-07-30T04:33:30.920Z;1001;inference;Clean_Air;0;97;0;-0,00087452;0.004189883;0.005136029;-0.002660702;-0,009964824;-0.012299174;-0.02052079;-0.02668486;
2026-07-30T04:33:31.296Z;1001;inference;Clean_Air;0;97;0;-0,000866541;0.004296524;0.005138319;-0.002589589;-0,009970136;-0.012307174;-0.020545848;-0.026693514;
2026-07-30T04:33:31.776Z;1001;inference;Clean_Air;0;97;0;-0,000866541;0.004296524;0.005138319;-0.002589589;-0,009970136;-0.012307174;-0.020545848;-0.026693514;
2026-07-30T04:33:32.319Z;1001;inference;Clean_Air;0;97;0;-0,000863385;0.004290233;0.005132527;-0.002569127;-0,009979437;-0.012301258;-0.020584825;-0.02669828;
2026-07-30T04:33:32.843Z;1001;inference;Clean_Air;0;97;0;-0,000870743;0.00429475;0.005130559;-0.002571964;-0,009968947;-0.012351349;-0.020594444;-0.026663747;
2026-07-30T04:33:33.399Z;1001;inference;Clean_Air;0;97;0;-0,000908204;0.004300207;0.005147445;-0.002562231;-0,010003558;-0.012279687;-0.02056508;-0.026761156;
2026-07-30T04:33:33.880Z;1001;inference;Clean_Air;0;97;0;-0,000917569;0.004297328;0.005141223;-0.002528633;-0,010013749;-0.012269041;-0.020569708;-0.02672698;
2026-07-30T04:33:34.291Z;1001;inference;Clean_Air;0;97;0;-0,000917569;0.004297328;0.005141223;-0.002528633;-0,010013749;-0.012269041;-0.020569708;-0.02672698;
2026-07-30T04:33:34.756Z;1001;inference;Clean_Air;0;97;0;-0,000917569;0.004297328;0.005141223;-0.002528633;-0,010013749;-0.012269041;-0.020569708;-0.02672698;
2026-07-30T04:33:35.258Z;1001;inference;Clean_Air;0;97;0;-0,000917569;0.004297328;0.005141223;-0.002528633;-0,010013749;-0.012269041;-0.020569708;-0.02672698;
2026-07-30T04:33:35.761Z;1001;inference;Clean_Air;0;97;0;-0,000917569;0.004297328;0.005141223;-0.002528633;-0,010013749;-0.012269041;-0.020569708;-0.02672698;
2026-07-30T04:33:36.298Z;1001;inference;Clean_Air;0;97;0;-0,000932682;0.004256167;0.005153638;-0.002580414;-0,01002459;-0.012279657;-0.020548286;-0.026699061;
2026-07-30T04:33:36.831Z;1001;inference;Clean_Air;0;97;0;-0,000920801;0.004287801;0.00515925;-0.002582439;-0,010005632;-0.01227311;-0.020539572;-0.026690509;
2026-07-30T04:33:37.369Z;1001;inference;Clean_Air;0;97;0;-0,000932344;0.004276868;0.005163678;-0.002479343;-0,009990847;-0.012367593;-0.020549301;-0.026609611;
2026-07-30T04:33:37.897Z;1001;inference;Clean_Air;0;97;0;-0,00092226;0.004285053;0.005165289;-0.002434568;-0,009992396;-0.012331684;-0.020553306;-0.026612233;
2026-07-30T04:33:38.282Z;1001;inference;Clean_Air;0;97;0;-0,000921965;0.004259431;0.0051646;-0.002441424;-0,010058578;-0.012274774;-0.020593371;-0.026610052;
2026-07-30T04:33:38.804Z;1001;inference;Clean_Air;0;97;0;-0,000921965;0.004259431;0.0051646;-0.002441424;-0,010058578;-0.012274774;-0.020593371;-0.026610052;
2026-07-30T04:33:39.278Z;1001;inference;Clean_Air;0;97;0;-0,000939425;0.004200366;0.005174852;-0.002506441;-0,010046596;-0.012266352;-0.020547291;-0.026576672;
2026-07-30T04:33:39.830Z;1001;inference;Clean_Air;0;97;0;-0,000943539;0.004227037;0.005180019;-0.00252839;-0,010022539;-0.012259352;-0.020599702;-0.026531359;
2026-07-30T04:33:40.356Z;1001;inference;Clean_Air;0;97;0;-0,000942488;0.004166643;0.005166316;-0.00253915;-0,010021271;-0.012174157;-0.020592865;-0.026576653;
2026-07-30T04:33:40.899Z;1001;inference;Clean_Air;0;97;0;-0,000915182;0.004153084;0.00515519;-0.002547009;-0,010011102;-0.012221681;-0.020610388;-0.02655803;
2026-07-30T04:33:41.436Z;1001;inference;Clean_Air;0;97;0;-0,000919509;0.004145098;0.005161466;-0.002534723;-0,010017233;-0.012203176;-0.020613614;-0.026584353;
2026-07-30T04:33:41.829Z;1001;inference;Clean_Air;0;97;0;-0,000903006;0.004209103;0.005141801;-0.002497979;-0,010007158;-0.012193591;-0.020645561;-0.026602704;
2026-07-30T04:33:42.359Z;1001;inference;Clean_Air;0;97;0;-0,000903006;0.004209103;0.005141801;-0.002497979;-0,010007158;-0.012193591;-0.020645561;-0.026602704;
2026-07-30T04:33:42.837Z;1001;inference;Clean_Air;0;97;0;-0,00090719;0.004192707;0.005149999;-0.002505863;-0,010020633;-0.012193266;-0.020670321;-0.026611697;
2026-07-30T04:33:43.386Z;1001;inference;Clean_Air;0;97;0;-0,000911185;0.004250348;0.005144435;-0.002563715;-0,010010582;-0.012155684;-0.020659573;-0.026657421;
2026-07-30T04:33:43.915Z;1001;inference;Clean_Air;0;97;0;-0,000930349;0.004263428;0.005134162;-0.002559677;-0,010005308;-0.012185348;-0.020661669;-0.02666549;
2026-07-30T04:33:44.456Z;1001;inference;Clean_Air;0;97;0;-0,000938287;0.004297325;0.005146251;-0.002546209;-0,010020417;-0.012239385;-0.020677004;-0.026668841;
2026-07-30T04:33:44.783Z;1001;inference;Clean_Air;0;97;0;-0,000938287;0.004297325;0.005146251;-0.002546209;-0,010020417;-0.012239385;-0.020677004;-0.026668841;
2026-07-30T04:33:45.305Z;1001;inference;Clean_Air;0;97;0;-0,000938287;0.004297325;0.005146251;-0.002546209;-0,010020417;-0.012239385;-0.020677004;-0.026668841;
2026-07-30T04:33:45.751Z;1001;inference;Clean_Air;0;97;0;-0,000938287;0.004297325;0.005146251;-0.002546209;-0,010020417;-0.012239385;-0.020677004;-0.026668841;
2026-07-30T04:33:46.251Z;1001;inference;Clean_Air;0;97;0;-0,000938287;0.004297325;0.005146251;-0.002546209;-0,010020417;-0.012239385;-0.020677004;-0.026668841;
2026-07-30T04:33:46.822Z;1001;inference;Clean_Air;0;97;0;-0,000952469;0.004304967;0.005137193;-0.002541218;-0,010012961;-0.012243365;-0.020691894;-0.026710859;
2026-07-30T04:33:47.356Z;1001;inference;Clean_Air;0;97;0;-0,000955135;0.004296754;0.005126216;-0.002532707;-0,009996658;-0.012246193;-0.02069569;-0.026765984;
2026-07-30T04:33:47.902Z;1001;inference;Clean_Air;0;97;0;-0,000954817;0.004359898;0.005115144;-0.002531584;-0,009978476;-0.012327149;-0.020692045;-0.02676259;
2026-07-30T04:33:48.433Z;1001;inference;Clean_Air;0;97;0;-0,000963803;0.004424653;0.005119766;-0.002531182;-0,009986077;-0.012323501;-0.02076732;-0.026715148;
2026-07-30T04:33:48.827Z;1001;inference;Clean_Air;0;97;0;-0,000937955;0.004449267;0.005115601;-0.002580881;-0,009979053;-0.01232723;-0.020753434;-0.026719391;
2026-07-30T04:33:49.359Z;1001;inference;Clean_Air;0;97;0;-0,000937955;0.004449267;0.005115601;-0.002580881;-0,009979053;-0.01232723;-0.020753434;-0.026719391;
2026-07-30T04:33:49.833Z;1001;inference;Clean_Air;0;97;0;-0,000961963;0.004427434;0.005105629;-0.002548569;-0,009988981;-0.012327527;-0.020743208;-0.026729092;
2026-07-30T04:33:50.373Z;1001;inference;Clean_Air;0;97;0;-0,000947712;0.00441654;0.005114135;-0.002567137;-0,009979544;-0.012309442;-0.02073581;-0.026732782;
2026-07-30T04:33:50.911Z;1001;inference;Clean_Air;0;97;0;-0,000938583;0.004375618;0.005128306;-0.002588085;-0,00996968;-0.012321196;-0.020695688;-0.026714485;
2026-07-30T04:33:51.287Z;1001;inference;Clean_Air;0;97;0;-0,000932238;0.004308675;0.005106324;-0.002610959;-0,00998313;-0.012369567;-0.02067693;-0.026701296;
2026-07-30T04:33:51.815Z;1001;inference;Clean_Air;0;97;0;-0,000932238;0.004308675;0.005106324;-0.002610959;-0,00998313;-0.012369567;-0.02067693;-0.026701296;
2026-07-30T04:33:52.296Z;1001;inference;Clean_Air;0;97;0;-0,000939761;0.004270545;0.005089702;-0.002597561;-0,010010748;-0.012384536;-0.020648638;-0.026690697;
2026-07-30T04:33:52.841Z;1001;inference;Clean_Air;0;97;0;-0,000893287;0.004270564;0.005126091;-0.002610476;-0,01000912;-0.012381521;-0.020679554;-0.026704311;
2026-07-30T04:33:53.379Z;1001;inference;Clean_Air;0;97;0;-0,000892321;0.004273084;0.005146568;-0.002610834;-0,010047152;-0.012384543;-0.020604627;-0.026761558;
2026-07-30T04:33:53.920Z;1001;inference;Clean_Air;0;97;0;-0,00090509;0.004262249;0.005150807;-0.002603846;-0,010077061;-0.012343872;-0.020603362;-0.026753435;
2026-07-30T04:33:54.286Z;1001;inference;Clean_Air;0;97;0;-0,000910728;0.004144073;0.005159428;-0.0025735;-0,01008959;-0.012357094;-0.02051479;-0.026731839;
2026-07-30T04:33:54.762Z;1001;inference;Clean_Air;0;97;0;-0,000910728;0.004144073;0.005159428;-0.0025735;-0,01008959;-0.012357094;-0.02051479;-0.026731839;
2026-07-30T04:33:55.299Z;1001;inference;Clean_Air;0;97;0;-0,000919506;0.004127906;0.005156641;-0.002531521;-0,01009593;-0.012359894;-0.020522866;-0.026732218;
2026-07-30T04:33:55.749Z;1001;inference;Clean_Air;0;97;0;-0,000919506;0.004127906;0.005156641;-0.002531521;-0,01009593;-0.012359894;-0.020522866;-0.026732218;
2026-07-30T04:33:56.250Z;1001;inference;Clean_Air;0;97;0;-0,000919506;0.004127906;0.005156641;-0.002531521;-0,01009593;-0.012359894;-0.020522866;-0.026732218;
2026-07-30T04:33:56.755Z;1001;inference;Clean_Air;0;97;0;-0,000919506;0.004127906;0.005156641;-0.002531521;-0,01009593;-0.012359894;-0.020522866;-0.026732218;
2026-07-30T04:33:57.255Z;1001;inference;Clean_Air;0;97;0;-0,000919506;0.004127906;0.005156641;-0.002531521;-0,01009593;-0.012359894;-0.020522866;-0.026732218;
2026-07-30T04:33:57.807Z;1001;inference;Clean_Air;0;97;0;-0,000919586;0.004114871;0.005175923;-0.00255115;-0,010099374;-0.012347277;-0.020491604;-0.026721206;
2026-07-30T04:33:58.333Z;1001;inference;Clean_Air;0;97;0;-0,000932291;0.00410875;0.005193354;-0.00252993;-0,010105584;-0.012353135;-0.020475486;-0.026720252;
2026-07-30T04:33:58.878Z;1001;inference;Clean_Air;0;97;0;-0,00094214;0.004105044;0.005189996;-0.002507739;-0,010113838;-0.012342235;-0.020512763;-0.026711484;
2026-07-30T04:33:59.410Z;1001;inference;Clean_Air;0;98;0;-0,000952979;0.004153694;0.005216672;-0.002487567;-0,010083528;-0.012293266;-0.020518238;-0.02672958;
2026-07-30T04:33:59.801Z;1001;inference;Clean_Air;0;98;0;-0,000961278;0.004169615;0.005247728;-0.002509851;-0,010056062;-0.012299499;-0.020500975;-0.026736027;
2026-07-30T04:34:00.337Z;1001;inference;Clean_Air;0;98;0;-0,000961278;0.004169615;0.005247728;-0.002509851;-0,010056062;-0.012299499;-0.020500975;-0.026736027;
2026-07-30T04:34:00.808Z;1001;inference;Clean_Air;0;97;0;-0,001010645;0.004163607;0.005205141;-0.002483564;-0,010049561;-0.012280637;-0.020496991;-0.026719119;
2026-07-30T04:34:01.362Z;1001;inference;Clean_Air;0;97;0;-0,001013497;0.004160154;0.005179894;-0.002510246;-0,010046433;-0.012318661;-0.020502428;-0.026645403;
2026-07-30T04:34:01.886Z;1001;inference;Clean_Air;0;97;0;-0,001008836;0.004155468;0.005202193;-0.00250368;-0,010038936;-0.012355306;-0.020499738;-0.026652098;
2026-07-30T04:34:02.289Z;1001;inference;Clean_Air;0;97;0;-0,001028442;0.004270616;0.005190694;-0.002556871;-0,010024517;-0.012384987;-0.02049299;-0.026675422;
2026-07-30T04:34:02.821Z;1001;inference;Clean_Air;0;97;0;-0,001028442;0.004270616;0.005190694;-0.002556871;-0,010024517;-0.012384987;-0.02049299;-0.026675422;
2026-07-30T04:34:03.300Z;1001;inference;Clean_Air;0;97;0;-0,001026143;0.004262675;0.005172006;-0.002546674;-0,009999753;-0.012397336;-0.020492904;-0.026677158;
2026-07-30T04:34:03.845Z;1001;inference;Clean_Air;0;97;0;-0,001032191;0.004306939;0.005193451;-0.002563518;-0,009984399;-0.012400271;-0.020502139;-0.026671672;
2026-07-30T04:34:04.430Z;1001;inference;Clean_Air;0;97;0;-0,00102739;0.004321075;0.005185199;-0.002565745;-0,00996882;-0.012414046;-0.020498255;-0.026670342;
2026-07-30T04:34:05.025Z;1001;inference;Clean_Air;0;97;0;-0,00100772;0.004315541;0.005191409;-0.00256126;-0,009984759;-0.01240308;-0.020508939;-0.026677737;
2026-07-30T04:34:05.402Z;1001;inference;Clean_Air;0;97;0;-0,000998491;0.004383416;0.005189375;-0.002507301;-0,010006526;-0.012408612;-0.020510025;-0.026660269;
2026-07-30T04:34:05.764Z;1001;inference;Clean_Air;0;97;0;-0,000998491;0.004383416;0.005189375;-0.002507301;-0,010006526;-0.012408612;-0.020510025;-0.026660269;
2026-07-30T04:34:06.252Z;1001;inference;Clean_Air;0;97;0;-0,000998491;0.004383416;0.005189375;-0.002507301;-0,010006526;-0.012408612;-0.020510025;-0.026660269;
2026-07-30T04:34:06.757Z;1001;inference;Clean_Air;0;97;0;-0,000998491;0.004383416;0.005189375;-0.002507301;-0,010006526;-0.012408612;-0.020510025;-0.026660269;
2026-07-30T04:34:07.256Z;1001;inference;Clean_Air;0;97;0;-0,000998491;0.004383416;0.005189375;-0.002507301;-0,010006526;-0.012408612;-0.020510025;-0.026660269;
2026-07-30T04:34:07.792Z;1001;inference;Clean_Air;0;97;0;-0,000973997;0.004407322;0.005152468;-0.0024983;-0,010019156;-0.012405739;-0.020506967;-0.026665714;
2026-07-30T04:34:08.320Z;1001;inference;Clean_Air;0;97;0;-0,000958108;0.004425333;0.005172742;-0.002544355;-0,010007485;-0.012472691;-0.020528801;-0.026633617;
2026-07-30T04:34:08.873Z;1001;inference;Clean_Air;0;97;0;-0,000984964;0.004428935;0.005174255;-0.002533892;-0,00997248;-0.012456757;-0.020527044;-0.026639024;
2026-07-30T04:34:09.402Z;1001;inference;Clean_Air;0;97;0;-0,000979243;0.004472287;0.005156496;-0.002535336;-0,009959204;-0.01235086;-0.020532943;-0.026630307;
2026-07-30T04:34:09.794Z;1001;inference;Clean_Air;0;97;0;-0,000964818;0.004429443;0.005153063;-0.002485354;-0,009942031;-0.012290929;-0.020554293;-0.026626933;
2026-07-30T04:34:10.326Z;1001;inference;Clean_Air;0;97;0;-0,000964818;0.004429443;0.005153063;-0.002485354;-0,009942031;-0.012290929;-0.020554293;-0.026626933;
2026-07-30T04:34:10.802Z;1001;inference;Clean_Air;0;97;0;-0,000981989;0.004420972;0.005181126;-0.002492374;-0,009964502;-0.01228998;-0.020552315;-0.026694279;
2026-07-30T04:34:11.351Z;1001;inference;Clean_Air;0;97;0;-0,000967404;0.004453715;0.005185974;-0.002472283;-0,009982043;-0.012278452;-0.020575883;-0.026701888;
2026-07-30T04:34:11.879Z;1001;inference;Clean_Air;0;97;0;-0,000964077;0.004465117;0.005172595;-0.0024932;-0,009971292;-0.012264634;-0.020590328;-0.026716609;
2026-07-30T04:34:12.422Z;1001;inference;Clean_Air;0;97;0;-0,000956554;0.00446728;0.005180856;-0.002489085;-0,009985638;-0.012249285;-0.020579105;-0.026703263;
2026-07-30T04:34:12.798Z;1001;inference;Clean_Air;0;97;0;-0,000944283;0.004422022;0.005197105;-0.002567307;-0,009967615;-0.012235724;-0.020581532;-0.026703855;
2026-07-30T04:34:13.279Z;1001;inference;Clean_Air;0;97;0;-0,000944283;0.004422022;0.005197105;-0.002567307;-0,009967615;-0.012235724;-0.020581532;-0.026703855;
2026-07-30T04:34:13.822Z;1001;inference;Clean_Air;0;97;0;-0,000942123;0.004417579;0.005204619;-0.002576053;-0,009952168;-0.012234194;-0.02061091;-0.026700649;
2026-07-30T04:34:14.361Z;1001;inference;Clean_Air;0;97;0;-0,000948825;0.004402487;0.005198888;-0.00254677;-0,009969391;-0.012185609;-0.020585075;-0.026711756;
2026-07-30T04:34:14.895Z;1001;inference;Clean_Air;0;98;0;-0,000905846;0.00440133;0.005216563;-0.002541624;-0,010015743;-0.01220692;-0.020572057;-0.026718577;
2026-07-30T04:34:15.426Z;1001;inference;Clean_Air;0;98;0;-0,000893868;0.00436632;0.005233034;-0.002557278;-0,009952732;-0.012269245;-0.020562608;-0.026740858;
2026-07-30T04:34:15.963Z;1001;inference;Clean_Air;0;98;0;-0,000909203;0.004363653;0.005244358;-0.002591924;-0,009961394;-0.012300341;-0.020551331;-0.026747208;
2026-07-30T04:34:16.280Z;1001;inference;Clean_Air;0;98;0;-0,000909203;0.004363653;0.005244358;-0.002591924;-0,009961394;-0.012300341;-0.020551331;-0.026747208;
2026-07-30T04:34:16.764Z;1001;inference;Clean_Air;0;98;0;-0,000909203;0.004363653;0.005244358;-0.002591924;-0,009961394;-0.012300341;-0.020551331;-0.026747208;
2026-07-30T04:34:17.263Z;1001;inference;Clean_Air;0;98;0;-0,000909203;0.004363653;0.005244358;-0.002591924;-0,009961394;-0.012300341;-0.020551331;-0.026747208;
2026-07-30T04:34:17.760Z;1001;inference;Clean_Air;0;98;0;-0,000909203;0.004363653;0.005244358;-0.002591924;-0,009961394;-0.012300341;-0.020551331;-0.026747208;
2026-07-30T04:34:18.328Z;1001;inference;Clean_Air;0;98;0;-0,000881854;0.004389006;0.005222275;-0.002608186;-0,009984073;-0.012336778;-0.020552976;-0.026701156;
2026-07-30T04:34:18.858Z;1001;inference;Clean_Air;0;98;0;-0,000855958;0.00431373;0.005218482;-0.002631911;-0,009983851;-0.012342419;-0.020536784;-0.026693264;
2026-07-30T04:34:19.408Z;1001;inference;Clean_Air;0;98;0;-0,000871464;0.004286486;0.005236088;-0.002622481;-0,010008832;-0.012347253;-0.020550232;-0.026691109;
2026-07-30T04:34:19.784Z;1001;inference;Clean_Air;0;97;0;-0,000897104;0.004273911;0.005202024;-0.002638159;-0,010005699;-0.012350308;-0.020556821;-0.026698416;
2026-07-30T04:34:20.255Z;1001;inference;Clean_Air;0;97;0;-0,000897104;0.004273911;0.005202024;-0.002638159;-0,010005699;-0.012350308;-0.020556821;-0.026698416;
2026-07-30T04:34:20.809Z;1001;inference;Clean_Air;0;97;0;-0,000899631;0.004255552;0.005189431;-0.002608029;-0,010002647;-0.012291272;-0.020540506;-0.026698878;
2026-07-30T04:34:21.342Z;1001;inference;Clean_Air;0;97;0;-0,000893349;0.004247217;0.00519675;-0.002618363;-0,010020057;-0.012285892;-0.020550447;-0.026661715;
2026-07-30T04:34:21.887Z;1001;inference;Clean_Air;0;97;0;-0,000867733;0.004247737;0.005174552;-0.002615297;-0,010024952;-0.012291619;-0.020548504;-0.026719565;
2026-07-30T04:34:22.423Z;1001;inference;Clean_Air;0;97;0;-0,000897158;0.004262263;0.005173854;-0.002612287;-0,009997662;-0.012244521;-0.020628888;-0.026709605;
2026-07-30T04:34:22.812Z;1001;inference;Clean_Air;0;97;0;-0,000881609;0.004264349;0.005183511;-0.002599136;-0,010072392;-0.012241459;-0.020654244;-0.026704241;
2026-07-30T04:34:23.346Z;1001;inference;Clean_Air;0;97;0;-0,000881609;0.004264349;0.005183511;-0.002599136;-0,010072392;-0.012241459;-0.020654244;-0.026704241;
2026-07-30T04:34:23.825Z;1001;inference;Clean_Air;0;97;0;-0,000871902;0.004228577;0.00517669;-0.002597649;-0,010068255;-0.012238909;-0.020666175;-0.026703428;
2026-07-30T04:34:24.370Z;1001;inference;Clean_Air;0;97;0;-0,000895078;0.00422953;0.005182858;-0.002578704;-0,010039902;-0.012130898;-0.020648476;-0.026661474;
2026-07-30T04:34:24.906Z;1001;inference;Clean_Air;0;97;0;-0,000897854;0.004248607;0.005171663;-0.002557863;-0,010014759;-0.01212831;-0.020651069;-0.026678275;
2026-07-30T04:34:25.294Z;1001;inference;Clean_Air;0;97;0;-0,000894658;0.004269742;0.005175258;-0.002550036;-0,010015886;-0.012162387;-0.020649709;-0.026665121;
2026-07-30T04:34:25.931Z;1001;inference;Clean_Air;0;97;0;-0,000894658;0.004269742;0.005175258;-0.002550036;-0,010015886;-0.012162387;-0.020649709;-0.026665121;
2026-07-30T04:34:26.290Z;1001;inference;Clean_Air;0;97;0;-0,000875522;0.004286115;0.005184263;-0.002524314;-0,009987;-0.012188161;-0.02066607;-0.026652763;
2026-07-30T04:34:26.763Z;1001;inference;Clean_Air;0;97;0;-0,000875522;0.004286115;0.005184263;-0.002524314;-0,009987;-0.012188161;-0.02066607;-0.026652763;
2026-07-30T04:34:27.261Z;1001;inference;Clean_Air;0;97;0;-0,000875522;0.004286115;0.005184263;-0.002524314;-0,009987;-0.012188161;-0.02066607;-0.026652763;
2026-07-30T04:34:27.762Z;1001;inference;Clean_Air;0;97;0;-0,000875522;0.004286115;0.005184263;-0.002524314;-0,009987;-0.012188161;-0.02066607;-0.026652763;
2026-07-30T04:34:28.316Z;1001;inference;Clean_Air;0;97;0;-0,000875522;0.004286115;0.005184263;-0.002524314;-0,009987;-0.012188161;-0.02066607;-0.026652763;
2026-07-30T04:34:28.849Z;1001;inference;Clean_Air;0;97;0;-0,000874014;0.004312206;0.005165709;-0.002549009;-0,009988296;-0.012270833;-0.020681221;-0.026626509;
2026-07-30T04:34:29.329Z;1001;inference;Clean_Air;0;97;0;-0,000901589;0.004312614;0.0051632;-0.002539787;-0,009980223;-0.012268625;-0.020670123;-0.026685193;
2026-07-30T04:34:29.861Z;1001;inference;Clean_Air;0;97;0;-0,000917985;0.004318603;0.005182912;-0.002553059;-0,009978777;-0.012254214;-0.02066187;-0.026633238;
2026-07-30T04:34:30.386Z;1001;inference;Clean_Air;0;97;0;-0,000908453;0.004298803;0.005164442;-0.002557406;-0,009971576;-0.012254672;-0.020603949;-0.026599918;
2026-07-30T04:34:30.784Z;1001;inference;Clean_Air;0;97;0;-0,000928638;0.004294743;0.005160104;-0.00257453;-0,009961079;-0.012250684;-0.020606492;-0.026596854;
2026-07-30T04:34:31.315Z;1001;inference;Clean_Air;0;97;0;-0,000928638;0.004294743;0.005160104;-0.00257453;-0,009961079;-0.012250684;-0.020606492;-0.026596854;
2026-07-30T04:34:31.788Z;1001;inference;Clean_Air;0;97;0;-0,000939404;0.004330076;0.00516847;-0.002562394;-0,009971523;-0.012249021;-0.020593038;-0.026598653;
2026-07-30T04:34:32.328Z;1001;inference;Clean_Air;0;97;0;-0,000929334;0.004340658;0.005200857;-0.002547045;-0,009980485;-0.012321;-0.020607933;-0.026616758;
2026-07-30T04:34:32.859Z;1001;inference;Clean_Air;0;97;0;-0,000941943;0.004337498;0.005189057;-0.002539682;-0,00995093;-0.01232414;-0.020616505;-0.026611039;
2026-07-30T04:34:33.407Z;1001;inference;Clean_Air;0;97;0;-0,000930907;0.004333366;0.005177794;-0.002545526;-0,009960739;-0.012311337;-0.020615976;-0.026593402;
2026-07-30T04:34:33.783Z;1001;inference;Clean_Air;0;97;0;-0,000943145;0.004332507;0.005196963;-0.002586821;-0,009969472;-0.012314531;-0.020600172;-0.026593048;
2026-07-30T04:34:34.258Z;1001;inference;Clean_Air;0;97;0;-0,000943145;0.004332507;0.005196963;-0.002586821;-0,009969472;-0.012314531;-0.020600172;-0.026593048;
2026-07-30T04:34:34.808Z;1001;inference;Clean_Air;0;98;0;-0,001041435;0.004364248;0.005228269;-0.002574294;-0,009982148;-0.012341926;-0.020570274;-0.026602995;
2026-07-30T04:34:35.343Z;1001;inference;Clean_Air;0;98;0;-0,001034756;0.004346373;0.005225572;-0.002610689;-0,009965708;-0.012340673;-0.02056488;-0.026597908;
2026-07-30T04:34:35.887Z;1001;inference;Clean_Air;0;98;0;-0,001046704;0.004330525;0.005238588;-0.002615673;-0,009968768;-0.012372123;-0.020570066;-0.026673773;
2026-07-30T04:34:36.368Z;1001;inference;Clean_Air;0;98;0;-0,001053205;0.004383604;0.005251907;-0.00265349;-0,009978392;-0.012390168;-0.020553077;-0.026730875;
2026-07-30T04:34:36.795Z;1001;inference;Clean_Air;0;98;0;-0,001053205;0.004383604;0.005251907;-0.00265349;-0,009978392;-0.012390168;-0.020553077;-0.026730875;
2026-07-30T04:34:37.272Z;1001;inference;Clean_Air;0;98;0;-0,001053205;0.004383604;0.005251907;-0.00265349;-0,009978392;-0.012390168;-0.020553077;-0.026730875;
2026-07-30T04:34:37.753Z;1001;inference;Clean_Air;0;98;0;-0,001053205;0.004383604;0.005251907;-0.00265349;-0,009978392;-0.012390168;-0.020553077;-0.026730875;
2026-07-30T04:34:38.255Z;1001;inference;Clean_Air;0;98;0;-0,001053205;0.004383604;0.005251907;-0.00265349;-0,009978392;-0.012390168;-0.020553077;-0.026730875;
2026-07-30T04:34:38.807Z;1001;inference;Clean_Air;0;98;0;-0,001047343;0.004389133;0.005254058;-0.002664899;-0,009987092;-0.012445281;-0.020549033;-0.026742291;
2026-07-30T04:34:39.336Z;1001;inference;Clean_Air;0;98;0;-0,001019301;0.004403128;0.005237824;-0.002677937;-0,009960687;-0.012458077;-0.020572392;-0.02672933;
2026-07-30T04:34:39.885Z;1001;inference;Clean_Air;0;98;0;-0,001023226;0.004394972;0.005225997;-0.002688756;-0,009955499;-0.012429405;-0.020577066;-0.026744504;
2026-07-30T04:34:40.418Z;1001;inference;Clean_Air;0;98;0;-0,00103296;0.004338482;0.005314877;-0.002744816;-0,009993931;-0.012481527;-0.020637307;-0.026721317;
2026-07-30T04:34:40.810Z;1001;inference;Clean_Air;0;98;0;-0,001035054;0.004269359;0.005305987;-0.002752223;-0,009971595;-0.012469737;-0.020626541;-0.026735192;
2026-07-30T04:34:41.341Z;1001;inference;Clean_Air;0;98;0;-0,001035054;0.004269359;0.005305987;-0.002752223;-0,009971595;-0.012469737;-0.020626541;-0.026735192;
2026-07-30T04:34:41.817Z;1001;inference;Clean_Air;0;98;0;-0,001026064;0.004263686;0.005307864;-0.002727955;-0,009981853;-0.012433802;-0.020605445;-0.026811216;
2026-07-30T04:34:42.369Z;1001;inference;Clean_Air;0;98;0;-0,000937802;0.004206066;0.005276137;-0.00274723;-0,009973845;-0.012393085;-0.020590086;-0.026830932;
2026-07-30T04:34:42.898Z;1001;inference;Clean_Air;0;98;0;-0,000929271;0.00422782;0.005297549;-0.002686286;-0,009990303;-0.012407698;-0.020591406;-0.026817122;
2026-07-30T04:34:43.292Z;1001;inference;Clean_Air;0;98;0;-0,000914893;0.004267744;0.005266453;-0.002612846;-0,010008647;-0.012390007;-0.02060299;-0.026760956;
2026-07-30T04:34:43.828Z;1001;inference;Clean_Air;0;98;0;-0,000914893;0.004267744;0.005266453;-0.002612846;-0,010008647;-0.012390007;-0.02060299;-0.026760956;
2026-07-30T04:34:44.309Z;1001;inference;Clean_Air;0;98;0;-0,000895876;0.004202877;0.005263831;-0.002577346;-0,009995098;-0.012381973;-0.020610983;-0.026736572;
2026-07-30T04:34:44.845Z;1001;inference;Clean_Air;0;98;0;-0,000898787;0.004150942;0.00525197;-0.002483646;-0,009996068;-0.01232713;-0.020581033;-0.026738226;
2026-07-30T04:34:45.373Z;1001;inference;Clean_Air;0;98;0;-0,000912537;0.00410278;0.005270707;-0.002520588;-0,010027469;-0.012313485;-0.020645391;-0.026743334;
2026-07-30T04:34:45.924Z;1001;inference;Clean_Air;0;98;0;-0,000907996;0.004095176;0.005275537;-0.002541438;-0,010047453;-0.012342269;-0.020621212;-0.026725734;
2026-07-30T04:34:46.401Z;1001;inference;Clean_Air;0;98;0;-0,000898372;0.004159234;0.005212671;-0.002504152;-0,010047281;-0.012234316;-0.020550389;-0.026800457;
2026-07-30T04:34:46.792Z;1001;inference;Clean_Air;0;98;0;-0,000898372;0.004159234;0.005212671;-0.002504152;-0,010047281;-0.012234316;-0.020550389;-0.026800457;
2026-07-30T04:34:47.262Z;1001;inference;Clean_Air;0;98;0;-0,000898372;0.004159234;0.005212671;-0.002504152;-0,010047281;-0.012234316;-0.020550389;-0.026800457;
2026-07-30T04:34:47.765Z;1001;inference;Clean_Air;0;98;0;-0,000898372;0.004159234;0.005212671;-0.002504152;-0,010047281;-0.012234316;-0.020550389;-0.026800457;
2026-07-30T04:34:48.263Z;1001;inference;Clean_Air;0;98;0;-0,000898372;0.004159234;0.005212671;-0.002504152;-0,010047281;-0.012234316;-0.020550389;-0.026800457;
2026-07-30T04:34:48.811Z;1001;inference;Clean_Air;0;98;0;-0,000900193;0.004218322;0.005223596;-0.002491334;-0,010062766;-0.01222002;-0.020553079;-0.026796782;
2026-07-30T04:34:49.342Z;1001;inference;Clean_Air;0;97;0;-0,000916481;0.004228101;0.005208012;-0.002502923;-0,010067981;-0.012184558;-0.020572681;-0.026801711;
2026-07-30T04:34:49.879Z;1001;inference;Clean_Air;0;98;0;-0,00092927;0.004257516;0.005230094;-0.0024914;-0,010070516;-0.012179907;-0.020635501;-0.02675353;
2026-07-30T04:34:50.411Z;1001;inference;Clean_Air;0;98;0;-0,000944795;0.004257236;0.005214776;-0.002518692;-0,010078941;-0.012170905;-0.020638647;-0.026748281;
2026-07-30T04:34:50.803Z;1001;inference;Clean_Air;0;98;0;-0,000941004;0.004281054;0.00523505;-0.002587663;-0,010054839;-0.012171587;-0.020634219;-0.026758561;
2026-07-30T04:34:51.337Z;1001;inference;Clean_Air;0;98;0;-0,000941004;0.004281054;0.00523505;-0.002587663;-0,010054839;-0.012171587;-0.020634219;-0.026758561;
2026-07-30T04:34:51.810Z;1001;inference;Clean_Air;0;98;0;-0,000960876;0.004307462;0.005243531;-0.002578316;-0,01004906;-0.012172487;-0.020629484;-0.026784077;
2026-07-30T04:34:52.350Z;1001;inference;Clean_Air;0;98;0;-0,000965187;0.0043507;0.005224828;-0.002649369;-0,010041182;-0.012181425;-0.020626785;-0.026733363;
2026-07-30T04:34:52.877Z;1001;inference;Clean_Air;0;98;0;-0,000960465;0.004388582;0.005227921;-0.002599797;-0,010030797;-0.012186985;-0.020560063;-0.026692221;
2026-07-30T04:34:53.272Z;1001;inference;Clean_Air;0;97;0;-0,000943296;0.004391323;0.005200232;-0.002583752;-0,010009074;-0.012177646;-0.020585416;-0.026724318;
2026-07-30T04:34:53.809Z;1001;inference;Clean_Air;0;97;0;-0,000943296;0.004391323;0.005200232;-0.002583752;-0,010009074;-0.012177646;-0.020585416;-0.026724318;
2026-07-30T04:34:54.288Z;1001;inference;Clean_Air;0;97;0;-0,000953364;0.00440326;0.005175173;-0.002573551;-0,010014663;-0.012253073;-0.020575233;-0.026718449;
2026-07-30T04:34:54.831Z;1001;inference;Clean_Air;0;97;0;-0,000951738;0.004406798;0.00515015;-0.002553877;-0,010017274;-0.012269253;-0.020583279;-0.02672239;
2026-07-30T04:34:55.365Z;1001;inference;Clean_Air;0;97;0;-0,000944685;0.004384388;0.005143273;-0.002550714;-0,010023207;-0.012343371;-0.020581124;-0.026675422;
2026-07-30T04:34:55.909Z;1001;inference;Clean_Air;0;97;0;-0,000909134;0.004396996;0.00510935;-0.002543064;-0,010020358;-0.012356881;-0.020555886;-0.026716843;
2026-07-30T04:34:56.285Z;1001;inference;Clean_Air;0;97;0;-0,000876686;0.004384296;0.005119122;-0.002540228;-0,010001751;-0.012295599;-0.020549353;-0.026781876;
2026-07-30T04:34:56.762Z;1001;inference;Clean_Air;0;97;0;-0,000876686;0.004384296;0.005119122;-0.002540228;-0,010001751;-0.012295599;-0.020549353;-0.026781876;
2026-07-30T04:34:57.299Z;1001;inference;Clean_Air;0;97;0;-0,000891441;0.004388225;0.005122921;-0.002528207;-0,010021108;-0.012303642;-0.020526323;-0.026840348;
2026-07-30T04:34:57.751Z;1001;inference;Clean_Air;0;97;0;-0,000891441;0.004388225;0.005122921;-0.002528207;-0,010021108;-0.012303642;-0.020526323;-0.026840348;
2026-07-30T04:34:58.253Z;1001;inference;Clean_Air;0;97;0;-0,000891441;0.004388225;0.005122921;-0.002528207;-0,010021108;-0.012303642;-0.020526323;-0.026840348;
2026-07-30T04:34:58.756Z;1001;inference;Clean_Air;0;97;0;-0,000891441;0.004388225;0.005122921;-0.002528207;-0,010021108;-0.012303642;-0.020526323;-0.026840348;
2026-07-30T04:34:59.258Z;1001;inference;Clean_Air;0;97;0;-0,000891441;0.004388225;0.005122921;-0.002528207;-0,010021108;-0.012303642;-0.020526323;-0.026840348;
2026-07-30T04:34:59.796Z;1001;inference;Clean_Air;0;97;0;-0,000877987;0.00435982;0.005110516;-0.002520425;-0,01004614;-0.012325978;-0.020525206;-0.026891779;
2026-07-30T04:35:00.322Z;1001;inference;Clean_Air;0;97;0;-0,000871699;0.004424893;0.005125124;-0.002512957;-0,010038353;-0.012322618;-0.020617623;-0.026965395;
2026-07-30T04:35:00.866Z;1001;inference;Clean_Air;0;97;0;-0,000872077;0.004421685;0.0051241;-0.002531387;-0,010038051;-0.012319574;-0.020604689;-0.027030211;
2026-07-30T04:35:01.401Z;1001;inference;Clean_Air;0;97;0;-0,000891205;0.00441518;0.00515513;-0.002533899;-0,010015419;-0.012308154;-0.020595971;-0.027048606;
2026-07-30T04:35:01.780Z;1001;inference;Clean_Air;0;97;0;-0,000893396;0.004419195;0.00516718;-0.002524034;-0,010013539;-0.012316765;-0.020614171;-0.026986325;
2026-07-30T04:35:02.310Z;1001;inference;Clean_Air;0;97;0;-0,000893396;0.004419195;0.00516718;-0.002524034;-0,010013539;-0.012316765;-0.020614171;-0.026986325;
2026-07-30T04:35:02.791Z;1001;inference;Clean_Air;0;97;0;-0,00089232;0.004400764;0.005193968;-0.002535524;-0,010011733;-0.012310176;-0.020611944;-0.027061665;
2026-07-30T04:35:03.338Z;1001;inference;Clean_Air;0;97;0;-0,000882026;0.004417588;0.005211197;-0.002575263;-0,009992865;-0.012309343;-0.020628965;-0.027037123;
2026-07-30T04:35:03.871Z;1001;inference;Clean_Air;0;98;0;-0,000884857;0.004376446;0.005243456;-0.002597235;-0,009995836;-0.012300321;-0.020634431;-0.027057415;
2026-07-30T04:35:04.422Z;1001;inference;Clean_Air;0;98;0;-0,000915577;0.00438862;0.005232175;-0.002581398;-0,009994808;-0.012355721;-0.020641064;-0.026967589;
2026-07-30T04:35:04.798Z;1001;inference;Clean_Air;0;98;0;-0,000900137;0.004317767;0.005218682;-0.002636434;-0,009974229;-0.012346229;-0.020658379;-0.026914764;
2026-07-30T04:35:05.273Z;1001;inference;Clean_Air;0;98;0;-0,000900137;0.004317767;0.005218682;-0.002636434;-0,009974229;-0.012346229;-0.020658379;-0.026914764;
2026-07-30T04:35:05.827Z;1001;inference;Clean_Air;0;98;0;-0,000896987;0.004388634;0.005239999;-0.002650742;-0,009997777;-0.012314837;-0.020739231;-0.026802028;
2026-07-30T04:35:06.412Z;1001;inference;Clean_Air;0;98;0;-0,000906233;0.00434149;0.005224936;-0.002651051;-0,010009761;-0.012316262;-0.02066719;-0.026792964;
2026-07-30T04:35:07.017Z;1001;inference;Clean_Air;0;97;0;-0,000898181;0.004348432;0.005208458;-0.002651485;-0,010008995;-0.012322098;-0.020686533;-0.026773402;
2026-07-30T04:35:07.394Z;1001;inference;Clean_Air;0;97;0;-0,000878337;0.004349926;0.005180421;-0.002697665;-0,010054158;-0.012351505;-0.020760773;-0.026715513;
2026-07-30T04:35:07.767Z;1001;inference;Clean_Air;0;97;0;-0,000878337;0.004349926;0.005180421;-0.002697665;-0,010054158;-0.012351505;-0.020760773;-0.026715513;
2026-07-30T04:35:08.289Z;1001;inference;Clean_Air;0;97;0;-0,000878337;0.004349926;0.005180421;-0.002697665;-0,010054158;-0.012351505;-0.020760773;-0.026715513;
2026-07-30T04:35:08.756Z;1001;inference;Clean_Air;0;97;0;-0,000878337;0.004349926;0.005180421;-0.002697665;-0,010054158;-0.012351505;-0.020760773;-0.026715513;
2026-07-30T04:35:09.256Z;1001;inference;Clean_Air;0;97;0;-0,000878337;0.004349926;0.005180421;-0.002697665;-0,010054158;-0.012351505;-0.020760773;-0.026715513;
2026-07-30T04:35:09.799Z;1001;inference;Clean_Air;0;97;0;-0,00089;0.004327948;0.005159798;-0.002716321;-0,010044126;-0.012339696;-0.020749725;-0.026712427;
2026-07-30T04:35:10.336Z;1001;inference;Clean_Air;0;97;0;-0,000892288;0.004377375;0.005160451;-0.002726089;-0,01004149;-0.012358783;-0.020768045;-0.026637848;
2026-07-30T04:35:10.864Z;1001;inference;Clean_Air;0;97;0;-0,00088779;0.004389676;0.00515406;-0.002680787;-0,010050904;-0.0124005;-0.020744136;-0.026631126;
2026-07-30T04:35:11.447Z;1001;inference;Clean_Air;0;97;0;-0,000901259;0.004426047;0.0051653;-0.002676988;-0,010057861;-0.012405743;-0.020748382;-0.026606917;
2026-07-30T04:35:11.793Z;1001;inference;Clean_Air;0;97;0;-0,000880342;0.004472884;0.005155834;-0.002683058;-0,010080363;-0.012340375;-0.020802483;-0.02664575;
2026-07-30T04:35:12.255Z;1001;inference;Clean_Air;0;97;0;-0,000880342;0.004472884;0.005155834;-0.002683058;-0,010080363;-0.012340375;-0.020802483;-0.02664575;
2026-07-30T04:35:12.786Z;1001;inference;Clean_Air;0;97;0;-0,000886314;0.004488916;0.005157058;-0.002628543;-0,01010139;-0.012320997;-0.020799229;-0.02663439;
2026-07-30T04:35:13.323Z;1001;inference;Clean_Air;0;97;0;-0,000892353;0.00442789;0.005141048;-0.002634165;-0,010066232;-0.012327374;-0.020714644;-0.026689982;
2026-07-30T04:35:13.849Z;1001;inference;Clean_Air;0;97;0;-0,000918095;0.004422104;0.005157144;-0.002639849;-0,010066682;-0.012263209;-0.020709421;-0.02665006;
2026-07-30T04:35:14.392Z;1001;inference;Clean_Air;0;97;0;-0,00090707;0.00442381;0.005175349;-0.002560384;-0,010075658;-0.012258961;-0.020698298;-0.026650513;
2026-07-30T04:35:14.926Z;1001;inference;Clean_Air;0;97;0;-0,000919393;0.0044056;0.005180086;-0.002535927;-0,010055718;-0.012247371;-0.020619577;-0.026653523;
2026-07-30T04:35:15.311Z;1001;inference;Clean_Air;0;97;0;-0,000897475;0.004381061;0.005198119;-0.002515167;-0,010069738;-0.012236564;-0.020624489;-0.026678074;
2026-07-30T04:35:15.844Z;1001;inference;Clean_Air;0;97;0;-0,000897475;0.004381061;0.005198119;-0.002515167;-0,010069738;-0.012236564;-0.020624489;-0.026678074;
2026-07-30T04:35:16.323Z;1001;inference;Clean_Air;0;97;0;-0,000883927;0.004351922;0.005170993;-0.002518909;-0,010072036;-0.012213226;-0.020590384;-0.02668949;
2026-07-30T04:35:16.866Z;1001;inference;Clean_Air;0;97;0;-0,000899062;0.004329953;0.005164508;-0.002525815;-0,010039763;-0.012155733;-0.020600667;-0.026695404;
2026-07-30T04:35:17.397Z;1001;inference;Clean_Air;0;97;0;-0,000893914;0.004284587;0.00514803;-0.00250421;-0,010038297;-0.012167096;-0.020589009;-0.026719708;
2026-07-30T04:35:17.915Z;1001;inference;Clean_Air;0;97;0;-0,000899223;0.004220738;0.00515672;-0.002498791;-0,01001553;-0.012167763;-0.020507779;-0.02669023;
2026-07-30T04:35:18.281Z;1001;inference;Clean_Air;0;97;0;-0,000899223;0.004220738;0.00515672;-0.002498791;-0,01001553;-0.012167763;-0.020507779;-0.02669023;
2026-07-30T04:35:18.765Z;1001;inference;Clean_Air;0;97;0;-0,000899223;0.004220738;0.00515672;-0.002498791;-0,01001553;-0.012167763;-0.020507779;-0.02669023;
2026-07-30T04:35:19.289Z;1001;inference;Clean_Air;0;97;0;-0,000899223;0.004220738;0.00515672;-0.002498791;-0,01001553;-0.012167763;-0.020507779;-0.02669023;
2026-07-30T04:35:19.759Z;1001;inference;Clean_Air;0;97;0;-0,000899223;0.004220738;0.00515672;-0.002498791;-0,01001553;-0.012167763;-0.020507779;-0.02669023;
2026-07-30T04:35:20.293Z;1001;inference;Clean_Air;0;97;0;-0,00090911;0.004220548;0.005172662;-0.002492587;-0,009996726;-0.012221438;-0.020588066;-0.026747471;
2026-07-30T04:35:20.820Z;1001;inference;Clean_Air;0;97;0;-0,000915913;0.004242707;0.005185031;-0.002486073;-0,010006459;-0.01221929;-0.020574966;-0.026726525;
2026-07-30T04:35:21.376Z;1001;inference;Clean_Air;0;97;0;-0,000892524;0.004224813;0.005198714;-0.002416122;-0,009994879;-0.012280168;-0.020577919;-0.026769634;
2026-07-30T04:35:21.912Z;1001;inference;Clean_Air;0;97;0;-0,000904091;0.004202635;0.005198848;-0.002465755;-0,009982643;-0.012281002;-0.020566165;-0.026791776;
2026-07-30T04:35:22.300Z;1001;inference;Clean_Air;0;97;0;-0,000929229;0.004214645;0.005191003;-0.002449735;-0,009994263;-0.012314464;-0.020645693;-0.026842287;
2026-07-30T04:35:22.832Z;1001;inference;Clean_Air;0;97;0;-0,000929229;0.004214645;0.005191003;-0.002449735;-0,009994263;-0.012314464;-0.020645693;-0.026842287;
2026-07-30T04:35:23.301Z;1001;inference;Clean_Air;0;97;0;-0,000923772;0.004220634;0.005199127;-0.002476831;-0,01008509;-0.012361722;-0.020650502;-0.026907211;
2026-07-30T04:35:23.858Z;1001;inference;Clean_Air;0;97;0;-0,000955123;0.004227046;0.005207826;-0.002511754;-0,010051919;-0.012366478;-0.020667529;-0.026906107;
2026-07-30T04:35:24.383Z;1001;inference;Clean_Air;0;98;0;-0,000948145;0.004241073;0.005231366;-0.002432482;-0,010063484;-0.01231237;-0.020661799;-0.026906963;
2026-07-30T04:35:24.931Z;1001;inference;Clean_Air;0;98;0;-0,00094421;0.004260408;0.005242121;-0.002455917;-0,01003883;-0.012315096;-0.020668332;-0.026888385;
2026-07-30T04:35:25.297Z;1001;inference;Clean_Air;0;98;0;-0,000966179;0.004286278;0.005243035;-0.0024673;-0,010073356;-0.01237032;-0.020699352;-0.026933903;
2026-07-30T04:35:25.772Z;1001;inference;Clean_Air;0;98;0;-0,000966179;0.004286278;0.005243035;-0.0024673;-0,010073356;-0.01237032;-0.020699352;-0.026933903;
2026-07-30T04:35:26.300Z;1001;inference;Clean_Air;0;98;0;-0,000962559;0.004292889;0.005225348;-0.002486186;-0,010087726;-0.012321809;-0.02062515;-0.026864966;
2026-07-30T04:35:26.827Z;1001;inference;Clean_Air;0;97;0;-0,000950443;0.004294099;0.005208278;-0.002483509;-0,010086983;-0.012333551;-0.02072064;-0.026880452;
2026-07-30T04:35:27.371Z;1001;inference;Clean_Air;0;97;0;-0,000934184;0.004314681;0.005194268;-0.002551142;-0,010083089;-0.012351811;-0.02075205;-0.026811784;
2026-07-30T04:35:27.896Z;1001;inference;Clean_Air;0;97;0;-0,000938534;0.004306923;0.005175235;-0.002576736;-0,010091583;-0.012368504;-0.020756651;-0.026774555;
2026-07-30T04:35:28.441Z;1001;inference;Clean_Air;0;97;0;-0,000931643;0.004366816;0.005183253;-0.002580038;-0,010098423;-0.012322742;-0.020678233;-0.026727278;
2026-07-30T04:35:28.783Z;1001;inference;Clean_Air;0;97;0;-0,000931643;0.004366816;0.005183253;-0.002580038;-0,010098423;-0.012322742;-0.020678233;-0.026727278;
2026-07-30T04:35:29.255Z;1001;inference;Clean_Air;0;97;0;-0,000931643;0.004366816;0.005183253;-0.002580038;-0,010098423;-0.012322742;-0.020678233;-0.026727278;
2026-07-30T04:35:29.755Z;1001;inference;Clean_Air;0;97;0;-0,000931643;0.004366816;0.005183253;-0.002580038;-0,010098423;-0.012322742;-0.020678233;-0.026727278;
2026-07-30T04:35:30.259Z;1001;inference;Clean_Air;0;97;0;-0,000931643;0.004366816;0.005183253;-0.002580038;-0,010098423;-0.012322742;-0.020678233;-0.026727278;
2026-07-30T04:35:30.806Z;1001;inference;Clean_Air;0;97;0;-0,000946648;0.004400444;0.00519221;-0.002576851;-0,009998585;-0.012269339;-0.020680761;-0.026684761;
2026-07-30T04:35:31.337Z;1001;inference;Clean_Air;0;98;0;-0,000926099;0.004381585;0.005228935;-0.002552286;-0,010031213;-0.012287135;-0.020677326;-0.026680958;
2026-07-30T04:35:31.886Z;1001;inference;Clean_Air;0;98;0;-0,000919001;0.004383803;0.005216441;-0.002636112;-0,010038758;-0.012358206;-0.020675777;-0.02674464;
2026-07-30T04:35:32.414Z;1001;inference;Clean_Air;0;98;0;-0,000941405;0.004395403;0.005231519;-0.002611222;-0,01006566;-0.012354434;-0.020695455;-0.026768655;
2026-07-30T04:35:32.810Z;1001;inference;Clean_Air;0;98;0;-0,000910773;0.004435013;0.005224661;-0.002611148;-0,010039535;-0.012294853;-0.020691363;-0.026752632;
2026-07-30T04:35:33.344Z;1001;inference;Clean_Air;0;98;0;-0,000910773;0.004435013;0.005224661;-0.002611148;-0,010039535;-0.012294853;-0.020691363;-0.026752632;
2026-07-30T04:35:33.816Z;1001;inference;Clean_Air;0;98;0;-0,000888054;0.00441831;0.005234345;-0.002590784;-0,010048832;-0.012317238;-0.02069198;-0.026778247;
2026-07-30T04:35:34.350Z;1001;inference;Clean_Air;0;98;0;-0,000903866;0.004409578;0.00522682;-0.002569739;-0,01005088;-0.012284039;-0.020639149;-0.026775638;
2026-07-30T04:35:34.881Z;1001;inference;Clean_Air;0;97;0;-0,000909618;0.004405531;0.005211127;-0.002546772;-0,010075076;-0.012274363;-0.020595524;-0.026777765;
2026-07-30T04:35:35.273Z;1001;inference;Clean_Air;0;98;0;-0,000924944;0.004416415;0.005221967;-0.002532981;-0,010060465;-0.012270133;-0.020611491;-0.026844332;
2026-07-30T04:35:35.812Z;1001;inference;Clean_Air;0;98;0;-0,000924944;0.004416415;0.005221967;-0.002532981;-0,010060465;-0.012270133;-0.020611491;-0.026844332;
2026-07-30T04:35:36.292Z;1001;inference;Clean_Air;0;98;0;-0,000933262;0.004371788;0.005216838;-0.002526171;-0,01002408;-0.012263197;-0.020633053;-0.02692684;
2026-07-30T04:35:36.829Z;1001;inference;Clean_Air;0;97;0;-0,000938266;0.004341836;0.005211081;-0.002522749;-0,010039106;-0.012261798;-0.020623378;-0.026899377;
2026-07-30T04:35:37.365Z;1001;inference;Clean_Air;0;97;0;-0,000934667;0.004346806;0.005183483;-0.002534827;-0,010055666;-0.012255183;-0.020583063;-0.026965618;
2026-07-30T04:35:37.908Z;1001;inference;Clean_Air;0;97;0;-0,000946479;0.004332392;0.005197198;-0.002517891;-0,010060648;-0.012255786;-0.020667862;-0.026923046;
2026-07-30T04:35:38.487Z;1001;inference;Clean_Air;0;97;0;-0,000942203;0.0043167;0.005174539;-0.002520714;-0,010068865;-0.012246007;-0.020656468;-0.026896846;
2026-07-30T04:35:38.941Z;1001;inference;Clean_Air;0;97;0;-0,000946681;0.004207894;0.005198835;-0.002561012;-0,010078527;-0.012320848;-0.020640919;-0.026914487;
2026-07-30T04:35:39.302Z;1001;inference;Clean_Air;0;97;0;-0,000946681;0.004207894;0.005198835;-0.002561012;-0,010078527;-0.012320848;-0.020640919;-0.026914487;
2026-07-30T04:35:39.759Z;1001;inference;Clean_Air;0;97;0;-0,000946681;0.004207894;0.005198835;-0.002561012;-0,010078527;-0.012320848;-0.020640919;-0.026914487;
2026-07-30T04:35:40.250Z;1001;inference;Clean_Air;0;97;0;-0,000946681;0.004207894;0.005198835;-0.002561012;-0,010078527;-0.012320848;-0.020640919;-0.026914487;
2026-07-30T04:35:40.766Z;1001;inference;Clean_Air;0;97;0;-0,000946681;0.004207894;0.005198835;-0.002561012;-0,010078527;-0.012320848;-0.020640919;-0.026914487;
2026-07-30T04:35:41.331Z;1001;inference;Clean_Air;0;97;0;-0,000965438;0.004153095;0.005190496;-0.002573118;-0,01005181;-0.012319027;-0.020627653;-0.026904199;
2026-07-30T04:35:41.855Z;1001;inference;Clean_Air;0;97;0;-0,000946771;0.004205686;0.005201601;-0.0026022;-0,010051617;-0.012348818;-0.020619072;-0.026903668;
2026-07-30T04:35:42.404Z;1001;inference;Clean_Air;0;97;0;-0,000940908;0.004219196;0.005196062;-0.002670612;-0,010054317;-0.012278183;-0.020639902;-0.026969761;
2026-07-30T04:35:42.781Z;1001;inference;Clean_Air;0;97;0;-0,000908923;0.004215817;0.005204854;-0.002666779;-0,01006557;-0.012261668;-0.020635178;-0.026927408;
2026-07-30T04:35:43.257Z;1001;inference;Clean_Air;0;97;0;-0,000908923;0.004215817;0.005204854;-0.002666779;-0,01006557;-0.012261668;-0.020635178;-0.026927408;
2026-07-30T04:35:43.806Z;1001;inference;Clean_Air;0;98;0;-0,000902941;0.004213733;0.005222423;-0.002655672;-0,010090942;-0.012266673;-0.020622956;-0.026875239;
2026-07-30T04:35:44.336Z;1001;inference;Clean_Air;0;98;0;-0,000886204;0.004184753;0.005221938;-0.002575515;-0,010091907;-0.012287932;-0.020624373;-0.026888918;
2026-07-30T04:35:44.878Z;1001;inference;Clean_Air;0;98;0;-0,00089388;0.004209859;0.00522099;-0.002531035;-0,010084222;-0.012327975;-0.020661924;-0.026831377;
2026-07-30T04:35:45.403Z;1001;inference;Clean_Air;0;97;0;-0,000909823;0.004236129;0.005202003;-0.002543413;-0,010069979;-0.012321761;-0.02057725;-0.026826715;
2026-07-30T04:35:45.801Z;1001;inference;Clean_Air;0;97;0;-0,000903247;0.004244301;0.005186708;-0.002556768;-0,010039324;-0.012316254;-0.020598371;-0.026841596;
2026-07-30T04:35:46.336Z;1001;inference;Clean_Air;0;97;0;-0,000903247;0.004244301;0.005186708;-0.002556768;-0,010039324;-0.012316254;-0.020598371;-0.026841596;
2026-07-30T04:35:46.810Z;1001;inference;Clean_Air;0;97;0;-0,000918924;0.004241607;0.005179878;-0.002513967;-0,010015469;-0.012289849;-0.020613883;-0.026875904;
2026-07-30T04:35:47.361Z;1001;inference;Clean_Air;0;97;0;-0,000900446;0.004309912;0.005183856;-0.002453226;-0,01002626;-0.012286494;-0.020690504;-0.026935607;
2026-07-30T04:35:47.888Z;1001;inference;Clean_Air;0;97;0;-0,000823366;0.004236849;0.005177821;-0.002437107;-0,010021308;-0.012273253;-0.020693965;-0.026912782;
2026-07-30T04:35:48.431Z;1001;inference;Clean_Air;0;97;0;-0,000848534;0.004209816;0.00520712;-0.002391029;-0,009999296;-0.012305588;-0.02068731;-0.026903585;
2026-07-30T04:35:48.808Z;1001;inference;Clean_Air;0;98;0;-0,000859267;0.004219268;0.005219834;-0.002388692;-0,010009075;-0.012286916;-0.02068207;-0.026883673;
2026-07-30T04:35:49.279Z;1001;inference;Clean_Air;0;98;0;-0,000859267;0.004219268;0.005219834;-0.002388692;-0,010009075;-0.012286916;-0.02068207;-0.026883673;
2026-07-30T04:35:49.822Z;1001;inference;Clean_Air;0;97;0;-0,000880457;0.004221593;0.005210494;-0.002449528;-0,009993852;-0.012304751;-0.020676294;-0.02693975;
2026-07-30T04:35:50.280Z;1001;inference;Clean_Air;0;97;0;-0,000880457;0.004221593;0.005210494;-0.002449528;-0,009993852;-0.012304751;-0.020676294;-0.02693975;
2026-07-30T04:35:50.761Z;1001;inference;Clean_Air;0;97;0;-0,000880457;0.004221593;0.005210494;-0.002449528;-0,009993852;-0.012304751;-0.020676294;-0.02693975;
2026-07-30T04:35:51.260Z;1001;inference;Clean_Air;0;97;0;-0,000880457;0.004221593;0.005210494;-0.002449528;-0,009993852;-0.012304751;-0.020676294;-0.02693975;
2026-07-30T04:35:51.763Z;1001;inference;Clean_Air;0;97;0;-0,000880457;0.004221593;0.005210494;-0.002449528;-0,009993852;-0.012304751;-0.020676294;-0.02693975;
2026-07-30T04:35:52.307Z;1001;inference;Clean_Air;0;97;0;-0,000885285;0.004259114;0.005210673;-0.002508255;-0,009986685;-0.012287183;-0.02063754;-0.026887754;
2026-07-30T04:35:52.846Z;1001;inference;Clean_Air;0;97;0;-0,000873654;0.004182137;0.005207033;-0.002525274;-0,009972775;-0.01224008;-0.020713922;-0.026942536;
2026-07-30T04:35:53.388Z;1001;inference;Clean_Air;0;98;0;-0,000854434;0.004169818;0.005217601;-0.002512529;-0,009994376;-0.012284312;-0.020718748;-0.026913006;
2026-07-30T04:35:53.911Z;1001;inference;Clean_Air;0;98;0;-0,000843224;0.00418728;0.005217578;-0.002437372;-0,010007491;-0.012324151;-0.020691747;-0.026856145;
2026-07-30T04:35:54.310Z;1001;inference;Clean_Air;0;97;0;-0,000839755;0.004241745;0.005211426;-0.002444543;-0,010026271;-0.012351993;-0.020700168;-0.026807463;
2026-07-30T04:35:54.842Z;1001;inference;Clean_Air;0;97;0;-0,000839755;0.004241745;0.005211426;-0.002444543;-0,010026271;-0.012351993;-0.020700168;-0.026807463;
2026-07-30T04:35:55.315Z;1001;inference;Clean_Air;0;98;0;-0,00087786;0.004232901;0.005219197;-0.002546998;-0,010018677;-0.012341237;-0.020655461;-0.026804635;
2026-07-30T04:35:55.867Z;1001;inference;Clean_Air;0;98;0;-0,000946228;0.00430323;0.005239434;-0.002555666;-0,010028156;-0.012340151;-0.020662207;-0.026824739;
2026-07-30T04:35:56.395Z;1001;inference;Clean_Air;0;98;0;-0,000923038;0.004358956;0.005249388;-0.002550128;-0,010046341;-0.01237689;-0.020666704;-0.026834195;
2026-07-30T04:35:56.799Z;1001;inference;Clean_Air;0;98;0;-0,000940592;0.004369116;0.00523755;-0.002585164;-0,010049402;-0.012413429;-0.020670073;-0.026837286;
2026-07-30T04:35:57.331Z;1001;inference;Clean_Air;0;98;0;-0,000940592;0.004369116;0.00523755;-0.002585164;-0,010049402;-0.012413429;-0.020670073;-0.026837286;
2026-07-30T04:35:57.811Z;1001;inference;Clean_Air;0;98;0;-0,000901918;0.00436257;0.005233372;-0.002529624;-0,010063296;-0.01241163;-0.020690506;-0.026773661;
2026-07-30T04:35:58.345Z;1001;inference;Clean_Air;0;97;0;-0,000905568;0.004376717;0.00520801;-0.002582046;-0,009991942;-0.012431255;-0.020736787;-0.026832182;
2026-07-30T04:35:58.880Z;1001;inference;Clean_Air;0;98;0;-0,00091218;0.004377291;0.005224719;-0.002589603;-0,010005413;-0.012455215;-0.020658653;-0.026840076;
2026-07-30T04:35:59.426Z;1001;inference;Clean_Air;0;98;0;-0,00091401;0.004371781;0.005218088;-0.002589292;-0,010002333;-0.012417221;-0.020725887;-0.026865432;
2026-07-30T04:35:59.906Z;1001;inference;Clean_Air;0;98;0;-0,000933969;0.004364162;0.005228813;-0.002706795;-0,009989613;-0.012383182;-0.020735737;-0.026922598;
2026-07-30T04:36:00.293Z;1001;inference;Clean_Air;0;98;0;-0,000933969;0.004364162;0.005228813;-0.002706795;-0,009989613;-0.012383182;-0.020735737;-0.026922598;
2026-07-30T04:36:00.764Z;1001;inference;Clean_Air;0;98;0;-0,000933969;0.004364162;0.005228813;-0.002706795;-0,009989613;-0.012383182;-0.020735737;-0.026922598;
2026-07-30T04:36:01.263Z;1001;inference;Clean_Air;0;98;0;-0,000933969;0.004364162;0.005228813;-0.002706795;-0,009989613;-0.012383182;-0.020735737;-0.026922598;
2026-07-30T04:36:01.754Z;1001;inference;Clean_Air;0;98;0;-0,000933969;0.004364162;0.005228813;-0.002706795;-0,009989613;-0.012383182;-0.020735737;-0.026922598;
2026-07-30T04:36:02.305Z;1001;inference;Clean_Air;0;98;0;-0,000937644;0.004375875;0.005213629;-0.002685317;-0,009974053;-0.012389957;-0.020754326;-0.026924837;
2026-07-30T04:36:02.829Z;1001;inference;Clean_Air;0;97;0;-0,00090718;0.004325314;0.005196826;-0.002650126;-0,010004355;-0.012403047;-0.020731138;-0.02693077;
2026-07-30T04:36:03.376Z;1001;inference;Clean_Air;0;97;0;-0,000938531;0.004266181;0.005185376;-0.002648492;-0,00998679;-0.012393397;-0.020710904;-0.026960751;
2026-07-30T04:36:03.911Z;1001;inference;Clean_Air;0;97;0;-0,000940603;0.004160565;0.005172193;-0.002660535;-0,00998343;-0.012419366;-0.020706233;-0.027001437;
2026-07-30T04:36:04.289Z;1001;inference;Clean_Air;0;97;0;-0,000948791;0.004151553;0.005177989;-0.002640828;-0,009978476;-0.012404355;-0.0206859;-0.027003815;
2026-07-30T04:36:04.811Z;1001;inference;Clean_Air;0;97;0;-0,000948791;0.004151553;0.005177989;-0.002640828;-0,009978476;-0.012404355;-0.0206859;-0.027003815;
2026-07-30T04:36:05.281Z;1001;inference;Clean_Air;0;97;0;-0,000962977;0.004151003;0.005207081;-0.002696075;-0,009963324;-0.012397688;-0.020676536;-0.026987452;
2026-07-30T04:36:05.835Z;1001;inference;Clean_Air;0;98;0;-0,000960671;0.004089097;0.005242434;-0.002652617;-0,010026248;-0.012324864;-0.020673674;-0.026981745;
2026-07-30T04:36:06.362Z;1001;inference;Clean_Air;0;98;0;-0,000953357;0.004153581;0.005228745;-0.002634197;-0,010029824;-0.012316155;-0.020666193;-0.026916405;
2026-07-30T04:36:06.911Z;1001;inference;Clean_Air;0;98;0;-0,000940784;0.004152638;0.005233146;-0.002685204;-0,010016973;-0.0123216;-0.020610852;-0.026908407;
2026-07-30T04:36:07.286Z;1001;inference;Clean_Air;0;98;0;-0,000933464;0.004157499;0.005236938;-0.002646447;-0,010021025;-0.012335116;-0.020598169;-0.026919249;
2026-07-30T04:36:07.759Z;1001;inference;Clean_Air;0;98;0;-0,000933464;0.004157499;0.005236938;-0.002646447;-0,010021025;-0.012335116;-0.020598169;-0.026919249;
2026-07-30T04:36:08.315Z;1001;inference;Clean_Air;0;98;0;-0,00091825;0.004147355;0.005245325;-0.002655054;-0,010044595;-0.012326296;-0.020557472;-0.026923785;
2026-07-30T04:36:08.841Z;1001;inference;Clean_Air;0;98;0;-0,000927728;0.004200644;0.00525549;-0.002654174;-0,010026203;-0.012319027;-0.020627754;-0.026821882;
2026-07-30T04:36:09.385Z;1001;inference;Clean_Air;0;98;0;-0,000916707;0.004193722;0.005264048;-0.002655128;-0,010034468;-0.012346299;-0.02067114;-0.02680346;
2026-07-30T04:36:09.921Z;1001;inference;Clean_Air;0;98;0;-0,000911631;0.004267547;0.005264153;-0.002656044;-0,010018423;-0.012340775;-0.02068815;-0.026720088;
2026-07-30T04:36:10.454Z;1001;inference;Clean_Air;0;98;0;-0,000892968;0.004265434;0.005245494;-0.002656927;-0,010009859;-0.012328985;-0.020731013;-0.026738044;
2026-07-30T04:36:10.783Z;1001;inference;Clean_Air;0;98;0;-0,000892968;0.004265434;0.005245494;-0.002656927;-0,010009859;-0.012328985;-0.020731013;-0.026738044;
2026-07-30T04:36:11.252Z;1001;inference;Clean_Air;0;98;0;-0,000892968;0.004265434;0.005245494;-0.002656927;-0,010009859;-0.012328985;-0.020731013;-0.026738044;
2026-07-30T04:36:11.753Z;1001;inference;Clean_Air;0;98;0;-0,000892968;0.004265434;0.005245494;-0.002656927;-0,010009859;-0.012328985;-0.020731013;-0.026738044;
2026-07-30T04:36:12.253Z;1001;inference;Clean_Air;0;98;0;-0,000892968;0.004265434;0.005245494;-0.002656927;-0,010009859;-0.012328985;-0.020731013;-0.026738044;
2026-07-30T04:36:12.821Z;1001;inference;Clean_Air;0;97;0;-0,000894791;0.004273296;0.005201501;-0.002607054;-0,010020597;-0.012309576;-0.020732705;-0.026757568;
2026-07-30T04:36:13.351Z;1001;inference;Clean_Air;0;97;0;-0,000894797;0.004327491;0.005178394;-0.002592327;-0,010036848;-0.012377433;-0.020680934;-0.026766261;
2026-07-30T04:36:13.901Z;1001;inference;Clean_Air;0;97;0;-0,000891619;0.004258204;0.005188045;-0.002591162;-0,010016536;-0.012290677;-0.020684112;-0.02678732;
2026-07-30T04:36:14.431Z;1001;inference;Clean_Air;0;97;0;-0,000918221;0.004275911;0.005188008;-0.002551709;-0,010020633;-0.012292396;-0.020679338;-0.026818639;
2026-07-30T04:36:14.825Z;1001;inference;Clean_Air;0;97;0;-0,000926935;0.004309766;0.005178654;-0.002547269;-0,010051548;-0.012285921;-0.020693308;-0.026792696;
2026-07-30T04:36:15.358Z;1001;inference;Clean_Air;0;97;0;-0,000926935;0.004309766;0.005178654;-0.002547269;-0,010051548;-0.012285921;-0.020693308;-0.026792696;
2026-07-30T04:36:15.831Z;1001;inference;Clean_Air;0;97;0;-0,000921761;0.004308529;0.005186317;-0.002549762;-0,010036429;-0.012297887;-0.020716289;-0.026786292;
2026-07-30T04:36:16.380Z;1001;inference;Clean_Air;0;97;0;-0,000903667;0.004314731;0.005200618;-0.002590797;-0,010022754;-0.012291243;-0.02064239;-0.026884744;
2026-07-30T04:36:16.908Z;1001;inference;Clean_Air;0;97;0;-0,000897508;0.004263462;0.005200128;-0.002593506;-0,010027635;-0.012271049;-0.020605892;-0.026875501;
2026-07-30T04:36:17.303Z;1001;inference;Clean_Air;0;97;0;-0,000921823;0.004260964;0.005200362;-0.002591735;-0,010044548;-0.012196084;-0.020600343;-0.026891148;
2026-07-30T04:36:17.841Z;1001;inference;Clean_Air;0;97;0;-0,000921823;0.004260964;0.005200362;-0.002591735;-0,010044548;-0.012196084;-0.020600343;-0.026891148;
2026-07-30T04:36:18.325Z;1001;inference;Clean_Air;0;97;0;-0,000935907;0.004241145;0.005203723;-0.002598457;-0,010036036;-0.012219375;-0.020588314;-0.026895929;
2026-07-30T04:36:18.866Z;1001;inference;Clean_Air;0;98;0;-0,000938057;0.004245815;0.00521509;-0.002621917;-0,010047565;-0.012181072;-0.020647822;-0.026885768;
2026-07-30T04:36:19.402Z;1001;inference;Clean_Air;0;98;0;-0,000932232;0.004267041;0.00521386;-0.002576873;-0,010043746;-0.012168011;-0.020703979;-0.026869807;
2026-07-30T04:36:19.790Z;1001;inference;Clean_Air;0;97;0;-0,00086995;0.004346885;0.005205033;-0.002598071;-0,010051322;-0.012248151;-0.020738283;-0.026824225;
2026-07-30T04:36:20.425Z;1001;inference;Clean_Air;0;97;0;-0,00086995;0.004346885;0.005205033;-0.002598071;-0,010051322;-0.012248151;-0.020738283;-0.026824225;
2026-07-30T04:36:20.792Z;1001;inference;Clean_Air;0;97;0;-0,000855055;0.004311793;0.005186968;-0.002639004;-0,010046722;-0.012235699;-0.020728841;-0.02685893;
2026-07-30T04:36:21.261Z;1001;inference;Clean_Air;0;97;0;-0,000855055;0.004311793;0.005186968;-0.002639004;-0,010046722;-0.012235699;-0.020728841;-0.02685893;
2026-07-30T04:36:21.749Z;1001;inference;Clean_Air;0;97;0;-0,000855055;0.004311793;0.005186968;-0.002639004;-0,010046722;-0.012235699;-0.020728841;-0.02685893;
2026-07-30T04:36:22.255Z;1001;inference;Clean_Air;0;97;0;-0,000855055;0.004311793;0.005186968;-0.002639004;-0,010046722;-0.012235699;-0.020728841;-0.02685893;
2026-07-30T04:36:22.757Z;1001;inference;Clean_Air;0;97;0;-0,000855055;0.004311793;0.005186968;-0.002639004;-0,010046722;-0.012235699;-0.020728841;-0.02685893;
2026-07-30T04:36:23.297Z;1001;inference;Clean_Air;0;97;0;-0,000858562;0.004250989;0.00517367;-0.002626872;-0,01002149;-0.012216465;-0.020736707;-0.026934799;
2026-07-30T04:36:23.825Z;1001;inference;Clean_Air;0;97;0;-0,000852223;0.004261855;0.00516679;-0.002624268;-0,010013524;-0.012217278;-0.020725735;-0.026918937;
2026-07-30T04:36:24.376Z;1001;inference;Clean_Air;0;97;0;-0,000871876;0.004260787;0.005175333;-0.002560013;-0,010028997;-0.012259937;-0.020725099;-0.026855733;
2026-07-30T04:36:24.902Z;1001;inference;Clean_Air;0;97;0;-0,000888181;0.004311668;0.005175962;-0.00255088;-0,010014172;-0.012272261;-0.020685073;-0.02691946;
2026-07-30T04:36:25.288Z;1001;inference;Clean_Air;0;97;0;-0,000885636;0.004317428;0.005168589;-0.002547252;-0,010015355;-0.012309996;-0.020640271;-0.026944479;
2026-07-30T04:36:25.819Z;1001;inference;Clean_Air;0;97;0;-0,000885636;0.004317428;0.005168589;-0.002547252;-0,010015355;-0.012309996;-0.020640271;-0.026944479;
2026-07-30T04:36:26.289Z;1001;inference;Clean_Air;0;97;0;-0,00087877;0.00434023;0.005143637;-0.002582415;-0,010021903;-0.012304264;-0.020612692;-0.026876707;
2026-07-30T04:36:26.825Z;1001;inference;Clean_Air;0;97;0;-0,000854468;0.0043312;0.00514099;-0.002546971;-0,010010792;-0.012346593;-0.020527367;-0.026873302;
2026-07-30T04:36:27.354Z;1001;inference;Clean_Air;0;97;0;-0,000850184;0.004289235;0.005163615;-0.002597784;-0,010000864;-0.012343959;-0.020558758;-0.026878024;
2026-07-30T04:36:27.908Z;1001;inference;Clean_Air;0;97;0;-0,000943879;0.004266176;0.005159073;-0.002571096;-0,009987233;-0.012343045;-0.020541228;-0.026921546;
2026-07-30T04:36:28.283Z;1001;inference;Clean_Air;0;97;0;-0,000946394;0.004291871;0.00517452;-0.002536445;-0,009973068;-0.012342485;-0.020568121;-0.026813731;
2026-07-30T04:36:28.765Z;1001;inference;Clean_Air;0;97;0;-0,000946394;0.004291871;0.00517452;-0.002536445;-0,009973068;-0.012342485;-0.020568121;-0.026813731;
2026-07-30T04:36:29.310Z;1001;inference;Clean_Air;0;97;0;-0,000925014;0.004302486;0.005189379;-0.002473063;-0,00998622;-0.012367338;-0.020551166;-0.026740324;
2026-07-30T04:36:29.846Z;1001;inference;Clean_Air;0;97;0;-0,000929398;0.004279834;0.005195123;-0.002495233;-0,009988309;-0.012360409;-0.020539969;-0.026753291;
2026-07-30T04:36:30.391Z;1001;inference;Clean_Air;0;97;0;-0,000930786;0.004274422;0.005171808;-0.00252779;-0,009976095;-0.012352599;-0.020556791;-0.026779339;
2026-07-30T04:36:30.871Z;1001;inference;Clean_Air;0;97;0;-0,000914378;0.004289059;0.005164729;-0.002521456;-0,00999911;-0.012353815;-0.020619115;-0.026741281;
2026-07-30T04:36:31.293Z;1001;inference;Clean_Air;0;97;0;-0,000914378;0.004289059;0.005164729;-0.002521456;-0,00999911;-0.012353815;-0.020619115;-0.026741281;
2026-07-30T04:36:31.753Z;1001;inference;Clean_Air;0;97;0;-0,000914378;0.004289059;0.005164729;-0.002521456;-0,00999911;-0.012353815;-0.020619115;-0.026741281;
2026-07-30T04:36:32.255Z;1001;inference;Clean_Air;0;97;0;-0,000914378;0.004289059;0.005164729;-0.002521456;-0,00999911;-0.012353815;-0.020619115;-0.026741281;
2026-07-30T04:36:32.759Z;1001;inference;Clean_Air;0;97;0;-0,000914378;0.004289059;0.005164729;-0.002521456;-0,00999911;-0.012353815;-0.020619115;-0.026741281;
2026-07-30T04:36:33.305Z;1001;inference;Clean_Air;0;97;0;-0,000907586;0.004274624;0.00515455;-0.002515636;-0,009996789;-0.012386485;-0.020661127;-0.026730949;
2026-07-30T04:36:33.838Z;1001;inference;Clean_Air;0;97;0;-0,000896466;0.004274373;0.005175053;-0.002474295;-0,010010304;-0.012387816;-0.020669913;-0.026786555;
2026-07-30T04:36:34.386Z;1001;inference;Clean_Air;0;97;0;-0,000894667;0.004320458;0.005176323;-0.002479044;-0,010036572;-0.012391468;-0.020758139;-0.026813254;
2026-07-30T04:36:34.921Z;1001;inference;Clean_Air;0;97;0;-0,000895591;0.00428497;0.00516624;-0.002494342;-0,010016022;-0.0124055;-0.02074022;-0.026768764;
2026-07-30T04:36:35.301Z;1001;inference;Clean_Air;0;97;0;-0,000857709;0.004273941;0.005183803;-0.002555432;-0,010039776;-0.012411607;-0.020759171;-0.02674308;
2026-07-30T04:36:35.833Z;1001;inference;Clean_Air;0;97;0;-0,000857709;0.004273941;0.005183803;-0.002555432;-0,010039776;-0.012411607;-0.020759171;-0.02674308;
2026-07-30T04:36:36.304Z;1001;inference;Clean_Air;0;97;0;-0,000853311;0.004267457;0.00519297;-0.002545518;-0,010068649;-0.012426493;-0.020742051;-0.026805703;
2026-07-30T04:36:36.856Z;1001;inference;Clean_Air;0;97;0;-0,000873513;0.004318125;0.005191016;-0.002615534;-0,010067782;-0.012437567;-0.020701174;-0.026790857;
2026-07-30T04:36:37.392Z;1001;inference;Clean_Air;0;97;0;-0,000886754;0.00433161;0.005180909;-0.002648916;-0,010086128;-0.012418804;-0.020707201;-0.026817609;
2026-07-30T04:36:37.780Z;1001;inference;Clean_Air;0;97;0;-0,000875995;0.004333197;0.005184481;-0.002630028;-0,010084389;-0.012440049;-0.020663936;-0.026797915;
2026-07-30T04:36:38.319Z;1001;inference;Clean_Air;0;97;0;-0,000875995;0.004333197;0.005184481;-0.002630028;-0,010084389;-0.012440049;-0.020663936;-0.026797915;
2026-07-30T04:36:38.802Z;1001;inference;Clean_Air;0;97;0;-0,000869134;0.004334623;0.005194396;-0.002663375;-0,010070829;-0.012422373;-0.020652592;-0.026782518;
2026-07-30T04:36:39.343Z;1001;inference;Clean_Air;0;97;0;-0,000872944;0.004347853;0.005201633;-0.002608137;-0,010075566;-0.012405142;-0.020603081;-0.026771298;
2026-07-30T04:36:39.875Z;1001;inference;Clean_Air;0;98;0;-0,000864194;0.00435732;0.005232358;-0.002603773;-0,010067898;-0.012385631;-0.020606238;-0.026771903;
2026-07-30T04:36:40.424Z;1001;inference;Clean_Air;0;98;0;-0,000882405;0.004329591;0.005252152;-0.002621996;-0,010048483;-0.012400818;-0.020497624;-0.026747033;
2026-07-30T04:36:40.904Z;1001;inference;Clean_Air;0;98;0;-0,000901061;0.004340082;0.005246543;-0.002668383;-0,010056647;-0.012402338;-0.020461941;-0.02678827;
2026-07-30T04:36:41.291Z;1001;inference;Clean_Air;0;98;0;-0,000901061;0.004340082;0.005246543;-0.002668383;-0,010056647;-0.012402338;-0.020461941;-0.02678827;
2026-07-30T04:36:41.756Z;1001;inference;Clean_Air;0;98;0;-0,000901061;0.004340082;0.005246543;-0.002668383;-0,010056647;-0.012402338;-0.020461941;-0.02678827;
2026-07-30T04:36:42.257Z;1001;inference;Clean_Air;0;98;0;-0,000901061;0.004340082;0.005246543;-0.002668383;-0,010056647;-0.012402338;-0.020461941;-0.02678827;
2026-07-30T04:36:42.757Z;1001;inference;Clean_Air;0;98;0;-0,000901061;0.004340082;0.005246543;-0.002668383;-0,010056647;-0.012402338;-0.020461941;-0.02678827;
2026-07-30T04:36:43.303Z;1001;inference;Clean_Air;0;98;0;-0,000919286;0.004359723;0.005234632;-0.002616209;-0,010026523;-0.01233798;-0.020427749;-0.026738683;
2026-07-30T04:36:43.837Z;1001;inference;Clean_Air;0;98;0;-0,000931145;0.004361205;0.005223764;-0.002616706;-0,010027567;-0.012327867;-0.020378452;-0.026742214;
2026-07-30T04:36:44.382Z;1001;inference;Clean_Air;0;98;0;-0,000933641;0.004306417;0.005238687;-0.002635527;-0,010025362;-0.012297226;-0.020417942;-0.026801806;
2026-07-30T04:36:44.918Z;1001;inference;Clean_Air;0;98;0;-0,000928088;0.004326969;0.005253836;-0.002550865;-0,010037528;-0.012308238;-0.020401942;-0.026760321;
2026-07-30T04:36:45.305Z;1001;inference;Clean_Air;0;98;0;-0,000932451;0.004331676;0.005264731;-0.002558766;-0,010020539;-0.012279375;-0.020400217;-0.026778903;
2026-07-30T04:36:45.837Z;1001;inference;Clean_Air;0;98;0;-0,000932451;0.004331676;0.005264731;-0.002558766;-0,010020539;-0.012279375;-0.020400217;-0.026778903;
2026-07-30T04:36:46.307Z;1001;inference;Clean_Air;0;98;0;-0,00093571;0.004347209;0.005245562;-0.002524599;-0,010009354;-0.012299128;-0.02034026;-0.02678917;
2026-07-30T04:36:46.850Z;1001;inference;Clean_Air;0;98;0;-0,000939216;0.004387775;0.005240974;-0.002587677;-0,010003821;-0.012293094;-0.020382423;-0.026753109;
2026-07-30T04:36:47.375Z;1001;inference;Clean_Air;0;98;0;-0,000946192;0.004380242;0.00521323;-0.002578319;-0,009987811;-0.012303255;-0.02037162;-0.02674244;
2026-07-30T04:36:47.911Z;1001;inference;Clean_Air;0;97;0;-0,000934513;0.004374014;0.00519838;-0.002561839;-0,009978482;-0.012303161;-0.02041916;-0.02678502;
2026-07-30T04:36:48.287Z;1001;inference;Clean_Air;0;97;0;-0,000926519;0.004426541;0.005206504;-0.002517032;-0,010008302;-0.012319227;-0.020433892;-0.026753593;
2026-07-30T04:36:48.767Z;1001;inference;Clean_Air;0;97;0;-0,000926519;0.004426541;0.005206504;-0.002517032;-0,010008302;-0.012319227;-0.020433892;-0.026753593;
2026-07-30T04:36:49.317Z;1001;inference;Clean_Air;0;97;0;-0,000906618;0.004429085;0.005202307;-0.002520881;-0,010035947;-0.012361356;-0.020438358;-0.026821082;
2026-07-30T04:36:49.851Z;1001;inference;Clean_Air;0;97;0;-0,000908742;0.004378366;0.005202389;-0.002509754;-0,010016922;-0.012382234;-0.020479972;-0.026858699;
2026-07-30T04:36:50.388Z;1001;inference;Clean_Air;0;97;0;-0,00089868;0.004425135;0.005186538;-0.002494445;-0,010023735;-0.012388809;-0.020495389;-0.02677297;
2026-07-30T04:36:50.918Z;1001;inference;Clean_Air;0;97;0;-0,000925952;0.004381354;0.005180215;-0.002516457;-0,010010344;-0.012369517;-0.020521352;-0.026815344;
2026-07-30T04:36:51.448Z;1001;inference;Clean_Air;0;97;0;-0,000914435;0.004329398;0.005177549;-0.002519016;-0,01003251;-0.012399291;-0.02051346;-0.026795413;
2026-07-30T04:36:51.780Z;1001;inference;Clean_Air;0;97;0;-0,000914435;0.004329398;0.005177549;-0.002519016;-0,01003251;-0.012399291;-0.02051346;-0.026795413;
2026-07-30T04:36:52.048Z;1001;inference;Clean_Air;0;97;0;-0,000914435;0.004329398;0.005177549;-0.002519016;-0,01003251;-0.012399291;-0.02051346;-0.026795413;
2026-07-30T04:36:52.760Z;1001;inference;Clean_Air;0;97;0;-0,000914435;0.004329398;0.005177549;-0.002519016;-0,01003251;-0.012399291;-0.02051346;-0.026795413;
2026-07-30T04:36:53.262Z;1001;inference;Clean_Air;0;97;0;-0,000914435;0.004329398;0.005177549;-0.002519016;-0,01003251;-0.012399291;-0.02051346;-0.026795413;
2026-07-30T04:36:53.823Z;1001;inference;Clean_Air;0;97;0;-0,000913061;0.004323386;0.005175375;-0.002525547;-0,010066027;-0.012386459;-0.02058937;-0.026797226;
2026-07-30T04:36:54.406Z;1001;inference;Clean_Air;0;97;0;-0,0009011;0.004204717;0.005177587;-0.002531148;-0,01007809;-0.012404365;-0.020597093;-0.026851123;
2026-07-30T04:36:54.941Z;1001;inference;Clean_Air;0;97;0;-0,000903045;0.004217583;0.005165298;-0.002531697;-0,010173766;-0.012399111;-0.020611225;-0.026803309;
2026-07-30T04:36:55.426Z;1001;inference;Clean_Air;0;97;0;-0,000903745;0.004198984;0.005175994;-0.002584338;-0,010175915;-0.01240663;-0.020556126;-0.026775038;
2026-07-30T04:36:55.805Z;1001;inference;Clean_Air;0;97;0;-0,00089354;0.004133143;0.005151297;-0.002570061;-0,010167495;-0.012392019;-0.02050804;-0.026819507;
2026-07-30T04:36:56.329Z;1001;inference;Clean_Air;0;97;0;-0,00089354;0.004133143;0.005151297;-0.002570061;-0,010167495;-0.012392019;-0.02050804;-0.026819507;
2026-07-30T04:36:56.882Z;1001;inference;Clean_Air;0;97;0;-0,00091279;0.004117383;0.005156399;-0.00257376;-0,010143226;-0.012419811;-0.020512599;-0.026798796;
2026-07-30T04:36:57.333Z;1001;inference;Clean_Air;0;97;0;-0,000906136;0.0041554;0.005157906;-0.002593468;-0,010141117;-0.012404447;-0.020513721;-0.02673482;
2026-07-30T04:36:57.864Z;1001;inference;Clean_Air;0;97;0;-0,000923148;0.004109666;0.005186634;-0.002587748;-0,010133138;-0.012412458;-0.020516377;-0.026790261;
2026-07-30T04:36:58.414Z;1001;inference;Clean_Air;0;97;0;-0,000903725;0.004136443;0.005179483;-0.002608228;-0,010126464;-0.012441018;-0.020474171;-0.026790664;
2026-07-30T04:36:58.947Z;1001;inference;Clean_Air;0;97;0;-0,000910489;0.004121877;0.00517206;-0.002605177;-0,01012308;-0.012399925;-0.020544603;-0.026833856;
2026-07-30T04:36:59.333Z;1001;inference;Clean_Air;0;97;0;-0,000908558;0.004119034;0.005181906;-0.002615821;-0,010125235;-0.012428643;-0.020512912;-0.026837831;
2026-07-30T04:36:59.864Z;1001;inference;Clean_Air;0;97;0;-0,000908558;0.004119034;0.005181906;-0.002615821;-0,010125235;-0.012428643;-0.020512912;-0.026837831;
2026-07-30T04:37:00.341Z;1001;inference;Clean_Air;0;97;0;-0,000924249;0.004229472;0.005203388;-0.002654668;-0,010115819;-0.012467007;-0.020460784;-0.026819225;
2026-07-30T04:37:00.889Z;1001;inference;Clean_Air;0;98;0;-0,000921359;0.004259835;0.005240816;-0.00270912;-0,010022416;-0.012470496;-0.020494049;-0.026891362;
2026-07-30T04:37:01.417Z;1001;inference;Clean_Air;0;98;0;-0,000939136;0.004279682;0.005236226;-0.002652761;-0,010025513;-0.012464824;-0.020537449;-0.026889529;
2026-07-30T04:37:01.959Z;1001;inference;Clean_Air;0;98;0;-0,000960689;0.004395906;0.005227801;-0.002671212;-0,010016287;-0.012448492;-0.020654606;-0.026837135;
2026-07-30T04:37:02.281Z;1001;inference;Clean_Air;0;98;0;-0,000960689;0.004395906;0.005227801;-0.002671212;-0,010016287;-0.012448492;-0.020654606;-0.026837135;
2026-07-30T04:37:02.764Z;1001;inference;Clean_Air;0;98;0;-0,000960689;0.004395906;0.005227801;-0.002671212;-0,010016287;-0.012448492;-0.020654606;-0.026837135;
2026-07-30T04:37:03.289Z;1001;inference;Clean_Air;0;98;0;-0,000960689;0.004395906;0.005227801;-0.002671212;-0,010016287;-0.012448492;-0.020654606;-0.026837135;
2026-07-30T04:37:03.752Z;1001;inference;Clean_Air;0;98;0;-0,000960689;0.004395906;0.005227801;-0.002671212;-0,010016287;-0.012448492;-0.020654606;-0.026837135;
2026-07-30T04:37:04.324Z;1001;inference;Clean_Air;0;98;0;-0,000952686;0.00445946;0.005234124;-0.002678125;-0,010018518;-0.012424594;-0.020663898;-0.026888847;
2026-07-30T04:37:04.850Z;1001;inference;Clean_Air;0;98;0;-0,00094666;0.004466701;0.00522619;-0.002667325;-0,010013847;-0.012425761;-0.020673819;-0.026915442;
2026-07-30T04:37:05.395Z;1001;inference;Clean_Air;0;98;0;-0,000943667;0.004475575;0.005224577;-0.002682239;-0,010013053;-0.012421025;-0.020665048;-0.026939135;
2026-07-30T04:37:05.978Z;1001;inference;Clean_Air;0;97;0;-0,000938749;0.0044273;0.005208625;-0.002613977;-0,010013641;-0.01241341;-0.020726725;-0.026866088;
2026-07-30T04:37:06.324Z;1001;inference;Clean_Air;0;98;0;-0,000951613;0.004543267;0.00521483;-0.002614009;-0,010043663;-0.012410688;-0.020703247;-0.026839938;
2026-07-30T04:37:06.781Z;1001;inference;Clean_Air;0;98;0;-0,000951613;0.004543267;0.00521483;-0.002614009;-0,010043663;-0.012410688;-0.020703247;-0.026839938;
2026-07-30T04:37:07.320Z;1001;inference;Clean_Air;0;98;0;-0,0009733;0.004531826;0.005216165;-0.002602455;-0,010049959;-0.012396155;-0.020708725;-0.026826371;
2026-07-30T04:37:07.854Z;1001;inference;Clean_Air;0;97;0;-0,000957995;0.004487807;0.005189766;-0.002552756;-0,010042767;-0.012350219;-0.02082126;-0.026777172;
2026-07-30T04:37:08.388Z;1001;inference;Clean_Air;0;97;0;-0,000961791;0.004433075;0.005159902;-0.00251042;-0,010070699;-0.012356037;-0.020800324;-0.02676258;
2026-07-30T04:37:08.923Z;1001;inference;Clean_Air;0;97;0;-0,000937674;0.004412835;0.005163231;-0.002507136;-0,010086915;-0.012357948;-0.020812428;-0.026780734;
2026-07-30T04:37:09.298Z;1001;inference;Clean_Air;0;97;0;-0,000929696;0.004382889;0.005191316;-0.002436236;-0,010066845;-0.012313506;-0.020810161;-0.026823472;
2026-07-30T04:37:09.772Z;1001;inference;Clean_Air;0;97;0;-0,000929696;0.004382889;0.005191316;-0.002436236;-0,010066845;-0.012313506;-0.020810161;-0.026823472;
2026-07-30T04:37:10.318Z;1001;inference;Clean_Air;0;98;0;-0,000921436;0.004269659;0.005215296;-0.002364894;-0,010086596;-0.01232964;-0.02078912;-0.026792115;
2026-07-30T04:37:10.844Z;1001;inference;Clean_Air;0;98;0;-0,000927449;0.004290628;0.005219114;-0.002364053;-0,010120943;-0.012308762;-0.020736737;-0.026717547;
2026-07-30T04:37:11.388Z;1001;inference;Clean_Air;0;97;0;-0,000909035;0.004260888;0.005196227;-0.002345444;-0,010137267;-0.01231757;-0.020756477;-0.02669332;
2026-07-30T04:37:11.922Z;1001;inference;Clean_Air;0;98;0;-0,000924755;0.004305139;0.005235699;-0.002386214;-0,010142466;-0.012324734;-0.020738613;-0.026761014;
2026-07-30T04:37:12.462Z;1001;inference;Clean_Air;0;98;0;-0,000911204;0.004248254;0.005227079;-0.002391141;-0,010124621;-0.012325968;-0.020735953;-0.026762307;
2026-07-30T04:37:12.779Z;1001;inference;Clean_Air;0;98;0;-0,000911204;0.004248254;0.005227079;-0.002391141;-0,010124621;-0.012325968;-0.020735953;-0.026762307;
2026-07-30T04:37:13.261Z;1001;inference;Clean_Air;0;98;0;-0,000911204;0.004248254;0.005227079;-0.002391141;-0,010124621;-0.012325968;-0.020735953;-0.026762307;
2026-07-30T04:37:13.762Z;1001;inference;Clean_Air;0;98;0;-0,000911204;0.004248254;0.005227079;-0.002391141;-0,010124621;-0.012325968;-0.020735953;-0.026762307;
2026-07-30T04:37:14.268Z;1001;inference;Clean_Air;0;98;0;-0,000911204;0.004248254;0.005227079;-0.002391141;-0,010124621;-0.012325968;-0.020735953;-0.026762307;
2026-07-30T04:37:14.829Z;1001;inference;Clean_Air;0;97;0;-0,000896156;0.004229748;0.005202951;-0.002401575;-0,010117673;-0.012335761;-0.020723529;-0.026735565;
2026-07-30T04:37:15.366Z;1001;inference;Clean_Air;0;98;0;-0,000894983;0.004249905;0.005230886;-0.002390592;-0,010095715;-0.012340801;-0.020663084;-0.026775803;
2026-07-30T04:37:15.909Z;1001;inference;Clean_Air;0;98;0;-0,000900833;0.004256449;0.005251372;-0.002396941;-0,010069844;-0.012345585;-0.020663422;-0.026788101;
2026-07-30T04:37:16.284Z;1001;inference;Clean_Air;0;98;0;-0,000933167;0.004218163;0.005250318;-0.002408211;-0,010033743;-0.012329413;-0.020727005;-0.026822645;
2026-07-30T04:37:16.762Z;1001;inference;Clean_Air;0;98;0;-0,000933167;0.004218163;0.005250318;-0.002408211;-0,010033743;-0.012329413;-0.020727005;-0.026822645;
2026-07-30T04:37:17.311Z;1001;inference;Clean_Air;0;98;0;-0,000945537;0.004185316;0.005257812;-0.002460515;-0,010053228;-0.012399329;-0.020669203;-0.026847342;
2026-07-30T04:37:17.845Z;1001;inference;Clean_Air;0;98;0;-0,000938309;0.004297868;0.00525298;-0.002504007;-0,010046456;-0.012398477;-0.020692067;-0.026855504;
2026-07-30T04:37:18.392Z;1001;inference;Clean_Air;0;98;0;-0,00092684;0.004222671;0.005251221;-0.002487706;-0,010026755;-0.012403576;-0.020739403;-0.026934367;
2026-07-30T04:37:18.927Z;1001;inference;Clean_Air;0;98;0;-0,000918257;0.004251244;0.005268097;-0.002499938;-0,010032162;-0.012383543;-0.020717314;-0.026934545;
2026-07-30T04:37:19.315Z;1001;inference;Clean_Air;0;98;0;-0,000916665;0.004202122;0.005261919;-0.002531631;-0,010034855;-0.012377192;-0.020663153;-0.026921134;
2026-07-30T04:37:19.854Z;1001;inference;Clean_Air;0;98;0;-0,000916665;0.004202122;0.005261919;-0.002531631;-0,010034855;-0.012377192;-0.020663153;-0.026921134;
2026-07-30T04:37:20.323Z;1001;inference;Clean_Air;0;98;0;-0,000920412;0.004213414;0.005275595;-0.002521925;-0,010026027;-0.012376023;-0.02067792;-0.026910922;
2026-07-30T04:37:20.879Z;1001;inference;Clean_Air;0;98;0;-0,000904786;0.004232831;0.005303214;-0.002529062;-0,010039566;-0.012363813;-0.020716982;-0.02693766;
2026-07-30T04:37:21.416Z;1001;inference;Clean_Air;0;98;0;-0,000914679;0.004152332;0.005358062;-0.002580745;-0,010050705;-0.012309555;-0.020692049;-0.026955783;
2026-07-30T04:37:21.792Z;1001;inference;Clean_Air;0;98;0;-0,000908673;0.004124988;0.005367582;-0.002507506;-0,010053524;-0.012304325;-0.02064457;-0.026882773;
2026-07-30T04:37:22.430Z;1001;inference;Clean_Air;0;98;0;-0,000908673;0.004124988;0.005367582;-0.002507506;-0,010053524;-0.012304325;-0.02064457;-0.026882773;
2026-07-30T04:37:22.792Z;1001;inference;Clean_Air;0;98;0;-0,000891524;0.004155687;0.005365469;-0.002511703;-0,010083484;-0.012307601;-0.020583563;-0.026835736;
2026-07-30T04:37:23.259Z;1001;inference;Clean_Air;0;98;0;-0,000891524;0.004155687;0.005365469;-0.002511703;-0,010083484;-0.012307601;-0.020583563;-0.026835736;
2026-07-30T04:37:23.761Z;1001;inference;Clean_Air;0;98;0;-0,000891524;0.004155687;0.005365469;-0.002511703;-0,010083484;-0.012307601;-0.020583563;-0.026835736;
2026-07-30T04:37:24.261Z;1001;inference;Clean_Air;0;98;0;-0,000891524;0.004155687;0.005365469;-0.002511703;-0,010083484;-0.012307601;-0.020583563;-0.026835736;
2026-07-30T04:37:24.755Z;1001;inference;Clean_Air;0;98;0;-0,000891524;0.004155687;0.005365469;-0.002511703;-0,010083484;-0.012307601;-0.020583563;-0.026835736;
2026-07-30T04:37:25.306Z;1001;inference;Clean_Air;0;98;0;-0,000879967;0.004175647;0.005277513;-0.002569938;-0,010089741;-0.012302059;-0.020578308;-0.026820626;
2026-07-30T04:37:25.840Z;1001;inference;Clean_Air;0;98;0;-0,000907507;0.004124186;0.005261907;-0.002591458;-0,010084515;-0.012312338;-0.020568762;-0.026783055;
2026-07-30T04:37:26.385Z;1001;inference;Clean_Air;0;98;0;-0,000914463;0.004181827;0.005249975;-0.002585566;-0,010101569;-0.012294714;-0.020566005;-0.026814342;
2026-07-30T04:37:26.917Z;1001;inference;Clean_Air;0;98;0;-0,00091751;0.004179172;0.005256047;-0.002578215;-0,010075158;-0.012311926;-0.02057134;-0.026818534;
2026-07-30T04:37:27.297Z;1001;inference;Clean_Air;0;98;0;-0,000922254;0.004164119;0.005262198;-0.002587041;-0,010065981;-0.012312093;-0.020619875;-0.026811019;
2026-07-30T04:37:27.828Z;1001;inference;Clean_Air;0;98;0;-0,000922254;0.004164119;0.005262198;-0.002587041;-0,010065981;-0.012312093;-0.020619875;-0.026811019;
2026-07-30T04:37:28.310Z;1001;inference;Clean_Air;0;98;0;-0,000908891;0.004161834;0.005255523;-0.002584992;-0,010075214;-0.012314926;-0.020632017;-0.0267986;
2026-07-30T04:37:28.844Z;1001;inference;Clean_Air;0;98;0;-0,000925145;0.004182643;0.005224995;-0.00256412;-0,010065413;-0.012310458;-0.020601038;-0.026800822;
2026-07-30T04:37:29.375Z;1001;inference;Clean_Air;0;97;0;-0,000916048;0.004227136;0.005174907;-0.002521836;-0,010061112;-0.012356864;-0.020643445;-0.026744753;
2026-07-30T04:37:29.928Z;1001;inference;Clean_Air;0;97;0;-0,000918651;0.004195911;0.005134319;-0.002582831;-0,010070814;-0.012354509;-0.020672973;-0.026819602;
2026-07-30T04:37:30.304Z;1001;inference;Clean_Air;0;97;0;-0,000914451;0.004204191;0.005138083;-0.002563816;-0,010055531;-0.012368615;-0.020622183;-0.026826575;
2026-07-30T04:37:30.780Z;1001;inference;Clean_Air;0;97;0;-0,000914451;0.004204191;0.005138083;-0.002563816;-0,010055531;-0.012368615;-0.020622183;-0.026826575;
2026-07-30T04:37:31.327Z;1001;inference;Clean_Air;0;97;0;-0,000905854;0.004142018;0.005202542;-0.002525481;-0,010060793;-0.012354573;-0.020638119;-0.026768859;
2026-07-30T04:37:31.860Z;1001;inference;Clean_Air;0;97;0;-0,000913924;0.004153841;0.005211006;-0.002532921;-0,010054609;-0.012330309;-0.020664092;-0.026761372;
2026-07-30T04:37:32.407Z;1001;inference;Clean_Air;0;97;0;-0,000882455;0.004165049;0.005201167;-0.002484286;-0,010029436;-0.012385062;-0.020619961;-0.026766414;
2026-07-30T04:37:32.887Z;1001;inference;Clean_Air;0;97;0;-0,000897118;0.004157794;0.005183288;-0.00249344;-0,010048712;-0.012376192;-0.020564344;-0.026701471;
2026-07-30T04:37:33.294Z;1001;inference;Clean_Air;0;97;0;-0,000897118;0.004157794;0.005183288;-0.00249344;-0,010048712;-0.012376192;-0.020564344;-0.026701471;
2026-07-30T04:37:33.752Z;1001;inference;Clean_Air;0;97;0;-0,000897118;0.004157794;0.005183288;-0.00249344;-0,010048712;-0.012376192;-0.020564344;-0.026701471;
2026-07-30T04:37:34.254Z;1001;inference;Clean_Air;0;97;0;-0,000897118;0.004157794;0.005183288;-0.00249344;-0,010048712;-0.012376192;-0.020564344;-0.026701471;
2026-07-30T04:37:34.754Z;1001;inference;Clean_Air;0;97;0;-0,000897118;0.004157794;0.005183288;-0.00249344;-0,010048712;-0.012376192;-0.020564344;-0.026701471;
2026-07-30T04:37:35.294Z;1001;inference;Clean_Air;0;97;0;-0,000883673;0.00422223;0.005178192;-0.002464065;-0,01002428;-0.01236787;-0.020572584;-0.026653508;
2026-07-30T04:37:35.876Z;1001;inference;Clean_Air;0;97;0;-0,00090121;0.004268233;0.005182093;-0.0024788;-0,009989393;-0.012369487;-0.020567086;-0.026696151;
2026-07-30T04:37:36.412Z;1001;inference;Clean_Air;0;97;0;-0,000902186;0.004251424;0.00518245;-0.002473849;-0,009964506;-0.012376497;-0.020532418;-0.026629765;
2026-07-30T04:37:36.898Z;1001;inference;Clean_Air;0;97;0;-0,000893298;0.004268304;0.00517696;-0.002486868;-0,009902924;-0.01237317;-0.020519508;-0.026682282;
2026-07-30T04:37:37.278Z;1001;inference;Clean_Air;0;97;0;-0,000894784;0.004300467;0.005193411;-0.00248589;-0,009909525;-0.012378759;-0.020546565;-0.026692366;
2026-07-30T04:37:37.810Z;1001;inference;Clean_Air;0;97;0;-0,000894784;0.004300467;0.005193411;-0.00248589;-0,009909525;-0.012378759;-0.020546565;-0.026692366;
2026-07-30T04:37:38.291Z;1001;inference;Clean_Air;0;97;0;-0,000887133;0.004314688;0.005204731;-0.002497479;-0,00992328;-0.012375464;-0.020606587;-0.026667858;
2026-07-30T04:37:38.821Z;1001;inference;Clean_Air;0;97;0;-0,000886627;0.004384;0.00519523;-0.002466998;-0,009923269;-0.01242033;-0.020592639;-0.02669928;
2026-07-30T04:37:39.349Z;1001;inference;Clean_Air;0;97;0;-0,000867855;0.00439076;0.005186605;-0.002457013;-0,009926463;-0.012437078;-0.020585375;-0.026786935;
2026-07-30T04:37:39.901Z;1001;inference;Clean_Air;0;98;0;-0,000925925;0.004436921;0.00521721;-0.002511748;-0,009943727;-0.012400569;-0.020646904;-0.026746545;
2026-07-30T04:37:40.432Z;1001;inference;Clean_Air;0;98;0;-0,000919808;0.004445576;0.005220829;-0.002502455;-0,00996208;-0.012402704;-0.020752264;-0.026827503;
2026-07-30T04:37:40.832Z;1001;inference;Clean_Air;0;98;0;-0,000924216;0.004465395;0.005221075;-0.002522041;-0,009986849;-0.012409368;-0.020754373;-0.026877064;
2026-07-30T04:37:41.363Z;1001;inference;Clean_Air;0;98;0;-0,000924216;0.004465395;0.005221075;-0.002522041;-0,009986849;-0.012409368;-0.020754373;-0.026877064;
2026-07-30T04:37:41.837Z;1001;inference;Clean_Air;0;98;0;-0,00092426;0.004409737;0.005227651;-0.002509261;-0,010013303;-0.012408626;-0.020727854;-0.026904572;
2026-07-30T04:37:42.388Z;1001;inference;Clean_Air;0;98;0;-0,000933323;0.004405014;0.005272956;-0.00255404;-0,010040699;-0.012417842;-0.020729203;-0.026907157;
2026-07-30T04:37:42.915Z;1001;inference;Clean_Air;0;98;0;-0,000937488;0.004410652;0.005262314;-0.002542184;-0,010148434;-0.012466922;-0.020669457;-0.026858428;
2026-07-30T04:37:43.458Z;1001;inference;Clean_Air;0;98;0;-0,000935912;0.004462247;0.005277815;-0.002554203;-0,010125096;-0.012463723;-0.020668091;-0.026791191;
2026-07-30T04:37:43.780Z;1001;inference;Clean_Air;0;98;0;-0,000935912;0.004462247;0.005277815;-0.002554203;-0,010125096;-0.012463723;-0.020668091;-0.026791191;
2026-07-30T04:37:44.254Z;1001;inference;Clean_Air;0;98;0;-0,000935912;0.004462247;0.005277815;-0.002554203;-0,010125096;-0.012463723;-0.020668091;-0.026791191;
2026-07-30T04:37:44.755Z;1001;inference;Clean_Air;0;98;0;-0,000935912;0.004462247;0.005277815;-0.002554203;-0,010125096;-0.012463723;-0.020668091;-0.026791191;
2026-07-30T04:37:45.256Z;1001;inference;Clean_Air;0;98;0;-0,000935912;0.004462247;0.005277815;-0.002554203;-0,010125096;-0.012463723;-0.020668091;-0.026791191;
2026-07-30T04:37:45.823Z;1001;inference;Clean_Air;0;98;0;-0,000927054;0.004439942;0.005250581;-0.002497335;-0,010131923;-0.012398244;-0.020640042;-0.026806941;
2026-07-30T04:37:46.353Z;1001;inference;Clean_Air;0;98;0;-0,000930439;0.004427417;0.005253958;-0.002529749;-0,010150335;-0.012338827;-0.020637635;-0.026769713;
2026-07-30T04:37:46.902Z;1001;inference;Clean_Air;0;98;0;-0,000947269;0.004428739;0.005247637;-0.00251155;-0,010151152;-0.012345122;-0.020605108;-0.026699668;
2026-07-30T04:37:47.278Z;1001;inference;Clean_Air;0;98;0;-0,000925879;0.004378065;0.005246032;-0.002526891;-0,010145111;-0.012350475;-0.020608708;-0.026638741;
2026-07-30T04:37:47.754Z;1001;inference;Clean_Air;0;98;0;-0,000925879;0.004378065;0.005246032;-0.002526891;-0,010145111;-0.012350475;-0.020608708;-0.026638741;
2026-07-30T04:37:48.302Z;1001;inference;Clean_Air;0;98;0;-0,000912484;0.004425476;0.005235943;-0.002547773;-0,010123336;-0.012354676;-0.020574776;-0.026637066;
2026-07-30T04:37:48.836Z;1001;inference;Clean_Air;0;98;0;-0,000921244;0.004459945;0.005226999;-0.002537901;-0,010119066;-0.012354332;-0.020587007;-0.026600793;
2026-07-30T04:37:49.373Z;1001;inference;Clean_Air;0;98;0;-0,000906018;0.004495514;0.005220703;-0.002547171;-0,010117402;-0.01235696;-0.020549474;-0.02659826;
2026-07-30T04:37:49.899Z;1001;inference;Clean_Air;0;98;0;-0,000901491;0.00452069;0.005234005;-0.002513828;-0,010096688;-0.012356026;-0.020579824;-0.026643533;
2026-07-30T04:37:50.297Z;1001;inference;Clean_Air;0;98;0;-0,000902708;0.004529594;0.005232924;-0.002447766;-0,010154009;-0.012353254;-0.020590175;-0.026749421;
2026-07-30T04:37:50.833Z;1001;inference;Clean_Air;0;98;0;-0,000902708;0.004529594;0.005232924;-0.002447766;-0,010154009;-0.012353254;-0.020590175;-0.026749421;
2026-07-30T04:37:51.314Z;1001;inference;Clean_Air;0;98;0;-0,000895161;0.00444901;0.005300838;-0.002427876;-0,010259271;-0.012392795;-0.020573357;-0.026820257;
2026-07-30T04:37:51.857Z;1001;inference;Clean_Air;0;98;0;-0,000937328;0.004402659;0.005322328;-0.002493385;-0,010228412;-0.012449692;-0.020651512;-0.026820276;
2026-07-30T04:37:52.395Z;1001;inference;Clean_Air;0;98;0;-0,000949195;0.004337515;0.005348726;-0.002456206;-0,010198376;-0.012474902;-0.020599538;-0.026925469;
2026-07-30T04:37:52.780Z;1001;inference;Clean_Air;0;98;0;-0,000929902;0.004320345;0.005348915;-0.002483374;-0,010195236;-0.012475321;-0.020626267;-0.026994606;
2026-07-30T04:37:53.413Z;1001;inference;Clean_Air;0;98;0;-0,000929902;0.004320345;0.005348915;-0.002483374;-0,010195236;-0.012475321;-0.020626267;-0.026994606;
2026-07-30T04:37:53.793Z;1001;inference;Clean_Air;0;98;0;-0,000921763;0.004259692;0.005319322;-0.002488399;-0,010189197;-0.012481132;-0.020641351;-0.027049337;
2026-07-30T04:37:54.252Z;1001;inference;Clean_Air;0;98;0;-0,000921763;0.004259692;0.005319322;-0.002488399;-0,010189197;-0.012481132;-0.020641351;-0.027049337;
2026-07-30T04:37:54.789Z;1001;inference;Clean_Air;0;98;0;-0,000921763;0.004259692;0.005319322;-0.002488399;-0,010189197;-0.012481132;-0.020641351;-0.027049337;
2026-07-30T04:37:55.254Z;1001;inference;Clean_Air;0;98;0;-0,000921763;0.004259692;0.005319322;-0.002488399;-0,010189197;-0.012481132;-0.020641351;-0.027049337;
2026-07-30T04:37:55.755Z;1001;inference;Clean_Air;0;98;0;-0,000921763;0.004259692;0.005319322;-0.002488399;-0,010189197;-0.012481132;-0.020641351;-0.027049337;
2026-07-30T04:37:56.308Z;1001;inference;Clean_Air;0;98;0;-0,000944625;0.004245767;0.005340043;-0.002468663;-0,010178193;-0.012487793;-0.020639801;-0.027068194;
2026-07-30T04:37:56.838Z;1001;inference;Clean_Air;0;98;0;-0,000919961;0.00419892;0.005345713;-0.002476051;-0,010155743;-0.012489965;-0.020612657;-0.02713033;
2026-07-30T04:37:57.368Z;1001;inference;Clean_Air;0;98;0;-0,00092134;0.004107953;0.005341843;-0.0025183;-0,010162303;-0.01248925;-0.020629935;-0.027128929;
2026-07-30T04:37:57.893Z;1001;inference;Clean_Air;0;98;0;-0,000921424;0.004132125;0.005304509;-0.0025381;-0,010250153;-0.012474706;-0.020695116;-0.027091483;
2026-07-30T04:37:58.282Z;1001;inference;Clean_Air;0;98;0;-0,000906821;0.004110468;0.005287559;-0.002618945;-0,010177037;-0.012428846;-0.020747103;-0.027043184;
2026-07-30T04:37:58.813Z;1001;inference;Clean_Air;0;98;0;-0,000906821;0.004110468;0.005287559;-0.002618945;-0,010177037;-0.012428846;-0.020747103;-0.027043184;
2026-07-30T04:37:59.287Z;1001;inference;Clean_Air;0;97;0;-0,00090128;0.004176972;0.005210972;-0.002630905;-0,010097509;-0.01240323;-0.020738419;-0.02703177;
2026-07-30T04:37:59.826Z;1001;inference;Clean_Air;0;98;0;-0,000888596;0.004239998;0.005212016;-0.002614355;-0,010128765;-0.012399717;-0.020732054;-0.027026098;
2026-07-30T04:38:00.355Z;1001;inference;Clean_Air;0;97;0;-0,00088269;0.004243129;0.005187574;-0.002649374;-0,010142598;-0.012393907;-0.020790081;-0.026980307;
2026-07-30T04:38:00.913Z;1001;inference;Clean_Air;0;97;0;-0,000885672;0.004262055;0.005176859;-0.002643215;-0,010156652;-0.012369554;-0.020773813;-0.026983013;
2026-07-30T04:38:01.290Z;1001;inference;Clean_Air;0;98;0;-0,000881655;0.004324878;0.00522035;-0.002615634;-0,010183221;-0.012354562;-0.020743858;-0.026985073;
2026-07-30T04:38:01.760Z;1001;inference;Clean_Air;0;98;0;-0,000881655;0.004324878;0.00522035;-0.002615634;-0,010183221;-0.012354562;-0.020743858;-0.026985073;
2026-07-30T04:38:02.313Z;1001;inference;Clean_Air;0;97;0;-0,000863834;0.004293736;0.005208679;-0.002616807;-0,010196764;-0.012346193;-0.020736955;-0.026961219;
2026-07-30T04:38:02.845Z;1001;inference;Clean_Air;0;97;0;-0,000886404;0.004293966;0.005210291;-0.002657621;-0,010217694;-0.012327164;-0.020757012;-0.026964307;
2026-07-30T04:38:03.398Z;1001;inference;Clean_Air;0;97;0;-0,000899006;0.004330876;0.005205638;-0.002602811;-0,010231705;-0.012333767;-0.020815369;-0.02690124;
2026-07-30T04:38:03.878Z;1001;inference;Clean_Air;0;98;0;-0,000895601;0.004219487;0.005238166;-0.002537978;-0,010150539;-0.01233562;-0.020750389;-0.026956815;
2026-07-30T04:38:04.290Z;1001;inference;Clean_Air;0;98;0;-0,000895601;0.004219487;0.005238166;-0.002537978;-0,010150539;-0.01233562;-0.020750389;-0.026956815;
2026-07-30T04:38:04.755Z;1001;inference;Clean_Air;0;98;0;-0,000895601;0.004219487;0.005238166;-0.002537978;-0,010150539;-0.01233562;-0.020750389;-0.026956815;
2026-07-30T04:38:05.259Z;1001;inference;Clean_Air;0;98;0;-0,000895601;0.004219487;0.005238166;-0.002537978;-0,010150539;-0.01233562;-0.020750389;-0.026956815;
2026-07-30T04:38:05.774Z;1001;inference;Clean_Air;0;98;0;-0,000895601;0.004219487;0.005238166;-0.002537978;-0,010150539;-0.01233562;-0.020750389;-0.026956815;
2026-07-30T04:38:06.317Z;1001;inference;Clean_Air;0;98;0;-0,000894183;0.004239781;0.00524247;-0.002525933;-0,010130467;-0.012354965;-0.020806635;-0.026961451;
2026-07-30T04:38:06.842Z;1001;inference;Clean_Air;0;98;0;-0,000904733;0.004240769;0.00524168;-0.002521504;-0,010129224;-0.01234466;-0.02079575;-0.026957;
2026-07-30T04:38:07.379Z;1001;inference;Clean_Air;0;98;0;-0,000876884;0.004227095;0.00523691;-0.002523243;-0,010120644;-0.01236099;-0.020738749;-0.026940912;
2026-07-30T04:38:07.908Z;1001;inference;Clean_Air;0;98;0;-0,000872654;0.004299719;0.005235955;-0.002522965;-0,010126987;-0.012365361;-0.020734873;-0.026942983;
2026-07-30T04:38:08.303Z;1001;inference;Clean_Air;0;98;0;-0,000864663;0.00428537;0.005223515;-0.002533679;-0,010122563;-0.012373229;-0.020754313;-0.026911935;
2026-07-30T04:38:08.835Z;1001;inference;Clean_Air;0;98;0;-0,000864663;0.00428537;0.005223515;-0.002533679;-0,010122563;-0.012373229;-0.020754313;-0.026911935;
2026-07-30T04:38:09.317Z;1001;inference;Clean_Air;0;98;0;-0,000864557;0.004292161;0.005215003;-0.002551431;-0,010103637;-0.01238752;-0.02077884;-0.026887989;
2026-07-30T04:38:09.851Z;1001;inference;Clean_Air;0;98;0;-0,000882004;0.004273134;0.00523576;-0.002538135;-0,010100182;-0.012404464;-0.020773623;-0.026887938;
2026-07-30T04:38:10.383Z;1001;inference;Clean_Air;0;98;0;-0,000877159;0.004273663;0.005238682;-0.002508969;-0,010113063;-0.012463984;-0.020772364;-0.026885003;
2026-07-30T04:38:10.775Z;1001;inference;Clean_Air;0;98;0;-0,000879213;0.004298395;0.005236197;-0.002443595;-0,010086927;-0.01244578;-0.020707626;-0.026890099;
2026-07-30T04:38:11.310Z;1001;inference;Clean_Air;0;98;0;-0,000879213;0.004298395;0.005236197;-0.002443595;-0,010086927;-0.01244578;-0.020707626;-0.026890099;
2026-07-30T04:38:11.783Z;1001;inference;Clean_Air;0;98;0;-0,000894287;0.004380174;0.005217554;-0.002477861;-0,01008588;-0.012447489;-0.020669591;-0.026901502;
2026-07-30T04:38:12.326Z;1001;inference;Clean_Air;0;97;0;-0,000888164;0.004413306;0.0052081;-0.002463099;-0,010117516;-0.012420679;-0.020622654;-0.026911382;
2026-07-30T04:38:12.912Z;1001;inference;Clean_Air;0;98;0;-0,000882346;0.004386603;0.0052261;-0.002455667;-0,010107175;-0.012405952;-0.020642275;-0.026898205;
2026-07-30T04:38:13.517Z;1001;inference;Clean_Air;0;97;0;-0,000901085;0.004406365;0.005204775;-0.002457399;-0,010087093;-0.012404667;-0.020654723;-0.026911506;
2026-07-30T04:38:13.894Z;1001;inference;Clean_Air;0;97;0;-0,000894943;0.004402407;0.005201631;-0.002457043;-0,010080541;-0.012403525;-0.020643182;-0.026916957;
2026-07-30T04:38:14.261Z;1001;inference;Clean_Air;0;97;0;-0,000894943;0.004402407;0.005201631;-0.002457043;-0,010080541;-0.012403525;-0.020643182;-0.026916957;
2026-07-30T04:38:14.756Z;1001;inference;Clean_Air;0;97;0;-0,000894943;0.004402407;0.005201631;-0.002457043;-0,010080541;-0.012403525;-0.020643182;-0.026916957;
2026-07-30T04:38:15.258Z;1001;inference;Clean_Air;0;97;0;-0,000894943;0.004402407;0.005201631;-0.002457043;-0,010080541;-0.012403525;-0.020643182;-0.026916957;
2026-07-30T04:38:15.764Z;1001;inference;Clean_Air;0;97;0;-0,000894943;0.004402407;0.005201631;-0.002457043;-0,010080541;-0.012403525;-0.020643182;-0.026916957;
2026-07-30T04:38:16.305Z;1001;inference;Clean_Air;0;98;0;-0,000910211;0.004398144;0.00524719;-0.002450118;-0,010088715;-0.012411094;-0.020626299;-0.026897918;
2026-07-30T04:38:16.835Z;1001;inference;Clean_Air;0;98;0;-0,000934077;0.004326385;0.005255518;-0.002502984;-0,010088925;-0.012403198;-0.020614596;-0.02691167;
2026-07-30T04:38:17.385Z;1001;inference;Clean_Air;0;98;0;-0,000910281;0.004323318;0.005222904;-0.002505566;-0,010095486;-0.012371862;-0.020671705;-0.026918858;
2026-07-30T04:38:17.920Z;1001;inference;Clean_Air;0;98;0;-0,000874658;0.004311147;0.005213714;-0.00247561;-0,010085525;-0.012324126;-0.020721637;-0.026855599;
2026-07-30T04:38:18.309Z;1001;inference;Clean_Air;0;97;0;-0,000874088;0.004261464;0.005205191;-0.002502744;-0,01008655;-0.012332335;-0.020710636;-0.026868159;
2026-07-30T04:38:18.841Z;1001;inference;Clean_Air;0;97;0;-0,000874088;0.004261464;0.005205191;-0.002502744;-0,01008655;-0.012332335;-0.020710636;-0.026868159;
2026-07-30T04:38:19.317Z;1001;inference;Clean_Air;0;97;0;-0,000875873;0.004254472;0.005210065;-0.002524199;-0,010085084;-0.01232763;-0.020771729;-0.026860949;
2026-07-30T04:38:19.864Z;1001;inference;Clean_Air;0;98;0;-0,000895736;0.00414573;0.005233093;-0.002545756;-0,010062468;-0.012334108;-0.020799082;-0.026846293;
2026-07-30T04:38:20.401Z;1001;inference;Clean_Air;0;97;0;-0,000912734;0.004113405;0.005201951;-0.002538376;-0,010038687;-0.012357206;-0.020763736;-0.02686674;
2026-07-30T04:38:20.788Z;1001;inference;Clean_Air;0;97;0;-0,000927372;0.004124478;0.005203467;-0.002515866;-0,010082789;-0.012352864;-0.020777237;-0.026881546;
2026-07-30T04:38:21.326Z;1001;inference;Clean_Air;0;97;0;-0,000927372;0.004124478;0.005203467;-0.002515866;-0,010082789;-0.012352864;-0.020777237;-0.026881546;
2026-07-30T04:38:21.798Z;1001;inference;Clean_Air;0;98;0;-0,00093461;0.004116836;0.005227749;-0.002490615;-0,010075624;-0.012332665;-0.020797983;-0.026874701;
2026-07-30T04:38:22.351Z;1001;inference;Clean_Air;0;98;0;-0,000927717;0.004062953;0.005212564;-0.002476854;-0,010075657;-0.012293432;-0.020834906;-0.026878322;
2026-07-30T04:38:22.883Z;1001;inference;Clean_Air;0;97;0;-0,000910777;0.004120252;0.005184396;-0.002428239;-0,010074791;-0.012292712;-0.020841438;-0.026897958;
2026-07-30T04:38:23.423Z;1001;inference;Clean_Air;0;97;0;-0,00092642;0.004180312;0.005200232;-0.00248676;-0,010056408;-0.012299355;-0.020832857;-0.02689347;
2026-07-30T04:38:23.903Z;1001;inference;Clean_Air;0;98;0;-0,000956496;0.004186003;0.005213084;-0.002523933;-0,010048563;-0.012291513;-0.020787846;-0.026952211;
2026-07-30T04:38:24.290Z;1001;inference;Clean_Air;0;98;0;-0,000956496;0.004186003;0.005213084;-0.002523933;-0,010048563;-0.012291513;-0.020787846;-0.026952211;
2026-07-30T04:38:24.752Z;1001;inference;Clean_Air;0;98;0;-0,000956496;0.004186003;0.005213084;-0.002523933;-0,010048563;-0.012291513;-0.020787846;-0.026952211;
2026-07-30T04:38:25.252Z;1001;inference;Clean_Air;0;98;0;-0,000956496;0.004186003;0.005213084;-0.002523933;-0,010048563;-0.012291513;-0.020787846;-0.026952211;
2026-07-30T04:38:25.767Z;1001;inference;Clean_Air;0;98;0;-0,000956496;0.004186003;0.005213084;-0.002523933;-0,010048563;-0.012291513;-0.020787846;-0.026952211;
2026-07-30T04:38:26.306Z;1001;inference;Clean_Air;0;98;0;-0,000946248;0.004228643;0.00524924;-0.002614912;-0,010053648;-0.012275142;-0.020851787;-0.026895534;
2026-07-30T04:38:27.329Z;1001;inference;Clean_Air;0;98;0;-0,000932992;0.004233271;0.005212375;-0.002615114;-0,010070671;-0.012255382;-0.020827396;-0.026860651;
2026-07-30T04:38:28.352Z;1001;inference;Clean_Air;0;98;0;-0,000907006;0.004323109;0.005235284;-0.002654116;-0,010082336;-0.012234049;-0.020923574;-0.026787404;
2026-07-30T04:38:29.373Z;1001;inference;Clean_Air;0;98;0;-0,00090116;0.004399828;0.005218449;-0.002620822;-0,010066366;-0.012304152;-0.020899782;-0.026790213;
2026-07-30T04:38:30.396Z;1001;inference;Clean_Air;0;98;0;-0,000882714;0.004414319;0.005223534;-0.002553762;-0,010065639;-0.012325456;-0.020815764;-0.026822919;
2026-07-30T04:38:31.424Z;1001;inference;Clean_Air;0;98;0;-0,000896792;0.00440916;0.005228626;-0.002512906;-0,010071383;-0.012360254;-0.020824444;-0.026790988;
2026-07-30T04:38:32.453Z;1001;inference;Clean_Air;0;98;0;-0,000899947;0.004528889;0.005261809;-0.002506411;-0,010054226;-0.012371753;-0.020775402;-0.026809698;
2026-07-30T04:38:33.463Z;1001;inference;Clean_Air;0;98;0;-0,000895005;0.004482466;0.00526235;-0.002515379;-0,010029705;-0.01237501;-0.020739092;-0.026906367;
2026-07-30T04:38:34.316Z;1001;inference;Clean_Air;0;98;0;-0,000906269;0.004464257;0.005265238;-0.002524776;-0,01005624;-0.012379156;-0.020724311;-0.026890418;
2026-07-30T04:38:35.315Z;1001;inference;Clean_Air;0;98;0;-0,000906269;0.004464257;0.005265238;-0.002524776;-0,01005624;-0.012379156;-0.020724311;-0.026890418;
2026-07-30T04:38:36.333Z;1001;inference;Clean_Air;0;98;0;-0,000904936;0.004430564;0.005262699;-0.00257238;-0,0100687;-0.012345022;-0.020741601;-0.026898783;
2026-07-30T04:38:37.355Z;1001;inference;Clean_Air;0;98;0;-0,000913174;0.004360944;0.005310154;-0.002581061;-0,010073922;-0.012330137;-0.020804733;-0.026839515;
2026-07-30T04:38:38.382Z;1001;inference;Clean_Air;0;98;0;-0,00092826;0.004420149;0.005269875;-0.002517555;-0,010061909;-0.012269639;-0.020811459;-0.026971629;
2026-07-30T04:38:39.402Z;1001;inference;Clean_Air;0;98;0;-0,000913584;0.004283753;0.005318881;-0.002508937;-0,010063948;-0.012298089;-0.020755339;-0.027021229;
2026-07-30T04:38:40.426Z;1001;inference;Clean_Air;0;98;0;-0,000924142;0.004285518;0.005308334;-0.002440716;-0,010071574;-0.012266846;-0.020695033;-0.027016094;
2026-07-30T04:38:41.445Z;1001;inference;Clean_Air;0;98;0;-0,000913276;0.004327324;0.00530799;-0.002455583;-0,01011318;-0.012219119;-0.02063174;-0.027038788;
2026-07-30T04:38:42.468Z;1001;inference;Clean_Air;0;98;0;-0,000914906;0.004320711;0.005257809;-0.002478564;-0,010118717;-0.012213334;-0.020607544;-0.027056774;
2026-07-30T04:38:43.489Z;1001;inference;Clean_Air;0;98;0;-0,000879375;0.004323366;0.005271633;-0.002528462;-0,010138739;-0.012273593;-0.020526104;-0.027050784;
2026-07-30T04:38:44.321Z;1001;inference;Clean_Air;0;98;0;-0,000901179;0.004320557;0.005271914;-0.002532432;-0,010122826;-0.012267566;-0.020545939;-0.02703457;
2026-07-30T04:38:45.323Z;1001;inference;Clean_Air;0;98;0;-0,000901179;0.004320557;0.005271914;-0.002532432;-0,010122826;-0.012267566;-0.020545939;-0.02703457;
2026-07-30T04:38:46.368Z;1001;inference;Clean_Air;0;97;0;-0,00090272;0.004393851;0.005194361;-0.002572852;-0,010116781;-0.012275038;-0.020590391;-0.027015056;
2026-07-30T04:38:47.395Z;1001;inference;Clean_Air;0;97;0;-0,000907425;0.004363057;0.005195516;-0.002629732;-0,010118211;-0.012318275;-0.020574978;-0.026931513;
2026-07-30T04:38:48.403Z;1001;inference;Clean_Air;0;98;0;-0,000920634;0.004359667;0.005216216;-0.00265022;-0,01005364;-0.012396226;-0.020587472;-0.026926706;
2026-07-30T04:38:49.427Z;1001;inference;Clean_Air;0;98;0;-0,000919468;0.004375063;0.005214249;-0.002607514;-0,010118675;-0.012410382;-0.020495346;-0.026954824;
2026-07-30T04:38:50.450Z;1001;inference;Clean_Air;0;97;0;-0,000919741;0.004353722;0.00516735;-0.002578271;-0,010113355;-0.012427353;-0.020531273;-0.026930576;
2026-07-30T04:38:51.478Z;1001;inference;Clean_Air;0;97;0;-0,000913027;0.004398201;0.005189703;-0.002511489;-0,010128313;-0.012409557;-0.020591123;-0.02695689;
2026-07-30T04:38:52.506Z;1001;inference;Clean_Air;0;97;0;-0,000908541;0.004379991;0.005207648;-0.002473263;-0,010134304;-0.012385899;-0.020655712;-0.026998287;
2026-07-30T04:38:53.431Z;1001;inference;Clean_Air;0;98;0;-0,000898287;0.004380163;0.005221542;-0.002488044;-0,010123687;-0.012404969;-0.020645468;-0.026967589;
2026-07-30T04:38:54.321Z;1001;inference;Clean_Air;0;98;0;-0,00088365;0.004378596;0.005219122;-0.002455491;-0,010100341;-0.012372499;-0.020710584;-0.026968852;
2026-07-30T04:38:55.323Z;1001;inference;Clean_Air;0;98;0;-0,00088365;0.004378596;0.005219122;-0.002455491;-0,010100341;-0.012372499;-0.020710584;-0.026968852;
2026-07-30T04:38:56.311Z;1001;inference;Clean_Air;0;98;0;-0,000858719;0.004373337;0.005229323;-0.002484742;-0,010111593;-0.012398737;-0.020732645;-0.026934663;
2026-07-30T04:38:57.332Z;1001;inference;Clean_Air;0;98;0;-0,000860497;0.004289498;0.005235547;-0.00255377;-0,010061226;-0.012390895;-0.020832146;-0.026932288;
2026-07-30T04:38:58.348Z;1001;inference;Clean_Air;0;98;0;-0,000836371;0.004223303;0.00526329;-0.002469426;-0,01004994;-0.012401132;-0.020899978;-0.026931953;
2026-07-30T04:38:59.371Z;1001;inference;Clean_Air;0;98;0;-0,000828282;0.004290781;0.005230297;-0.002472632;-0,010043232;-0.01245063;-0.020810183;-0.026968297;
2026-07-30T04:39:00.383Z;1001;inference;Clean_Air;0;97;0;-0,000845053;0.004215456;0.005204669;-0.002443063;-0,010084858;-0.012449443;-0.020784387;-0.0269957;
2026-07-30T04:39:01.406Z;1001;inference;Clean_Air;0;97;0;-0,000861594;0.004226988;0.005203242;-0.002453549;-0,010110175;-0.012419643;-0.020789487;-0.027047917;
2026-07-30T04:39:02.430Z;1001;inference;Clean_Air;0;98;0;-0,000840827;0.004303147;0.005212613;-0.002483582;-0,010117603;-0.012420133;-0.020763308;-0.027062152;
2026-07-30T04:39:03.442Z;1001;inference;Clean_Air;0;98;0;-0,000828196;0.004305341;0.005264064;-0.002567579;-0,010136907;-0.01242385;-0.02066333;-0.027061889;
2026-07-30T04:39:04.325Z;1001;inference;Clean_Air;0;98;0;-0,000856331;0.004304499;0.005290832;-0.002628879;-0,010133863;-0.012416067;-0.020676423;-0.02701189;
2026-07-30T04:39:05.320Z;1001;inference;Clean_Air;0;98;0;-0,000856331;0.004304499;0.005290832;-0.002628879;-0,010133863;-0.012416067;-0.020676423;-0.02701189;
2026-07-30T04:39:06.353Z;1001;inference;Clean_Air;0;98;0;-0,000851374;0.004311626;0.005269116;-0.002623711;-0,010125114;-0.012400079;-0.020630248;-0.026987497;
2026-07-30T04:39:07.380Z;1001;inference;Clean_Air;0;98;0;-0,00083854;0.004376597;0.005289186;-0.002627969;-0,010098183;-0.012397571;-0.020581221;-0.026949078;
2026-07-30T04:39:08.400Z;1001;inference;Clean_Air;0;98;0;-0,000840074;0.004372287;0.005242217;-0.002592819;-0,010072319;-0.012433597;-0.020519044;-0.026843335;
2026-07-30T04:39:09.424Z;1001;inference;Clean_Air;0;98;0;-0,000855494;0.004292533;0.005244601;-0.002561023;-0,010046583;-0.012399455;-0.020539504;-0.026928749;
2026-07-30T04:39:10.437Z;1001;inference;Clean_Air;0;97;0;-0,000861665;0.004312735;0.005185088;-0.00258113;-0,01004046;-0.012399345;-0.020526165;-0.026973585;
2026-07-30T04:39:11.460Z;1001;inference;Clean_Air;0;97;0;-0,000866145;0.004303029;0.005162098;-0.002542904;-0,010049557;-0.012392086;-0.020627365;-0.027066603;
2026-07-30T04:39:12.475Z;1001;inference;Clean_Air;0;97;0;-0,000853078;0.004285113;0.005153254;-0.002590359;-0,01007011;-0.012381423;-0.02065308;-0.02709749;
2026-07-30T04:39:13.495Z;1001;inference;Clean_Air;0;97;0;-0,000846078;0.004298859;0.005188444;-0.002569133;-0,010069399;-0.012363335;-0.020650256;-0.027064357;
2026-07-30T04:39:14.319Z;1001;inference;Clean_Air;0;97;0;-0,000872696;0.004297967;0.005189517;-0.002573092;-0,010072442;-0.012373922;-0.020647716;-0.02695274;
2026-07-30T04:39:15.328Z;1001;inference;Clean_Air;0;97;0;-0,000872696;0.004297967;0.005189517;-0.002573092;-0,010072442;-0.012373922;-0.020647716;-0.02695274;
2026-07-30T04:39:16.367Z;1001;inference;Clean_Air;0;97;0;-0,000879901;0.004377544;0.005188768;-0.002529156;-0,010071672;-0.01237472;-0.020642567;-0.02693071;
2026-07-30T04:39:17.390Z;1001;inference;Clean_Air;0;98;0;-0,000913423;0.004340331;0.005233672;-0.002496299;-0,010067953;-0.01238233;-0.020774979;-0.026875263;
2026-07-30T04:39:18.418Z;1001;inference;Clean_Air;0;98;0;-0,000869425;0.004340073;0.005276524;-0.002536092;-0,010083844;-0.012387505;-0.020658264;-0.026812267;
2026-07-30T04:39:19.437Z;1001;inference;Clean_Air;0;98;0;-0,000885974;0.004352442;0.005293863;-0.002402511;-0,01007484;-0.012435338;-0.020751204;-0.026835049;
2026-07-30T04:39:20.461Z;1001;inference;Clean_Air;0;98;0;-0,000915534;0.004319466;0.005308934;-0.00237167;-0,010065188;-0.012479713;-0.020833539;-0.026901597;
2026-07-30T04:39:21.476Z;1001;inference;Clean_Air;0;98;0;-0,000877615;0.004290557;0.0052759;-0.002375755;-0,010052927;-0.012495087;-0.020819958;-0.026892891;
2026-07-30T04:39:22.495Z;1001;inference;Clean_Air;0;98;0;-0,000871495;0.004279962;0.005259184;-0.002404471;-0,010066556;-0.012474479;-0.020763602;-0.026871467;
2026-07-30T04:39:23.613Z;1001;inference;Clean_Air;0;98;0;-0,000888995;0.004343656;0.005262475;-0.002411968;-0,010061127;-0.012468511;-0.020762201;-0.026917914;
2026-07-30T04:39:24.340Z;1001;inference;Clean_Air;0;98;0;-0,000915634;0.004303802;0.005250777;-0.002396213;-0,010046551;-0.012471433;-0.020869691;-0.026937146;
2026-07-30T04:39:25.322Z;1001;inference;Clean_Air;0;98;0;-0,000915634;0.004303802;0.005250777;-0.002396213;-0,010046551;-0.012471433;-0.020869691;-0.026937146;
2026-07-30T04:39:26.375Z;1001;inference;Clean_Air;0;98;0;-0,000915929;0.004281078;0.005244359;-0.002510986;-0,010064223;-0.012450176;-0.020872319;-0.02695792;
2026-07-30T04:40:23.370Z;1001;inference;Clean_Air;0;97;0;-0,000851475;0.004251848;0.005186231;-0.002381621;-0,010034537;-0.012424225;-0.020716544;-0.027061153;
2026-07-30T04:41:23.372Z;1001;inference;Clean_Air;0;98;0;-0,000952095;0.004270646;0.005262423;-0.002529609;-0,010173385;-0.012414533;-0.02082408;-0.027056921;
2026-07-30T04:42:23.371Z;1001;inference;Clean_Air;0;98;0;-0,000829571;0.004306515;0.005234399;-0.002545129;-0,010184338;-0.012444907;-0.020881539;-0.027007442;
2026-07-30T04:42:27.378Z;1001;inference;Clean_Air;0;98;0;-0,000851837;0.004312712;0.00524239;-0.002464262;-0,010161424;-0.012442588;-0.020810485;-0.027053913;
2026-07-30T04:42:27.908Z;1001;inference;Clean_Air;0;98;0;-0,000860016;0.004298776;0.005225145;-0.0024231;-0,010144164;-0.012448256;-0.020807711;-0.027066743;
2026-07-30T04:42:28.304Z;1001;inference;Clean_Air;0;98;0;-0,00086055;0.00430481;0.00523544;-0.002472202;-0,010111318;-0.012428307;-0.020842617;-0.027023146;
2026-07-30T04:42:28.836Z;1001;inference;Clean_Air;0;98;0;-0,00086055;0.00430481;0.00523544;-0.002472202;-0,010111318;-0.012428307;-0.020842617;-0.027023146;
2026-07-30T04:42:29.309Z;1001;inference;Clean_Air;0;98;0;-0,000838625;0.004301439;0.005235718;-0.002444219;-0,010116296;-0.012432134;-0.020817118;-0.027004173;
2026-07-30T04:42:29.863Z;1001;inference;Clean_Air;0;98;0;-0,000814726;0.004363164;0.005248231;-0.002448883;-0,010124626;-0.012435086;-0.020851186;-0.027038228;
2026-07-30T04:42:30.394Z;1001;inference;Clean_Air;0;98;0;-0,000833504;0.00437344;0.005289822;-0.002394365;-0,010049462;-0.012435621;-0.020877272;-0.027046522;
2026-07-30T04:42:30.787Z;1001;inference;Clean_Air;0;98;0;-0,000855362;0.004355925;0.005271558;-0.002431617;-0,010057542;-0.012428365;-0.020861017;-0.027093545;
2026-07-30T04:42:31.317Z;1001;inference;Clean_Air;0;98;0;-0,000855362;0.004355925;0.005271558;-0.002431617;-0,010057542;-0.012428365;-0.020861017;-0.027093545;
2026-07-30T04:42:31.801Z;1001;inference;Clean_Air;0;98;0;-0,000816149;0.004348571;0.005260757;-0.002431174;-0,010053442;-0.012416905;-0.020856217;-0.027082166;
2026-07-30T04:42:32.346Z;1001;inference;Clean_Air;0;98;0;-0,000831799;0.004365043;0.005280984;-0.002467828;-0,010074584;-0.012387661;-0.020788837;-0.027010432;
2026-07-30T04:42:32.873Z;1001;inference;Clean_Air;0;98;0;-0,000825526;0.004426626;0.00528342;-0.002450752;-0,010083002;-0.01238363;-0.02083005;-0.027002025;
2026-07-30T04:42:33.272Z;1001;inference;Clean_Air;0;98;0;-0,000810557;0.00443005;0.005267852;-0.002492114;-0,010084407;-0.012410505;-0.020848308;-0.027008098;
2026-07-30T04:42:33.906Z;1001;inference;Clean_Air;0;98;0;-0,000810557;0.00443005;0.005267852;-0.002492114;-0,010084407;-0.012410505;-0.020848308;-0.027008098;
2026-07-30T04:42:34.288Z;1001;inference;Clean_Air;0;98;0;-0,000796386;0.004435024;0.005289965;-0.002531395;-0,010101763;-0.012415316;-0.020828133;-0.02698015;
2026-07-30T04:42:34.751Z;1001;inference;Clean_Air;0;98;0;-0,000796386;0.004435024;0.005289965;-0.002531395;-0,010101763;-0.012415316;-0.020828133;-0.02698015;
2026-07-30T04:42:35.261Z;1001;inference;Clean_Air;0;98;0;-0,000796386;0.004435024;0.005289965;-0.002531395;-0,010101763;-0.012415316;-0.020828133;-0.02698015;
2026-07-30T04:42:35.760Z;1001;inference;Clean_Air;0;98;0;-0,000796386;0.004435024;0.005289965;-0.002531395;-0,010101763;-0.012415316;-0.020828133;-0.02698015;
2026-07-30T04:42:36.259Z;1001;inference;Clean_Air;0;98;0;-0,000796386;0.004435024;0.005289965;-0.002531395;-0,010101763;-0.012415316;-0.020828133;-0.02698015;
2026-07-30T04:42:36.804Z;1001;inference;Clean_Air;0;98;0;-0,000804998;0.004474457;0.005280748;-0.002480925;-0,010115955;-0.012429976;-0.020850226;-0.026970541;
2026-07-30T04:42:37.329Z;1001;inference;Clean_Air;0;98;0;-0,00081322;0.004471231;0.005277797;-0.002444868;-0,010111074;-0.012449631;-0.020890009;-0.026987519;
2026-07-30T04:42:37.884Z;1001;inference;Clean_Air;0;98;0;-0,000805044;0.004482748;0.005273804;-0.002462281;-0,010112811;-0.012473052;-0.020809472;-0.026952451;
2026-07-30T04:42:38.418Z;1001;inference;Clean_Air;0;98;0;-0,000785833;0.004482737;0.005214912;-0.002502226;-0,010123947;-0.012492486;-0.020816971;-0.026987383;
2026-07-30T04:42:38.808Z;1001;inference;Clean_Air;0;98;0;-0,000777467;0.004486073;0.00521688;-0.002538333;-0,010113746;-0.01248927;-0.020820579;-0.026884219;
2026-07-30T04:42:39.342Z;1001;inference;Clean_Air;0;98;0;-0,000777467;0.004486073;0.00521688;-0.002538333;-0,010113746;-0.01248927;-0.020820579;-0.026884219;
2026-07-30T04:42:39.823Z;1001;inference;Clean_Air;0;98;0;-0,000795339;0.004471388;0.005232095;-0.002531313;-0,010126211;-0.012486123;-0.02081104;-0.026888166;
2026-07-30T04:42:40.368Z;1001;inference;Clean_Air;0;98;0;-0,000817215;0.004450859;0.005229624;-0.002538364;-0,010117332;-0.01249883;-0.020871995;-0.026965195;
2026-07-30T04:42:40.901Z;1001;inference;Clean_Air;0;98;0;-0,000849084;0.004421299;0.005217146;-0.002592073;-0,010109538;-0.012492132;-0.020891856;-0.026957223;
2026-07-30T04:42:41.291Z;1001;inference;Clean_Air;0;97;0;-0,000859182;0.004460107;0.005208445;-0.002548583;-0,010115065;-0.012464932;-0.020879764;-0.026946301;
2026-07-30T04:42:41.821Z;1001;inference;Clean_Air;0;97;0;-0,000859182;0.004460107;0.005208445;-0.002548583;-0,010115065;-0.012464932;-0.020879764;-0.026946301;
2026-07-30T04:42:42.299Z;1001;inference;Clean_Air;0;97;0;-0,000871582;0.004466929;0.00518451;-0.002533075;-0,010131939;-0.012478089;-0.020858293;-0.026973382;
2026-07-30T04:42:42.851Z;1001;inference;Clean_Air;0;97;0;-0,000892907;0.004418881;0.005170403;-0.002590627;-0,010111672;-0.012451583;-0.020804893;-0.027026311;
2026-07-30T04:42:43.375Z;1001;inference;Clean_Air;0;97;0;-0,000882093;0.004420111;0.005205784;-0.002660302;-0,010127868;-0.012428425;-0.020787979;-0.027036071;
2026-07-30T04:42:43.774Z;1001;inference;Clean_Air;0;97;0;-0,000895184;0.004337231;0.005210849;-0.002646396;-0,010131823;-0.012402652;-0.020779524;-0.027060639;
2026-07-30T04:42:44.406Z;1001;inference;Clean_Air;0;97;0;-0,000895184;0.004337231;0.005210849;-0.002646396;-0,010131823;-0.012402652;-0.020779524;-0.027060639;
2026-07-30T04:42:44.788Z;1001;inference;Clean_Air;0;98;0;-0,000906076;0.004360893;0.005246186;-0.002667286;-0,010125625;-0.012395609;-0.020754714;-0.027022203;
2026-07-30T04:42:45.260Z;1001;inference;Clean_Air;0;98;0;-0,000906076;0.004360893;0.005246186;-0.002667286;-0,010125625;-0.012395609;-0.020754714;-0.027022203;
2026-07-30T04:42:45.761Z;1001;inference;Clean_Air;0;98;0;-0,000906076;0.004360893;0.005246186;-0.002667286;-0,010125625;-0.012395609;-0.020754714;-0.027022203;
2026-07-30T04:42:46.261Z;1001;inference;Clean_Air;0;98;0;-0,000906076;0.004360893;0.005246186;-0.002667286;-0,010125625;-0.012395609;-0.020754714;-0.027022203;
2026-07-30T04:42:46.774Z;1001;inference;Clean_Air;0;98;0;-0,000906076;0.004360893;0.005246186;-0.002667286;-0,010125625;-0.012395609;-0.020754714;-0.027022203;
2026-07-30T04:42:47.316Z;1001;inference;Clean_Air;0;98;0;-0,000911434;0.004364368;0.005247144;-0.002654388;-0,010115052;-0.01241065;-0.020760175;-0.027089212;
2026-07-30T04:42:47.850Z;1001;inference;Clean_Air;0;98;0;-0,000892137;0.004361882;0.005236699;-0.002663336;-0,010084803;-0.012424048;-0.020768872;-0.02713028;
2026-07-30T04:42:48.396Z;1001;inference;Clean_Air;0;98;0;-0,000866803;0.004359092;0.005217315;-0.002625255;-0,010090112;-0.012346287;-0.020801485;-0.027146483;
2026-07-30T04:42:48.932Z;1001;inference;Clean_Air;0;98;0;-0,000869845;0.004355165;0.005240674;-0.002582092;-0,010090448;-0.012344787;-0.02076301;-0.027146444;
2026-07-30T04:42:49.320Z;1001;inference;Clean_Air;0;98;0;-0,000851743;0.004326282;0.005231816;-0.002577838;-0,010072372;-0.01235792;-0.020814421;-0.027117997;
2026-07-30T04:42:49.855Z;1001;inference;Clean_Air;0;98;0;-0,000851743;0.004326282;0.005231816;-0.002577838;-0,010072372;-0.01235792;-0.020814421;-0.027117997;
2026-07-30T04:42:50.326Z;1001;inference;Clean_Air;0;98;0;-0,000823499;0.004339283;0.005235202;-0.002553496;-0,010034367;-0.012332954;-0.020842474;-0.027086517;
2026-07-30T04:42:50.879Z;1001;inference;Clean_Air;0;98;0;-0,000803022;0.004344966;0.005250554;-0.002502346;-0,010063054;-0.012343104;-0.020784957;-0.027047265;
2026-07-30T04:42:51.407Z;1001;inference;Clean_Air;0;98;0;-0,00083921;0.004341204;0.005232017;-0.00252446;-0,010043234;-0.012349581;-0.020780033;-0.027034843;
2026-07-30T04:42:51.803Z;1001;inference;Clean_Air;0;97;0;-0,000867093;0.004409197;0.005208016;-0.002525254;-0,010056214;-0.012338695;-0.020851977;-0.027026359;
2026-07-30T04:42:52.334Z;1001;inference;Clean_Air;0;97;0;-0,000867093;0.004409197;0.005208016;-0.002525254;-0,010056214;-0.012338695;-0.020851977;-0.027026359;
2026-07-30T04:42:52.812Z;1001;inference;Clean_Air;0;98;0;-0,000857638;0.00438957;0.005226365;-0.002536979;-0,010041236;-0.012326059;-0.020883966;-0.027027706;
2026-07-30T04:42:53.362Z;1001;inference;Clean_Air;0;98;0;-0,000862132;0.004396343;0.005218384;-0.002528841;-0,010037013;-0.012294853;-0.020819454;-0.027072692;
2026-07-30T04:42:53.890Z;1001;inference;Clean_Air;0;97;0;-0,000871753;0.004422174;0.005194211;-0.00253002;-0,010071264;-0.012303134;-0.020807615;-0.027043182;
2026-07-30T04:42:54.286Z;1001;inference;Clean_Air;0;97;0;-0,000877996;0.004424375;0.005199201;-0.002544257;-0,010061063;-0.012372482;-0.020818107;-0.027030706;
2026-07-30T04:42:54.919Z;1001;inference;Clean_Air;0;97;0;-0,000877996;0.004424375;0.005199201;-0.002544257;-0,010061063;-0.012372482;-0.020818107;-0.027030706;
2026-07-30T04:42:55.290Z;1001;inference;Clean_Air;0;97;0;-0,000864545;0.004408706;0.005201465;-0.002550272;-0,010059282;-0.012380717;-0.020810857;-0.027054911;
2026-07-30T04:42:55.751Z;1001;inference;Clean_Air;0;97;0;-0,000864545;0.004408706;0.005201465;-0.002550272;-0,010059282;-0.012380717;-0.020810857;-0.027054911;
2026-07-30T04:42:56.262Z;1001;inference;Clean_Air;0;97;0;-0,000864545;0.004408706;0.005201465;-0.002550272;-0,010059282;-0.012380717;-0.020810857;-0.027054911;
2026-07-30T04:42:56.768Z;1001;inference;Clean_Air;0;97;0;-0,000864545;0.004408706;0.005201465;-0.002550272;-0,010059282;-0.012380717;-0.020810857;-0.027054911;
2026-07-30T04:42:57.265Z;1001;inference;Clean_Air;0;97;0;-0,000864545;0.004408706;0.005201465;-0.002550272;-0,010059282;-0.012380717;-0.020810857;-0.027054911;
2026-07-30T04:42:57.809Z;1001;inference;Clean_Air;0;98;0;-0,000876751;0.004414424;0.005225088;-0.002546077;-0,010048357;-0.012386071;-0.020776078;-0.02706717;
2026-07-30T04:42:58.336Z;1001;inference;Clean_Air;0;98;0;-0,00089584;0.00438865;0.005230046;-0.002570076;-0,010072706;-0.012400663;-0.020773705;-0.027083045;
2026-07-30T04:42:58.889Z;1001;inference;Clean_Air;0;98;0;-0,000880958;0.004406139;0.005217907;-0.002564588;-0,010083551;-0.012410697;-0.020831862;-0.027085513;
2026-07-30T04:42:59.417Z;1001;inference;Clean_Air;0;98;0;-0,000868387;0.004400617;0.00522784;-0.002528202;-0,010081451;-0.012420667;-0.020812288;-0.027118206;
2026-07-30T04:42:59.813Z;1001;inference;Clean_Air;0;98;0;-0,000834093;0.004394107;0.005239139;-0.002537146;-0,010073177;-0.012418035;-0.020820592;-0.027112236;
2026-07-30T04:43:00.347Z;1001;inference;Clean_Air;0;98;0;-0,000834093;0.004394107;0.005239139;-0.002537146;-0,010073177;-0.012418035;-0.020820592;-0.027112236;
2026-07-30T04:43:00.825Z;1001;inference;Clean_Air;0;98;0;-0,000855564;0.004389762;0.005224521;-0.002527875;-0,010081019;-0.012404903;-0.020817507;-0.027128607;
2026-07-30T04:43:01.372Z;1001;inference;Clean_Air;0;98;0;-0,000883282;0.004397667;0.005247676;-0.002469247;-0,010075499;-0.012443596;-0.020874061;-0.027086794;
2026-07-30T04:43:01.898Z;1001;inference;Clean_Air;0;98;0;-0,000861428;0.00438688;0.005298657;-0.002518517;-0,010052009;-0.012420597;-0.020888407;-0.027008047;
2026-07-30T04:43:02.295Z;1001;inference;Clean_Air;0;98;0;-0,000880624;0.004372708;0.005313446;-0.00255397;-0,010056943;-0.012436939;-0.020858679;-0.026983663;
2026-07-30T04:43:02.826Z;1001;inference;Clean_Air;0;98;0;-0,000880624;0.004372708;0.005313446;-0.00255397;-0,010056943;-0.012436939;-0.020858679;-0.026983663;
2026-07-30T04:43:03.299Z;1001;inference;Clean_Air;0;98;0;-0,000877257;0.004356786;0.005314548;-0.002536056;-0,010075025;-0.012435872;-0.020833965;-0.026990429;
2026-07-30T04:43:03.855Z;1001;inference;Clean_Air;0;98;0;-0,000854501;0.004330151;0.005324035;-0.002519055;-0,01010746;-0.012420943;-0.020797474;-0.026987989;
2026-07-30T04:43:04.379Z;1001;inference;Clean_Air;0;98;0;-0,000869088;0.004300515;0.005317877;-0.00250094;-0,010097181;-0.012412298;-0.020790715;-0.02697375;
2026-07-30T04:43:04.779Z;1001;inference;Clean_Air;0;98;0;-0,000878046;0.004308935;0.005335987;-0.002510204;-0,010097529;-0.012411719;-0.020779077;-0.0269638;
2026-07-30T04:43:05.412Z;1001;inference;Clean_Air;0;98;0;-0,000878046;0.004308935;0.005335987;-0.002510204;-0,010097529;-0.012411719;-0.020779077;-0.0269638;
2026-07-30T04:43:05.788Z;1001;inference;Clean_Air;0;98;0;-0,000868872;0.004345122;0.005327175;-0.002530245;-0,010100815;-0.012400912;-0.020793254;-0.026930887;
2026-07-30T04:43:06.261Z;1001;inference;Clean_Air;0;98;0;-0,000868872;0.004345122;0.005327175;-0.002530245;-0,010100815;-0.012400912;-0.020793254;-0.026930887;
2026-07-30T04:43:06.761Z;1001;inference;Clean_Air;0;98;0;-0,000868872;0.004345122;0.005327175;-0.002530245;-0,010100815;-0.012400912;-0.020793254;-0.026930887;
2026-07-30T04:43:07.262Z;1001;inference;Clean_Air;0;98;0;-0,000868872;0.004345122;0.005327175;-0.002530245;-0,010100815;-0.012400912;-0.020793254;-0.026930887;
2026-07-30T04:43:07.761Z;1001;inference;Clean_Air;0;98;0;-0,000868872;0.004345122;0.005327175;-0.002530245;-0,010100815;-0.012400912;-0.020793254;-0.026930887;
2026-07-30T04:43:08.305Z;1001;inference;Clean_Air;0;98;0;-0,000884806;0.004365369;0.005325942;-0.002514387;-0,010064562;-0.012424016;-0.020776471;-0.026948595;
2026-07-30T04:43:08.835Z;1001;inference;Clean_Air;0;98;0;-0,000885708;0.004350509;0.005313708;-0.002512609;-0,010099073;-0.012454456;-0.02075904;-0.026909936;
2026-07-30T04:43:09.385Z;1001;inference;Clean_Air;0;98;0;-0,000866473;0.004355022;0.005304952;-0.00251899;-0,010108727;-0.012426781;-0.020787392;-0.026882138;
2026-07-30T04:43:09.915Z;1001;inference;Clean_Air;0;98;0;-0,000916434;0.004351244;0.005299651;-0.002470817;-0,010110872;-0.012428636;-0.020831918;-0.026946295;
2026-07-30T04:43:10.308Z;1001;inference;Clean_Air;0;98;0;-0,000904678;0.004410702;0.005300346;-0.002427947;-0,010076966;-0.012401734;-0.020813657;-0.026891086;
2026-07-30T04:43:10.839Z;1001;inference;Clean_Air;0;98;0;-0,000904678;0.004410702;0.005300346;-0.002427947;-0,010076966;-0.012401734;-0.020813657;-0.026891086;
2026-07-30T04:43:11.322Z;1001;inference;Clean_Air;0;98;0;-0,000917736;0.004447771;0.005290079;-0.0024448;-0,010069112;-0.01241341;-0.020840256;-0.026863754;
2026-07-30T04:43:11.864Z;1001;inference;Clean_Air;0;98;0;-0,000919735;0.004492095;0.005278819;-0.00239915;-0,010038933;-0.012440925;-0.020864351;-0.026794201;
2026-07-30T04:43:12.399Z;1001;inference;Clean_Air;0;98;0;-0,000910859;0.00453893;0.005292673;-0.002451576;-0,010045205;-0.01243445;-0.020871835;-0.026830489;
2026-07-30T04:43:12.788Z;1001;inference;Clean_Air;0;98;0;-0,000929907;0.004508861;0.005284719;-0.002454811;-0,010025586;-0.012454805;-0.020895841;-0.026866728;
2026-07-30T04:43:13.318Z;1001;inference;Clean_Air;0;98;0;-0,000929907;0.004508861;0.005284719;-0.002454811;-0,010025586;-0.012454805;-0.020895841;-0.026866728;
2026-07-30T04:43:13.797Z;1001;inference;Clean_Air;0;98;0;-0,000941105;0.004467758;0.005319753;-0.002442242;-0,010020392;-0.012447814;-0.02091362;-0.026869783;
2026-07-30T04:43:14.347Z;1001;inference;Clean_Air;0;98;0;-0,000957101;0.004463222;0.005340899;-0.002476956;-0,010042435;-0.012447639;-0.020906594;-0.026861325;
2026-07-30T04:43:14.874Z;1001;inference;Clean_Air;0;98;0;-0,000945476;0.004517965;0.005367958;-0.002490754;-0,01000694;-0.012435962;-0.020918224;-0.026901657;
2026-07-30T04:43:15.271Z;1001;inference;Clean_Air;0;98;0;-0,000922261;0.004470556;0.005370774;-0.002545419;-0,010024685;-0.012450038;-0.020891907;-0.026922632;
2026-07-30T04:43:15.904Z;1001;inference;Clean_Air;0;98;0;-0,000922261;0.004470556;0.005370774;-0.002545419;-0,010024685;-0.012450038;-0.020891907;-0.026922632;
2026-07-30T04:43:16.286Z;1001;inference;Clean_Air;0;98;0;-0,000915403;0.004470528;0.005370432;-0.002553699;-0,010005931;-0.012435128;-0.020849967;-0.026858741;
2026-07-30T04:43:16.755Z;1001;inference;Clean_Air;0;98;0;-0,000915403;0.004470528;0.005370432;-0.002553699;-0,010005931;-0.012435128;-0.020849967;-0.026858741;
2026-07-30T04:43:17.256Z;1001;inference;Clean_Air;0;98;0;-0,000915403;0.004470528;0.005370432;-0.002553699;-0,010005931;-0.012435128;-0.020849967;-0.026858741;
2026-07-30T04:43:17.755Z;1001;inference;Clean_Air;0;98;0;-0,000915403;0.004470528;0.005370432;-0.002553699;-0,010005931;-0.012435128;-0.020849967;-0.026858741;
2026-07-30T04:43:18.256Z;1001;inference;Clean_Air;0;98;0;-0,000915403;0.004470528;0.005370432;-0.002553699;-0,010005931;-0.012435128;-0.020849967;-0.026858741;
2026-07-30T04:43:18.805Z;1001;inference;Clean_Air;0;98;0;-0,000925785;0.00441563;0.005372815;-0.002549051;-0,010051404;-0.012475435;-0.020891201;-0.026932368;
2026-07-30T04:43:19.333Z;1001;inference;Clean_Air;0;98;0;-0,00089574;0.004401023;0.005360376;-0.002535685;-0,010051175;-0.012479777;-0.020861339;-0.026938509;
2026-07-30T04:43:19.885Z;1001;inference;Clean_Air;0;98;0;-0,000886265;0.00436829;0.005374552;-0.002540499;-0,010066906;-0.012454461;-0.020874012;-0.026999692;
2026-07-30T04:43:20.411Z;1001;inference;Clean_Air;0;98;0;-0,000886546;0.004363426;0.005352739;-0.002545015;-0,010062808;-0.012470467;-0.020851102;-0.0269656;
2026-07-30T04:43:20.809Z;1001;inference;Clean_Air;0;98;0;-0,000858654;0.004369873;0.005352314;-0.002535079;-0,010076757;-0.012439357;-0.020826545;-0.026950244;
2026-07-30T04:43:21.339Z;1001;inference;Clean_Air;0;98;0;-0,000858654;0.004369873;0.005352314;-0.002535079;-0,010076757;-0.012439357;-0.020826545;-0.026950244;
2026-07-30T04:43:21.822Z;1001;inference;Clean_Air;0;98;0;-0,00085941;0.004378122;0.005322123;-0.002517697;-0,010091211;-0.012461858;-0.020785408;-0.026955005;
2026-07-30T04:43:22.365Z;1001;inference;Clean_Air;0;98;0;-0,000843846;0.004375118;0.005308944;-0.002487283;-0,010092342;-0.012465924;-0.02080429;-0.026953507;
2026-07-30T04:43:22.900Z;1001;inference;Clean_Air;0;98;0;-0,000865509;0.004336295;0.005286654;-0.002486315;-0,010102906;-0.012453543;-0.020782536;-0.026868198;
2026-07-30T04:43:23.288Z;1001;inference;Clean_Air;0;98;0;-0,000912551;0.004359961;0.005240041;-0.002429459;-0,010099826;-0.012439204;-0.020786142;-0.026898641;
2026-07-30T04:43:23.818Z;1001;inference;Clean_Air;0;98;0;-0,000912551;0.004359961;0.005240041;-0.002429459;-0,010099826;-0.012439204;-0.020786142;-0.026898641;
2026-07-30T04:43:24.299Z;1001;inference;Clean_Air;0;98;0;-0,00092074;0.004332959;0.005236513;-0.002403176;-0,010139027;-0.012461159;-0.0207626;-0.026982566;
2026-07-30T04:43:24.847Z;1001;inference;Clean_Air;0;98;0;-0,000906028;0.00431225;0.005235272;-0.002403824;-0,0101492;-0.012428987;-0.020742778;-0.026997566;
2026-07-30T04:43:25.380Z;1001;inference;Clean_Air;0;98;0;-0,000936694;0.004254471;0.005219835;-0.002428598;-0,010136826;-0.012408863;-0.020707659;-0.026910987;
2026-07-30T04:43:25.771Z;1001;inference;Clean_Air;0;98;0;-0,00095778;0.004280045;0.00521668;-0.002481758;-0,010128221;-0.012428715;-0.020696679;-0.026911449;
2026-07-30T04:43:26.404Z;1001;inference;Clean_Air;0;98;0;-0,00095778;0.004280045;0.00521668;-0.002481758;-0,010128221;-0.012428715;-0.020696679;-0.026911449;
2026-07-30T04:43:26.791Z;1001;inference;Clean_Air;0;98;0;-0,000963579;0.004289852;0.005271675;-0.002449978;-0,010121781;-0.012437184;-0.020769833;-0.026924666;
2026-07-30T04:43:27.262Z;1001;inference;Clean_Air;0;98;0;-0,000963579;0.004289852;0.005271675;-0.002449978;-0,010121781;-0.012437184;-0.020769833;-0.026924666;
2026-07-30T04:43:27.750Z;1001;inference;Clean_Air;0;98;0;-0,000963579;0.004289852;0.005271675;-0.002449978;-0,010121781;-0.012437184;-0.020769833;-0.026924666;
2026-07-30T04:43:28.251Z;1001;inference;Clean_Air;0;98;0;-0,000963579;0.004289852;0.005271675;-0.002449978;-0,010121781;-0.012437184;-0.020769833;-0.026924666;
2026-07-30T04:43:28.766Z;1001;inference;Clean_Air;0;98;0;-0,000963579;0.004289852;0.005271675;-0.002449978;-0,010121781;-0.012437184;-0.020769833;-0.026924666;
2026-07-30T04:43:29.309Z;1001;inference;Clean_Air;0;98;0;-0,000986002;0.00430482;0.005278944;-0.002456683;-0,010113889;-0.012447044;-0.020790197;-0.026928514;
2026-07-30T04:43:29.841Z;1001;inference;Clean_Air;0;98;0;-0,000999926;0.004306492;0.005279681;-0.002468723;-0,010102758;-0.012435856;-0.020800751;-0.026925007;
2026-07-30T04:43:30.390Z;1001;inference;Clean_Air;0;98;0;-0,001012177;0.004322788;0.0052535;-0.002463345;-0,01010543;-0.012409686;-0.020779669;-0.026920091;
2026-07-30T04:43:30.917Z;1001;inference;Clean_Air;0;98;0;-0,000981;0.004321028;0.005327862;-0.00244719;-0,010098189;-0.012430185;-0.020821556;-0.026995298;
2026-07-30T04:43:31.301Z;1001;inference;Clean_Air;0;98;0;-0,000940939;0.004381566;0.005367834;-0.002517039;-0,010104975;-0.012440393;-0.020863991;-0.026983526;
2026-07-30T04:43:31.832Z;1001;inference;Clean_Air;0;98;0;-0,000940939;0.004381566;0.005367834;-0.002517039;-0,010104975;-0.012440393;-0.020863991;-0.026983526;
2026-07-30T04:43:32.301Z;1001;inference;Clean_Air;0;98;0;-0,000925646;0.004393707;0.00536482;-0.002549619;-0,010084503;-0.012443112;-0.020892864;-0.026978344;
2026-07-30T04:43:32.857Z;1001;inference;Clean_Air;0;98;0;-0,000929909;0.004422565;0.00537047;-0.002600397;-0,010125061;-0.012452262;-0.020866467;-0.027002594;
2026-07-30T04:43:33.394Z;1001;inference;Clean_Air;0;98;0;-0,000893748;0.004409228;0.00538615;-0.002594701;-0,010131247;-0.012479732;-0.020963807;-0.027072784;
2026-07-30T04:43:33.781Z;1001;inference;Clean_Air;0;98;0;-0,000893351;0.004431161;0.005376575;-0.002543304;-0,010139616;-0.012469366;-0.020896096;-0.027009174;
2026-07-30T04:43:34.311Z;1001;inference;Clean_Air;0;98;0;-0,000893351;0.004431161;0.005376575;-0.002543304;-0,010139616;-0.012469366;-0.020896096;-0.027009174;
2026-07-30T04:43:34.790Z;1001;inference;Clean_Air;0;98;0;-0,000897988;0.004425696;0.005357312;-0.002545872;-0,010167873;-0.012459324;-0.020842038;-0.027007934;
2026-07-30T04:43:35.340Z;1001;inference;Clean_Air;0;98;0;-0,000878538;0.004407357;0.005320366;-0.002558195;-0,01016253;-0.012438444;-0.020843502;-0.026916644;
2026-07-30T04:43:35.867Z;1001;inference;Clean_Air;0;98;0;-0,000854406;0.004429618;0.005327041;-0.00260962;-0,010182807;-0.01243053;-0.020848069;-0.026942253;
2026-07-30T04:43:36.420Z;1001;inference;Clean_Air;0;98;0;-0,000829661;0.004341232;0.0053445;-0.002666128;-0,010172782;-0.012437336;-0.020885034;-0.026929308;
2026-07-30T04:43:36.897Z;1001;inference;Clean_Air;0;98;0;-0,000863388;0.004359453;0.005267567;-0.002681983;-0,01015496;-0.012430403;-0.020874573;-0.026911551;
2026-07-30T04:43:37.289Z;1001;inference;Clean_Air;0;98;0;-0,000863388;0.004359453;0.005267567;-0.002681983;-0,01015496;-0.012430403;-0.020874573;-0.026911551;
2026-07-30T04:43:37.759Z;1001;inference;Clean_Air;0;98;0;-0,000863388;0.004359453;0.005267567;-0.002681983;-0,01015496;-0.012430403;-0.020874573;-0.026911551;
2026-07-30T04:43:38.257Z;1001;inference;Clean_Air;0;98;0;-0,000863388;0.004359453;0.005267567;-0.002681983;-0,01015496;-0.012430403;-0.020874573;-0.026911551;
2026-07-30T04:43:38.763Z;1001;inference;Clean_Air;0;98;0;-0,000863388;0.004359453;0.005267567;-0.002681983;-0,01015496;-0.012430403;-0.020874573;-0.026911551;
2026-07-30T04:43:39.303Z;1001;inference;Clean_Air;0;98;0;-0,000881772;0.004360595;0.005282613;-0.002682773;-0,010124786;-0.012423842;-0.020828817;-0.0268961;
2026-07-30T04:43:39.829Z;1001;inference;Clean_Air;0;98;0;-0,000881524;0.004340791;0.005293395;-0.002659963;-0,010144616;-0.012427523;-0.020805283;-0.026894832;
2026-07-30T04:43:40.382Z;1001;inference;Clean_Air;0;98;0;-0,000876617;0.004341968;0.005284155;-0.002611032;-0,010069042;-0.012422032;-0.020827655;-0.026789781;
2026-07-30T04:43:40.919Z;1001;inference;Clean_Air;0;98;0;-0,000933241;0.00441915;0.005298042;-0.002623037;-0,010053486;-0.012405797;-0.020800132;-0.026818708;
2026-07-30T04:43:41.305Z;1001;inference;Clean_Air;0;98;0;-0,000929476;0.004370929;0.005283116;-0.002693244;-0,01006592;-0.012411648;-0.020870302;-0.026868885;
2026-07-30T04:43:41.837Z;1001;inference;Clean_Air;0;98;0;-0,000929476;0.004370929;0.005283116;-0.002693244;-0,01006592;-0.012411648;-0.020870302;-0.026868885;
2026-07-30T04:43:42.316Z;1001;inference;Clean_Air;0;98;0;-0,000906587;0.004372739;0.005262372;-0.002675701;-0,010052156;-0.012397773;-0.020878291;-0.026967932;
2026-07-30T04:43:42.861Z;1001;inference;Clean_Air;0;98;0;-0,000915757;0.004386228;0.005285091;-0.002650017;-0,010045532;-0.012418267;-0.020874612;-0.027010415;
2026-07-30T04:43:43.399Z;1001;inference;Clean_Air;0;98;0;-0,000891038;0.004355728;0.005286154;-0.002597987;-0,010023706;-0.012425071;-0.020922881;-0.02699801;
2026-07-30T04:43:43.784Z;1001;inference;Clean_Air;0;98;0;-0,000879003;0.00440286;0.00529629;-0.002563786;-0,010041856;-0.012454711;-0.020899314;-0.027018612;
2026-07-30T04:43:44.316Z;1001;inference;Clean_Air;0;98;0;-0,000879003;0.00440286;0.00529629;-0.002563786;-0,010041856;-0.012454711;-0.020899314;-0.027018612;
2026-07-30T04:43:44.797Z;1001;inference;Clean_Air;0;98;0;-0,000852829;0.004316759;0.005307045;-0.002543915;-0,01014292;-0.012492756;-0.020900371;-0.027029783;
2026-07-30T04:43:45.348Z;1001;inference;Clean_Air;0;98;0;-0,00085592;0.004277525;0.005278757;-0.002548727;-0,01017494;-0.012472188;-0.020884221;-0.027011886;
2026-07-30T04:43:45.876Z;1001;inference;Clean_Air;0;98;0;-0,000859262;0.004308901;0.005282055;-0.002553917;-0,010168943;-0.012442148;-0.020887811;-0.027032033;
2026-07-30T04:43:46.428Z;1001;inference;Clean_Air;0;98;0;-0,000858594;0.004319564;0.005281481;-0.002552248;-0,010185277;-0.01243593;-0.02089034;-0.02710261;
2026-07-30T04:43:46.905Z;1001;inference;Clean_Air;0;98;0;-0,000821679;0.004329449;0.005283086;-0.002566289;-0,010211311;-0.012426999;-0.020884154;-0.027069841;
2026-07-30T04:43:47.287Z;1001;inference;Clean_Air;0;98;0;-0,000821679;0.004329449;0.005283086;-0.002566289;-0,010211311;-0.012426999;-0.020884154;-0.027069841;
2026-07-30T04:43:47.760Z;1001;inference;Clean_Air;0;98;0;-0,000821679;0.004329449;0.005283086;-0.002566289;-0,010211311;-0.012426999;-0.020884154;-0.027069841;
2026-07-30T04:43:48.258Z;1001;inference;Clean_Air;0;98;0;-0,000821679;0.004329449;0.005283086;-0.002566289;-0,010211311;-0.012426999;-0.020884154;-0.027069841;
2026-07-30T04:43:48.758Z;1001;inference;Clean_Air;0;98;0;-0,000821679;0.004329449;0.005283086;-0.002566289;-0,010211311;-0.012426999;-0.020884154;-0.027069841;
2026-07-30T04:43:49.307Z;1001;inference;Clean_Air;0;98;0;-0,000820477;0.004256048;0.005286605;-0.002560748;-0,0102179;-0.012423814;-0.020925861;-0.027133752;
2026-07-30T04:43:49.840Z;1001;inference;Clean_Air;0;98;0;-0,000832753;0.004184642;0.005308176;-0.002568401;-0,010193848;-0.012449099;-0.020973971;-0.027032644;
2026-07-30T04:43:50.386Z;1001;inference;Clean_Air;0;98;0;-0,000811575;0.004160475;0.005321535;-0.002568197;-0,010202281;-0.012429262;-0.020973956;-0.02706996;
2026-07-30T04:43:50.919Z;1001;inference;Clean_Air;0;98;0;-0,000831131;0.004175506;0.005314709;-0.002580327;-0,010202399;-0.012423055;-0.020938823;-0.027045419;
2026-07-30T04:43:51.310Z;1001;inference;Clean_Air;0;98;0;-0,000868543;0.004204914;0.00527101;-0.002589212;-0,010210969;-0.012441494;-0.020874184;-0.027035248;
2026-07-30T04:43:51.841Z;1001;inference;Clean_Air;0;98;0;-0,000868543;0.004204914;0.00527101;-0.002589212;-0,010210969;-0.012441494;-0.020874184;-0.027035248;
2026-07-30T04:43:52.315Z;1001;inference;Clean_Air;0;98;0;-0,000865779;0.004206055;0.005256808;-0.002600905;-0,010111695;-0.012418012;-0.020872243;-0.027037453;
2026-07-30T04:43:52.865Z;1001;inference;Clean_Air;0;98;0;-0,000856842;0.004211073;0.00527116;-0.002538559;-0,010106069;-0.012436206;-0.020891465;-0.02709062;
2026-07-30T04:43:53.395Z;1001;inference;Clean_Air;0;98;0;-0,000844698;0.004202329;0.005256275;-0.002545825;-0,010085212;-0.012467021;-0.020890877;-0.027060891;
2026-07-30T04:43:53.789Z;1001;inference;Clean_Air;0;98;0;-0,000854429;0.004183671;0.005253133;-0.002539222;-0,010067761;-0.012476197;-0.020886147;-0.02704528;
2026-07-30T04:43:54.321Z;1001;inference;Clean_Air;0;98;0;-0,000854429;0.004183671;0.005253133;-0.002539222;-0,010067761;-0.012476197;-0.020886147;-0.02704528;
2026-07-30T04:43:54.798Z;1001;inference;Clean_Air;0;98;0;-0,000844902;0.004185494;0.005238283;-0.002446771;-0,010061507;-0.012460001;-0.020874506;-0.027065545;
2026-07-30T04:43:55.353Z;1001;inference;Clean_Air;0;98;0;-0,000779031;0.00424987;0.005257727;-0.00237884;-0,01002655;-0.012449751;-0.020872828;-0.027025759;
2026-07-30T04:43:55.890Z;1001;inference;Clean_Air;0;98;0;-0,000778989;0.004295168;0.005235971;-0.002365779;-0,010035625;-0.012418135;-0.020802893;-0.027043343;
2026-07-30T04:43:56.276Z;1001;inference;Clean_Air;0;98;0;-0,000808775;0.004360751;0.005240158;-0.002374389;-0,010014133;-0.012351277;-0.020845005;-0.027047247;
2026-07-30T04:43:56.909Z;1001;inference;Clean_Air;0;98;0;-0,000808775;0.004360751;0.005240158;-0.002374389;-0,010014133;-0.012351277;-0.020845005;-0.027047247;
2026-07-30T04:43:57.291Z;1001;inference;Clean_Air;0;98;0;-0,000819817;0.00436483;0.005237804;-0.002369674;-0,010020366;-0.012339054;-0.020847635;-0.027069967;
2026-07-30T04:43:57.761Z;1001;inference;Clean_Air;0;98;0;-0,000819817;0.00436483;0.005237804;-0.002369674;-0,010020366;-0.012339054;-0.020847635;-0.027069967;
2026-07-30T04:43:58.262Z;1001;inference;Clean_Air;0;98;0;-0,000819817;0.00436483;0.005237804;-0.002369674;-0,010020366;-0.012339054;-0.020847635;-0.027069967;
2026-07-30T04:43:58.784Z;1001;inference;Clean_Air;0;98;0;-0,000819817;0.00436483;0.005237804;-0.002369674;-0,010020366;-0.012339054;-0.020847635;-0.027069967;
2026-07-30T04:43:59.251Z;1001;inference;Clean_Air;0;98;0;-0,000819817;0.00436483;0.005237804;-0.002369674;-0,010020366;-0.012339054;-0.020847635;-0.027069967;
2026-07-30T04:43:59.803Z;1001;inference;Clean_Air;0;98;0;-0,000808194;0.004406836;0.005283131;-0.002346548;-0,010012123;-0.012295892;-0.020920031;-0.027072132;
2026-07-30T04:44:00.329Z;1001;inference;Clean_Air;0;98;0;-0,000809991;0.004477454;0.005268176;-0.002389929;-0,010026629;-0.012277206;-0.020896692;-0.027062338;
2026-07-30T04:44:00.882Z;1001;inference;Clean_Air;0;98;0;-0,000812687;0.004452315;0.005276874;-0.002445607;-0,010027638;-0.012291853;-0.020884957;-0.027009601;
2026-07-30T04:44:01.416Z;1001;inference;Clean_Air;0;98;0;-0,000811592;0.004451677;0.005278442;-0.002443287;-0,010038255;-0.012287724;-0.020920683;-0.027017612;
2026-07-30T04:44:01.806Z;1001;inference;Clean_Air;0;98;0;-0,000808705;0.004477827;0.005266264;-0.002445667;-0,010052901;-0.012309236;-0.02091434;-0.02701073;
2026-07-30T04:44:02.337Z;1001;inference;Clean_Air;0;98;0;-0,000808705;0.004477827;0.005266264;-0.002445667;-0,010052901;-0.012309236;-0.02091434;-0.02701073;
2026-07-30T04:44:02.808Z;1001;inference;Clean_Air;0;98;0;-0,000830005;0.004500479;0.005279402;-0.002549469;-0,010047751;-0.01234368;-0.020930827;-0.027026922;
2026-07-30T04:44:03.362Z;1001;inference;Clean_Air;0;98;0;-0,000905904;0.004483613;0.005261873;-0.00261205;-0,010058862;-0.012347377;-0.02089759;-0.027024904;
2026-07-30T04:44:03.887Z;1001;inference;Clean_Air;0;98;0;-0,000911141;0.00449936;0.005261601;-0.002647183;-0,010099046;-0.012355552;-0.020928366;-0.027017202;
2026-07-30T04:44:04.275Z;1001;inference;Clean_Air;0;98;0;-0,00087876;0.004501845;0.005233671;-0.002699364;-0,010144309;-0.012443857;-0.020908;-0.027016306;
2026-07-30T04:44:04.809Z;1001;inference;Clean_Air;0;98;0;-0,00087876;0.004501845;0.005233671;-0.002699364;-0,010144309;-0.012443857;-0.020908;-0.027016306;
2026-07-30T04:44:05.284Z;1001;inference;Clean_Air;0;98;0;-0,000876249;0.004508963;0.005232924;-0.002681016;-0,010164151;-0.012470771;-0.020948002;-0.026999956;
2026-07-30T04:44:05.841Z;1001;inference;Clean_Air;0;98;0;-0,000879902;0.004463174;0.005228424;-0.002727746;-0,010175094;-0.012493813;-0.020919867;-0.026989106;
2026-07-30T04:44:06.375Z;1001;inference;Clean_Air;0;98;0;-0,000873182;0.004469397;0.005266053;-0.002683097;-0,010174484;-0.01247388;-0.020957027;-0.026985046;
2026-07-30T04:44:06.921Z;1001;inference;Clean_Air;0;98;0;-0,000869901;0.004518797;0.005242034;-0.002675247;-0,010185545;-0.012459157;-0.020974424;-0.027011693;
2026-07-30T04:44:07.398Z;1001;inference;Clean_Air;0;98;0;-0,000871297;0.004527953;0.005257999;-0.002708985;-0,010170588;-0.012464511;-0.020945216;-0.027007127;
2026-07-30T04:44:07.789Z;1001;inference;Clean_Air;0;98;0;-0,000871297;0.004527953;0.005257999;-0.002708985;-0,010170588;-0.012464511;-0.020945216;-0.027007127;
2026-07-30T04:44:08.254Z;1001;inference;Clean_Air;0;98;0;-0,000871297;0.004527953;0.005257999;-0.002708985;-0,010170588;-0.012464511;-0.020945216;-0.027007127;
2026-07-30T04:44:08.755Z;1001;inference;Clean_Air;0;98;0;-0,000871297;0.004527953;0.005257999;-0.002708985;-0,010170588;-0.012464511;-0.020945216;-0.027007127;
2026-07-30T04:44:09.254Z;1001;inference;Clean_Air;0;98;0;-0,000871297;0.004527953;0.005257999;-0.002708985;-0,010170588;-0.012464511;-0.020945216;-0.027007127;
2026-07-30T04:44:09.804Z;1001;inference;Clean_Air;0;98;0;-0,000863014;0.004507684;0.005258019;-0.002721915;-0,010149996;-0.01242004;-0.020886702;-0.027031889;
2026-07-30T04:44:10.332Z;1001;inference;Clean_Air;0;98;0;-0,000847032;0.004483909;0.005252344;-0.002668472;-0,010154349;-0.012385043;-0.020870809;-0.027018931;
2026-07-30T04:44:10.882Z;1001;inference;Clean_Air;0;98;0;-0,000829951;0.004514416;0.005249606;-0.002604238;-0,010160989;-0.012395062;-0.020858619;-0.027005453;
2026-07-30T04:44:11.409Z;1001;inference;Clean_Air;0;98;0;-0,000822036;0.004513349;0.00526493;-0.002591403;-0,010120381;-0.012416443;-0.020850692;-0.026989669;
2026-07-30T04:44:11.806Z;1001;inference;Clean_Air;0;98;0;-0,000849347;0.004460167;0.005283518;-0.002550431;-0,010101252;-0.01241177;-0.020828212;-0.026997928;
2026-07-30T04:44:12.337Z;1001;inference;Clean_Air;0;98;0;-0,000849347;0.004460167;0.005283518;-0.002550431;-0,010101252;-0.01241177;-0.020828212;-0.026997928;
2026-07-30T04:44:12.820Z;1001;inference;Clean_Air;0;98;0;-0,00083466;0.004452168;0.005283789;-0.002564332;-0,010077522;-0.012398873;-0.020780664;-0.027013671;
2026-07-30T04:44:13.363Z;1001;inference;Clean_Air;0;98;0;-0,000810716;0.004440186;0.005288407;-0.002532248;-0,01007762;-0.01238722;-0.020792183;-0.027051926;
2026-07-30T04:44:13.894Z;1001;inference;Clean_Air;0;98;0;-0,000812074;0.004446718;0.005269374;-0.002576651;-0,010081757;-0.012416373;-0.020760883;-0.02706312;
2026-07-30T04:44:14.285Z;1001;inference;Clean_Air;0;98;0;-0,000821279;0.004404048;0.005272122;-0.002580435;-0,010070564;-0.012398789;-0.020683611;-0.027059242;
2026-07-30T04:44:14.817Z;1001;inference;Clean_Air;0;98;0;-0,000821279;0.004404048;0.005272122;-0.002580435;-0,010070564;-0.012398789;-0.020683611;-0.027059242;
2026-07-30T04:44:15.290Z;1001;inference;Clean_Air;0;98;0;-0,000858997;0.00440896;0.005249236;-0.002548263;-0,010097402;-0.012393477;-0.020727068;-0.027064275;
2026-07-30T04:44:15.845Z;1001;inference;Clean_Air;0;98;0;-0,000861391;0.00445203;0.005257477;-0.002561925;-0,010112598;-0.01241059;-0.020770762;-0.027053809;
2026-07-30T04:44:16.382Z;1001;inference;Clean_Air;0;98;0;-0,000849378;0.004452818;0.005261149;-0.002568536;-0,010110736;-0.012425223;-0.020770151;-0.027040835;
2026-07-30T04:44:16.925Z;1001;inference;Clean_Air;0;98;0;-0,000868058;0.00444279;0.005262687;-0.002641717;-0,010141662;-0.012428915;-0.020744804;-0.027071711;
2026-07-30T04:44:17.402Z;1001;inference;Clean_Air;0;98;0;-0,000871319;0.004381667;0.005242583;-0.002620247;-0,01015175;-0.012411849;-0.020753317;-0.027083326;
2026-07-30T04:44:17.789Z;1001;inference;Clean_Air;0;98;0;-0,000871319;0.004381667;0.005242583;-0.002620247;-0,01015175;-0.012411849;-0.020753317;-0.027083326;
2026-07-30T04:44:18.253Z;1001;inference;Clean_Air;0;98;0;-0,000871319;0.004381667;0.005242583;-0.002620247;-0,01015175;-0.012411849;-0.020753317;-0.027083326;
2026-07-30T04:44:18.754Z;1001;inference;Clean_Air;0;98;0;-0,000871319;0.004381667;0.005242583;-0.002620247;-0,01015175;-0.012411849;-0.020753317;-0.027083326;
2026-07-30T04:44:19.255Z;1001;inference;Clean_Air;0;98;0;-0,000871319;0.004381667;0.005242583;-0.002620247;-0,01015175;-0.012411849;-0.020753317;-0.027083326;
2026-07-30T04:44:19.804Z;1001;inference;Clean_Air;0;98;0;-0,000874072;0.004402305;0.005220523;-0.002542061;-0,010155479;-0.01239224;-0.020770285;-0.0270386;
2026-07-30T04:44:20.330Z;1001;inference;Clean_Air;0;98;0;-0,000888543;0.004391323;0.00522567;-0.002474758;-0,010180788;-0.012385771;-0.020700147;-0.027032027;
2026-07-30T04:44:20.884Z;1001;inference;Clean_Air;0;98;0;-0,000900773;0.004398186;0.005217449;-0.00245056;-0,010178096;-0.012389316;-0.020757614;-0.027014783;
2026-07-30T04:44:21.420Z;1001;inference;Clean_Air;0;98;0;-0,000907277;0.004397123;0.005216898;-0.0024248;-0,010191547;-0.012403451;-0.020762531;-0.027023017;
2026-07-30T04:44:21.807Z;1001;inference;Clean_Air;0;98;0;-0,000899471;0.004399327;0.005229655;-0.002424078;-0,010183953;-0.012434484;-0.020826859;-0.027030606;
2026-07-30T04:44:22.338Z;1001;inference;Clean_Air;0;98;0;-0,000899471;0.004399327;0.005229655;-0.002424078;-0,010183953;-0.012434484;-0.020826859;-0.027030606;
2026-07-30T04:44:22.814Z;1001;inference;Clean_Air;0;98;0;-0,000850052;0.004407112;0.005231126;-0.002357827;-0,010154283;-0.012435433;-0.020728033;-0.027041277;
2026-07-30T04:44:23.363Z;1001;inference;Clean_Air;0;98;0;-0,000848414;0.004368073;0.005226856;-0.002387373;-0,010163866;-0.01242668;-0.020741377;-0.027042996;
2026-07-30T04:44:23.889Z;1001;inference;Clean_Air;0;98;0;-0,000861178;0.004353676;0.00524621;-0.002409535;-0,01015878;-0.012441963;-0.02068736;-0.0270673;
2026-07-30T04:44:24.279Z;1001;inference;Clean_Air;0;98;0;-0,0008418;0.004372894;0.005234157;-0.00240311;-0,010134177;-0.012437336;-0.020720765;-0.027082328;
2026-07-30T04:44:24.811Z;1001;inference;Clean_Air;0;98;0;-0,0008418;0.004372894;0.005234157;-0.00240311;-0,010134177;-0.012437336;-0.020720765;-0.027082328;
2026-07-30T04:44:25.289Z;1001;inference;Clean_Air;0;98;0;-0,000852651;0.004433748;0.00523637;-0.002413933;-0,010129935;-0.012447396;-0.020722393;-0.02705963;
2026-07-30T04:44:25.834Z;1001;inference;Clean_Air;0;98;0;-0,000856395;0.004415927;0.005237218;-0.002465052;-0,010130879;-0.012468827;-0.020720905;-0.027085096;
2026-07-30T04:44:26.365Z;1001;inference;Clean_Air;0;98;0;-0,000851586;0.004425604;0.005244018;-0.002553158;-0,010114429;-0.012468584;-0.020796966;-0.027024925;
2026-07-30T04:44:26.921Z;1001;inference;Clean_Air;0;97;0;-0,000848992;0.004426812;0.005206272;-0.002527209;-0,010118602;-0.012462853;-0.020748787;-0.027021602;
2026-07-30T04:44:27.297Z;1001;inference;Clean_Air;0;98;0;-0,000855193;0.004410219;0.005221198;-0.002486184;-0,010088181;-0.01245464;-0.020747956;-0.027023604;
2026-07-30T04:44:27.776Z;1001;inference;Clean_Air;0;98;0;-0,000855193;0.004410219;0.005221198;-0.002486184;-0,010088181;-0.01245464;-0.020747956;-0.027023604;
2026-07-30T04:44:28.311Z;1001;inference;Clean_Air;0;98;0;-0,000861407;0.004422522;0.005218592;-0.002485887;-0,010088116;-0.012443884;-0.020767849;-0.026942572;
2026-07-30T04:44:28.763Z;1001;inference;Clean_Air;0;98;0;-0,000861407;0.004422522;0.005218592;-0.002485887;-0,010088116;-0.012443884;-0.020767849;-0.026942572;
2026-07-30T04:44:29.285Z;1001;inference;Clean_Air;0;98;0;-0,000861407;0.004422522;0.005218592;-0.002485887;-0,010088116;-0.012443884;-0.020767849;-0.026942572;
2026-07-30T04:44:29.751Z;1001;inference;Clean_Air;0;98;0;-0,000861407;0.004422522;0.005218592;-0.002485887;-0,010088116;-0.012443884;-0.020767849;-0.026942572;
2026-07-30T04:44:30.252Z;1001;inference;Clean_Air;0;98;0;-0,000861407;0.004422522;0.005218592;-0.002485887;-0,010088116;-0.012443884;-0.020767849;-0.026942572;
2026-07-30T04:44:30.808Z;1001;inference;Clean_Air;0;98;0;-0,000878143;0.004416504;0.00521674;-0.002537927;-0,010122058;-0.012445094;-0.020791158;-0.026939327;
2026-07-30T04:44:31.334Z;1001;inference;Clean_Air;0;98;0;-0,000896481;0.004423487;0.005220554;-0.002488754;-0,010143912;-0.01243935;-0.020794122;-0.026949847;
2026-07-30T04:44:31.891Z;1001;inference;Clean_Air;0;97;0;-0,00090584;0.00442458;0.00518633;-0.002477035;-0,01016494;-0.012429965;-0.020841721;-0.026929304;
2026-07-30T04:44:32.425Z;1001;inference;Clean_Air;0;97;0;-0,000915982;0.004409669;0.005206221;-0.002480415;-0,010159767;-0.012411645;-0.020836083;-0.026890716;
2026-07-30T04:44:32.816Z;1001;inference;Clean_Air;0;97;0;-0,000902771;0.004437248;0.005209584;-0.002481973;-0,010179705;-0.012423283;-0.020816365;-0.026908467;
2026-07-30T04:44:33.346Z;1001;inference;Clean_Air;0;97;0;-0,000902771;0.004437248;0.005209584;-0.002481973;-0,010179705;-0.012423283;-0.020816365;-0.026908467;
2026-07-30T04:44:33.818Z;1001;inference;Clean_Air;0;98;0;-0,000898177;0.00447959;0.005235024;-0.002500186;-0,010146367;-0.012422482;-0.020807344;-0.026919678;
2026-07-30T04:44:34.371Z;1001;inference;Clean_Air;0;97;0;-0,000899066;0.004500596;0.005200763;-0.002478797;-0,010158002;-0.012441988;-0.020822;-0.026976634;
2026-07-30T04:44:34.895Z;1001;inference;Clean_Air;0;98;0;-0,0009021;0.004483925;0.005226152;-0.002519598;-0,010148959;-0.012451248;-0.020822521;-0.026978146;
2026-07-30T04:44:35.294Z;1001;inference;Clean_Air;0;98;0;-0,000913106;0.004493079;0.005227468;-0.002486011;-0,010161535;-0.012436154;-0.020753291;-0.026976967;
2026-07-30T04:44:35.825Z;1001;inference;Clean_Air;0;98;0;-0,000913106;0.004493079;0.005227468;-0.002486011;-0,010161535;-0.012436154;-0.020753291;-0.026976967;
2026-07-30T04:44:36.295Z;1001;inference;Clean_Air;0;98;0;-0,000898078;0.004487731;0.005226065;-0.002534301;-0,010159475;-0.012432786;-0.020742849;-0.027092135;
2026-07-30T04:44:36.854Z;1001;inference;Clean_Air;0;98;0;-0,000899145;0.004478217;0.005219041;-0.002547669;-0,01014208;-0.012423368;-0.020778935;-0.027077291;
2026-07-30T04:44:37.389Z;1001;inference;Clean_Air;0;98;0;-0,000893514;0.004485507;0.005216839;-0.002568246;-0,010130676;-0.012451397;-0.020794492;-0.027060155;
2026-07-30T04:44:37.777Z;1001;inference;Clean_Air;0;98;0;-0,000916837;0.004497832;0.005250523;-0.002540442;-0,010115322;-0.012453025;-0.020812733;-0.027062196;
2026-07-30T04:44:38.410Z;1001;inference;Clean_Air;0;98;0;-0,000916837;0.004497832;0.005250523;-0.002540442;-0,010115322;-0.012453025;-0.020812733;-0.027062196;
2026-07-30T04:44:38.787Z;1001;inference;Clean_Air;0;98;0;-0,000929338;0.004492438;0.005256998;-0.002539701;-0,010118946;-0.012475333;-0.020813052;-0.02707151;
2026-07-30T04:44:39.256Z;1001;inference;Clean_Air;0;98;0;-0,000929338;0.004492438;0.005256998;-0.002539701;-0,010118946;-0.012475333;-0.020813052;-0.02707151;
2026-07-30T04:44:39.755Z;1001;inference;Clean_Air;0;98;0;-0,000929338;0.004492438;0.005256998;-0.002539701;-0,010118946;-0.012475333;-0.020813052;-0.02707151;
2026-07-30T04:44:40.254Z;1001;inference;Clean_Air;0;98;0;-0,000929338;0.004492438;0.005256998;-0.002539701;-0,010118946;-0.012475333;-0.020813052;-0.02707151;
2026-07-30T04:44:40.756Z;1001;inference;Clean_Air;0;98;0;-0,000929338;0.004492438;0.005256998;-0.002539701;-0,010118946;-0.012475333;-0.020813052;-0.02707151;
2026-07-30T04:44:41.304Z;1001;inference;Clean_Air;0;98;0;-0,000920238;0.004463508;0.005279043;-0.002547927;-0,010096607;-0.012456561;-0.020824317;-0.027001044;
2026-07-30T04:44:41.831Z;1001;inference;Clean_Air;0;98;0;-0,000910356;0.004364442;0.00526735;-0.002540663;-0,010123888;-0.012440179;-0.020801859;-0.026973927;
2026-07-30T04:44:42.383Z;1001;inference;Clean_Air;0;98;0;-0,00089486;0.004266694;0.005276678;-0.002521463;-0,010089496;-0.012425407;-0.020794392;-0.026980247;
2026-07-30T04:44:42.908Z;1001;inference;Clean_Air;0;98;0;-0,000892696;0.00428136;0.005292472;-0.002516537;-0,01009117;-0.012398472;-0.020801213;-0.02697463;
2026-07-30T04:44:43.307Z;1001;inference;Clean_Air;0;98;0;-0,000895721;0.004290754;0.005292346;-0.00251776;-0,010086471;-0.012392217;-0.020808194;-0.026973659;
2026-07-30T04:44:43.838Z;1001;inference;Clean_Air;0;98;0;-0,000895721;0.004290754;0.005292346;-0.00251776;-0,010086471;-0.012392217;-0.020808194;-0.026973659;
2026-07-30T04:44:44.314Z;1001;inference;Clean_Air;0;98;0;-0,000899587;0.004294804;0.005276337;-0.002514958;-0,010090836;-0.012402744;-0.02083314;-0.026948724;
2026-07-30T04:44:44.863Z;1001;inference;Clean_Air;0;98;0;-0,000907923;0.004311185;0.005294699;-0.002560127;-0,010092193;-0.012414681;-0.020834338;-0.026943218;
2026-07-30T04:44:45.394Z;1001;inference;Clean_Air;0;98;0;-0,000919054;0.00422228;0.00527433;-0.002544881;-0,010068994;-0.012401832;-0.02081345;-0.026946267;
2026-07-30T04:44:45.786Z;1001;inference;Clean_Air;0;98;0;-0,000883008;0.004199691;0.005249989;-0.002540133;-0,010086184;-0.01239291;-0.020808732;-0.026980009;
2026-07-30T04:44:46.318Z;1001;inference;Clean_Air;0;98;0;-0,000883008;0.004199691;0.005249989;-0.002540133;-0,010086184;-0.01239291;-0.020808732;-0.026980009;
2026-07-30T04:44:46.789Z;1001;inference;Clean_Air;0;98;0;-0,000868334;0.004205635;0.00524259;-0.002586208;-0,010095012;-0.012403414;-0.020819034;-0.027005836;
2026-07-30T04:44:47.346Z;1001;inference;Clean_Air;0;98;0;-0,000883942;0.004226319;0.005225913;-0.002582584;-0,010108907;-0.01242194;-0.020750163;-0.027062839;
2026-07-30T04:44:47.883Z;1001;inference;Clean_Air;0;98;0;-0,000883017;0.004291327;0.00524466;-0.002528281;-0,010125919;-0.01243028;-0.020747861;-0.027070234;
2026-07-30T04:44:48.269Z;1001;inference;Clean_Air;0;98;0;-0,00090332;0.004354944;0.005255963;-0.002529902;-0,010133643;-0.012426363;-0.020745147;-0.027062118;
2026-07-30T04:44:48.902Z;1001;inference;Clean_Air;0;98;0;-0,00090332;0.004354944;0.005255963;-0.002529902;-0,010133643;-0.012426363;-0.020745147;-0.027062118;
2026-07-30T04:44:49.289Z;1001;inference;Clean_Air;0;98;0;-0,000914628;0.004372035;0.005215375;-0.002526916;-0,010117583;-0.012447474;-0.020737657;-0.026996415;
2026-07-30T04:44:49.751Z;1001;inference;Clean_Air;0;98;0;-0,000914628;0.004372035;0.005215375;-0.002526916;-0,010117583;-0.012447474;-0.020737657;-0.026996415;
2026-07-30T04:44:50.285Z;1001;inference;Clean_Air;0;98;0;-0,000914628;0.004372035;0.005215375;-0.002526916;-0,010117583;-0.012447474;-0.020737657;-0.026996415;
2026-07-30T04:44:50.764Z;1001;inference;Clean_Air;0;98;0;-0,000914628;0.004372035;0.005215375;-0.002526916;-0,010117583;-0.012447474;-0.020737657;-0.026996415;
2026-07-30T04:44:51.265Z;1001;inference;Clean_Air;0;98;0;-0,000914628;0.004372035;0.005215375;-0.002526916;-0,010117583;-0.012447474;-0.020737657;-0.026996415;
2026-07-30T04:44:51.804Z;1001;inference;Clean_Air;0;97;0;-0,000886358;0.004291621;0.005191393;-0.002625805;-0,010104888;-0.012463069;-0.020777417;-0.026996821;
2026-07-30T04:44:52.341Z;1001;inference;Clean_Air;0;97;0;-0,000885029;0.004281146;0.005194597;-0.002630508;-0,010118384;-0.012433932;-0.02073588;-0.02697612;
2026-07-30T04:44:52.883Z;1001;inference;Clean_Air;0;97;0;-0,000876149;0.004276344;0.005173842;-0.00259138;-0,010131569;-0.012411347;-0.020736869;-0.027017932;
2026-07-30T04:44:53.421Z;1001;inference;Clean_Air;0;97;0;-0,000867479;0.004345252;0.005203262;-0.002583905;-0,010135143;-0.01240499;-0.020744538;-0.027018482;
2026-07-30T04:44:53.807Z;1001;inference;Clean_Air;0;97;0;-0,0008973;0.004341088;0.005183566;-0.00261924;-0,010142797;-0.012391292;-0.020742571;-0.027004311;
2026-07-30T04:44:54.339Z;1001;inference;Clean_Air;0;97;0;-0,0008973;0.004341088;0.005183566;-0.00261924;-0,010142797;-0.012391292;-0.020742571;-0.027004311;
2026-07-30T04:44:54.810Z;1001;inference;Clean_Air;0;98;0;-0,000902662;0.004360585;0.005252116;-0.002505582;-0,01013683;-0.012393707;-0.020732773;-0.026970649;
2026-07-30T04:44:55.364Z;1001;inference;Clean_Air;0;98;0;-0,00089589;0.004284516;0.005244843;-0.002504896;-0,010123637;-0.012385285;-0.020788938;-0.026997611;
2026-07-30T04:44:55.900Z;1001;inference;Clean_Air;0;98;0;-0,000907652;0.004325359;0.005305651;-0.00255935;-0,010113536;-0.012387554;-0.020797249;-0.027008817;
2026-07-30T04:44:56.286Z;1001;inference;Clean_Air;0;98;0;-0,000907287;0.00433461;0.005307154;-0.002621145;-0,010110687;-0.012385851;-0.020799788;-0.027028998;
2026-07-30T04:44:56.818Z;1001;inference;Clean_Air;0;98;0;-0,000907287;0.00433461;0.005307154;-0.002621145;-0,010110687;-0.012385851;-0.020799788;-0.027028998;
2026-07-30T04:44:57.296Z;1001;inference;Clean_Air;0;98;0;-0,000892133;0.004351058;0.005335393;-0.002671133;-0,010107137;-0.012373939;-0.020797729;-0.02707684;
2026-07-30T04:44:57.843Z;1001;inference;Clean_Air;0;98;0;-0,000909034;0.004442937;0.005351986;-0.002665711;-0,010122059;-0.012395092;-0.020808985;-0.027056184;
2026-07-30T04:44:58.371Z;1001;inference;Clean_Air;0;98;0;-0,000915653;0.004448558;0.005371415;-0.0026304;-0,01011595;-0.012408294;-0.020846618;-0.027052158;
2026-07-30T04:44:58.922Z;1001;inference;Clean_Air;0;98;0;-0,000923714;0.004438662;0.005383325;-0.002620508;-0,01010599;-0.01242675;-0.020845752;-0.027017822;
2026-07-30T04:44:59.399Z;1001;inference;Clean_Air;0;98;0;-0,000915428;0.004450378;0.005390312;-0.002638995;-0,010134532;-0.012417784;-0.020845888;-0.027035747;
2026-07-30T04:44:59.786Z;1001;inference;Clean_Air;0;98;0;-0,000915428;0.004450378;0.005390312;-0.002638995;-0,010134532;-0.012417784;-0.020845888;-0.027035747;
2026-07-30T04:45:00.253Z;1001;inference;Clean_Air;0;98;0;-0,000915428;0.004450378;0.005390312;-0.002638995;-0,010134532;-0.012417784;-0.020845888;-0.027035747;
2026-07-30T04:45:00.754Z;1001;inference;Clean_Air;0;98;0;-0,000915428;0.004450378;0.005390312;-0.002638995;-0,010134532;-0.012417784;-0.020845888;-0.027035747;
2026-07-30T04:45:01.252Z;1001;inference;Clean_Air;0;98;0;-0,000915428;0.004450378;0.005390312;-0.002638995;-0,010134532;-0.012417784;-0.020845888;-0.027035747;
2026-07-30T04:45:01.805Z;1001;inference;Clean_Air;0;98;0;-0,000897936;0.004428202;0.00542148;-0.002626189;-0,010116486;-0.012426579;-0.020839591;-0.027001917;
2026-07-30T04:45:02.330Z;1001;inference;Clean_Air;0;98;0;-0,000898823;0.004403198;0.005353487;-0.002622383;-0,010130332;-0.012399546;-0.020840418;-0.027017897;
2026-07-30T04:45:02.885Z;1001;inference;Clean_Air;0;98;0;-0,000930062;0.004473938;0.005336848;-0.002669074;-0,010152817;-0.01237421;-0.020828664;-0.027025461;
2026-07-30T04:45:03.422Z;1001;inference;Clean_Air;0;98;0;-0,000936877;0.004454409;0.005259904;-0.002680365;-0,010161865;-0.012382504;-0.020840961;-0.026955113;
2026-07-30T04:45:03.808Z;1001;inference;Clean_Air;0;98;0;-0,000926191;0.004432942;0.005228011;-0.002659639;-0,010168677;-0.012410224;-0.020833977;-0.026935831;
2026-07-30T04:45:04.339Z;1001;inference;Clean_Air;0;98;0;-0,000926191;0.004432942;0.005228011;-0.002659639;-0,010168677;-0.012410224;-0.020833977;-0.026935831;
2026-07-30T04:45:04.815Z;1001;inference;Clean_Air;0;98;0;-0,000915548;0.004428929;0.005225795;-0.002593186;-0,010185834;-0.012419776;-0.02080676;-0.026951224;
2026-07-30T04:45:05.364Z;1001;inference;Clean_Air;0;98;0;-0,000927603;0.004445503;0.005227453;-0.002596125;-0,010182022;-0.012402197;-0.020815549;-0.026970023;
2026-07-30T04:45:05.895Z;1001;inference;Clean_Air;0;98;0;-0,000918048;0.004375153;0.005212245;-0.002583298;-0,010189136;-0.012438363;-0.020789418;-0.026970189;
2026-07-30T04:45:06.287Z;1001;inference;Clean_Air;0;98;0;-0,000903112;0.004375235;0.005228758;-0.002571328;-0,010182081;-0.012439995;-0.020800874;-0.026958648;
2026-07-30T04:45:06.818Z;1001;inference;Clean_Air;0;98;0;-0,000903112;0.004375235;0.005228758;-0.002571328;-0,010182081;-0.012439995;-0.020800874;-0.026958648;
2026-07-30T04:45:07.299Z;1001;inference;Clean_Air;0;98;0;-0,000899786;0.004365429;0.005301717;-0.002608028;-0,010151261;-0.012464762;-0.020795245;-0.026940156;
2026-07-30T04:45:07.843Z;1001;inference;Clean_Air;0;98;0;-0,00090445;0.00439524;0.005288713;-0.00261718;-0,010148173;-0.012480272;-0.020811306;-0.026964229;
2026-07-30T04:45:08.368Z;1001;inference;Clean_Air;0;98;0;-0,000910263;0.004395199;0.005279284;-0.002705997;-0,010133268;-0.012477418;-0.020820079;-0.026950281;
2026-07-30T04:45:08.775Z;1001;inference;Clean_Air;0;98;0;-0,000872825;0.004426786;0.005294384;-0.002645318;-0,010127014;-0.012537303;-0.020777049;-0.026936706;
2026-07-30T04:45:09.410Z;1001;inference;Clean_Air;0;98;0;-0,000872825;0.004426786;0.005294384;-0.002645318;-0,010127014;-0.012537303;-0.020777049;-0.026936706;
2026-07-30T04:45:09.790Z;1001;inference;Clean_Air;0;98;0;-0,000848303;0.004378525;0.005295408;-0.002639027;-0,010116973;-0.012534296;-0.020753112;-0.027018975;
2026-07-30T04:45:10.255Z;1001;inference;Clean_Air;0;98;0;-0,000848303;0.004378525;0.005295408;-0.002639027;-0,010116973;-0.012534296;-0.020753112;-0.027018975;
2026-07-30T04:45:10.753Z;1001;inference;Clean_Air;0;98;0;-0,000848303;0.004378525;0.005295408;-0.002639027;-0,010116973;-0.012534296;-0.020753112;-0.027018975;
2026-07-30T04:45:11.254Z;1001;inference;Clean_Air;0;98;0;-0,000848303;0.004378525;0.005295408;-0.002639027;-0,010116973;-0.012534296;-0.020753112;-0.027018975;
2026-07-30T04:45:11.756Z;1001;inference;Clean_Air;0;98;0;-0,000848303;0.004378525;0.005295408;-0.002639027;-0,010116973;-0.012534296;-0.020753112;-0.027018975;
2026-07-30T04:45:12.301Z;1001;inference;Clean_Air;0;98;0;-0,000855591;0.004390636;0.005324009;-0.002591779;-0,010117641;-0.012509806;-0.020759214;-0.027043108;
2026-07-30T04:45:12.829Z;1001;inference;Clean_Air;0;98;0;-0,00087899;0.004382097;0.005342898;-0.002621004;-0,010105155;-0.012492917;-0.020794895;-0.02705567;
2026-07-30T04:45:13.381Z;1001;inference;Clean_Air;0;98;0;-0,000885457;0.00432041;0.005347303;-0.002524949;-0,010106246;-0.012492956;-0.020793144;-0.02707155;
2026-07-30T04:45:13.908Z;1001;inference;Clean_Air;0;98;0;-0,000877935;0.004377773;0.005341169;-0.002572477;-0,010114749;-0.012482533;-0.020783657;-0.027076285;
2026-07-30T04:45:14.304Z;1001;inference;Clean_Air;0;98;0;-0,000902924;0.004397953;0.005303961;-0.002572099;-0,010106532;-0.012480634;-0.020762809;-0.027096724;
2026-07-30T04:45:14.835Z;1001;inference;Clean_Air;0;98;0;-0,000902924;0.004397953;0.005303961;-0.002572099;-0,010106532;-0.012480634;-0.020762809;-0.027096724;
2026-07-30T04:45:15.317Z;1001;inference;Clean_Air;0;98;0;-0,000898916;0.004417895;0.005231434;-0.002524908;-0,01013732;-0.012451196;-0.020764178;-0.027116725;
2026-07-30T04:45:15.860Z;1001;inference;Clean_Air;0;98;0;-0,000874513;0.004417723;0.005242939;-0.002533902;-0,010131618;-0.012476073;-0.020753633;-0.027102286;
2026-07-30T04:45:16.387Z;1001;inference;Clean_Air;0;98;0;-0,000859007;0.00443852;0.005250982;-0.002516562;-0,010112432;-0.012482984;-0.020756558;-0.02711764;
2026-07-30T04:45:16.783Z;1001;inference;Clean_Air;0;98;0;-0,000868614;0.004404254;0.005245658;-0.002513452;-0,010100855;-0.012450241;-0.020812135;-0.027107824;
2026-07-30T04:45:17.314Z;1001;inference;Clean_Air;0;98;0;-0,000868614;0.004404254;0.005245658;-0.002513452;-0,010100855;-0.012450241;-0.020812135;-0.027107824;
2026-07-30T04:45:17.787Z;1001;inference;Clean_Air;0;98;0;-0,000901912;0.00447125;0.005248413;-0.002508274;-0,010093045;-0.012453667;-0.020830031;-0.027078012;
2026-07-30T04:45:18.339Z;1001;inference;Clean_Air;0;98;0;-0,000898135;0.004418307;0.00524984;-0.00252268;-0,010075601;-0.012464379;-0.020807985;-0.027038997;
2026-07-30T04:45:18.865Z;1001;inference;Clean_Air;0;98;0;-0,000896107;0.004442309;0.005322214;-0.00252422;-0,010083964;-0.012479112;-0.020822661;-0.027036939;
2026-07-30T04:45:19.270Z;1001;inference;Clean_Air;0;98;0;-0,000886043;0.004443865;0.005323153;-0.00257339;-0,010093299;-0.012471631;-0.020821374;-0.027025798;
2026-07-30T04:45:19.907Z;1001;inference;Clean_Air;0;98;0;-0,000886043;0.004443865;0.005323153;-0.00257339;-0,010093299;-0.012471631;-0.020821374;-0.027025798;
2026-07-30T04:45:20.289Z;1001;inference;Clean_Air;0;98;0;-0,00088638;0.00445088;0.005330014;-0.002534987;-0,010097368;-0.012472512;-0.020763826;-0.02701447;
2026-07-30T04:45:20.759Z;1001;inference;Clean_Air;0;98;0;-0,00088638;0.00445088;0.005330014;-0.002534987;-0,010097368;-0.012472512;-0.020763826;-0.02701447;
2026-07-30T04:45:21.257Z;1001;inference;Clean_Air;0;98;0;-0,00088638;0.00445088;0.005330014;-0.002534987;-0,010097368;-0.012472512;-0.020763826;-0.02701447;
2026-07-30T04:45:21.759Z;1001;inference;Clean_Air;0;98;0;-0,00088638;0.00445088;0.005330014;-0.002534987;-0,010097368;-0.012472512;-0.020763826;-0.02701447;
2026-07-30T04:45:22.260Z;1001;inference;Clean_Air;0;98;0;-0,00088638;0.00445088;0.005330014;-0.002534987;-0,010097368;-0.012472512;-0.020763826;-0.02701447;
2026-07-30T04:45:22.805Z;1001;inference;Clean_Air;0;98;0;-0,000873932;0.004451228;0.005420814;-0.002486048;-0,010111091;-0.012481712;-0.020761356;-0.026993835;
2026-07-30T04:45:23.333Z;1001;inference;Clean_Air;0;98;0;-0,00087588;0.004401936;0.005407777;-0.002486922;-0,01008743;-0.012490591;-0.020754639;-0.027003024;
2026-07-30T04:45:23.890Z;1001;inference;Clean_Air;0;98;0;-0,00090423;0.004403829;0.005410731;-0.002472073;-0,01008599;-0.012449506;-0.020743156;-0.02702162;
2026-07-30T04:45:24.425Z;1001;inference;Clean_Air;0;98;0;-0,000907084;0.004395199;0.005411649;-0.002470835;-0,010074778;-0.01243695;-0.020658849;-0.027023723;
2026-07-30T04:45:24.812Z;1001;inference;Clean_Air;0;98;0;-0,00090842;0.004377862;0.005434352;-0.002478992;-0,01008434;-0.012415813;-0.020629708;-0.02703752;
2026-07-30T04:45:25.344Z;1001;inference;Clean_Air;0;98;0;-0,00090842;0.004377862;0.005434352;-0.002478992;-0,01008434;-0.012415813;-0.020629708;-0.02703752;
2026-07-30T04:45:25.817Z;1001;inference;Clean_Air;0;98;0;-0,000890264;0.00432744;0.005439649;-0.002469312;-0,010086454;-0.012391938;-0.020639531;-0.027074123;
2026-07-30T04:45:26.369Z;1001;inference;Clean_Air;0;98;0;-0,000883482;0.004397854;0.005419619;-0.002490998;-0,010107869;-0.012399234;-0.020634521;-0.02707768;
2026-07-30T04:45:26.908Z;1001;inference;Clean_Air;0;98;0;-0,000871031;0.004350078;0.005328301;-0.002469969;-0,01010486;-0.012383977;-0.020648051;-0.027069312;
2026-07-30T04:45:27.291Z;1001;inference;Clean_Air;0;98;0;-0,000867594;0.004350402;0.005330507;-0.002481525;-0,010077724;-0.012383661;-0.020653082;-0.027056839;
2026-07-30T04:45:27.823Z;1001;inference;Clean_Air;0;98;0;-0,000867594;0.004350402;0.005330507;-0.002481525;-0,010077724;-0.012383661;-0.020653082;-0.027056839;
2026-07-30T04:45:28.302Z;1001;inference;Clean_Air;0;98;0;-0,000892727;0.004316806;0.005310783;-0.002473495;-0,01003486;-0.012393196;-0.020765111;-0.027086195;
2026-07-30T04:45:28.848Z;1001;inference;Clean_Air;0;98;0;-0,000913955;0.004301311;0.005237014;-0.002533479;-0,010034328;-0.012380146;-0.020779166;-0.027132172;
2026-07-30T04:45:29.381Z;1001;inference;Clean_Air;0;98;0;-0,000924695;0.004349401;0.005249232;-0.002517367;-0,010045798;-0.012413133;-0.020735864;-0.027103547;
2026-07-30T04:45:29.779Z;1001;inference;Clean_Air;0;98;0;-0,000910775;0.004349531;0.005229962;-0.002524787;-0,01006083;-0.012447727;-0.020768899;-0.027083626;
2026-07-30T04:45:30.412Z;1001;inference;Clean_Air;0;98;0;-0,000910775;0.004349531;0.005229962;-0.002524787;-0,01006083;-0.012447727;-0.020768899;-0.027083626;
2026-07-30T04:45:30.788Z;1001;inference;Clean_Air;0;98;0;-0,000906604;0.00436016;0.005230212;-0.002491328;-0,010090196;-0.012449791;-0.020854903;-0.027092304;
2026-07-30T04:45:31.259Z;1001;inference;Clean_Air;0;98;0;-0,000906604;0.00436016;0.005230212;-0.002491328;-0,010090196;-0.012449791;-0.020854903;-0.027092304;
2026-07-30T04:45:31.759Z;1001;inference;Clean_Air;0;98;0;-0,000906604;0.00436016;0.005230212;-0.002491328;-0,010090196;-0.012449791;-0.020854903;-0.027092304;
2026-07-30T04:45:32.259Z;1001;inference;Clean_Air;0;98;0;-0,000906604;0.00436016;0.005230212;-0.002491328;-0,010090196;-0.012449791;-0.020854903;-0.027092304;
2026-07-30T04:45:32.761Z;1001;inference;Clean_Air;0;98;0;-0,000906604;0.00436016;0.005230212;-0.002491328;-0,010090196;-0.012449791;-0.020854903;-0.027092304;
2026-07-30T04:45:33.306Z;1001;inference;Clean_Air;0;98;0;-0,000925156;0.004418148;0.005213052;-0.002544609;-0,010083904;-0.012383595;-0.020893833;-0.027072359;
2026-07-30T04:45:33.837Z;1001;inference;Clean_Air;0;97;0;-0,000918929;0.004410699;0.005205065;-0.002570104;-0,010092186;-0.012414672;-0.020887813;-0.027048284;
2026-07-30T04:45:34.386Z;1001;inference;Clean_Air;0;98;0;-0,000914093;0.00433811;0.005214372;-0.002607578;-0,010084571;-0.012411346;-0.020842161;-0.027048727;
2026-07-30T04:45:34.915Z;1001;inference;Clean_Air;0;98;0;-0,000941576;0.004331424;0.005214578;-0.002614855;-0,010089797;-0.012364845;-0.020851336;-0.027046639;
2026-07-30T04:45:35.309Z;1001;inference;Clean_Air;0;97;0;-0,000921961;0.00428785;0.005190232;-0.002539917;-0,010115238;-0.012363782;-0.020801324;-0.027050436;
2026-07-30T04:45:35.840Z;1001;inference;Clean_Air;0;97;0;-0,000921961;0.00428785;0.005190232;-0.002539917;-0,010115238;-0.012363782;-0.020801324;-0.027050436;
2026-07-30T04:45:36.314Z;1001;inference;Clean_Air;0;98;0;-0,000849059;0.004328541;0.005220075;-0.002530027;-0,010155709;-0.012332594;-0.020741129;-0.02702778;
2026-07-30T04:45:36.865Z;1001;inference;Clean_Air;0;98;0;-0,000821306;0.004334687;0.005216824;-0.002524955;-0,010154638;-0.012326723;-0.020708816;-0.026984897;
2026-07-30T04:45:37.389Z;1001;inference;Clean_Air;0;98;0;-0,000820442;0.004356222;0.005215506;-0.002533667;-0,01013502;-0.012313081;-0.02077141;-0.026990717;
2026-07-30T04:45:37.788Z;1001;inference;Clean_Air;0;98;0;-0,000833094;0.004344814;0.005226173;-0.002522599;-0,010124849;-0.012303892;-0.020686729;-0.026980702;
2026-07-30T04:45:38.319Z;1001;inference;Clean_Air;0;98;0;-0,000833094;0.004344814;0.005226173;-0.002522599;-0,010124849;-0.012303892;-0.020686729;-0.026980702;
2026-07-30T04:45:38.799Z;1001;inference;Clean_Air;0;98;0;-0,000833586;0.004333227;0.005230256;-0.002560551;-0,010122383;-0.012307227;-0.020663822;-0.02696133;
2026-07-30T04:45:39.344Z;1001;inference;Clean_Air;0;98;0;-0,000794227;0.004290092;0.005230821;-0.002497237;-0,010120039;-0.012373229;-0.020597611;-0.027011376;
2026-07-30T04:45:39.868Z;1001;inference;Clean_Air;0;98;0;-0,000809178;0.004230832;0.005217446;-0.00248018;-0,010117629;-0.012358469;-0.020595362;-0.027029589;
2026-07-30T04:45:40.421Z;1001;inference;Clean_Air;0;98;0;-0,00082485;0.004301856;0.005232794;-0.002427678;-0,010133425;-0.0123408;-0.0206392;-0.027057011;
2026-07-30T04:45:40.898Z;1001;inference;Clean_Air;0;98;0;-0,000811904;0.004311081;0.005243571;-0.002414655;-0,01011761;-0.012394476;-0.020578723;-0.027035739;
2026-07-30T04:45:41.290Z;1001;inference;Clean_Air;0;98;0;-0,000811904;0.004311081;0.005243571;-0.002414655;-0,01011761;-0.012394476;-0.020578723;-0.027035739;
2026-07-30T04:45:41.761Z;1001;inference;Clean_Air;0;98;0;-0,000811904;0.004311081;0.005243571;-0.002414655;-0,01011761;-0.012394476;-0.020578723;-0.027035739;
2026-07-30T04:45:42.249Z;1001;inference;Clean_Air;0;98;0;-0,000811904;0.004311081;0.005243571;-0.002414655;-0,01011761;-0.012394476;-0.020578723;-0.027035739;
2026-07-30T04:45:42.765Z;1001;inference;Clean_Air;0;98;0;-0,000811904;0.004311081;0.005243571;-0.002414655;-0,01011761;-0.012394476;-0.020578723;-0.027035739;
2026-07-30T04:45:43.306Z;1001;inference;Clean_Air;0;98;0;-0,000833467;0.004412842;0.005259552;-0.002484474;-0,010135232;-0.012397594;-0.020633509;-0.027021071;
2026-07-30T04:45:43.843Z;1001;inference;Clean_Air;0;98;0;-0,000903231;0.004412886;0.005250591;-0.002488071;-0,010087769;-0.012411104;-0.020617269;-0.027056808;
2026-07-30T04:45:44.386Z;1001;inference;Clean_Air;0;98;0;-0,000901107;0.004411689;0.005269761;-0.002488395;-0,010092116;-0.012410509;-0.02069228;-0.027052518;
2026-07-30T04:45:44.924Z;1001;inference;Clean_Air;0;98;0;-0,000890768;0.004382631;0.005260247;-0.002493877;-0,010090036;-0.012381758;-0.020627666;-0.027039897;
2026-07-30T04:45:45.308Z;1001;inference;Clean_Air;0;98;0;-0,000887219;0.004384689;0.005273273;-0.00248313;-0,010083755;-0.012348343;-0.020723503;-0.027066052;
2026-07-30T04:45:45.840Z;1001;inference;Clean_Air;0;98;0;-0,000887219;0.004384689;0.005273273;-0.00248313;-0,010083755;-0.012348343;-0.020723503;-0.027066052;
2026-07-30T04:45:46.321Z;1001;inference;Clean_Air;0;98;0;-0,000887161;0.004380613;0.005261724;-0.002466534;-0,010072676;-0.012362467;-0.020716757;-0.027055854;
2026-07-30T04:45:46.865Z;1001;inference;Clean_Air;0;98;0;-0,000925055;0.004388534;0.005272234;-0.002466247;-0,010063808;-0.012368975;-0.020711761;-0.02695467;
2026-07-30T04:45:47.399Z;1001;inference;Clean_Air;0;98;0;-0,000908667;0.004452641;0.005275465;-0.002482725;-0,010048278;-0.012363819;-0.020713652;-0.026954349;
2026-07-30T04:45:47.788Z;1001;inference;Clean_Air;0;98;0;-0,000903956;0.004453721;0.005264309;-0.002472244;-0,010045531;-0.012365277;-0.020753348;-0.026952902;
2026-07-30T04:45:48.319Z;1001;inference;Clean_Air;0;98;0;-0,000903956;0.004453721;0.005264309;-0.002472244;-0,010045531;-0.012365277;-0.020753348;-0.026952902;
2026-07-30T04:45:48.789Z;1001;inference;Clean_Air;0;98;0;-0,000912371;0.004502896;0.005262074;-0.002493346;-0,010048883;-0.01239224;-0.020735126;-0.026981076;
2026-07-30T04:45:49.344Z;1001;inference;Clean_Air;0;98;0;-0,000886371;0.004469393;0.005280811;-0.002498691;-0,010015215;-0.012382627;-0.020680234;-0.027013183;
2026-07-30T04:45:49.874Z;1001;inference;Clean_Air;0;98;0;-0,00088659;0.004393845;0.005270066;-0.002524802;-0,01002797;-0.012369694;-0.020653477;-0.026970273;
2026-07-30T04:45:50.429Z;1001;inference;Clean_Air;0;98;0;-0,00088322;0.004428402;0.005263136;-0.002545908;-0,010041999;-0.012391148;-0.020586539;-0.027006779;
2026-07-30T04:45:50.906Z;1001;inference;Clean_Air;0;98;0;-0,000889338;0.004403253;0.005254231;-0.002555157;-0,01003931;-0.01241021;-0.020629037;-0.027014453;
2026-07-30T04:45:51.288Z;1001;inference;Clean_Air;0;98;0;-0,000889338;0.004403253;0.005254231;-0.002555157;-0,01003931;-0.01241021;-0.020629037;-0.027014453;
2026-07-30T04:45:51.753Z;1001;inference;Clean_Air;0;98;0;-0,000889338;0.004403253;0.005254231;-0.002555157;-0,01003931;-0.01241021;-0.020629037;-0.027014453;
2026-07-30T04:45:52.252Z;1001;inference;Clean_Air;0;98;0;-0,000889338;0.004403253;0.005254231;-0.002555157;-0,01003931;-0.01241021;-0.020629037;-0.027014453;
2026-07-30T04:45:52.765Z;1001;inference;Clean_Air;0;98;0;-0,000889338;0.004403253;0.005254231;-0.002555157;-0,01003931;-0.01241021;-0.020629037;-0.027014453;
2026-07-30T04:45:53.310Z;1001;inference;Clean_Air;0;98;0;-0,00090195;0.004391775;0.005230252;-0.002559015;-0,010046808;-0.012428387;-0.020573599;-0.027012369;
2026-07-30T04:45:53.841Z;1001;inference;Clean_Air;0;98;0;-0,000907792;0.004397632;0.005239665;-0.002572719;-0,010065088;-0.01242538;-0.020594219;-0.027007297;
2026-07-30T04:45:54.390Z;1001;inference;Clean_Air;0;98;0;-0,000904417;0.004377582;0.005234425;-0.00259087;-0,010062872;-0.012439026;-0.020663235;-0.027054932;
2026-07-30T04:45:54.916Z;1001;inference;Clean_Air;0;98;0;-0,000916905;0.004431667;0.005242739;-0.002583737;-0,010065347;-0.012428986;-0.020711821;-0.027047778;
2026-07-30T04:45:55.315Z;1001;inference;Clean_Air;0;98;0;-0,000923383;0.004468838;0.005257408;-0.002594352;-0,010072803;-0.012430039;-0.020704102;-0.027054716;
2026-07-30T04:45:55.847Z;1001;inference;Clean_Air;0;98;0;-0,000923383;0.004468838;0.005257408;-0.002594352;-0,010072803;-0.012430039;-0.020704102;-0.027054716;
2026-07-30T04:45:56.323Z;1001;inference;Clean_Air;0;98;0;-0,000914416;0.004424916;0.005262964;-0.002576246;-0,010086381;-0.012414171;-0.020746058;-0.027060112;
2026-07-30T04:45:56.873Z;1001;inference;Clean_Air;0;98;0;-0,000930658;0.004442594;0.00525405;-0.002553454;-0,010084558;-0.012421011;-0.020797947;-0.027015984;
2026-07-30T04:45:57.401Z;1001;inference;Clean_Air;0;98;0;-0,000918393;0.004535261;0.005267479;-0.002511822;-0,010115657;-0.012441663;-0.020864118;-0.027030801;
2026-07-30T04:45:57.797Z;1001;inference;Clean_Air;0;98;0;-0,000935896;0.004544004;0.005272089;-0.002432178;-0,010102984;-0.012419851;-0.020822154;-0.027011484;
2026-07-30T04:45:58.329Z;1001;inference;Clean_Air;0;98;0;-0,000935896;0.004544004;0.005272089;-0.002432178;-0,010102984;-0.012419851;-0.020822154;-0.027011484;
2026-07-30T04:45:58.813Z;1001;inference;Clean_Air;0;98;0;-0,000925221;0.004544618;0.005274675;-0.002427408;-0,010116598;-0.012403716;-0.020818572;-0.02701671;
2026-07-30T04:45:59.352Z;1001;inference;Clean_Air;0;98;0;-0,000917291;0.004576828;0.00526807;-0.002370194;-0,01009011;-0.012391549;-0.02083909;-0.027011627;
2026-07-30T04:45:59.889Z;1001;inference;Clean_Air;0;98;0;-0,000921707;0.004551931;0.005267134;-0.002370617;-0,010078336;-0.012422724;-0.020824721;-0.027025685;
2026-07-30T04:46:00.276Z;1001;inference;Clean_Air;0;98;0;-0,000903736;0.004496967;0.005258363;-0.002369114;-0,010089004;-0.012424966;-0.020874502;-0.027048806;
2026-07-30T04:46:00.916Z;1001;inference;Clean_Air;0;98;0;-0,000903736;0.004496967;0.005258363;-0.002369114;-0,010089004;-0.012424966;-0.020874502;-0.027048806;
2026-07-30T04:46:01.288Z;1001;inference;Clean_Air;0;98;0;-0,000898559;0.004442989;0.005237533;-0.002352468;-0,010087378;-0.012441345;-0.020806605;-0.027033731;
2026-07-30T04:46:01.755Z;1001;inference;Clean_Air;0;98;0;-0,000898559;0.004442989;0.005237533;-0.002352468;-0,010087378;-0.012441345;-0.020806605;-0.027033731;
2026-07-30T04:46:02.255Z;1001;inference;Clean_Air;0;98;0;-0,000898559;0.004442989;0.005237533;-0.002352468;-0,010087378;-0.012441345;-0.020806605;-0.027033731;
2026-07-30T04:46:02.757Z;1001;inference;Clean_Air;0;98;0;-0,000898559;0.004442989;0.005237533;-0.002352468;-0,010087378;-0.012441345;-0.020806605;-0.027033731;
2026-07-30T04:46:03.258Z;1001;inference;Clean_Air;0;98;0;-0,000898559;0.004442989;0.005237533;-0.002352468;-0,010087378;-0.012441345;-0.020806605;-0.027033731;
2026-07-30T04:46:03.807Z;1001;inference;Clean_Air;0;97;0;-0,00090252;0.004401719;0.005206971;-0.002347312;-0,010058868;-0.01246771;-0.020776097;-0.026989669;
2026-07-30T04:46:04.339Z;1001;inference;Clean_Air;0;97;0;-0,000906405;0.004410083;0.005200182;-0.002366138;-0,010057965;-0.012463051;-0.020789728;-0.027012821;
2026-07-30T04:46:04.886Z;1001;inference;Clean_Air;0;97;0;-0,000931254;0.004369519;0.005192586;-0.002387844;-0,010059549;-0.012422103;-0.020785574;-0.027042255;
2026-07-30T04:46:05.414Z;1001;inference;Clean_Air;0;98;0;-0,000950031;0.004342105;0.005221444;-0.002343212;-0,010027084;-0.012409886;-0.020791123;-0.026972139;
2026-07-30T04:46:05.810Z;1001;inference;Clean_Air;0;97;0;-0,00092872;0.004287082;0.005193877;-0.002399137;-0,010024828;-0.012434313;-0.020817827;-0.026970899;
2026-07-30T04:46:06.343Z;1001;inference;Clean_Air;0;97;0;-0,00092872;0.004287082;0.005193877;-0.002399137;-0,010024828;-0.012434313;-0.020817827;-0.026970899;
2026-07-30T04:46:06.812Z;1001;inference;Clean_Air;0;97;0;-0,000914505;0.00431307;0.005209824;-0.002403874;-0,010001711;-0.012456659;-0.020842291;-0.026978716;
2026-07-30T04:46:07.366Z;1001;inference;Clean_Air;0;98;0;-0,000921313;0.004347723;0.005214099;-0.002483509;-0,010018868;-0.012458229;-0.020777211;-0.026967734;
2026-07-30T04:46:07.904Z;1001;inference;Clean_Air;0;97;0;-0,000921248;0.004378201;0.005195418;-0.00247621;-0,010014997;-0.012419762;-0.020761814;-0.026977371;
2026-07-30T04:46:08.289Z;1001;inference;Clean_Air;0;97;0;-0,000959413;0.004420705;0.005178168;-0.002477264;-0,010020475;-0.012408614;-0.020698566;-0.026969945;
2026-07-30T04:46:08.822Z;1001;inference;Clean_Air;0;97;0;-0,000959413;0.004420705;0.005178168;-0.002477264;-0,010020475;-0.012408614;-0.020698566;-0.026969945;
2026-07-30T04:46:09.300Z;1001;inference;Clean_Air;0;97;0;-0,00096979;0.004431967;0.005197657;-0.002475922;-0,010024182;-0.012408748;-0.020708345;-0.026976129;
2026-07-30T04:46:09.845Z;1001;inference;Clean_Air;0;97;0;-0,000973912;0.004430494;0.005188824;-0.002498747;-0,01003047;-0.01239192;-0.020770879;-0.026999425;
2026-07-30T04:46:10.377Z;1001;inference;Clean_Air;0;97;0;-0,000956932;0.004458024;0.005195928;-0.002426188;-0,010017002;-0.012398404;-0.020733682;-0.026974749;
2026-07-30T04:46:10.928Z;1001;inference;Clean_Air;0;97;0;-0,000922885;0.004474367;0.005156852;-0.002433776;-0,010023732;-0.012441069;-0.020731134;-0.026986834;
2026-07-30T04:46:11.405Z;1001;inference;Clean_Air;0;97;0;-0,000911417;0.00450658;0.005139364;-0.002507878;-0,010031033;-0.012429865;-0.020730358;-0.027054604;
2026-07-30T04:46:11.787Z;1001;inference;Clean_Air;0;97;0;-0,000911417;0.00450658;0.005139364;-0.002507878;-0,010031033;-0.012429865;-0.020730358;-0.027054604;
2026-07-30T04:46:12.256Z;1001;inference;Clean_Air;0;97;0;-0,000911417;0.00450658;0.005139364;-0.002507878;-0,010031033;-0.012429865;-0.020730358;-0.027054604;
2026-07-30T04:46:12.757Z;1001;inference;Clean_Air;0;97;0;-0,000911417;0.00450658;0.005139364;-0.002507878;-0,010031033;-0.012429865;-0.020730358;-0.027054604;
2026-07-30T04:46:13.257Z;1001;inference;Clean_Air;0;97;0;-0,000911417;0.00450658;0.005139364;-0.002507878;-0,010031033;-0.012429865;-0.020730358;-0.027054604;
2026-07-30T04:46:13.807Z;1001;inference;Clean_Air;0;97;0;-0,000909272;0.004494279;0.005157155;-0.002517793;-0,010043429;-0.012441451;-0.020766247;-0.027042275;
2026-07-30T04:46:14.335Z;1001;inference;Clean_Air;0;97;0;-0,000910197;0.00447845;0.005146828;-0.002500228;-0,010066141;-0.012423391;-0.020694837;-0.027036045;
2026-07-30T04:46:14.887Z;1001;inference;Clean_Air;0;97;0;-0,000897397;0.004361798;0.005159075;-0.002500316;-0,010059245;-0.012439671;-0.020774495;-0.027035087;
2026-07-30T04:46:15.416Z;1001;inference;Clean_Air;0;97;0;-0,000894809;0.00439487;0.005170004;-0.002505569;-0,010066794;-0.012429857;-0.020837259;-0.026955873;
2026-07-30T04:46:15.811Z;1001;inference;Clean_Air;0;97;0;-0,000849469;0.004405348;0.005209799;-0.002519019;-0,010069346;-0.012444599;-0.0208496;-0.026965246;
2026-07-30T04:46:16.345Z;1001;inference;Clean_Air;0;97;0;-0,000849469;0.004405348;0.005209799;-0.002519019;-0,010069346;-0.012444599;-0.0208496;-0.026965246;
2026-07-30T04:46:16.824Z;1001;inference;Clean_Air;0;97;0;-0,000840533;0.004398223;0.005198566;-0.002537659;-0,010098444;-0.012426036;-0.020866174;-0.026971009;
2026-07-30T04:46:17.370Z;1001;inference;Clean_Air;0;98;0;-0,000819097;0.004407936;0.005218534;-0.002456262;-0,010105072;-0.012441789;-0.020828318;-0.02696595;
2026-07-30T04:46:17.902Z;1001;inference;Clean_Air;0;97;0;-0,000835299;0.004362775;0.005211211;-0.002521501;-0,010084352;-0.012437833;-0.02085086;-0.026954522;
2026-07-30T04:46:18.294Z;1001;inference;Clean_Air;0;98;0;-0,000850361;0.004358551;0.005243014;-0.002552343;-0,01012649;-0.012443823;-0.02082005;-0.02693964;
2026-07-30T04:46:18.824Z;1001;inference;Clean_Air;0;98;0;-0,000850361;0.004358551;0.005243014;-0.002552343;-0,01012649;-0.012443823;-0.02082005;-0.02693964;
2026-07-30T04:46:19.304Z;1001;inference;Clean_Air;0;98;0;-0,000840207;0.004330083;0.005239995;-0.002566783;-0,010138149;-0.012453707;-0.020825271;-0.026948979;
2026-07-30T04:46:19.849Z;1001;inference;Clean_Air;0;98;0;-0,000844512;0.004350708;0.005235835;-0.002611602;-0,010112811;-0.012418359;-0.020810118;-0.026957113;
2026-07-30T04:46:20.382Z;1001;inference;Clean_Air;0;98;0;-0,000864124;0.004356697;0.005239125;-0.002601109;-0,010116778;-0.012465808;-0.020858858;-0.026962817;
2026-07-30T04:46:20.773Z;1001;inference;Clean_Air;0;98;0;-0,000857748;0.004420593;0.005237228;-0.002579732;-0,010128154;-0.012457857;-0.020893086;-0.02695467;
2026-07-30T04:46:21.413Z;1001;inference;Clean_Air;0;98;0;-0,000857748;0.004420593;0.005237228;-0.002579732;-0,010128154;-0.012457857;-0.020893086;-0.02695467;
2026-07-30T04:46:21.789Z;1001;inference;Clean_Air;0;98;0;-0,000859344;0.004376383;0.005241671;-0.002564558;-0,010130008;-0.012462732;-0.020836238;-0.027048936;
2026-07-30T04:46:22.250Z;1001;inference;Clean_Air;0;98;0;-0,000859344;0.004376383;0.005241671;-0.002564558;-0,010130008;-0.012462732;-0.020836238;-0.027048936;
2026-07-30T04:46:22.786Z;1001;inference;Clean_Air;0;98;0;-0,000859344;0.004376383;0.005241671;-0.002564558;-0,010130008;-0.012462732;-0.020836238;-0.027048936;
2026-07-30T04:46:23.254Z;1001;inference;Clean_Air;0;98;0;-0,000859344;0.004376383;0.005241671;-0.002564558;-0,010130008;-0.012462732;-0.020836238;-0.027048936;
2026-07-30T04:46:23.757Z;1001;inference;Clean_Air;0;98;0;-0,000859344;0.004376383;0.005241671;-0.002564558;-0,010130008;-0.012462732;-0.020836238;-0.027048936;
2026-07-30T04:46:24.307Z;1001;inference;Clean_Air;0;98;0;-0,000890776;0.004429612;0.00524499;-0.002543324;-0,010116333;-0.012451268;-0.020816233;-0.027050789;
2026-07-30T04:46:24.839Z;1001;inference;Clean_Air;0;98;0;-0,00087914;0.004425791;0.005262671;-0.002558505;-0,010088848;-0.012477336;-0.020808319;-0.027049616;
2026-07-30T04:46:25.387Z;1001;inference;Clean_Air;0;98;0;-0,000894636;0.004459421;0.005274373;-0.002607251;-0,010102752;-0.012461005;-0.020802859;-0.027071852;
2026-07-30T04:46:25.919Z;1001;inference;Clean_Air;0;98;0;-0,000888375;0.004473263;0.005276936;-0.0026088;-0,010105947;-0.012452951;-0.020796876;-0.027009631;
2026-07-30T04:46:26.311Z;1001;inference;Clean_Air;0;98;0;-0,000886472;0.004418884;0.005279069;-0.002575934;-0,010079616;-0.01243775;-0.020829668;-0.027016278;
2026-07-30T04:46:26.845Z;1001;inference;Clean_Air;0;98;0;-0,000886472;0.004418884;0.005279069;-0.002575934;-0,010079616;-0.01243775;-0.020829668;-0.027016278;
2026-07-30T04:46:27.315Z;1001;inference;Clean_Air;0;98;0;-0,000896495;0.004387653;0.00526479;-0.00254654;-0,010080555;-0.012442927;-0.020814074;-0.027006948;
2026-07-30T04:46:27.871Z;1001;inference;Clean_Air;0;98;0;-0,000915099;0.004370968;0.005280182;-0.002551163;-0,010100475;-0.012451897;-0.020872965;-0.027005035;
2026-07-30T04:46:28.408Z;1001;inference;Clean_Air;0;98;0;-0,000913134;0.004360021;0.005270285;-0.002555441;-0,010078901;-0.012433549;-0.020884776;-0.026966844;
2026-07-30T04:46:28.794Z;1001;inference;Clean_Air;0;98;0;-0,000934528;0.004408215;0.005280496;-0.002568332;-0,010096046;-0.012360993;-0.020834465;-0.026972819;
2026-07-30T04:46:29.324Z;1001;inference;Clean_Air;0;98;0;-0,000934528;0.004408215;0.005280496;-0.002568332;-0,010096046;-0.012360993;-0.020834465;-0.026972819;
2026-07-30T04:46:29.802Z;1001;inference;Clean_Air;0;98;0;-0,000936163;0.004392338;0.005280808;-0.002574966;-0,010088192;-0.012363248;-0.020838436;-0.026937285;
2026-07-30T04:46:30.350Z;1001;inference;Clean_Air;0;98;0;-0,00093051;0.004395725;0.005255429;-0.002594964;-0,010098195;-0.012350326;-0.020907616;-0.026941746;
2026-07-30T04:46:30.885Z;1001;inference;Clean_Air;0;98;0;-0,000969778;0.004397509;0.00523959;-0.002623021;-0,010089624;-0.012333369;-0.020906417;-0.026947349;
2026-07-30T04:46:31.273Z;1001;inference;Clean_Air;0;98;0;-0,000974018;0.004357555;0.005226645;-0.002659533;-0,010045519;-0.01226333;-0.02090586;-0.02692545;
2026-07-30T04:46:31.914Z;1001;inference;Clean_Air;0;98;0;-0,000974018;0.004357555;0.005226645;-0.002659533;-0,010045519;-0.01226333;-0.02090586;-0.02692545;
2026-07-30T04:46:32.290Z;1001;inference;Clean_Air;0;98;0;-0,000979185;0.004346668;0.005242846;-0.002588135;-0,010079278;-0.012254179;-0.020955622;-0.026988741;
2026-07-30T04:46:32.768Z;1001;inference;Clean_Air;0;98;0;-0,000979185;0.004346668;0.005242846;-0.002588135;-0,010079278;-0.012254179;-0.020955622;-0.026988741;
2026-07-30T04:46:33.249Z;1001;inference;Clean_Air;0;98;0;-0,000979185;0.004346668;0.005242846;-0.002588135;-0,010079278;-0.012254179;-0.020955622;-0.026988741;
2026-07-30T04:46:33.784Z;1001;inference;Clean_Air;0;98;0;-0,000979185;0.004346668;0.005242846;-0.002588135;-0,010079278;-0.012254179;-0.020955622;-0.026988741;
2026-07-30T04:46:34.252Z;1001;inference;Clean_Air;0;98;0;-0,000979185;0.004346668;0.005242846;-0.002588135;-0,010079278;-0.012254179;-0.020955622;-0.026988741;
2026-07-30T04:46:34.803Z;1001;inference;Clean_Air;0;98;0;-0,000974315;0.004391099;0.005233959;-0.002569044;-0,010073814;-0.012265632;-0.020945139;-0.026968967;
2026-07-30T04:46:35.330Z;1001;inference;Clean_Air;0;98;0;-0,000978169;0.004399994;0.005255613;-0.002573564;-0,010065316;-0.012257186;-0.020938622;-0.026896518;
2026-07-30T04:46:35.883Z;1001;inference;Clean_Air;0;98;0;-0,000963567;0.004427773;0.005228668;-0.00252471;-0,010057463;-0.012262374;-0.020872073;-0.026886772;
2026-07-30T04:46:36.409Z;1001;inference;Clean_Air;0;98;0;-0,000957728;0.00444989;0.005246067;-0.002534628;-0,010084162;-0.01224969;-0.020844597;-0.026923249;
2026-07-30T04:46:36.807Z;1001;inference;Clean_Air;0;98;0;-0,00093029;0.004447932;0.005255301;-0.002533952;-0,010066318;-0.012328368;-0.020854974;-0.026929105;
2026-07-30T04:46:37.337Z;1001;inference;Clean_Air;0;98;0;-0,00093029;0.004447932;0.005255301;-0.002533952;-0,010066318;-0.012328368;-0.020854974;-0.026929105;
2026-07-30T04:46:37.808Z;1001;inference;Clean_Air;0;98;0;-0,000932448;0.004461684;0.005245241;-0.002526274;-0,010062562;-0.012342658;-0.020842381;-0.026931738;
2026-07-30T04:46:38.363Z;1001;inference;Clean_Air;0;98;0;-0,000915779;0.004425705;0.005251484;-0.002469996;-0,010056125;-0.012368375;-0.020727726;-0.026952643;
2026-07-30T04:46:38.901Z;1001;inference;Clean_Air;0;98;0;-0,000879499;0.004438383;0.005274537;-0.002428897;-0,010075701;-0.012393125;-0.020721456;-0.026946414;
2026-07-30T04:46:39.286Z;1001;inference;Clean_Air;0;98;0;-0,000856879;0.0044803;0.005263985;-0.002454426;-0,010105672;-0.012462464;-0.020762119;-0.026944455;
2026-07-30T04:46:39.817Z;1001;inference;Clean_Air;0;98;0;-0,000856879;0.0044803;0.005263985;-0.002454426;-0,010105672;-0.012462464;-0.020762119;-0.026944455;
2026-07-30T04:46:40.299Z;1001;inference;Clean_Air;0;98;0;-0,000854194;0.004476667;0.005243461;-0.002509506;-0,010071979;-0.012466024;-0.020699397;-0.026938032;
2026-07-30T04:46:40.842Z;1001;inference;Clean_Air;0;98;0;-0,000846787;0.004480254;0.005247856;-0.002566339;-0,010066383;-0.012458105;-0.020717317;-0.026938457;
2026-07-30T04:46:41.381Z;1001;inference;Clean_Air;0;98;0;-0,000855991;0.004547056;0.005241381;-0.002564317;-0,010076349;-0.012449984;-0.020732097;-0.027019408;
2026-07-30T04:46:41.926Z;1001;inference;Clean_Air;0;98;0;-0,000845296;0.004540003;0.005255203;-0.002498518;-0,01009507;-0.012437192;-0.020727212;-0.027028695;
2026-07-30T04:46:42.403Z;1001;inference;Clean_Air;0;98;0;-0,000863334;0.004516209;0.005264529;-0.002514789;-0,010085627;-0.012420989;-0.020800391;-0.027020395;
2026-07-30T04:46:42.790Z;1001;inference;Clean_Air;0;98;0;-0,000863334;0.004516209;0.005264529;-0.002514789;-0,010085627;-0.012420989;-0.020800391;-0.027020395;
2026-07-30T04:46:43.260Z;1001;inference;Clean_Air;0;98;0;-0,000863334;0.004516209;0.005264529;-0.002514789;-0,010085627;-0.012420989;-0.020800391;-0.027020395;
2026-07-30T04:46:43.760Z;1001;inference;Clean_Air;0;98;0;-0,000863334;0.004516209;0.005264529;-0.002514789;-0,010085627;-0.012420989;-0.020800391;-0.027020395;
2026-07-30T04:46:44.259Z;1001;inference;Clean_Air;0;98;0;-0,000863334;0.004516209;0.005264529;-0.002514789;-0,010085627;-0.012420989;-0.020800391;-0.027020395;
2026-07-30T04:46:44.809Z;1001;inference;Clean_Air;0;98;0;-0,000875947;0.004475622;0.005265853;-0.002511726;-0,01007584;-0.012453409;-0.020770106;-0.027011205;
2026-07-30T04:46:45.338Z;1001;inference;Clean_Air;0;98;0;-0,000859857;0.004471606;0.00526394;-0.002525752;-0,010080609;-0.012455168;-0.020729367;-0.027000595;
2026-07-30T04:46:45.887Z;1001;inference;Clean_Air;0;98;0;-0,000858871;0.004461395;0.005258905;-0.002577329;-0,01008944;-0.012451161;-0.020791143;-0.026965942;
2026-07-30T04:46:46.415Z;1001;inference;Clean_Air;0;98;0;-0,000871072;0.004449469;0.005233347;-0.002616375;-0,010093154;-0.012438908;-0.020787913;-0.026999542;
2026-07-30T04:46:46.811Z;1001;inference;Clean_Air;0;98;0;-0,000886841;0.004449862;0.005265607;-0.002568255;-0,010083852;-0.012422787;-0.020788554;-0.027003959;
2026-07-30T04:46:47.343Z;1001;inference;Clean_Air;0;98;0;-0,000886841;0.004449862;0.005265607;-0.002568255;-0,010083852;-0.012422787;-0.020788554;-0.027003959;
2026-07-30T04:46:47.815Z;1001;inference;Clean_Air;0;98;0;-0,000887304;0.004390187;0.005270454;-0.002596363;-0,010098397;-0.012424289;-0.020796437;-0.027006745;
2026-07-30T04:46:48.367Z;1001;inference;Clean_Air;0;98;0;-0,000916359;0.00439435;0.005257648;-0.002546994;-0,010104308;-0.012417288;-0.020811629;-0.0270127;
2026-07-30T04:46:48.894Z;1001;inference;Clean_Air;0;98;0;-0,000902197;0.004350367;0.005254491;-0.002553064;-0,010090664;-0.012421853;-0.020811033;-0.027023811;
2026-07-30T04:46:49.290Z;1001;inference;Clean_Air;0;98;0;-0,000928022;0.004342293;0.005255537;-0.002618586;-0,010065059;-0.012411302;-0.020828934;-0.027011458;
2026-07-30T04:46:49.822Z;1001;inference;Clean_Air;0;98;0;-0,000928022;0.004342293;0.005255537;-0.002618586;-0,010065059;-0.012411302;-0.020828934;-0.027011458;
2026-07-30T04:46:50.294Z;1001;inference;Clean_Air;0;98;0;-0,000925761;0.004356101;0.005234998;-0.002652026;-0,010068966;-0.012414555;-0.020778455;-0.027026335;
2026-07-30T04:46:50.846Z;1001;inference;Clean_Air;0;97;0;-0,000934832;0.004335968;0.005202157;-0.002649223;-0,010067395;-0.012378494;-0.020820519;-0.027027339;
2026-07-30T04:46:51.372Z;1001;inference;Clean_Air;0;97;0;-0,000942378;0.004268668;0.00518231;-0.002651168;-0,010076432;-0.012375483;-0.020889379;-0.027047154;
2026-07-30T04:46:51.926Z;1001;inference;Clean_Air;0;97;0;-0,000937385;0.004263984;0.005193281;-0.002636864;-0,010073036;-0.012349416;-0.020868091;-0.027033199;
2026-07-30T04:46:52.302Z;1001;inference;Clean_Air;0;97;0;-0,000943711;0.004276358;0.005202259;-0.002583467;-0,010055052;-0.012349586;-0.020883864;-0.02697365;
2026-07-30T04:46:52.779Z;1001;inference;Clean_Air;0;97;0;-0,000943711;0.004276358;0.005202259;-0.002583467;-0,010055052;-0.012349586;-0.020883864;-0.02697365;
2026-07-30T04:46:53.323Z;1001;inference;Clean_Air;0;97;0;-0,000949516;0.004236832;0.005191795;-0.002596307;-0,01005604;-0.012310253;-0.020819116;-0.026987042;
2026-07-30T04:46:53.781Z;1001;inference;Clean_Air;0;97;0;-0,000949516;0.004236832;0.005191795;-0.002596307;-0,01005604;-0.012310253;-0.020819116;-0.026987042;
2026-07-30T04:46:54.253Z;1001;inference;Clean_Air;0;97;0;-0,000949516;0.004236832;0.005191795;-0.002596307;-0,01005604;-0.012310253;-0.020819116;-0.026987042;
2026-07-30T04:46:54.756Z;1001;inference;Clean_Air;0;97;0;-0,000949516;0.004236832;0.005191795;-0.002596307;-0,01005604;-0.012310253;-0.020819116;-0.026987042;
2026-07-30T04:46:55.259Z;1001;inference;Clean_Air;0;97;0;-0,000949516;0.004236832;0.005191795;-0.002596307;-0,01005604;-0.012310253;-0.020819116;-0.026987042;
2026-07-30T04:46:55.804Z;1001;inference;Clean_Air;0;97;0;-0,000947091;0.004302789;0.005188511;-0.002579581;-0,010065129;-0.01231443;-0.020802349;-0.027017718;
2026-07-30T04:46:56.334Z;1001;inference;Clean_Air;0;97;0;-0,000939582;0.004312944;0.005211005;-0.002589147;-0,010060428;-0.012312417;-0.020786785;-0.027015636;
2026-07-30T04:46:56.884Z;1001;inference;Clean_Air;0;98;0;-0,000934089;0.004302484;0.005216399;-0.002591879;-0,010069167;-0.012325598;-0.02075538;-0.02699464;
2026-07-30T04:46:57.412Z;1001;inference;Clean_Air;0;98;0;-0,000932062;0.004297896;0.005219998;-0.002524671;-0,010086092;-0.012323881;-0.020746052;-0.027004402;
2026-07-30T04:46:57.807Z;1001;inference;Clean_Air;0;97;0;-0,000929439;0.004300422;0.005189234;-0.002469827;-0,010061828;-0.012328038;-0.020746293;-0.026929656;
2026-07-30T04:46:58.338Z;1001;inference;Clean_Air;0;97;0;-0,000929439;0.004300422;0.005189234;-0.002469827;-0,010061828;-0.012328038;-0.020746293;-0.026929656;
2026-07-30T04:46:58.811Z;1001;inference;Clean_Air;0;97;0;-0,000930214;0.004336705;0.00519329;-0.002458168;-0,010091054;-0.012327676;-0.020724736;-0.026932156;
2026-07-30T04:46:59.363Z;1001;inference;Clean_Air;0;98;0;-0,00093527;0.004401611;0.005220686;-0.002451954;-0,010076144;-0.012304621;-0.020688923;-0.026929382;
2026-07-30T04:46:59.892Z;1001;inference;Clean_Air;0;97;0;-0,000936243;0.004332999;0.005205308;-0.002448052;-0,010061083;-0.012336239;-0.020692743;-0.026926095;
2026-07-30T04:47:00.286Z;1001;inference;Clean_Air;0;98;0;-0,000920697;0.004339814;0.005214868;-0.002452377;-0,010074312;-0.012308219;-0.020672452;-0.026958596;
2026-07-30T04:47:00.818Z;1001;inference;Clean_Air;0;98;0;-0,000920697;0.004339814;0.005214868;-0.002452377;-0,010074312;-0.012308219;-0.020672452;-0.026958596;
2026-07-30T04:47:01.300Z;1001;inference;Clean_Air;0;97;0;-0,000932616;0.004356098;0.005206564;-0.002449414;-0,010087016;-0.01234111;-0.020676233;-0.026953047;
2026-07-30T04:47:01.842Z;1001;inference;Clean_Air;0;97;0;-0,000928503;0.004356512;0.00520491;-0.002441473;-0,010077428;-0.012320547;-0.020681759;-0.02691536;
2026-07-30T04:47:02.377Z;1001;inference;Clean_Air;0;97;0;-0,00092833;0.004365227;0.005197583;-0.002437154;-0,010066939;-0.012336517;-0.020717558;-0.0269126;
2026-07-30T04:47:02.926Z;1001;inference;Clean_Air;0;97;0;-0,000922723;0.004382556;0.005199037;-0.002474648;-0,010060417;-0.012304681;-0.020735355;-0.026917398;
2026-07-30T04:47:03.403Z;1001;inference;Clean_Air;0;97;0;-0,000893726;0.00432451;0.005192401;-0.002546008;-0,010053681;-0.012344816;-0.020687044;-0.026953936;
2026-07-30T04:47:03.800Z;1001;inference;Clean_Air;0;97;0;-0,000893726;0.00432451;0.005192401;-0.002546008;-0,010053681;-0.012344816;-0.020687044;-0.026953936;
2026-07-30T04:47:04.269Z;1001;inference;Clean_Air;0;97;0;-0,000893726;0.00432451;0.005192401;-0.002546008;-0,010053681;-0.012344816;-0.020687044;-0.026953936;
2026-07-30T04:47:04.762Z;1001;inference;Clean_Air;0;97;0;-0,000893726;0.00432451;0.005192401;-0.002546008;-0,010053681;-0.012344816;-0.020687044;-0.026953936;
2026-07-30T04:47:05.260Z;1001;inference;Clean_Air;0;97;0;-0,000893726;0.00432451;0.005192401;-0.002546008;-0,010053681;-0.012344816;-0.020687044;-0.026953936;
2026-07-30T04:47:05.805Z;1001;inference;Clean_Air;0;98;0;-0,000899972;0.004362377;0.005299675;-0.002487269;-0,010090183;-0.012343549;-0.020678552;-0.027011734;
2026-07-30T04:47:06.340Z;1001;inference;Clean_Air;0;98;0;-0,000892737;0.004334893;0.00529659;-0.002504473;-0,010073988;-0.0123448;-0.020723926;-0.02702128;
2026-07-30T04:47:06.876Z;1001;inference;Clean_Air;0;98;0;-0,000895266;0.004322335;0.005315443;-0.002502988;-0,010105371;-0.012356845;-0.020734333;-0.027034184;
2026-07-30T04:47:07.407Z;1001;inference;Clean_Air;0;98;0;-0,000885629;0.004380309;0.005351579;-0.002482433;-0,010113696;-0.012328016;-0.020687174;-0.027042922;
2026-07-30T04:47:07.800Z;1001;inference;Clean_Air;0;98;0;-0,000894936;0.004357153;0.005329112;-0.002486702;-0,010114759;-0.012342387;-0.020649258;-0.027069103;
2026-07-30T04:47:08.331Z;1001;inference;Clean_Air;0;98;0;-0,000894936;0.004357153;0.005329112;-0.002486702;-0,010114759;-0.012342387;-0.020649258;-0.027069103;
2026-07-30T04:47:08.801Z;1001;inference;Clean_Air;0;98;0;-0,000877958;0.0043363;0.005357048;-0.00247229;-0,010124622;-0.01229291;-0.020668652;-0.027064001;
2026-07-30T04:47:09.356Z;1001;inference;Clean_Air;0;98;0;-0,000876532;0.00433751;0.005370266;-0.002486623;-0,01013126;-0.012334184;-0.020673664;-0.02705506;
2026-07-30T04:47:09.882Z;1001;inference;Clean_Air;0;98;0;-0,00084441;0.004327248;0.005375474;-0.002479537;-0,01014368;-0.01234277;-0.020626577;-0.027081052;
2026-07-30T04:47:10.279Z;1001;inference;Clean_Air;0;98;0;-0,000859086;0.0043564;0.005371002;-0.002444521;-0,010144086;-0.012350407;-0.02067136;-0.027086303;
2026-07-30T04:47:10.810Z;1001;inference;Clean_Air;0;98;0;-0,000859086;0.0043564;0.005371002;-0.002444521;-0,010144086;-0.012350407;-0.02067136;-0.027086303;
2026-07-30T04:47:11.281Z;1001;inference;Clean_Air;0;98;0;-0,000879138;0.00435371;0.005370299;-0.002426647;-0,010131593;-0.012325259;-0.020781241;-0.027061295;
2026-07-30T04:47:11.834Z;1001;inference;Clean_Air;0;98;0;-0,000885218;0.004298564;0.005294651;-0.002489813;-0,010113924;-0.012319298;-0.020782253;-0.027067194;
2026-07-30T04:47:12.372Z;1001;inference;Clean_Air;0;98;0;-0,000895957;0.004284747;0.005305334;-0.00248132;-0,010092814;-0.012334253;-0.02074494;-0.027070705;
2026-07-30T04:47:12.914Z;1001;inference;Clean_Air;0;98;0;-0,000885279;0.004348814;0.00527937;-0.002470274;-0,010070434;-0.012276542;-0.020810038;-0.027072946;
2026-07-30T04:47:13.290Z;1001;inference;Clean_Air;0;98;0;-0,000890513;0.004358633;0.005251962;-0.002496555;-0,010084501;-0.012223462;-0.02085421;-0.027091667;
2026-07-30T04:47:13.770Z;1001;inference;Clean_Air;0;98;0;-0,000890513;0.004358633;0.005251962;-0.002496555;-0,010084501;-0.012223462;-0.02085421;-0.027091667;
2026-07-30T04:47:14.308Z;1001;inference;Clean_Air;0;98;0;-0,000883523;0.004294066;0.00528768;-0.002436458;-0,010090512;-0.012226487;-0.020905761;-0.027077178;
2026-07-30T04:47:14.781Z;1001;inference;Clean_Air;0;98;0;-0,000883523;0.004294066;0.00528768;-0.002436458;-0,010090512;-0.012226487;-0.020905761;-0.027077178;
2026-07-30T04:47:15.254Z;1001;inference;Clean_Air;0;98;0;-0,000883523;0.004294066;0.00528768;-0.002436458;-0,010090512;-0.012226487;-0.020905761;-0.027077178;
2026-07-30T04:47:15.753Z;1001;inference;Clean_Air;0;98;0;-0,000883523;0.004294066;0.00528768;-0.002436458;-0,010090512;-0.012226487;-0.020905761;-0.027077178;
2026-07-30T04:47:16.253Z;1001;inference;Clean_Air;0;98;0;-0,000883523;0.004294066;0.00528768;-0.002436458;-0,010090512;-0.012226487;-0.020905761;-0.027077178;
2026-07-30T04:47:16.805Z;1001;inference;Clean_Air;0;98;0;-0,00089034;0.004320287;0.005346908;-0.002460578;-0,010055273;-0.012332236;-0.020905171;-0.02708346;
2026-07-30T04:47:17.329Z;1001;inference;Clean_Air;0;98;0;-0,000886674;0.004334033;0.005338139;-0.002473512;-0,010060373;-0.012318595;-0.020897521;-0.02708886;
2026-07-30T04:47:17.885Z;1001;inference;Clean_Air;0;98;0;-0,000890841;0.004327656;0.00534372;-0.002476333;-0,010040764;-0.012314266;-0.020900056;-0.027072981;
2026-07-30T04:47:18.411Z;1001;inference;Clean_Air;0;98;0;-0,000880851;0.004279549;0.005304323;-0.002402419;-0,010038899;-0.012364747;-0.020874072;-0.027063355;
2026-07-30T04:47:18.808Z;1001;inference;Clean_Air;0;98;0;-0,000866577;0.004366499;0.005310399;-0.002417726;-0,010049852;-0.012361763;-0.020797936;-0.027013347;
2026-07-30T04:47:19.340Z;1001;inference;Clean_Air;0;98;0;-0,000866577;0.004366499;0.005310399;-0.002417726;-0,010049852;-0.012361763;-0.020797936;-0.027013347;
2026-07-30T04:47:19.809Z;1001;inference;Clean_Air;0;98;0;-0,000851942;0.004352161;0.005277631;-0.002471033;-0,010038594;-0.012366986;-0.020787882;-0.027023304;
2026-07-30T04:47:20.355Z;1001;inference;Clean_Air;0;98;0;-0,000834509;0.004394;0.005281982;-0.00246814;-0,010059746;-0.012330396;-0.020803247;-0.027006745;
2026-07-30T04:47:20.885Z;1001;inference;Clean_Air;0;98;0;-0,000832876;0.004333301;0.005291239;-0.002473664;-0,010076325;-0.012388985;-0.020733494;-0.027006414;
2026-07-30T04:47:21.278Z;1001;inference;Clean_Air;0;98;0;-0,000835456;0.004345104;0.005293127;-0.002473568;-0,010063926;-0.012462277;-0.020741252;-0.026997555;
2026-07-30T04:47:21.811Z;1001;inference;Clean_Air;0;98;0;-0,000835456;0.004345104;0.005293127;-0.002473568;-0,010063926;-0.012462277;-0.020741252;-0.026997555;
2026-07-30T04:47:22.288Z;1001;inference;Clean_Air;0;98;0;-0,00082223;0.004417607;0.005269355;-0.002536493;-0,010050496;-0.012466131;-0.020722291;-0.027004663;
2026-07-30T04:47:22.834Z;1001;inference;Clean_Air;0;97;0;-0,000809619;0.004399635;0.005190322;-0.002523715;-0,010065527;-0.012439707;-0.020657955;-0.027011126;
2026-07-30T04:47:23.368Z;1001;inference;Clean_Air;0;97;0;-0,000818855;0.004384662;0.005194947;-0.002520738;-0,010072217;-0.012428396;-0.020609396;-0.02703188;
2026-07-30T04:47:23.919Z;1001;inference;Clean_Air;0;97;0;-0,000834926;0.004393305;0.005193382;-0.002450972;-0,010099421;-0.012413097;-0.020640146;-0.0270257;
2026-07-30T04:47:24.396Z;1001;inference;Clean_Air;0;98;0;-0,000856278;0.004415683;0.005236997;-0.002453251;-0,010116247;-0.012362375;-0.020634323;-0.027046496;
2026-07-30T04:47:24.788Z;1001;inference;Clean_Air;0;98;0;-0,000856278;0.004415683;0.005236997;-0.002453251;-0,010116247;-0.012362375;-0.020634323;-0.027046496;
2026-07-30T04:47:25.252Z;1001;inference;Clean_Air;0;98;0;-0,000856278;0.004415683;0.005236997;-0.002453251;-0,010116247;-0.012362375;-0.020634323;-0.027046496;
2026-07-30T04:47:25.752Z;1001;inference;Clean_Air;0;98;0;-0,000856278;0.004415683;0.005236997;-0.002453251;-0,010116247;-0.012362375;-0.020634323;-0.027046496;
2026-07-30T04:47:26.254Z;1001;inference;Clean_Air;0;98;0;-0,000856278;0.004415683;0.005236997;-0.002453251;-0,010116247;-0.012362375;-0.020634323;-0.027046496;
2026-07-30T04:47:26.802Z;1001;inference;Clean_Air;0;98;0;-0,000869012;0.004444002;0.005246948;-0.002449246;-0,010108858;-0.012356797;-0.020643726;-0.02710036;
2026-07-30T04:47:27.332Z;1001;inference;Clean_Air;0;98;0;-0,000870396;0.00451016;0.005283391;-0.002444585;-0,010122907;-0.012354612;-0.020692725;-0.027099054;
2026-07-30T04:47:27.881Z;1001;inference;Clean_Air;0;98;0;-0,000875197;0.004540408;0.0052845;-0.002461244;-0,010115049;-0.012298482;-0.020673377;-0.027112812;
2026-07-30T04:47:28.409Z;1001;inference;Clean_Air;0;98;0;-0,000876302;0.004553136;0.005292756;-0.00249031;-0,010082303;-0.012292647;-0.020688998;-0.027061965;
2026-07-30T04:47:28.805Z;1001;inference;Clean_Air;0;98;0;-0,000890034;0.004563531;0.005300624;-0.002423217;-0,010075232;-0.012274707;-0.020721169;-0.027079413;
2026-07-30T04:47:29.336Z;1001;inference;Clean_Air;0;98;0;-0,000890034;0.004563531;0.005300624;-0.002423217;-0,010075232;-0.012274707;-0.020721169;-0.027079413;
2026-07-30T04:47:29.817Z;1001;inference;Clean_Air;0;98;0;-0,000891729;0.004558285;0.005317047;-0.002461035;-0,010070451;-0.012277265;-0.020746041;-0.027054805;
2026-07-30T04:47:30.361Z;1001;inference;Clean_Air;0;98;0;-0,000897057;0.004593293;0.005312813;-0.002457607;-0,010075597;-0.012263129;-0.020833265;-0.027034808;
2026-07-30T04:47:30.897Z;1001;inference;Clean_Air;0;98;0;-0,000897778;0.004586103;0.005300163;-0.002464455;-0,010056103;-0.012253847;-0.020916596;-0.027019996;
2026-07-30T04:47:31.284Z;1001;inference;Clean_Air;0;98;0;-0,000914596;0.004582763;0.005296653;-0.002540364;-0,010026151;-0.012252296;-0.020884395;-0.02701886;
2026-07-30T04:47:31.815Z;1001;inference;Clean_Air;0;98;0;-0,000914596;0.004582763;0.005296653;-0.002540364;-0,010026151;-0.012252296;-0.020884395;-0.02701886;
2026-07-30T04:47:32.294Z;1001;inference;Clean_Air;0;98;0;-0,000916213;0.00455839;0.005297092;-0.002606688;-0,010017989;-0.012249609;-0.020926788;-0.027020063;
2026-07-30T04:47:32.840Z;1001;inference;Clean_Air;0;98;0;-0,000940241;0.004510952;0.00525366;-0.00255103;-0,010010034;-0.012252795;-0.02095193;-0.026988978;
2026-07-30T04:47:33.371Z;1001;inference;Clean_Air;0;98;0;-0,000933012;0.004469302;0.005263195;-0.002511509;-0,010000959;-0.012185818;-0.020929998;-0.026967067;
2026-07-30T04:47:33.919Z;1001;inference;Clean_Air;0;98;0;-0,000941585;0.004410728;0.005275299;-0.002505717;-0,01000689;-0.012243273;-0.020939413;-0.026941612;
2026-07-30T04:47:34.295Z;1001;inference;Clean_Air;0;98;0;-0,0009334;0.004418424;0.005263921;-0.002486997;-0,010027373;-0.012246187;-0.020949353;-0.026982659;
2026-07-30T04:47:34.769Z;1001;inference;Clean_Air;0;98;0;-0,0009334;0.004418424;0.005263921;-0.002486997;-0,010027373;-0.012246187;-0.020949353;-0.026982659;
2026-07-30T04:47:35.312Z;1001;inference;Clean_Air;0;98;0;-0,000913433;0.004384442;0.005224179;-0.002564818;-0,010038034;-0.012290636;-0.020881075;-0.026963431;
2026-07-30T04:47:35.780Z;1001;inference;Clean_Air;0;98;0;-0,000913433;0.004384442;0.005224179;-0.002564818;-0,010038034;-0.012290636;-0.020881075;-0.026963431;
2026-07-30T04:47:36.250Z;1001;inference;Clean_Air;0;98;0;-0,000913433;0.004384442;0.005224179;-0.002564818;-0,010038034;-0.012290636;-0.020881075;-0.026963431;
2026-07-30T04:47:36.754Z;1001;inference;Clean_Air;0;98;0;-0,000913433;0.004384442;0.005224179;-0.002564818;-0,010038034;-0.012290636;-0.020881075;-0.026963431;
2026-07-30T04:47:37.255Z;1001;inference;Clean_Air;0;98;0;-0,000913433;0.004384442;0.005224179;-0.002564818;-0,010038034;-0.012290636;-0.020881075;-0.026963431;
2026-07-30T04:47:37.802Z;1001;inference;Clean_Air;0;97;0;-0,000923597;0.004372812;0.005209508;-0.002534261;-0,010065014;-0.012287974;-0.020832162;-0.026964545;
2026-07-30T04:47:38.334Z;1001;inference;Clean_Air;0;97;0;-0,000934312;0.00432732;0.0052091;-0.002549146;-0,010080683;-0.012291135;-0.020801401;-0.026913116;
2026-07-30T04:47:38.882Z;1001;inference;Clean_Air;0;98;0;-0,000934248;0.004276824;0.005218788;-0.002537144;-0,01010538;-0.012330489;-0.020835552;-0.026957493;
2026-07-30T04:47:39.414Z;1001;inference;Clean_Air;0;98;0;-0,000909235;0.004259131;0.00521919;-0.002534886;-0,010106847;-0.012365608;-0.02084508;-0.026954997;
2026-07-30T04:47:39.809Z;1001;inference;Clean_Air;0;97;0;-0,000874247;0.004272792;0.005209929;-0.002583931;-0,010091283;-0.012373244;-0.020781871;-0.026932996;
2026-07-30T04:47:40.336Z;1001;inference;Clean_Air;0;97;0;-0,000874247;0.004272792;0.005209929;-0.002583931;-0,010091283;-0.012373244;-0.020781871;-0.026932996;
2026-07-30T04:47:40.810Z;1001;inference;Clean_Air;0;97;0;-0,00086588;0.004294122;0.005211419;-0.002645666;-0,010109839;-0.012370674;-0.02074315;-0.02694213;
2026-07-30T04:47:41.360Z;1001;inference;Clean_Air;0;97;0;-0,000871133;0.004289368;0.00517975;-0.002625778;-0,010101837;-0.012441206;-0.020675119;-0.026983986;
2026-07-30T04:47:41.888Z;1001;inference;Clean_Air;0;97;0;-0,00087137;0.004299515;0.005170773;-0.002623842;-0,010105208;-0.012453455;-0.020679416;-0.027017051;
2026-07-30T04:47:42.284Z;1001;inference;Clean_Air;0;97;0;-0,000879208;0.004308593;0.005177855;-0.002646476;-0,010089916;-0.012385806;-0.020684268;-0.027006924;
2026-07-30T04:47:42.816Z;1001;inference;Clean_Air;0;97;0;-0,000879208;0.004308593;0.005177855;-0.002646476;-0,010089916;-0.012385806;-0.020684268;-0.027006924;
2026-07-30T04:47:43.285Z;1001;inference;Clean_Air;0;98;0;-0,000909436;0.004326588;0.005224535;-0.002576547;-0,010081654;-0.01235448;-0.020741511;-0.027028838;
2026-07-30T04:47:43.840Z;1001;inference;Clean_Air;0;98;0;-0,000890871;0.004355279;0.005230264;-0.002581776;-0,010086386;-0.012350285;-0.020836599;-0.027013157;
2026-07-30T04:47:44.376Z;1001;inference;Clean_Air;0;98;0;-0,000880111;0.004398031;0.005230875;-0.002563003;-0,010067476;-0.012357875;-0.020834133;-0.027064944;
2026-07-30T04:47:44.923Z;1001;inference;Clean_Air;0;98;0;-0,000891427;0.004460864;0.005216309;-0.002538905;-0,010037028;-0.012342376;-0.020783994;-0.02704441;
2026-07-30T04:47:45.401Z;1001;inference;Clean_Air;0;97;0;-0,0009065;0.004491645;0.005205225;-0.002578339;-0,010038707;-0.012319193;-0.020718191;-0.027043562;
2026-07-30T04:47:45.788Z;1001;inference;Clean_Air;0;97;0;-0,0009065;0.004491645;0.005205225;-0.002578339;-0,010038707;-0.012319193;-0.020718191;-0.027043562;
2026-07-30T04:47:46.262Z;1001;inference;Clean_Air;0;97;0;-0,0009065;0.004491645;0.005205225;-0.002578339;-0,010038707;-0.012319193;-0.020718191;-0.027043562;
2026-07-30T04:47:46.762Z;1001;inference;Clean_Air;0;97;0;-0,0009065;0.004491645;0.005205225;-0.002578339;-0,010038707;-0.012319193;-0.020718191;-0.027043562;
2026-07-30T04:47:47.248Z;1001;inference;Clean_Air;0;97;0;-0,0009065;0.004491645;0.005205225;-0.002578339;-0,010038707;-0.012319193;-0.020718191;-0.027043562;
2026-07-30T04:47:47.802Z;1001;inference;Clean_Air;0;97;0;-0,000918562;0.004497216;0.005194957;-0.002544627;-0,010042686;-0.012324032;-0.020781543;-0.027048549;
2026-07-30T04:47:48.339Z;1001;inference;Clean_Air;0;98;0;-0,000916947;0.004501983;0.005217109;-0.002540084;-0,010051379;-0.012354301;-0.020822184;-0.027091509;
2026-07-30T04:47:48.882Z;1001;inference;Clean_Air;0;97;0;-0,000923756;0.004553546;0.005202588;-0.002483661;-0,010059444;-0.012362153;-0.020883176;-0.027061123;
2026-07-30T04:47:49.416Z;1001;inference;Clean_Air;0;97;0;-0,000939655;0.00455793;0.005200671;-0.002508544;-0,010061098;-0.012353044;-0.02088587;-0.027059276;
2026-07-30T04:47:49.805Z;1001;inference;Clean_Air;0;97;0;-0,000951863;0.004539196;0.005194438;-0.00248957;-0,010089424;-0.012397066;-0.020864394;-0.027052587;
2026-07-30T04:47:50.337Z;1001;inference;Clean_Air;0;97;0;-0,000951863;0.004539196;0.005194438;-0.00248957;-0,010089424;-0.012397066;-0.020864394;-0.027052587;
2026-07-30T04:47:50.809Z;1001;inference;Clean_Air;0;97;0;-0,000950565;0.004473201;0.00518451;-0.002566739;-0,010114724;-0.012375755;-0.020850923;-0.027033757;
2026-07-30T04:47:51.362Z;1001;inference;Clean_Air;0;97;0;-0,00096929;0.004480111;0.005191967;-0.002547579;-0,010118871;-0.012396351;-0.020740403;-0.02704088;
2026-07-30T04:47:51.887Z;1001;inference;Clean_Air;0;98;0;-0,000965111;0.004428101;0.005213228;-0.002564895;-0,010135267;-0.01239418;-0.020753365;-0.027089935;
2026-07-30T04:47:52.285Z;1001;inference;Clean_Air;0;98;0;-0,000961688;0.004442602;0.005242391;-0.002574409;-0,01012963;-0.012379389;-0.020750526;-0.027080381;
2026-07-30T04:47:52.818Z;1001;inference;Clean_Air;0;98;0;-0,000961688;0.004442602;0.005242391;-0.002574409;-0,01012963;-0.012379389;-0.020750526;-0.027080381;
2026-07-30T04:47:53.301Z;1001;inference;Clean_Air;0;98;0;-0,000956056;0.004423636;0.005276128;-0.002542898;-0,010158253;-0.012383528;-0.020824302;-0.027091507;
2026-07-30T04:47:53.841Z;1001;inference;Clean_Air;0;98;0;-0,000980914;0.004420333;0.005360311;-0.002525898;-0,010151248;-0.012391771;-0.020764139;-0.027110729;
2026-07-30T04:47:54.369Z;1001;inference;Clean_Air;0;98;0;-0,000970071;0.004412695;0.005373191;-0.00252373;-0,010126768;-0.012378585;-0.020733943;-0.027083531;
2026-07-30T04:47:54.923Z;1001;inference;Clean_Air;0;98;0;-0,000945474;0.004346191;0.005395232;-0.002599954;-0,010129889;-0.012368935;-0.020707842;-0.027070936;
2026-07-30T04:47:55.296Z;1001;inference;Clean_Air;0;98;0;-0,000906439;0.004347813;0.005394542;-0.002552253;-0,010127356;-0.01238579;-0.020674758;-0.027062152;
2026-07-30T04:47:55.766Z;1001;inference;Clean_Air;0;98;0;-0,000906439;0.004347813;0.005394542;-0.002552253;-0,010127356;-0.01238579;-0.020674758;-0.027062152;
2026-07-30T04:47:56.313Z;1001;inference;Clean_Air;0;98;0;-0,000832955;0.004352423;0.005375548;-0.002595209;-0,010108581;-0.012421282;-0.020639429;-0.027065951;
2026-07-30T04:47:56.784Z;1001;inference;Clean_Air;0;98;0;-0,000832955;0.004352423;0.005375548;-0.002595209;-0,010108581;-0.012421282;-0.020639429;-0.027065951;
2026-07-30T04:47:57.256Z;1001;inference;Clean_Air;0;98;0;-0,000832955;0.004352423;0.005375548;-0.002595209;-0,010108581;-0.012421282;-0.020639429;-0.027065951;
2026-07-30T04:47:57.785Z;1001;inference;Clean_Air;0;98;0;-0,000832955;0.004352423;0.005375548;-0.002595209;-0,010108581;-0.012421282;-0.020639429;-0.027065951;
2026-07-30T04:47:58.250Z;1001;inference;Clean_Air;0;98;0;-0,000832955;0.004352423;0.005375548;-0.002595209;-0,010108581;-0.012421282;-0.020639429;-0.027065951;
2026-07-30T04:47:58.802Z;1001;inference;Clean_Air;0;98;0;0,004164522;0.004406212;0.005378927;-0.002577357;-0,010091054;-0.012429621;-0.020646924;-0.027057275;Sensor di pegang (Abaikan nilai ini)
2026-07-30T04:47:59.340Z;1001;inference;Clean_Air;0;98;0;0,008558782;0.004392454;0.005382491;-0.002564378;-0,010073876;-0.012413602;-0.020703724;-0.027075728;Sensor di pegang (Abaikan nilai ini)
2026-07-30T04:47:59.875Z;1001;inference;Clean_Air;0;98;0;0,01290782;0.004444422;0.005355824;-0.002484199;-0,010065421;-0.012413558;-0.0207473;-0.027050298;Sensor di pegang (Abaikan nilai ini)
2026-07-30T04:48:00.405Z;1001;inference;Clean_Air;0;98;0;0,017553601;0.004416637;0.005354417;-0.002495924;-0,010083639;-0.012429808;-0.020754021;-0.027037356;Sensor di pegang (Abaikan nilai ini)
2026-07-30T04:48:00.797Z;1001;inference;Clean_Air;0;98;0;0,021696512;0.004417284;0.005334537;-0.002483067;-0,010073856;-0.012447056;-0.020761434;-0.027045766;Sensor di pegang (Abaikan nilai ini)
2026-07-30T04:48:01.329Z;1001;inference;Clean_Air;0;98;0;0,021696512;0.004417284;0.005334537;-0.002483067;-0,010073856;-0.012447056;-0.020761434;-0.027045766;Sensor di pegang (Abaikan nilai ini)
2026-07-30T04:48:01.801Z;1001;inference;Clean_Air;0;98;0;0,025100941;0.004353954;0.00527078;-0.002504761;-0,010107229;-0.012472075;-0.020820549;-0.027042991;Sensor di pegang (Abaikan nilai ini)
2026-07-30T04:48:02.354Z;1001;inference;Clean_Air;0;98;0;0,028028835;0.004310049;0.005261579;-0.002516791;-0,010112131;-0.012464004;-0.020862019;-0.027053256;Sensor di pegang (Abaikan nilai ini)
2026-07-30T04:48:02.878Z;1001;inference;Clean_Air;0;98;0;0,032601476;0.004320691;0.005272795;-0.002522733;-0,010109855;-0.012470437;-0.020936407;-0.027104249;Sensor di pegang (Abaikan nilai ini)
2026-07-30T04:48:03.277Z;1001;inference;Clean_Air;0;98;0;0,036432631;0.004314013;0.005259593;-0.002480603;-0,010125694;-0.012477444;-0.020900656;-0.027095575;Sensor di pegang (Abaikan nilai ini)
2026-07-30T04:48:03.810Z;1001;inference;Clean_Air;0;98;0;0,036432631;0.004314013;0.005259593;-0.002480603;-0,010125694;-0.012477444;-0.020900656;-0.027095575;Sensor di pegang (Abaikan nilai ini)
2026-07-30T04:48:04.279Z;1001;inference;Clean_Air;0;98;0;0,041177005;0.004301011;0.005281555;-0.002432254;-0,010114253;-0.012472645;-0.020966556;-0.027117973;Sensor di pegang (Abaikan nilai ini)
2026-07-30T04:48:04.833Z;1001;inference;Clean_Air;0;98;0;0,040962119;0.00431298;0.005283981;-0.002438566;-0,010128636;-0.012469665;-0.020976555;-0.027124997;Sensor di pegang (Abaikan nilai ini)
2026-07-30T04:48:05.372Z;1001;inference;Clean_Air;0;98;0;0,040968418;0.004296988;0.005257823;-0.002390374;-0,01012112;-0.012461953;-0.02098812;-0.027140388;Sensor di pegang (Abaikan nilai ini)
2026-07-30T04:48:05.920Z;1001;inference;Clean_Air;0;98;0;0,040329359;0.004301748;0.005259092;-0.002392808;-0,010123538;-0.012468047;-0.020932022;-0.02714802;Sensor di pegang (Abaikan nilai ini)
2026-07-30T04:48:06.402Z;1001;inference;Clean_Air;0;98;0;0,038697518;0.004319047;0.005239402;-0.002385904;-0,010114492;-0.012479572;-0.020927139;-0.027161002;Sensor di pegang (Abaikan nilai ini)
2026-07-30T04:48:06.788Z;1001;inference;Clean_Air;0;98;0;0,038697518;0.004319047;0.005239402;-0.002385904;-0,010114492;-0.012479572;-0.020927139;-0.027161002;Sensor di pegang (Abaikan nilai ini)
2026-07-30T04:48:07.260Z;1001;inference;Clean_Air;0;98;0;0,038697518;0.004319047;0.005239402;-0.002385904;-0,010114492;-0.012479572;-0.020927139;-0.027161002;Sensor di pegang (Abaikan nilai ini)
2026-07-30T04:48:07.762Z;1001;inference;Clean_Air;0;98;0;0,038697518;0.004319047;0.005239402;-0.002385904;-0,010114492;-0.012479572;-0.020927139;-0.027161002;Sensor di pegang (Abaikan nilai ini)
2026-07-30T04:48:08.260Z;1001;inference;Clean_Air;0;98;0;0,038697518;0.004319047;0.005239402;-0.002385904;-0,010114492;-0.012479572;-0.020927139;-0.027161002;Sensor di pegang (Abaikan nilai ini)
2026-07-30T04:48:08.803Z;1001;inference;Clean_Air;0;98;0;0,034549214;0.004335825;0.005249833;-0.002393275;-0,010081649;-0.012441678;-0.020901095;-0.02715019;Sensor di pegang (Abaikan nilai ini)
2026-07-30T04:48:09.328Z;1001;inference;Clean_Air;0;98;0;0,031174511;0.004383209;0.005227912;-0.002392076;-0,010075724;-0.012399783;-0.020889442;-0.027119016;Sensor di pegang (Abaikan nilai ini)
2026-07-30T04:48:09.883Z;1001;inference;Clean_Air;0;98;0;0,028270269;0.004409862;0.005223484;-0.002387491;-0,010074747;-0.012392659;-0.020886783;-0.027106181;Sensor di pegang (Abaikan nilai ini)
2026-07-30T04:48:10.409Z;1001;inference;Clean_Air;0;97;0;0,023693189;0.004413145;0.005209199;-0.002378088;-0,010094224;-0.012400543;-0.020826403;-0.027103564;Sensor di pegang (Abaikan nilai ini)
2026-07-30T04:48:10.807Z;1001;inference;Clean_Air;0;97;0;0,019843744;0.004423528;0.005207649;-0.002442388;-0,010063117;-0.012397942;-0.020926308;-0.027101964;Sensor di pegang (Abaikan nilai ini)
2026-07-30T04:48:11.337Z;1001;inference;Clean_Air;0;97;0;0,019843744;0.004423528;0.005207649;-0.002442388;-0,010063117;-0.012397942;-0.020926308;-0.027101964;Sensor di pegang (Abaikan nilai ini)
2026-07-30T04:48:11.806Z;1001;inference;Clean_Air;0;98;0;0,015028407;0.004436138;0.00522561;-0.002397092;-0,010087388;-0.012407335;-0.020927195;-0.027096942;Sensor di pegang (Abaikan nilai ini)
2026-07-30T04:48:12.362Z;1001;inference;Clean_Air;0;98;0;0,0102601;0.004475246;0.005230624;-0.002400776;-0,010070195;-0.012399435;-0.020920862;-0.027098015;Sensor di pegang (Abaikan nilai ini)
2026-07-30T04:48:12.900Z;1001;inference;Clean_Air;0;98;0;0,005853238;0.004472912;0.005237987;-0.002463857;-0,010037474;-0.012420082;-0.020890491;-0.027057368;Sensor di pegang (Abaikan nilai ini)
2026-07-30T04:48:13.286Z;1001;inference;Clean_Air;0;97;0;0,002133947;0.004434328;0.005209352;-0.00247193;-0,010032206;-0.012414567;-0.020886153;-0.027008438;Sensor di pegang (Abaikan nilai ini)
2026-07-30T04:48:13.817Z;1001;inference;Clean_Air;0;97;0;0,002133947;0.004434328;0.005209352;-0.00247193;-0,010032206;-0.012414567;-0.020886153;-0.027008438;Sensor di pegang (Abaikan nilai ini)
2026-07-30T04:48:14.298Z;1001;inference;Clean_Air;0;98;0;-0,000867757;0.00436148;0.005224384;-0.002524956;-0,010021908;-0.012397077;-0.020819128;-0.026989486;
2026-07-30T04:48:14.841Z;1001;inference;Clean_Air;0;98;0;-0,000862769;0.004362279;0.005212148;-0.002556778;-0,010050191;-0.012391175;-0.020848596;-0.026988422;
2026-07-30T04:48:15.376Z;1001;inference;Clean_Air;0;98;0;-0,000871157;0.004379186;0.005227588;-0.002539471;-0,010021633;-0.012386604;-0.020850668;-0.027022904;
2026-07-30T04:48:15.925Z;1001;inference;Clean_Air;0;98;0;-0,000905044;0.004385867;0.00524067;-0.002513065;-0,010015691;-0.012395263;-0.020857532;-0.026954988;Duty Cycle 50%
2026-07-30T04:48:16.403Z;1001;inference;Clean_Air;0;98;0;-0,00091008;0.004388408;0.005220991;-0.002515168;-0,009992668;-0.012380449;-0.020921763;-0.026923979;Duty Cycle 50%
2026-07-30T04:48:16.790Z;1001;inference;Clean_Air;0;98;0;-0,00091008;0.004388408;0.005220991;-0.002515168;-0,009992668;-0.012380449;-0.020921763;-0.026923979;Duty Cycle 50%
2026-07-30T04:48:17.265Z;1001;inference;Clean_Air;0;98;0;-0,00091008;0.004388408;0.005220991;-0.002515168;-0,009992668;-0.012380449;-0.020921763;-0.026923979;Duty Cycle 50%
2026-07-30T04:48:17.786Z;1001;inference;Clean_Air;0;98;0;-0,00091008;0.004388408;0.005220991;-0.002515168;-0,009992668;-0.012380449;-0.020921763;-0.026923979;Duty Cycle 50%
2026-07-30T04:48:18.251Z;1001;inference;Clean_Air;0;98;0;-0,00091008;0.004388408;0.005220991;-0.002515168;-0,009992668;-0.012380449;-0.020921763;-0.026923979;Duty Cycle 50%
2026-07-30T04:48:18.804Z;1001;inference;Clean_Air;0;98;0;-0,000913675;0.004323629;0.005247517;-0.00252327;-0,009985453;-0.012362303;-0.020868856;-0.026941713;Duty Cycle 50%
2026-07-30T04:48:19.341Z;1001;inference;Clean_Air;0;98;0;-0,000936165;0.004333567;0.005222035;-0.002598042;-0,009990293;-0.012336327;-0.020868439;-0.026934212;Duty Cycle 50%
2026-07-30T04:48:19.883Z;1001;inference;Clean_Air;0;97;0;-0,000924481;0.004305824;0.005209632;-0.002581865;-0,009985658;-0.012359056;-0.02084849;-0.026927972;Duty Cycle 50%
2026-07-30T04:48:20.416Z;1001;inference;Clean_Air;0;97;0;-0,000908975;0.004330624;0.005209654;-0.002586927;-0,010005127;-0.012365646;-0.020861659;-0.026948053;
2026-07-30T04:48:20.807Z;1001;inference;Clean_Air;0;98;0;-0,000881838;0.004320445;0.005242416;-0.002626006;-0,010030574;-0.012367195;-0.020879095;-0.026982864;
2026-07-30T04:48:21.339Z;1001;inference;Clean_Air;0;98;0;-0,000881838;0.004320445;0.005242416;-0.002626006;-0,010030574;-0.012367195;-0.020879095;-0.026982864;
2026-07-30T04:48:21.821Z;1001;inference;Clean_Air;0;98;0;-0,00089221;0.004434438;0.005224141;-0.002554342;-0,010072068;-0.012376375;-0.020983947;-0.026994932;
2026-07-30T04:48:22.362Z;1001;inference;Clean_Air;0;98;0;-0,000873157;0.00441922;0.005225813;-0.002497633;-0,010072773;-0.01239711;-0.020960167;-0.027010903;
2026-07-30T04:48:22.897Z;1001;inference;Clean_Air;0;98;0;-0,000853337;0.004416156;0.005226842;-0.002498663;-0,010081606;-0.012450076;-0.020937398;-0.026995841;
2026-07-30T04:48:23.286Z;1001;inference;Clean_Air;0;98;0;-0,000836867;0.004409301;0.005225484;-0.002526014;-0,010097758;-0.012435288;-0.02092878;-0.027050858;
2026-07-30T04:48:23.818Z;1001;inference;Clean_Air;0;98;0;-0,000836867;0.004409301;0.005225484;-0.002526014;-0,010097758;-0.012435288;-0.02092878;-0.027050858;
2026-07-30T04:48:24.295Z;1001;inference;Clean_Air;0;98;0;-0,000868879;0.004405123;0.005268103;-0.002517605;-0,010095922;-0.012360414;-0.020867858;-0.027022559;
2026-07-30T04:48:24.841Z;1001;inference;Clean_Air;0;98;0;-0,000854479;0.004458494;0.005234492;-0.00248105;-0,010106834;-0.01237113;-0.020926736;-0.02699632;
2026-07-30T04:48:25.371Z;1001;inference;Clean_Air;0;98;0;-0,000824259;0.004455795;0.005245101;-0.002465242;-0,010090664;-0.012411128;-0.020874649;-0.026986793;
2026-07-30T04:48:25.921Z;1001;inference;Clean_Air;0;98;0;-0,000832029;0.004455624;0.005254889;-0.002477981;-0,010096746;-0.012414872;-0.020823022;-0.027003784;
2026-07-30T04:48:26.298Z;1001;inference;Clean_Air;0;98;0;-0,000838254;0.004451999;0.005267579;-0.0024626;-0,010091238;-0.012405529;-0.020842772;-0.026985947;
2026-07-30T04:48:26.770Z;1001;inference;Clean_Air;0;98;0;-0,000838254;0.004451999;0.005267579;-0.0024626;-0,010091238;-0.012405529;-0.020842772;-0.026985947;
2026-07-30T04:48:27.315Z;1001;inference;Clean_Air;0;98;0;-0,000885294;0.004453872;0.005290166;-0.002488284;-0,010065665;-0.012404727;-0.020826304;-0.026897814;
2026-07-30T04:48:27.783Z;1001;inference;Clean_Air;0;98;0;-0,000885294;0.004453872;0.005290166;-0.002488284;-0,010065665;-0.012404727;-0.020826304;-0.026897814;
2026-07-30T04:48:28.254Z;1001;inference;Clean_Air;0;98;0;-0,000885294;0.004453872;0.005290166;-0.002488284;-0,010065665;-0.012404727;-0.020826304;-0.026897814;
2026-07-30T04:48:28.755Z;1001;inference;Clean_Air;0;98;0;-0,000885294;0.004453872;0.005290166;-0.002488284;-0,010065665;-0.012404727;-0.020826304;-0.026897814;
2026-07-30T04:48:29.257Z;1001;inference;Clean_Air;0;98;0;-0,000885294;0.004453872;0.005290166;-0.002488284;-0,010065665;-0.012404727;-0.020826304;-0.026897814;
2026-07-30T04:48:29.804Z;1001;inference;Clean_Air;0;98;0;-0,000876381;0.00440744;0.005303499;-0.002543125;-0,010049712;-0.012396073;-0.02079292;-0.026872164;
2026-07-30T04:48:30.336Z;1001;inference;Clean_Air;0;98;0;-0,000896688;0.004343891;0.00525153;-0.002521319;-0,009827841;-0.012074101;-0.020404391;-0.026402783;
2026-07-30T04:48:30.884Z;1001;inference;Clean_Air;0;98;0;-0,000925716;0.004349419;0.005237025;-0.002503256;-0,009824066;-0.012021357;-0.020392407;-0.026412729;
2026-07-30T04:48:31.412Z;1001;inference;Clean_Air;0;97;0;-0,001015112;0.004290057;0.005185776;-0.002469575;-0,009599006;-0.011766221;-0.020046741;-0.025974298;
2026-07-30T04:48:31.807Z;1001;inference;Clean_Air;0;97;0;-0,001010614;0.004311171;0.005193439;-0.0024536;-0,009590449;-0.011846864;-0.020045431;-0.025999486;
2026-07-30T04:48:32.339Z;1001;inference;Clean_Air;0;97;0;-0,001010614;0.004311171;0.005193439;-0.0024536;-0,009590449;-0.011846864;-0.020045431;-0.025999486;
2026-07-30T04:48:32.810Z;1001;inference;Clean_Air;0;97;0;-0,001026673;0.004311531;0.005207594;-0.002531406;-0,009617296;-0.011858171;-0.019924114;-0.026017526;
2026-07-30T04:48:33.363Z;1001;inference;Clean_Air;0;97;0;-0,001038734;0.004255254;0.005133516;-0.002482143;-0,009387956;-0.011569761;-0.019528264;-0.02554599;
2026-07-30T04:48:33.894Z;1001;inference;Clean_Air;0;97;0;-0,001031598;0.004257244;0.005113296;-0.002452951;-0,009383654;-0.0114989;-0.019640729;-0.025536273;
2026-07-30T04:48:34.287Z;1001;inference;Clean_Air;0;97;0;-0,001044302;0.004187732;0.005067061;-0.002431849;-0,009162662;-0.011181625;-0.019240091;-0.025066709;
2026-07-30T04:48:34.818Z;1001;inference;Clean_Air;0;97;0;-0,001044302;0.004187732;0.005067061;-0.002431849;-0,009162662;-0.011181625;-0.019240091;-0.025066709;
2026-07-30T04:48:35.294Z;1001;inference;Clean_Air;0;96;0;-0,001031992;0.004136463;0.004989462;-0.00239;-0,008888672;-0.010855936;-0.018856499;-0.024746519;
2026-07-30T04:48:35.842Z;1001;inference;Clean_Air;0;96;0;-0,001047988;0.004177888;0.00499314;-0.002346693;-0,008899732;-0.010855466;-0.018852768;-0.024790708;
2026-07-30T04:48:36.370Z;1001;inference;Clean_Air;0;97;0;-0,001044427;0.004187691;0.005012608;-0.002358455;-0,008905733;-0.01089467;-0.018844571;-0.024767969;
2026-07-30T04:48:36.926Z;1001;inference;Clean_Air;0;97;0;-0,001029599;0.004180404;0.005036462;-0.002375396;-0,008915489;-0.010925282;-0.018771237;-0.024736898;
2026-07-30T04:48:37.403Z;1001;inference;Clean_Air;0;97;0;-0,000970068;0.004196557;0.004998536;-0.00236731;-0,008914334;-0.010869469;-0.018770862;-0.024726393;
2026-07-30T04:48:37.790Z;1001;inference;Clean_Air;0;97;0;-0,000970068;0.004196557;0.004998536;-0.00236731;-0,008914334;-0.010869469;-0.018770862;-0.024726393;
2026-07-30T04:48:38.255Z;1001;inference;Clean_Air;0;97;0;-0,000970068;0.004196557;0.004998536;-0.00236731;-0,008914334;-0.010869469;-0.018770862;-0.024726393;
2026-07-30T04:48:38.756Z;1001;inference;Clean_Air;0;97;0;-0,000970068;0.004196557;0.004998536;-0.00236731;-0,008914334;-0.010869469;-0.018770862;-0.024726393;
2026-07-30T04:48:39.260Z;1001;inference;Clean_Air;0;97;0;-0,000970068;0.004196557;0.004998536;-0.00236731;-0,008914334;-0.010869469;-0.018770862;-0.024726393;
2026-07-30T04:48:39.805Z;1001;inference;Clean_Air;0;96;0;-0,000953963;0.004164461;0.004983965;-0.002396619;-0,008927879;-0.010856522;-0.018720344;-0.02471805;
2026-07-30T04:48:40.341Z;1001;inference;Clean_Air;0;96;0;-0,000958374;0.004118797;0.004926596;-0.002328557;-0,008683871;-0.010557764;-0.018382363;-0.0242269;
2026-07-30T04:48:40.885Z;1001;inference;Clean_Air;0;97;0;-0,000953568;0.004167295;0.005072217;-0.002409875;-0,008917117;-0.010821307;-0.018856101;-0.024637692;
2026-07-30T04:48:41.421Z;1001;inference;Clean_Air;0;97;0;-0,000969824;0.004105056;0.005040158;-0.002417255;-0,008681516;-0.010669925;-0.018398518;-0.024183659;
2026-07-30T04:48:41.808Z;1001;inference;Clean_Air;0;97;0;-0,000947554;0.004152383;0.005076872;-0.002497547;-0,008889561;-0.010972221;-0.018754544;-0.024657145;
2026-07-30T04:48:42.339Z;1001;inference;Clean_Air;0;97;0;-0,000947554;0.004152383;0.005076872;-0.002497547;-0,008889561;-0.010972221;-0.018754544;-0.024657145;
2026-07-30T04:48:42.818Z;1001;inference;Clean_Air;0;97;0;-0,000938579;0.004216115;0.005115055;-0.002513108;-0,009169176;-0.011293253;-0.019087199;-0.025083343;
2026-07-30T04:48:43.364Z;1001;inference;Clean_Air;0;97;0;-0,000907994;0.00411304;0.00506106;-0.00247762;-0,008885657;-0.011014449;-0.018692788;-0.024578935;
2026-07-30T04:48:43.896Z;1001;inference;Clean_Air;0;97;0;-0,000884292;0.004160652;0.005102259;-0.002512434;-0,009099794;-0.011292265;-0.019130453;-0.025050381;
2026-07-30T04:48:44.287Z;1001;inference;Clean_Air;0;97;0;-0,00089911;0.004099156;0.005055075;-0.00247383;-0,008857432;-0.011015251;-0.018817533;-0.024594281;
2026-07-30T04:48:44.818Z;1001;inference;Clean_Air;0;97;0;-0,00089911;0.004099156;0.005055075;-0.00247383;-0,008857432;-0.011015251;-0.018817533;-0.024594281;
2026-07-30T04:48:45.290Z;1001;inference;Clean_Air;0;97;0;-0,000866222;0.004093838;0.005078673;-0.002473747;-0,008840051;-0.011128569;-0.018762056;-0.024590744;
2026-07-30T04:48:45.843Z;1001;inference;Clean_Air;0;97;0;-0,00086623;0.004152982;0.005065132;-0.002467579;-0,008861199;-0.011117417;-0.018826019;-0.024595583;
2026-07-30T04:48:46.381Z;1001;inference;Clean_Air;0;97;0;-0,000844739;0.004163298;0.005077009;-0.002455978;-0,008862207;-0.011142509;-0.018853156;-0.02460527;
2026-07-30T04:48:46.922Z;1001;inference;Clean_Air;0;97;0;-0,000828625;0.004166734;0.005017479;-0.002422068;-0,008856235;-0.011141019;-0.018816222;-0.024692092;
2026-07-30T04:48:47.298Z;1001;inference;Clean_Air;0;96;0;-0,000834833;0.004156437;0.00498962;-0.002385487;-0,008873643;-0.011066819;-0.018848477;-0.024666818;
2026-07-30T04:48:47.780Z;1001;inference;Clean_Air;0;96;0;-0,000834833;0.004156437;0.00498962;-0.002385487;-0,008873643;-0.011066819;-0.018848477;-0.024666818;
2026-07-30T04:48:48.316Z;1001;inference;Clean_Air;0;96;0;-0,000861653;0.0041115;0.004932706;-0.002299184;-0,008634168;-0.010809415;-0.01847625;-0.02421171;
2026-07-30T04:48:48.783Z;1001;inference;Clean_Air;0;96;0;-0,000861653;0.0041115;0.004932706;-0.002299184;-0,008634168;-0.010809415;-0.01847625;-0.02421171;
2026-07-30T04:48:49.255Z;1001;inference;Clean_Air;0;96;0;-0,000861653;0.0041115;0.004932706;-0.002299184;-0,008634168;-0.010809415;-0.01847625;-0.02421171;
2026-07-30T04:48:49.758Z;1001;inference;Clean_Air;0;96;0;-0,000861653;0.0041115;0.004932706;-0.002299184;-0,008634168;-0.010809415;-0.01847625;-0.02421171;
2026-07-30T04:48:50.259Z;1001;inference;Clean_Air;0;96;0;-0,000861653;0.0041115;0.004932706;-0.002299184;-0,008634168;-0.010809415;-0.01847625;-0.02421171;
2026-07-30T04:48:50.805Z;1001;inference;Clean_Air;0;96;0;-0,000869866;0.004115339;0.004957851;-0.002262937;-0,008631882;-0.010801388;-0.018535541;-0.024180081;
2026-07-30T04:48:51.338Z;1001;inference;Clean_Air;0;96;0;-0,000913877;0.00413944;0.004953654;-0.002270255;-0,008665988;-0.010824465;-0.018537693;-0.024193371;
2026-07-30T04:48:51.884Z;1001;inference;Clean_Air;0;96;0;-0,00090346;0.004121716;0.004936796;-0.002270287;-0,008664274;-0.010843666;-0.018437222;-0.024186997;
2026-07-30T04:48:52.417Z;1001;inference;Clean_Air;0;96;0;-0,000913093;0.004134531;0.004925549;-0.002258793;-0,008674338;-0.010849103;-0.01840852;-0.024201775;
2026-07-30T04:48:52.808Z;1001;inference;Clean_Air;0;96;0;-0,000903842;0.004197415;0.004991672;-0.002225572;-0,00891007;-0.011061932;-0.018729407;-0.024659052;
2026-07-30T04:48:53.340Z;1001;inference;Clean_Air;0;96;0;-0,000903842;0.004197415;0.004991672;-0.002225572;-0,00891007;-0.011061932;-0.018729407;-0.024659052;
2026-07-30T04:48:53.815Z;1001;inference;Clean_Air;0;97;0;-0,000911065;0.004169359;0.005012687;-0.002159122;-0,00889942;-0.011124743;-0.018659391;-0.024662049;
2026-07-30T04:48:54.363Z;1001;inference;Clean_Air;0;97;0;-0,000928953;0.004160049;0.005010449;-0.002173492;-0,008911891;-0.011070462;-0.018652167;-0.024685141;
2026-07-30T04:48:54.899Z;1001;inference;Clean_Air;0;97;0;-0,000943591;0.004161289;0.004995455;-0.002189639;-0,008912697;-0.011063108;-0.018634513;-0.024647061;
2026-07-30T04:48:55.287Z;1001;inference;Clean_Air;0;97;0;-0,000949931;0.004168517;0.005015475;-0.002207293;-0,008895406;-0.011092788;-0.018606391;-0.024658909;
2026-07-30T04:48:55.818Z;1001;inference;Clean_Air;0;97;0;-0,000949931;0.004168517;0.005015475;-0.002207293;-0,008895406;-0.011092788;-0.018606391;-0.024658909;
2026-07-30T04:48:56.296Z;1001;inference;Clean_Air;0;97;0;-0,000956431;0.004177415;0.005011661;-0.002214779;-0,008915797;-0.011078658;-0.01864275;-0.02467091;
2026-07-30T04:48:56.843Z;1001;inference;Clean_Air;0;97;0;-0,000955628;0.004160161;0.004999541;-0.00228089;-0,008905843;-0.011091666;-0.01864076;-0.024658326;
2026-07-30T04:48:57.372Z;1001;inference;Clean_Air;0;96;0;-0,000933876;0.004127296;0.004987282;-0.002286479;-0,008912163;-0.011060679;-0.018631648;-0.024679735;
2026-07-30T04:48:57.926Z;1001;inference;Clean_Air;0;96;0;-0,000975217;0.004139196;0.004993872;-0.002283409;-0,008915836;-0.011038763;-0.018691178;-0.024690861;
2026-07-30T04:48:58.404Z;1001;inference;Clean_Air;0;96;0;-0,000957756;0.004068864;0.004967078;-0.002288186;-0,008911871;-0.011017283;-0.018693566;-0.024694074;
2026-07-30T04:48:58.791Z;1001;inference;Clean_Air;0;96;0;-0,000957756;0.004068864;0.004967078;-0.002288186;-0,008911871;-0.011017283;-0.018693566;-0.024694074;
2026-07-30T04:48:59.260Z;1001;inference;Clean_Air;0;96;0;-0,000957756;0.004068864;0.004967078;-0.002288186;-0,008911871;-0.011017283;-0.018693566;-0.024694074;
2026-07-30T04:48:59.762Z;1001;inference;Clean_Air;0;96;0;-0,000957756;0.004068864;0.004967078;-0.002288186;-0,008911871;-0.011017283;-0.018693566;-0.024694074;
2026-07-30T04:49:00.264Z;1001;inference;Clean_Air;0;96;0;-0,000957756;0.004068864;0.004967078;-0.002288186;-0,008911871;-0.011017283;-0.018693566;-0.024694074;
2026-07-30T04:49:00.805Z;1001;inference;Clean_Air;0;96;0;-0,000990037;0.004056791;0.004959053;-0.002292798;-0,008916883;-0.011002903;-0.018747071;-0.024706552;
2026-07-30T04:49:01.343Z;1001;inference;Clean_Air;0;96;0;-0,001006945;0.003980024;0.004906576;-0.002334687;-0,008689183;-0.010695951;-0.018482765;-0.024236877;
2026-07-30T04:49:01.886Z;1001;inference;Clean_Air;0;96;0;-0,000993887;0.004068526;0.004930307;-0.002345184;-0,008921143;-0.01101303;-0.018914804;-0.024696494;
2026-07-30T04:49:02.420Z;1001;inference;Clean_Air;0;96;0;-0,001012474;0.004012969;0.004865025;-0.002292876;-0,0087494;-0.010738166;-0.018532822;-0.024242925;
2026-07-30T04:49:02.808Z;1001;inference;Clean_Air;0;96;0;-0,001003041;0.00407317;0.004917735;-0.002336063;-0,008993565;-0.010980626;-0.018951217;-0.024697363;
2026-07-30T04:49:03.340Z;1001;inference;Clean_Air;0;96;0;-0,001003041;0.00407317;0.004917735;-0.002336063;-0,008993565;-0.010980626;-0.018951217;-0.024697363;
2026-07-30T04:49:03.821Z;1001;inference;Clean_Air;0;96;0;-0,000958291;0.00411871;0.004972306;-0.002386049;-0,009240622;-0.011268014;-0.019314587;-0.025160804;
2026-07-30T04:49:04.365Z;1001;inference;Clean_Air;0;96;0;-0,000952358;0.004061142;0.004922084;-0.002338068;-0,008998791;-0.010941895;-0.018938266;-0.024698326;
2026-07-30T04:49:04.896Z;1001;inference;Clean_Air;0;97;0;-0,000937854;0.004134442;0.005000805;-0.002368234;-0,009211964;-0.011245347;-0.019370236;-0.025179211;
2026-07-30T04:49:05.289Z;1001;inference;Clean_Air;0;96;0;-0,000931095;0.004079911;0.004957997;-0.002323984;-0,008987064;-0.01093154;-0.018960021;-0.024706176;
2026-07-30T04:49:05.821Z;1001;inference;Clean_Air;0;96;0;-0,000931095;0.004079911;0.004957997;-0.002323984;-0,008987064;-0.01093154;-0.018960021;-0.024706176;
2026-07-30T04:49:06.304Z;1001;inference;Clean_Air;0;96;0;-0,000947502;0.004117958;0.004971355;-0.002316623;-0,008973278;-0.01094936;-0.018947702;-0.024682822;
2026-07-30T04:49:06.844Z;1001;inference;Clean_Air;0;96;0;-0,000926567;0.004107343;0.0049773;-0.002399706;-0,008982247;-0.010997944;-0.018956173;-0.024692757;
2026-07-30T04:49:07.368Z;1001;inference;Clean_Air;0;96;0;-0,000907868;0.00412965;0.004980751;-0.002376361;-0,008975832;-0.011021512;-0.01890187;-0.024688404;
2026-07-30T04:49:07.923Z;1001;inference;Clean_Air;0;97;0;-0,000903356;0.004076518;0.00502111;-0.002401587;-0,008952103;-0.01105884;-0.018865537;-0.024683336;
2026-07-30T04:49:08.299Z;1001;inference;Clean_Air;0;97;0;-0,000891426;0.004080773;0.005029952;-0.002383726;-0,00890167;-0.011063164;-0.018861076;-0.024687951;
2026-07-30T04:49:08.769Z;1001;inference;Clean_Air;0;97;0;-0,000891426;0.004080773;0.005029952;-0.002383726;-0,00890167;-0.011063164;-0.018861076;-0.024687951;
2026-07-30T04:49:09.316Z;1001;inference;Clean_Air;0;96;0;-0,000913199;0.004036563;0.004984017;-0.002333108;-0,008655963;-0.010824239;-0.018452952;-0.024209056;
2026-07-30T04:49:09.784Z;1001;inference;Clean_Air;0;96;0;-0,000913199;0.004036563;0.004984017;-0.002333108;-0,008655963;-0.010824239;-0.018452952;-0.024209056;
2026-07-30T04:49:10.256Z;1001;inference;Clean_Air;0;96;0;-0,000913199;0.004036563;0.004984017;-0.002333108;-0,008655963;-0.010824239;-0.018452952;-0.024209056;
2026-07-30T04:49:10.756Z;1001;inference;Clean_Air;0;96;0;-0,000913199;0.004036563;0.004984017;-0.002333108;-0,008655963;-0.010824239;-0.018452952;-0.024209056;
2026-07-30T04:49:11.271Z;1001;inference;Clean_Air;0;96;0;-0,000913199;0.004036563;0.004984017;-0.002333108;-0,008655963;-0.010824239;-0.018452952;-0.024209056;
2026-07-30T04:49:11.813Z;1001;inference;Clean_Air;0;97;0;-0,000928188;0.004030342;0.005012288;-0.002299776;-0,008664425;-0.010813434;-0.018454652;-0.024184696;
2026-07-30T04:49:12.351Z;1001;inference;Clean_Air;0;97;0;-0,000930577;0.004029629;0.00500227;-0.002313933;-0,008675178;-0.010869059;-0.018463604;-0.024216009;
2026-07-30T04:49:12.894Z;1001;inference;Clean_Air;0;96;0;-0,000925646;0.004036304;0.004979168;-0.002365063;-0,00868511;-0.010852866;-0.01842542;-0.024183165;
2026-07-30T04:49:13.433Z;1001;inference;Clean_Air;0;96;0;-0,000954335;0.004054819;0.004975981;-0.002356017;-0,008643432;-0.010899788;-0.018450668;-0.024189085;
2026-07-30T04:49:13.817Z;1001;inference;Clean_Air;0;97;0;-0,000953248;0.004123121;0.005033648;-0.002418835;-0,008894085;-0.011149539;-0.018873896;-0.024678867;
2026-07-30T04:49:14.348Z;1001;inference;Clean_Air;0;97;0;-0,000953248;0.004123121;0.005033648;-0.002418835;-0,008894085;-0.011149539;-0.018873896;-0.024678867;
2026-07-30T04:49:14.828Z;1001;inference;Clean_Air;0;97;0;-0,000959345;0.004147966;0.005025468;-0.002331699;-0,008881865;-0.011094751;-0.018910175;-0.024674099;
2026-07-30T04:49:15.373Z;1001;inference;Clean_Air;0;97;0;-0,000963963;0.004135053;0.005022556;-0.002350215;-0,008901197;-0.011062074;-0.01896253;-0.024664199;
2026-07-30T04:49:15.909Z;1001;inference;Clean_Air;0;97;0;-0,000953229;0.004177928;0.005003086;-0.00233579;-0,008907217;-0.011034388;-0.018928709;-0.024688134;
2026-07-30T04:49:16.296Z;1001;inference;Clean_Air;0;97;0;-0,000970107;0.004154685;0.004999925;-0.002348642;-0,008898556;-0.011055707;-0.018946964;-0.024672106;
2026-07-30T04:49:16.827Z;1001;inference;Clean_Air;0;97;0;-0,000970107;0.004154685;0.004999925;-0.002348642;-0,008898556;-0.011055707;-0.018946964;-0.024672106;
2026-07-30T04:49:17.307Z;1001;inference;Clean_Air;0;96;0;-0,000944796;0.004136695;0.004988884;-0.002356729;-0,008953934;-0.011042131;-0.018954752;-0.024697844;
2026-07-30T04:49:17.852Z;1001;inference;Clean_Air;0;96;0;-0,00098656;0.004141429;0.004968251;-0.002384159;-0,00893726;-0.010976744;-0.018959928;-0.024703916;
2026-07-30T04:49:18.386Z;1001;inference;Clean_Air;0;96;0;-0,000990364;0.004138997;0.004970373;-0.002382082;-0,008939438;-0.010991018;-0.018936563;-0.024655651;
2026-07-30T04:49:18.775Z;1001;inference;Clean_Air;0;97;0;-0,00100777;0.004116753;0.005002363;-0.002329157;-0,008945151;-0.010987302;-0.018945144;-0.02466758;
2026-07-30T04:49:19.412Z;1001;inference;Clean_Air;0;97;0;-0,00100777;0.004116753;0.005002363;-0.002329157;-0,008945151;-0.010987302;-0.018945144;-0.02466758;
2026-07-30T04:49:19.789Z;1001;inference;Clean_Air;0;97;0;-0,000995941;0.004108626;0.005062334;-0.002395004;-0,009210591;-0.011268745;-0.019324603;-0.025138387;
2026-07-30T04:49:20.254Z;1001;inference;Clean_Air;0;97;0;-0,000995941;0.004108626;0.005062334;-0.002395004;-0,009210591;-0.011268745;-0.019324603;-0.025138387;
2026-07-30T04:49:20.753Z;1001;inference;Clean_Air;0;97;0;-0,000995941;0.004108626;0.005062334;-0.002395004;-0,009210591;-0.011268745;-0.019324603;-0.025138387;
2026-07-30T04:49:21.254Z;1001;inference;Clean_Air;0;97;0;-0,000995941;0.004108626;0.005062334;-0.002395004;-0,009210591;-0.011268745;-0.019324603;-0.025138387;
2026-07-30T04:49:21.756Z;1001;inference;Clean_Air;0;97;0;-0,000995941;0.004108626;0.005062334;-0.002395004;-0,009210591;-0.011268745;-0.019324603;-0.025138387;
2026-07-30T04:49:22.306Z;1001;inference;Clean_Air;0;96;0;-0,000983054;0.004085705;0.00499719;-0.002347776;-0,00897964;-0.010995707;-0.018909778;-0.02464598;
2026-07-30T04:49:22.840Z;1001;inference;Clean_Air;0;97;0;-0,00096049;0.004058968;0.005006199;-0.002422499;-0,008988904;-0.011007831;-0.018881798;-0.024634955;
2026-07-30T04:49:23.386Z;1001;inference;Clean_Air;0;97;0;-0,000964422;0.003992447;0.005020265;-0.002399317;-0,008953153;-0.011069275;-0.01883712;-0.02464916;
2026-07-30T04:49:23.917Z;1001;inference;Clean_Air;0;97;0;-0,000987191;0.00396274;0.005032767;-0.002397218;-0,008939928;-0.010990803;-0.018852096;-0.024624411;
2026-07-30T04:49:24.309Z;1001;inference;Clean_Air;0;97;0;-0,000972382;0.003984482;0.005055126;-0.002412509;-0,008933824;-0.010977218;-0.018820832;-0.024639206;
2026-07-30T04:49:24.840Z;1001;inference;Clean_Air;0;97;0;-0,000972382;0.003984482;0.005055126;-0.002412509;-0,008933824;-0.010977218;-0.018820832;-0.024639206;
2026-07-30T04:49:25.320Z;1001;inference;Clean_Air;0;97;0;-0,000966673;0.003999049;0.005035797;-0.002412224;-0,008891517;-0.010964824;-0.018886939;-0.024624461;
2026-07-30T04:49:25.865Z;1001;inference;Clean_Air;0;97;0;-0,00089696;0.004009889;0.005038238;-0.002337558;-0,008912393;-0.011032503;-0.018913005;-0.024644259;
2026-07-30T04:49:26.390Z;1001;inference;Clean_Air;0;97;0;-0,00088711;0.004012185;0.005108394;-0.002359567;-0,009149695;-0.011280818;-0.019256454;-0.025125507;
2026-07-30T04:49:26.788Z;1001;inference;Clean_Air;0;97;0;-0,000865345;0.004016017;0.005070099;-0.002366734;-0,009171653;-0.011267412;-0.019258846;-0.025103968;
2026-07-30T04:49:27.319Z;1001;inference;Clean_Air;0;97;0;-0,000865345;0.004016017;0.005070099;-0.002366734;-0,009171653;-0.011267412;-0.019258846;-0.025103968;
2026-07-30T04:49:27.802Z;1001;inference;Clean_Air;0;97;0;-0,000833752;0.004109713;0.005047956;-0.002282458;-0,009178957;-0.011244507;-0.019316509;-0.025124127;
2026-07-30T04:49:28.344Z;1001;inference;Clean_Air;0;97;0;-0,000848581;0.00419239;0.005118936;-0.002249197;-0,009410265;-0.01152238;-0.019731158;-0.025624638;
2026-07-30T04:49:28.880Z;1001;inference;Clean_Air;0;97;0;-0,000875052;0.004196556;0.005120295;-0.002287429;-0,009406367;-0.01153142;-0.019730315;-0.025632715;
2026-07-30T04:49:29.427Z;1001;inference;Clean_Air;0;97;0;-0,000861881;0.004322652;0.005138163;-0.002343373;-0,009680077;-0.0117437;-0.020096462;-0.026117941;
2026-07-30T04:49:29.905Z;1001;inference;Clean_Air;0;97;0;-0,000862047;0.004334223;0.005136271;-0.002324018;-0,009680691;-0.01181751;-0.020050362;-0.026108671;
2026-07-30T04:49:30.287Z;1001;inference;Clean_Air;0;97;0;-0,000862047;0.004334223;0.005136271;-0.002324018;-0,009680691;-0.01181751;-0.020050362;-0.026108671;
2026-07-30T04:49:30.754Z;1001;inference;Clean_Air;0;97;0;-0,000862047;0.004334223;0.005136271;-0.002324018;-0,009680691;-0.01181751;-0.020050362;-0.026108671;
2026-07-30T04:49:31.255Z;1001;inference;Clean_Air;0;97;0;-0,000862047;0.004334223;0.005136271;-0.002324018;-0,009680691;-0.01181751;-0.020050362;-0.026108671;
2026-07-30T04:49:31.757Z;1001;inference;Clean_Air;0;97;0;-0,000862047;0.004334223;0.005136271;-0.002324018;-0,009680691;-0.01181751;-0.020050362;-0.026108671;
2026-07-30T04:49:32.306Z;1001;inference;Clean_Air;0;97;0;-0,000856106;0.004391748;0.005186717;-0.002330827;-0,009932039;-0.012064489;-0.020471741;-0.026575303;
2026-07-30T04:49:32.836Z;1001;inference;Clean_Air;0;98;0;-0,000862462;0.004425008;0.005273327;-0.002367526;-0,010163535;-0.012357546;-0.020806385;-0.027053976;
2026-07-30T04:49:33.387Z;1001;inference;Clean_Air;0;98;0;-0,000896208;0.004402236;0.005258155;-0.002453962;-0,010149597;-0.012363395;-0.020714175;-0.027030047;
2026-07-30T04:49:33.915Z;1001;inference;Clean_Air;0;98;0;-0,000894046;0.004465668;0.005215364;-0.002448352;-0,010160415;-0.012368359;-0.020762542;-0.027024796;
2026-07-30T04:49:34.310Z;1001;inference;Clean_Air;0;98;0;-0,000915095;0.004481836;0.00523164;-0.002452291;-0,010131973;-0.012359574;-0.020738518;-0.027041987;
2026-07-30T04:49:34.843Z;1001;inference;Clean_Air;0;98;0;-0,000915095;0.004481836;0.00523164;-0.002452291;-0,010131973;-0.012359574;-0.020738518;-0.027041987;
2026-07-30T04:49:35.327Z;1001;inference;Clean_Air;0;98;0;-0,000917024;0.004462096;0.005237709;-0.002516128;-0,010127575;-0.012377145;-0.020703804;-0.027009597;
2026-07-30T04:49:35.865Z;1001;inference;Clean_Air;0;98;0;-0,000902912;0.004415649;0.00523317;-0.002599385;-0,010136684;-0.012382901;-0.020699307;-0.026999244;
2026-07-30T04:49:36.391Z;1001;inference;Clean_Air;0;97;0;-0,000434324;0.004432845;0.005197191;-0.002576977;-0,010141618;-0.01236802;-0.020713313;-0.026990827;
2026-07-30T04:49:36.789Z;1001;inference;Clean_Air;0;97;0;0,000197508;0.004471513;0.00520988;-0.002590437;-0,010111088;-0.012302622;-0.020732824;-0.026970029;
2026-07-30T04:49:37.321Z;1001;inference;Clean_Air;0;97;0;0,000197508;0.004471513;0.00520988;-0.002590437;-0,010111088;-0.012302622;-0.020732824;-0.026970029;
2026-07-30T04:49:37.805Z;1001;inference;Clean_Air;0;97;0;0,002107744;0.004453238;0.005194603;-0.002604572;-0,010144124;-0.012295857;-0.020772733;-0.026990388;
2026-07-30T04:49:38.344Z;1001;inference;Clean_Air;0;97;0;0,004276941;0.004449327;0.005190611;-0.002622362;-0,010142734;-0.012328891;-0.020776542;-0.026998213;
2026-07-30T04:49:38.880Z;1001;inference;Clean_Air;0;97;0;0,00682127;0.004452242;0.005181035;-0.00264032;-0,010134388;-0.012354391;-0.020775149;-0.027011212;
2026-07-30T04:49:39.424Z;1001;inference;Clean_Air;0;97;0;0,009788747;0.004470874;0.005190003;-0.00266733;-0,010146769;-0.012336748;-0.020837501;-0.027028343;
2026-07-30T04:49:39.799Z;1001;inference;Clean_Air;0;98;0;0,012884396;0.004468891;0.005219526;-0.002701625;-0,010138899;-0.012343571;-0.020842178;-0.027048931;
2026-07-30T04:49:40.279Z;1001;inference;Clean_Air;0;98;0;0,012884396;0.004468891;0.005219526;-0.002701625;-0,010138899;-0.012343571;-0.020842178;-0.027048931;
2026-07-30T04:49:40.819Z;1001;inference;Clean_Air;0;98;0;0,016390672;0.004460254;0.005220687;-0.002673649;-0,01013534;-0.012343922;-0.020868853;-0.027039457;
2026-07-30T04:49:41.281Z;1001;inference;Clean_Air;0;98;0;0,016390672;0.004460254;0.005220687;-0.002673649;-0,01013534;-0.012343922;-0.020868853;-0.027039457;
2026-07-30T04:49:41.754Z;1001;inference;Clean_Air;0;98;0;0,016390672;0.004460254;0.005220687;-0.002673649;-0,01013534;-0.012343922;-0.020868853;-0.027039457;
2026-07-30T04:49:42.258Z;1001;inference;Clean_Air;0;98;0;0,016390672;0.004460254;0.005220687;-0.002673649;-0,01013534;-0.012343922;-0.020868853;-0.027039457;
2026-07-30T04:49:42.760Z;1001;inference;Clean_Air;0;98;0;0,016390672;0.004460254;0.005220687;-0.002673649;-0,01013534;-0.012343922;-0.020868853;-0.027039457;
2026-07-30T04:49:43.307Z;1001;inference;Clean_Air;0;97;0;0,020098308;0.00443486;0.005207309;-0.00269397;-0,010151034;-0.012344884;-0.02083529;-0.027062606;
2026-07-30T04:49:43.839Z;1001;inference;Clean_Air;0;97;0;0,023452666;0.004442731;0.00520469;-0.002676705;-0,010146155;-0.012364412;-0.020841079;-0.027059531;
2026-07-30T04:49:44.387Z;1001;inference;Clean_Air;0;98;0;0,027090514;0.004424539;0.005252129;-0.002656244;-0,010129591;-0.012387985;-0.02080797;-0.02698575;
2026-07-30T04:49:44.922Z;1001;inference;Clean_Air;0;98;0;0,029729178;0.004410982;0.005239233;-0.002651167;-0,01014809;-0.012492765;-0.020819932;-0.027000394;
2026-07-30T04:49:45.309Z;1001;inference;Clean_Air;0;98;0;0,031112943;0.004417192;0.005243299;-0.00265534;-0,010118884;-0.012479223;-0.020850873;-0.026976366;
2026-07-30T04:49:45.841Z;1001;inference;Clean_Air;0;98;0;0,031112943;0.004417192;0.005243299;-0.00265534;-0,010118884;-0.012479223;-0.020850873;-0.026976366;
2026-07-30T04:49:46.322Z;1001;inference;Clean_Air;0;98;0;0,032693472;0.004340624;0.005225983;-0.002695855;-0,010134978;-0.012477008;-0.020841571;-0.026963687;
2026-07-30T04:49:46.866Z;1001;inference;Clean_Air;0;97;0;0,033969879;0.004351249;0.00520141;-0.002672767;-0,010143298;-0.01245629;-0.020856773;-0.026871974;
2026-07-30T04:49:47.402Z;1001;inference;Clean_Air;0;98;0;0,035310663;0.004358722;0.005280849;-0.002601975;-0,010143852;-0.012473064;-0.020805877;-0.026866168;
2026-07-30T04:49:47.788Z;1001;inference;Clean_Air;0;98;0;0,035606809;0.004357354;0.005297159;-0.002566789;-0,010142844;-0.012475295;-0.020791972;-0.026889835;
2026-07-30T04:49:48.320Z;1001;inference;Clean_Air;0;98;0;0,035606809;0.004357354;0.005297159;-0.002566789;-0,010142844;-0.012475295;-0.020791972;-0.026889835;
2026-07-30T04:49:48.798Z;1001;inference;Clean_Air;0;98;0;0,036285363;0.004289469;0.005283824;-0.002599532;-0,010171672;-0.012531819;-0.020767117;-0.026879802;
2026-07-30T04:49:49.345Z;1001;inference;Clean_Air;0;98;0;0,036752254;0.004303165;0.005287795;-0.002584992;-0,01014653;-0.012530431;-0.020786399;-0.02689614;
2026-07-30T04:49:49.878Z;1001;inference;Clean_Air;0;98;0;0,037690438;0.004315771;0.005283413;-0.002633067;-0,010150868;-0.012508869;-0.02071129;-0.026900709;
2026-07-30T04:49:50.432Z;1001;inference;Clean_Air;0;98;0;0,037055168;0.004321268;0.005243525;-0.002649418;-0,010161588;-0.012506018;-0.0206712;-0.02695933;
2026-07-30T04:49:50.909Z;1001;inference;Clean_Air;0;98;0;0,036947243;0.004287178;0.00526664;-0.002631496;-0,010152457;-0.012477966;-0.020658845;-0.026944259;
2026-07-30T04:49:51.291Z;1001;inference;Clean_Air;0;98;0;0,036947243;0.004287178;0.00526664;-0.002631496;-0,010152457;-0.012477966;-0.020658845;-0.026944259;
2026-07-30T04:49:51.769Z;1001;inference;Clean_Air;0;98;0;0,036947243;0.004287178;0.00526664;-0.002631496;-0,010152457;-0.012477966;-0.020658845;-0.026944259;
2026-07-30T04:49:52.251Z;1001;inference;Clean_Air;0;98;0;0,036947243;0.004287178;0.00526664;-0.002631496;-0,010152457;-0.012477966;-0.020658845;-0.026944259;
2026-07-30T04:49:52.754Z;1001;inference;Clean_Air;0;98;0;0,036947243;0.004287178;0.00526664;-0.002631496;-0,010152457;-0.012477966;-0.020658845;-0.026944259;
2026-07-30T04:49:53.311Z;1001;inference;Clean_Air;0;98;0;0,037024207;0.004278683;0.005251888;-0.002621957;-0,010168501;-0.012507744;-0.020633977;-0.026959065;
2026-07-30T04:49:53.849Z;1001;inference;Clean_Air;0;98;0;0,036862072;0.004343697;0.005262165;-0.002577091;-0,010139869;-0.012503512;-0.020674787;-0.026976338;
2026-07-30T04:49:54.391Z;1001;inference;Clean_Air;0;98;0;0,036081634;0.004341563;0.005260805;-0.002579987;-0,010138892;-0.01250919;-0.020682255;-0.027066836;
2026-07-30T04:49:54.916Z;1001;inference;Clean_Air;0;97;0;0,03525481;0.004264757;0.005182264;-0.002604256;-0,010123143;-0.012512231;-0.020737294;-0.027102232;
2026-07-30T04:49:55.315Z;1001;inference;Clean_Air;0;97;0;0,035880066;0.004309682;0.005188725;-0.002618719;-0,01012858;-0.012489513;-0.020743258;-0.027098328;
2026-07-30T04:49:55.848Z;1001;inference;Clean_Air;0;97;0;0,035880066;0.004309682;0.005188725;-0.002618719;-0,01012858;-0.012489513;-0.020743258;-0.027098328;
2026-07-30T04:49:56.325Z;1001;inference;Clean_Air;0;97;0;0,034704708;0.004366468;0.005190509;-0.002595085;-0,010108593;-0.01246774;-0.020760542;-0.027125895;
2026-07-30T04:49:56.873Z;1001;inference;Clean_Air;0;97;0;0,034103811;0.004345388;0.005179734;-0.002586082;-0,010117723;-0.012465416;-0.020765306;-0.027093047;
2026-07-30T04:49:57.402Z;1001;inference;Clean_Air;0;97;0;0,033033825;0.004330324;0.005162528;-0.002535646;-0,010108039;-0.012497859;-0.020833161;-0.027069449;
2026-07-30T04:49:57.798Z;1001;inference;Clean_Air;0;97;0;0,033386137;0.004318989;0.005184044;-0.002553091;-0,010126567;-0.012497926;-0.020877082;-0.027101746;
2026-07-30T04:49:58.332Z;1001;inference;Clean_Air;0;97;0;0,033386137;0.004318989;0.005184044;-0.002553091;-0,010126567;-0.012497926;-0.020877082;-0.027101746;
2026-07-30T04:49:58.813Z;1001;inference;Clean_Air;0;97;0;0,033019584;0.004311947;0.005189438;-0.002567991;-0,01011928;-0.012485752;-0.020881945;-0.02711086;
2026-07-30T04:49:59.357Z;1001;inference;Clean_Air;0;97;0;0,033399004;0.004327638;0.005206765;-0.002579588;-0,010118691;-0.01245944;-0.020899143;-0.027128378;
2026-07-30T04:49:59.891Z;1001;inference;Clean_Air;0;97;0;0,032494009;0.004330278;0.005205371;-0.002569237;-0,010131223;-0.012454092;-0.020871619;-0.027140528;
2026-07-30T04:50:00.281Z;1001;inference;Clean_Air;0;97;0;0,032869209;0.004324839;0.005201398;-0.002578912;-0,01012858;-0.012429637;-0.020845747;-0.027112082;
2026-07-30T04:50:00.921Z;1001;inference;Clean_Air;0;97;0;0,032869209;0.004324839;0.005201398;-0.002578912;-0,01012858;-0.012429637;-0.020845747;-0.027112082;
2026-07-30T04:50:01.288Z;1001;inference;Clean_Air;0;98;0;0,0317358;0.004398907;0.005234086;-0.002572737;-0,010168443;-0.012435623;-0.020862598;-0.02707988;
2026-07-30T04:50:01.750Z;1001;inference;Clean_Air;0;98;0;0,0317358;0.004398907;0.005234086;-0.002572737;-0,010168443;-0.012435623;-0.020862598;-0.02707988;
2026-07-30T04:50:02.253Z;1001;inference;Clean_Air;0;98;0;0,0317358;0.004398907;0.005234086;-0.002572737;-0,010168443;-0.012435623;-0.020862598;-0.02707988;
2026-07-30T04:50:02.756Z;1001;inference;Clean_Air;0;98;0;0,0317358;0.004398907;0.005234086;-0.002572737;-0,010168443;-0.012435623;-0.020862598;-0.02707988;
2026-07-30T04:50:03.258Z;1001;inference;Clean_Air;0;98;0;0,0317358;0.004398907;0.005234086;-0.002572737;-0,010168443;-0.012435623;-0.020862598;-0.02707988;
2026-07-30T04:50:03.803Z;1001;inference;Clean_Air;0;97;0;0,030039722;0.004364775;0.005206734;-0.002580672;-0,010153843;-0.012450341;-0.020885443;-0.027074272;
2026-07-30T04:50:04.340Z;1001;inference;Clean_Air;0;98;0;0,02894026;0.004390925;0.005218436;-0.002600829;-0,010143748;-0.012449233;-0.020894283;-0.027087513;
2026-07-30T04:50:04.883Z;1001;inference;Clean_Air;0;98;0;0,027435208;0.004392684;0.005243056;-0.002595386;-0,010124858;-0.012445763;-0.02091198;-0.027082276;
2026-07-30T04:50:05.410Z;1001;inference;Clean_Air;0;98;0;0,026296601;0.004384302;0.005264726;-0.002529109;-0,010106357;-0.01241469;-0.020915883;-0.027089339;
2026-07-30T04:50:05.807Z;1001;inference;Clean_Air;0;98;0;0,024907637;0.004383521;0.005268645;-0.002508204;-0,010102376;-0.012409958;-0.020975752;-0.027080681;
2026-07-30T04:50:06.341Z;1001;inference;Clean_Air;0;98;0;0,024907637;0.004383521;0.005268645;-0.002508204;-0,010102376;-0.012409958;-0.020975752;-0.027080681;
2026-07-30T04:50:06.824Z;1001;inference;Clean_Air;0;98;0;0,024391767;0.004369418;0.005246204;-0.002481685;-0,010102454;-0.012431446;-0.020965686;-0.027078873;
2026-07-30T04:50:07.365Z;1001;inference;Clean_Air;0;98;0;0,023657611;0.004362541;0.00524101;-0.002482359;-0,010106862;-0.012435265;-0.02095413;-0.027071718;
2026-07-30T04:50:07.899Z;1001;inference;Clean_Air;0;98;0;0,022996016;0.004414526;0.005233708;-0.002495171;-0,010081684;-0.012454066;-0.020947356;-0.027047317;
2026-07-30T04:50:08.290Z;1001;inference;Clean_Air;0;98;0;0,022460062;0.004427317;0.005259451;-0.002490205;-0,010081204;-0.012455313;-0.020978097;-0.027099138;
2026-07-30T04:50:08.820Z;1001;inference;Clean_Air;0;98;0;0,022460062;0.004427317;0.005259451;-0.002490205;-0,010081204;-0.012455313;-0.020978097;-0.027099138;
2026-07-30T04:50:09.296Z;1001;inference;Clean_Air;0;97;0;0,022256974;0.004406208;0.00520186;-0.002501732;-0,010024973;-0.012444993;-0.020978976;-0.027084202;
2026-07-30T04:50:09.845Z;1001;inference;Clean_Air;0;97;0;0,022072438;0.004328467;0.005203817;-0.002453677;-0,010044919;-0.012454492;-0.020953109;-0.027069608;
2026-07-30T04:50:10.377Z;1001;inference;Clean_Air;0;97;0;0,021932134;0.004309624;0.005181172;-0.002492606;-0,010047756;-0.012446776;-0.020973435;-0.027032182;
2026-07-30T04:50:10.921Z;1001;inference;Clean_Air;0;97;0;0,022599544;0.004319982;0.00517122;-0.00244261;-0,010086863;-0.012455146;-0.02094445;-0.02704728;
2026-07-30T04:50:11.399Z;1001;inference;Clean_Air;0;97;0;0,022551397;0.00425622;0.005157031;-0.002537526;-0,010110369;-0.012447264;-0.020959007;-0.0270657;
2026-07-30T04:50:11.791Z;1001;inference;Clean_Air;0;97;0;0,022551397;0.00425622;0.005157031;-0.002537526;-0,010110369;-0.012447264;-0.020959007;-0.0270657;
2026-07-30T04:50:12.256Z;1001;inference;Clean_Air;0;97;0;0,022551397;0.00425622;0.005157031;-0.002537526;-0,010110369;-0.012447264;-0.020959007;-0.0270657;
2026-07-30T04:50:12.760Z;1001;inference;Clean_Air;0;97;0;0,022551397;0.00425622;0.005157031;-0.002537526;-0,010110369;-0.012447264;-0.020959007;-0.0270657;
2026-07-30T04:50:13.261Z;1001;inference;Clean_Air;0;97;0;0,022551397;0.00425622;0.005157031;-0.002537526;-0,010110369;-0.012447264;-0.020959007;-0.0270657;
2026-07-30T04:50:13.804Z;1001;inference;Clean_Air;0;97;0;0,021184366;0.004275011;0.005172266;-0.002537015;-0,010107947;-0.012436615;-0.020913836;-0.027056059;
2026-07-30T04:50:14.341Z;1001;inference;Clean_Air;0;97;0;0,020079032;0.004284625;0.005178437;-0.002548591;-0,010105558;-0.012428907;-0.020842714;-0.027043924;
2026-07-30T04:50:14.883Z;1001;inference;Clean_Air;0;97;0;0,019154977;0.004285661;0.005186058;-0.002542878;-0,01008551;-0.012408374;-0.020846505;-0.027042266;
2026-07-30T04:50:15.421Z;1001;inference;Clean_Air;0;97;0;0,018223267;0.00424109;0.00518095;-0.002534035;-0,010108767;-0.012396315;-0.020871783;-0.027048236;
2026-07-30T04:50:15.806Z;1001;inference;Clean_Air;0;97;0;0,016259084;0.004184458;0.005188924;-0.002527162;-0,010124773;-0.012399225;-0.020822521;-0.027025703;
2026-07-30T04:50:16.339Z;1001;inference;Clean_Air;0;97;0;0,016259084;0.004184458;0.005188924;-0.002527162;-0,010124773;-0.012399225;-0.020822521;-0.027025703;
2026-07-30T04:50:16.810Z;1001;inference;Clean_Air;0;97;0;0,016152589;0.004214007;0.00520918;-0.002523581;-0,010153197;-0.012396488;-0.020791903;-0.027044997;
2026-07-30T04:50:17.362Z;1001;inference;Clean_Air;0;97;0;0,014806719;0.004304317;0.005189801;-0.00255877;-0,01012554;-0.01239262;-0.020806391;-0.027032465;
2026-07-30T04:50:17.890Z;1001;inference;Clean_Air;0;97;0;0,015196532;0.00424103;0.005203499;-0.002494417;-0,010138511;-0.012404261;-0.020777784;-0.027030816;
2026-07-30T04:50:18.286Z;1001;inference;Clean_Air;0;97;0;0,014597858;0.004247728;0.005199573;-0.002563666;-0,010129171;-0.012389185;-0.020799482;-0.027008343;
2026-07-30T04:50:18.818Z;1001;inference;Clean_Air;0;97;0;0,014597858;0.004247728;0.005199573;-0.002563666;-0,010129171;-0.012389185;-0.020799482;-0.027008343;
2026-07-30T04:50:19.290Z;1001;inference;Clean_Air;0;97;0;0,014320223;0.004252496;0.005201402;-0.002536284;-0,010126208;-0.012392452;-0.020774102;-0.027026722;
2026-07-30T04:50:19.841Z;1001;inference;Clean_Air;0;97;0;0,014631415;0.0042414;0.005200297;-0.002527054;-0,01008587;-0.012383858;-0.020778995;-0.027046353;
2026-07-30T04:50:20.366Z;1001;inference;Clean_Air;0;97;0;0,015408474;0.004251718;0.005184631;-0.002533187;-0,01006934;-0.012367724;-0.020835152;-0.027050029;
2026-07-30T04:50:20.925Z;1001;inference;Clean_Air;0;97;0;0,015434551;0.00422976;0.005192666;-0.002562089;-0,010091914;-0.012402818;-0.020850636;-0.027042707;
2026-07-30T04:50:21.403Z;1001;inference;Clean_Air;0;97;0;0,015198062;0.004235732;0.005191614;-0.002566399;-0,010101316;-0.012419022;-0.020751033;-0.027035117;
2026-07-30T04:50:21.790Z;1001;inference;Clean_Air;0;97;0;0,015198062;0.004235732;0.005191614;-0.002566399;-0,010101316;-0.012419022;-0.020751033;-0.027035117;
2026-07-30T04:50:22.255Z;1001;inference;Clean_Air;0;97;0;0,015198062;0.004235732;0.005191614;-0.002566399;-0,010101316;-0.012419022;-0.020751033;-0.027035117;
2026-07-30T04:50:22.756Z;1001;inference;Clean_Air;0;97;0;0,015198062;0.004235732;0.005191614;-0.002566399;-0,010101316;-0.012419022;-0.020751033;-0.027035117;
2026-07-30T04:50:23.258Z;1001;inference;Clean_Air;0;97;0;0,015198062;0.004235732;0.005191614;-0.002566399;-0,010101316;-0.012419022;-0.020751033;-0.027035117;
2026-07-30T04:50:23.804Z;1001;inference;Clean_Air;0;97;0;0,015090724;0.00427842;0.00517434;-0.002576713;-0,010112885;-0.012416262;-0.020773247;-0.027016124;
2026-07-30T04:50:24.342Z;1001;inference;Clean_Air;0;97;0;0,013520993;0.004198535;0.005178131;-0.002574146;-0,010087699;-0.012432173;-0.020786569;-0.027000982;
2026-07-30T04:50:24.884Z;1001;inference;Clean_Air;0;97;0;0,013191121;0.004171503;0.005195934;-0.002567995;-0,010113833;-0.012434138;-0.020795086;-0.027010793;
2026-07-30T04:50:25.421Z;1001;inference;Clean_Air;0;97;0;0,012665981;0.004215449;0.00520444;-0.002589547;-0,010094529;-0.012408645;-0.020802556;-0.027012164;
2026-07-30T04:50:25.807Z;1001;inference;Clean_Air;0;98;0;0,010874928;0.004255333;0.005224145;-0.002626369;-0,010078036;-0.012420726;-0.02080619;-0.027050126;
2026-07-30T04:50:26.339Z;1001;inference;Clean_Air;0;98;0;0,010874928;0.004255333;0.005224145;-0.002626369;-0,010078036;-0.012420726;-0.02080619;-0.027050126;
2026-07-30T04:50:26.819Z;1001;inference;Clean_Air;0;98;0;0,009449972;0.004331801;0.005234361;-0.002641146;-0,010076517;-0.012424096;-0.020746045;-0.02702665;
2026-07-30T04:50:27.363Z;1001;inference;Clean_Air;0;98;0;0,008495472;0.00434422;0.005217088;-0.002639102;-0,010101763;-0.012434881;-0.020789383;-0.027018171;
2026-07-30T04:50:27.889Z;1001;inference;Clean_Air;0;98;0;0,007167366;0.004362099;0.005234541;-0.002657949;-0,010135039;-0.01245839;-0.020788372;-0.027004877;
2026-07-30T04:50:28.286Z;1001;inference;Clean_Air;0;98;0;0,006297302;0.00442542;0.005239846;-0.002635134;-0,010128809;-0.012449414;-0.020790333;-0.026979452;
2026-07-30T04:50:28.818Z;1001;inference;Clean_Air;0;98;0;0,006297302;0.00442542;0.005239846;-0.002635134;-0,010128809;-0.012449414;-0.020790333;-0.026979452;
2026-07-30T04:50:29.301Z;1001;inference;Clean_Air;0;98;0;0,005634105;0.004418637;0.005243246;-0.002613521;-0,010112282;-0.012439455;-0.020902816;-0.026992271;
2026-07-30T04:50:29.843Z;1001;inference;Clean_Air;0;98;0;0,006066987;0.004466643;0.005253703;-0.002600465;-0,010082064;-0.012449203;-0.020904535;-0.027008161;
2026-07-30T04:50:30.368Z;1001;inference;Clean_Air;0;98;0;0,006744427;0.004530949;0.00527715;-0.002582008;-0,010099274;-0.012432829;-0.020907752;-0.027028313;
2026-07-30T04:50:30.922Z;1001;inference;Clean_Air;0;98;0;0,007674521;0.004513228;0.005296452;-0.002578064;-0,010096569;-0.012432033;-0.020897387;-0.02703377;
2026-07-30T04:50:31.298Z;1001;inference;Clean_Air;0;98;0;0,006142509;0.004472503;0.005276781;-0.002584639;-0,010100508;-0.01245269;-0.020825716;-0.027038351;
2026-07-30T04:50:31.767Z;1001;inference;Clean_Air;0;98;0;0,006142509;0.004472503;0.005276781;-0.002584639;-0,010100508;-0.01245269;-0.020825716;-0.027038351;
2026-07-30T04:50:32.315Z;1001;inference;Clean_Air;0;98;0;0,006035803;0.004433177;0.005283826;-0.002559795;-0,010086261;-0.012435814;-0.020824777;-0.02703171;
2026-07-30T04:50:32.783Z;1001;inference;Clean_Air;0;98;0;0,006035803;0.004433177;0.005283826;-0.002559795;-0,010086261;-0.012435814;-0.020824777;-0.02703171;
2026-07-30T04:50:33.253Z;1001;inference;Clean_Air;0;98;0;0,006035803;0.004433177;0.005283826;-0.002559795;-0,010086261;-0.012435814;-0.020824777;-0.02703171;
2026-07-30T04:50:33.754Z;1001;inference;Clean_Air;0;98;0;0,006035803;0.004433177;0.005283826;-0.002559795;-0,010086261;-0.012435814;-0.020824777;-0.02703171;
2026-07-30T04:50:34.256Z;1001;inference;Clean_Air;0;98;0;0,006035803;0.004433177;0.005283826;-0.002559795;-0,010086261;-0.012435814;-0.020824777;-0.02703171;
2026-07-30T04:50:34.805Z;1001;inference;Clean_Air;0;98;0;0,005822239;0.004456802;0.005296831;-0.002541282;-0,010097487;-0.012473058;-0.020931283;-0.027026972;
2026-07-30T04:50:35.338Z;1001;inference;Clean_Air;0;98;0;0,006568081;0.00438722;0.005305773;-0.002556573;-0,010087906;-0.01247056;-0.020891275;-0.02704904;
2026-07-30T04:50:35.884Z;1001;inference;Clean_Air;0;98;0;0,006561969;0.004392751;0.005304578;-0.002522391;-0,010099621;-0.012448619;-0.020917764;-0.02706576;
2026-07-30T04:50:36.420Z;1001;inference;Clean_Air;0;98;0;0,005437667;0.004351181;0.005303805;-0.002515877;-0,010094763;-0.012451452;-0.0209167;-0.027106578;
2026-07-30T04:50:36.807Z;1001;inference;Clean_Air;0;98;0;0,005464322;0.004276739;0.005303401;-0.002538975;-0,010077514;-0.012448673;-0.020843614;-0.027100582;
2026-07-30T04:50:37.339Z;1001;inference;Clean_Air;0;98;0;0,005464322;0.004276739;0.005303401;-0.002538975;-0,010077514;-0.012448673;-0.020843614;-0.027100582;
2026-07-30T04:50:37.819Z;1001;inference;Clean_Air;0;98;0;0,004229845;0.004227954;0.005308166;-0.002541168;-0,010084793;-0.012436557;-0.020859633;-0.027077585;
2026-07-30T04:50:38.363Z;1001;inference;Clean_Air;0;98;0;0,00366971;0.004255136;0.005298046;-0.002549216;-0,010094133;-0.012440288;-0.020866577;-0.027051771;
2026-07-30T04:50:38.897Z;1001;inference;Clean_Air;0;98;0;0,002317711;0.004280668;0.005300602;-0.002578031;-0,010089308;-0.012424221;-0.020873025;-0.027087456;
2026-07-30T04:50:39.287Z;1001;inference;Clean_Air;0;98;0;0,002527244;0.004341588;0.005299532;-0.002582514;-0,010105497;-0.012420729;-0.020922026;-0.027091179;
2026-07-30T04:50:39.818Z;1001;inference;Clean_Air;0;98;0;0,002527244;0.004341588;0.005299532;-0.002582514;-0,010105497;-0.012420729;-0.020922026;-0.027091179;
2026-07-30T04:50:40.290Z;1001;inference;Clean_Air;0;98;0;0,003504782;0.004265483;0.005283833;-0.002559924;-0,010128196;-0.012462246;-0.020905631;-0.027006824;
2026-07-30T04:50:40.842Z;1001;inference;Clean_Air;0;98;0;0,004420489;0.004244847;0.005257285;-0.002561758;-0,010117719;-0.012426338;-0.020907776;-0.02701053;
2026-07-30T04:50:41.370Z;1001;inference;Clean_Air;0;98;0;0,003952113;0.004319881;0.005263605;-0.002564384;-0,010133765;-0.012418898;-0.02090973;-0.027001802;
2026-07-30T04:50:41.926Z;1001;inference;Clean_Air;0;98;0;0,004522331;0.00430437;0.005272577;-0.002549676;-0,010095619;-0.012422586;-0.02083922;-0.027035695;
2026-07-30T04:50:42.404Z;1001;inference;Clean_Air;0;98;0;0,004719918;0.004297729;0.005259057;-0.002555394;-0,0100959;-0.012419714;-0.020821359;-0.027049622;
2026-07-30T04:50:42.791Z;1001;inference;Clean_Air;0;98;0;0,004719918;0.004297729;0.005259057;-0.002555394;-0,0100959;-0.012419714;-0.020821359;-0.027049622;
2026-07-30T04:50:43.256Z;1001;inference;Clean_Air;0;98;0;0,004719918;0.004297729;0.005259057;-0.002555394;-0,0100959;-0.012419714;-0.020821359;-0.027049622;
2026-07-30T04:50:43.760Z;1001;inference;Clean_Air;0;98;0;0,004719918;0.004297729;0.005259057;-0.002555394;-0,0100959;-0.012419714;-0.020821359;-0.027049622;
2026-07-30T04:50:44.248Z;1001;inference;Clean_Air;0;98;0;0,004719918;0.004297729;0.005259057;-0.002555394;-0,0100959;-0.012419714;-0.020821359;-0.027049622;
2026-07-30T04:50:44.805Z;1001;inference;Clean_Air;0;98;0;0,004679582;0.0043612;0.005263341;-0.002545145;-0,010118939;-0.012413589;-0.020853199;-0.027032848;
2026-07-30T04:50:45.330Z;1001;inference;Clean_Air;0;98;0;0,005855781;0.004362152;0.005241276;-0.002546117;-0,010135535;-0.012443619;-0.020824349;-0.02702732;
2026-07-30T04:50:45.885Z;1001;inference;Clean_Air;0;98;0;0,006484604;0.004319194;0.005241392;-0.002568522;-0,010152346;-0.01246316;-0.020743493;-0.027020987;
2026-07-30T04:50:46.422Z;1001;inference;Clean_Air;0;98;0;0,00725122;0.00430348;0.005213846;-0.002528893;-0,010142198;-0.012398178;-0.020751471;-0.026980668;
2026-07-30T04:50:46.808Z;1001;inference;Clean_Air;0;98;0;0,007127079;0.004318048;0.005228435;-0.002508688;-0,01012616;-0.012398761;-0.020774607;-0.027008409;
2026-07-30T04:50:47.339Z;1001;inference;Clean_Air;0;98;0;0,007127079;0.004318048;0.005228435;-0.002508688;-0,01012616;-0.012398761;-0.020774607;-0.027008409;
2026-07-30T04:50:47.819Z;1001;inference;Clean_Air;0;97;0;0,007165106;0.004388473;0.005205345;-0.002507683;-0,010123383;-0.012371813;-0.020786626;-0.027098995;
2026-07-30T04:50:48.364Z;1001;inference;Clean_Air;0;98;0;0,006156283;0.00431723;0.005246575;-0.002530094;-0,010105288;-0.012372294;-0.020677848;-0.027099228;
2026-07-30T04:50:48.901Z;1001;inference;Clean_Air;0;98;0;0,00574494;0.004308905;0.005237781;-0.002503996;-0,010100594;-0.012369887;-0.020708691;-0.027079815;
2026-07-30T04:50:49.287Z;1001;inference;Clean_Air;0;98;0;0,004567006;0.004325957;0.005239018;-0.002530215;-0,010097335;-0.012379275;-0.020775691;-0.027038902;
2026-07-30T04:50:49.819Z;1001;inference;Clean_Air;0;98;0;0,004567006;0.004325957;0.005239018;-0.002530215;-0,010097335;-0.012379275;-0.020775691;-0.027038902;
2026-07-30T04:50:50.301Z;1001;inference;Clean_Air;0;98;0;0,004268628;0.004377461;0.005236467;-0.002528922;-0,010062901;-0.012389562;-0.020794677;-0.02705127;
2026-07-30T04:50:50.843Z;1001;inference;Clean_Air;0;98;0;0,004072914;0.004388652;0.005247508;-0.002542238;-0,010059813;-0.012389161;-0.020739764;-0.02699827;
2026-07-30T04:50:51.379Z;1001;inference;Clean_Air;0;98;0;0,003218674;0.004391952;0.005259733;-0.002559395;-0,010036539;-0.012384067;-0.020792002;-0.027007705;
2026-07-30T04:50:51.922Z;1001;inference;Clean_Air;0;98;0;0,002226172;0.004412896;0.005247065;-0.002546569;-0,010029543;-0.012369975;-0.020868983;-0.027055705;
2026-07-30T04:50:52.298Z;1001;inference;Clean_Air;0;98;0;0,001595645;0.004438415;0.005264125;-0.002578096;-0,010036116;-0.012438796;-0.020782588;-0.027075026;
2026-07-30T04:50:52.774Z;1001;inference;Clean_Air;0;98;0;0,001595645;0.004438415;0.005264125;-0.002578096;-0,010036116;-0.012438796;-0.020782588;-0.027075026;
2026-07-30T04:50:53.320Z;1001;inference;Clean_Air;0;98;0;0,001428745;0.004425942;0.005262393;-0.002596508;-0,010036388;-0.012416457;-0.020705812;-0.026981637;
2026-07-30T04:50:53.782Z;1001;inference;Clean_Air;0;98;0;0,001428745;0.004425942;0.005262393;-0.002596508;-0,010036388;-0.012416457;-0.020705812;-0.026981637;
2026-07-30T04:50:54.304Z;1001;inference;Clean_Air;0;98;0;0,001428745;0.004425942;0.005262393;-0.002596508;-0,010036388;-0.012416457;-0.020705812;-0.026981637;
2026-07-30T04:50:54.751Z;1001;inference;Clean_Air;0;98;0;0,001428745;0.004425942;0.005262393;-0.002596508;-0,010036388;-0.012416457;-0.020705812;-0.026981637;
2026-07-30T04:50:55.251Z;1001;inference;Clean_Air;0;98;0;0,001428745;0.004425942;0.005262393;-0.002596508;-0,010036388;-0.012416457;-0.020705812;-0.026981637;
2026-07-30T04:50:55.805Z;1001;inference;Clean_Air;0;98;0;0,000176554;0.004424277;0.005295749;-0.00262224;-0,010025877;-0.012430136;-0.02062732;-0.026951602;
2026-07-30T04:50:56.340Z;1001;inference;Clean_Air;0;98;0;0,00015427;0.004413444;0.005278369;-0.002589778;-0,010043978;-0.012445197;-0.020714913;-0.026973676;
2026-07-30T04:50:56.885Z;1001;inference;Clean_Air;0;98;0;-0,000136971;0.004398493;0.005264271;-0.002609935;-0,010036703;-0.012468843;-0.020616414;-0.027008269;
2026-07-30T04:50:57.417Z;1001;inference;Clean_Air;0;98;0;0,000377815;0.004367853;0.005256119;-0.002592867;-0,010071415;-0.012469738;-0.020588098;-0.027026936;
2026-07-30T04:50:57.808Z;1001;inference;Clean_Air;0;98;0;0,000352904;0.004322915;0.005266898;-0.002598755;-0,010090661;-0.012462068;-0.020556947;-0.026995158;
2026-07-30T04:50:58.339Z;1001;inference;Clean_Air;0;98;0;0,000352904;0.004322915;0.005266898;-0.002598755;-0,010090661;-0.012462068;-0.020556947;-0.026995158;
2026-07-30T04:50:58.821Z;1001;inference;Clean_Air;0;98;0;0,000399692;0.004324348;0.005264325;-0.002591538;-0,010091595;-0.012464795;-0.020610733;-0.02706478;
2026-07-30T04:50:59.363Z;1001;inference;Clean_Air;0;98;0;0,000146895;0.004321837;0.005265261;-0.002569965;-0,010087538;-0.012453606;-0.020544583;-0.027074933;
2026-07-30T04:50:59.902Z;1001;inference;Clean_Air;0;98;0;0,000400857;0.004309324;0.005299068;-0.002593507;-0,010073657;-0.012446673;-0.020538796;-0.027046183;
2026-07-30T04:51:00.287Z;1001;inference;Clean_Air;0;98;0;0,000480937;0.004308622;0.005282645;-0.002590865;-0,010054413;-0.012450579;-0.020603871;-0.027025631;
2026-07-30T04:51:00.819Z;1001;inference;Clean_Air;0;98;0;0,000480937;0.004308622;0.005282645;-0.002590865;-0,010054413;-0.012450579;-0.020603871;-0.027025631;
2026-07-30T04:51:01.290Z;1001;inference;Clean_Air;0;98;0;0,000622708;0.004331351;0.005281837;-0.002578818;-0,010068953;-0.012457499;-0.020679716;-0.027029684;
2026-07-30T04:51:01.844Z;1001;inference;Clean_Air;0;98;0;0,001042916;0.004338055;0.005250388;-0.002600298;-0,010107367;-0.012468586;-0.020673409;-0.027023356;
2026-07-30T04:51:02.371Z;1001;inference;Clean_Air;0;98;0;0,001186649;0.004429851;0.005259064;-0.002626912;-0,010106201;-0.012469513;-0.020638233;-0.026999425;
2026-07-30T04:51:02.927Z;1001;inference;Clean_Air;0;98;0;0,001201948;0.004417348;0.00527491;-0.002612701;-0,010119432;-0.01244196;-0.020691892;-0.026977787;
2026-07-30T04:51:03.404Z;1001;inference;Clean_Air;0;98;0;0,000673926;0.004425494;0.005261817;-0.00264101;-0,010069084;-0.012450574;-0.020642411;-0.026967529;
2026-07-30T04:51:03.791Z;1001;inference;Clean_Air;0;98;0;0,000673926;0.004425494;0.005261817;-0.00264101;-0,010069084;-0.012450574;-0.020642411;-0.026967529;
2026-07-30T04:51:04.254Z;1001;inference;Clean_Air;0;98;0;0,000673926;0.004425494;0.005261817;-0.00264101;-0,010069084;-0.012450574;-0.020642411;-0.026967529;
2026-07-30T04:51:04.756Z;1001;inference;Clean_Air;0;98;0;0,000673926;0.004425494;0.005261817;-0.00264101;-0,010069084;-0.012450574;-0.020642411;-0.026967529;
2026-07-30T04:51:05.258Z;1001;inference;Clean_Air;0;98;0;0,000673926;0.004425494;0.005261817;-0.00264101;-0,010069084;-0.012450574;-0.020642411;-0.026967529;
2026-07-30T04:51:05.805Z;1001;inference;Clean_Air;0;98;0;0,000694056;0.004438909;0.005250377;-0.002649832;-0,010072777;-0.012438711;-0.020670399;-0.026944524;
2026-07-30T04:51:06.338Z;1001;inference;Clean_Air;0;98;0;0,000671548;0.004430769;0.005256074;-0.002633684;-0,010062645;-0.012436224;-0.020706749;-0.026949842;
2026-07-30T04:51:06.886Z;1001;inference;Clean_Air;0;98;0;0,000585088;0.00444316;0.005266283;-0.002579599;-0,010072387;-0.012419851;-0.020654254;-0.026931096;
2026-07-30T04:51:07.418Z;1001;inference;Clean_Air;0;98;0;0,000100394;0.004440141;0.005231631;-0.00254665;-0,010080178;-0.012432707;-0.020655895;-0.026949152;
2026-07-30T04:51:07.808Z;1001;inference;Clean_Air;0;98;0;-0,000150491;0.004432451;0.0052408;-0.00254184;-0,010100828;-0.012436824;-0.020660672;-0.026951829;
2026-07-30T04:51:08.340Z;1001;inference;Clean_Air;0;98;0;-0,000150491;0.004432451;0.0052408;-0.00254184;-0,010100828;-0.012436824;-0.020660672;-0.026951829;
2026-07-30T04:51:08.812Z;1001;inference;Clean_Air;0;98;0;-0,000314169;0.00440239;0.005245082;-0.002562248;-0,010108957;-0.01245554;-0.020645911;-0.027006453;
2026-07-30T04:51:09.364Z;1001;inference;Clean_Air;0;98;0;-0,00074755;0.004395317;0.005267231;-0.002560566;-0,010091216;-0.01242006;-0.020720083;-0.027020955;
2026-07-30T04:51:09.891Z;1001;inference;Clean_Air;0;98;0;-0,000897646;0.004317176;0.005248582;-0.002532822;-0,01009558;-0.012406649;-0.020670621;-0.027005225;
2026-07-30T04:51:10.288Z;1001;inference;Clean_Air;0;98;0;-0,000917363;0.00435489;0.005235698;-0.002527533;-0,010082128;-0.012427774;-0.020684395;-0.026968393;
2026-07-30T04:51:10.821Z;1001;inference;Clean_Air;0;98;0;-0,000917363;0.00435489;0.005235698;-0.002527533;-0,010082128;-0.012427774;-0.020684395;-0.026968393;
2026-07-30T04:51:11.304Z;1001;inference;Clean_Air;0;98;0;-0,000906202;0.004369388;0.005237509;-0.002530144;-0,010126528;-0.012418648;-0.020749319;-0.026979465;
2026-07-30T04:51:11.844Z;1001;inference;Clean_Air;0;98;0;-0,000916928;0.004344701;0.005262796;-0.002525773;-0,010155203;-0.012434186;-0.020786241;-0.026983777;
2026-07-30T04:51:12.375Z;1001;inference;Clean_Air;0;98;0;-0,000920207;0.004339863;0.005252683;-0.002557471;-0,010157497;-0.012440352;-0.020744566;-0.026966006;
2026-07-30T04:51:12.923Z;1001;inference;Clean_Air;0;98;0;-0,000886828;0.004323338;0.005257574;-0.002604465;-0,010180648;-0.012426144;-0.020865265;-0.027012691;
2026-07-30T04:51:13.299Z;1001;inference;Clean_Air;0;98;0;-0,000864488;0.004314251;0.00528157;-0.002629574;-0,010166684;-0.012410507;-0.020880284;-0.026993101;
2026-07-30T04:51:13.774Z;1001;inference;Clean_Air;0;98;0;-0,000864488;0.004314251;0.00528157;-0.002629574;-0,010166684;-0.012410507;-0.020880284;-0.026993101;
2026-07-30T04:51:14.317Z;1001;inference;Clean_Air;0;98;0;-0,000872454;0.00430245;0.005276973;-0.002612368;-0,01015149;-0.012393509;-0.020901898;-0.026999628;
2026-07-30T04:51:14.779Z;1001;inference;Clean_Air;0;98;0;-0,000872454;0.00430245;0.005276973;-0.002612368;-0,01015149;-0.012393509;-0.020901898;-0.026999628;
2026-07-30T04:51:15.251Z;1001;inference;Clean_Air;0;98;0;-0,000872454;0.00430245;0.005276973;-0.002612368;-0,01015149;-0.012393509;-0.020901898;-0.026999628;
2026-07-30T04:51:15.753Z;1001;inference;Clean_Air;0;98;0;-0,000872454;0.00430245;0.005276973;-0.002612368;-0,01015149;-0.012393509;-0.020901898;-0.026999628;
2026-07-30T04:51:16.254Z;1001;inference;Clean_Air;0;98;0;-0,000872454;0.00430245;0.005276973;-0.002612368;-0,01015149;-0.012393509;-0.020901898;-0.026999628;
2026-07-30T04:51:16.806Z;1001;inference;Clean_Air;0;98;0;-0,000871925;0.004312069;0.005285995;-0.002586292;-0,01013576;-0.012383821;-0.020908665;-0.027000796;
2026-07-30T04:51:17.330Z;1001;inference;Clean_Air;0;98;0;-0,000858945;0.004324777;0.005268128;-0.002487626;-0,010132323;-0.012381528;-0.020913204;-0.026980817;
2026-07-30T04:51:17.886Z;1001;inference;Clean_Air;0;98;0;-0,000849068;0.004418898;0.005255853;-0.002504449;-0,010129174;-0.012385633;-0.021021385;-0.027030131;
2026-07-30T04:51:18.421Z;1001;inference;Clean_Air;0;98;0;-0,000837343;0.004411574;0.005264432;-0.002498972;-0,010131216;-0.012392354;-0.021013303;-0.027048966;
2026-07-30T04:51:18.809Z;1001;inference;Clean_Air;0;98;0;-0,000848912;0.004376322;0.005276007;-0.002470302;-0,010126928;-0.012362691;-0.021021727;-0.027047481;
2026-07-30T04:51:19.340Z;1001;inference;Clean_Air;0;98;0;-0,000848912;0.004376322;0.005276007;-0.002470302;-0,010126928;-0.012362691;-0.021021727;-0.027047481;
2026-07-30T04:51:19.816Z;1001;inference;Clean_Air;0;98;0;-0,000864486;0.004388708;0.005256724;-0.002456626;-0,010122541;-0.012373059;-0.020904742;-0.0270436;
2026-07-30T04:51:20.365Z;1001;inference;Clean_Air;0;98;0;-0,000871265;0.004400013;0.00525544;-0.002459478;-0,010106971;-0.012375812;-0.020901382;-0.027092615;
2026-07-30T04:51:20.896Z;1001;inference;Clean_Air;0;98;0;-0,000878376;0.004387092;0.005241758;-0.002481627;-0,010070518;-0.012387027;-0.020855084;-0.026988601;
2026-07-30T04:51:21.288Z;1001;inference;Clean_Air;0;98;0;-0,00088505;0.004394618;0.00522358;-0.002464076;-0,010090251;-0.012407897;-0.020842221;-0.026974496;
2026-07-30T04:51:21.819Z;1001;inference;Clean_Air;0;98;0;-0,00088505;0.004394618;0.00522358;-0.002464076;-0,010090251;-0.012407897;-0.020842221;-0.026974496;
2026-07-30T04:51:22.291Z;1001;inference;Clean_Air;0;98;0;-0,000883862;0.004396326;0.005237928;-0.002486695;-0,010102524;-0.012427973;-0.020823441;-0.026950706;
2026-07-30T04:51:22.844Z;1001;inference;Clean_Air;0;98;0;-0,000884852;0.004436746;0.005233812;-0.002494975;-0,010105228;-0.012422853;-0.020820808;-0.026955759;
2026-07-30T04:51:23.381Z;1001;inference;Clean_Air;0;98;0;-0,000892011;0.004421757;0.005243595;-0.002565023;-0,010085185;-0.012420114;-0.020816173;-0.026977081;
2026-07-30T04:51:23.929Z;1001;inference;Clean_Air;0;98;0;-0,000891708;0.004386432;0.005273596;-0.002587374;-0,010017062;-0.012397514;-0.020768058;-0.026941497;
2026-07-30T04:51:24.406Z;1001;inference;Clean_Air;0;98;0;-0,000886574;0.004383544;0.005282999;-0.002599196;-0,010018548;-0.012392361;-0.020761076;-0.026957769;
2026-07-30T04:51:24.789Z;1001;inference;Clean_Air;0;98;0;-0,000886574;0.004383544;0.005282999;-0.002599196;-0,010018548;-0.012392361;-0.020761076;-0.026957769;
2026-07-30T04:51:25.250Z;1001;inference;Clean_Air;0;98;0;-0,000886574;0.004383544;0.005282999;-0.002599196;-0,010018548;-0.012392361;-0.020761076;-0.026957769;
2026-07-30T04:51:25.785Z;1001;inference;Clean_Air;0;98;0;-0,000886574;0.004383544;0.005282999;-0.002599196;-0,010018548;-0.012392361;-0.020761076;-0.026957769;
2026-07-30T04:51:26.256Z;1001;inference;Clean_Air;0;98;0;-0,000886574;0.004383544;0.005282999;-0.002599196;-0,010018548;-0.012392361;-0.020761076;-0.026957769;
2026-07-30T04:51:26.810Z;1001;inference;Clean_Air;0;98;0;-0,000891016;0.004407589;0.005285947;-0.002603413;-0,009995135;-0.012424256;-0.020755395;-0.026923915;
2026-07-30T04:51:27.335Z;1001;inference;Clean_Air;0;98;0;-0,000861925;0.004415928;0.005278825;-0.002592139;-0,009984788;-0.012425139;-0.020831509;-0.026944458;
2026-07-30T04:51:27.890Z;1001;inference;Clean_Air;0;98;0;-0,000862948;0.004386151;0.005290682;-0.002580052;-0,010016618;-0.01243821;-0.020874036;-0.026915481;
2026-07-30T04:51:28.425Z;1001;inference;Clean_Air;0;98;0;-0,000881681;0.004437323;0.005304155;-0.002595163;-0,01001409;-0.01244707;-0.020875022;-0.026971411;
2026-07-30T04:51:28.814Z;1001;inference;Clean_Air;0;98;0;-0,00091617;0.004457519;0.005322533;-0.002589202;-0,010015385;-0.012435329;-0.020866519;-0.026978377;
2026-07-30T04:51:29.346Z;1001;inference;Clean_Air;0;98;0;-0,00091617;0.004457519;0.005322533;-0.002589202;-0,010015385;-0.012435329;-0.020866519;-0.026978377;
2026-07-30T04:51:29.821Z;1001;inference;Clean_Air;0;98;0;-0,000934709;0.004463617;0.005323706;-0.002586;-0,010019321;-0.012431899;-0.020851355;-0.026979065;
2026-07-30T04:51:30.369Z;1001;inference;Clean_Air;0;98;0;-0,000937387;0.004432797;0.005323823;-0.002590027;-0,010022826;-0.012443071;-0.020858029;-0.026989454;
2026-07-30T04:51:30.901Z;1001;inference;Clean_Air;0;98;0;-0,000950241;0.004437322;0.005333702;-0.002585986;-0,010034578;-0.012390739;-0.020846395;-0.027000869;
2026-07-30T04:51:31.293Z;1001;inference;Clean_Air;0;98;0;-0,000960449;0.004444188;0.005338469;-0.002568141;-0,010114202;-0.012412072;-0.020878915;-0.027007917;
2026-07-30T04:51:31.828Z;1001;inference;Clean_Air;0;98;0;-0,000960449;0.004444188;0.005338469;-0.002568141;-0,010114202;-0.012412072;-0.020878915;-0.027007917;
2026-07-30T04:51:32.299Z;1001;inference;Clean_Air;0;98;0;-0,000962687;0.004429975;0.005319708;-0.002574322;-0,010133292;-0.012420663;-0.020858588;-0.026995635;
2026-07-30T04:51:32.852Z;1001;inference;Clean_Air;0;98;0;-0,000949538;0.004425531;0.005311144;-0.002590531;-0,010138249;-0.012446928;-0.020877631;-0.027022034;
2026-07-30T04:51:33.381Z;1001;inference;Clean_Air;0;98;0;-0,000952977;0.004440098;0.005287044;-0.002601253;-0,010134147;-0.012441889;-0.020865979;-0.027023524;
2026-07-30T04:51:33.776Z;1001;inference;Clean_Air;0;98;0;-0,000931941;0.004469719;0.005261046;-0.002572503;-0,010119635;-0.012445758;-0.020814005;-0.027008379;
2026-07-30T04:51:34.416Z;1001;inference;Clean_Air;0;98;0;-0,000931941;0.004469719;0.005261046;-0.002572503;-0,010119635;-0.012445758;-0.020814005;-0.027008379;
2026-07-30T04:51:34.788Z;1001;inference;Clean_Air;0;98;0;-0,000897683;0.004431142;0.00523825;-0.002547333;-0,010139165;-0.012443522;-0.020793365;-0.02703042;
2026-07-30T04:51:35.261Z;1001;inference;Clean_Air;0;98;0;-0,000897683;0.004431142;0.00523825;-0.002547333;-0,010139165;-0.012443522;-0.020793365;-0.02703042;
2026-07-30T04:51:35.760Z;1001;inference;Clean_Air;0;98;0;-0,000897683;0.004431142;0.00523825;-0.002547333;-0,010139165;-0.012443522;-0.020793365;-0.02703042;
2026-07-30T04:51:36.248Z;1001;inference;Clean_Air;0;98;0;-0,000897683;0.004431142;0.00523825;-0.002547333;-0,010139165;-0.012443522;-0.020793365;-0.02703042;
2026-07-30T04:51:36.767Z;1001;inference;Clean_Air;0;98;0;-0,000897683;0.004431142;0.00523825;-0.002547333;-0,010139165;-0.012443522;-0.020793365;-0.02703042;
2026-07-30T04:51:37.306Z;1001;inference;Clean_Air;0;98;0;-0,00087784;0.004434148;0.005215237;-0.002545725;-0,010099947;-0.012447579;-0.020792881;-0.027019387;
2026-07-30T04:51:37.845Z;1001;inference;Clean_Air;0;98;0;-0,000852439;0.004436337;0.005214938;-0.002516247;-0,010094288;-0.012428036;-0.020804906;-0.027042445;
2026-07-30T04:51:38.387Z;1001;inference;Clean_Air;0;97;0;-0,000849447;0.004432869;0.005138408;-0.002477975;-0,010098824;-0.012420173;-0.020735929;-0.027045527;
2026-07-30T04:51:38.923Z;1001;inference;Clean_Air;0;97;0;-0,000839331;0.004434393;0.005118773;-0.002474752;-0,010102477;-0.012499048;-0.020673072;-0.027033279;
2026-07-30T04:51:39.310Z;1001;inference;Clean_Air;0;97;0;-0,000863799;0.004416634;0.005099005;-0.002466288;-0,010086037;-0.01249607;-0.020608248;-0.02703635;
2026-07-30T04:51:39.845Z;1001;inference;Clean_Air;0;97;0;-0,000863799;0.004416634;0.005099005;-0.002466288;-0,010086037;-0.01249607;-0.020608248;-0.02703635;
2026-07-30T04:51:40.317Z;1001;inference;Clean_Air;0;97;0;-0,000865472;0.004418686;0.005112988;-0.00245749;-0,010077177;-0.012198769;-0.020254901;-0.027042216;
2026-07-30T04:51:40.870Z;1001;inference;Clean_Air;0;97;0;-0,000847886;0.004411639;0.005139134;-0.002451453;-0,010091623;-0.012157209;-0.020286981;-0.027041063;
2026-07-30T04:51:41.397Z;1001;inference;Clean_Air;0;97;0;-0,000840919;0.004389008;0.005174655;-0.002433584;-0,010086714;-0.012124021;-0.020286392;-0.027042661;
2026-07-30T04:51:41.793Z;1001;inference;Clean_Air;0;98;0;-0,000865178;0.004376194;0.005213024;-0.002463364;-0,010089308;-0.01211158;-0.02028933;-0.027037453;
2026-07-30T04:51:42.324Z;1001;inference;Clean_Air;0;98;0;-0,000865178;0.004376194;0.005213024;-0.002463364;-0,010089308;-0.01211158;-0.02028933;-0.027037453;
2026-07-30T04:51:42.800Z;1001;inference;Clean_Air;0;98;0;-0,000880933;0.00438146;0.00524816;-0.002464612;-0,010071789;-0.012118229;-0.020302042;-0.027050158;
2026-07-30T04:51:43.349Z;1001;inference;Clean_Air;0;98;0;-0,000886577;0.004383796;0.005324136;-0.002456106;-0,009865912;-0.011831626;-0.020314436;-0.027066007;
2026-07-30T04:51:43.882Z;1001;inference;Clean_Air;0;98;0;-0,000903428;0.004330398;0.00528244;-0.002486045;-0,009878382;-0.011845071;-0.020331454;-0.027061775;
2026-07-30T04:51:44.272Z;1001;inference;Clean_Air;0;98;0;-0,000939872;0.004301364;0.005376858;-0.002526139;-0,009862955;-0.011844436;-0.020394728;-0.027068933;
2026-07-30T04:51:44.913Z;1001;inference;Clean_Air;0;98;0;-0,000939872;0.004301364;0.005376858;-0.002526139;-0,009862955;-0.011844436;-0.020394728;-0.027068933;
2026-07-30T04:51:45.291Z;1001;inference;Clean_Air;0;98;0;-0,000942747;0.004343142;0.005398009;-0.002452243;-0,009857651;-0.011839593;-0.02007678;-0.026622385;
2026-07-30T04:51:45.762Z;1001;inference;Clean_Air;0;98;0;-0,000942747;0.004343142;0.005398009;-0.002452243;-0,009857651;-0.011839593;-0.02007678;-0.026622385;
2026-07-30T04:51:46.262Z;1001;inference;Clean_Air;0;98;0;-0,000942747;0.004343142;0.005398009;-0.002452243;-0,009857651;-0.011839593;-0.02007678;-0.026622385;
2026-07-30T04:51:46.765Z;1001;inference;Clean_Air;0;98;0;-0,000942747;0.004343142;0.005398009;-0.002452243;-0,009857651;-0.011839593;-0.02007678;-0.026622385;
2026-07-30T04:51:47.253Z;1001;inference;Clean_Air;0;98;0;-0,000942747;0.004343142;0.005398009;-0.002452243;-0,009857651;-0.011839593;-0.02007678;-0.026622385;
2026-07-30T04:51:47.807Z;1001;inference;Clean_Air;0;98;0;-0,000907546;0.004356988;0.005435524;-0.002434012;-0,009856237;-0.011854037;-0.02006202;-0.026598996;
2026-07-30T04:51:48.344Z;1001;inference;Clean_Air;0;98;0;-0,000901586;0.004343753;0.005445802;-0.002436386;-0,009635307;-0.011874363;-0.020040631;-0.02658545;
2026-07-30T04:51:48.887Z;1001;inference;Clean_Air;0;98;0;-0,000930677;0.00439627;0.00542378;-0.002394626;-0,009619625;-0.011890525;-0.019928476;-0.026564261;
2026-07-30T04:51:49.421Z;1001;inference;Clean_Air;0;98;0;-0,000946075;0.004352696;0.005351145;-0.002419452;-0,009631742;-0.01189447;-0.019980062;-0.026566964;
2026-07-30T04:51:49.811Z;1001;inference;Clean_Air;0;98;0;-0,0009145;0.00437389;0.005346875;-0.002393823;-0,009627338;-0.011891086;-0.020009745;-0.026513886;
2026-07-30T04:51:50.341Z;1001;inference;Clean_Air;0;98;0;-0,0009145;0.00437389;0.005346875;-0.002393823;-0,009627338;-0.011891086;-0.020009745;-0.026513886;
2026-07-30T04:51:50.824Z;1001;inference;Clean_Air;0;98;0;-0,000903749;0.004353897;0.005334649;-0.002407091;-0,009671105;-0.011870675;-0.020007711;-0.026515475;
2026-07-30T04:51:51.366Z;1001;inference;Clean_Air;0;98;0;-0,000898507;0.004305272;0.005257963;-0.002393759;-0,00968243;-0.012127739;-0.020047665;-0.026524767;
2026-07-30T04:51:51.905Z;1001;inference;Clean_Air;0;98;0;-0,000882281;0.004340895;0.005297433;-0.002332964;-0,009639637;-0.012141702;-0.02003235;-0.026564723;
2026-07-30T04:51:52.290Z;1001;inference;Clean_Air;0;98;0;-0,000863486;0.004305041;0.00527772;-0.00232824;-0,009629819;-0.012135193;-0.020045381;-0.026497403;
2026-07-30T04:51:52.821Z;1001;inference;Clean_Air;0;98;0;-0,000863486;0.004305041;0.00527772;-0.00232824;-0,009629819;-0.012135193;-0.020045381;-0.026497403;
2026-07-30T04:51:53.304Z;1001;inference;Clean_Air;0;98;0;-0,000860444;0.004256127;0.005344504;-0.002397051;-0,00962103;-0.01213369;-0.020064946;-0.026441801;
2026-07-30T04:51:53.845Z;1001;inference;Clean_Air;0;98;0;-0,000859319;0.004237502;0.005309199;-0.002407309;-0,009616187;-0.012105099;-0.020126613;-0.026464334;
2026-07-30T04:51:54.381Z;1001;inference;Clean_Air;0;98;0;-0,000863026;0.004273442;0.005300887;-0.002374971;-0,009593165;-0.012376061;-0.020501062;-0.026452806;
2026-07-30T04:51:54.929Z;1001;inference;Clean_Air;0;98;0;-0,00086005;0.004177751;0.005317866;-0.002352202;-0,009608137;-0.012385286;-0.020550363;-0.02645956;
2026-07-30T04:51:55.407Z;1001;inference;Clean_Air;0;98;0;-0,000871256;0.00416736;0.005384282;-0.0023557;-0,009610451;-0.012444359;-0.020508338;-0.026465904;
2026-07-30T04:51:55.789Z;1001;inference;Clean_Air;0;98;0;-0,000871256;0.00416736;0.005384282;-0.0023557;-0,009610451;-0.012444359;-0.020508338;-0.026465904;
2026-07-30T04:51:56.257Z;1001;inference;Clean_Air;0;98;0;-0,000871256;0.00416736;0.005384282;-0.0023557;-0,009610451;-0.012444359;-0.020508338;-0.026465904;
2026-07-30T04:51:56.757Z;1001;inference;Clean_Air;0;98;0;-0,000871256;0.00416736;0.005384282;-0.0023557;-0,009610451;-0.012444359;-0.020508338;-0.026465904;
2026-07-30T04:51:57.258Z;1001;inference;Clean_Air;0;98;0;-0,000871256;0.00416736;0.005384282;-0.0023557;-0,009610451;-0.012444359;-0.020508338;-0.026465904;
2026-07-30T04:51:57.808Z;1001;inference;Clean_Air;0;98;0;-0,000891945;0.004163323;0.005371389;-0.002376879;-0,009613078;-0.012422198;-0.02049483;-0.026519397;
2026-07-30T04:51:58.339Z;1001;inference;Clean_Air;0;98;0;-0,000884439;0.004115685;0.005369455;-0.002358587;-0,009580096;-0.012140123;-0.02010083;-0.026534181;
2026-07-30T04:51:58.887Z;1001;inference;Clean_Air;0;98;0;-0,000875838;0.004158563;0.005389097;-0.002382418;-0,009805217;-0.0121658;-0.020072287;-0.026525885;
2026-07-30T04:51:59.420Z;1001;inference;Clean_Air;0;98;0;-0,000889732;0.004124611;0.005345477;-0.00241491;-0,009813325;-0.012138007;-0.02007753;-0.026486;
2026-07-30T04:51:59.799Z;1001;inference;Clean_Air;0;98;0;-0,000893007;0.004180356;0.0053494;-0.002387842;-0,009802356;-0.01215098;-0.020115122;-0.026546601;
2026-07-30T04:52:00.331Z;1001;inference;Clean_Air;0;98;0;-0,000893007;0.004180356;0.0053494;-0.002387842;-0,009802356;-0.01215098;-0.020115122;-0.026546601;
2026-07-30T04:52:00.799Z;1001;inference;Clean_Air;0;98;0;-0,000886311;0.00418021;0.005277491;-0.002332789;-0,0098114;-0.012181274;-0.020489424;-0.027055234;
2026-07-30T04:52:01.354Z;1001;inference;Clean_Air;0;98;0;-0,000880569;0.004199021;0.005282547;-0.002333783;-0,009577775;-0.011873225;-0.020520525;-0.027030233;
2026-07-30T04:52:01.887Z;1001;inference;Clean_Air;0;98;0;-0,000886859;0.0041878;0.005258112;-0.002345157;-0,00982583;-0.01186469;-0.020560466;-0.027041158;
2026-07-30T04:52:02.278Z;1001;inference;Clean_Air;0;97;0;-0,00087007;0.004115609;0.005159695;-0.002347259;-0,009821255;-0.011857409;-0.020507853;-0.027045518;
2026-07-30T04:52:02.809Z;1001;inference;Clean_Air;0;97;0;-0,00087007;0.004115609;0.005159695;-0.002347259;-0,009821255;-0.011857409;-0.020507853;-0.027045518;
2026-07-30T04:52:03.290Z;1001;inference;Clean_Air;0;97;0;-0,000843047;0.004172416;0.005170763;-0.002387286;-0,009820781;-0.011802407;-0.020504972;-0.026521925;
2026-07-30T04:52:03.833Z;1001;inference;Clean_Air;0;97;0;-0,000817922;0.004161563;0.005158913;-0.002385515;-0,009815332;-0.011816836;-0.02050956;-0.026519131;
2026-07-30T04:52:04.370Z;1001;inference;Clean_Air;0;97;0;-0,00083708;0.004221784;0.005146494;-0.002391065;-0,009565151;-0.011833557;-0.020895259;-0.026473943;
2026-07-30T04:52:04.915Z;1001;inference;Clean_Air;0;97;0;-0,000839052;0.00414437;0.00512371;-0.002402342;-0,009544105;-0.011818787;-0.020900425;-0.026485041;
2026-07-30T04:52:05.289Z;1001;inference;Clean_Air;0;97;0;-0,000762567;0.004128493;0.005119869;-0.002416325;-0,00956411;-0.011817535;-0.020843228;-0.026454965;
2026-07-30T04:52:05.772Z;1001;inference;Clean_Air;0;97;0;-0,000762567;0.004128493;0.005119869;-0.002416325;-0,00956411;-0.011817535;-0.020843228;-0.026454965;
2026-07-30T04:52:06.307Z;1001;inference;Clean_Air;0;97;0;-0,000723175;0.004133374;0.005192977;-0.002443041;-0,009589866;-0.011820352;-0.020417964;-0.025969023;
2026-07-30T04:52:06.761Z;1001;inference;Clean_Air;0;97;0;-0,000723175;0.004133374;0.005192977;-0.002443041;-0,009589866;-0.011820352;-0.020417964;-0.025969023;
2026-07-30T04:52:07.265Z;1001;inference;Clean_Air;0;97;0;-0,000723175;0.004133374;0.005192977;-0.002443041;-0,009589866;-0.011820352;-0.020417964;-0.025969023;
2026-07-30T04:52:07.763Z;1001;inference;Clean_Air;0;97;0;-0,000723175;0.004133374;0.005192977;-0.002443041;-0,009589866;-0.011820352;-0.020417964;-0.025969023;
2026-07-30T04:52:08.262Z;1001;inference;Clean_Air;0;97;0;-0,000723175;0.004133374;0.005192977;-0.002443041;-0,009589866;-0.011820352;-0.020417964;-0.025969023;
2026-07-30T04:52:08.808Z;1001;inference;Clean_Air;0;97;0;-0,000711141;0.004148649;0.005184243;-0.002501978;-0,009611592;-0.011780426;-0.020430431;-0.025916999;
2026-07-30T04:52:09.346Z;1001;inference;Clean_Air;0;97;0;-0,000715033;0.004122334;0.005181468;-0.002511415;-0,009832656;-0.011833997;-0.019974006;-0.025947381;
2026-07-30T04:52:09.887Z;1001;inference;Clean_Air;0;97;0;-0,000718672;0.004112697;0.005192478;-0.002530902;-0,009812254;-0.011837626;-0.01988831;-0.025969351;
2026-07-30T04:52:10.412Z;1001;inference;Clean_Air;0;98;0;-0,000727604;0.004250643;0.005232817;-0.002568309;-0,009798819;-0.011811206;-0.019977147;-0.025978159;
2026-07-30T04:52:10.810Z;1001;inference;Clean_Air;0;98;0;-0,000754289;0.004243765;0.005239172;-0.002526146;-0,009778256;-0.011822552;-0.019983098;-0.026479483;
2026-07-30T04:52:11.343Z;1001;inference;Clean_Air;0;98;0;-0,000754289;0.004243765;0.005239172;-0.002526146;-0,009778256;-0.011822552;-0.019983098;-0.026479483;
2026-07-30T04:52:11.813Z;1001;inference;Clean_Air;0;98;0;-0,000765938;0.004255529;0.005247252;-0.002512486;-0,00980127;-0.01183057;-0.019904776;-0.026478652;
2026-07-30T04:52:12.366Z;1001;inference;Clean_Air;0;98;0;-0,000765414;0.004255778;0.005258062;-0.002515439;-0,009799199;-0.011820948;-0.019927453;-0.026486253;
2026-07-30T04:52:12.902Z;1001;inference;Clean_Air;0;98;0;-0,000752992;0.004331331;0.005285162;-0.00251513;-0,009798507;-0.011831141;-0.019912098;-0.026483625;
2026-07-30T04:52:13.290Z;1001;inference;Clean_Air;0;98;0;-0,000815806;0.00435225;0.005339025;-0.002521008;-0,009812245;-0.011843097;-0.020007856;-0.026513437;
2026-07-30T04:52:13.822Z;1001;inference;Clean_Air;0;98;0;-0,000815806;0.00435225;0.005339025;-0.002521008;-0,009812245;-0.011843097;-0.020007856;-0.026513437;
2026-07-30T04:52:14.300Z;1001;inference;Clean_Air;0;98;0;-0,000837716;0.00435653;0.005260597;-0.002559419;-0,009821082;-0.011832553;-0.020398874;-0.026504988;
2026-07-30T04:52:14.846Z;1001;inference;Clean_Air;0;98;0;-0,000875875;0.004342706;0.005269704;-0.002557347;-0,009798108;-0.011839409;-0.02037177;-0.026550319;
2026-07-30T04:52:15.375Z;1001;inference;Clean_Air;0;98;0;-0,000871026;0.004383768;0.005266332;-0.002571881;-0,009578287;-0.011851408;-0.020729626;-0.026543712;
2026-07-30T04:52:15.769Z;1001;inference;Clean_Air;0;98;0;-0,000864549;0.004371763;0.005281097;-0.002594206;-0,009578717;-0.011854754;-0.020739896;-0.026534507;
2026-07-30T04:52:16.406Z;1001;inference;Clean_Air;0;98;0;-0,000864549;0.004371763;0.005281097;-0.002594206;-0,009578717;-0.011854754;-0.020739896;-0.026534507;
2026-07-30T04:52:16.790Z;1001;inference;Clean_Air;0;98;0;-0,000849774;0.004403658;0.005285487;-0.002628371;-0,009603176;-0.011871849;-0.020753827;-0.02652226;
2026-07-30T04:52:17.261Z;1001;inference;Clean_Air;0;98;0;-0,000849774;0.004403658;0.005285487;-0.002628371;-0,009603176;-0.011871849;-0.020753827;-0.02652226;
2026-07-30T04:52:17.763Z;1001;inference;Clean_Air;0;98;0;-0,000849774;0.004403658;0.005285487;-0.002628371;-0,009603176;-0.011871849;-0.020753827;-0.02652226;
2026-07-30T04:52:18.261Z;1001;inference;Clean_Air;0;98;0;-0,000849774;0.004403658;0.005285487;-0.002628371;-0,009603176;-0.011871849;-0.020753827;-0.02652226;
2026-07-30T04:52:18.763Z;1001;inference;Clean_Air;0;98;0;-0,000849774;0.004403658;0.005285487;-0.002628371;-0,009603176;-0.011871849;-0.020753827;-0.02652226;
2026-07-30T04:52:19.305Z;1001;inference;Clean_Air;0;98;0;-0,000855886;0.004420819;0.005279074;-0.002620773;-0,009618116;-0.011890942;-0.020317558;-0.026066333;
2026-07-30T04:52:19.839Z;1001;inference;Clean_Air;0;98;0;-0,000850833;0.004366092;0.005267527;-0.00262963;-0,009573095;-0.011901463;-0.020392437;-0.026077922;
2026-07-30T04:52:20.384Z;1001;inference;Clean_Air;0;98;0;-0,000860022;0.004382777;0.005230063;-0.002594881;-0,009588995;-0.012208868;-0.020376716;-0.026053715;
2026-07-30T04:52:20.921Z;1001;inference;Clean_Air;0;97;0;-0,000906751;0.004376168;0.005203543;-0.002582641;-0,009612929;-0.012199705;-0.020359579;-0.026059147;
2026-07-30T04:52:21.307Z;1001;inference;Clean_Air;0;97;0;-0,000934004;0.004370124;0.005198856;-0.002574202;-0,009611247;-0.012217803;-0.020322945;-0.026048308;
2026-07-30T04:52:21.839Z;1001;inference;Clean_Air;0;97;0;-0,000934004;0.004370124;0.005198856;-0.002574202;-0,009611247;-0.012217803;-0.020322945;-0.026048308;
2026-07-30T04:52:22.315Z;1001;inference;Clean_Air;0;97;0;-0,000918349;0.004360811;0.005182341;-0.002526167;-0,009615313;-0.012217348;-0.019987572;-0.02607882;
2026-07-30T04:52:22.863Z;1001;inference;Clean_Air;0;97;0;-0,000915217;0.004359715;0.00517592;-0.002525415;-0,00961649;-0.012218789;-0.019963823;-0.026078809;
2026-07-30T04:52:23.395Z;1001;inference;Clean_Air;0;97;0;-0,000920643;0.004318859;0.005170988;-0.002471094;-0,0096255;-0.012481002;-0.020004347;-0.026063118;
2026-07-30T04:52:23.787Z;1001;inference;Clean_Air;0;97;0;-0,000916867;0.004339858;0.005153032;-0.002440498;-0,009633439;-0.012489094;-0.020011624;-0.026088089;
2026-07-30T04:52:24.318Z;1001;inference;Clean_Air;0;97;0;-0,000916867;0.004339858;0.005153032;-0.002440498;-0,009633439;-0.012489094;-0.020011624;-0.026088089;
2026-07-30T04:52:24.801Z;1001;inference;Clean_Air;0;97;0;-0,000935585;0.004227317;0.005188922;-0.002423497;-0,009620016;-0.012496794;-0.019966384;-0.026096001;
2026-07-30T04:52:25.342Z;1001;inference;Clean_Air;0;97;0;-0,000915433;0.004216748;0.005166527;-0.002407652;-0,009610296;-0.01223016;-0.020010447;-0.026530862;
2026-07-30T04:52:25.876Z;1001;inference;Clean_Air;0;97;0;-0,000936649;0.004266914;0.005162517;-0.00240823;-0,009648987;-0.012216034;-0.020022007;-0.02654458;
2026-07-30T04:52:26.425Z;1001;inference;Clean_Air;0;97;0;-0,000928318;0.004187765;0.005132527;-0.002412861;-0,009871952;-0.012190144;-0.019998308;-0.026564617;
2026-07-30T04:52:26.904Z;1001;inference;Clean_Air;0;98;0;-0,000898551;0.00418493;0.005215922;-0.002362568;-0,009859959;-0.012192917;-0.019938748;-0.026551653;
2026-07-30T04:52:27.301Z;1001;inference;Clean_Air;0;98;0;-0,000898551;0.00418493;0.005215922;-0.002362568;-0,009859959;-0.012192917;-0.019938748;-0.026551653;
2026-07-30T04:52:27.768Z;1001;inference;Clean_Air;0;98;0;-0,000898551;0.00418493;0.005215922;-0.002362568;-0,009859959;-0.012192917;-0.019938748;-0.026551653;
2026-07-30T04:52:28.261Z;1001;inference;Clean_Air;0;98;0;-0,000898551;0.00418493;0.005215922;-0.002362568;-0,009859959;-0.012192917;-0.019938748;-0.026551653;
2026-07-30T04:52:28.750Z;1001;inference;Clean_Air;0;98;0;-0,000898551;0.00418493;0.005215922;-0.002362568;-0,009859959;-0.012192917;-0.019938748;-0.026551653;
2026-07-30T04:52:29.305Z;1001;inference;Clean_Air;0;98;0;-0,000894068;0.004237509;0.005213753;-0.002356373;-0,009860805;-0.012176516;-0.019931931;-0.026163574;
2026-07-30T04:52:29.843Z;1001;inference;Clean_Air;0;98;0;-0,000895869;0.004284096;0.005230318;-0.002405002;-0,009878169;-0.012172529;-0.020272937;-0.026623765;
2026-07-30T04:52:30.384Z;1001;inference;Clean_Air;0;98;0;-0,000907516;0.004337487;0.005223172;-0.002364217;-0,009663691;-0.012184602;-0.020347355;-0.026627049;
2026-07-30T04:52:30.910Z;1001;inference;Clean_Air;0;98;0;-0,000907362;0.004337211;0.005228867;-0.002396441;-0,009880787;-0.012174039;-0.020387139;-0.026630457;
2026-07-30T04:52:31.308Z;1001;inference;Clean_Air;0;98;0;-0,000930612;0.004298077;0.005228674;-0.00241528;-0,009874016;-0.01214993;-0.020435482;-0.026593944;
2026-07-30T04:52:31.839Z;1001;inference;Clean_Air;0;98;0;-0,000930612;0.004298077;0.005228674;-0.00241528;-0,009874016;-0.01214993;-0.020435482;-0.026593944;
2026-07-30T04:52:32.309Z;1001;inference;Clean_Air;0;98;0;-0,000922069;0.004362664;0.005219706;-0.002430865;-0,009881016;-0.012161678;-0.020451795;-0.026133567;
2026-07-30T04:52:32.863Z;1001;inference;Clean_Air;0;98;0;-0,000934273;0.004293619;0.005217665;-0.002495221;-0,009889612;-0.012415403;-0.020875648;-0.026158759;
2026-07-30T04:52:33.390Z;1001;inference;Clean_Air;0;98;0;-0,000930976;0.004277203;0.00523298;-0.002447657;-0,009653863;-0.012404107;-0.020863045;-0.026139494;
2026-07-30T04:52:33.787Z;1001;inference;Clean_Air;0;98;0;-0,000926711;0.004347812;0.005291756;-0.002487657;-0,00967806;-0.012431042;-0.020896947;-0.026135078;
2026-07-30T04:52:34.318Z;1001;inference;Clean_Air;0;98;0;-0,000926711;0.004347812;0.005291756;-0.002487657;-0,00967806;-0.012431042;-0.020896947;-0.026135078;
2026-07-30T04:52:34.790Z;1001;inference;Clean_Air;0;98;0;-0,000920564;0.004364459;0.005230565;-0.002542233;-0,009684695;-0.012453036;-0.021009635;-0.026139578;
2026-07-30T04:52:35.342Z;1001;inference;Clean_Air;0;98;0;-0,00091301;0.004296692;0.005227443;-0.002492537;-0,009667045;-0.012191921;-0.020575307;-0.026474107;
2026-07-30T04:52:35.874Z;1001;inference;Clean_Air;0;98;0;-0,000923966;0.004231862;0.005223184;-0.00242121;-0,009638265;-0.012202294;-0.020526972;-0.026450545;
2026-07-30T04:52:36.423Z;1001;inference;Clean_Air;0;97;0;-0,000889476;0.004178745;0.005182595;-0.002422011;-0,009878454;-0.012169502;-0.020498784;-0.026464581;
2026-07-30T04:52:36.798Z;1001;inference;Clean_Air;0;97;0;-0,00091159;0.004194676;0.005178412;-0.002408644;-0,009879303;-0.012188293;-0.020414414;-0.026457643;
2026-07-30T04:52:37.278Z;1001;inference;Clean_Air;0;97;0;-0,00091159;0.004194676;0.005178412;-0.002408644;-0,009879303;-0.012188293;-0.020414414;-0.026457643;
2026-07-30T04:52:37.816Z;1001;inference;Clean_Air;0;97;0;-0,00091051;0.004220573;0.005187778;-0.002393606;-0,009891934;-0.012200719;-0.020410795;-0.026471633;
2026-07-30T04:52:38.283Z;1001;inference;Clean_Air;0;97;0;-0,00091051;0.004220573;0.005187778;-0.002393606;-0,009891934;-0.012200719;-0.020410795;-0.026471633;
2026-07-30T04:52:38.755Z;1001;inference;Clean_Air;0;97;0;-0,00091051;0.004220573;0.005187778;-0.002393606;-0,009891934;-0.012200719;-0.020410795;-0.026471633;
2026-07-30T04:52:39.259Z;1001;inference;Clean_Air;0;97;0;-0,00091051;0.004220573;0.005187778;-0.002393606;-0,009891934;-0.012200719;-0.020410795;-0.026471633;
2026-07-30T04:52:39.760Z;1001;inference;Clean_Air;0;97;0;-0,00091051;0.004220573;0.005187778;-0.002393606;-0,009891934;-0.012200719;-0.020410795;-0.026471633;
2026-07-30T04:52:40.305Z;1001;inference;Clean_Air;0;97;0;-0,00092443;0.004259889;0.005199819;-0.002432703;-0,009875156;-0.012164366;-0.020407241;-0.026474934;
2026-07-30T04:52:40.839Z;1001;inference;Clean_Air;0;98;0;-0,000917463;0.004323193;0.005217335;-0.002382248;-0,009885182;-0.012151864;-0.020369994;-0.026485365;
2026-07-30T04:52:41.384Z;1001;inference;Clean_Air;0;97;0;-0,000937201;0.004343656;0.005198519;-0.002439421;-0,009902189;-0.011888047;-0.020348016;-0.026493769;
2026-07-30T04:52:41.912Z;1001;inference;Clean_Air;0;98;0;-0,00093667;0.004276809;0.005213697;-0.002428351;-0,009916121;-0.011873836;-0.020343484;-0.02650032;
2026-07-30T04:52:42.308Z;1001;inference;Clean_Air;0;97;0;-0,000947344;0.004246856;0.005147739;-0.002439777;-0,009907315;-0.011851391;-0.020297494;-0.0264997;
2026-07-30T04:52:42.839Z;1001;inference;Clean_Air;0;97;0;-0,000947344;0.004246856;0.005147739;-0.002439777;-0,009907315;-0.011851391;-0.020297494;-0.0264997;
2026-07-30T04:52:43.314Z;1001;inference;Clean_Air;0;97;0;-0,000958386;0.004310376;0.005144509;-0.00249328;-0,009915767;-0.012110071;-0.020740997;-0.026115704;
2026-07-30T04:52:43.863Z;1001;inference;Clean_Air;0;97;0;-0,000952495;0.004328985;0.005146439;-0.002528222;-0,009951311;-0.012103712;-0.020772876;-0.026152164;
2026-07-30T04:52:44.395Z;1001;inference;Clean_Air;0;97;0;-0,000965466;0.004332862;0.005185396;-0.002578819;-0,00968455;-0.011845348;-0.020699829;-0.02613524;
2026-07-30T04:52:44.787Z;1001;inference;Clean_Air;0;97;0;-0,00094093;0.00427664;0.005205228;-0.002595619;-0,009700451;-0.011831948;-0.020710938;-0.026150206;
2026-07-30T04:52:45.318Z;1001;inference;Clean_Air;0;97;0;-0,00094093;0.00427664;0.005205228;-0.002595619;-0,009700451;-0.011831948;-0.020710938;-0.026150206;
2026-07-30T04:52:45.791Z;1001;inference;Clean_Air;0;97;0;-0,000924095;0.004292393;0.005204138;-0.002603786;-0,009716882;-0.011852836;-0.020716608;-0.026139399;
2026-07-30T04:52:46.342Z;1001;inference;Clean_Air;0;97;0;-0,000910929;0.004250609;0.005205903;-0.002521793;-0,009713749;-0.011867664;-0.020383712;-0.026134014;
2026-07-30T04:52:46.876Z;1001;inference;Clean_Air;0;97;0;-0,000897543;0.004245345;0.005195335;-0.002531305;-0,009716596;-0.011892759;-0.020368438;-0.02612688;
2026-07-30T04:52:47.427Z;1001;inference;Clean_Air;0;97;0;-0,000837769;0.004225777;0.005165207;-0.002477773;-0,009919208;-0.012145595;-0.020421898;-0.026142105;
2026-07-30T04:52:47.904Z;1001;inference;Clean_Air;0;97;0;-0,000772895;0.00429967;0.005160888;-0.002470888;-0,009888163;-0.012138555;-0.020402072;-0.026162174;
2026-07-30T04:52:48.291Z;1001;inference;Clean_Air;0;97;0;-0,000772895;0.00429967;0.005160888;-0.002470888;-0,009888163;-0.012138555;-0.020402072;-0.026162174;
2026-07-30T04:52:48.761Z;1001;inference;Clean_Air;0;97;0;-0,000772895;0.00429967;0.005160888;-0.002470888;-0,009888163;-0.012138555;-0.020402072;-0.026162174;
2026-07-30T04:52:49.263Z;1001;inference;Clean_Air;0;97;0;-0,000772895;0.00429967;0.005160888;-0.002470888;-0,009888163;-0.012138555;-0.020402072;-0.026162174;
2026-07-30T04:52:49.764Z;1001;inference;Clean_Air;0;97;0;-0,000772895;0.00429967;0.005160888;-0.002470888;-0,009888163;-0.012138555;-0.020402072;-0.026162174;
2026-07-30T04:52:50.305Z;1001;inference;Clean_Air;0;97;0;-0,000754241;0.004315696;0.005210364;-0.002466891;-0,009889595;-0.012160401;-0.020362565;-0.025705975;
2026-07-30T04:52:50.842Z;1001;inference;Clean_Air;0;98;0;-0,00072525;0.00430567;0.005214975;-0.002482315;-0,009906534;-0.012164371;-0.020347761;-0.026154954;
2026-07-30T04:52:51.385Z;1001;inference;Clean_Air;0;97;0;-0,000738799;0.004301977;0.00520094;-0.002446793;-0,009650636;-0.011957149;-0.02034425;-0.026086951;
2026-07-30T04:52:51.920Z;1001;inference;Clean_Air;0;97;0;-0,000722582;0.004305982;0.005204991;-0.002425855;-0,009897622;-0.012254523;-0.020432111;-0.026073808;
2026-07-30T04:52:52.308Z;1001;inference;Clean_Air;0;97;0;-0,000756162;0.004295152;0.005098875;-0.00244522;-0,009909537;-0.012232436;-0.020489428;-0.026056731;
2026-07-30T04:52:52.839Z;1001;inference;Clean_Air;0;97;0;-0,000756162;0.004295152;0.005098875;-0.00244522;-0,009909537;-0.012232436;-0.020489428;-0.026056731;
2026-07-30T04:52:53.322Z;1001;inference;Clean_Air;0;97;0;-0,000733653;0.004277673;0.005094433;-0.002446702;-0,009880273;-0.01220505;-0.020509919;-0.025576755;
2026-07-30T04:52:53.864Z;1001;inference;Clean_Air;0;97;0;-0,00072017;0.004289775;0.005093273;-0.002533163;-0,009902926;-0.01212859;-0.020853907;-0.026064148;
2026-07-30T04:52:54.401Z;1001;inference;Clean_Air;0;97;0;-0,000721077;0.00430114;0.005075327;-0.002522449;-0,009611038;-0.011789446;-0.020917095;-0.026054591;
2026-07-30T04:52:54.787Z;1001;inference;Clean_Air;0;97;0;-0,000748625;0.004322135;0.005130384;-0.002579268;-0,009613106;-0.011787452;-0.020895548;-0.026058037;
2026-07-30T04:52:55.319Z;1001;inference;Clean_Air;0;97;0;-0,000748625;0.004322135;0.005130384;-0.002579268;-0,009613106;-0.011787452;-0.020895548;-0.026058037;
2026-07-30T04:52:55.788Z;1001;inference;Clean_Air;0;97;0;-0,000831329;0.004313677;0.00510232;-0.002572871;-0,009610279;-0.011799365;-0.02092015;-0.026041269;
2026-07-30T04:52:56.344Z;1001;inference;Clean_Air;0;97;0;-0,000834653;0.004292419;0.005095934;-0.002569583;-0,009638811;-0.011783867;-0.020550096;-0.026000941;
2026-07-30T04:52:56.883Z;1001;inference;Clean_Air;0;97;0;-0,000836283;0.004298017;0.005103238;-0.002569221;-0,009642841;-0.011782343;-0.020594466;-0.02598707;
2026-07-30T04:52:57.423Z;1001;inference;Clean_Air;0;97;0;-0,000806064;0.004308997;0.005121089;-0.002566234;-0,009629831;-0.011985702;-0.020572906;-0.026015144;
2026-07-30T04:52:57.799Z;1001;inference;Clean_Air;0;97;0;-0,000836292;0.004317825;0.005136234;-0.002568343;-0,009619049;-0.011962885;-0.020519005;-0.026059484;
2026-07-30T04:52:58.280Z;1001;inference;Clean_Air;0;97;0;-0,000836292;0.004317825;0.005136234;-0.002568343;-0,009619049;-0.011962885;-0.020519005;-0.026059484;
2026-07-30T04:52:58.816Z;1001;inference;Clean_Air;0;98;0;-0,000823449;0.004396814;0.005233597;-0.002498163;-0,009594542;-0.011991428;-0.020533923;-0.026053792;
2026-07-30T04:52:59.279Z;1001;inference;Clean_Air;0;98;0;-0,000823449;0.004396814;0.005233597;-0.002498163;-0,009594542;-0.011991428;-0.020533923;-0.026053792;
2026-07-30T04:52:59.757Z;1001;inference;Clean_Air;0;98;0;-0,000823449;0.004396814;0.005233597;-0.002498163;-0,009594542;-0.011991428;-0.020533923;-0.026053792;
2026-07-30T04:53:00.258Z;1001;inference;Clean_Air;0;98;0;-0,000823449;0.004396814;0.005233597;-0.002498163;-0,009594542;-0.011991428;-0.020533923;-0.026053792;
2026-07-30T04:53:00.761Z;1001;inference;Clean_Air;0;98;0;-0,000823449;0.004396814;0.005233597;-0.002498163;-0,009594542;-0.011991428;-0.020533923;-0.026053792;
2026-07-30T04:53:01.306Z;1001;inference;Clean_Air;0;98;0;-0,000822666;0.00438299;0.00524583;-0.002540974;-0,009606628;-0.012008856;-0.020517819;-0.026524331;
2026-07-30T04:53:01.838Z;1001;inference;Clean_Air;0;98;0;-0,000861651;0.004392935;0.00524803;-0.002502949;-0,009586379;-0.012091888;-0.020514747;-0.026494851;
2026-07-30T04:53:02.385Z;1001;inference;Clean_Air;0;98;0;-0,00088123;0.004408303;0.005260892;-0.002532024;-0,009630804;-0.012137357;-0.020465387;-0.02651603;
2026-07-30T04:53:02.914Z;1001;inference;Clean_Air;0;98;0;-0,000904031;0.004387764;0.005262799;-0.002512494;-0,009644615;-0.012151509;-0.020455267;-0.026494792;
2026-07-30T04:53:03.309Z;1001;inference;Clean_Air;0;98;0;-0,000903365;0.004324065;0.005222921;-0.002457359;-0,009648075;-0.012173511;-0.020456322;-0.026478359;
2026-07-30T04:53:03.840Z;1001;inference;Clean_Air;0;98;0;-0,000903365;0.004324065;0.005222921;-0.002457359;-0,009648075;-0.012173511;-0.020456322;-0.026478359;
2026-07-30T04:53:04.315Z;1001;inference;Clean_Air;0;98;0;-0,000895057;0.004337919;0.005229668;-0.002471111;-0,00961489;-0.012175681;-0.020865308;-0.026508695;
2026-07-30T04:53:04.864Z;1001;inference;Clean_Air;0;97;0;-0,000918658;0.004360807;0.005199922;-0.002474979;-0,009569945;-0.012177544;-0.020834383;-0.026512945;
2026-07-30T04:53:05.395Z;1001;inference;Clean_Air;0;97;0;-0,000955393;0.004355451;0.005190444;-0.002485332;-0,009590369;-0.011906636;-0.020864841;-0.026530813;
2026-07-30T04:53:05.788Z;1001;inference;Clean_Air;0;97;0;-0,000922997;0.004330285;0.005172735;-0.002495606;-0,009607567;-0.011919199;-0.020878553;-0.026497936;
2026-07-30T04:53:06.319Z;1001;inference;Clean_Air;0;97;0;-0,000922997;0.004330285;0.005172735;-0.002495606;-0,009607567;-0.011919199;-0.020878553;-0.026497936;
2026-07-30T04:53:06.795Z;1001;inference;Clean_Air;0;97;0;-0,000924456;0.004336196;0.005184017;-0.002491719;-0,00962516;-0.011927531;-0.020888094;-0.026518816;
2026-07-30T04:53:07.343Z;1001;inference;Clean_Air;0;97;0;-0,000919617;0.004375234;0.005184551;-0.00238708;-0,009614957;-0.01190356;-0.020494681;-0.026073163;
2026-07-30T04:53:07.874Z;1001;inference;Clean_Air;0;97;0;-0,000891663;0.0043603;0.005191433;-0.00235823;-0,009654799;-0.011889452;-0.020467732;-0.026077608;
2026-07-30T04:53:08.427Z;1001;inference;Clean_Air;0;97;0;-0,000867934;0.00432332;0.005197693;-0.002303694;-0,009648873;-0.012169887;-0.020454481;-0.026047101;
2026-07-30T04:53:08.905Z;1001;inference;Clean_Air;0;97;0;-0,000868195;0.004348472;0.005171346;-0.002252208;-0,009627348;-0.012159462;-0.020465832;-0.026069487;
2026-07-30T04:53:09.291Z;1001;inference;Clean_Air;0;97;0;-0,000868195;0.004348472;0.005171346;-0.002252208;-0,009627348;-0.012159462;-0.020465832;-0.026069487;
2026-07-30T04:53:09.756Z;1001;inference;Clean_Air;0;97;0;-0,000868195;0.004348472;0.005171346;-0.002252208;-0,009627348;-0.012159462;-0.020465832;-0.026069487;
2026-07-30T04:53:10.256Z;1001;inference;Clean_Air;0;97;0;-0,000868195;0.004348472;0.005171346;-0.002252208;-0,009627348;-0.012159462;-0.020465832;-0.026069487;
2026-07-30T04:53:10.756Z;1001;inference;Clean_Air;0;97;0;-0,000868195;0.004348472;0.005171346;-0.002252208;-0,009627348;-0.012159462;-0.020465832;-0.026069487;
2026-07-30T04:53:11.306Z;1001;inference;Clean_Air;0;98;0;-0,000865091;0.004433741;0.005227442;-0.002252626;-0,00962053;-0.012117976;-0.020472417;-0.026093971;
2026-07-30T04:53:11.833Z;1001;inference;Clean_Air;0;98;0;-0,000888669;0.004492003;0.005221288;-0.002167892;-0,009629529;-0.012101353;-0.020473357;-0.026587835;
2026-07-30T04:53:12.386Z;1001;inference;Clean_Air;0;98;0;-0,000860887;0.004468458;0.00522087;-0.002154871;-0,009658023;-0.011826898;-0.020070853;-0.02659684;
2026-07-30T04:53:12.921Z;1001;inference;Clean_Air;0;98;0;-0,000845395;0.004403076;0.005233623;-0.002186787;-0,009865575;-0.012129858;-0.020066138;-0.026609126;
2026-07-30T04:53:13.309Z;1001;inference;Clean_Air;0;97;0;-0,000854897;0.004360646;0.005188549;-0.002175835;-0,009848364;-0.01212425;-0.020065278;-0.026613986;
2026-07-30T04:53:13.840Z;1001;inference;Clean_Air;0;97;0;-0,000854897;0.004360646;0.005188549;-0.002175835;-0,009848364;-0.01212425;-0.020065278;-0.026613986;
2026-07-30T04:53:14.313Z;1001;inference;Clean_Air;0;97;0;-0,000873075;0.004392262;0.005183015;-0.002238174;-0,009839987;-0.012118987;-0.020083012;-0.026615288;
2026-07-30T04:53:14.865Z;1001;inference;Clean_Air;0;97;0;-0,000903209;0.004386338;0.005194582;-0.002304261;-0,009823429;-0.012123626;-0.020470809;-0.027096558;
2026-07-30T04:53:15.395Z;1001;inference;Clean_Air;0;97;0;-0,000919894;0.004377882;0.005199263;-0.002335084;-0,00951974;-0.011872982;-0.020092819;-0.027107079;
2026-07-30T04:53:15.788Z;1001;inference;Clean_Air;0;97;0;-0,000945486;0.004403426;0.005202042;-0.002358663;-0,00971728;-0.011886232;-0.020118523;-0.02712464;
2026-07-30T04:53:16.319Z;1001;inference;Clean_Air;0;97;0;-0,000945486;0.004403426;0.005202042;-0.002358663;-0,00971728;-0.011886232;-0.020118523;-0.02712464;
2026-07-30T04:53:16.796Z;1001;inference;Clean_Air;0;98;0;-0,000918894;0.004384151;0.005218111;-0.002441394;-0,00972912;-0.011901928;-0.020115104;-0.027101746;
2026-07-30T04:53:17.344Z;1001;inference;Clean_Air;0;98;0;-0,000923071;0.004357603;0.005227772;-0.002483198;-0,009735366;-0.011923419;-0.019676404;-0.026620939;
2026-07-30T04:53:17.875Z;1001;inference;Clean_Air;0;98;0;-0,000897049;0.00430908;0.005252643;-0.002544072;-0,009728992;-0.011913659;-0.019676449;-0.026595477;
2026-07-30T04:53:18.423Z;1001;inference;Clean_Air;0;98;0;-0,000928172;0.004312149;0.005288266;-0.002526086;-0,009498009;-0.012173573;-0.020076102;-0.02661559;
2026-07-30T04:53:18.799Z;1001;inference;Clean_Air;0;98;0;-0,000921802;0.004393184;0.005292991;-0.002513815;-0,009510537;-0.012138193;-0.020104118;-0.026624095;
2026-07-30T04:53:19.275Z;1001;inference;Clean_Air;0;98;0;-0,000921802;0.004393184;0.005292991;-0.002513815;-0,009510537;-0.012138193;-0.020104118;-0.026624095;
2026-07-30T04:53:19.817Z;1001;inference;Clean_Air;0;98;0;-0,000928542;0.004472432;0.00535383;-0.002551738;-0,00951421;-0.012159972;-0.02011184;-0.026643166;
2026-07-30T04:53:20.280Z;1001;inference;Clean_Air;0;98;0;-0,000928542;0.004472432;0.00535383;-0.002551738;-0,00951421;-0.012159972;-0.02011184;-0.026643166;
2026-07-30T04:53:20.757Z;1001;inference;Clean_Air;0;98;0;-0,000928542;0.004472432;0.00535383;-0.002551738;-0,00951421;-0.012159972;-0.02011184;-0.026643166;
2026-07-30T04:53:21.257Z;1001;inference;Clean_Air;0;98;0;-0,000928542;0.004472432;0.00535383;-0.002551738;-0,00951421;-0.012159972;-0.02011184;-0.026643166;
2026-07-30T04:53:21.756Z;1001;inference;Clean_Air;0;98;0;-0,000928542;0.004472432;0.00535383;-0.002551738;-0,00951421;-0.012159972;-0.02011184;-0.026643166;
2026-07-30T04:53:22.310Z;1001;inference;Clean_Air;0;98;0;-0,00089904;0.004430585;0.005341035;-0.002565447;-0,009517414;-0.012164121;-0.020089146;-0.026647177;
2026-07-30T04:53:22.845Z;1001;inference;Clean_Air;0;98;0;-0,000901632;0.004413026;0.005312014;-0.002484746;-0,009537302;-0.012194331;-0.020025356;-0.026660383;
2026-07-30T04:53:23.389Z;1001;inference;Clean_Air;0;98;0;-0,000890982;0.004419914;0.005274925;-0.002517274;-0,009810286;-0.012178891;-0.020034717;-0.026657049;
2026-07-30T04:53:23.923Z;1001;inference;Clean_Air;0;98;0;-0,00088201;0.004408786;0.005284948;-0.002519941;-0,009844266;-0.012173215;-0.019999143;-0.026644412;
2026-07-30T04:53:24.313Z;1001;inference;Clean_Air;0;98;0;-0,000901052;0.004353997;0.005241804;-0.002492575;-0,009875135;-0.012166202;-0.019984443;-0.026658172;
2026-07-30T04:53:24.845Z;1001;inference;Clean_Air;0;98;0;-0,000901052;0.004353997;0.005241804;-0.002492575;-0,009875135;-0.012166202;-0.019984443;-0.026658172;
2026-07-30T04:53:25.329Z;1001;inference;Clean_Air;0;98;0;-0,000881598;0.004366846;0.005215769;-0.002512472;-0,009911289;-0.012159522;-0.020456176;-0.027146369;
2026-07-30T04:53:25.869Z;1001;inference;Clean_Air;0;97;0;-0,000893175;0.004415366;0.005211534;-0.002534571;-0,009914584;-0.012176107;-0.020397186;-0.027154539;
2026-07-30T04:53:26.403Z;1001;inference;Clean_Air;0;97;0;-0,000881314;0.004429242;0.005203594;-0.002567698;-0,010160756;-0.011869633;-0.020059515;-0.027144987;
2026-07-30T04:53:26.794Z;1001;inference;Clean_Air;0;97;0;-0,000866089;0.004415617;0.005161824;-0.002573134;-0,010159075;-0.011898699;-0.020033978;-0.027163884;
2026-07-30T04:53:27.323Z;1001;inference;Clean_Air;0;97;0;-0,000866089;0.004415617;0.005161824;-0.002573134;-0,010159075;-0.011898699;-0.020033978;-0.027163884;
2026-07-30T04:53:27.799Z;1001;inference;Clean_Air;0;97;0;-0,000853626;0.00439611;0.005164622;-0.002477236;-0,010175425;-0.011859572;-0.02003205;-0.027167102;
2026-07-30T04:53:28.348Z;1001;inference;Clean_Air;0;97;0;-0,000831736;0.00443616;0.00515147;-0.002497073;-0,010171418;-0.011866122;-0.01998201;-0.026688894;
2026-07-30T04:53:28.876Z;1001;inference;Clean_Air;0;97;0;-0,000838289;0.004483456;0.005162013;-0.002569708;-0,010183011;-0.011849069;-0.020096436;-0.026642781;
2026-07-30T04:53:29.431Z;1001;inference;Clean_Air;0;97;0;-0,000853948;0.004487887;0.005174991;-0.002501243;-0,009957807;-0.012109587;-0.020476252;-0.026646301;
2026-07-30T04:53:29.909Z;1001;inference;Clean_Air;0;97;0;-0,000854634;0.004538932;0.005175718;-0.002487172;-0,009960487;-0.012080288;-0.020429486;-0.026671777;
2026-07-30T04:53:30.291Z;1001;inference;Clean_Air;0;97;0;-0,000854634;0.004538932;0.005175718;-0.002487172;-0,009960487;-0.012080288;-0.020429486;-0.026671777;
2026-07-30T04:53:30.763Z;1001;inference;Clean_Air;0;97;0;-0,000854634;0.004538932;0.005175718;-0.002487172;-0,009960487;-0.012080288;-0.020429486;-0.026671777;
2026-07-30T04:53:31.250Z;1001;inference;Clean_Air;0;97;0;-0,000854634;0.004538932;0.005175718;-0.002487172;-0,009960487;-0.012080288;-0.020429486;-0.026671777;
2026-07-30T04:53:31.751Z;1001;inference;Clean_Air;0;97;0;-0,000854634;0.004538932;0.005175718;-0.002487172;-0,009960487;-0.012080288;-0.020429486;-0.026671777;
2026-07-30T04:53:32.311Z;1001;inference;Clean_Air;0;97;0;-0,000844612;0.004587444;0.005185511;-0.00251063;-0,009908596;-0.012076481;-0.020454664;-0.026666436;
2026-07-30T04:53:32.844Z;1001;inference;Clean_Air;0;97;0;-0,00087104;0.004593394;0.005204612;-0.002495762;-0,009890834;-0.012076297;-0.020406106;-0.026648259;
2026-07-30T04:53:33.391Z;1001;inference;Clean_Air;0;98;0;-0,000858871;0.00454714;0.00525767;-0.002524395;-0,009903902;-0.01183323;-0.020072037;-0.026647937;
2026-07-30T04:53:33.926Z;1001;inference;Clean_Air;0;98;0;-0,00084975;0.004530184;0.005241414;-0.00251557;-0,009878568;-0.012164701;-0.020380519;-0.026636532;
2026-07-30T04:53:34.313Z;1001;inference;Clean_Air;0;98;0;-0,000880117;0.004528473;0.005225189;-0.002489237;-0,009891392;-0.012131784;-0.020375784;-0.026600471;
2026-07-30T04:53:34.845Z;1001;inference;Clean_Air;0;98;0;-0,000880117;0.004528473;0.005225189;-0.002489237;-0,009891392;-0.012131784;-0.020375784;-0.026600471;
2026-07-30T04:53:35.327Z;1001;inference;Clean_Air;0;97;0;-0,000894499;0.004531338;0.005205269;-0.00248973;-0,00987837;-0.012148075;-0.020324942;-0.026568387;
2026-07-30T04:53:35.870Z;1001;inference;Clean_Air;0;97;0;-0,00090525;0.004484583;0.005193396;-0.002456194;-0,009914385;-0.012124212;-0.020280505;-0.027041426;
2026-07-30T04:53:36.408Z;1001;inference;Clean_Air;0;97;0;-0,000914687;0.004448837;0.005155931;-0.00243783;-0,009910339;-0.011847349;-0.019845545;-0.02708064;
2026-07-30T04:53:36.794Z;1001;inference;Clean_Air;0;97;0;-0,000886515;0.004442922;0.005175878;-0.002445724;-0,0101101;-0.011886521;-0.019857779;-0.027062705;
2026-07-30T04:53:37.325Z;1001;inference;Clean_Air;0;97;0;-0,000886515;0.004442922;0.005175878;-0.002445724;-0,0101101;-0.011886521;-0.019857779;-0.027062705;
2026-07-30T04:53:37.803Z;1001;inference;Clean_Air;0;97;0;-0,000886738;0.004402397;0.005168325;-0.002454539;-0,010103452;-0.011897093;-0.019940402;-0.027039791;
2026-07-30T04:53:38.349Z;1001;inference;Clean_Air;0;97;0;-0,000895506;0.004347798;0.005197289;-0.002423391;-0,010117133;-0.011889105;-0.019919533;-0.026546648;
2026-07-30T04:53:38.883Z;1001;inference;Clean_Air;0;97;0;-0,000880826;0.004334533;0.005200452;-0.002451611;-0,010107344;-0.011870247;-0.01993734;-0.026551098;
2026-07-30T04:53:39.273Z;1001;inference;Clean_Air;0;97;0;-0,000894919;0.004355881;0.005145001;-0.002373518;-0,009858393;-0.011843083;-0.020324983;-0.026526382;Duty Cycle  95%
2026-07-30T04:53:39.915Z;1001;inference;Clean_Air;0;97;0;-0,000894919;0.004355881;0.005145001;-0.002373518;-0,009858393;-0.011843083;-0.020324983;-0.026526382;Duty Cycle  95%
2026-07-30T04:53:40.288Z;1001;inference;Clean_Air;0;97;0;-0,000889072;0.004377174;0.005165936;-0.002382611;-0,009876578;-0.011866353;-0.020348897;-0.026508704;Duty Cycle  95%
2026-07-30T04:53:40.763Z;1001;inference;Clean_Air;0;97;0;-0,000889072;0.004377174;0.005165936;-0.002382611;-0,009876578;-0.011866353;-0.020348897;-0.026508704;Duty Cycle  95%
2026-07-30T04:53:41.261Z;1001;inference;Clean_Air;0;97;0;-0,000889072;0.004377174;0.005165936;-0.002382611;-0,009876578;-0.011866353;-0.020348897;-0.026508704;Duty Cycle  95%
2026-07-30T04:53:41.762Z;1001;inference;Clean_Air;0;97;0;-0,000889072;0.004377174;0.005165936;-0.002382611;-0,009876578;-0.011866353;-0.020348897;-0.026508704;Duty Cycle  95%
2026-07-30T04:53:42.250Z;1001;inference;Clean_Air;0;97;0;-0,000889072;0.004377174;0.005165936;-0.002382611;-0,009876578;-0.011866353;-0.020348897;-0.026508704;Duty Cycle  95%
2026-07-30T04:53:42.807Z;1001;inference;Clean_Air;0;98;0;-0,000896196;0.004363507;0.005217071;-0.002404829;-0,00986059;-0.011875947;-0.02036294;-0.02652346;Duty Cycle  95%
2026-07-30T04:53:43.342Z;1001;inference;Clean_Air;0;98;0;-0,00089037;0.004371393;0.00523123;-0.002404489;-0,009872327;-0.011895189;-0.020467114;-0.02654092;Duty Cycle  95%
2026-07-30T04:53:43.887Z;1001;inference;Clean_Air;0;98;0;-0,000884168;0.004353985;0.005253475;-0.002400725;-0,00983073;-0.01190301;-0.020550342;-0.02653398;Duty Cycle  95%
2026-07-30T04:53:44.423Z;1001;inference;Clean_Air;0;98;0;-0,000876974;0.00428598;0.005293739;-0.002427313;-0,009591886;-0.011969732;-0.020952784;-0.026524847;Duty Cycle  95%
2026-07-30T04:53:44.811Z;1001;inference;Clean_Air;0;98;0;-0,000886008;0.00429453;0.005273408;-0.002434465;-0,009635418;-0.011871663;-0.020945258;-0.026527608;Duty Cycle  95%
2026-07-30T04:53:45.343Z;1001;inference;Clean_Air;0;98;0;-0,000886008;0.00429453;0.005273408;-0.002434465;-0,009635418;-0.011871663;-0.020945258;-0.026527608;Duty Cycle  95%
2026-07-30T04:53:45.823Z;1001;inference;Clean_Air;0;98;0;-0,00088538;0.004288313;0.005291914;-0.002437411;-0,009638736;-0.011874761;-0.020912336;-0.026527073;Duty Cycle  95%
2026-07-30T04:53:46.366Z;1001;inference;Clean_Air;0;98;0;-0,000860175;0.004346941;0.005309578;-0.002472846;-0,00965695;-0.011885587;-0.020517569;-0.026510283;Duty Cycle  95%
2026-07-30T04:53:46.899Z;1001;inference;Clean_Air;0;98;0;-0,000887303;0.004317281;0.005239346;-0.002432671;-0,009481286;-0.011638984;-0.020106573;-0.026044955;Duty Cycle  95%
2026-07-30T04:53:47.290Z;1001;inference;Clean_Air;0;97;0;-0,000919501;0.004219919;0.005190444;-0.002433054;-0,009497786;-0.011640174;-0.019709496;-0.025598962;Duty Cycle  95%
2026-07-30T04:53:47.822Z;1001;inference;Clean_Air;0;97;0;-0,000919501;0.004219919;0.005190444;-0.002433054;-0,009497786;-0.011640174;-0.019709496;-0.025598962;Duty Cycle  95%
2026-07-30T04:53:48.298Z;1001;inference;Clean_Air;0;97;0;-0,000947251;0.00415722;0.005108297;-0.002387367;-0,009221867;-0.011349081;-0.019324739;-0.025146356;Duty Cycle  95%
2026-07-30T04:53:48.845Z;1001;inference;Clean_Air;0;97;0;-0,000962038;0.004113892;0.005041821;-0.002348119;-0,008985941;-0.011032907;-0.018910542;-0.024661304;Duty Cycle  95%
2026-07-30T04:53:49.377Z;1001;inference;Clean_Air;0;96;0;-0,000998138;0.004029708;0.004973658;-0.002377813;-0,008700611;-0.01068543;-0.018459467;-0.024177883;Duty Cycle  95%
2026-07-30T04:53:49.928Z;1001;inference;Clean_Air;0;96;0;-0,00102832;0.004004267;0.004921665;-0.002358757;-0,008542014;-0.01039442;-0.018021334;-0.023719577;Duty Cycle  95%
2026-07-30T04:53:50.405Z;1001;inference;Clean_Air;0;96;0;-0,001041592;0.004015914;0.004861231;-0.002308177;-0,008546452;-0.010314656;-0.017623255;-0.023212511;Duty Cycle  95%
2026-07-30T04:53:50.803Z;1001;inference;Clean_Air;0;96;0;-0,001041592;0.004015914;0.004861231;-0.002308177;-0,008546452;-0.010314656;-0.017623255;-0.023212511;Duty Cycle  95%
2026-07-30T04:53:51.270Z;1001;inference;Clean_Air;0;96;0;-0,001041592;0.004015914;0.004861231;-0.002308177;-0,008546452;-0.010314656;-0.017623255;-0.023212511;Duty Cycle  95%
2026-07-30T04:53:51.766Z;1001;inference;Clean_Air;0;96;0;-0,001041592;0.004015914;0.004861231;-0.002308177;-0,008546452;-0.010314656;-0.017623255;-0.023212511;Duty Cycle  95%
2026-07-30T04:53:52.265Z;1001;inference;Clean_Air;0;96;0;-0,001041592;0.004015914;0.004861231;-0.002308177;-0,008546452;-0.010314656;-0.017623255;-0.023212511;Duty Cycle  95%
2026-07-30T04:53:52.807Z;1001;inference;Clean_Air;0;96;0;-0,001052299;0.003971822;0.004806702;-0.002266861;-0,008300362;-0.010172995;-0.017303694;-0.022720257;Duty Cycle  95%
2026-07-30T04:53:53.340Z;1001;inference;Clean_Air;0;94;0;-0,001051904;0.003932887;0.004748783;-0.002239352;-0,008067397;-0.009924902;-0.016915258;-0.022253742;Duty Cycle  95%
2026-07-30T04:53:53.887Z;1001;inference;Clean_Air;0;92;0;-0,001077773;0.003865203;0.004639397;-0.002182717;-0,007822303;-0.009674362;-0.016876677;-0.022274345;Duty Cycle  95%
2026-07-30T04:53:54.422Z;1001;inference;Clean_Air;0;92;0;-0,001080613;0.003836238;0.004643529;-0.002179764;-0,007718539;-0.009650552;-0.016940081;-0.02228461;Duty Cycle  95%
2026-07-30T04:53:54.811Z;1001;inference;Clean_Air;0;92;0;-0,001068814;0.003850289;0.004620881;-0.002193697;-0,00769532;-0.009643224;-0.016947698;-0.022283252;Duty Cycle  95%
2026-07-30T04:53:55.341Z;1001;inference;Clean_Air;0;92;0;-0,001068814;0.003850289;0.004620881;-0.002193697;-0,00769532;-0.009643224;-0.016947698;-0.022283252;Duty Cycle  95%
2026-07-30T04:53:55.822Z;1001;inference;Clean_Air;0;92;0;-0,001072692;0.003848502;0.004656233;-0.002217924;-0,007730684;-0.009628782;-0.0169311;-0.022277405;Duty Cycle  95%
2026-07-30T04:53:56.367Z;1001;inference;Clean_Air;0;94;0;-0,001063383;0.003845904;0.004719343;-0.002300147;-0,007747577;-0.009649422;-0.016939688;-0.022283807;Duty Cycle  95%
2026-07-30T04:53:56.905Z;1001;inference;Clean_Air;0;94;0;-0,001051021;0.003850521;0.004731214;-0.002319534;-0,007751551;-0.009675147;-0.016955908;-0.022287309;Duty Cycle  95%
2026-07-30T04:53:57.290Z;1001;inference;Clean_Air;0;94;0;-0,001113651;0.00384362;0.004728659;-0.002303056;-0,007693325;-0.009675465;-0.017062388;-0.022272905;Duty Cycle  95%
2026-07-30T04:53:57.821Z;1001;inference;Clean_Air;0;94;0;-0,001113651;0.00384362;0.004728659;-0.002303056;-0,007693325;-0.009675465;-0.017062388;-0.022272905;Duty Cycle  95%
2026-07-30T04:53:58.303Z;1001;inference;Clean_Air;0;94;0;-0,001093946;0.003841983;0.004732482;-0.002279707;-0,007701885;-0.009717192;-0.017061146;-0.022278938;Duty Cycle  95%
2026-07-30T04:53:58.845Z;1001;inference;Clean_Air;0;94;0;-0,0010997;0.003851795;0.00472745;-0.002278632;-0,007709151;-0.009628793;-0.016944902;-0.022294857;Duty Cycle  95%
2026-07-30T04:53:59.375Z;1001;inference;Clean_Air;0;92;0;-0,001103759;0.003762078;0.00467708;-0.002271703;-0,007709829;-0.009676506;-0.016970988;-0.02229294;Duty Cycle  95%
2026-07-30T04:53:59.925Z;1001;inference;Clean_Air;0;94;0;-0,001191945;0.003714044;0.004713589;-0.002293718;-0,00770888;-0.00967859;-0.017004818;-0.02229098;Duty Cycle  95%
2026-07-30T04:54:00.302Z;1001;inference;Clean_Air;0;92;0;-0,00116369;0.003729276;0.004683923;-0.002279937;-0,007774492;-0.009683086;-0.016965393;-0.022247355;Duty Cycle  95%
2026-07-30T04:54:00.782Z;1001;inference;Clean_Air;0;92;0;-0,00116369;0.003729276;0.004683923;-0.002279937;-0,007774492;-0.009683086;-0.016965393;-0.022247355;Duty Cycle  95%
2026-07-30T04:54:01.322Z;1001;inference;Clean_Air;0;92;0;-0,001158604;0.00373189;0.004706922;-0.002260459;-0,007765701;-0.009679182;-0.016976587;-0.022246707;Duty Cycle  95%
2026-07-30T04:54:01.780Z;1001;inference;Clean_Air;0;92;0;-0,001158604;0.00373189;0.004706922;-0.002260459;-0,007765701;-0.009679182;-0.016976587;-0.022246707;Duty Cycle  95%
2026-07-30T04:54:02.251Z;1001;inference;Clean_Air;0;92;0;-0,001158604;0.00373189;0.004706922;-0.002260459;-0,007765701;-0.009679182;-0.016976587;-0.022246707;Duty Cycle  95%
2026-07-30T04:54:02.765Z;1001;inference;Clean_Air;0;92;0;-0,001158604;0.00373189;0.004706922;-0.002260459;-0,007765701;-0.009679182;-0.016976587;-0.022246707;Duty Cycle  95%
2026-07-30T04:54:03.266Z;1001;inference;Clean_Air;0;92;0;-0,001158604;0.00373189;0.004706922;-0.002260459;-0,007765701;-0.009679182;-0.016976587;-0.022246707;Duty Cycle  95%
2026-07-30T04:54:03.808Z;1001;inference;Clean_Air;0;92;0;-0,001142345;0.003743529;0.004687757;-0.002233609;-0,00775838;-0.009696904;-0.016990045;-0.022245353;Duty Cycle  95%
2026-07-30T04:54:04.335Z;1001;inference;Clean_Air;0;93;0;-0,001141862;0.003739284;0.004624223;-0.002161529;-0,007749736;-0.009717497;-0.01699396;-0.022216771;Duty Cycle  95%
2026-07-30T04:54:04.887Z;1001;inference;Clean_Air;0;92;0;-0,001119629;0.003745306;0.004621479;-0.002151628;-0,00780172;-0.009795207;-0.016979711;-0.022214388;Duty Cycle  95%
2026-07-30T04:54:05.421Z;1001;inference;Clean_Air;0;92;0;-0,001044692;0.003747276;0.004631116;-0.002137322;-0,0077521;-0.009769435;-0.016904246;-0.02221583;Duty Cycle  95%
2026-07-30T04:54:05.811Z;1001;inference;Clean_Air;0;92;0;-0,001051281;0.003745712;0.004640582;-0.00216576;-0,007748035;-0.009741137;-0.016885675;-0.022232419;Duty Cycle  95%
2026-07-30T04:54:06.344Z;1001;inference;Clean_Air;0;92;0;-0,001051281;0.003745712;0.004640582;-0.00216576;-0,007748035;-0.009741137;-0.016885675;-0.022232419;Duty Cycle  95%
2026-07-30T04:54:06.816Z;1001;inference;Clean_Air;0;92;0;-0,001054919;0.003707554;0.004654962;-0.00217318;-0,007763895;-0.009786184;-0.016912539;-0.022264244;Duty Cycle  95%
2026-07-30T04:54:07.367Z;1001;inference;Clean_Air;0;92;0;-0,001049961;0.003709585;0.004673097;-0.002197754;-0,007823196;-0.009710322;-0.016899247;-0.022266107;Duty Cycle  95%
2026-07-30T04:54:07.905Z;1001;inference;Clean_Air;0;92;0;-0,000972374;0.003768797;0.004682438;-0.002186548;-0,007830205;-0.009641686;-0.016904321;-0.022286426;Duty Cycle  95%
2026-07-30T04:54:08.290Z;1001;inference;Clean_Air;0;94;0;-0,001001994;0.003743228;0.004789208;-0.002183735;-0,007806059;-0.009649278;-0.016872484;-0.02232172;Duty Cycle  95%
2026-07-30T04:54:08.823Z;1001;inference;Clean_Air;0;94;0;-0,001001994;0.003743228;0.004789208;-0.002183735;-0,007806059;-0.009649278;-0.016872484;-0.02232172;Duty Cycle  95%
2026-07-30T04:54:09.296Z;1001;inference;Clean_Air;0;94;0;-0,00098898;0.003757859;0.00475129;-0.00221978;-0,007855611;-0.009649639;-0.016869837;-0.022322077;Duty Cycle  95%
2026-07-30T04:54:09.846Z;1001;inference;Clean_Air;0;96;0;-0,000988316;0.003751892;0.00482998;-0.002216225;-0,007859495;-0.009581677;-0.01687723;-0.022401627;Duty Cycle  95%
2026-07-30T04:54:10.378Z;1001;inference;Clean_Air;0;96;0;-0,000981102;0.003688719;0.00483947;-0.002193333;-0,00783615;-0.009652043;-0.01683902;-0.02241875;Duty Cycle  95%
2026-07-30T04:54:10.917Z;1001;inference;Clean_Air;0;96;0;-0,000996371;0.003708554;0.004828063;-0.002193241;-0,00782001;-0.009626215;-0.016865466;-0.02241095;Duty Cycle  95%
2026-07-30T04:54:11.394Z;1001;inference;Clean_Air;0;96;0;-0,00099301;0.003718685;0.004839848;-0.002225082;-0,007874128;-0.009660901;-0.016857496;-0.022434171;Duty Cycle  95%
2026-07-30T04:54:11.792Z;1001;inference;Clean_Air;0;96;0;-0,00099301;0.003718685;0.004839848;-0.002225082;-0,007874128;-0.009660901;-0.016857496;-0.022434171;Duty Cycle  95%
2026-07-30T04:54:12.268Z;1001;inference;Clean_Air;0;96;0;-0,00099301;0.003718685;0.004839848;-0.002225082;-0,007874128;-0.009660901;-0.016857496;-0.022434171;Duty Cycle  95%
2026-07-30T04:54:12.754Z;1001;inference;Clean_Air;0;96;0;-0,00099301;0.003718685;0.004839848;-0.002225082;-0,007874128;-0.009660901;-0.016857496;-0.022434171;Duty Cycle  95%
2026-07-30T04:54:13.252Z;1001;inference;Clean_Air;0;96;0;-0,00099301;0.003718685;0.004839848;-0.002225082;-0,007874128;-0.009660901;-0.016857496;-0.022434171;Duty Cycle  95%
2026-07-30T04:54:13.808Z;1001;inference;Clean_Air;0;96;0;-0,000975858;0.003728241;0.004841655;-0.002234493;-0,007868694;-0.009618068;-0.016844859;-0.022388116;Duty Cycle  95%
2026-07-30T04:54:14.335Z;1001;inference;Clean_Air;0;96;0;-0,000952906;0.003745142;0.004848023;-0.00223738;-0,00784325;-0.009601356;-0.01686072;-0.022351962;Duty Cycle  95%
2026-07-30T04:54:14.888Z;1001;inference;Clean_Air;0;96;0;-0,000975381;0.003803897;0.004877448;-0.002223932;-0,007748319;-0.009580386;-0.016872533;-0.022364222;Duty Cycle  95%
2026-07-30T04:54:15.416Z;1001;inference;Clean_Air;0;96;0;-0,000980402;0.003816618;0.004876062;-0.002229779;-0,007732318;-0.009658245;-0.016882379;-0.022360329;Duty Cycle  95%
2026-07-30T04:54:15.812Z;1001;inference;Clean_Air;0;96;0;-0,000944256;0.003841693;0.004818165;-0.002261956;-0,007742884;-0.009675925;-0.016905656;-0.022349162;Duty Cycle  95%
2026-07-30T04:54:16.342Z;1001;inference;Clean_Air;0;96;0;-0,000944256;0.003841693;0.004818165;-0.002261956;-0,007742884;-0.009675925;-0.016905656;-0.022349162;Duty Cycle  95%
2026-07-30T04:54:16.819Z;1001;inference;Clean_Air;0;96;0;-0,000940494;0.003807137;0.004826512;-0.002231501;-0,007701264;-0.009708088;-0.016912233;-0.022337198;Duty Cycle  95%
2026-07-30T04:54:17.366Z;1001;inference;Clean_Air;0;96;0;-0,001021384;0.003785901;0.004824126;-0.0022423;-0,007701567;-0.009725712;-0.016910532;-0.02225144;Duty Cycle  95%
2026-07-30T04:54:17.897Z;1001;inference;Clean_Air;0;96;0;-0,001031245;0.003838344;0.004827171;-0.002265157;-0,007719338;-0.009663288;-0.016954234;-0.022271201;Duty Cycle  95%
2026-07-30T04:54:18.291Z;1001;inference;Clean_Air;0;96;0;-0,001035665;0.003825085;0.00484667;-0.002267757;-0,007731176;-0.009635055;-0.016954614;-0.022317808;Duty Cycle  95%
2026-07-30T04:54:18.821Z;1001;inference;Clean_Air;0;96;0;-0,001035665;0.003825085;0.00484667;-0.002267757;-0,007731176;-0.009635055;-0.016954614;-0.022317808;Duty Cycle  95%
2026-07-30T04:54:19.299Z;1001;inference;Clean_Air;0;96;0;-0,001055029;0.003810413;0.004843012;-0.002258544;-0,007729328;-0.0096515;-0.016956119;-0.022316378;Duty Cycle  95%
2026-07-30T04:54:19.846Z;1001;inference;Clean_Air;0;96;0;-0,001052575;0.003786482;0.004824657;-0.002265035;-0,007743813;-0.009684516;-0.01704286;-0.022368474;Duty Cycle  95%
2026-07-30T04:54:20.377Z;1001;inference;Clean_Air;0;96;0;-0,001060954;0.00377977;0.004840903;-0.002280249;-0,00773635;-0.009634228;-0.017045295;-0.022416975;Duty Cycle  95%
2026-07-30T04:54:20.930Z;1001;inference;Clean_Air;0;96;0;-0,001057119;0.003785244;0.004830103;-0.002278119;-0,007839612;-0.009669807;-0.017058246;-0.02240411;Duty Cycle  95%
2026-07-30T04:54:21.408Z;1001;inference;Clean_Air;0;96;0;-0,001059496;0.003825035;0.004888154;-0.002273959;-0,007853235;-0.009637743;-0.017047096;-0.022378176;Duty Cycle  95%
2026-07-30T04:54:21.789Z;1001;inference;Clean_Air;0;96;0;-0,001059496;0.003825035;0.004888154;-0.002273959;-0,007853235;-0.009637743;-0.017047096;-0.022378176;Duty Cycle  95%
2026-07-30T04:54:22.257Z;1001;inference;Clean_Air;0;96;0;-0,001059496;0.003825035;0.004888154;-0.002273959;-0,007853235;-0.009637743;-0.017047096;-0.022378176;Duty Cycle  95%
2026-07-30T04:54:22.762Z;1001;inference;Clean_Air;0;96;0;-0,001059496;0.003825035;0.004888154;-0.002273959;-0,007853235;-0.009637743;-0.017047096;-0.022378176;Duty Cycle  95%
2026-07-30T04:54:23.263Z;1001;inference;Clean_Air;0;96;0;-0,001059496;0.003825035;0.004888154;-0.002273959;-0,007853235;-0.009637743;-0.017047096;-0.022378176;Duty Cycle  95%
2026-07-30T04:54:23.809Z;1001;inference;Clean_Air;0;96;0;-0,001053365;0.003803984;0.004880838;-0.002268495;-0,00785297;-0.009612404;-0.01705076;-0.022346791;Duty Cycle  95%
2026-07-30T04:54:24.341Z;1001;inference;Clean_Air;0;96;0;-0,001077058;0.003832664;0.004851737;-0.002261069;-0,007888435;-0.009597522;-0.017047148;-0.022420218;Duty Cycle  95%
2026-07-30T04:54:24.888Z;1001;inference;Clean_Air;0;94;0;-0,000998815;0.003825191;0.004789086;-0.002251809;-0,007888526;-0.009618617;-0.017030546;-0.02244949;Duty Cycle  95%
2026-07-30T04:54:25.426Z;1001;inference;Clean_Air;0;94;0;-0,000993335;0.003849432;0.004784496;-0.002250617;-0,007895972;-0.009683137;-0.017034002;-0.022457253;Duty Cycle  95%
2026-07-30T04:54:25.811Z;1001;inference;Clean_Air;0;94;0;-0,000998625;0.003850383;0.004789406;-0.002252163;-0,00790152;-0.00969978;-0.017022517;-0.022437289;Duty Cycle  95%
2026-07-30T04:54:26.343Z;1001;inference;Clean_Air;0;94;0;-0,000998625;0.003850383;0.004789406;-0.002252163;-0,00790152;-0.00969978;-0.017022517;-0.022437289;Duty Cycle  95%
2026-07-30T04:54:26.823Z;1001;inference;Clean_Air;0;94;0;-0,000959641;0.003843172;0.004744055;-0.002239821;-0,007949186;-0.009744985;-0.016991833;-0.02241496;Duty Cycle  95%
2026-07-30T04:54:27.368Z;1001;inference;Clean_Air;0;94;0;-0,000977687;0.003863925;0.004763051;-0.0022149;-0,007923434;-0.00974628;-0.016927054;-0.022418238;Duty Cycle  95%
2026-07-30T04:54:27.899Z;1001;inference;Clean_Air;0;94;0;-0,001001901;0.00386488;0.004763168;-0.002198627;-0,007931751;-0.009772659;-0.016909344;-0.022380343;Duty Cycle  95%
2026-07-30T04:54:28.291Z;1001;inference;Clean_Air;0;94;0;-0,000997889;0.003864757;0.004785771;-0.002208036;-0,007871483;-0.009775362;-0.016883038;-0.022396695;Duty Cycle  95%
2026-07-30T04:54:28.823Z;1001;inference;Clean_Air;0;94;0;-0,000997889;0.003864757;0.004785771;-0.002208036;-0,007871483;-0.009775362;-0.016883038;-0.022396695;Duty Cycle  95%
2026-07-30T04:54:29.305Z;1001;inference;Clean_Air;0;94;0;-0,000990431;0.003825826;0.004719227;-0.002181349;-0,007856143;-0.009770168;-0.016879756;-0.022435552;Duty Cycle  95%
2026-07-30T04:54:29.847Z;1001;inference;Clean_Air;0;94;0;-0,000997327;0.003832425;0.004725484;-0.002182561;-0,007857379;-0.009779993;-0.01686243;-0.022458265;Duty Cycle  95%
2026-07-30T04:54:30.376Z;1001;inference;Clean_Air;0;94;0;-0,000976998;0.003843798;0.004750557;-0.002175437;-0,007845282;-0.009731067;-0.016867302;-0.022354435;Duty Cycle  95%
2026-07-30T04:54:30.926Z;1001;inference;Clean_Air;0;92;0;-0,000976342;0.003829589;0.004696197;-0.002202661;-0,007829839;-0.009754417;-0.016885731;-0.022326341;Duty Cycle  95%
2026-07-30T04:54:31.302Z;1001;inference;Clean_Air;0;92;0;-0,000976651;0.00381113;0.004694479;-0.002187961;-0,007827272;-0.009670304;-0.016875183;-0.022301426;Duty Cycle  95%
2026-07-30T04:54:31.781Z;1001;inference;Clean_Air;0;92;0;-0,000976651;0.00381113;0.004694479;-0.002187961;-0,007827272;-0.009670304;-0.016875183;-0.022301426;Duty Cycle  95%
2026-07-30T04:54:32.323Z;1001;inference;Clean_Air;0;92;0;-0,0009635;0.00380217;0.004693793;-0.002165508;-0,007811325;-0.009635735;-0.016871762;-0.022293648;Duty Cycle  95%
2026-07-30T04:54:32.781Z;1001;inference;Clean_Air;0;92;0;-0,0009635;0.00380217;0.004693793;-0.002165508;-0,007811325;-0.009635735;-0.016871762;-0.022293648;Duty Cycle  95%
2026-07-30T04:54:33.251Z;1001;inference;Clean_Air;0;92;0;-0,0009635;0.00380217;0.004693793;-0.002165508;-0,007811325;-0.009635735;-0.016871762;-0.022293648;Duty Cycle  95%
2026-07-30T04:54:33.755Z;1001;inference;Clean_Air;0;92;0;-0,0009635;0.00380217;0.004693793;-0.002165508;-0,007811325;-0.009635735;-0.016871762;-0.022293648;Duty Cycle  95%
2026-07-30T04:54:34.255Z;1001;inference;Clean_Air;0;92;0;-0,0009635;0.00380217;0.004693793;-0.002165508;-0,007811325;-0.009635735;-0.016871762;-0.022293648;Duty Cycle  95%
2026-07-30T04:54:34.804Z;1001;inference;Clean_Air;0;94;0;-0,00096152;0.003828467;0.004718254;-0.00220502;-0,007751836;-0.009587426;-0.016919751;-0.022301814;Duty Cycle  95%
2026-07-30T04:54:35.343Z;1001;inference;Clean_Air;0;92;0;-0,000968114;0.003806323;0.004695528;-0.002197075;-0,007761829;-0.009585524;-0.016879033;-0.022273216;Duty Cycle  95%
2026-07-30T04:54:35.886Z;1001;inference;Clean_Air;0;92;0;-0,000952087;0.003800899;0.004684262;-0.002201967;-0,007760486;-0.009598237;-0.016893756;-0.02229098;Duty Cycle  95%
2026-07-30T04:54:36.409Z;1001;inference;Clean_Air;0;92;0;-0,000921027;0.003807149;0.004659677;-0.002207046;-0,007749935;-0.009589918;-0.016974011;-0.02226981;Duty Cycle  95%
2026-07-30T04:54:36.809Z;1001;inference;Clean_Air;0;92;0;-0,000982286;0.003790575;0.004679064;-0.002214518;-0,007762259;-0.009618912;-0.016984867;-0.022241304;Duty Cycle  95%
2026-07-30T04:54:37.343Z;1001;inference;Clean_Air;0;92;0;-0,000982286;0.003790575;0.004679064;-0.002214518;-0,007762259;-0.009618912;-0.016984867;-0.022241304;Duty Cycle  95%
2026-07-30T04:54:37.810Z;1001;inference;Clean_Air;0;92;0;-0,000988246;0.003783144;0.004658126;-0.00221385;-0,007754438;-0.009639769;-0.016999559;-0.02225838;Duty Cycle  95%
2026-07-30T04:54:38.367Z;1001;inference;Clean_Air;0;92;0;-0,000994971;0.003756096;0.004684085;-0.002232428;-0,007742622;-0.009684192;-0.016973162;-0.022301566;Duty Cycle  95%
2026-07-30T04:54:38.904Z;1001;inference;Clean_Air;0;94;0;-0,001001335;0.003796083;0.004730335;-0.002223643;-0,007759395;-0.009654434;-0.016948976;-0.02232584;Duty Cycle  95%
2026-07-30T04:54:39.291Z;1001;inference;Clean_Air;0;92;0;-0,000987058;0.003818198;0.004691663;-0.002240852;-0,007779142;-0.009675395;-0.016936911;-0.022342443;Duty Cycle  95%
2026-07-30T04:54:39.826Z;1001;inference;Clean_Air;0;92;0;-0,000987058;0.003818198;0.004691663;-0.002240852;-0,007779142;-0.009675395;-0.016936911;-0.022342443;Duty Cycle  95%
2026-07-30T04:54:40.304Z;1001;inference;Clean_Air;0;92;0;-0,000980763;0.003840666;0.00470124;-0.002275238;-0,007797142;-0.009686919;-0.016939608;-0.022353401;Duty Cycle  95%
2026-07-30T04:54:40.850Z;1001;inference;Clean_Air;0;92;0;-0,001008193;0.003827828;0.004698134;-0.002209069;-0,007812376;-0.009664458;-0.016942315;-0.022354241;Duty Cycle  95%
2026-07-30T04:54:41.380Z;1001;inference;Clean_Air;0;94;0;-0,000993807;0.003867776;0.004713451;-0.002230684;-0,007812284;-0.009667602;-0.016978512;-0.02237964;Duty Cycle  95%
2026-07-30T04:54:41.774Z;1001;inference;Clean_Air;0;92;0;-0,001002342;0.003876175;0.004693388;-0.002240776;-0,007809158;-0.009700285;-0.016987333;-0.022360079;Duty Cycle  95%
2026-07-30T04:54:42.414Z;1001;inference;Clean_Air;0;92;0;-0,001002342;0.003876175;0.004693388;-0.002240776;-0,007809158;-0.009700285;-0.016987333;-0.022360079;Duty Cycle  95%
2026-07-30T04:54:42.792Z;1001;inference;Clean_Air;0;94;0;-0,001043611;0.003939388;0.004741867;-0.002246702;-0,007798991;-0.009712477;-0.016914839;-0.022364441;Duty Cycle  95%
2026-07-30T04:54:43.268Z;1001;inference;Clean_Air;0;94;0;-0,001043611;0.003939388;0.004741867;-0.002246702;-0,007798991;-0.009712477;-0.016914839;-0.022364441;Duty Cycle  95%
2026-07-30T04:54:43.753Z;1001;inference;Clean_Air;0;94;0;-0,001043611;0.003939388;0.004741867;-0.002246702;-0,007798991;-0.009712477;-0.016914839;-0.022364441;Duty Cycle  95%
2026-07-30T04:54:44.255Z;1001;inference;Clean_Air;0;94;0;-0,001043611;0.003939388;0.004741867;-0.002246702;-0,007798991;-0.009712477;-0.016914839;-0.022364441;Duty Cycle  95%
2026-07-30T04:54:44.756Z;1001;inference;Clean_Air;0;94;0;-0,001043611;0.003939388;0.004741867;-0.002246702;-0,007798991;-0.009712477;-0.016914839;-0.022364441;Duty Cycle  95%
2026-07-30T04:54:45.308Z;1001;inference;Clean_Air;0;94;0;-0,000985935;0.003963368;0.004735792;-0.002233039;-0,007799258;-0.009700814;-0.016937017;-0.022376422;Duty Cycle  95%
2026-07-30T04:54:45.837Z;1001;inference;Clean_Air;0;94;0;-0,000983211;0.003963412;0.004760736;-0.002216385;-0,007800861;-0.00970597;-0.016933044;-0.022357132;Duty Cycle  95%
2026-07-30T04:54:46.389Z;1001;inference;Clean_Air;0;96;0;-0,000997094;0.004052515;0.004812899;-0.002278802;-0,008043732;-0.00999449;-0.017342757;-0.022812828;Duty Cycle  95%
2026-07-30T04:54:46.918Z;1001;inference;Clean_Air;0;96;0;-0,000980841;0.004108096;0.004870149;-0.00227192;-0,008281076;-0.010299277;-0.017737208;-0.023285329;Duty Cycle  95%
2026-07-30T04:54:47.312Z;1001;inference;Clean_Air;0;96;0;-0,000989147;0.004150024;0.004979867;-0.002293766;-0,008485759;-0.010570951;-0.018138042;-0.02375623;Duty Cycle  95%
2026-07-30T04:54:47.845Z;1001;inference;Clean_Air;0;96;0;-0,000989147;0.004150024;0.004979867;-0.002293766;-0,008485759;-0.010570951;-0.018138042;-0.02375623;Duty Cycle  95%
2026-07-30T04:54:48.326Z;1001;inference;Clean_Air;0;97;0;-0,000985865;0.004181292;0.005017129;-0.002312544;-0,008709532;-0.010861984;-0.018547099;-0.024228163;Duty Cycle  95%
2026-07-30T04:54:48.867Z;1001;inference;Clean_Air;0;97;0;-0,000981902;0.004243999;0.005078928;-0.002374561;-0,008926256;-0.011135628;-0.018935157;-0.024703583;Duty Cycle  95%
2026-07-30T04:54:49.392Z;1001;inference;Clean_Air;0;97;0;-0,000999646;0.004286001;0.005138335;-0.002420797;-0,00913909;-0.011422667;-0.019326206;-0.025170844;Duty Cycle  95%
2026-07-30T04:54:49.792Z;1001;inference;Clean_Air;0;97;0;-0,000985039;0.004335434;0.00521153;-0.00245132;-0,009371716;-0.011711204;-0.019725079;-0.025645345;Duty Cycle  95%
2026-07-30T04:54:50.324Z;1001;inference;Clean_Air;0;97;0;-0,000985039;0.004335434;0.00521153;-0.00245132;-0,009371716;-0.011711204;-0.019725079;-0.025645345;Duty Cycle  95%
2026-07-30T04:54:50.805Z;1001;inference;Clean_Air;0;98;0;-0,000952871;0.004321386;0.005228403;-0.002448305;-0,009622267;-0.011970705;-0.020098958;-0.026112244;Duty Cycle  95%
2026-07-30T04:54:51.347Z;1001;inference;Clean_Air;0;98;0;-0,000935256;0.004370053;0.005263167;-0.002444886;-0,00985174;-0.012252478;-0.020490022;-0.02660743;Duty Cycle  95%
2026-07-30T04:54:51.882Z;1001;inference;Clean_Air;0;98;0;-0,000927569;0.004476998;0.005330347;-0.002489452;-0,010107737;-0.012498007;-0.020876946;-0.027104115;Duty Cycle  100%
2026-07-30T04:54:52.271Z;1001;inference;Clean_Air;0;98;0;-0,000910428;0.004455355;0.005334124;-0.002488313;-0,010101606;-0.012488677;-0.020896528;-0.027116794;Duty Cycle  100%
2026-07-30T04:54:52.911Z;1001;inference;Clean_Air;0;98;0;-0,000910428;0.004455355;0.005334124;-0.002488313;-0,010101606;-0.012488677;-0.020896528;-0.027116794;Duty Cycle  100%
2026-07-30T04:54:53.287Z;1001;inference;Clean_Air;0;98;0;-0,000894148;0.004465246;0.005322837;-0.002494855;-0,010094353;-0.012475962;-0.020898074;-0.027113358;Duty Cycle  100%
2026-07-30T04:54:53.756Z;1001;inference;Clean_Air;0;98;0;-0,000894148;0.004465246;0.005322837;-0.002494855;-0,010094353;-0.012475962;-0.020898074;-0.027113358;Duty Cycle  100%
2026-07-30T04:54:54.255Z;1001;inference;Clean_Air;0;98;0;-0,000894148;0.004465246;0.005322837;-0.002494855;-0,010094353;-0.012475962;-0.020898074;-0.027113358;Duty Cycle  100%
2026-07-30T04:54:54.760Z;1001;inference;Clean_Air;0;98;0;-0,000894148;0.004465246;0.005322837;-0.002494855;-0,010094353;-0.012475962;-0.020898074;-0.027113358;Duty Cycle  100%
2026-07-30T04:54:55.249Z;1001;inference;Clean_Air;0;98;0;-0,000894148;0.004465246;0.005322837;-0.002494855;-0,010094353;-0.012475962;-0.020898074;-0.027113358;Duty Cycle  100%
2026-07-30T04:54:55.809Z;1001;inference;Clean_Air;0;98;0;-0,00087695;0.004454675;0.005302851;-0.002477168;-0,010103287;-0.012462808;-0.020911921;-0.027103296;Duty Cycle  100%
2026-07-30T04:54:56.345Z;1001;inference;Clean_Air;0;98;0;-0,000889552;0.004444114;0.005295241;-0.002465293;-0,010106608;-0.012456014;-0.020889195;-0.027078604;Duty Cycle  100%
2026-07-30T04:54:56.892Z;1001;inference;Clean_Air;0;98;0;-0,000899419;0.004418507;0.005315331;-0.002468862;-0,010103894;-0.012453272;-0.020873334;-0.027078634;Duty Cycle  100%
2026-07-30T04:54:57.413Z;1001;inference;Clean_Air;0;98;0;-0,00086514;0.004408401;0.005301292;-0.002501305;-0,010121319;-0.01242188;-0.020879146;-0.027088728;Duty Cycle  100%
2026-07-30T04:54:57.810Z;1001;inference;Clean_Air;0;98;0;-0,000870734;0.004401645;0.005285817;-0.002480236;-0,01014722;-0.01239689;-0.020915173;-0.027106971;Duty Cycle  100%
2026-07-30T04:54:58.342Z;1001;inference;Clean_Air;0;98;0;-0,000870734;0.004401645;0.005285817;-0.002480236;-0,01014722;-0.01239689;-0.020915173;-0.027106971;Duty Cycle  100%
2026-07-30T04:54:58.824Z;1001;inference;Clean_Air;0;98;0;-0,000852402;0.004421286;0.005274698;-0.002501851;-0,010143368;-0.012405631;-0.020951489;-0.027103981;Duty Cycle  100%
2026-07-30T04:54:59.365Z;1001;inference;Clean_Air;0;98;0;-0,000841157;0.004404126;0.005287174;-0.002556631;-0,010150453;-0.012390185;-0.020944225;-0.027123641;Duty Cycle  100%
2026-07-30T04:54:59.900Z;1001;inference;Clean_Air;0;98;0;-0,000853908;0.00437658;0.005252843;-0.002541657;-0,010116687;-0.012411022;-0.020931441;-0.027118783;Duty Cycle  100%
2026-07-30T04:55:00.289Z;1001;inference;Clean_Air;0;98;0;-0,000855388;0.004389948;0.005248114;-0.002512536;-0,010080796;-0.012400592;-0.020957265;-0.027114755;Duty Cycle  100%
2026-07-30T04:55:00.820Z;1001;inference;Clean_Air;0;98;0;-0,000855388;0.004389948;0.005248114;-0.002512536;-0,010080796;-0.012400592;-0.020957265;-0.027114755;Duty Cycle  100%
2026-07-30T04:55:01.302Z;1001;inference;Clean_Air;0;98;0;-0,000863014;0.004358904;0.005258046;-0.002532213;-0,010064034;-0.012417525;-0.020953972;-0.027112743;Duty Cycle  100%
2026-07-30T04:55:01.843Z;1001;inference;Clean_Air;0;98;0;-0,000851601;0.004372032;0.005253759;-0.002488025;-0,010065977;-0.01245125;-0.020991918;-0.027123054;Duty Cycle  100%
2026-07-30T04:55:02.380Z;1001;inference;Clean_Air;0;98;0;-0,000841159;0.004396416;0.005275337;-0.00249306;-0,010072576;-0.01244871;-0.020933971;-0.02711145;Duty Cycle  100%
2026-07-30T04:55:02.930Z;1001;inference;Clean_Air;0;98;0;-0,000823885;0.004389449;0.005257958;-0.00242505;-0,010081751;-0.012472854;-0.020903904;-0.027101258;Duty Cycle  100%
2026-07-30T04:55:03.404Z;1001;inference;Clean_Air;0;98;0;-0,000823214;0.004387951;0.005248446;-0.002380071;-0,010084099;-0.012493257;-0.020911098;-0.02706405;Duty Cycle  100%
2026-07-30T04:55:03.791Z;1001;inference;Clean_Air;0;98;0;-0,000823214;0.004387951;0.005248446;-0.002380071;-0,010084099;-0.012493257;-0.020911098;-0.02706405;Duty Cycle  100%
2026-07-30T04:55:04.251Z;1001;inference;Clean_Air;0;98;0;-0,000823214;0.004387951;0.005248446;-0.002380071;-0,010084099;-0.012493257;-0.020911098;-0.02706405;Duty Cycle  100%
2026-07-30T04:55:04.758Z;1001;inference;Clean_Air;0;98;0;-0,000823214;0.004387951;0.005248446;-0.002380071;-0,010084099;-0.012493257;-0.020911098;-0.02706405;Duty Cycle  100%
2026-07-30T04:55:05.263Z;1001;inference;Clean_Air;0;98;0;-0,000823214;0.004387951;0.005248446;-0.002380071;-0,010084099;-0.012493257;-0.020911098;-0.02706405;Duty Cycle  100%
2026-07-30T04:55:05.807Z;1001;inference;Clean_Air;0;98;0;0,000021791;0.004409089;0.005245949;-0.002402199;-0,010050208;-0.012494361;-0.020815689;-0.027049571;Duty Cycle  100%
2026-07-30T04:55:06.332Z;1001;inference;Clean_Air;0;98;0;0,000939663;0.004390288;0.005238992;-0.002415469;-0,010058389;-0.01250616;-0.020817805;-0.027073253;Duty Cycle  100%
2026-07-30T04:55:06.886Z;1001;inference;Clean_Air;0;98;0;0,003364893;0.004405525;0.005244913;-0.002467413;-0,010064779;-0.012515642;-0.020804623;-0.027066097;Duty Cycle  100%
2026-07-30T04:55:07.425Z;1001;inference;Clean_Air;0;98;0;0,00564508;0.004382459;0.00526581;-0.002480408;-0,010089496;-0.012485911;-0.020821998;-0.027082706;Duty Cycle  100%
2026-07-30T04:55:07.813Z;1001;inference;Clean_Air;0;98;0;0,009133644;0.00435721;0.005263948;-0.002418207;-0,010124618;-0.012501338;-0.020781768;-0.027085319;Duty Cycle  100%
2026-07-30T04:55:08.344Z;1001;inference;Clean_Air;0;98;0;0,009133644;0.00435721;0.005263948;-0.002418207;-0,010124618;-0.012501338;-0.020781768;-0.027085319;Duty Cycle  100%
2026-07-30T04:55:08.821Z;1001;inference;Clean_Air;0;98;0;0,012797438;0.004371591;0.00524315;-0.002419383;-0,010144999;-0.012524635;-0.020790894;-0.027090717;Duty Cycle  100%
2026-07-30T04:55:09.368Z;1001;inference;Clean_Air;0;98;0;0,015784409;0.004370453;0.005261498;-0.002466438;-0,010118861;-0.012505976;-0.02077502;-0.027088311;Duty Cycle  100%
2026-07-30T04:55:09.892Z;1001;inference;Clean_Air;0;98;0;0,019396644;0.004350585;0.005238225;-0.002395381;-0,010106934;-0.012514336;-0.020864194;-0.027102744;Duty Cycle  100%
2026-07-30T04:55:10.292Z;1001;inference;Clean_Air;0;98;0;0,02350359;0.004349824;0.005239499;-0.002458092;-0,010116274;-0.012519768;-0.020921599;-0.027098706;Duty Cycle  100%
2026-07-30T04:55:10.822Z;1001;inference;Clean_Air;0;98;0;0,02350359;0.004349824;0.005239499;-0.002458092;-0,010116274;-0.012519768;-0.020921599;-0.027098706;Duty Cycle  100%
2026-07-30T04:55:11.293Z;1001;inference;Clean_Air;0;98;0;0,027292127;0.004343634;0.005253648;-0.002430581;-0,010128028;-0.012543449;-0.020940799;-0.02712414;Duty Cycle  100%
2026-07-30T04:55:11.847Z;1001;inference;Clean_Air;0;98;0;0,030548956;0.004271459;0.005264764;-0.002416665;-0,01013268;-0.012543579;-0.020977363;-0.027123183;Duty Cycle  100%
2026-07-30T04:55:12.376Z;1001;inference;Clean_Air;0;98;0;0,034221467;0.004271513;0.005283096;-0.002408075;-0,010142141;-0.012531591;-0.02095723;-0.0270942;Duty Cycle  100%
2026-07-30T04:55:12.771Z;1001;inference;Clean_Air;0;98;0;0,036554672;0.004260428;0.005291575;-0.002363347;-0,010106671;-0.012543495;-0.020947531;-0.027054965;Duty Cycle  100%
2026-07-30T04:55:13.411Z;1001;inference;Clean_Air;0;98;0;0,036554672;0.004260428;0.005291575;-0.002363347;-0,010106671;-0.012543495;-0.020947531;-0.027054965;Duty Cycle  100%
2026-07-30T04:55:13.788Z;1001;inference;Clean_Air;0;98;0;0,038890608;0.00426112;0.005284072;-0.002355009;-0,010101105;-0.012559263;-0.020956561;-0.027042251;Duty Cycle  100%
2026-07-30T04:55:14.261Z;1001;inference;Clean_Air;0;98;0;0,038890608;0.00426112;0.005284072;-0.002355009;-0,010101105;-0.012559263;-0.020956561;-0.027042251;Duty Cycle  100%
2026-07-30T04:55:14.751Z;1001;inference;Clean_Air;0;98;0;0,038890608;0.00426112;0.005284072;-0.002355009;-0,010101105;-0.012559263;-0.020956561;-0.027042251;Duty Cycle  100%
2026-07-30T04:55:15.257Z;1001;inference;Clean_Air;0;98;0;0,038890608;0.00426112;0.005284072;-0.002355009;-0,010101105;-0.012559263;-0.020956561;-0.027042251;Duty Cycle  100%
2026-07-30T04:55:15.760Z;1001;inference;Clean_Air;0;98;0;0,038890608;0.00426112;0.005284072;-0.002355009;-0,010101105;-0.012559263;-0.020956561;-0.027042251;Duty Cycle  100%
2026-07-30T04:55:16.307Z;1001;inference;Clean_Air;0;98;0;0,039836314;0.004246641;0.005285307;-0.002416432;-0,010111133;-0.012554261;-0.020956302;-0.02703451;Duty Cycle  100%
2026-07-30T04:55:16.843Z;1001;inference;Clean_Air;0;98;0;0,040397897;0.004252166;0.005277998;-0.002441765;-0,010116493;-0.012512189;-0.02099249;-0.027025223;Duty Cycle  100%
2026-07-30T04:55:17.385Z;1001;inference;Clean_Air;0;98;0;0,041345894;0.004286296;0.005268734;-0.002456489;-0,010122397;-0.012527195;-0.020960124;-0.027004212;Duty Cycle  100%
2026-07-30T04:55:17.923Z;1001;inference;Clean_Air;0;98;0;0,042148508;0.00429071;0.005273535;-0.002539789;-0,010124467;-0.012543115;-0.020936342;-0.027009916;Duty Cycle  100%
2026-07-30T04:55:18.309Z;1001;inference;Clean_Air;0;98;0;0,042340197;0.004278852;0.00525218;-0.002544835;-0,010083882;-0.012536216;-0.020915497;-0.027050966;Duty Cycle  100%
2026-07-30T04:55:18.843Z;1001;inference;Clean_Air;0;98;0;0,042340197;0.004278852;0.00525218;-0.002544835;-0,010083882;-0.012536216;-0.020915497;-0.027050966;Duty Cycle  100%
2026-07-30T04:55:19.326Z;1001;inference;Clean_Air;0;98;0;0,042883039;0.004303291;0.005232875;-0.002585953;-0,010090003;-0.012529204;-0.020887528;-0.027058441;Duty Cycle  100%
2026-07-30T04:55:19.868Z;1001;inference;Clean_Air;0;98;0;0,042923141;0.004412548;0.005216461;-0.00264114;-0,010116486;-0.01252196;-0.020892818;-0.027070727;Duty Cycle  100%
2026-07-30T04:55:20.394Z;1001;inference;Clean_Air;0;97;0;0,043059073;0.004411037;0.005210311;-0.002621219;-0,010117353;-0.012517629;-0.020881286;-0.027112713;Duty Cycle  100%
2026-07-30T04:55:20.792Z;1001;inference;Clean_Air;0;97;0;0,042269662;0.004400894;0.005189509;-0.002618393;-0,010161964;-0.012503033;-0.020885134;-0.027120715;Duty Cycle  100%
2026-07-30T04:55:21.327Z;1001;inference;Clean_Air;0;97;0;0,042269662;0.004400894;0.005189509;-0.002618393;-0,010161964;-0.012503033;-0.020885134;-0.027120715;Duty Cycle  100%
2026-07-30T04:55:21.811Z;1001;inference;Clean_Air;0;97;0;0,042506032;0.004430152;0.005181101;-0.002636761;-0,010160057;-0.012496335;-0.020869605;-0.027109038;Duty Cycle  100%
2026-07-30T04:55:22.351Z;1001;inference;Clean_Air;0;97;0;0,041970931;0.004446766;0.005179262;-0.002652712;-0,010161862;-0.012502939;-0.02087963;-0.027126957;Duty Cycle  100%
2026-07-30T04:55:22.879Z;1001;inference;Clean_Air;0;98;0;0,041916657;0.004436561;0.005211913;-0.002633663;-0,010165905;-0.012519313;-0.020892488;-0.027110249;Duty Cycle  100%
2026-07-30T04:55:23.276Z;1001;inference;Clean_Air;0;98;0;0,041771956;0.004331163;0.005214217;-0.002637539;-0,010176794;-0.012516516;-0.020823963;-0.02711075;Duty Cycle  100%
2026-07-30T04:55:23.915Z;1001;inference;Clean_Air;0;98;0;0,041771956;0.004331163;0.005214217;-0.002637539;-0,010176794;-0.012516516;-0.020823963;-0.02711075;Duty Cycle  100%
2026-07-30T04:55:24.288Z;1001;inference;Clean_Air;0;98;0;0,04205231;0.004334764;0.005219664;-0.002608903;-0,01018143;-0.012482284;-0.020847391;-0.02711539;Duty Cycle  100%
2026-07-30T04:55:24.754Z;1001;inference;Clean_Air;0;98;0;0,04205231;0.004334764;0.005219664;-0.002608903;-0,01018143;-0.012482284;-0.020847391;-0.02711539;Duty Cycle  100%
2026-07-30T04:55:25.264Z;1001;inference;Clean_Air;0;98;0;0,04205231;0.004334764;0.005219664;-0.002608903;-0,01018143;-0.012482284;-0.020847391;-0.02711539;Duty Cycle  100%
2026-07-30T04:55:25.789Z;1001;inference;Clean_Air;0;98;0;0,04205231;0.004334764;0.005219664;-0.002608903;-0,01018143;-0.012482284;-0.020847391;-0.02711539;Duty Cycle  100%
2026-07-30T04:55:26.249Z;1001;inference;Clean_Air;0;98;0;0,04205231;0.004334764;0.005219664;-0.002608903;-0,01018143;-0.012482284;-0.020847391;-0.02711539;Duty Cycle  100%
2026-07-30T04:55:26.806Z;1001;inference;Clean_Air;0;98;0;0,041653775;0.004368457;0.005242926;-0.002615835;-0,010224195;-0.012485053;-0.020844009;-0.027079839;Duty Cycle  100%
2026-07-30T04:55:27.331Z;1001;inference;Clean_Air;0;98;0;0,041210972;0.00433208;0.005256215;-0.002591892;-0,010186235;-0.012475565;-0.020886596;-0.027068;Duty Cycle  100%
2026-07-30T04:55:27.874Z;1001;inference;Clean_Air;0;98;0;0,041083325;0.004328408;0.005259445;-0.002541573;-0,010184528;-0.012468403;-0.020886015;-0.027082618;Duty Cycle  100%
2026-07-30T04:55:28.404Z;1001;inference;Clean_Air;0;98;0;0,040812615;0.00438131;0.005254696;-0.002570371;-0,010178607;-0.012447483;-0.02092897;-0.027049765;Duty Cycle  100%
2026-07-30T04:55:28.797Z;1001;inference;Clean_Air;0;98;0;0,041047521;0.004411193;0.005343169;-0.002562606;-0,010175371;-0.012444919;-0.020950831;-0.027049314;Duty Cycle  100%
2026-07-30T04:55:29.330Z;1001;inference;Clean_Air;0;98;0;0,041047521;0.004411193;0.005343169;-0.002562606;-0,010175371;-0.012444919;-0.020950831;-0.027049314;Duty Cycle  100%
2026-07-30T04:55:29.800Z;1001;inference;Clean_Air;0;98;0;0,04070317;0.004376809;0.005367731;-0.002559108;-0,010181611;-0.012437889;-0.020955462;-0.027050201;Duty Cycle  100%
2026-07-30T04:55:30.353Z;1001;inference;Clean_Air;0;98;0;0,040094458;0.004377699;0.005358665;-0.002548248;-0,010142638;-0.012409111;-0.020935789;-0.027042758;Duty Cycle  100%
2026-07-30T04:55:30.880Z;1001;inference;Clean_Air;0;98;0;0,040153898;0.004385101;0.00533919;-0.0025431;-0,010138301;-0.012396695;-0.020907357;-0.027049754;Duty Cycle  100%
2026-07-30T04:55:31.432Z;1001;inference;Clean_Air;0;98;0;0,040676624;0.004395293;0.00532605;-0.002554785;-0,010151418;-0.012398945;-0.020987382;-0.02706201;Duty Cycle  100%
2026-07-30T04:55:31.808Z;1001;inference;Clean_Air;0;98;0;0,040058829;0.004379328;0.005343723;-0.002566573;-0,010148881;-0.012421502;-0.020959293;-0.027064582;Duty Cycle  100%
2026-07-30T04:55:32.278Z;1001;inference;Clean_Air;0;98;0;0,040058829;0.004379328;0.005343723;-0.002566573;-0,010148881;-0.012421502;-0.020959293;-0.027064582;Duty Cycle  100%
2026-07-30T04:55:32.832Z;1001;inference;Clean_Air;0;98;0;0,039455004;0.004369774;0.005349015;-0.002588256;-0,010138685;-0.012424403;-0.020976927;-0.027090371;Duty Cycle  100%
2026-07-30T04:55:33.364Z;1001;inference;Clean_Air;0;98;0;0,038917534;0.004387247;0.005343768;-0.002597177;-0,010161067;-0.012432164;-0.020975368;-0.027083505;Duty Cycle  100%
2026-07-30T04:55:33.917Z;1001;inference;Clean_Air;0;98;0;0,038848966;0.004335244;0.00536969;-0.002608058;-0,010150979;-0.012434237;-0.021025661;-0.027073815;Duty Cycle  100%
2026-07-30T04:55:34.398Z;1001;inference;Clean_Air;0;98;0;0,038245879;0.004261548;0.005394823;-0.002637095;-0,010161732;-0.0124596;-0.020989371;-0.027074441;Duty Cycle  100%
2026-07-30T04:55:34.790Z;1001;inference;Clean_Air;0;98;0;0,038245879;0.004261548;0.005394823;-0.002637095;-0,010161732;-0.0124596;-0.020989371;-0.027074441;Duty Cycle  100%
2026-07-30T04:55:35.256Z;1001;inference;Clean_Air;0;98;0;0,038245879;0.004261548;0.005394823;-0.002637095;-0,010161732;-0.0124596;-0.020989371;-0.027074441;Duty Cycle  100%
2026-07-30T04:55:35.756Z;1001;inference;Clean_Air;0;98;0;0,038245879;0.004261548;0.005394823;-0.002637095;-0,010161732;-0.0124596;-0.020989371;-0.027074441;Duty Cycle  100%
2026-07-30T04:55:36.255Z;1001;inference;Clean_Air;0;98;0;0,038245879;0.004261548;0.005394823;-0.002637095;-0,010161732;-0.0124596;-0.020989371;-0.027074441;Duty Cycle  100%
2026-07-30T04:55:36.806Z;1001;inference;Clean_Air;0;98;0;0,037341211;0.004235514;0.005299638;-0.002620266;-0,010146589;-0.012476621;-0.020972684;-0.027076568;Duty Cycle  100%
2026-07-30T04:55:37.332Z;1001;inference;Clean_Air;0;98;0;0,035969455;0.004226718;0.005278856;-0.002603878;-0,010136658;-0.012461714;-0.020955727;-0.027071815;Duty Cycle  100%
2026-07-30T04:55:37.886Z;1001;inference;Clean_Air;0;98;0;0,036500506;0.004233096;0.005291522;-0.002616055;-0,010159145;-0.012495235;-0.020975085;-0.027075499;Duty Cycle  100%
2026-07-30T04:55:38.412Z;1001;inference;Clean_Air;0;98;0;0,035602544;0.00427378;0.005306629;-0.002553164;-0,010116809;-0.012512252;-0.02088861;-0.027086699;Duty Cycle  100%
2026-07-30T04:55:38.810Z;1001;inference;Clean_Air;0;98;0;0,034882035;0.004337442;0.005328132;-0.002538247;-0,010118596;-0.012499905;-0.020886969;-0.027070498;Duty Cycle  100%
2026-07-30T04:55:39.342Z;1001;inference;Clean_Air;0;98;0;0,034882035;0.004337442;0.005328132;-0.002538247;-0,010118596;-0.012499905;-0.020886969;-0.027070498;Duty Cycle  100%
2026-07-30T04:55:39.822Z;1001;inference;Clean_Air;0;98;0;0,034441814;0.004371649;0.005293482;-0.00255815;-0,010115447;-0.012492567;-0.020898271;-0.027069593;Duty Cycle  100%
2026-07-30T04:55:40.365Z;1001;inference;Clean_Air;0;98;0;0,034569718;0.004370614;0.005282812;-0.002523288;-0,010102846;-0.012495669;-0.020881355;-0.027032048;Duty Cycle  100%
2026-07-30T04:55:40.902Z;1001;inference;Clean_Air;0;98;0;0,034541763;0.00438713;0.005287631;-0.002541808;-0,010108807;-0.012503144;-0.020842236;-0.027049582;Duty Cycle  100%
2026-07-30T04:55:41.289Z;1001;inference;Clean_Air;0;98;0;0,034141276;0.004327762;0.005283232;-0.002551043;-0,010077217;-0.0125074;-0.020819675;-0.027027652;Duty Cycle  100%
2026-07-30T04:55:41.819Z;1001;inference;Clean_Air;0;98;0;0,034141276;0.004327762;0.005283232;-0.002551043;-0,010077217;-0.0125074;-0.020819675;-0.027027652;Duty Cycle  100%
2026-07-30T04:55:42.291Z;1001;inference;Clean_Air;0;98;0;0,032455005;0.004341551;0.005258811;-0.002486217;-0,010091269;-0.012518789;-0.020821508;-0.027022954;Duty Cycle  100%
2026-07-30T04:55:42.844Z;1001;inference;Clean_Air;0;98;0;0,031576864;0.004332516;0.005267562;-0.002519039;-0,010094438;-0.012489543;-0.020841386;-0.027030941;Duty Cycle  100%
2026-07-30T04:55:43.373Z;1001;inference;Clean_Air;0;98;0;0,030596018;0.004285755;0.005258715;-0.002528986;-0,010080951;-0.012527892;-0.020873643;-0.027027544;Duty Cycle  100%
2026-07-30T04:55:43.928Z;1001;inference;Clean_Air;0;98;0;0,029337466;0.004278875;0.005244024;-0.002489633;-0,010075711;-0.012502939;-0.02086357;-0.027032506;Duty Cycle  100%
2026-07-30T04:55:44.406Z;1001;inference;Clean_Air;0;98;0;0,028339848;0.004231175;0.005220035;-0.002575061;-0,010107855;-0.012487815;-0.020941924;-0.027042199;Duty Cycle  100%
2026-07-30T04:55:44.788Z;1001;inference;Clean_Air;0;98;0;0,028339848;0.004231175;0.005220035;-0.002575061;-0,010107855;-0.012487815;-0.020941924;-0.027042199;Duty Cycle  100%
2026-07-30T04:55:45.261Z;1001;inference;Clean_Air;0;98;0;0,028339848;0.004231175;0.005220035;-0.002575061;-0,010107855;-0.012487815;-0.020941924;-0.027042199;Duty Cycle  100%
2026-07-30T04:55:45.760Z;1001;inference;Clean_Air;0;98;0;0,028339848;0.004231175;0.005220035;-0.002575061;-0,010107855;-0.012487815;-0.020941924;-0.027042199;Duty Cycle  100%
2026-07-30T04:55:46.264Z;1001;inference;Clean_Air;0;98;0;0,028339848;0.004231175;0.005220035;-0.002575061;-0,010107855;-0.012487815;-0.020941924;-0.027042199;Duty Cycle  100%
2026-07-30T04:55:46.811Z;1001;inference;Clean_Air;0;98;0;0,027404899;0.004182122;0.00522996;-0.002509405;-0,010100451;-0.012463607;-0.020938259;-0.027067408;Duty Cycle  100%
2026-07-30T04:55:47.336Z;1001;inference;Clean_Air;0;98;0;0,026761848;0.004210259;0.005232078;-0.002495837;-0,010111405;-0.012447919;-0.020949276;-0.027058635;Duty Cycle  100%
2026-07-30T04:55:47.889Z;1001;inference;Clean_Air;0;98;0;0,026152235;0.004194678;0.005221242;-0.002508603;-0,010140656;-0.012432884;-0.020945458;-0.027070913;Duty Cycle  100%
2026-07-30T04:55:48.418Z;1001;inference;Clean_Air;0;98;0;0,024771031;0.004189388;0.005238367;-0.002510269;-0,010139919;-0.012413891;-0.020965615;-0.027060676;Duty Cycle  100%
2026-07-30T04:55:48.813Z;1001;inference;Clean_Air;0;98;0;0,024246426;0.004254933;0.005219107;-0.002490588;-0,010180661;-0.012396578;-0.02094703;-0.027097991;Duty Cycle  100%
2026-07-30T04:55:49.346Z;1001;inference;Clean_Air;0;98;0;0,024246426;0.004254933;0.005219107;-0.002490588;-0,010180661;-0.012396578;-0.02094703;-0.027097991;Duty Cycle  100%
2026-07-30T04:55:49.826Z;1001;inference;Clean_Air;0;98;0;0,024489548;0.004270161;0.005223254;-0.002515013;-0,010141765;-0.012392571;-0.020956228;-0.027117943;Duty Cycle  100%
2026-07-30T04:55:50.369Z;1001;inference;Clean_Air;0;98;0;0,023546942;0.004268283;0.005227868;-0.002513372;-0,010157076;-0.012427891;-0.020942476;-0.027095307;Duty Cycle  100%
2026-07-30T04:55:50.906Z;1001;inference;Clean_Air;0;98;0;0,024143113;0.004317105;0.005235487;-0.002515111;-0,010173237;-0.012401035;-0.020922875;-0.02709564;Duty Cycle  100%
2026-07-30T04:55:51.282Z;1001;inference;Clean_Air;0;98;0;0,024609301;0.004334399;0.00523849;-0.002528767;-0,010183216;-0.0124212;-0.020925779;-0.027092466;Duty Cycle  100%
2026-07-30T04:55:51.817Z;1001;inference;Clean_Air;0;98;0;0,024609301;0.004334399;0.00523849;-0.002528767;-0,010183216;-0.0124212;-0.020925779;-0.027092466;Duty Cycle  100%
2026-07-30T04:55:52.292Z;1001;inference;Clean_Air;0;98;0;0,024845729;0.004268232;0.005249096;-0.002493151;-0,010189382;-0.012417937;-0.020928599;-0.02708002;Duty Cycle  100%
2026-07-30T04:55:52.840Z;1001;inference;Clean_Air;0;98;0;0,023523452;0.004301871;0.005242934;-0.002567285;-0,010202341;-0.01243915;-0.020927016;-0.027068675;Duty Cycle  100%
2026-07-30T04:55:53.378Z;1001;inference;Clean_Air;0;98;0;0,023181695;0.004273672;0.0052564;-0.002608493;-0,010193961;-0.012462324;-0.020923797;-0.027066002;Duty Cycle  100%
2026-07-30T04:55:53.920Z;1001;inference;Clean_Air;0;98;0;0,022750234;0.004296329;0.005256836;-0.00260862;-0,010194814;-0.012383379;-0.020931398;-0.027095675;Duty Cycle  100%
2026-07-30T04:55:54.296Z;1001;inference;Clean_Air;0;98;0;0,023460913;0.004338811;0.00525982;-0.002584154;-0,010196445;-0.012390293;-0.020919764;-0.027123431;Duty Cycle  100%
2026-07-30T04:55:54.771Z;1001;inference;Clean_Air;0;98;0;0,023460913;0.004338811;0.00525982;-0.002584154;-0,010196445;-0.012390293;-0.020919764;-0.027123431;Duty Cycle  100%
2026-07-30T04:55:55.317Z;1001;inference;Clean_Air;0;98;0;0,022590181;0.004342504;0.005263719;-0.002582261;-0,01017017;-0.012422197;-0.020924039;-0.02710866;Duty Cycle  100%
2026-07-30T04:55:55.780Z;1001;inference;Clean_Air;0;98;0;0,022590181;0.004342504;0.005263719;-0.002582261;-0,01017017;-0.012422197;-0.020924039;-0.02710866;Duty Cycle  100%
2026-07-30T04:55:56.260Z;1001;inference;Clean_Air;0;98;0;0,022590181;0.004342504;0.005263719;-0.002582261;-0,01017017;-0.012422197;-0.020924039;-0.02710866;Duty Cycle  100%
2026-07-30T04:55:56.762Z;1001;inference;Clean_Air;0;98;0;0,022590181;0.004342504;0.005263719;-0.002582261;-0,01017017;-0.012422197;-0.020924039;-0.02710866;Duty Cycle  100%
2026-07-30T04:55:57.269Z;1001;inference;Clean_Air;0;98;0;0,022590181;0.004342504;0.005263719;-0.002582261;-0,01017017;-0.012422197;-0.020924039;-0.02710866;Duty Cycle  100%
2026-07-30T04:55:57.807Z;1001;inference;Clean_Air;0;98;0;0,021947123;0.004344335;0.005258879;-0.002573171;-0,010178939;-0.012416003;-0.020915017;-0.027116567;Duty Cycle  100%
2026-07-30T04:55:58.343Z;1001;inference;Clean_Air;0;98;0;0,021821927;0.004368006;0.005265412;-0.002587532;-0,010180598;-0.012335993;-0.020904927;-0.02711395;Duty Cycle  100%
2026-07-30T04:55:58.886Z;1001;inference;Clean_Air;0;98;0;0,021098828;0.004383857;0.005260616;-0.002520293;-0,010173392;-0.012357091;-0.020911675;-0.027129639;Duty Cycle  100%
2026-07-30T04:55:59.412Z;1001;inference;Clean_Air;0;98;0;0,01887428;0.004369641;0.005280343;-0.002525558;-0,010162069;-0.012345662;-0.020838251;-0.027105663;Duty Cycle  100%
2026-07-30T04:55:59.810Z;1001;inference;Clean_Air;0;98;0;0,018377105;0.004428697;0.00529311;-0.002549312;-0,010146806;-0.012367826;-0.020827994;-0.027124852;Duty Cycle  100%
2026-07-30T04:56:00.343Z;1001;inference;Clean_Air;0;98;0;0,018377105;0.004428697;0.00529311;-0.002549312;-0,010146806;-0.012367826;-0.020827994;-0.027124852;Duty Cycle  100%
2026-07-30T04:56:00.826Z;1001;inference;Clean_Air;0;98;0;0,018741971;0.004422276;0.005258672;-0.002551901;-0,010132775;-0.012358539;-0.020840067;-0.027133871;Duty Cycle  100%
2026-07-30T04:56:01.365Z;1001;inference;Clean_Air;0;98;0;0,01678947;0.004409921;0.005274596;-0.002508746;-0,010131991;-0.012349905;-0.020824561;-0.027149007;Duty Cycle  100%
2026-07-30T04:56:01.890Z;1001;inference;Clean_Air;0;98;0;0,015600674;0.004397658;0.005279564;-0.002501754;-0,01011614;-0.012466127;-0.020839468;-0.027111039;Duty Cycle  100%
2026-07-30T04:56:02.289Z;1001;inference;Clean_Air;0;98;0;0,013836694;0.004338843;0.005263193;-0.00251636;-0,010109074;-0.012465317;-0.020840354;-0.027100187;Duty Cycle  100%
2026-07-30T04:56:02.822Z;1001;inference;Clean_Air;0;98;0;0,013836694;0.004338843;0.005263193;-0.00251636;-0,010109074;-0.012465317;-0.020840354;-0.027100187;Duty Cycle  100%
2026-07-30T04:56:03.294Z;1001;inference;Clean_Air;0;98;0;0,013535276;0.004329775;0.005285795;-0.002520917;-0,010115096;-0.012455887;-0.020845167;-0.027105296;Duty Cycle  100%
2026-07-30T04:56:03.844Z;1001;inference;Clean_Air;0;98;0;0,012421429;0.004327889;0.005307362;-0.002499384;-0,010113737;-0.012459577;-0.020781789;-0.02710256;Duty Cycle  100%
2026-07-30T04:56:04.377Z;1001;inference;Clean_Air;0;98;0;0,012671389;0.004378675;0.005284424;-0.00240952;-0,010094544;-0.012534186;-0.020790936;-0.027103949;Duty Cycle  100%
2026-07-30T04:56:04.928Z;1001;inference;Clean_Air;0;98;0;0,01160504;0.004375915;0.00528217;-0.002478058;-0,010093522;-0.012527222;-0.020780763;-0.027090842;Duty Cycle  100%
2026-07-30T04:56:05.409Z;1001;inference;Clean_Air;0;98;0;0,012780544;0.00436988;0.005278614;-0.00248465;-0,010084297;-0.01252085;-0.020883473;-0.027124953;Duty Cycle  100%
2026-07-30T04:56:05.787Z;1001;inference;Clean_Air;0;98;0;0,012780544;0.00436988;0.005278614;-0.00248465;-0,010084297;-0.01252085;-0.020883473;-0.027124953;Duty Cycle  100%
2026-07-30T04:56:06.262Z;1001;inference;Clean_Air;0;98;0;0,012780544;0.00436988;0.005278614;-0.00248465;-0,010084297;-0.01252085;-0.020883473;-0.027124953;Duty Cycle  100%
2026-07-30T04:56:06.762Z;1001;inference;Clean_Air;0;98;0;0,012780544;0.00436988;0.005278614;-0.00248465;-0,010084297;-0.01252085;-0.020883473;-0.027124953;Duty Cycle  100%
2026-07-30T04:56:07.265Z;1001;inference;Clean_Air;0;98;0;0,012780544;0.00436988;0.005278614;-0.00248465;-0,010084297;-0.01252085;-0.020883473;-0.027124953;Duty Cycle  100%
2026-07-30T04:56:07.807Z;1001;inference;Clean_Air;0;98;0;0,012827272;0.004370637;0.005275717;-0.00242092;-0,010095966;-0.012487842;-0.020895239;-0.027133197;Duty Cycle  100%
2026-07-30T04:56:08.332Z;1001;inference;Clean_Air;0;98;0;0,011963124;0.004384515;0.005298072;-0.002407363;-0,010100207;-0.012513904;-0.020899691;-0.027128195;Duty Cycle  100%
2026-07-30T04:56:08.887Z;1001;inference;Clean_Air;0;98;0;0,01169499;0.004396624;0.005268368;-0.002406127;-0,010123722;-0.012544182;-0.020944359;-0.027119149;Duty Cycle  100%
2026-07-30T04:56:09.413Z;1001;inference;Clean_Air;0;98;0;0,012591469;0.004403642;0.005274297;-0.0024199;-0,01019617;-0.012514045;-0.020974379;-0.027123218;Duty Cycle  100%
2026-07-30T04:56:09.810Z;1001;inference;Clean_Air;0;98;0;0,012930932;0.004416469;0.005272097;-0.002401035;-0,010202825;-0.012490211;-0.020973882;-0.027108967;Duty Cycle  100%
2026-07-30T04:56:10.345Z;1001;inference;Clean_Air;0;98;0;0,012930932;0.004416469;0.005272097;-0.002401035;-0,010202825;-0.012490211;-0.020973882;-0.027108967;Duty Cycle  100%
2026-07-30T04:56:10.825Z;1001;inference;Clean_Air;0;98;0;0,01314306;0.004431627;0.005261357;-0.002411138;-0,010215621;-0.012494957;-0.020983059;-0.027098179;Duty Cycle  100%
2026-07-30T04:56:11.370Z;1001;inference;Clean_Air;0;97;0;0,012785475;0.004477639;0.005206877;-0.002472972;-0,010239989;-0.012493792;-0.021036545;-0.02709711;Duty Cycle  100%
2026-07-30T04:56:11.907Z;1001;inference;Clean_Air;0;98;0;0,012531981;0.00439791;0.005229964;-0.002533841;-0,01025758;-0.012477307;-0.021042448;-0.027117154;Duty Cycle  100%
2026-07-30T04:56:12.294Z;1001;inference;Clean_Air;0;98;0;0,011985844;0.004450915;0.005225271;-0.002549236;-0,010252611;-0.012491906;-0.020978067;-0.027139161;Duty Cycle  100%
2026-07-30T04:56:12.824Z;1001;inference;Clean_Air;0;98;0;0,011985844;0.004450915;0.005225271;-0.002549236;-0,010252611;-0.012491906;-0.020978067;-0.027139161;Duty Cycle  100%
2026-07-30T04:56:13.297Z;1001;inference;Clean_Air;0;98;0;0,012002664;0.004465342;0.005220633;-0.002530745;-0,010276886;-0.012492064;-0.020963028;-0.027127892;Duty Cycle  100%
2026-07-30T04:56:13.849Z;1001;inference;Clean_Air;0;98;0;0,010212363;0.004469386;0.005220869;-0.002590589;-0,010293053;-0.012517321;-0.020950884;-0.027104031;Duty Cycle  100%
2026-07-30T04:56:14.378Z;1001;inference;Clean_Air;0;98;0;0,01116318;0.00446682;0.00521545;-0.002639872;-0,010314327;-0.012524781;-0.020926524;-0.027108097;Duty Cycle  100%
2026-07-30T04:56:14.773Z;1001;inference;Clean_Air;0;98;0;0,011884145;0.004470642;0.005234519;-0.00264171;-0,010301849;-0.01248592;-0.020906964;-0.027110254;Duty Cycle  100%
2026-07-30T04:56:15.413Z;1001;inference;Clean_Air;0;98;0;0,011884145;0.004470642;0.005234519;-0.00264171;-0,010301849;-0.01248592;-0.020906964;-0.027110254;Duty Cycle  100%
2026-07-30T04:56:15.789Z;1001;inference;Clean_Air;0;98;0;0,010448979;0.004498082;0.005250783;-0.002643762;-0,010246559;-0.012464085;-0.020848367;-0.027123818;Duty Cycle  100%
2026-07-30T04:56:16.253Z;1001;inference;Clean_Air;0;98;0;0,010448979;0.004498082;0.005250783;-0.002643762;-0,010246559;-0.012464085;-0.020848367;-0.027123818;Duty Cycle  100%
2026-07-30T04:56:16.786Z;1001;inference;Clean_Air;0;98;0;0,010448979;0.004498082;0.005250783;-0.002643762;-0,010246559;-0.012464085;-0.020848367;-0.027123818;Duty Cycle  100%
2026-07-30T04:56:17.255Z;1001;inference;Clean_Air;0;98;0;0,010448979;0.004498082;0.005250783;-0.002643762;-0,010246559;-0.012464085;-0.020848367;-0.027123818;Duty Cycle  100%
2026-07-30T04:56:17.758Z;1001;inference;Clean_Air;0;98;0;0,010448979;0.004498082;0.005250783;-0.002643762;-0,010246559;-0.012464085;-0.020848367;-0.027123818;Duty Cycle  100%
2026-07-30T04:56:18.307Z;1001;inference;Clean_Air;0;98;0;0,009797183;0.004505139;0.005277974;-0.002653656;-0,010230623;-0.012507049;-0.020840576;-0.027096089;Duty Cycle  100%
2026-07-30T04:56:18.845Z;1001;inference;Clean_Air;0;98;0;0,007951017;0.004489901;0.005262794;-0.002636547;-0,010301507;-0.012498555;-0.02075294;-0.027075419;Duty Cycle  100%
2026-07-30T04:56:19.387Z;1001;inference;Clean_Air;0;98;0;0,009032734;0.00443147;0.005309599;-0.002600529;-0,010285635;-0.012500726;-0.020776989;-0.027087176;Duty Cycle  100%
2026-07-30T04:56:19.912Z;1001;inference;Clean_Air;0;98;0;0,008024522;0.004457534;0.005286939;-0.002603513;-0,010284601;-0.012515207;-0.020770332;-0.027116194;Duty Cycle  100%
2026-07-30T04:56:20.312Z;1001;inference;Clean_Air;0;98;0;0,009000896;0.004412813;0.005312279;-0.002583288;-0,010305;-0.012512851;-0.020848397;-0.027118823;Duty Cycle  100%
2026-07-30T04:56:20.843Z;1001;inference;Clean_Air;0;98;0;0,009000896;0.004412813;0.005312279;-0.002583288;-0,010305;-0.012512851;-0.020848397;-0.027118823;Duty Cycle  100%
2026-07-30T04:56:21.325Z;1001;inference;Clean_Air;0;98;0;0,008017473;0.004430569;0.005322418;-0.002589647;-0,010315279;-0.012533903;-0.020828718;-0.02711815;Duty Cycle  100%
2026-07-30T04:56:21.866Z;1001;inference;Clean_Air;0;98;0;0,007747232;0.004424725;0.005308928;-0.002586946;-0,010293338;-0.012531755;-0.020855971;-0.027093625;Duty Cycle  100%
2026-07-30T04:56:22.406Z;1001;inference;Clean_Air;0;98;0;0,006024834;0.004422955;0.005319034;-0.002482445;-0,010254845;-0.012511373;-0.020864559;-0.027116111;Duty Cycle  100%
2026-07-30T04:56:22.790Z;1001;inference;Clean_Air;0;98;0;0,005170501;0.004418564;0.005317322;-0.002502423;-0,010234633;-0.012509341;-0.020833358;-0.027111262;Duty Cycle  100%
2026-07-30T04:56:23.325Z;1001;inference;Clean_Air;0;98;0;0,005170501;0.004418564;0.005317322;-0.002502423;-0,010234633;-0.012509341;-0.020833358;-0.027111262;Duty Cycle  100%
2026-07-30T04:56:23.802Z;1001;inference;Clean_Air;0;98;0;0,005635346;0.004379352;0.005318642;-0.00248188;-0,010229895;-0.012560862;-0.020825176;-0.027088886;Duty Cycle  100%
2026-07-30T04:56:24.351Z;1001;inference;Clean_Air;0;98;0;0,00609896;0.004360636;0.005301042;-0.002473361;-0,010235134;-0.012539757;-0.020822767;-0.027116891;Duty Cycle  100%
2026-07-30T04:56:24.884Z;1001;inference;Clean_Air;0;98;0;0,007657994;0.004368124;0.005301067;-0.002419821;-0,01015746;-0.012546068;-0.020825427;-0.027137617;Duty Cycle  100%
2026-07-30T04:56:25.434Z;1001;inference;Clean_Air;0;98;0;0,007733189;0.004382902;0.005294029;-0.002353092;-0,010145487;-0.012572696;-0.020810327;-0.027145918;Duty Cycle  100%
2026-07-30T04:56:25.916Z;1001;inference;Clean_Air;0;98;0;0,007474758;0.004394161;0.005316423;-0.002296965;-0,010203355;-0.012580809;-0.020729879;-0.027122688;Duty Cycle  100%
2026-07-30T04:56:26.289Z;1001;inference;Clean_Air;0;98;0;0,007474758;0.004394161;0.005316423;-0.002296965;-0,010203355;-0.012580809;-0.020729879;-0.027122688;Duty Cycle  100%
2026-07-30T04:56:26.757Z;1001;inference;Clean_Air;0;98;0;0,007474758;0.004394161;0.005316423;-0.002296965;-0,010203355;-0.012580809;-0.020729879;-0.027122688;Duty Cycle  100%
2026-07-30T04:56:27.252Z;1001;inference;Clean_Air;0;98;0;0,007474758;0.004394161;0.005316423;-0.002296965;-0,010203355;-0.012580809;-0.020729879;-0.027122688;Duty Cycle  100%
2026-07-30T04:56:27.765Z;1001;inference;Clean_Air;0;98;0;0,007474758;0.004394161;0.005316423;-0.002296965;-0,010203355;-0.012580809;-0.020729879;-0.027122688;Duty Cycle  100%
2026-07-30T04:56:28.311Z;1001;inference;Clean_Air;0;98;0;0,006157325;0.004371512;0.0053241;-0.002346084;-0,010204004;-0.012600725;-0.020721013;-0.0270421;Duty Cycle  100%
2026-07-30T04:56:28.850Z;1001;inference;Clean_Air;0;98;0;0,005237066;0.004349492;0.005310175;-0.002363014;-0,010204959;-0.012575971;-0.020730052;-0.027064973;Duty Cycle  100%
2026-07-30T04:56:29.392Z;1001;inference;Clean_Air;0;98;0;0,005235237;0.004372328;0.005322048;-0.00234167;-0,010201962;-0.012552662;-0.020738039;-0.027093858;Duty Cycle  100%
2026-07-30T04:56:29.918Z;1001;inference;Clean_Air;0;98;0;0,005398362;0.004318671;0.00532689;-0.00235101;-0,010207371;-0.012545255;-0.020741491;-0.027055029;Duty Cycle  100%
2026-07-30T04:56:30.319Z;1001;inference;Clean_Air;0;98;0;0,006535091;0.004318074;0.00532114;-0.002329451;-0,010224498;-0.012540406;-0.020755688;-0.027060162;Duty Cycle  100%
2026-07-30T04:56:30.846Z;1001;inference;Clean_Air;0;98;0;0,006535091;0.004318074;0.00532114;-0.002329451;-0,010224498;-0.012540406;-0.020755688;-0.027060162;Duty Cycle  100%
2026-07-30T04:56:31.327Z;1001;inference;Clean_Air;0;98;0;0,005558094;0.004326275;0.005323981;-0.002336516;-0,010242163;-0.012493778;-0.020772766;-0.027103981;Duty Cycle  100%
2026-07-30T04:56:31.872Z;1001;inference;Clean_Air;0;98;0;0,005016106;0.004377902;0.005326732;-0.002280822;-0,010243626;-0.012484828;-0.020774437;-0.027083322;Duty Cycle  100%
2026-07-30T04:56:32.406Z;1001;inference;Clean_Air;0;98;0;0,003295307;0.004374499;0.005326029;-0.002337224;-0,010273626;-0.012486648;-0.020835085;-0.027080715;Duty Cycle  100%
2026-07-30T04:56:32.795Z;1001;inference;Clean_Air;0;98;0;0,002199272;0.004388359;0.00531533;-0.002336458;-0,010335058;-0.012447852;-0.02086634;-0.027060453;Duty Cycle  100%
2026-07-30T04:56:33.325Z;1001;inference;Clean_Air;0;98;0;0,002199272;0.004388359;0.00531533;-0.002336458;-0,010335058;-0.012447852;-0.02086634;-0.027060453;Duty Cycle  100%
2026-07-30T04:56:33.803Z;1001;inference;Clean_Air;0;98;0;0,002717382;0.00436783;0.005336306;-0.002392873;-0,010282913;-0.012432223;-0.020944158;-0.027070496;Duty Cycle  100%
2026-07-30T04:56:34.350Z;1001;inference;Clean_Air;0;98;0;0,002833046;0.004394998;0.005282301;-0.002343258;-0,010261725;-0.012387617;-0.02095136;-0.027156223;Duty Cycle  100%
2026-07-30T04:56:34.886Z;1001;inference;Clean_Air;0;98;0;0,003387006;0.004401849;0.00528025;-0.002313106;-0,010238625;-0.012410379;-0.02093488;-0.027148902;Duty Cycle  100%
2026-07-30T04:56:35.273Z;1001;inference;Clean_Air;0;98;0;0,004667572;0.00440067;0.005280147;-0.002372487;-0,010260713;-0.01244304;-0.020904396;-0.027142081;Duty Cycle  100%
2026-07-30T04:56:35.913Z;1001;inference;Clean_Air;0;98;0;0,004667572;0.00440067;0.005280147;-0.002372487;-0,010260713;-0.01244304;-0.020904396;-0.027142081;Duty Cycle  100%
2026-07-30T04:56:36.290Z;1001;inference;Clean_Air;0;98;0;0,004433799;0.004444823;0.005260656;-0.002428279;-0,010265677;-0.012438444;-0.020907894;-0.027155975;Duty Cycle  100%
2026-07-30T04:56:36.763Z;1001;inference;Clean_Air;0;98;0;0,004433799;0.004444823;0.005260656;-0.002428279;-0,010265677;-0.012438444;-0.020907894;-0.027155975;Duty Cycle  100%
2026-07-30T04:56:37.286Z;1001;inference;Clean_Air;0;98;0;0,004433799;0.004444823;0.005260656;-0.002428279;-0,010265677;-0.012438444;-0.020907894;-0.027155975;Duty Cycle  100%
2026-07-30T04:56:37.756Z;1001;inference;Clean_Air;0;98;0;0,004433799;0.004444823;0.005260656;-0.002428279;-0,010265677;-0.012438444;-0.020907894;-0.027155975;Duty Cycle  100%
2026-07-30T04:56:38.257Z;1001;inference;Clean_Air;0;98;0;0,004433799;0.004444823;0.005260656;-0.002428279;-0,010265677;-0.012438444;-0.020907894;-0.027155975;Duty Cycle  100%
2026-07-30T04:56:38.808Z;1001;inference;Clean_Air;0;98;0;0,003012361;0.004443093;0.005235958;-0.002430588;-0,01025765;-0.012436571;-0.020914767;-0.027179878;Duty Cycle  100%
2026-07-30T04:56:39.342Z;1001;inference;Clean_Air;0;98;0;0,00287097;0.004456291;0.005289023;-0.002359807;-0,010237669;-0.012451469;-0.020857712;-0.027153242;Duty Cycle  100%
2026-07-30T04:56:39.888Z;1001;inference;Clean_Air;0;98;0;0,002365087;0.004418732;0.005278626;-0.002439981;-0,010236615;-0.012467738;-0.020866267;-0.027167197;Duty Cycle  100%
2026-07-30T04:56:40.422Z;1001;inference;Clean_Air;0;98;0;0,00346969;0.004355698;0.005284835;-0.002462534;-0,010176817;-0.012467083;-0.020909233;-0.027168136;Duty Cycle  100%
2026-07-30T04:56:40.811Z;1001;inference;Clean_Air;0;98;0;0,003611737;0.004345476;0.005301506;-0.002501661;-0,010125337;-0.012463157;-0.020871023;-0.027147125;Duty Cycle  100%
2026-07-30T04:56:41.343Z;1001;inference;Clean_Air;0;98;0;0,003611737;0.004345476;0.005301506;-0.002501661;-0,010125337;-0.012463157;-0.020871023;-0.027147125;Duty Cycle  100%
2026-07-30T04:56:41.822Z;1001;inference;Clean_Air;0;98;0;0,003386935;0.004367689;0.005266781;-0.002505284;-0,010103687;-0.012460196;-0.020884117;-0.027140418;Duty Cycle  100%
2026-07-30T04:56:42.367Z;1001;inference;Clean_Air;0;98;0;0,003881255;0.004361219;0.00530363;-0.002436474;-0,010084912;-0.012481234;-0.020922247;-0.027150508;Duty Cycle  100%
2026-07-30T04:56:42.891Z;1001;inference;Clean_Air;0;98;0;0,004379858;0.004350416;0.005314616;-0.002452122;-0,010097031;-0.01247265;-0.020971384;-0.027109679;Duty Cycle  100%
2026-07-30T04:56:43.291Z;1001;inference;Clean_Air;0;98;0;0,003952226;0.004345612;0.005316263;-0.002446084;-0,010054588;-0.012449512;-0.020958792;-0.027126495;Duty Cycle  100%
2026-07-30T04:56:43.825Z;1001;inference;Clean_Air;0;98;0;0,003952226;0.004345612;0.005316263;-0.002446084;-0,010054588;-0.012449512;-0.020958792;-0.027126495;Duty Cycle  100%
2026-07-30T04:56:44.300Z;1001;inference;Clean_Air;0;98;0;0,004282708;0.004348137;0.005335852;-0.002449088;-0,010080273;-0.012451911;-0.020951567;-0.027130026;Duty Cycle  100%
2026-07-30T04:56:44.850Z;1001;inference;Clean_Air;0;98;0;0,00521885;0.004346707;0.005355285;-0.002458085;-0,01007643;-0.012453186;-0.020866966;-0.02710877;Duty Cycle  100%
2026-07-30T04:56:45.381Z;1001;inference;Clean_Air;0;98;0;0,005276042;0.004335188;0.005292119;-0.002516489;-0,010071857;-0.012459326;-0.020937895;-0.027124833;Duty Cycle  100%
2026-07-30T04:56:45.773Z;1001;inference;Clean_Air;0;98;0;0,005447895;0.00433584;0.005286064;-0.002440515;-0,010087842;-0.012455942;-0.020942392;-0.027127391;Duty Cycle  100%
2026-07-30T04:56:46.413Z;1001;inference;Clean_Air;0;98;0;0,005447895;0.00433584;0.005286064;-0.002440515;-0,010087842;-0.012455942;-0.020942392;-0.027127391;Duty Cycle  100%
2026-07-30T04:56:46.791Z;1001;inference;Clean_Air;0;98;0;0,0052366;0.004397857;0.005295836;-0.002420042;-0,010132927;-0.012451241;-0.020903947;-0.027135482;Duty Cycle  100%
2026-07-30T04:56:47.258Z;1001;inference;Clean_Air;0;98;0;0,0052366;0.004397857;0.005295836;-0.002420042;-0,010132927;-0.012451241;-0.020903947;-0.027135482;Duty Cycle  100%
2026-07-30T04:56:47.787Z;1001;inference;Clean_Air;0;98;0;0,0052366;0.004397857;0.005295836;-0.002420042;-0,010132927;-0.012451241;-0.020903947;-0.027135482;Duty Cycle  100%
2026-07-30T04:56:48.249Z;1001;inference;Clean_Air;0;98;0;0,0052366;0.004397857;0.005295836;-0.002420042;-0,010132927;-0.012451241;-0.020903947;-0.027135482;Duty Cycle  100%
2026-07-30T04:56:48.753Z;1001;inference;Clean_Air;0;98;0;0,0052366;0.004397857;0.005295836;-0.002420042;-0,010132927;-0.012451241;-0.020903947;-0.027135482;Duty Cycle  100%
2026-07-30T04:56:49.308Z;1001;inference;Clean_Air;0;98;0;0,00471752;0.004378909;0.00528924;-0.002422432;-0,01015549;-0.012463859;-0.020932836;-0.027147677;Duty Cycle  100%
2026-07-30T04:56:49.834Z;1001;inference;Clean_Air;0;98;0;0,004337525;0.004375988;0.005316572;-0.002416393;-0,010162119;-0.012452739;-0.020912677;-0.027146572;Duty Cycle  100%
2026-07-30T04:56:50.388Z;1001;inference;Clean_Air;0;98;0;0,003664608;0.004417689;0.005301374;-0.002480641;-0,010196345;-0.012466114;-0.020847406;-0.027102251;Duty Cycle  100%
2026-07-30T04:56:50.916Z;1001;inference;Clean_Air;0;98;0;0,002531879;0.004410707;0.005292531;-0.002498084;-0,0102032;-0.012461865;-0.020794164;-0.027109582;Duty Cycle  100%
2026-07-30T04:56:51.312Z;1001;inference;Clean_Air;0;98;0;0,001739228;0.004399817;0.005309538;-0.002394939;-0,010255696;-0.012466447;-0.020814311;-0.027099377;Duty Cycle  100%
2026-07-30T04:56:51.844Z;1001;inference;Clean_Air;0;98;0;0,001739228;0.004399817;0.005309538;-0.002394939;-0,010255696;-0.012466447;-0.020814311;-0.027099377;Duty Cycle  100%
2026-07-30T04:56:52.315Z;1001;inference;Clean_Air;0;98;0;0,00142079;0.004429857;0.005298393;-0.002374107;-0,010227132;-0.012461843;-0.020810172;-0.0271086;Duty Cycle  100%
2026-07-30T04:56:52.867Z;1001;inference;Clean_Air;0;98;0;0,000477384;0.004425719;0.005293746;-0.002367027;-0,010238262;-0.012477004;-0.020886024;-0.027114933;Duty Cycle  100%
2026-07-30T04:56:53.396Z;1001;inference;Clean_Air;0;98;0;0,000423225;0.004430028;0.005285544;-0.0024026;-0,010222243;-0.012478644;-0.02090482;-0.027096862;Duty Cycle  100%
2026-07-30T04:56:53.791Z;1001;inference;Clean_Air;0;98;0;0,000245906;0.004441847;0.005293708;-0.002460914;-0,010214148;-0.012505901;-0.020938411;-0.027083253;Duty Cycle  100%
2026-07-30T04:56:54.323Z;1001;inference;Clean_Air;0;98;0;0,000245906;0.004441847;0.005293708;-0.002460914;-0,010214148;-0.012505901;-0.020938411;-0.027083253;Duty Cycle  100%
2026-07-30T04:56:54.797Z;1001;inference;Clean_Air;0;98;0;-0,000673803;0.004448258;0.005270122;-0.00246907;-0,01021069;-0.012477051;-0.020943355;-0.027069598;Duty Cycle  100%
2026-07-30T04:56:55.346Z;1001;inference;Clean_Air;0;98;0;-0,00065338;0.004391964;0.005255946;-0.002480495;-0,01019003;-0.012469601;-0.0209234;-0.027083579;
2026-07-30T04:56:55.874Z;1001;inference;Clean_Air;0;98;0;-0,000673083;0.004382019;0.005220763;-0.002534793;-0,010198036;-0.012474241;-0.020863418;-0.027060375;
2026-07-30T04:56:56.270Z;1001;inference;Clean_Air;0;98;0;-0,000407485;0.004335945;0.00522974;-0.002531736;-0,010206905;-0.012434823;-0.020885304;-0.027064299;
2026-07-30T04:56:56.909Z;1001;inference;Clean_Air;0;98;0;-0,000407485;0.004335945;0.00522974;-0.002531736;-0,010206905;-0.012434823;-0.020885304;-0.027064299;
2026-07-30T04:56:57.291Z;1001;inference;Clean_Air;0;98;0;-0,000151435;0.004346437;0.00521527;-0.002528049;-0,010192801;-0.012446796;-0.020901321;-0.02707513;
2026-07-30T04:56:57.757Z;1001;inference;Clean_Air;0;98;0;-0,000151435;0.004346437;0.00521527;-0.002528049;-0,010192801;-0.012446796;-0.020901321;-0.02707513;
2026-07-30T04:56:58.258Z;1001;inference;Clean_Air;0;98;0;-0,000151435;0.004346437;0.00521527;-0.002528049;-0,010192801;-0.012446796;-0.020901321;-0.02707513;
2026-07-30T04:56:58.760Z;1001;inference;Clean_Air;0;98;0;-0,000151435;0.004346437;0.00521527;-0.002528049;-0,010192801;-0.012446796;-0.020901321;-0.02707513;
2026-07-30T04:56:59.263Z;1001;inference;Clean_Air;0;98;0;-0,000151435;0.004346437;0.00521527;-0.002528049;-0,010192801;-0.012446796;-0.020901321;-0.02707513;
2026-07-30T04:56:59.808Z;1001;inference;Clean_Air;0;97;0;0,000422455;0.004341039;0.005205377;-0.002588097;-0,010177822;-0.01243629;-0.020885557;-0.027086919;
2026-07-30T04:57:00.341Z;1001;inference;Clean_Air;0;97;0;0,000416009;0.004327818;0.005205942;-0.002603062;-0,010243001;-0.012459146;-0.020907056;-0.027052354;
2026-07-30T04:57:00.888Z;1001;inference;Clean_Air;0;97;0;0,000406313;0.004346134;0.005202938;-0.002603714;-0,010309403;-0.012474924;-0.020926401;-0.02705521;
2026-07-30T04:57:01.421Z;1001;inference;Clean_Air;0;98;0;0,000413706;0.004360906;0.005214719;-0.002585634;-0,010372916;-0.012465423;-0.020912217;-0.027089799;
2026-07-30T04:57:01.811Z;1001;inference;Clean_Air;0;97;0;0,000394161;0.004354261;0.005206281;-0.002596604;-0,010370592;-0.012425306;-0.02087393;-0.027101289;
2026-07-30T04:57:02.342Z;1001;inference;Clean_Air;0;97;0;0,000394161;0.004354261;0.005206281;-0.002596604;-0,010370592;-0.012425306;-0.02087393;-0.027101289;
2026-07-30T04:57:02.824Z;1001;inference;Clean_Air;0;97;0;0,000396876;0.004341754;0.005209366;-0.00259574;-0,010356584;-0.012460461;-0.020895263;-0.027110547;
2026-07-30T04:57:03.367Z;1001;inference;Clean_Air;0;98;0;0,000344566;0.004410945;0.005253299;-0.002599894;-0,010355236;-0.012457526;-0.020911133;-0.027120773;
2026-07-30T04:57:03.895Z;1001;inference;Clean_Air;0;98;0;0,00036142;0.004391529;0.005261142;-0.002555942;-0,01034184;-0.01246739;-0.020956237;-0.027141487;
2026-07-30T04:57:04.290Z;1001;inference;Clean_Air;0;98;0;0,000181796;0.004383689;0.005280795;-0.002573266;-0,010333484;-0.012487763;-0.020954365;-0.027162382;
2026-07-30T04:57:04.822Z;1001;inference;Clean_Air;0;98;0;0,000181796;0.004383689;0.005280795;-0.002573266;-0,010333484;-0.012487763;-0.020954365;-0.027162382;
2026-07-30T04:57:05.298Z;1001;inference;Clean_Air;0;98;0;-0,000094906;0.00431477;0.005284621;-0.00257678;-0,010340435;-0.012500982;-0.020957805;-0.027148822;
2026-07-30T04:57:05.846Z;1001;inference;Clean_Air;0;98;0;-0,000737239;0.004329013;0.005274517;-0.002599412;-0,010343317;-0.012503509;-0.020961519;-0.027138878;
2026-07-30T04:57:06.381Z;1001;inference;Clean_Air;0;98;0;-0,000741982;0.004371168;0.005274865;-0.002616092;-0,010280326;-0.012518341;-0.020954547;-0.027186627;
2026-07-30T04:57:06.770Z;1001;inference;Clean_Air;0;98;0;-0,000738487;0.004348206;0.005290909;-0.002606782;-0,010196909;-0.012505615;-0.020931041;-0.027176734;
2026-07-30T04:57:07.409Z;1001;inference;Clean_Air;0;98;0;-0,000738487;0.004348206;0.005290909;-0.002606782;-0,010196909;-0.012505615;-0.020931041;-0.027176734;
2026-07-30T04:57:07.792Z;1001;inference;Clean_Air;0;98;0;-0,000741238;0.004318423;0.005253666;-0.002599951;-0,010150964;-0.012503067;-0.020953255;-0.027148847;
2026-07-30T04:57:08.254Z;1001;inference;Clean_Air;0;98;0;-0,000741238;0.004318423;0.005253666;-0.002599951;-0,010150964;-0.012503067;-0.020953255;-0.027148847;
2026-07-30T04:57:08.757Z;1001;inference;Clean_Air;0;98;0;-0,000741238;0.004318423;0.005253666;-0.002599951;-0,010150964;-0.012503067;-0.020953255;-0.027148847;
2026-07-30T04:57:09.260Z;1001;inference;Clean_Air;0;98;0;-0,000741238;0.004318423;0.005253666;-0.002599951;-0,010150964;-0.012503067;-0.020953255;-0.027148847;
2026-07-30T04:57:09.766Z;1001;inference;Clean_Air;0;98;0;-0,000741238;0.004318423;0.005253666;-0.002599951;-0,010150964;-0.012503067;-0.020953255;-0.027148847;
2026-07-30T04:57:10.308Z;1001;inference;Clean_Air;0;98;0;-0,000739053;0.00431917;0.005265459;-0.002593828;-0,010222099;-0.012498949;-0.020946655;-0.027160848;
2026-07-30T04:57:10.835Z;1001;inference;Clean_Air;0;98;0;-0,000752083;0.004268897;0.005277392;-0.002581992;-0,010217683;-0.012512145;-0.020890314;-0.027143365;
2026-07-30T04:57:11.389Z;1001;inference;Clean_Air;0;98;0;-0,000735034;0.004267978;0.005248938;-0.002516157;-0,01021895;-0.01252614;-0.020922091;-0.027128119;
2026-07-30T04:57:11.916Z;1001;inference;Clean_Air;0;98;0;-0,000731081;0.004323941;0.005227453;-0.002493095;-0,010211606;-0.012494472;-0.020945961;-0.027154546;
2026-07-30T04:57:12.311Z;1001;inference;Clean_Air;0;97;0;-0,000812023;0.004329517;0.005210574;-0.002474027;-0,010217912;-0.012480566;-0.020989798;-0.027147567;
2026-07-30T04:57:12.842Z;1001;inference;Clean_Air;0;97;0;-0,000812023;0.004329517;0.005210574;-0.002474027;-0,010217912;-0.012480566;-0.020989798;-0.027147567;
2026-07-30T04:57:13.320Z;1001;inference;Clean_Air;0;98;0;-0,00078855;0.004404043;0.005220602;-0.002504393;-0,01022865;-0.012448603;-0.021004662;-0.027095357;
2026-07-30T04:57:13.867Z;1001;inference;Clean_Air;0;98;0;-0,000877299;0.004415436;0.005233129;-0.002483296;-0,01023024;-0.012453024;-0.021002561;-0.027101289;
2026-07-30T04:57:14.396Z;1001;inference;Clean_Air;0;98;0;-0,000877745;0.004379981;0.005239471;-0.002466291;-0,010238487;-0.012436864;-0.021004342;-0.027081484;
2026-07-30T04:57:14.791Z;1001;inference;Clean_Air;0;98;0;-0,000875362;0.004387506;0.005247104;-0.002483377;-0,010247061;-0.012446284;-0.021002844;-0.027093802;
2026-07-30T04:57:15.322Z;1001;inference;Clean_Air;0;98;0;-0,000875362;0.004387506;0.005247104;-0.002483377;-0,010247061;-0.012446284;-0.021002844;-0.027093802;
2026-07-30T04:57:15.800Z;1001;inference;Clean_Air;0;98;0;-0,000883836;0.004394708;0.005268632;-0.002474535;-0,010199266;-0.012448048;-0.021016503;-0.027095746;
2026-07-30T04:57:16.347Z;1001;inference;Clean_Air;0;98;0;-0,000861907;0.004386642;0.005263166;-0.00248335;-0,010129449;-0.012449788;-0.020944972;-0.027015692;
2026-07-30T04:57:16.881Z;1001;inference;Clean_Air;0;98;0;-0,000876873;0.004452069;0.005272337;-0.002475652;-0,010130229;-0.012434224;-0.021021072;-0.027021367;
2026-07-30T04:57:17.430Z;1001;inference;Clean_Air;0;98;0;-0,000871631;0.00446558;0.005286123;-0.002557488;-0,010126423;-0.012425003;-0.020985436;-0.027004132;
2026-07-30T04:57:17.907Z;1001;inference;Clean_Air;0;98;0;-0,000876048;0.004472486;0.005301773;-0.002578471;-0,0101432;-0.012464673;-0.020980384;-0.026964679;
2026-07-30T04:57:18.289Z;1001;inference;Clean_Air;0;98;0;-0,000876048;0.004472486;0.005301773;-0.002578471;-0,0101432;-0.012464673;-0.020980384;-0.026964679;
2026-07-30T04:57:18.761Z;1001;inference;Clean_Air;0;98;0;-0,000876048;0.004472486;0.005301773;-0.002578471;-0,0101432;-0.012464673;-0.020980384;-0.026964679;
2026-07-30T04:57:19.252Z;1001;inference;Clean_Air;0;98;0;-0,000876048;0.004472486;0.005301773;-0.002578471;-0,0101432;-0.012464673;-0.020980384;-0.026964679;
2026-07-30T04:57:19.755Z;1001;inference;Clean_Air;0;98;0;-0,000876048;0.004472486;0.005301773;-0.002578471;-0,0101432;-0.012464673;-0.020980384;-0.026964679;
2026-07-30T04:57:20.309Z;1001;inference;Clean_Air;0;98;0;-0,00082245;0.004469455;0.005301999;-0.002582399;-0,010136974;-0.012463014;-0.02094629;-0.026957031;
2026-07-30T04:57:20.835Z;1001;inference;Clean_Air;0;98;0;-0,000851096;0.004465102;0.005303016;-0.002530128;-0,010125046;-0.012474935;-0.020921895;-0.0270123;
2026-07-30T04:57:21.388Z;1001;inference;Clean_Air;0;98;0;-0,00082902;0.004457606;0.005293688;-0.002558151;-0,010122423;-0.012493755;-0.020916302;-0.027024835;
2026-07-30T04:57:21.917Z;1001;inference;Clean_Air;0;98;0;-0,000844316;0.004461988;0.005289561;-0.002565128;-0,010115722;-0.012489727;-0.020888414;-0.02701053;
2026-07-30T04:57:22.311Z;1001;inference;Clean_Air;0;98;0;-0,00084045;0.004447699;0.005289422;-0.002547229;-0,010092765;-0.012488656;-0.020879796;-0.026987696;
2026-07-30T04:57:22.843Z;1001;inference;Clean_Air;0;98;0;-0,00084045;0.004447699;0.005289422;-0.002547229;-0,010092765;-0.012488656;-0.020879796;-0.026987696;
2026-07-30T04:57:23.318Z;1001;inference;Clean_Air;0;98;0;-0,000768974;0.004500397;0.005282451;-0.002552804;-0,010132533;-0.01249371;-0.020833682;-0.026979739;
2026-07-30T04:57:23.868Z;1001;inference;Clean_Air;0;98;0;-0,000786689;0.004488781;0.005276822;-0.002533221;-0,010138302;-0.012503227;-0.020950623;-0.027059888;
2026-07-30T04:57:24.400Z;1001;inference;Clean_Air;0;98;0;-0,000783456;0.004489676;0.005245191;-0.002539168;-0,010142656;-0.012497017;-0.020948019;-0.027060186;
2026-07-30T04:57:24.791Z;1001;inference;Clean_Air;0;98;0;-0,000765028;0.004469577;0.005218016;-0.002530771;-0,010144185;-0.01250702;-0.020951599;-0.027067333;
